date,time,code,name,quantity,price_HKD,stock_HKD,stock_CNY,fx
2026-09-08,09:30,00165,中国光大控股,2174,6.525,14185.350,12267.77438700,0.86482
2026-09-08,09:30,00388,香港交易所,372,400.800,149097.600,128942.58643200,0.86482
2026-09-08,09:30,01359,中国信达,35009,0.915,32033.235,27702.98229270,0.86482
2026-09-08,09:30,01375,中州证券,5170,1.750,9047.500,7824.45895000,0.86482
2026-09-08,09:30,01456,国联民生,1914,3.910,7483.740,6472.08802680,0.86482
2026-09-08,09:30,01776,广发证券,4984,18.400,91705.600,79308.83699200,0.86482
2026-09-08,09:30,01788,国泰君安国际,12351,2.875,35509.125,30709.00148250,0.86482
2026-09-08,09:30,02611,国泰海通,8162,15.090,123164.580,106515.19207560,0.86482
2026-09-08,09:30,03908,中金公司,5540,21.700,120218.000,103966.93076000,0.86482
2026-09-08,09:30,03958,东方证券,4442,5.835,25919.070,22415.33011740,0.86482
2026-09-08,09:30,06030,中信证券,6975,27.000,188325.000,162867.22650000,0.86482
2026-09-08,09:30,06066,中信建投证券,3818,12.220,46655.960,40349.00732720,0.86482
2026-09-08,09:30,06099,招商证券,2205,15.400,33957.000,29366.69274000,0.86482
2026-09-08,09:30,06178,光大证券,2132,7.500,15990.000,13828.47180000,0.86482
2026-09-08,09:30,06806,申万宏源,7581,2.565,19445.265,16816.65407730,0.86482
2026-09-08,09:30,06881,中国银河,10742,7.795,83733.890,72414.74274980,0.86482
2026-09-08,09:30,06886,HTSC,4956,17.700,87721.200,75863.04818400,0.86482
2026-09-08,09:31,00165,中国光大控股,2174,6.485,14098.390,12192.56963980,0.86482
2026-09-08,09:31,00388,香港交易所,372,401.200,149246.400,129071.27164800,0.86482
2026-09-08,09:31,01359,中国信达,35009,0.915,32033.235,27702.98229270,0.86482
2026-09-08,09:31,01375,中州证券,5170,1.750,9047.500,7824.45895000,0.86482
2026-09-08,09:31,01456,国联民生,1914,3.900,7464.600,6455.53537200,0.86482
2026-09-08,09:31,01776,广发证券,4984,18.210,90758.640,78489.88704480,0.86482
2026-09-08,09:31,01788,国泰君安国际,12351,2.880,35570.880,30762.40844160,0.86482
2026-09-08,09:31,02611,国泰海通,8162,15.030,122674.860,106091.67242520,0.86482
2026-09-08,09:31,03908,中金公司,5540,21.580,119553.200,103391.99842400,0.86482
2026-09-08,09:31,03958,东方证券,4442,5.835,25919.070,22415.33011740,0.86482
2026-09-08,09:31,06030,中信证券,6975,26.680,186093.000,160936.94826000,0.86482
2026-09-08,09:31,06066,中信建投证券,3818,12.030,45930.540,39721.64960280,0.86482
2026-09-08,09:31,06099,招商证券,2205,15.360,33868.800,29290.41561600,0.86482
2026-09-08,09:31,06178,光大证券,2132,7.465,15915.380,13763.93893160,0.86482
2026-09-08,09:31,06806,申万宏源,7581,2.535,19217.835,16619.96806470,0.86482
2026-09-08,09:31,06881,中国银河,10742,7.755,83304.210,72043.14689220,0.86482
2026-09-08,09:31,06886,HTSC,4956,17.650,87473.400,75648.74578800,0.86482
2026-09-08,09:32,00165,中国光大控股,2174,6.485,14098.390,12192.56963980,0.86482
2026-09-08,09:32,00388,香港交易所,372,402.000,149544.000,129328.64208000,0.86482
2026-09-08,09:32,01359,中国信达,35009,0.915,32033.235,27702.98229270,0.86482
2026-09-08,09:32,01375,中州证券,5170,1.740,8995.800,7779.74775600,0.86482
2026-09-08,09:32,01456,国联民生,1914,3.910,7483.740,6472.08802680,0.86482
2026-09-08,09:32,01776,广发证券,4984,18.310,91257.040,78920.91333280,0.86482
2026-09-08,09:32,01788,国泰君安国际,12351,2.875,35509.125,30709.00148250,0.86482
2026-09-08,09:32,02611,国泰海通,8162,15.050,122838.100,106232.84564200,0.86482
2026-09-08,09:32,03908,中金公司,5540,21.500,119110.000,103008.71020000,0.86482
2026-09-08,09:32,03958,东方证券,4442,5.835,25919.070,22415.33011740,0.86482
2026-09-08,09:32,06030,中信证券,6975,26.620,185674.500,160575.02109000,0.86482
2026-09-08,09:32,06066,中信建投证券,3818,12.040,45968.720,39754.66843040,0.86482
2026-09-08,09:32,06099,招商证券,2205,15.360,33868.800,29290.41561600,0.86482
2026-09-08,09:32,06178,光大证券,2132,7.525,16043.300,13874.56670600,0.86482
2026-09-08,09:32,06806,申万宏源,7581,2.535,19217.835,16619.96806470,0.86482
2026-09-08,09:32,06881,中国银河,10742,7.755,83304.210,72043.14689220,0.86482
2026-09-08,09:32,06886,HTSC,4956,17.650,87473.400,75648.74578800,0.86482
2026-09-08,09:33,00165,中国光大控股,2174,6.485,14098.390,12192.56963980,0.86482
2026-09-08,09:33,00388,香港交易所,372,402.800,149841.600,129586.01251200,0.86482
2026-09-08,09:33,01359,中国信达,35009,0.920,32208.280,27854.36470960,0.86482
2026-09-08,09:33,01375,中州证券,5170,1.755,9073.350,7846.81454700,0.86482
2026-09-08,09:33,01456,国联民生,1914,3.905,7474.170,6463.81169940,0.86482
2026-09-08,09:33,01776,广发证券,4984,18.390,91655.760,79265.73436320,0.86482
2026-09-08,09:33,01788,国泰君安国际,12351,2.875,35509.125,30709.00148250,0.86482
2026-09-08,09:33,02611,国泰海通,8162,15.050,122838.100,106232.84564200,0.86482
2026-09-08,09:33,03908,中金公司,5540,21.560,119442.400,103296.17636800,0.86482
2026-09-08,09:33,03958,东方证券,4442,5.850,25985.700,22472.95307400,0.86482
2026-09-08,09:33,06030,中信证券,6975,26.720,186372.000,161178.23304000,0.86482
2026-09-08,09:33,06066,中信建投证券,3818,12.080,46121.440,39886.74374080,0.86482
2026-09-08,09:33,06099,招商证券,2205,15.420,34001.100,29404.83130200,0.86482
2026-09-08,09:33,06178,光大证券,2132,7.525,16043.300,13874.56670600,0.86482
2026-09-08,09:33,06806,申万宏源,7581,2.545,19293.645,16685.53006890,0.86482
2026-09-08,09:33,06881,中国银河,10742,7.780,83572.760,72275.39430320,0.86482
2026-09-08,09:33,06886,HTSC,4956,17.690,87671.640,75820.18770480,0.86482
2026-09-08,09:34,00165,中国光大控股,2174,6.525,14185.350,12267.77438700,0.86482
2026-09-08,09:34,00388,香港交易所,372,402.400,149692.800,129457.32729600,0.86482
2026-09-08,09:34,01359,中国信达,35009,0.920,32208.280,27854.36470960,0.86482
2026-09-08,09:34,01375,中州证券,5170,1.755,9073.350,7846.81454700,0.86482
2026-09-08,09:34,01456,国联民生,1914,3.915,7493.310,6480.36435420,0.86482
2026-09-08,09:34,01776,广发证券,4984,18.400,91705.600,79308.83699200,0.86482
2026-09-08,09:34,01788,国泰君安国际,12351,2.875,35509.125,30709.00148250,0.86482
2026-09-08,09:34,02611,国泰海通,8162,15.170,123817.540,107079.88494280,0.86482
2026-09-08,09:34,03908,中金公司,5540,21.660,119996.400,103775.28664800,0.86482
2026-09-08,09:34,03958,东方证券,4442,5.865,26052.330,22530.57603060,0.86482
2026-09-08,09:34,06030,中信证券,6975,26.840,187209.000,161902.08738000,0.86482
2026-09-08,09:34,06066,中信建投证券,3818,12.080,46121.440,39886.74374080,0.86482
2026-09-08,09:34,06099,招商证券,2205,15.490,34155.450,29538.31626900,0.86482
2026-09-08,09:34,06178,光大证券,2132,7.550,16096.600,13920.66161200,0.86482
2026-09-08,09:34,06806,申万宏源,7581,2.540,19255.740,16652.74906680,0.86482
2026-09-08,09:34,06881,中国银河,10742,7.805,83841.310,72507.64171420,0.86482
2026-09-08,09:34,06886,HTSC,4956,17.720,87820.320,75948.76914240,0.86482
2026-09-08,09:35,00165,中国光大控股,2174,6.510,14152.740,12239.57260680,0.86482
2026-09-08,09:35,00388,香港交易所,372,402.200,149618.400,129392.98468800,0.86482
2026-09-08,09:35,01359,中国信达,35009,0.920,32208.280,27854.36470960,0.86482
2026-09-08,09:35,01375,中州证券,5170,1.760,9099.200,7869.17014400,0.86482
2026-09-08,09:35,01456,国联民生,1914,3.885,7435.890,6430.70638980,0.86482
2026-09-08,09:35,01776,广发证券,4984,18.310,91257.040,78920.91333280,0.86482
2026-09-08,09:35,01788,国泰君安国际,12351,2.875,35509.125,30709.00148250,0.86482
2026-09-08,09:35,02611,国泰海通,8162,15.120,123409.440,106726.95190080,0.86482
2026-09-08,09:35,03908,中金公司,5540,21.620,119774.800,103583.64253600,0.86482
2026-09-08,09:35,03958,东方证券,4442,5.860,26030.120,22511.36837840,0.86482
2026-09-08,09:35,06030,中信证券,6975,26.720,186372.000,161178.23304000,0.86482
2026-09-08,09:35,06066,中信建投证券,3818,12.070,46083.260,39853.72491320,0.86482
2026-09-08,09:35,06099,招商证券,2205,15.420,34001.100,29404.83130200,0.86482
2026-09-08,09:35,06178,光大证券,2132,7.500,15990.000,13828.47180000,0.86482
2026-09-08,09:35,06806,申万宏源,7581,2.545,19293.645,16685.53006890,0.86482
2026-09-08,09:35,06881,中国银河,10742,7.780,83572.760,72275.39430320,0.86482
2026-09-08,09:35,06886,HTSC,4956,17.660,87522.960,75691.60626720,0.86482
2026-09-08,09:36,00165,中国光大控股,2174,6.520,14174.480,12258.37379360,0.86482
2026-09-08,09:36,00388,香港交易所,372,402.200,149618.400,129392.98468800,0.86482
2026-09-08,09:36,01359,中国信达,35009,0.920,32208.280,27854.36470960,0.86482
2026-09-08,09:36,01375,中州证券,5170,1.760,9099.200,7869.17014400,0.86482
2026-09-08,09:36,01456,国联民生,1914,3.900,7464.600,6455.53537200,0.86482
2026-09-08,09:36,01776,广发证券,4984,18.310,91257.040,78920.91333280,0.86482
2026-09-08,09:36,01788,国泰君安国际,12351,2.880,35570.880,30762.40844160,0.86482
2026-09-08,09:36,02611,国泰海通,8162,15.120,123409.440,106726.95190080,0.86482
2026-09-08,09:36,03908,中金公司,5540,21.580,119553.200,103391.99842400,0.86482
2026-09-08,09:36,03958,东方证券,4442,5.860,26030.120,22511.36837840,0.86482
2026-09-08,09:36,06030,中信证券,6975,26.720,186372.000,161178.23304000,0.86482
2026-09-08,09:36,06066,中信建投证券,3818,12.060,46045.080,39820.70608560,0.86482
2026-09-08,09:36,06099,招商证券,2205,15.400,33957.000,29366.69274000,0.86482
2026-09-08,09:36,06178,光大证券,2132,7.530,16053.960,13883.78568720,0.86482
2026-09-08,09:36,06806,申万宏源,7581,2.540,19255.740,16652.74906680,0.86482
2026-09-08,09:36,06881,中国银河,10742,7.765,83411.630,72136.04585660,0.86482
2026-09-08,09:36,06886,HTSC,4956,17.640,87423.840,75605.88530880,0.86482
2026-09-08,09:37,00165,中国光大控股,2174,6.520,14174.480,12258.37379360,0.86482
2026-09-08,09:37,00388,香港交易所,372,401.600,149395.200,129199.95686400,0.86482
2026-09-08,09:37,01359,中国信达,35009,0.920,32208.280,27854.36470960,0.86482
2026-09-08,09:37,01375,中州证券,5170,1.760,9099.200,7869.17014400,0.86482
2026-09-08,09:37,01456,国联民生,1914,3.900,7464.600,6455.53537200,0.86482
2026-09-08,09:37,01776,广发证券,4984,18.310,91257.040,78920.91333280,0.86482
2026-09-08,09:37,01788,国泰君安国际,12351,2.875,35509.125,30709.00148250,0.86482
2026-09-08,09:37,02611,国泰海通,8162,15.170,123817.540,107079.88494280,0.86482
2026-09-08,09:37,03908,中金公司,5540,21.600,119664.000,103487.82048000,0.86482
2026-09-08,09:37,03958,东方证券,4442,5.860,26030.120,22511.36837840,0.86482
2026-09-08,09:37,06030,中信证券,6975,26.740,186511.500,161298.87543000,0.86482
2026-09-08,09:37,06066,中信建投证券,3818,12.060,46045.080,39820.70608560,0.86482
2026-09-08,09:37,06099,招商证券,2205,15.430,34023.150,29423.90058300,0.86482
2026-09-08,09:37,06178,光大证券,2132,7.515,16021.980,13856.12874360,0.86482
2026-09-08,09:37,06806,申万宏源,7581,2.540,19255.740,16652.74906680,0.86482
2026-09-08,09:37,06881,中国银河,10742,7.790,83680.180,72368.29326760,0.86482
2026-09-08,09:37,06886,HTSC,4956,17.630,87374.280,75563.02482960,0.86482
2026-09-08,09:38,00165,中国光大控股,2174,6.520,14174.480,12258.37379360,0.86482
2026-09-08,09:38,00388,香港交易所,372,402.000,149544.000,129328.64208000,0.86482
2026-09-08,09:38,01359,中国信达,35009,0.920,32208.280,27854.36470960,0.86482
2026-09-08,09:38,01375,中州证券,5170,1.750,9047.500,7824.45895000,0.86482
2026-09-08,09:38,01456,国联民生,1914,3.905,7474.170,6463.81169940,0.86482
2026-09-08,09:38,01776,广发证券,4984,18.280,91107.520,78791.60544640,0.86482
2026-09-08,09:38,01788,国泰君安国际,12351,2.880,35570.880,30762.40844160,0.86482
2026-09-08,09:38,02611,国泰海通,8162,15.180,123899.160,107150.47155120,0.86482
2026-09-08,09:38,03908,中金公司,5540,21.600,119664.000,103487.82048000,0.86482
2026-09-08,09:38,03958,东方证券,4442,5.860,26030.120,22511.36837840,0.86482
2026-09-08,09:38,06030,中信证券,6975,26.800,186930.000,161660.80260000,0.86482
2026-09-08,09:38,06066,中信建投证券,3818,12.050,46006.900,39787.68725800,0.86482
2026-09-08,09:38,06099,招商证券,2205,15.450,34067.250,29462.03914500,0.86482
2026-09-08,09:38,06178,光大证券,2132,7.510,16011.320,13846.90976240,0.86482
2026-09-08,09:38,06806,申万宏源,7581,2.550,19331.550,16718.31107100,0.86482
2026-09-08,09:38,06881,中国银河,10742,7.785,83626.470,72321.84378540,0.86482
2026-09-08,09:38,06886,HTSC,4956,17.630,87374.280,75563.02482960,0.86482
2026-09-08,09:39,00165,中国光大控股,2174,6.525,14185.350,12267.77438700,0.86482
2026-09-08,09:39,00388,香港交易所,372,402.200,149618.400,129392.98468800,0.86482
2026-09-08,09:39,01359,中国信达,35009,0.920,32208.280,27854.36470960,0.86482
2026-09-08,09:39,01375,中州证券,5170,1.745,9021.650,7802.10335300,0.86482
2026-09-08,09:39,01456,国联民生,1914,3.900,7464.600,6455.53537200,0.86482
2026-09-08,09:39,01776,广发证券,4984,18.270,91057.680,78748.50281760,0.86482
2026-09-08,09:39,01788,国泰君安国际,12351,2.880,35570.880,30762.40844160,0.86482
2026-09-08,09:39,02611,国泰海通,8162,15.120,123409.440,106726.95190080,0.86482
2026-09-08,09:39,03908,中金公司,5540,21.540,119331.600,103200.35431200,0.86482
2026-09-08,09:39,03958,东方证券,4442,5.860,26030.120,22511.36837840,0.86482
2026-09-08,09:39,06030,中信证券,6975,26.680,186093.000,160936.94826000,0.86482
2026-09-08,09:39,06066,中信建投证券,3818,11.980,45739.640,39556.55546480,0.86482
2026-09-08,09:39,06099,招商证券,2205,15.370,33890.850,29309.48489700,0.86482
2026-09-08,09:39,06178,光大证券,2132,7.500,15990.000,13828.47180000,0.86482
2026-09-08,09:39,06806,申万宏源,7581,2.545,19293.645,16685.53006890,0.86482
2026-09-08,09:39,06881,中国银河,10742,7.765,83411.630,72136.04585660,0.86482
2026-09-08,09:39,06886,HTSC,4956,17.610,87275.160,75477.30387120,0.86482
2026-09-08,09:40,00165,中国光大控股,2174,6.530,14196.220,12277.17498040,0.86482
2026-09-08,09:40,00388,香港交易所,372,402.200,149618.400,129392.98468800,0.86482
2026-09-08,09:40,01359,中国信达,35009,0.920,32208.280,27854.36470960,0.86482
2026-09-08,09:40,01375,中州证券,5170,1.750,9047.500,7824.45895000,0.86482
2026-09-08,09:40,01456,国联民生,1914,3.900,7464.600,6455.53537200,0.86482
2026-09-08,09:40,01776,广发证券,4984,18.200,90708.800,78446.78441600,0.86482
2026-09-08,09:40,01788,国泰君安国际,12351,2.880,35570.880,30762.40844160,0.86482
2026-09-08,09:40,02611,国泰海通,8162,15.100,123246.200,106585.77868400,0.86482
2026-09-08,09:40,03908,中金公司,5540,21.500,119110.000,103008.71020000,0.86482
2026-09-08,09:40,03958,东方证券,4442,5.855,26007.910,22492.16072620,0.86482
2026-09-08,09:40,06030,中信证券,6975,26.640,185814.000,160695.66348000,0.86482
2026-09-08,09:40,06066,中信建投证券,3818,12.000,45816.000,39622.59312000,0.86482
2026-09-08,09:40,06099,招商证券,2205,15.370,33890.850,29309.48489700,0.86482
2026-09-08,09:40,06178,光大证券,2132,7.510,16011.320,13846.90976240,0.86482
2026-09-08,09:40,06806,申万宏源,7581,2.540,19255.740,16652.74906680,0.86482
2026-09-08,09:40,06881,中国银河,10742,7.765,83411.630,72136.04585660,0.86482
2026-09-08,09:40,06886,HTSC,4956,17.600,87225.600,75434.44339200,0.86482
2026-09-08,09:41,00165,中国光大控股,2174,6.500,14131.000,12220.77142000,0.86482
2026-09-08,09:41,00388,香港交易所,372,402.400,149692.800,129457.32729600,0.86482
2026-09-08,09:41,01359,中国信达,35009,0.920,32208.280,27854.36470960,0.86482
2026-09-08,09:41,01375,中州证券,5170,1.750,9047.500,7824.45895000,0.86482
2026-09-08,09:41,01456,国联民生,1914,3.905,7474.170,6463.81169940,0.86482
2026-09-08,09:41,01776,广发证券,4984,18.240,90908.160,78619.19493120,0.86482
2026-09-08,09:41,01788,国泰君安国际,12351,2.880,35570.880,30762.40844160,0.86482
2026-09-08,09:41,02611,国泰海通,8162,15.100,123246.200,106585.77868400,0.86482
2026-09-08,09:41,03908,中金公司,5540,21.540,119331.600,103200.35431200,0.86482
2026-09-08,09:41,03958,东方证券,4442,5.865,26052.330,22530.57603060,0.86482
2026-09-08,09:41,06030,中信证券,6975,26.640,185814.000,160695.66348000,0.86482
2026-09-08,09:41,06066,中信建投证券,3818,12.000,45816.000,39622.59312000,0.86482
2026-09-08,09:41,06099,招商证券,2205,15.410,33979.050,29385.76202100,0.86482
2026-09-08,09:41,06178,光大证券,2132,7.510,16011.320,13846.90976240,0.86482
2026-09-08,09:41,06806,申万宏源,7581,2.545,19293.645,16685.53006890,0.86482
2026-09-08,09:41,06881,中国银河,10742,7.770,83465.340,72182.49533880,0.86482
2026-09-08,09:41,06886,HTSC,4956,17.590,87176.040,75391.58291280,0.86482
2026-09-08,09:42,00165,中国光大控股,2174,6.460,14044.040,12145.56667280,0.86482
2026-09-08,09:42,00388,香港交易所,372,402.600,149767.200,129521.66990400,0.86482
2026-09-08,09:42,01359,中国信达,35009,0.920,32208.280,27854.36470960,0.86482
2026-09-08,09:42,01375,中州证券,5170,1.740,8995.800,7779.74775600,0.86482
2026-09-08,09:42,01456,国联民生,1914,3.900,7464.600,6455.53537200,0.86482
2026-09-08,09:42,01776,广发证券,4984,18.270,91057.680,78748.50281760,0.86482
2026-09-08,09:42,01788,国泰君安国际,12351,2.880,35570.880,30762.40844160,0.86482
2026-09-08,09:42,02611,国泰海通,8162,15.110,123327.820,106656.36529240,0.86482
2026-09-08,09:42,03908,中金公司,5540,21.500,119110.000,103008.71020000,0.86482
2026-09-08,09:42,03958,东方证券,4442,5.875,26096.750,22568.99133500,0.86482
2026-09-08,09:42,06030,中信证券,6975,26.700,186232.500,161057.59065000,0.86482
2026-09-08,09:42,06066,中信建投证券,3818,12.000,45816.000,39622.59312000,0.86482
2026-09-08,09:42,06099,招商证券,2205,15.370,33890.850,29309.48489700,0.86482
2026-09-08,09:42,06178,光大证券,2132,7.520,16032.640,13865.34772480,0.86482
2026-09-08,09:42,06806,申万宏源,7581,2.540,19255.740,16652.74906680,0.86482
2026-09-08,09:42,06881,中国银河,10742,7.770,83465.340,72182.49533880,0.86482
2026-09-08,09:42,06886,HTSC,4956,17.600,87225.600,75434.44339200,0.86482
2026-09-08,09:43,00165,中国光大控股,2174,6.465,14054.910,12154.96726620,0.86482
2026-09-08,09:43,00388,香港交易所,372,402.600,149767.200,129521.66990400,0.86482
2026-09-08,09:43,01359,中国信达,35009,0.920,32208.280,27854.36470960,0.86482
2026-09-08,09:43,01375,中州证券,5170,1.750,9047.500,7824.45895000,0.86482
2026-09-08,09:43,01456,国联民生,1914,3.910,7483.740,6472.08802680,0.86482
2026-09-08,09:43,01776,广发证券,4984,18.270,91057.680,78748.50281760,0.86482
2026-09-08,09:43,01788,国泰君安国际,12351,2.880,35570.880,30762.40844160,0.86482
2026-09-08,09:43,02611,国泰海通,8162,15.100,123246.200,106585.77868400,0.86482
2026-09-08,09:43,03908,中金公司,5540,21.540,119331.600,103200.35431200,0.86482
2026-09-08,09:43,03958,东方证券,4442,5.880,26118.960,22588.19898720,0.86482
2026-09-08,09:43,06030,中信证券,6975,26.680,186093.000,160936.94826000,0.86482
2026-09-08,09:43,06066,中信建投证券,3818,12.030,45930.540,39721.64960280,0.86482
2026-09-08,09:43,06099,招商证券,2205,15.380,33912.900,29328.55417800,0.86482
2026-09-08,09:43,06178,光大证券,2132,7.520,16032.640,13865.34772480,0.86482
2026-09-08,09:43,06806,申万宏源,7581,2.545,19293.645,16685.53006890,0.86482
2026-09-08,09:43,06881,中国银河,10742,7.775,83519.050,72228.94482100,0.86482
2026-09-08,09:43,06886,HTSC,4956,17.630,87374.280,75563.02482960,0.86482
2026-09-08,09:44,00165,中国光大控股,2174,6.440,14000.560,12107.96429920,0.86482
2026-09-08,09:44,00388,香港交易所,372,402.600,149767.200,129521.66990400,0.86482
2026-09-08,09:44,01359,中国信达,35009,0.920,32208.280,27854.36470960,0.86482
2026-09-08,09:44,01375,中州证券,5170,1.745,9021.650,7802.10335300,0.86482
2026-09-08,09:44,01456,国联民生,1914,3.915,7493.310,6480.36435420,0.86482
2026-09-08,09:44,01776,广发证券,4984,18.230,90858.320,78576.09230240,0.86482
2026-09-08,09:44,01788,国泰君安国际,12351,2.880,35570.880,30762.40844160,0.86482
2026-09-08,09:44,02611,国泰海通,8162,15.100,123246.200,106585.77868400,0.86482
2026-09-08,09:44,03908,中金公司,5540,21.480,118999.200,102912.88814400,0.86482
2026-09-08,09:44,03958,东方证券,4442,5.880,26118.960,22588.19898720,0.86482
2026-09-08,09:44,06030,中信证券,6975,26.640,185814.000,160695.66348000,0.86482
2026-09-08,09:44,06066,中信建投证券,3818,12.010,45854.180,39655.61194760,0.86482
2026-09-08,09:44,06099,招商证券,2205,15.330,33802.650,29233.20777300,0.86482
2026-09-08,09:44,06178,光大证券,2132,7.520,16032.640,13865.34772480,0.86482
2026-09-08,09:44,06806,申万宏源,7581,2.535,19217.835,16619.96806470,0.86482
2026-09-08,09:44,06881,中国银河,10742,7.775,83519.050,72228.94482100,0.86482
2026-09-08,09:44,06886,HTSC,4956,17.630,87374.280,75563.02482960,0.86482
2026-09-08,09:45,00165,中国光大控股,2174,6.430,13978.820,12089.16311240,0.86482
2026-09-08,09:45,00388,香港交易所,372,402.600,149767.200,129521.66990400,0.86482
2026-09-08,09:45,01359,中国信达,35009,0.920,32208.280,27854.36470960,0.86482
2026-09-08,09:45,01375,中州证券,5170,1.745,9021.650,7802.10335300,0.86482
2026-09-08,09:45,01456,国联民生,1914,3.910,7483.740,6472.08802680,0.86482
2026-09-08,09:45,01776,广发证券,4984,18.260,91007.840,78705.40018880,0.86482
2026-09-08,09:45,01788,国泰君安国际,12351,2.880,35570.880,30762.40844160,0.86482
2026-09-08,09:45,02611,国泰海通,8162,15.090,123164.580,106515.19207560,0.86482
2026-09-08,09:45,03908,中金公司,5540,21.500,119110.000,103008.71020000,0.86482
2026-09-08,09:45,03958,东方证券,4442,5.880,26118.960,22588.19898720,0.86482
2026-09-08,09:45,06030,中信证券,6975,26.680,186093.000,160936.94826000,0.86482
2026-09-08,09:45,06066,中信建投证券,3818,12.000,45816.000,39622.59312000,0.86482
2026-09-08,09:45,06099,招商证券,2205,15.310,33758.550,29195.06921100,0.86482
2026-09-08,09:45,06178,光大证券,2132,7.520,16032.640,13865.34772480,0.86482
2026-09-08,09:45,06806,申万宏源,7581,2.535,19217.835,16619.96806470,0.86482
2026-09-08,09:45,06881,中国银河,10742,7.785,83626.470,72321.84378540,0.86482
2026-09-08,09:45,06886,HTSC,4956,17.630,87374.280,75563.02482960,0.86482
2026-09-08,09:46,00165,中国光大控股,2174,6.430,13978.820,12089.16311240,0.86482
2026-09-08,09:46,00388,香港交易所,372,402.600,149767.200,129521.66990400,0.86482
2026-09-08,09:46,01359,中国信达,35009,0.915,32033.235,27702.98229270,0.86482
2026-09-08,09:46,01375,中州证券,5170,1.745,9021.650,7802.10335300,0.86482
2026-09-08,09:46,01456,国联民生,1914,3.910,7483.740,6472.08802680,0.86482
2026-09-08,09:46,01776,广发证券,4984,18.260,91007.840,78705.40018880,0.86482
2026-09-08,09:46,01788,国泰君安国际,12351,2.880,35570.880,30762.40844160,0.86482
2026-09-08,09:46,02611,国泰海通,8162,15.100,123246.200,106585.77868400,0.86482
2026-09-08,09:46,03908,中金公司,5540,21.460,118888.400,102817.06608800,0.86482
2026-09-08,09:46,03958,东方证券,4442,5.865,26052.330,22530.57603060,0.86482
2026-09-08,09:46,06030,中信证券,6975,26.680,186093.000,160936.94826000,0.86482
2026-09-08,09:46,06066,中信建投证券,3818,12.000,45816.000,39622.59312000,0.86482
2026-09-08,09:46,06099,招商证券,2205,15.360,33868.800,29290.41561600,0.86482
2026-09-08,09:46,06178,光大证券,2132,7.520,16032.640,13865.34772480,0.86482
2026-09-08,09:46,06806,申万宏源,7581,2.535,19217.835,16619.96806470,0.86482
2026-09-08,09:46,06881,中国银河,10742,7.785,83626.470,72321.84378540,0.86482
2026-09-08,09:46,06886,HTSC,4956,17.640,87423.840,75605.88530880,0.86482
2026-09-08,09:47,00165,中国光大控股,2174,6.405,13924.470,12042.16014540,0.86482
2026-09-08,09:47,00388,香港交易所,372,402.600,149767.200,129521.66990400,0.86482
2026-09-08,09:47,01359,中国信达,35009,0.915,32033.235,27702.98229270,0.86482
2026-09-08,09:47,01375,中州证券,5170,1.750,9047.500,7824.45895000,0.86482
2026-09-08,09:47,01456,国联民生,1914,3.910,7483.740,6472.08802680,0.86482
2026-09-08,09:47,01776,广发证券,4984,18.270,91057.680,78748.50281760,0.86482
2026-09-08,09:47,01788,国泰君安国际,12351,2.880,35570.880,30762.40844160,0.86482
2026-09-08,09:47,02611,国泰海通,8162,15.090,123164.580,106515.19207560,0.86482
2026-09-08,09:47,03908,中金公司,5540,21.440,118777.600,102721.24403200,0.86482
2026-09-08,09:47,03958,东方证券,4442,5.855,26007.910,22492.16072620,0.86482
2026-09-08,09:47,06030,中信证券,6975,26.680,186093.000,160936.94826000,0.86482
2026-09-08,09:47,06066,中信建投证券,3818,12.010,45854.180,39655.61194760,0.86482
2026-09-08,09:47,06099,招商证券,2205,15.340,33824.700,29252.27705400,0.86482
2026-09-08,09:47,06178,光大证券,2132,7.520,16032.640,13865.34772480,0.86482
2026-09-08,09:47,06806,申万宏源,7581,2.540,19255.740,16652.74906680,0.86482
2026-09-08,09:47,06881,中国银河,10742,7.780,83572.760,72275.39430320,0.86482
2026-09-08,09:47,06886,HTSC,4956,17.640,87423.840,75605.88530880,0.86482
2026-09-08,09:48,00165,中国光大控股,2174,6.435,13989.690,12098.56370580,0.86482
2026-09-08,09:48,00388,香港交易所,372,402.800,149841.600,129586.01251200,0.86482
2026-09-08,09:48,01359,中国信达,35009,0.920,32208.280,27854.36470960,0.86482
2026-09-08,09:48,01375,中州证券,5170,1.750,9047.500,7824.45895000,0.86482
2026-09-08,09:48,01456,国联民生,1914,3.910,7483.740,6472.08802680,0.86482
2026-09-08,09:48,01776,广发证券,4984,18.330,91356.720,79007.11859040,0.86482
2026-09-08,09:48,01788,国泰君安国际,12351,2.880,35570.880,30762.40844160,0.86482
2026-09-08,09:48,02611,国泰海通,8162,15.100,123246.200,106585.77868400,0.86482
2026-09-08,09:48,03908,中金公司,5540,21.520,119220.800,103104.53225600,0.86482
2026-09-08,09:48,03958,东方证券,4442,5.870,26074.540,22549.78368280,0.86482
2026-09-08,09:48,06030,中信证券,6975,26.760,186651.000,161419.51782000,0.86482
2026-09-08,09:48,06066,中信建投证券,3818,12.050,46006.900,39787.68725800,0.86482
2026-09-08,09:48,06099,招商证券,2205,15.350,33846.750,29271.34633500,0.86482
2026-09-08,09:48,06178,光大证券,2132,7.525,16043.300,13874.56670600,0.86482
2026-09-08,09:48,06806,申万宏源,7581,2.545,19293.645,16685.53006890,0.86482
2026-09-08,09:48,06881,中国银河,10742,7.805,83841.310,72507.64171420,0.86482
2026-09-08,09:48,06886,HTSC,4956,17.700,87721.200,75863.04818400,0.86482
2026-09-08,09:49,00165,中国光大控股,2174,6.440,14000.560,12107.96429920,0.86482
2026-09-08,09:49,00388,香港交易所,372,402.800,149841.600,129586.01251200,0.86482
2026-09-08,09:49,01359,中国信达,35009,0.915,32033.235,27702.98229270,0.86482
2026-09-08,09:49,01375,中州证券,5170,1.750,9047.500,7824.45895000,0.86482
2026-09-08,09:49,01456,国联民生,1914,3.915,7493.310,6480.36435420,0.86482
2026-09-08,09:49,01776,广发证券,4984,18.320,91306.880,78964.01596160,0.86482
2026-09-08,09:49,01788,国泰君安国际,12351,2.880,35570.880,30762.40844160,0.86482
2026-09-08,09:49,02611,国泰海通,8162,15.090,123164.580,106515.19207560,0.86482
2026-09-08,09:49,03908,中金公司,5540,21.520,119220.800,103104.53225600,0.86482
2026-09-08,09:49,03958,东方证券,4442,5.880,26118.960,22588.19898720,0.86482
2026-09-08,09:49,06030,中信证券,6975,26.740,186511.500,161298.87543000,0.86482
2026-09-08,09:49,06066,中信建投证券,3818,12.050,46006.900,39787.68725800,0.86482
2026-09-08,09:49,06099,招商证券,2205,15.380,33912.900,29328.55417800,0.86482
2026-09-08,09:49,06178,光大证券,2132,7.535,16064.620,13893.00466840,0.86482
2026-09-08,09:49,06806,申万宏源,7581,2.555,19369.455,16751.09207310,0.86482
2026-09-08,09:49,06881,中国银河,10742,7.810,83895.020,72554.09119640,0.86482
2026-09-08,09:49,06886,HTSC,4956,17.700,87721.200,75863.04818400,0.86482
2026-09-08,09:50,00165,中国光大控股,2174,6.475,14076.650,12173.76845300,0.86482
2026-09-08,09:50,00388,香港交易所,372,403.000,149916.000,129650.35512000,0.86482
2026-09-08,09:50,01359,中国信达,35009,0.920,32208.280,27854.36470960,0.86482
2026-09-08,09:50,01375,中州证券,5170,1.755,9073.350,7846.81454700,0.86482
2026-09-08,09:50,01456,国联民生,1914,3.920,7502.880,6488.64068160,0.86482
2026-09-08,09:50,01776,广发证券,4984,18.320,91306.880,78964.01596160,0.86482
2026-09-08,09:50,01788,国泰君安国际,12351,2.880,35570.880,30762.40844160,0.86482
2026-09-08,09:50,02611,国泰海通,8162,15.100,123246.200,106585.77868400,0.86482
2026-09-08,09:50,03908,中金公司,5540,21.520,119220.800,103104.53225600,0.86482
2026-09-08,09:50,03958,东方证券,4442,5.880,26118.960,22588.19898720,0.86482
2026-09-08,09:50,06030,中信证券,6975,26.780,186790.500,161540.16021000,0.86482
2026-09-08,09:50,06066,中信建投证券,3818,12.090,46159.620,39919.76256840,0.86482
2026-09-08,09:50,06099,招商证券,2205,15.420,34001.100,29404.83130200,0.86482
2026-09-08,09:50,06178,光大证券,2132,7.535,16064.620,13893.00466840,0.86482
2026-09-08,09:50,06806,申万宏源,7581,2.545,19293.645,16685.53006890,0.86482
2026-09-08,09:50,06881,中国银河,10742,7.820,84002.440,72646.99016080,0.86482
2026-09-08,09:50,06886,HTSC,4956,17.700,87721.200,75863.04818400,0.86482
2026-09-08,09:51,00165,中国光大控股,2174,6.450,14022.300,12126.76548600,0.86482
2026-09-08,09:51,00388,香港交易所,372,403.000,149916.000,129650.35512000,0.86482
2026-09-08,09:51,01359,中国信达,35009,0.925,32383.325,28005.74712650,0.86482
2026-09-08,09:51,01375,中州证券,5170,1.755,9073.350,7846.81454700,0.86482
2026-09-08,09:51,01456,国联民生,1914,3.915,7493.310,6480.36435420,0.86482
2026-09-08,09:51,01776,广发证券,4984,18.280,91107.520,78791.60544640,0.86482
2026-09-08,09:51,01788,国泰君安国际,12351,2.880,35570.880,30762.40844160,0.86482
2026-09-08,09:51,02611,国泰海通,8162,15.100,123246.200,106585.77868400,0.86482
2026-09-08,09:51,03908,中金公司,5540,21.480,118999.200,102912.88814400,0.86482
2026-09-08,09:51,03958,东方证券,4442,5.890,26163.380,22626.61429160,0.86482
2026-09-08,09:51,06030,中信证券,6975,26.700,186232.500,161057.59065000,0.86482
2026-09-08,09:51,06066,中信建投证券,3818,12.050,46006.900,39787.68725800,0.86482
2026-09-08,09:51,06099,招商证券,2205,15.380,33912.900,29328.55417800,0.86482
2026-09-08,09:51,06178,光大证券,2132,7.535,16064.620,13893.00466840,0.86482
2026-09-08,09:51,06806,申万宏源,7581,2.565,19445.265,16816.65407730,0.86482
2026-09-08,09:51,06881,中国银河,10742,7.810,83895.020,72554.09119640,0.86482
2026-09-08,09:51,06886,HTSC,4956,17.670,87572.520,75734.46674640,0.86482
2026-09-08,09:52,00165,中国光大控股,2174,6.415,13946.210,12060.96133220,0.86482
2026-09-08,09:52,00388,香港交易所,372,403.000,149916.000,129650.35512000,0.86482
2026-09-08,09:52,01359,中国信达,35009,0.920,32208.280,27854.36470960,0.86482
2026-09-08,09:52,01375,中州证券,5170,1.755,9073.350,7846.81454700,0.86482
2026-09-08,09:52,01456,国联民生,1914,3.920,7502.880,6488.64068160,0.86482
2026-09-08,09:52,01776,广发证券,4984,18.250,90958.000,78662.29756000,0.86482
2026-09-08,09:52,01788,国泰君安国际,12351,2.875,35509.125,30709.00148250,0.86482
2026-09-08,09:52,02611,国泰海通,8162,15.100,123246.200,106585.77868400,0.86482
2026-09-08,09:52,03908,中金公司,5540,21.520,119220.800,103104.53225600,0.86482
2026-09-08,09:52,03958,东方证券,4442,5.880,26118.960,22588.19898720,0.86482
2026-09-08,09:52,06030,中信证券,6975,26.680,186093.000,160936.94826000,0.86482
2026-09-08,09:52,06066,中信建投证券,3818,12.030,45930.540,39721.64960280,0.86482
2026-09-08,09:52,06099,招商证券,2205,15.380,33912.900,29328.55417800,0.86482
2026-09-08,09:52,06178,光大证券,2132,7.535,16064.620,13893.00466840,0.86482
2026-09-08,09:52,06806,申万宏源,7581,2.560,19407.360,16783.87307520,0.86482
2026-09-08,09:52,06881,中国银河,10742,7.810,83895.020,72554.09119640,0.86482
2026-09-08,09:52,06886,HTSC,4956,17.640,87423.840,75605.88530880,0.86482
2026-09-08,09:53,00165,中国光大控股,2174,6.435,13989.690,12098.56370580,0.86482
2026-09-08,09:53,00388,香港交易所,372,403.000,149916.000,129650.35512000,0.86482
2026-09-08,09:53,01359,中国信达,35009,0.925,32383.325,28005.74712650,0.86482
2026-09-08,09:53,01375,中州证券,5170,1.755,9073.350,7846.81454700,0.86482
2026-09-08,09:53,01456,国联民生,1914,3.920,7502.880,6488.64068160,0.86482
2026-09-08,09:53,01776,广发证券,4984,18.280,91107.520,78791.60544640,0.86482
2026-09-08,09:53,01788,国泰君安国际,12351,2.880,35570.880,30762.40844160,0.86482
2026-09-08,09:53,02611,国泰海通,8162,15.110,123327.820,106656.36529240,0.86482
2026-09-08,09:53,03908,中金公司,5540,21.520,119220.800,103104.53225600,0.86482
2026-09-08,09:53,03958,东方证券,4442,5.880,26118.960,22588.19898720,0.86482
2026-09-08,09:53,06030,中信证券,6975,26.720,186372.000,161178.23304000,0.86482
2026-09-08,09:53,06066,中信建投证券,3818,12.040,45968.720,39754.66843040,0.86482
2026-09-08,09:53,06099,招商证券,2205,15.410,33979.050,29385.76202100,0.86482
2026-09-08,09:53,06178,光大证券,2132,7.525,16043.300,13874.56670600,0.86482
2026-09-08,09:53,06806,申万宏源,7581,2.570,19483.170,16849.43507940,0.86482
2026-09-08,09:53,06881,中国银河,10742,7.805,83841.310,72507.64171420,0.86482
2026-09-08,09:53,06886,HTSC,4956,17.620,87324.720,75520.16435040,0.86482
2026-09-08,09:54,00165,中国光大控股,2174,6.445,14011.430,12117.36489260,0.86482
2026-09-08,09:54,00388,香港交易所,372,403.000,149916.000,129650.35512000,0.86482
2026-09-08,09:54,01359,中国信达,35009,0.920,32208.280,27854.36470960,0.86482
2026-09-08,09:54,01375,中州证券,5170,1.760,9099.200,7869.17014400,0.86482
2026-09-08,09:54,01456,国联民生,1914,3.925,7512.450,6496.91700900,0.86482
2026-09-08,09:54,01776,广发证券,4984,18.270,91057.680,78748.50281760,0.86482
2026-09-08,09:54,01788,国泰君安国际,12351,2.880,35570.880,30762.40844160,0.86482
2026-09-08,09:54,02611,国泰海通,8162,15.110,123327.820,106656.36529240,0.86482
2026-09-08,09:54,03908,中金公司,5540,21.480,118999.200,102912.88814400,0.86482
2026-09-08,09:54,03958,东方证券,4442,5.895,26185.590,22645.82194380,0.86482
2026-09-08,09:54,06030,中信证券,6975,26.780,186790.500,161540.16021000,0.86482
2026-09-08,09:54,06066,中信建投证券,3818,12.070,46083.260,39853.72491320,0.86482
2026-09-08,09:54,06099,招商证券,2205,15.410,33979.050,29385.76202100,0.86482
2026-09-08,09:54,06178,光大证券,2132,7.535,16064.620,13893.00466840,0.86482
2026-09-08,09:54,06806,申万宏源,7581,2.575,19521.075,16882.21608150,0.86482
2026-09-08,09:54,06881,中国银河,10742,7.820,84002.440,72646.99016080,0.86482
2026-09-08,09:54,06886,HTSC,4956,17.620,87324.720,75520.16435040,0.86482
2026-09-08,09:55,00165,中国光大控股,2174,6.445,14011.430,12117.36489260,0.86482
2026-09-08,09:55,00388,香港交易所,372,402.800,149841.600,129586.01251200,0.86482
2026-09-08,09:55,01359,中国信达,35009,0.920,32208.280,27854.36470960,0.86482
2026-09-08,09:55,01375,中州证券,5170,1.765,9125.050,7891.52574100,0.86482
2026-09-08,09:55,01456,国联民生,1914,3.915,7493.310,6480.36435420,0.86482
2026-09-08,09:55,01776,广发证券,4984,18.280,91107.520,78791.60544640,0.86482
2026-09-08,09:55,01788,国泰君安国际,12351,2.880,35570.880,30762.40844160,0.86482
2026-09-08,09:55,02611,国泰海通,8162,15.120,123409.440,106726.95190080,0.86482
2026-09-08,09:55,03908,中金公司,5540,21.540,119331.600,103200.35431200,0.86482
2026-09-08,09:55,03958,东方证券,4442,5.895,26185.590,22645.82194380,0.86482
2026-09-08,09:55,06030,中信证券,6975,26.760,186651.000,161419.51782000,0.86482
2026-09-08,09:55,06066,中信建投证券,3818,12.080,46121.440,39886.74374080,0.86482
2026-09-08,09:55,06099,招商证券,2205,15.430,34023.150,29423.90058300,0.86482
2026-09-08,09:55,06178,光大证券,2132,7.540,16075.280,13902.22364960,0.86482
2026-09-08,09:55,06806,申万宏源,7581,2.575,19521.075,16882.21608150,0.86482
2026-09-08,09:55,06881,中国银河,10742,7.815,83948.730,72600.54067860,0.86482
2026-09-08,09:55,06886,HTSC,4956,17.650,87473.400,75648.74578800,0.86482
2026-09-08,09:56,00165,中国光大控股,2174,6.455,14033.170,12136.16607940,0.86482
2026-09-08,09:56,00388,香港交易所,372,402.600,149767.200,129521.66990400,0.86482
2026-09-08,09:56,01359,中国信达,35009,0.925,32383.325,28005.74712650,0.86482
2026-09-08,09:56,01375,中州证券,5170,1.765,9125.050,7891.52574100,0.86482
2026-09-08,09:56,01456,国联民生,1914,3.925,7512.450,6496.91700900,0.86482
2026-09-08,09:56,01776,广发证券,4984,18.290,91157.360,78834.70807520,0.86482
2026-09-08,09:56,01788,国泰君安国际,12351,2.880,35570.880,30762.40844160,0.86482
2026-09-08,09:56,02611,国泰海通,8162,15.100,123246.200,106585.77868400,0.86482
2026-09-08,09:56,03908,中金公司,5540,21.540,119331.600,103200.35431200,0.86482
2026-09-08,09:56,03958,东方证券,4442,5.885,26141.170,22607.40663940,0.86482
2026-09-08,09:56,06030,中信证券,6975,26.700,186232.500,161057.59065000,0.86482
2026-09-08,09:56,06066,中信建投证券,3818,12.070,46083.260,39853.72491320,0.86482
2026-09-08,09:56,06099,招商证券,2205,15.410,33979.050,29385.76202100,0.86482
2026-09-08,09:56,06178,光大证券,2132,7.535,16064.620,13893.00466840,0.86482
2026-09-08,09:56,06806,申万宏源,7581,2.580,19558.980,16914.99708360,0.86482
2026-09-08,09:56,06881,中国银河,10742,7.800,83787.600,72461.19223200,0.86482
2026-09-08,09:56,06886,HTSC,4956,17.630,87374.280,75563.02482960,0.86482
2026-09-08,09:57,00165,中国光大控股,2174,6.455,14033.170,12136.16607940,0.86482
2026-09-08,09:57,00388,香港交易所,372,402.600,149767.200,129521.66990400,0.86482
2026-09-08,09:57,01359,中国信达,35009,0.920,32208.280,27854.36470960,0.86482
2026-09-08,09:57,01375,中州证券,5170,1.760,9099.200,7869.17014400,0.86482
2026-09-08,09:57,01456,国联民生,1914,3.925,7512.450,6496.91700900,0.86482
2026-09-08,09:57,01776,广发证券,4984,18.290,91157.360,78834.70807520,0.86482
2026-09-08,09:57,01788,国泰君安国际,12351,2.880,35570.880,30762.40844160,0.86482
2026-09-08,09:57,02611,国泰海通,8162,15.140,123572.680,106868.12511760,0.86482
2026-09-08,09:57,03908,中金公司,5540,21.520,119220.800,103104.53225600,0.86482
2026-09-08,09:57,03958,东方证券,4442,5.885,26141.170,22607.40663940,0.86482
2026-09-08,09:57,06030,中信证券,6975,26.720,186372.000,161178.23304000,0.86482
2026-09-08,09:57,06066,中信建投证券,3818,12.070,46083.260,39853.72491320,0.86482
2026-09-08,09:57,06099,招商证券,2205,15.470,34111.350,29500.17770700,0.86482
2026-09-08,09:57,06178,光大证券,2132,7.530,16053.960,13883.78568720,0.86482
2026-09-08,09:57,06806,申万宏源,7581,2.570,19483.170,16849.43507940,0.86482
2026-09-08,09:57,06881,中国银河,10742,7.800,83787.600,72461.19223200,0.86482
2026-09-08,09:57,06886,HTSC,4956,17.620,87324.720,75520.16435040,0.86482
2026-09-08,09:58,00165,中国光大控股,2174,6.455,14033.170,12136.16607940,0.86482
2026-09-08,09:58,00388,香港交易所,372,402.600,149767.200,129521.66990400,0.86482
2026-09-08,09:58,01359,中国信达,35009,0.920,32208.280,27854.36470960,0.86482
2026-09-08,09:58,01375,中州证券,5170,1.765,9125.050,7891.52574100,0.86482
2026-09-08,09:58,01456,国联民生,1914,3.925,7512.450,6496.91700900,0.86482
2026-09-08,09:58,01776,广发证券,4984,18.270,91057.680,78748.50281760,0.86482
2026-09-08,09:58,01788,国泰君安国际,12351,2.880,35570.880,30762.40844160,0.86482
2026-09-08,09:58,02611,国泰海通,8162,15.100,123246.200,106585.77868400,0.86482
2026-09-08,09:58,03908,中金公司,5540,21.500,119110.000,103008.71020000,0.86482
2026-09-08,09:58,03958,东方证券,4442,5.885,26141.170,22607.40663940,0.86482
2026-09-08,09:58,06030,中信证券,6975,26.700,186232.500,161057.59065000,0.86482
2026-09-08,09:58,06066,中信建投证券,3818,12.060,46045.080,39820.70608560,0.86482
2026-09-08,09:58,06099,招商证券,2205,15.470,34111.350,29500.17770700,0.86482
2026-09-08,09:58,06178,光大证券,2132,7.530,16053.960,13883.78568720,0.86482
2026-09-08,09:58,06806,申万宏源,7581,2.575,19521.075,16882.21608150,0.86482
2026-09-08,09:58,06881,中国银河,10742,7.810,83895.020,72554.09119640,0.86482
2026-09-08,09:58,06886,HTSC,4956,17.620,87324.720,75520.16435040,0.86482
2026-09-08,09:59,00165,中国光大控股,2174,6.450,14022.300,12126.76548600,0.86482
2026-09-08,09:59,00388,香港交易所,372,402.800,149841.600,129586.01251200,0.86482
2026-09-08,09:59,01359,中国信达,35009,0.925,32383.325,28005.74712650,0.86482
2026-09-08,09:59,01375,中州证券,5170,1.765,9125.050,7891.52574100,0.86482
2026-09-08,09:59,01456,国联民生,1914,3.920,7502.880,6488.64068160,0.86482
2026-09-08,09:59,01776,广发证券,4984,18.280,91107.520,78791.60544640,0.86482
2026-09-08,09:59,01788,国泰君安国际,12351,2.880,35570.880,30762.40844160,0.86482
2026-09-08,09:59,02611,国泰海通,8162,15.100,123246.200,106585.77868400,0.86482
2026-09-08,09:59,03908,中金公司,5540,21.520,119220.800,103104.53225600,0.86482
2026-09-08,09:59,03958,东方证券,4442,5.885,26141.170,22607.40663940,0.86482
2026-09-08,09:59,06030,中信证券,6975,26.700,186232.500,161057.59065000,0.86482
2026-09-08,09:59,06066,中信建投证券,3818,12.050,46006.900,39787.68725800,0.86482
2026-09-08,09:59,06099,招商证券,2205,15.410,33979.050,29385.76202100,0.86482
2026-09-08,09:59,06178,光大证券,2132,7.535,16064.620,13893.00466840,0.86482
2026-09-08,09:59,06806,申万宏源,7581,2.575,19521.075,16882.21608150,0.86482
2026-09-08,09:59,06881,中国银河,10742,7.820,84002.440,72646.99016080,0.86482
2026-09-08,09:59,06886,HTSC,4956,17.630,87374.280,75563.02482960,0.86482
2026-09-08,10:00,00165,中国光大控股,2174,6.455,14033.170,12136.16607940,0.86482
2026-09-08,10:00,00388,香港交易所,372,403.000,149916.000,129650.35512000,0.86482
2026-09-08,10:00,01359,中国信达,35009,0.920,32208.280,27854.36470960,0.86482
2026-09-08,10:00,01375,中州证券,5170,1.765,9125.050,7891.52574100,0.86482
2026-09-08,10:00,01456,国联民生,1914,3.910,7483.740,6472.08802680,0.86482
2026-09-08,10:00,01776,广发证券,4984,18.300,91207.200,78877.81070400,0.86482
2026-09-08,10:00,01788,国泰君安国际,12351,2.880,35570.880,30762.40844160,0.86482
2026-09-08,10:00,02611,国泰海通,8162,15.100,123246.200,106585.77868400,0.86482
2026-09-08,10:00,03908,中金公司,5540,21.540,119331.600,103200.35431200,0.86482
2026-09-08,10:00,03958,东方证券,4442,5.885,26141.170,22607.40663940,0.86482
2026-09-08,10:00,06030,中信证券,6975,26.780,186790.500,161540.16021000,0.86482
2026-09-08,10:00,06066,中信建投证券,3818,12.070,46083.260,39853.72491320,0.86482
2026-09-08,10:00,06099,招商证券,2205,15.430,34023.150,29423.90058300,0.86482
2026-09-08,10:00,06178,光大证券,2132,7.545,16085.940,13911.44263080,0.86482
2026-09-08,10:00,06806,申万宏源,7581,2.575,19521.075,16882.21608150,0.86482
2026-09-08,10:00,06881,中国银河,10742,7.820,84002.440,72646.99016080,0.86482
2026-09-08,10:00,06886,HTSC,4956,17.640,87423.840,75605.88530880,0.86482
2026-09-08,10:01,00165,中国光大控股,2174,6.465,14054.910,12154.96726620,0.86482
2026-09-08,10:01,00388,香港交易所,372,402.800,149841.600,129586.01251200,0.86482
2026-09-08,10:01,01359,中国信达,35009,0.920,32208.280,27854.36470960,0.86482
2026-09-08,10:01,01375,中州证券,5170,1.765,9125.050,7891.52574100,0.86482
2026-09-08,10:01,01456,国联民生,1914,3.910,7483.740,6472.08802680,0.86482
2026-09-08,10:01,01776,广发证券,4984,18.290,91157.360,78834.70807520,0.86482
2026-09-08,10:01,01788,国泰君安国际,12351,2.880,35570.880,30762.40844160,0.86482
2026-09-08,10:01,02611,国泰海通,8162,15.100,123246.200,106585.77868400,0.86482
2026-09-08,10:01,03908,中金公司,5540,21.500,119110.000,103008.71020000,0.86482
2026-09-08,10:01,03958,东方证券,4442,5.885,26141.170,22607.40663940,0.86482
2026-09-08,10:01,06030,中信证券,6975,26.760,186651.000,161419.51782000,0.86482
2026-09-08,10:01,06066,中信建投证券,3818,12.070,46083.260,39853.72491320,0.86482
2026-09-08,10:01,06099,招商证券,2205,15.380,33912.900,29328.55417800,0.86482
2026-09-08,10:01,06178,光大证券,2132,7.540,16075.280,13902.22364960,0.86482
2026-09-08,10:01,06806,申万宏源,7581,2.570,19483.170,16849.43507940,0.86482
2026-09-08,10:01,06881,中国银河,10742,7.820,84002.440,72646.99016080,0.86482
2026-09-08,10:01,06886,HTSC,4956,17.630,87374.280,75563.02482960,0.86482
2026-09-08,10:02,00165,中国光大控股,2174,6.500,14131.000,12220.77142000,0.86482
2026-09-08,10:02,00388,香港交易所,372,402.800,149841.600,129586.01251200,0.86482
2026-09-08,10:02,01359,中国信达,35009,0.920,32208.280,27854.36470960,0.86482
2026-09-08,10:02,01375,中州证券,5170,1.770,9150.900,7913.88133800,0.86482
2026-09-08,10:02,01456,国联民生,1914,3.910,7483.740,6472.08802680,0.86482
2026-09-08,10:02,01776,广发证券,4984,18.360,91506.240,79136.42647680,0.86482
2026-09-08,10:02,01788,国泰君安国际,12351,2.880,35570.880,30762.40844160,0.86482
2026-09-08,10:02,02611,国泰海通,8162,15.130,123491.060,106797.53850920,0.86482
2026-09-08,10:02,03908,中金公司,5540,21.560,119442.400,103296.17636800,0.86482
2026-09-08,10:02,03958,东方证券,4442,5.890,26163.380,22626.61429160,0.86482
2026-09-08,10:02,06030,中信证券,6975,26.760,186651.000,161419.51782000,0.86482
2026-09-08,10:02,06066,中信建投证券,3818,12.040,45968.720,39754.66843040,0.86482
2026-09-08,10:02,06099,招商证券,2205,15.430,34023.150,29423.90058300,0.86482
2026-09-08,10:02,06178,光大证券,2132,7.530,16053.960,13883.78568720,0.86482
2026-09-08,10:02,06806,申万宏源,7581,2.575,19521.075,16882.21608150,0.86482
2026-09-08,10:02,06881,中国银河,10742,7.820,84002.440,72646.99016080,0.86482
2026-09-08,10:02,06886,HTSC,4956,17.700,87721.200,75863.04818400,0.86482
2026-09-08,10:03,00165,中国光大控股,2174,6.500,14131.000,12220.77142000,0.86482
2026-09-08,10:03,00388,香港交易所,372,403.000,149916.000,129650.35512000,0.86482
2026-09-08,10:03,01359,中国信达,35009,0.920,32208.280,27854.36470960,0.86482
2026-09-08,10:03,01375,中州证券,5170,1.770,9150.900,7913.88133800,0.86482
2026-09-08,10:03,01456,国联民生,1914,3.925,7512.450,6496.91700900,0.86482
2026-09-08,10:03,01776,广发证券,4984,18.320,91306.880,78964.01596160,0.86482
2026-09-08,10:03,01788,国泰君安国际,12351,2.880,35570.880,30762.40844160,0.86482
2026-09-08,10:03,02611,国泰海通,8162,15.160,123735.920,107009.29833440,0.86482
2026-09-08,10:03,03908,中金公司,5540,21.600,119664.000,103487.82048000,0.86482
2026-09-08,10:03,03958,东方证券,4442,5.895,26185.590,22645.82194380,0.86482
2026-09-08,10:03,06030,中信证券,6975,26.740,186511.500,161298.87543000,0.86482
2026-09-08,10:03,06066,中信建投证券,3818,12.040,45968.720,39754.66843040,0.86482
2026-09-08,10:03,06099,招商证券,2205,15.430,34023.150,29423.90058300,0.86482
2026-09-08,10:03,06178,光大证券,2132,7.545,16085.940,13911.44263080,0.86482
2026-09-08,10:03,06806,申万宏源,7581,2.570,19483.170,16849.43507940,0.86482
2026-09-08,10:03,06881,中国银河,10742,7.820,84002.440,72646.99016080,0.86482
2026-09-08,10:03,06886,HTSC,4956,17.690,87671.640,75820.18770480,0.86482
2026-09-08,10:04,00165,中国光大控股,2174,6.515,14163.610,12248.97320020,0.86482
2026-09-08,10:04,00388,香港交易所,372,402.800,149841.600,129586.01251200,0.86482
2026-09-08,10:04,01359,中国信达,35009,0.920,32208.280,27854.36470960,0.86482
2026-09-08,10:04,01375,中州证券,5170,1.760,9099.200,7869.17014400,0.86482
2026-09-08,10:04,01456,国联民生,1914,3.925,7512.450,6496.91700900,0.86482
2026-09-08,10:04,01776,广发证券,4984,18.350,91456.400,79093.32384800,0.86482
2026-09-08,10:04,01788,国泰君安国际,12351,2.880,35570.880,30762.40844160,0.86482
2026-09-08,10:04,02611,国泰海通,8162,15.110,123327.820,106656.36529240,0.86482
2026-09-08,10:04,03908,中金公司,5540,21.500,119110.000,103008.71020000,0.86482
2026-09-08,10:04,03958,东方证券,4442,5.890,26163.380,22626.61429160,0.86482
2026-09-08,10:04,06030,中信证券,6975,26.760,186651.000,161419.51782000,0.86482
2026-09-08,10:04,06066,中信建投证券,3818,12.080,46121.440,39886.74374080,0.86482
2026-09-08,10:04,06099,招商证券,2205,15.440,34045.200,29442.96986400,0.86482
2026-09-08,10:04,06178,光大证券,2132,7.530,16053.960,13883.78568720,0.86482
2026-09-08,10:04,06806,申万宏源,7581,2.575,19521.075,16882.21608150,0.86482
2026-09-08,10:04,06881,中国银河,10742,7.815,83948.730,72600.54067860,0.86482
2026-09-08,10:04,06886,HTSC,4956,17.670,87572.520,75734.46674640,0.86482
2026-09-08,10:05,00165,中国光大控股,2174,6.515,14163.610,12248.97320020,0.86482
2026-09-08,10:05,00388,香港交易所,372,402.600,149767.200,129521.66990400,0.86482
2026-09-08,10:05,01359,中国信达,35009,0.920,32208.280,27854.36470960,0.86482
2026-09-08,10:05,01375,中州证券,5170,1.765,9125.050,7891.52574100,0.86482
2026-09-08,10:05,01456,国联民生,1914,3.925,7512.450,6496.91700900,0.86482
2026-09-08,10:05,01776,广发证券,4984,18.310,91257.040,78920.91333280,0.86482
2026-09-08,10:05,01788,国泰君安国际,12351,2.880,35570.880,30762.40844160,0.86482
2026-09-08,10:05,02611,国泰海通,8162,15.110,123327.820,106656.36529240,0.86482
2026-09-08,10:05,03908,中金公司,5540,21.500,119110.000,103008.71020000,0.86482
2026-09-08,10:05,03958,东方证券,4442,5.890,26163.380,22626.61429160,0.86482
2026-09-08,10:05,06030,中信证券,6975,26.720,186372.000,161178.23304000,0.86482
2026-09-08,10:05,06066,中信建投证券,3818,12.080,46121.440,39886.74374080,0.86482
2026-09-08,10:05,06099,招商证券,2205,15.450,34067.250,29462.03914500,0.86482
2026-09-08,10:05,06178,光大证券,2132,7.530,16053.960,13883.78568720,0.86482
2026-09-08,10:05,06806,申万宏源,7581,2.565,19445.265,16816.65407730,0.86482
2026-09-08,10:05,06881,中国银河,10742,7.815,83948.730,72600.54067860,0.86482
2026-09-08,10:05,06886,HTSC,4956,17.670,87572.520,75734.46674640,0.86482
2026-09-08,10:06,00165,中国光大控股,2174,6.485,14098.390,12192.56963980,0.86482
2026-09-08,10:06,00388,香港交易所,372,402.800,149841.600,129586.01251200,0.86482
2026-09-08,10:06,01359,中国信达,35009,0.920,32208.280,27854.36470960,0.86482
2026-09-08,10:06,01375,中州证券,5170,1.765,9125.050,7891.52574100,0.86482
2026-09-08,10:06,01456,国联民生,1914,3.910,7483.740,6472.08802680,0.86482
2026-09-08,10:06,01776,广发证券,4984,18.350,91456.400,79093.32384800,0.86482
2026-09-08,10:06,01788,国泰君安国际,12351,2.880,35570.880,30762.40844160,0.86482
2026-09-08,10:06,02611,国泰海通,8162,15.160,123735.920,107009.29833440,0.86482
2026-09-08,10:06,03908,中金公司,5540,21.500,119110.000,103008.71020000,0.86482
2026-09-08,10:06,03958,东方证券,4442,5.895,26185.590,22645.82194380,0.86482
2026-09-08,10:06,06030,中信证券,6975,26.720,186372.000,161178.23304000,0.86482
2026-09-08,10:06,06066,中信建投证券,3818,12.080,46121.440,39886.74374080,0.86482
2026-09-08,10:06,06099,招商证券,2205,15.450,34067.250,29462.03914500,0.86482
2026-09-08,10:06,06178,光大证券,2132,7.525,16043.300,13874.56670600,0.86482
2026-09-08,10:06,06806,申万宏源,7581,2.565,19445.265,16816.65407730,0.86482
2026-09-08,10:06,06881,中国银河,10742,7.815,83948.730,72600.54067860,0.86482
2026-09-08,10:06,06886,HTSC,4956,17.690,87671.640,75820.18770480,0.86482
2026-09-08,10:07,00165,中国光大控股,2174,6.500,14131.000,12220.77142000,0.86482
2026-09-08,10:07,00388,香港交易所,372,403.000,149916.000,129650.35512000,0.86482
2026-09-08,10:07,01359,中国信达,35009,0.920,32208.280,27854.36470960,0.86482
2026-09-08,10:07,01375,中州证券,5170,1.765,9125.050,7891.52574100,0.86482
2026-09-08,10:07,01456,国联民生,1914,3.910,7483.740,6472.08802680,0.86482
2026-09-08,10:07,01776,广发证券,4984,18.310,91257.040,78920.91333280,0.86482
2026-09-08,10:07,01788,国泰君安国际,12351,2.880,35570.880,30762.40844160,0.86482
2026-09-08,10:07,02611,国泰海通,8162,15.140,123572.680,106868.12511760,0.86482
2026-09-08,10:07,03908,中金公司,5540,21.460,118888.400,102817.06608800,0.86482
2026-09-08,10:07,03958,东方证券,4442,5.875,26096.750,22568.99133500,0.86482
2026-09-08,10:07,06030,中信证券,6975,26.720,186372.000,161178.23304000,0.86482
2026-09-08,10:07,06066,中信建投证券,3818,12.040,45968.720,39754.66843040,0.86482
2026-09-08,10:07,06099,招商证券,2205,15.410,33979.050,29385.76202100,0.86482
2026-09-08,10:07,06178,光大证券,2132,7.525,16043.300,13874.56670600,0.86482
2026-09-08,10:07,06806,申万宏源,7581,2.570,19483.170,16849.43507940,0.86482
2026-09-08,10:07,06881,中国银河,10742,7.805,83841.310,72507.64171420,0.86482
2026-09-08,10:07,06886,HTSC,4956,17.650,87473.400,75648.74578800,0.86482
2026-09-08,10:08,00165,中国光大控股,2174,6.485,14098.390,12192.56963980,0.86482
2026-09-08,10:08,00388,香港交易所,372,402.800,149841.600,129586.01251200,0.86482
2026-09-08,10:08,01359,中国信达,35009,0.920,32208.280,27854.36470960,0.86482
2026-09-08,10:08,01375,中州证券,5170,1.760,9099.200,7869.17014400,0.86482
2026-09-08,10:08,01456,国联民生,1914,3.910,7483.740,6472.08802680,0.86482
2026-09-08,10:08,01776,广发证券,4984,18.280,91107.520,78791.60544640,0.86482
2026-09-08,10:08,01788,国泰君安国际,12351,2.880,35570.880,30762.40844160,0.86482
2026-09-08,10:08,02611,国泰海通,8162,15.100,123246.200,106585.77868400,0.86482
2026-09-08,10:08,03908,中金公司,5540,21.440,118777.600,102721.24403200,0.86482
2026-09-08,10:08,03958,东方证券,4442,5.870,26074.540,22549.78368280,0.86482
2026-09-08,10:08,06030,中信证券,6975,26.660,185953.500,160816.30587000,0.86482
2026-09-08,10:08,06066,中信建投证券,3818,12.040,45968.720,39754.66843040,0.86482
2026-09-08,10:08,06099,招商证券,2205,15.420,34001.100,29404.83130200,0.86482
2026-09-08,10:08,06178,光大证券,2132,7.505,16000.660,13837.69078120,0.86482
2026-09-08,10:08,06806,申万宏源,7581,2.565,19445.265,16816.65407730,0.86482
2026-09-08,10:08,06881,中国银河,10742,7.810,83895.020,72554.09119640,0.86482
2026-09-08,10:08,06886,HTSC,4956,17.640,87423.840,75605.88530880,0.86482
2026-09-08,10:09,00165,中国光大控股,2174,6.495,14120.130,12211.37082660,0.86482
2026-09-08,10:09,00388,香港交易所,372,402.600,149767.200,129521.66990400,0.86482
2026-09-08,10:09,01359,中国信达,35009,0.920,32208.280,27854.36470960,0.86482
2026-09-08,10:09,01375,中州证券,5170,1.760,9099.200,7869.17014400,0.86482
2026-09-08,10:09,01456,国联民生,1914,3.900,7464.600,6455.53537200,0.86482
2026-09-08,10:09,01776,广发证券,4984,18.270,91057.680,78748.50281760,0.86482
2026-09-08,10:09,01788,国泰君安国际,12351,2.880,35570.880,30762.40844160,0.86482
2026-09-08,10:09,02611,国泰海通,8162,15.100,123246.200,106585.77868400,0.86482
2026-09-08,10:09,03908,中金公司,5540,21.500,119110.000,103008.71020000,0.86482
2026-09-08,10:09,03958,东方证券,4442,5.870,26074.540,22549.78368280,0.86482
2026-09-08,10:09,06030,中信证券,6975,26.660,185953.500,160816.30587000,0.86482
2026-09-08,10:09,06066,中信建投证券,3818,12.020,45892.360,39688.63077520,0.86482
2026-09-08,10:09,06099,招商证券,2205,15.390,33934.950,29347.62345900,0.86482
2026-09-08,10:09,06178,光大证券,2132,7.505,16000.660,13837.69078120,0.86482
2026-09-08,10:09,06806,申万宏源,7581,2.560,19407.360,16783.87307520,0.86482
2026-09-08,10:09,06881,中国银河,10742,7.810,83895.020,72554.09119640,0.86482
2026-09-08,10:09,06886,HTSC,4956,17.640,87423.840,75605.88530880,0.86482
2026-09-08,10:10,00165,中国光大控股,2174,6.495,14120.130,12211.37082660,0.86482
2026-09-08,10:10,00388,香港交易所,372,402.600,149767.200,129521.66990400,0.86482
2026-09-08,10:10,01359,中国信达,35009,0.920,32208.280,27854.36470960,0.86482
2026-09-08,10:10,01375,中州证券,5170,1.760,9099.200,7869.17014400,0.86482
2026-09-08,10:10,01456,国联民生,1914,3.900,7464.600,6455.53537200,0.86482
2026-09-08,10:10,01776,广发证券,4984,18.300,91207.200,78877.81070400,0.86482
2026-09-08,10:10,01788,国泰君安国际,12351,2.880,35570.880,30762.40844160,0.86482
2026-09-08,10:10,02611,国泰海通,8162,15.100,123246.200,106585.77868400,0.86482
2026-09-08,10:10,03908,中金公司,5540,21.440,118777.600,102721.24403200,0.86482
2026-09-08,10:10,03958,东方证券,4442,5.875,26096.750,22568.99133500,0.86482
2026-09-08,10:10,06030,中信证券,6975,26.660,185953.500,160816.30587000,0.86482
2026-09-08,10:10,06066,中信建投证券,3818,12.060,46045.080,39820.70608560,0.86482
2026-09-08,10:10,06099,招商证券,2205,15.380,33912.900,29328.55417800,0.86482
2026-09-08,10:10,06178,光大证券,2132,7.525,16043.300,13874.56670600,0.86482
2026-09-08,10:10,06806,申万宏源,7581,2.565,19445.265,16816.65407730,0.86482
2026-09-08,10:10,06881,中国银河,10742,7.800,83787.600,72461.19223200,0.86482
2026-09-08,10:10,06886,HTSC,4956,17.640,87423.840,75605.88530880,0.86482
2026-09-08,10:11,00165,中国光大控股,2174,6.490,14109.260,12201.97023320,0.86482
2026-09-08,10:11,00388,香港交易所,372,402.600,149767.200,129521.66990400,0.86482
2026-09-08,10:11,01359,中国信达,35009,0.920,32208.280,27854.36470960,0.86482
2026-09-08,10:11,01375,中州证券,5170,1.755,9073.350,7846.81454700,0.86482
2026-09-08,10:11,01456,国联民生,1914,3.910,7483.740,6472.08802680,0.86482
2026-09-08,10:11,01776,广发证券,4984,18.290,91157.360,78834.70807520,0.86482
2026-09-08,10:11,01788,国泰君安国际,12351,2.875,35509.125,30709.00148250,0.86482
2026-09-08,10:11,02611,国泰海通,8162,15.100,123246.200,106585.77868400,0.86482
2026-09-08,10:11,03908,中金公司,5540,21.440,118777.600,102721.24403200,0.86482
2026-09-08,10:11,03958,东方证券,4442,5.875,26096.750,22568.99133500,0.86482
2026-09-08,10:11,06030,中信证券,6975,26.660,185953.500,160816.30587000,0.86482
2026-09-08,10:11,06066,中信建投证券,3818,12.030,45930.540,39721.64960280,0.86482
2026-09-08,10:11,06099,招商证券,2205,15.380,33912.900,29328.55417800,0.86482
2026-09-08,10:11,06178,光大证券,2132,7.525,16043.300,13874.56670600,0.86482
2026-09-08,10:11,06806,申万宏源,7581,2.565,19445.265,16816.65407730,0.86482
2026-09-08,10:11,06881,中国银河,10742,7.810,83895.020,72554.09119640,0.86482
2026-09-08,10:11,06886,HTSC,4956,17.640,87423.840,75605.88530880,0.86482
2026-09-08,10:12,00165,中国光大控股,2174,6.515,14163.610,12248.97320020,0.86482
2026-09-08,10:12,00388,香港交易所,372,402.400,149692.800,129457.32729600,0.86482
2026-09-08,10:12,01359,中国信达,35009,0.920,32208.280,27854.36470960,0.86482
2026-09-08,10:12,01375,中州证券,5170,1.755,9073.350,7846.81454700,0.86482
2026-09-08,10:12,01456,国联民生,1914,3.910,7483.740,6472.08802680,0.86482
2026-09-08,10:12,01776,广发证券,4984,18.350,91456.400,79093.32384800,0.86482
2026-09-08,10:12,01788,国泰君安国际,12351,2.880,35570.880,30762.40844160,0.86482
2026-09-08,10:12,02611,国泰海通,8162,15.100,123246.200,106585.77868400,0.86482
2026-09-08,10:12,03908,中金公司,5540,21.420,118666.800,102625.42197600,0.86482
2026-09-08,10:12,03958,东方证券,4442,5.870,26074.540,22549.78368280,0.86482
2026-09-08,10:12,06030,中信证券,6975,26.660,185953.500,160816.30587000,0.86482
2026-09-08,10:12,06066,中信建投证券,3818,12.040,45968.720,39754.66843040,0.86482
2026-09-08,10:12,06099,招商证券,2205,15.380,33912.900,29328.55417800,0.86482
2026-09-08,10:12,06178,光大证券,2132,7.520,16032.640,13865.34772480,0.86482
2026-09-08,10:12,06806,申万宏源,7581,2.565,19445.265,16816.65407730,0.86482
2026-09-08,10:12,06881,中国银河,10742,7.805,83841.310,72507.64171420,0.86482
2026-09-08,10:12,06886,HTSC,4956,17.670,87572.520,75734.46674640,0.86482
2026-09-08,10:13,00165,中国光大控股,2174,6.525,14185.350,12267.77438700,0.86482
2026-09-08,10:13,00388,香港交易所,372,402.000,149544.000,129328.64208000,0.86482
2026-09-08,10:13,01359,中国信达,35009,0.920,32208.280,27854.36470960,0.86482
2026-09-08,10:13,01375,中州证券,5170,1.755,9073.350,7846.81454700,0.86482
2026-09-08,10:13,01456,国联民生,1914,3.915,7493.310,6480.36435420,0.86482
2026-09-08,10:13,01776,广发证券,4984,18.340,91406.560,79050.22121920,0.86482
2026-09-08,10:13,01788,国泰君安国际,12351,2.880,35570.880,30762.40844160,0.86482
2026-09-08,10:13,02611,国泰海通,8162,15.100,123246.200,106585.77868400,0.86482
2026-09-08,10:13,03908,中金公司,5540,21.400,118556.000,102529.59992000,0.86482
2026-09-08,10:13,03958,东方证券,4442,5.890,26163.380,22626.61429160,0.86482
2026-09-08,10:13,06030,中信证券,6975,26.620,185674.500,160575.02109000,0.86482
2026-09-08,10:13,06066,中信建投证券,3818,12.030,45930.540,39721.64960280,0.86482
2026-09-08,10:13,06099,招商证券,2205,15.410,33979.050,29385.76202100,0.86482
2026-09-08,10:13,06178,光大证券,2132,7.525,16043.300,13874.56670600,0.86482
2026-09-08,10:13,06806,申万宏源,7581,2.565,19445.265,16816.65407730,0.86482
2026-09-08,10:13,06881,中国银河,10742,7.815,83948.730,72600.54067860,0.86482
2026-09-08,10:13,06886,HTSC,4956,17.700,87721.200,75863.04818400,0.86482
2026-09-08,10:14,00165,中国光大控股,2174,6.525,14185.350,12267.77438700,0.86482
2026-09-08,10:14,00388,香港交易所,372,402.400,149692.800,129457.32729600,0.86482
2026-09-08,10:14,01359,中国信达,35009,0.920,32208.280,27854.36470960,0.86482
2026-09-08,10:14,01375,中州证券,5170,1.755,9073.350,7846.81454700,0.86482
2026-09-08,10:14,01456,国联民生,1914,3.915,7493.310,6480.36435420,0.86482
2026-09-08,10:14,01776,广发证券,4984,18.360,91506.240,79136.42647680,0.86482
2026-09-08,10:14,01788,国泰君安国际,12351,2.880,35570.880,30762.40844160,0.86482
2026-09-08,10:14,02611,国泰海通,8162,15.090,123164.580,106515.19207560,0.86482
2026-09-08,10:14,03908,中金公司,5540,21.420,118666.800,102625.42197600,0.86482
2026-09-08,10:14,03958,东方证券,4442,5.885,26141.170,22607.40663940,0.86482
2026-09-08,10:14,06030,中信证券,6975,26.600,185535.000,160454.37870000,0.86482
2026-09-08,10:14,06066,中信建投证券,3818,12.050,46006.900,39787.68725800,0.86482
2026-09-08,10:14,06099,招商证券,2205,15.400,33957.000,29366.69274000,0.86482
2026-09-08,10:14,06178,光大证券,2132,7.520,16032.640,13865.34772480,0.86482
2026-09-08,10:14,06806,申万宏源,7581,2.560,19407.360,16783.87307520,0.86482
2026-09-08,10:14,06881,中国银河,10742,7.810,83895.020,72554.09119640,0.86482
2026-09-08,10:14,06886,HTSC,4956,17.690,87671.640,75820.18770480,0.86482
2026-09-08,10:15,00165,中国光大控股,2174,6.525,14185.350,12267.77438700,0.86482
2026-09-08,10:15,00388,香港交易所,372,402.400,149692.800,129457.32729600,0.86482
2026-09-08,10:15,01359,中国信达,35009,0.915,32033.235,27702.98229270,0.86482
2026-09-08,10:15,01375,中州证券,5170,1.755,9073.350,7846.81454700,0.86482
2026-09-08,10:15,01456,国联民生,1914,3.915,7493.310,6480.36435420,0.86482
2026-09-08,10:15,01776,广发证券,4984,18.320,91306.880,78964.01596160,0.86482
2026-09-08,10:15,01788,国泰君安国际,12351,2.875,35509.125,30709.00148250,0.86482
2026-09-08,10:15,02611,国泰海通,8162,15.090,123164.580,106515.19207560,0.86482
2026-09-08,10:15,03908,中金公司,5540,21.420,118666.800,102625.42197600,0.86482
2026-09-08,10:15,03958,东方证券,4442,5.885,26141.170,22607.40663940,0.86482
2026-09-08,10:15,06030,中信证券,6975,26.620,185674.500,160575.02109000,0.86482
2026-09-08,10:15,06066,中信建投证券,3818,12.010,45854.180,39655.61194760,0.86482
2026-09-08,10:15,06099,招商证券,2205,15.380,33912.900,29328.55417800,0.86482
2026-09-08,10:15,06178,光大证券,2132,7.520,16032.640,13865.34772480,0.86482
2026-09-08,10:15,06806,申万宏源,7581,2.560,19407.360,16783.87307520,0.86482
2026-09-08,10:15,06881,中国银河,10742,7.805,83841.310,72507.64171420,0.86482
2026-09-08,10:15,06886,HTSC,4956,17.680,87622.080,75777.32722560,0.86482
2026-09-08,10:16,00165,中国光大控股,2174,6.530,14196.220,12277.17498040,0.86482
2026-09-08,10:16,00388,香港交易所,372,402.400,149692.800,129457.32729600,0.86482
2026-09-08,10:16,01359,中国信达,35009,0.915,32033.235,27702.98229270,0.86482
2026-09-08,10:16,01375,中州证券,5170,1.755,9073.350,7846.81454700,0.86482
2026-09-08,10:16,01456,国联民生,1914,3.915,7493.310,6480.36435420,0.86482
2026-09-08,10:16,01776,广发证券,4984,18.330,91356.720,79007.11859040,0.86482
2026-09-08,10:16,01788,国泰君安国际,12351,2.875,35509.125,30709.00148250,0.86482
2026-09-08,10:16,02611,国泰海通,8162,15.090,123164.580,106515.19207560,0.86482
2026-09-08,10:16,03908,中金公司,5540,21.400,118556.000,102529.59992000,0.86482
2026-09-08,10:16,03958,东方证券,4442,5.885,26141.170,22607.40663940,0.86482
2026-09-08,10:16,06030,中信证券,6975,26.620,185674.500,160575.02109000,0.86482
2026-09-08,10:16,06066,中信建投证券,3818,12.020,45892.360,39688.63077520,0.86482
2026-09-08,10:16,06099,招商证券,2205,15.370,33890.850,29309.48489700,0.86482
2026-09-08,10:16,06178,光大证券,2132,7.525,16043.300,13874.56670600,0.86482
2026-09-08,10:16,06806,申万宏源,7581,2.560,19407.360,16783.87307520,0.86482
2026-09-08,10:16,06881,中国银河,10742,7.810,83895.020,72554.09119640,0.86482
2026-09-08,10:16,06886,HTSC,4956,17.700,87721.200,75863.04818400,0.86482
2026-09-08,10:17,00165,中国光大控股,2174,6.525,14185.350,12267.77438700,0.86482
2026-09-08,10:17,00388,香港交易所,372,402.600,149767.200,129521.66990400,0.86482
2026-09-08,10:17,01359,中国信达,35009,0.910,31858.190,27551.59987580,0.86482
2026-09-08,10:17,01375,中州证券,5170,1.750,9047.500,7824.45895000,0.86482
2026-09-08,10:17,01456,国联民生,1914,3.915,7493.310,6480.36435420,0.86482
2026-09-08,10:17,01776,广发证券,4984,18.330,91356.720,79007.11859040,0.86482
2026-09-08,10:17,01788,国泰君安国际,12351,2.880,35570.880,30762.40844160,0.86482
2026-09-08,10:17,02611,国泰海通,8162,15.100,123246.200,106585.77868400,0.86482
2026-09-08,10:17,03908,中金公司,5540,21.420,118666.800,102625.42197600,0.86482
2026-09-08,10:17,03958,东方证券,4442,5.885,26141.170,22607.40663940,0.86482
2026-09-08,10:17,06030,中信证券,6975,26.640,185814.000,160695.66348000,0.86482
2026-09-08,10:17,06066,中信建投证券,3818,12.020,45892.360,39688.63077520,0.86482
2026-09-08,10:17,06099,招商证券,2205,15.370,33890.850,29309.48489700,0.86482
2026-09-08,10:17,06178,光大证券,2132,7.520,16032.640,13865.34772480,0.86482
2026-09-08,10:17,06806,申万宏源,7581,2.560,19407.360,16783.87307520,0.86482
2026-09-08,10:17,06881,中国银河,10742,7.810,83895.020,72554.09119640,0.86482
2026-09-08,10:17,06886,HTSC,4956,17.710,87770.760,75905.90866320,0.86482
2026-09-08,10:18,00165,中国光大控股,2174,6.520,14174.480,12258.37379360,0.86482
2026-09-08,10:18,00388,香港交易所,372,402.800,149841.600,129586.01251200,0.86482
2026-09-08,10:18,01359,中国信达,35009,0.915,32033.235,27702.98229270,0.86482
2026-09-08,10:18,01375,中州证券,5170,1.750,9047.500,7824.45895000,0.86482
2026-09-08,10:18,01456,国联民生,1914,3.915,7493.310,6480.36435420,0.86482
2026-09-08,10:18,01776,广发证券,4984,18.330,91356.720,79007.11859040,0.86482
2026-09-08,10:18,01788,国泰君安国际,12351,2.880,35570.880,30762.40844160,0.86482
2026-09-08,10:18,02611,国泰海通,8162,15.120,123409.440,106726.95190080,0.86482
2026-09-08,10:18,03908,中金公司,5540,21.440,118777.600,102721.24403200,0.86482
2026-09-08,10:18,03958,东方证券,4442,5.885,26141.170,22607.40663940,0.86482
2026-09-08,10:18,06030,中信证券,6975,26.620,185674.500,160575.02109000,0.86482
2026-09-08,10:18,06066,中信建投证券,3818,12.020,45892.360,39688.63077520,0.86482
2026-09-08,10:18,06099,招商证券,2205,15.400,33957.000,29366.69274000,0.86482
2026-09-08,10:18,06178,光大证券,2132,7.520,16032.640,13865.34772480,0.86482
2026-09-08,10:18,06806,申万宏源,7581,2.560,19407.360,16783.87307520,0.86482
2026-09-08,10:18,06881,中国银河,10742,7.810,83895.020,72554.09119640,0.86482
2026-09-08,10:18,06886,HTSC,4956,17.690,87671.640,75820.18770480,0.86482
2026-09-08,10:19,00165,中国光大控股,2174,6.515,14163.610,12248.97320020,0.86482
2026-09-08,10:19,00388,香港交易所,372,402.800,149841.600,129586.01251200,0.86482
2026-09-08,10:19,01359,中国信达,35009,0.910,31858.190,27551.59987580,0.86482
2026-09-08,10:19,01375,中州证券,5170,1.750,9047.500,7824.45895000,0.86482
2026-09-08,10:19,01456,国联民生,1914,3.915,7493.310,6480.36435420,0.86482
2026-09-08,10:19,01776,广发证券,4984,18.330,91356.720,79007.11859040,0.86482
2026-09-08,10:19,01788,国泰君安国际,12351,2.880,35570.880,30762.40844160,0.86482
2026-09-08,10:19,02611,国泰海通,8162,15.100,123246.200,106585.77868400,0.86482
2026-09-08,10:19,03908,中金公司,5540,21.380,118445.200,102433.77786400,0.86482
2026-09-08,10:19,03958,东方证券,4442,5.885,26141.170,22607.40663940,0.86482
2026-09-08,10:19,06030,中信证券,6975,26.600,185535.000,160454.37870000,0.86482
2026-09-08,10:19,06066,中信建投证券,3818,12.010,45854.180,39655.61194760,0.86482
2026-09-08,10:19,06099,招商证券,2205,15.360,33868.800,29290.41561600,0.86482
2026-09-08,10:19,06178,光大证券,2132,7.520,16032.640,13865.34772480,0.86482
2026-09-08,10:19,06806,申万宏源,7581,2.560,19407.360,16783.87307520,0.86482
2026-09-08,10:19,06881,中国银河,10742,7.790,83680.180,72368.29326760,0.86482
2026-09-08,10:19,06886,HTSC,4956,17.660,87522.960,75691.60626720,0.86482
2026-09-08,10:20,00165,中国光大控股,2174,6.530,14196.220,12277.17498040,0.86482
2026-09-08,10:20,00388,香港交易所,372,402.800,149841.600,129586.01251200,0.86482
2026-09-08,10:20,01359,中国信达,35009,0.910,31858.190,27551.59987580,0.86482
2026-09-08,10:20,01375,中州证券,5170,1.750,9047.500,7824.45895000,0.86482
2026-09-08,10:20,01456,国联民生,1914,3.915,7493.310,6480.36435420,0.86482
2026-09-08,10:20,01776,广发证券,4984,18.350,91456.400,79093.32384800,0.86482
2026-09-08,10:20,01788,国泰君安国际,12351,2.880,35570.880,30762.40844160,0.86482
2026-09-08,10:20,02611,国泰海通,8162,15.120,123409.440,106726.95190080,0.86482
2026-09-08,10:20,03908,中金公司,5540,21.420,118666.800,102625.42197600,0.86482
2026-09-08,10:20,03958,东方证券,4442,5.885,26141.170,22607.40663940,0.86482
2026-09-08,10:20,06030,中信证券,6975,26.620,185674.500,160575.02109000,0.86482
2026-09-08,10:20,06066,中信建投证券,3818,12.010,45854.180,39655.61194760,0.86482
2026-09-08,10:20,06099,招商证券,2205,15.380,33912.900,29328.55417800,0.86482
2026-09-08,10:20,06178,光大证券,2132,7.525,16043.300,13874.56670600,0.86482
2026-09-08,10:20,06806,申万宏源,7581,2.560,19407.360,16783.87307520,0.86482
2026-09-08,10:20,06881,中国银河,10742,7.810,83895.020,72554.09119640,0.86482
2026-09-08,10:20,06886,HTSC,4956,17.660,87522.960,75691.60626720,0.86482
2026-09-08,10:21,00165,中国光大控股,2174,6.535,14207.090,12286.57557380,0.86482
2026-09-08,10:21,00388,香港交易所,372,402.800,149841.600,129586.01251200,0.86482
2026-09-08,10:21,01359,中国信达,35009,0.915,32033.235,27702.98229270,0.86482
2026-09-08,10:21,01375,中州证券,5170,1.755,9073.350,7846.81454700,0.86482
2026-09-08,10:21,01456,国联民生,1914,3.915,7493.310,6480.36435420,0.86482
2026-09-08,10:21,01776,广发证券,4984,18.340,91406.560,79050.22121920,0.86482
2026-09-08,10:21,01788,国泰君安国际,12351,2.880,35570.880,30762.40844160,0.86482
2026-09-08,10:21,02611,国泰海通,8162,15.100,123246.200,106585.77868400,0.86482
2026-09-08,10:21,03908,中金公司,5540,21.420,118666.800,102625.42197600,0.86482
2026-09-08,10:21,03958,东方证券,4442,5.885,26141.170,22607.40663940,0.86482
2026-09-08,10:21,06030,中信证券,6975,26.640,185814.000,160695.66348000,0.86482
2026-09-08,10:21,06066,中信建投证券,3818,12.050,46006.900,39787.68725800,0.86482
2026-09-08,10:21,06099,招商证券,2205,15.400,33957.000,29366.69274000,0.86482
2026-09-08,10:21,06178,光大证券,2132,7.530,16053.960,13883.78568720,0.86482
2026-09-08,10:21,06806,申万宏源,7581,2.565,19445.265,16816.65407730,0.86482
2026-09-08,10:21,06881,中国银河,10742,7.810,83895.020,72554.09119640,0.86482
2026-09-08,10:21,06886,HTSC,4956,17.670,87572.520,75734.46674640,0.86482
2026-09-08,10:22,00165,中国光大控股,2174,6.575,14294.050,12361.78032100,0.86482
2026-09-08,10:22,00388,香港交易所,372,402.600,149767.200,129521.66990400,0.86482
2026-09-08,10:22,01359,中国信达,35009,0.915,32033.235,27702.98229270,0.86482
2026-09-08,10:22,01375,中州证券,5170,1.755,9073.350,7846.81454700,0.86482
2026-09-08,10:22,01456,国联民生,1914,3.915,7493.310,6480.36435420,0.86482
2026-09-08,10:22,01776,广发证券,4984,18.360,91506.240,79136.42647680,0.86482
2026-09-08,10:22,01788,国泰君安国际,12351,2.880,35570.880,30762.40844160,0.86482
2026-09-08,10:22,02611,国泰海通,8162,15.100,123246.200,106585.77868400,0.86482
2026-09-08,10:22,03908,中金公司,5540,21.380,118445.200,102433.77786400,0.86482
2026-09-08,10:22,03958,东方证券,4442,5.895,26185.590,22645.82194380,0.86482
2026-09-08,10:22,06030,中信证券,6975,26.640,185814.000,160695.66348000,0.86482
2026-09-08,10:22,06066,中信建投证券,3818,12.060,46045.080,39820.70608560,0.86482
2026-09-08,10:22,06099,招商证券,2205,15.400,33957.000,29366.69274000,0.86482
2026-09-08,10:22,06178,光大证券,2132,7.530,16053.960,13883.78568720,0.86482
2026-09-08,10:22,06806,申万宏源,7581,2.565,19445.265,16816.65407730,0.86482
2026-09-08,10:22,06881,中国银河,10742,7.820,84002.440,72646.99016080,0.86482
2026-09-08,10:22,06886,HTSC,4956,17.690,87671.640,75820.18770480,0.86482
2026-09-08,10:23,00165,中国光大控股,2174,6.565,14272.310,12342.97913420,0.86482
2026-09-08,10:23,00388,香港交易所,372,402.600,149767.200,129521.66990400,0.86482
2026-09-08,10:23,01359,中国信达,35009,0.915,32033.235,27702.98229270,0.86482
2026-09-08,10:23,01375,中州证券,5170,1.760,9099.200,7869.17014400,0.86482
2026-09-08,10:23,01456,国联民生,1914,3.915,7493.310,6480.36435420,0.86482
2026-09-08,10:23,01776,广发证券,4984,18.390,91655.760,79265.73436320,0.86482
2026-09-08,10:23,01788,国泰君安国际,12351,2.880,35570.880,30762.40844160,0.86482
2026-09-08,10:23,02611,国泰海通,8162,15.100,123246.200,106585.77868400,0.86482
2026-09-08,10:23,03908,中金公司,5540,21.420,118666.800,102625.42197600,0.86482
2026-09-08,10:23,03958,东方证券,4442,5.895,26185.590,22645.82194380,0.86482
2026-09-08,10:23,06030,中信证券,6975,26.680,186093.000,160936.94826000,0.86482
2026-09-08,10:23,06066,中信建投证券,3818,12.060,46045.080,39820.70608560,0.86482
2026-09-08,10:23,06099,招商证券,2205,15.440,34045.200,29442.96986400,0.86482
2026-09-08,10:23,06178,光大证券,2132,7.530,16053.960,13883.78568720,0.86482
2026-09-08,10:23,06806,申万宏源,7581,2.565,19445.265,16816.65407730,0.86482
2026-09-08,10:23,06881,中国银河,10742,7.825,84056.150,72693.43964300,0.86482
2026-09-08,10:23,06886,HTSC,4956,17.690,87671.640,75820.18770480,0.86482
2026-09-08,10:24,00165,中国光大控股,2174,6.580,14304.920,12371.18091440,0.86482
2026-09-08,10:24,00388,香港交易所,372,402.400,149692.800,129457.32729600,0.86482
2026-09-08,10:24,01359,中国信达,35009,0.915,32033.235,27702.98229270,0.86482
2026-09-08,10:24,01375,中州证券,5170,1.760,9099.200,7869.17014400,0.86482
2026-09-08,10:24,01456,国联民生,1914,3.915,7493.310,6480.36435420,0.86482
2026-09-08,10:24,01776,广发证券,4984,18.330,91356.720,79007.11859040,0.86482
2026-09-08,10:24,01788,国泰君安国际,12351,2.880,35570.880,30762.40844160,0.86482
2026-09-08,10:24,02611,国泰海通,8162,15.100,123246.200,106585.77868400,0.86482
2026-09-08,10:24,03908,中金公司,5540,21.400,118556.000,102529.59992000,0.86482
2026-09-08,10:24,03958,东方证券,4442,5.875,26096.750,22568.99133500,0.86482
2026-09-08,10:24,06030,中信证券,6975,26.680,186093.000,160936.94826000,0.86482
2026-09-08,10:24,06066,中信建投证券,3818,12.030,45930.540,39721.64960280,0.86482
2026-09-08,10:24,06099,招商证券,2205,15.400,33957.000,29366.69274000,0.86482
2026-09-08,10:24,06178,光大证券,2132,7.525,16043.300,13874.56670600,0.86482
2026-09-08,10:24,06806,申万宏源,7581,2.560,19407.360,16783.87307520,0.86482
2026-09-08,10:24,06881,中国银河,10742,7.805,83841.310,72507.64171420,0.86482
2026-09-08,10:24,06886,HTSC,4956,17.690,87671.640,75820.18770480,0.86482
2026-09-08,10:25,00165,中国光大控股,2174,6.585,14315.790,12380.58150780,0.86482
2026-09-08,10:25,00388,香港交易所,372,402.400,149692.800,129457.32729600,0.86482
2026-09-08,10:25,01359,中国信达,35009,0.915,32033.235,27702.98229270,0.86482
2026-09-08,10:25,01375,中州证券,5170,1.760,9099.200,7869.17014400,0.86482
2026-09-08,10:25,01456,国联民生,1914,3.915,7493.310,6480.36435420,0.86482
2026-09-08,10:25,01776,广发证券,4984,18.320,91306.880,78964.01596160,0.86482
2026-09-08,10:25,01788,国泰君安国际,12351,2.875,35509.125,30709.00148250,0.86482
2026-09-08,10:25,02611,国泰海通,8162,15.100,123246.200,106585.77868400,0.86482
2026-09-08,10:25,03908,中金公司,5540,21.380,118445.200,102433.77786400,0.86482
2026-09-08,10:25,03958,东方证券,4442,5.875,26096.750,22568.99133500,0.86482
2026-09-08,10:25,06030,中信证券,6975,26.680,186093.000,160936.94826000,0.86482
2026-09-08,10:25,06066,中信建投证券,3818,12.020,45892.360,39688.63077520,0.86482
2026-09-08,10:25,06099,招商证券,2205,15.400,33957.000,29366.69274000,0.86482
2026-09-08,10:25,06178,光大证券,2132,7.525,16043.300,13874.56670600,0.86482
2026-09-08,10:25,06806,申万宏源,7581,2.560,19407.360,16783.87307520,0.86482
2026-09-08,10:25,06881,中国银河,10742,7.805,83841.310,72507.64171420,0.86482
2026-09-08,10:25,06886,HTSC,4956,17.700,87721.200,75863.04818400,0.86482
2026-09-08,10:26,00165,中国光大控股,2174,6.570,14283.180,12352.37972760,0.86482
2026-09-08,10:26,00388,香港交易所,372,402.400,149692.800,129457.32729600,0.86482
2026-09-08,10:26,01359,中国信达,35009,0.915,32033.235,27702.98229270,0.86482
2026-09-08,10:26,01375,中州证券,5170,1.755,9073.350,7846.81454700,0.86482
2026-09-08,10:26,01456,国联民生,1914,3.915,7493.310,6480.36435420,0.86482
2026-09-08,10:26,01776,广发证券,4984,18.350,91456.400,79093.32384800,0.86482
2026-09-08,10:26,01788,国泰君安国际,12351,2.880,35570.880,30762.40844160,0.86482
2026-09-08,10:26,02611,国泰海通,8162,15.100,123246.200,106585.77868400,0.86482
2026-09-08,10:26,03908,中金公司,5540,21.340,118223.600,102242.13375200,0.86482
2026-09-08,10:26,03958,东方证券,4442,5.875,26096.750,22568.99133500,0.86482
2026-09-08,10:26,06030,中信证券,6975,26.620,185674.500,160575.02109000,0.86482
2026-09-08,10:26,06066,中信建投证券,3818,12.020,45892.360,39688.63077520,0.86482
2026-09-08,10:26,06099,招商证券,2205,15.400,33957.000,29366.69274000,0.86482
2026-09-08,10:26,06178,光大证券,2132,7.525,16043.300,13874.56670600,0.86482
2026-09-08,10:26,06806,申万宏源,7581,2.560,19407.360,16783.87307520,0.86482
2026-09-08,10:26,06881,中国银河,10742,7.815,83948.730,72600.54067860,0.86482
2026-09-08,10:26,06886,HTSC,4956,17.700,87721.200,75863.04818400,0.86482
2026-09-08,10:27,00165,中国光大控股,2174,6.570,14283.180,12352.37972760,0.86482
2026-09-08,10:27,00388,香港交易所,372,402.400,149692.800,129457.32729600,0.86482
2026-09-08,10:27,01359,中国信达,35009,0.915,32033.235,27702.98229270,0.86482
2026-09-08,10:27,01375,中州证券,5170,1.755,9073.350,7846.81454700,0.86482
2026-09-08,10:27,01456,国联民生,1914,3.915,7493.310,6480.36435420,0.86482
2026-09-08,10:27,01776,广发证券,4984,18.330,91356.720,79007.11859040,0.86482
2026-09-08,10:27,01788,国泰君安国际,12351,2.880,35570.880,30762.40844160,0.86482
2026-09-08,10:27,02611,国泰海通,8162,15.100,123246.200,106585.77868400,0.86482
2026-09-08,10:27,03908,中金公司,5540,21.360,118334.400,102337.95580800,0.86482
2026-09-08,10:27,03958,东方证券,4442,5.875,26096.750,22568.99133500,0.86482
2026-09-08,10:27,06030,中信证券,6975,26.620,185674.500,160575.02109000,0.86482
2026-09-08,10:27,06066,中信建投证券,3818,12.030,45930.540,39721.64960280,0.86482
2026-09-08,10:27,06099,招商证券,2205,15.430,34023.150,29423.90058300,0.86482
2026-09-08,10:27,06178,光大证券,2132,7.530,16053.960,13883.78568720,0.86482
2026-09-08,10:27,06806,申万宏源,7581,2.565,19445.265,16816.65407730,0.86482
2026-09-08,10:27,06881,中国银河,10742,7.805,83841.310,72507.64171420,0.86482
2026-09-08,10:27,06886,HTSC,4956,17.700,87721.200,75863.04818400,0.86482
2026-09-08,10:28,00165,中国光大控股,2174,6.575,14294.050,12361.78032100,0.86482
2026-09-08,10:28,00388,香港交易所,372,402.600,149767.200,129521.66990400,0.86482
2026-09-08,10:28,01359,中国信达,35009,0.915,32033.235,27702.98229270,0.86482
2026-09-08,10:28,01375,中州证券,5170,1.755,9073.350,7846.81454700,0.86482
2026-09-08,10:28,01456,国联民生,1914,3.910,7483.740,6472.08802680,0.86482
2026-09-08,10:28,01776,广发证券,4984,18.330,91356.720,79007.11859040,0.86482
2026-09-08,10:28,01788,国泰君安国际,12351,2.875,35509.125,30709.00148250,0.86482
2026-09-08,10:28,02611,国泰海通,8162,15.100,123246.200,106585.77868400,0.86482
2026-09-08,10:28,03908,中金公司,5540,21.380,118445.200,102433.77786400,0.86482
2026-09-08,10:28,03958,东方证券,4442,5.875,26096.750,22568.99133500,0.86482
2026-09-08,10:28,06030,中信证券,6975,26.640,185814.000,160695.66348000,0.86482
2026-09-08,10:28,06066,中信建投证券,3818,12.030,45930.540,39721.64960280,0.86482
2026-09-08,10:28,06099,招商证券,2205,15.380,33912.900,29328.55417800,0.86482
2026-09-08,10:28,06178,光大证券,2132,7.510,16011.320,13846.90976240,0.86482
2026-09-08,10:28,06806,申万宏源,7581,2.560,19407.360,16783.87307520,0.86482
2026-09-08,10:28,06881,中国银河,10742,7.805,83841.310,72507.64171420,0.86482
2026-09-08,10:28,06886,HTSC,4956,17.700,87721.200,75863.04818400,0.86482
2026-09-08,10:29,00165,中国光大控股,2174,6.580,14304.920,12371.18091440,0.86482
2026-09-08,10:29,00388,香港交易所,372,402.600,149767.200,129521.66990400,0.86482
2026-09-08,10:29,01359,中国信达,35009,0.915,32033.235,27702.98229270,0.86482
2026-09-08,10:29,01375,中州证券,5170,1.755,9073.350,7846.81454700,0.86482
2026-09-08,10:29,01456,国联民生,1914,3.915,7493.310,6480.36435420,0.86482
2026-09-08,10:29,01776,广发证券,4984,18.340,91406.560,79050.22121920,0.86482
2026-09-08,10:29,01788,国泰君安国际,12351,2.875,35509.125,30709.00148250,0.86482
2026-09-08,10:29,02611,国泰海通,8162,15.100,123246.200,106585.77868400,0.86482
2026-09-08,10:29,03908,中金公司,5540,21.360,118334.400,102337.95580800,0.86482
2026-09-08,10:29,03958,东方证券,4442,5.895,26185.590,22645.82194380,0.86482
2026-09-08,10:29,06030,中信证券,6975,26.700,186232.500,161057.59065000,0.86482
2026-09-08,10:29,06066,中信建投证券,3818,12.010,45854.180,39655.61194760,0.86482
2026-09-08,10:29,06099,招商证券,2205,15.380,33912.900,29328.55417800,0.86482
2026-09-08,10:29,06178,光大证券,2132,7.510,16011.320,13846.90976240,0.86482
2026-09-08,10:29,06806,申万宏源,7581,2.560,19407.360,16783.87307520,0.86482
2026-09-08,10:29,06881,中国银河,10742,7.820,84002.440,72646.99016080,0.86482
2026-09-08,10:29,06886,HTSC,4956,17.700,87721.200,75863.04818400,0.86482
2026-09-08,10:30,00165,中国光大控股,2174,6.570,14283.180,12352.37972760,0.86482
2026-09-08,10:30,00388,香港交易所,372,402.600,149767.200,129521.66990400,0.86482
2026-09-08,10:30,01359,中国信达,35009,0.915,32033.235,27702.98229270,0.86482
2026-09-08,10:30,01375,中州证券,5170,1.755,9073.350,7846.81454700,0.86482
2026-09-08,10:30,01456,国联民生,1914,3.910,7483.740,6472.08802680,0.86482
2026-09-08,10:30,01776,广发证券,4984,18.340,91406.560,79050.22121920,0.86482
2026-09-08,10:30,01788,国泰君安国际,12351,2.880,35570.880,30762.40844160,0.86482
2026-09-08,10:30,02611,国泰海通,8162,15.100,123246.200,106585.77868400,0.86482
2026-09-08,10:30,03908,中金公司,5540,21.340,118223.600,102242.13375200,0.86482
2026-09-08,10:30,03958,东方证券,4442,5.885,26141.170,22607.40663940,0.86482
2026-09-08,10:30,06030,中信证券,6975,26.600,185535.000,160454.37870000,0.86482
2026-09-08,10:30,06066,中信建投证券,3818,12.000,45816.000,39622.59312000,0.86482
2026-09-08,10:30,06099,招商证券,2205,15.360,33868.800,29290.41561600,0.86482
2026-09-08,10:30,06178,光大证券,2132,7.510,16011.320,13846.90976240,0.86482
2026-09-08,10:30,06806,申万宏源,7581,2.560,19407.360,16783.87307520,0.86482
2026-09-08,10:30,06881,中国银河,10742,7.780,83572.760,72275.39430320,0.86482
2026-09-08,10:30,06886,HTSC,4956,17.700,87721.200,75863.04818400,0.86482
2026-09-08,10:31,00165,中国光大控股,2174,6.565,14272.310,12342.97913420,0.86482
2026-09-08,10:31,00388,香港交易所,372,402.400,149692.800,129457.32729600,0.86482
2026-09-08,10:31,01359,中国信达,35009,0.920,32208.280,27854.36470960,0.86482
2026-09-08,10:31,01375,中州证券,5170,1.755,9073.350,7846.81454700,0.86482
2026-09-08,10:31,01456,国联民生,1914,3.915,7493.310,6480.36435420,0.86482
2026-09-08,10:31,01776,广发证券,4984,18.350,91456.400,79093.32384800,0.86482
2026-09-08,10:31,01788,国泰君安国际,12351,2.880,35570.880,30762.40844160,0.86482
2026-09-08,10:31,02611,国泰海通,8162,15.110,123327.820,106656.36529240,0.86482
2026-09-08,10:31,03908,中金公司,5540,21.380,118445.200,102433.77786400,0.86482
2026-09-08,10:31,03958,东方证券,4442,5.880,26118.960,22588.19898720,0.86482
2026-09-08,10:31,06030,中信证券,6975,26.660,185953.500,160816.30587000,0.86482
2026-09-08,10:31,06066,中信建投证券,3818,12.010,45854.180,39655.61194760,0.86482
2026-09-08,10:31,06099,招商证券,2205,15.390,33934.950,29347.62345900,0.86482
2026-09-08,10:31,06178,光大证券,2132,7.520,16032.640,13865.34772480,0.86482
2026-09-08,10:31,06806,申万宏源,7581,2.555,19369.455,16751.09207310,0.86482
2026-09-08,10:31,06881,中国银河,10742,7.780,83572.760,72275.39430320,0.86482
2026-09-08,10:31,06886,HTSC,4956,17.700,87721.200,75863.04818400,0.86482
2026-09-08,10:32,00165,中国光大控股,2174,6.560,14261.440,12333.57854080,0.86482
2026-09-08,10:32,00388,香港交易所,372,402.400,149692.800,129457.32729600,0.86482
2026-09-08,10:32,01359,中国信达,35009,0.920,32208.280,27854.36470960,0.86482
2026-09-08,10:32,01375,中州证券,5170,1.755,9073.350,7846.81454700,0.86482
2026-09-08,10:32,01456,国联民生,1914,3.915,7493.310,6480.36435420,0.86482
2026-09-08,10:32,01776,广发证券,4984,18.340,91406.560,79050.22121920,0.86482
2026-09-08,10:32,01788,国泰君安国际,12351,2.880,35570.880,30762.40844160,0.86482
2026-09-08,10:32,02611,国泰海通,8162,15.130,123491.060,106797.53850920,0.86482
2026-09-08,10:32,03908,中金公司,5540,21.360,118334.400,102337.95580800,0.86482
2026-09-08,10:32,03958,东方证券,4442,5.895,26185.590,22645.82194380,0.86482
2026-09-08,10:32,06030,中信证券,6975,26.640,185814.000,160695.66348000,0.86482
2026-09-08,10:32,06066,中信建投证券,3818,12.010,45854.180,39655.61194760,0.86482
2026-09-08,10:32,06099,招商证券,2205,15.420,34001.100,29404.83130200,0.86482
2026-09-08,10:32,06178,光大证券,2132,7.505,16000.660,13837.69078120,0.86482
2026-09-08,10:32,06806,申万宏源,7581,2.560,19407.360,16783.87307520,0.86482
2026-09-08,10:32,06881,中国银河,10742,7.795,83733.890,72414.74274980,0.86482
2026-09-08,10:32,06886,HTSC,4956,17.700,87721.200,75863.04818400,0.86482
2026-09-08,10:33,00165,中国光大控股,2174,6.560,14261.440,12333.57854080,0.86482
2026-09-08,10:33,00388,香港交易所,372,402.600,149767.200,129521.66990400,0.86482
2026-09-08,10:33,01359,中国信达,35009,0.920,32208.280,27854.36470960,0.86482
2026-09-08,10:33,01375,中州证券,5170,1.755,9073.350,7846.81454700,0.86482
2026-09-08,10:33,01456,国联民生,1914,3.915,7493.310,6480.36435420,0.86482
2026-09-08,10:33,01776,广发证券,4984,18.380,91605.920,79222.63173440,0.86482
2026-09-08,10:33,01788,国泰君安国际,12351,2.880,35570.880,30762.40844160,0.86482
2026-09-08,10:33,02611,国泰海通,8162,15.130,123491.060,106797.53850920,0.86482
2026-09-08,10:33,03908,中金公司,5540,21.360,118334.400,102337.95580800,0.86482
2026-09-08,10:33,03958,东方证券,4442,5.900,26207.800,22665.02959600,0.86482
2026-09-08,10:33,06030,中信证券,6975,26.720,186372.000,161178.23304000,0.86482
2026-09-08,10:33,06066,中信建投证券,3818,12.040,45968.720,39754.66843040,0.86482
2026-09-08,10:33,06099,招商证券,2205,15.420,34001.100,29404.83130200,0.86482
2026-09-08,10:33,06178,光大证券,2132,7.515,16021.980,13856.12874360,0.86482
2026-09-08,10:33,06806,申万宏源,7581,2.560,19407.360,16783.87307520,0.86482
2026-09-08,10:33,06881,中国银河,10742,7.795,83733.890,72414.74274980,0.86482
2026-09-08,10:33,06886,HTSC,4956,17.700,87721.200,75863.04818400,0.86482
2026-09-08,10:34,00165,中国光大控股,2174,6.555,14250.570,12324.17794740,0.86482
2026-09-08,10:34,00388,香港交易所,372,402.400,149692.800,129457.32729600,0.86482
2026-09-08,10:34,01359,中国信达,35009,0.920,32208.280,27854.36470960,0.86482
2026-09-08,10:34,01375,中州证券,5170,1.755,9073.350,7846.81454700,0.86482
2026-09-08,10:34,01456,国联民生,1914,3.915,7493.310,6480.36435420,0.86482
2026-09-08,10:34,01776,广发证券,4984,18.340,91406.560,79050.22121920,0.86482
2026-09-08,10:34,01788,国泰君安国际,12351,2.880,35570.880,30762.40844160,0.86482
2026-09-08,10:34,02611,国泰海通,8162,15.140,123572.680,106868.12511760,0.86482
2026-09-08,10:34,03908,中金公司,5540,21.380,118445.200,102433.77786400,0.86482
2026-09-08,10:34,03958,东方证券,4442,5.900,26207.800,22665.02959600,0.86482
2026-09-08,10:34,06030,中信证券,6975,26.660,185953.500,160816.30587000,0.86482
2026-09-08,10:34,06066,中信建投证券,3818,12.040,45968.720,39754.66843040,0.86482
2026-09-08,10:34,06099,招商证券,2205,15.420,34001.100,29404.83130200,0.86482
2026-09-08,10:34,06178,光大证券,2132,7.525,16043.300,13874.56670600,0.86482
2026-09-08,10:34,06806,申万宏源,7581,2.560,19407.360,16783.87307520,0.86482
2026-09-08,10:34,06881,中国银河,10742,7.800,83787.600,72461.19223200,0.86482
2026-09-08,10:34,06886,HTSC,4956,17.700,87721.200,75863.04818400,0.86482
2026-09-08,10:35,00165,中国光大控股,2174,6.545,14228.830,12305.37676060,0.86482
2026-09-08,10:35,00388,香港交易所,372,402.400,149692.800,129457.32729600,0.86482
2026-09-08,10:35,01359,中国信达,35009,0.920,32208.280,27854.36470960,0.86482
2026-09-08,10:35,01375,中州证券,5170,1.755,9073.350,7846.81454700,0.86482
2026-09-08,10:35,01456,国联民生,1914,3.910,7483.740,6472.08802680,0.86482
2026-09-08,10:35,01776,广发证券,4984,18.330,91356.720,79007.11859040,0.86482
2026-09-08,10:35,01788,国泰君安国际,12351,2.880,35570.880,30762.40844160,0.86482
2026-09-08,10:35,02611,国泰海通,8162,15.140,123572.680,106868.12511760,0.86482
2026-09-08,10:35,03908,中金公司,5540,21.320,118112.800,102146.31169600,0.86482
2026-09-08,10:35,03958,东方证券,4442,5.895,26185.590,22645.82194380,0.86482
2026-09-08,10:35,06030,中信证券,6975,26.640,185814.000,160695.66348000,0.86482
2026-09-08,10:35,06066,中信建投证券,3818,12.000,45816.000,39622.59312000,0.86482
2026-09-08,10:35,06099,招商证券,2205,15.390,33934.950,29347.62345900,0.86482
2026-09-08,10:35,06178,光大证券,2132,7.525,16043.300,13874.56670600,0.86482
2026-09-08,10:35,06806,申万宏源,7581,2.555,19369.455,16751.09207310,0.86482
2026-09-08,10:35,06881,中国银河,10742,7.800,83787.600,72461.19223200,0.86482
2026-09-08,10:35,06886,HTSC,4956,17.700,87721.200,75863.04818400,0.86482
2026-09-08,10:36,00165,中国光大控股,2174,6.535,14207.090,12286.57557380,0.86482
2026-09-08,10:36,00388,香港交易所,372,402.600,149767.200,129521.66990400,0.86482
2026-09-08,10:36,01359,中国信达,35009,0.920,32208.280,27854.36470960,0.86482
2026-09-08,10:36,01375,中州证券,5170,1.750,9047.500,7824.45895000,0.86482
2026-09-08,10:36,01456,国联民生,1914,3.910,7483.740,6472.08802680,0.86482
2026-09-08,10:36,01776,广发证券,4984,18.280,91107.520,78791.60544640,0.86482
2026-09-08,10:36,01788,国泰君安国际,12351,2.880,35570.880,30762.40844160,0.86482
2026-09-08,10:36,02611,国泰海通,8162,15.140,123572.680,106868.12511760,0.86482
2026-09-08,10:36,03908,中金公司,5540,21.320,118112.800,102146.31169600,0.86482
2026-09-08,10:36,03958,东方证券,4442,5.880,26118.960,22588.19898720,0.86482
2026-09-08,10:36,06030,中信证券,6975,26.620,185674.500,160575.02109000,0.86482
2026-09-08,10:36,06066,中信建投证券,3818,12.000,45816.000,39622.59312000,0.86482
2026-09-08,10:36,06099,招商证券,2205,15.350,33846.750,29271.34633500,0.86482
2026-09-08,10:36,06178,光大证券,2132,7.525,16043.300,13874.56670600,0.86482
2026-09-08,10:36,06806,申万宏源,7581,2.555,19369.455,16751.09207310,0.86482
2026-09-08,10:36,06881,中国银河,10742,7.785,83626.470,72321.84378540,0.86482
2026-09-08,10:36,06886,HTSC,4956,17.700,87721.200,75863.04818400,0.86482
2026-09-08,10:37,00165,中国光大控股,2174,6.525,14185.350,12267.77438700,0.86482
2026-09-08,10:37,00388,香港交易所,372,402.600,149767.200,129521.66990400,0.86482
2026-09-08,10:37,01359,中国信达,35009,0.920,32208.280,27854.36470960,0.86482
2026-09-08,10:37,01375,中州证券,5170,1.750,9047.500,7824.45895000,0.86482
2026-09-08,10:37,01456,国联民生,1914,3.910,7483.740,6472.08802680,0.86482
2026-09-08,10:37,01776,广发证券,4984,18.300,91207.200,78877.81070400,0.86482
2026-09-08,10:37,01788,国泰君安国际,12351,2.880,35570.880,30762.40844160,0.86482
2026-09-08,10:37,02611,国泰海通,8162,15.130,123491.060,106797.53850920,0.86482
2026-09-08,10:37,03908,中金公司,5540,21.320,118112.800,102146.31169600,0.86482
2026-09-08,10:37,03958,东方证券,4442,5.875,26096.750,22568.99133500,0.86482
2026-09-08,10:37,06030,中信证券,6975,26.640,185814.000,160695.66348000,0.86482
2026-09-08,10:37,06066,中信建投证券,3818,11.990,45777.820,39589.57429240,0.86482
2026-09-08,10:37,06099,招商证券,2205,15.350,33846.750,29271.34633500,0.86482
2026-09-08,10:37,06178,光大证券,2132,7.525,16043.300,13874.56670600,0.86482
2026-09-08,10:37,06806,申万宏源,7581,2.550,19331.550,16718.31107100,0.86482
2026-09-08,10:37,06881,中国银河,10742,7.785,83626.470,72321.84378540,0.86482
2026-09-08,10:37,06886,HTSC,4956,17.690,87671.640,75820.18770480,0.86482
2026-09-08,10:38,00165,中国光大控股,2174,6.525,14185.350,12267.77438700,0.86482
2026-09-08,10:38,00388,香港交易所,372,402.600,149767.200,129521.66990400,0.86482
2026-09-08,10:38,01359,中国信达,35009,0.920,32208.280,27854.36470960,0.86482
2026-09-08,10:38,01375,中州证券,5170,1.745,9021.650,7802.10335300,0.86482
2026-09-08,10:38,01456,国联民生,1914,3.910,7483.740,6472.08802680,0.86482
2026-09-08,10:38,01776,广发证券,4984,18.300,91207.200,78877.81070400,0.86482
2026-09-08,10:38,01788,国泰君安国际,12351,2.880,35570.880,30762.40844160,0.86482
2026-09-08,10:38,02611,国泰海通,8162,15.130,123491.060,106797.53850920,0.86482
2026-09-08,10:38,03908,中金公司,5540,21.280,117891.200,101954.66758400,0.86482
2026-09-08,10:38,03958,东方证券,4442,5.870,26074.540,22549.78368280,0.86482
2026-09-08,10:38,06030,中信证券,6975,26.640,185814.000,160695.66348000,0.86482
2026-09-08,10:38,06066,中信建投证券,3818,11.990,45777.820,39589.57429240,0.86482
2026-09-08,10:38,06099,招商证券,2205,15.350,33846.750,29271.34633500,0.86482
2026-09-08,10:38,06178,光大证券,2132,7.500,15990.000,13828.47180000,0.86482
2026-09-08,10:38,06806,申万宏源,7581,2.550,19331.550,16718.31107100,0.86482
2026-09-08,10:38,06881,中国银河,10742,7.790,83680.180,72368.29326760,0.86482
2026-09-08,10:38,06886,HTSC,4956,17.690,87671.640,75820.18770480,0.86482
2026-09-08,10:39,00165,中国光大控股,2174,6.530,14196.220,12277.17498040,0.86482
2026-09-08,10:39,00388,香港交易所,372,402.600,149767.200,129521.66990400,0.86482
2026-09-08,10:39,01359,中国信达,35009,0.920,32208.280,27854.36470960,0.86482
2026-09-08,10:39,01375,中州证券,5170,1.745,9021.650,7802.10335300,0.86482
2026-09-08,10:39,01456,国联民生,1914,3.910,7483.740,6472.08802680,0.86482
2026-09-08,10:39,01776,广发证券,4984,18.330,91356.720,79007.11859040,0.86482
2026-09-08,10:39,01788,国泰君安国际,12351,2.880,35570.880,30762.40844160,0.86482
2026-09-08,10:39,02611,国泰海通,8162,15.140,123572.680,106868.12511760,0.86482
2026-09-08,10:39,03908,中金公司,5540,21.320,118112.800,102146.31169600,0.86482
2026-09-08,10:39,03958,东方证券,4442,5.870,26074.540,22549.78368280,0.86482
2026-09-08,10:39,06030,中信证券,6975,26.640,185814.000,160695.66348000,0.86482
2026-09-08,10:39,06066,中信建投证券,3818,12.000,45816.000,39622.59312000,0.86482
2026-09-08,10:39,06099,招商证券,2205,15.380,33912.900,29328.55417800,0.86482
2026-09-08,10:39,06178,光大证券,2132,7.515,16021.980,13856.12874360,0.86482
2026-09-08,10:39,06806,申万宏源,7581,2.550,19331.550,16718.31107100,0.86482
2026-09-08,10:39,06881,中国银河,10742,7.800,83787.600,72461.19223200,0.86482
2026-09-08,10:39,06886,HTSC,4956,17.670,87572.520,75734.46674640,0.86482
2026-09-08,10:40,00165,中国光大控股,2174,6.540,14217.960,12295.97616720,0.86482
2026-09-08,10:40,00388,香港交易所,372,402.600,149767.200,129521.66990400,0.86482
2026-09-08,10:40,01359,中国信达,35009,0.920,32208.280,27854.36470960,0.86482
2026-09-08,10:40,01375,中州证券,5170,1.755,9073.350,7846.81454700,0.86482
2026-09-08,10:40,01456,国联民生,1914,3.910,7483.740,6472.08802680,0.86482
2026-09-08,10:40,01776,广发证券,4984,18.360,91506.240,79136.42647680,0.86482
2026-09-08,10:40,01788,国泰君安国际,12351,2.880,35570.880,30762.40844160,0.86482
2026-09-08,10:40,02611,国泰海通,8162,15.150,123654.300,106938.71172600,0.86482
2026-09-08,10:40,03908,中金公司,5540,21.260,117780.400,101858.84552800,0.86482
2026-09-08,10:40,03958,东方证券,4442,5.900,26207.800,22665.02959600,0.86482
2026-09-08,10:40,06030,中信证券,6975,26.700,186232.500,161057.59065000,0.86482
2026-09-08,10:40,06066,中信建投证券,3818,11.990,45777.820,39589.57429240,0.86482
2026-09-08,10:40,06099,招商证券,2205,15.400,33957.000,29366.69274000,0.86482
2026-09-08,10:40,06178,光大证券,2132,7.530,16053.960,13883.78568720,0.86482
2026-09-08,10:40,06806,申万宏源,7581,2.555,19369.455,16751.09207310,0.86482
2026-09-08,10:40,06881,中国银河,10742,7.800,83787.600,72461.19223200,0.86482
2026-09-08,10:40,06886,HTSC,4956,17.690,87671.640,75820.18770480,0.86482
2026-09-08,10:41,00165,中国光大控股,2174,6.540,14217.960,12295.97616720,0.86482
2026-09-08,10:41,00388,香港交易所,372,402.800,149841.600,129586.01251200,0.86482
2026-09-08,10:41,01359,中国信达,35009,0.920,32208.280,27854.36470960,0.86482
2026-09-08,10:41,01375,中州证券,5170,1.750,9047.500,7824.45895000,0.86482
2026-09-08,10:41,01456,国联民生,1914,3.910,7483.740,6472.08802680,0.86482
2026-09-08,10:41,01776,广发证券,4984,18.310,91257.040,78920.91333280,0.86482
2026-09-08,10:41,01788,国泰君安国际,12351,2.880,35570.880,30762.40844160,0.86482
2026-09-08,10:41,02611,国泰海通,8162,15.130,123491.060,106797.53850920,0.86482
2026-09-08,10:41,03908,中金公司,5540,21.300,118002.000,102050.48964000,0.86482
2026-09-08,10:41,03958,东方证券,4442,5.900,26207.800,22665.02959600,0.86482
2026-09-08,10:41,06030,中信证券,6975,26.700,186232.500,161057.59065000,0.86482
2026-09-08,10:41,06066,中信建投证券,3818,12.000,45816.000,39622.59312000,0.86482
2026-09-08,10:41,06099,招商证券,2205,15.360,33868.800,29290.41561600,0.86482
2026-09-08,10:41,06178,光大证券,2132,7.520,16032.640,13865.34772480,0.86482
2026-09-08,10:41,06806,申万宏源,7581,2.550,19331.550,16718.31107100,0.86482
2026-09-08,10:41,06881,中国银河,10742,7.805,83841.310,72507.64171420,0.86482
2026-09-08,10:41,06886,HTSC,4956,17.690,87671.640,75820.18770480,0.86482
2026-09-08,10:42,00165,中国光大控股,2174,6.545,14228.830,12305.37676060,0.86482
2026-09-08,10:42,00388,香港交易所,372,402.800,149841.600,129586.01251200,0.86482
2026-09-08,10:42,01359,中国信达,35009,0.920,32208.280,27854.36470960,0.86482
2026-09-08,10:42,01375,中州证券,5170,1.750,9047.500,7824.45895000,0.86482
2026-09-08,10:42,01456,国联民生,1914,3.910,7483.740,6472.08802680,0.86482
2026-09-08,10:42,01776,广发证券,4984,18.280,91107.520,78791.60544640,0.86482
2026-09-08,10:42,01788,国泰君安国际,12351,2.880,35570.880,30762.40844160,0.86482
2026-09-08,10:42,02611,国泰海通,8162,15.160,123735.920,107009.29833440,0.86482
2026-09-08,10:42,03908,中金公司,5540,21.240,117669.600,101763.02347200,0.86482
2026-09-08,10:42,03958,东方证券,4442,5.880,26118.960,22588.19898720,0.86482
2026-09-08,10:42,06030,中信证券,6975,26.640,185814.000,160695.66348000,0.86482
2026-09-08,10:42,06066,中信建投证券,3818,11.990,45777.820,39589.57429240,0.86482
2026-09-08,10:42,06099,招商证券,2205,15.380,33912.900,29328.55417800,0.86482
2026-09-08,10:42,06178,光大证券,2132,7.520,16032.640,13865.34772480,0.86482
2026-09-08,10:42,06806,申万宏源,7581,2.550,19331.550,16718.31107100,0.86482
2026-09-08,10:42,06881,中国银河,10742,7.810,83895.020,72554.09119640,0.86482
2026-09-08,10:42,06886,HTSC,4956,17.690,87671.640,75820.18770480,0.86482
2026-09-08,10:43,00165,中国光大控股,2174,6.545,14228.830,12305.37676060,0.86482
2026-09-08,10:43,00388,香港交易所,372,402.800,149841.600,129586.01251200,0.86482
2026-09-08,10:43,01359,中国信达,35009,0.915,32033.235,27702.98229270,0.86482
2026-09-08,10:43,01375,中州证券,5170,1.750,9047.500,7824.45895000,0.86482
2026-09-08,10:43,01456,国联民生,1914,3.905,7474.170,6463.81169940,0.86482
2026-09-08,10:43,01776,广发证券,4984,18.300,91207.200,78877.81070400,0.86482
2026-09-08,10:43,01788,国泰君安国际,12351,2.875,35509.125,30709.00148250,0.86482
2026-09-08,10:43,02611,国泰海通,8162,15.120,123409.440,106726.95190080,0.86482
2026-09-08,10:43,03908,中金公司,5540,21.260,117780.400,101858.84552800,0.86482
2026-09-08,10:43,03958,东方证券,4442,5.880,26118.960,22588.19898720,0.86482
2026-09-08,10:43,06030,中信证券,6975,26.620,185674.500,160575.02109000,0.86482
2026-09-08,10:43,06066,中信建投证券,3818,11.990,45777.820,39589.57429240,0.86482
2026-09-08,10:43,06099,招商证券,2205,15.380,33912.900,29328.55417800,0.86482
2026-09-08,10:43,06178,光大证券,2132,7.520,16032.640,13865.34772480,0.86482
2026-09-08,10:43,06806,申万宏源,7581,2.550,19331.550,16718.31107100,0.86482
2026-09-08,10:43,06881,中国银河,10742,7.805,83841.310,72507.64171420,0.86482
2026-09-08,10:43,06886,HTSC,4956,17.690,87671.640,75820.18770480,0.86482
2026-09-08,10:44,00165,中国光大控股,2174,6.540,14217.960,12295.97616720,0.86482
2026-09-08,10:44,00388,香港交易所,372,402.400,149692.800,129457.32729600,0.86482
2026-09-08,10:44,01359,中国信达,35009,0.915,32033.235,27702.98229270,0.86482
2026-09-08,10:44,01375,中州证券,5170,1.750,9047.500,7824.45895000,0.86482
2026-09-08,10:44,01456,国联民生,1914,3.905,7474.170,6463.81169940,0.86482
2026-09-08,10:44,01776,广发证券,4984,18.320,91306.880,78964.01596160,0.86482
2026-09-08,10:44,01788,国泰君安国际,12351,2.875,35509.125,30709.00148250,0.86482
2026-09-08,10:44,02611,国泰海通,8162,15.120,123409.440,106726.95190080,0.86482
2026-09-08,10:44,03908,中金公司,5540,21.240,117669.600,101763.02347200,0.86482
2026-09-08,10:44,03958,东方证券,4442,5.880,26118.960,22588.19898720,0.86482
2026-09-08,10:44,06030,中信证券,6975,26.620,185674.500,160575.02109000,0.86482
2026-09-08,10:44,06066,中信建投证券,3818,11.990,45777.820,39589.57429240,0.86482
2026-09-08,10:44,06099,招商证券,2205,15.380,33912.900,29328.55417800,0.86482
2026-09-08,10:44,06178,光大证券,2132,7.520,16032.640,13865.34772480,0.86482
2026-09-08,10:44,06806,申万宏源,7581,2.550,19331.550,16718.31107100,0.86482
2026-09-08,10:44,06881,中国银河,10742,7.800,83787.600,72461.19223200,0.86482
2026-09-08,10:44,06886,HTSC,4956,17.690,87671.640,75820.18770480,0.86482
2026-09-08,10:45,00165,中国光大控股,2174,6.540,14217.960,12295.97616720,0.86482
2026-09-08,10:45,00388,香港交易所,372,402.800,149841.600,129586.01251200,0.86482
2026-09-08,10:45,01359,中国信达,35009,0.920,32208.280,27854.36470960,0.86482
2026-09-08,10:45,01375,中州证券,5170,1.755,9073.350,7846.81454700,0.86482
2026-09-08,10:45,01456,国联民生,1914,3.910,7483.740,6472.08802680,0.86482
2026-09-08,10:45,01776,广发证券,4984,18.330,91356.720,79007.11859040,0.86482
2026-09-08,10:45,01788,国泰君安国际,12351,2.880,35570.880,30762.40844160,0.86482
2026-09-08,10:45,02611,国泰海通,8162,15.120,123409.440,106726.95190080,0.86482
2026-09-08,10:45,03908,中金公司,5540,21.240,117669.600,101763.02347200,0.86482
2026-09-08,10:45,03958,东方证券,4442,5.875,26096.750,22568.99133500,0.86482
2026-09-08,10:45,06030,中信证券,6975,26.620,185674.500,160575.02109000,0.86482
2026-09-08,10:45,06066,中信建投证券,3818,12.020,45892.360,39688.63077520,0.86482
2026-09-08,10:45,06099,招商证券,2205,15.380,33912.900,29328.55417800,0.86482
2026-09-08,10:45,06178,光大证券,2132,7.535,16064.620,13893.00466840,0.86482
2026-09-08,10:45,06806,申万宏源,7581,2.550,19331.550,16718.31107100,0.86482
2026-09-08,10:45,06881,中国银河,10742,7.800,83787.600,72461.19223200,0.86482
2026-09-08,10:45,06886,HTSC,4956,17.690,87671.640,75820.18770480,0.86482
2026-09-08,10:46,00165,中国光大控股,2174,6.540,14217.960,12295.97616720,0.86482
2026-09-08,10:46,00388,香港交易所,372,402.800,149841.600,129586.01251200,0.86482
2026-09-08,10:46,01359,中国信达,35009,0.920,32208.280,27854.36470960,0.86482
2026-09-08,10:46,01375,中州证券,5170,1.755,9073.350,7846.81454700,0.86482
2026-09-08,10:46,01456,国联民生,1914,3.905,7474.170,6463.81169940,0.86482
2026-09-08,10:46,01776,广发证券,4984,18.280,91107.520,78791.60544640,0.86482
2026-09-08,10:46,01788,国泰君安国际,12351,2.880,35570.880,30762.40844160,0.86482
2026-09-08,10:46,02611,国泰海通,8162,15.130,123491.060,106797.53850920,0.86482
2026-09-08,10:46,03908,中金公司,5540,21.260,117780.400,101858.84552800,0.86482
2026-09-08,10:46,03958,东方证券,4442,5.880,26118.960,22588.19898720,0.86482
2026-09-08,10:46,06030,中信证券,6975,26.620,185674.500,160575.02109000,0.86482
2026-09-08,10:46,06066,中信建投证券,3818,12.020,45892.360,39688.63077520,0.86482
2026-09-08,10:46,06099,招商证券,2205,15.360,33868.800,29290.41561600,0.86482
2026-09-08,10:46,06178,光大证券,2132,7.550,16096.600,13920.66161200,0.86482
2026-09-08,10:46,06806,申万宏源,7581,2.550,19331.550,16718.31107100,0.86482
2026-09-08,10:46,06881,中国银河,10742,7.790,83680.180,72368.29326760,0.86482
2026-09-08,10:46,06886,HTSC,4956,17.690,87671.640,75820.18770480,0.86482
2026-09-08,10:47,00165,中国光大控股,2174,6.540,14217.960,12295.97616720,0.86482
2026-09-08,10:47,00388,香港交易所,372,402.400,149692.800,129457.32729600,0.86482
2026-09-08,10:47,01359,中国信达,35009,0.920,32208.280,27854.36470960,0.86482
2026-09-08,10:47,01375,中州证券,5170,1.755,9073.350,7846.81454700,0.86482
2026-09-08,10:47,01456,国联民生,1914,3.905,7474.170,6463.81169940,0.86482
2026-09-08,10:47,01776,广发证券,4984,18.300,91207.200,78877.81070400,0.86482
2026-09-08,10:47,01788,国泰君安国际,12351,2.880,35570.880,30762.40844160,0.86482
2026-09-08,10:47,02611,国泰海通,8162,15.120,123409.440,106726.95190080,0.86482
2026-09-08,10:47,03908,中金公司,5540,21.280,117891.200,101954.66758400,0.86482
2026-09-08,10:47,03958,东方证券,4442,5.875,26096.750,22568.99133500,0.86482
2026-09-08,10:47,06030,中信证券,6975,26.620,185674.500,160575.02109000,0.86482
2026-09-08,10:47,06066,中信建投证券,3818,12.020,45892.360,39688.63077520,0.86482
2026-09-08,10:47,06099,招商证券,2205,15.390,33934.950,29347.62345900,0.86482
2026-09-08,10:47,06178,光大证券,2132,7.520,16032.640,13865.34772480,0.86482
2026-09-08,10:47,06806,申万宏源,7581,2.550,19331.550,16718.31107100,0.86482
2026-09-08,10:47,06881,中国银河,10742,7.805,83841.310,72507.64171420,0.86482
2026-09-08,10:47,06886,HTSC,4956,17.690,87671.640,75820.18770480,0.86482
2026-09-08,10:48,00165,中国光大控股,2174,6.540,14217.960,12295.97616720,0.86482
2026-09-08,10:48,00388,香港交易所,372,402.600,149767.200,129521.66990400,0.86482
2026-09-08,10:48,01359,中国信达,35009,0.920,32208.280,27854.36470960,0.86482
2026-09-08,10:48,01375,中州证券,5170,1.755,9073.350,7846.81454700,0.86482
2026-09-08,10:48,01456,国联民生,1914,3.910,7483.740,6472.08802680,0.86482
2026-09-08,10:48,01776,广发证券,4984,18.330,91356.720,79007.11859040,0.86482
2026-09-08,10:48,01788,国泰君安国际,12351,2.880,35570.880,30762.40844160,0.86482
2026-09-08,10:48,02611,国泰海通,8162,15.110,123327.820,106656.36529240,0.86482
2026-09-08,10:48,03908,中金公司,5540,21.300,118002.000,102050.48964000,0.86482
2026-09-08,10:48,03958,东方证券,4442,5.890,26163.380,22626.61429160,0.86482
2026-09-08,10:48,06030,中信证券,6975,26.640,185814.000,160695.66348000,0.86482
2026-09-08,10:48,06066,中信建投证券,3818,12.030,45930.540,39721.64960280,0.86482
2026-09-08,10:48,06099,招商证券,2205,15.360,33868.800,29290.41561600,0.86482
2026-09-08,10:48,06178,光大证券,2132,7.530,16053.960,13883.78568720,0.86482
2026-09-08,10:48,06806,申万宏源,7581,2.550,19331.550,16718.31107100,0.86482
2026-09-08,10:48,06881,中国银河,10742,7.810,83895.020,72554.09119640,0.86482
2026-09-08,10:48,06886,HTSC,4956,17.690,87671.640,75820.18770480,0.86482
2026-09-08,10:49,00165,中国光大控股,2174,6.540,14217.960,12295.97616720,0.86482
2026-09-08,10:49,00388,香港交易所,372,402.600,149767.200,129521.66990400,0.86482
2026-09-08,10:49,01359,中国信达,35009,0.920,32208.280,27854.36470960,0.86482
2026-09-08,10:49,01375,中州证券,5170,1.755,9073.350,7846.81454700,0.86482
2026-09-08,10:49,01456,国联民生,1914,3.910,7483.740,6472.08802680,0.86482
2026-09-08,10:49,01776,广发证券,4984,18.330,91356.720,79007.11859040,0.86482
2026-09-08,10:49,01788,国泰君安国际,12351,2.880,35570.880,30762.40844160,0.86482
2026-09-08,10:49,02611,国泰海通,8162,15.120,123409.440,106726.95190080,0.86482
2026-09-08,10:49,03908,中金公司,5540,21.280,117891.200,101954.66758400,0.86482
2026-09-08,10:49,03958,东方证券,4442,5.890,26163.380,22626.61429160,0.86482
2026-09-08,10:49,06030,中信证券,6975,26.640,185814.000,160695.66348000,0.86482
2026-09-08,10:49,06066,中信建投证券,3818,12.020,45892.360,39688.63077520,0.86482
2026-09-08,10:49,06099,招商证券,2205,15.360,33868.800,29290.41561600,0.86482
2026-09-08,10:49,06178,光大证券,2132,7.530,16053.960,13883.78568720,0.86482
2026-09-08,10:49,06806,申万宏源,7581,2.555,19369.455,16751.09207310,0.86482
2026-09-08,10:49,06881,中国银河,10742,7.795,83733.890,72414.74274980,0.86482
2026-09-08,10:49,06886,HTSC,4956,17.690,87671.640,75820.18770480,0.86482
2026-09-08,10:50,00165,中国光大控股,2174,6.545,14228.830,12305.37676060,0.86482
2026-09-08,10:50,00388,香港交易所,372,402.600,149767.200,129521.66990400,0.86482
2026-09-08,10:50,01359,中国信达,35009,0.920,32208.280,27854.36470960,0.86482
2026-09-08,10:50,01375,中州证券,5170,1.755,9073.350,7846.81454700,0.86482
2026-09-08,10:50,01456,国联民生,1914,3.910,7483.740,6472.08802680,0.86482
2026-09-08,10:50,01776,广发证券,4984,18.330,91356.720,79007.11859040,0.86482
2026-09-08,10:50,01788,国泰君安国际,12351,2.880,35570.880,30762.40844160,0.86482
2026-09-08,10:50,02611,国泰海通,8162,15.140,123572.680,106868.12511760,0.86482
2026-09-08,10:50,03908,中金公司,5540,21.300,118002.000,102050.48964000,0.86482
2026-09-08,10:50,03958,东方证券,4442,5.890,26163.380,22626.61429160,0.86482
2026-09-08,10:50,06030,中信证券,6975,26.620,185674.500,160575.02109000,0.86482
2026-09-08,10:50,06066,中信建投证券,3818,12.040,45968.720,39754.66843040,0.86482
2026-09-08,10:50,06099,招商证券,2205,15.390,33934.950,29347.62345900,0.86482
2026-09-08,10:50,06178,光大证券,2132,7.535,16064.620,13893.00466840,0.86482
2026-09-08,10:50,06806,申万宏源,7581,2.555,19369.455,16751.09207310,0.86482
2026-09-08,10:50,06881,中国银河,10742,7.805,83841.310,72507.64171420,0.86482
2026-09-08,10:50,06886,HTSC,4956,17.700,87721.200,75863.04818400,0.86482
2026-09-08,10:51,00165,中国光大控股,2174,6.550,14239.700,12314.77735400,0.86482
2026-09-08,10:51,00388,香港交易所,372,402.800,149841.600,129586.01251200,0.86482
2026-09-08,10:51,01359,中国信达,35009,0.920,32208.280,27854.36470960,0.86482
2026-09-08,10:51,01375,中州证券,5170,1.755,9073.350,7846.81454700,0.86482
2026-09-08,10:51,01456,国联民生,1914,3.915,7493.310,6480.36435420,0.86482
2026-09-08,10:51,01776,广发证券,4984,18.350,91456.400,79093.32384800,0.86482
2026-09-08,10:51,01788,国泰君安国际,12351,2.880,35570.880,30762.40844160,0.86482
2026-09-08,10:51,02611,国泰海通,8162,15.150,123654.300,106938.71172600,0.86482
2026-09-08,10:51,03908,中金公司,5540,21.300,118002.000,102050.48964000,0.86482
2026-09-08,10:51,03958,东方证券,4442,5.895,26185.590,22645.82194380,0.86482
2026-09-08,10:51,06030,中信证券,6975,26.640,185814.000,160695.66348000,0.86482
2026-09-08,10:51,06066,中信建投证券,3818,12.040,45968.720,39754.66843040,0.86482
2026-09-08,10:51,06099,招商证券,2205,15.400,33957.000,29366.69274000,0.86482
2026-09-08,10:51,06178,光大证券,2132,7.525,16043.300,13874.56670600,0.86482
2026-09-08,10:51,06806,申万宏源,7581,2.560,19407.360,16783.87307520,0.86482
2026-09-08,10:51,06881,中国银河,10742,7.820,84002.440,72646.99016080,0.86482
2026-09-08,10:51,06886,HTSC,4956,17.700,87721.200,75863.04818400,0.86482
2026-09-08,10:52,00165,中国光大控股,2174,6.550,14239.700,12314.77735400,0.86482
2026-09-08,10:52,00388,香港交易所,372,402.600,149767.200,129521.66990400,0.86482
2026-09-08,10:52,01359,中国信达,35009,0.920,32208.280,27854.36470960,0.86482
2026-09-08,10:52,01375,中州证券,5170,1.755,9073.350,7846.81454700,0.86482
2026-09-08,10:52,01456,国联民生,1914,3.915,7493.310,6480.36435420,0.86482
2026-09-08,10:52,01776,广发证券,4984,18.370,91556.080,79179.52910560,0.86482
2026-09-08,10:52,01788,国泰君安国际,12351,2.880,35570.880,30762.40844160,0.86482
2026-09-08,10:52,02611,国泰海通,8162,15.150,123654.300,106938.71172600,0.86482
2026-09-08,10:52,03908,中金公司,5540,21.300,118002.000,102050.48964000,0.86482
2026-09-08,10:52,03958,东方证券,4442,5.885,26141.170,22607.40663940,0.86482
2026-09-08,10:52,06030,中信证券,6975,26.680,186093.000,160936.94826000,0.86482
2026-09-08,10:52,06066,中信建投证券,3818,12.040,45968.720,39754.66843040,0.86482
2026-09-08,10:52,06099,招商证券,2205,15.400,33957.000,29366.69274000,0.86482
2026-09-08,10:52,06178,光大证券,2132,7.520,16032.640,13865.34772480,0.86482
2026-09-08,10:52,06806,申万宏源,7581,2.565,19445.265,16816.65407730,0.86482
2026-09-08,10:52,06881,中国银河,10742,7.820,84002.440,72646.99016080,0.86482
2026-09-08,10:52,06886,HTSC,4956,17.700,87721.200,75863.04818400,0.86482
2026-09-08,10:53,00165,中国光大控股,2174,6.535,14207.090,12286.57557380,0.86482
2026-09-08,10:53,00388,香港交易所,372,402.600,149767.200,129521.66990400,0.86482
2026-09-08,10:53,01359,中国信达,35009,0.920,32208.280,27854.36470960,0.86482
2026-09-08,10:53,01375,中州证券,5170,1.755,9073.350,7846.81454700,0.86482
2026-09-08,10:53,01456,国联民生,1914,3.910,7483.740,6472.08802680,0.86482
2026-09-08,10:53,01776,广发证券,4984,18.360,91506.240,79136.42647680,0.86482
2026-09-08,10:53,01788,国泰君安国际,12351,2.875,35509.125,30709.00148250,0.86482
2026-09-08,10:53,02611,国泰海通,8162,15.150,123654.300,106938.71172600,0.86482
2026-09-08,10:53,03908,中金公司,5540,21.300,118002.000,102050.48964000,0.86482
2026-09-08,10:53,03958,东方证券,4442,5.885,26141.170,22607.40663940,0.86482
2026-09-08,10:53,06030,中信证券,6975,26.680,186093.000,160936.94826000,0.86482
2026-09-08,10:53,06066,中信建投证券,3818,12.040,45968.720,39754.66843040,0.86482
2026-09-08,10:53,06099,招商证券,2205,15.390,33934.950,29347.62345900,0.86482
2026-09-08,10:53,06178,光大证券,2132,7.520,16032.640,13865.34772480,0.86482
2026-09-08,10:53,06806,申万宏源,7581,2.565,19445.265,16816.65407730,0.86482
2026-09-08,10:53,06881,中国银河,10742,7.820,84002.440,72646.99016080,0.86482
2026-09-08,10:53,06886,HTSC,4956,17.700,87721.200,75863.04818400,0.86482
2026-09-08,10:54,00165,中国光大控股,2174,6.535,14207.090,12286.57557380,0.86482
2026-09-08,10:54,00388,香港交易所,372,402.600,149767.200,129521.66990400,0.86482
2026-09-08,10:54,01359,中国信达,35009,0.920,32208.280,27854.36470960,0.86482
2026-09-08,10:54,01375,中州证券,5170,1.755,9073.350,7846.81454700,0.86482
2026-09-08,10:54,01456,国联民生,1914,3.910,7483.740,6472.08802680,0.86482
2026-09-08,10:54,01776,广发证券,4984,18.360,91506.240,79136.42647680,0.86482
2026-09-08,10:54,01788,国泰君安国际,12351,2.875,35509.125,30709.00148250,0.86482
2026-09-08,10:54,02611,国泰海通,8162,15.150,123654.300,106938.71172600,0.86482
2026-09-08,10:54,03908,中金公司,5540,21.260,117780.400,101858.84552800,0.86482
2026-09-08,10:54,03958,东方证券,4442,5.885,26141.170,22607.40663940,0.86482
2026-09-08,10:54,06030,中信证券,6975,26.640,185814.000,160695.66348000,0.86482
2026-09-08,10:54,06066,中信建投证券,3818,12.010,45854.180,39655.61194760,0.86482
2026-09-08,10:54,06099,招商证券,2205,15.390,33934.950,29347.62345900,0.86482
2026-09-08,10:54,06178,光大证券,2132,7.520,16032.640,13865.34772480,0.86482
2026-09-08,10:54,06806,申万宏源,7581,2.560,19407.360,16783.87307520,0.86482
2026-09-08,10:54,06881,中国银河,10742,7.820,84002.440,72646.99016080,0.86482
2026-09-08,10:54,06886,HTSC,4956,17.700,87721.200,75863.04818400,0.86482
2026-09-08,10:55,00165,中国光大控股,2174,6.535,14207.090,12286.57557380,0.86482
2026-09-08,10:55,00388,香港交易所,372,402.600,149767.200,129521.66990400,0.86482
2026-09-08,10:55,01359,中国信达,35009,0.920,32208.280,27854.36470960,0.86482
2026-09-08,10:55,01375,中州证券,5170,1.755,9073.350,7846.81454700,0.86482
2026-09-08,10:55,01456,国联民生,1914,3.910,7483.740,6472.08802680,0.86482
2026-09-08,10:55,01776,广发证券,4984,18.360,91506.240,79136.42647680,0.86482
2026-09-08,10:55,01788,国泰君安国际,12351,2.880,35570.880,30762.40844160,0.86482
2026-09-08,10:55,02611,国泰海通,8162,15.150,123654.300,106938.71172600,0.86482
2026-09-08,10:55,03908,中金公司,5540,21.280,117891.200,101954.66758400,0.86482
2026-09-08,10:55,03958,东方证券,4442,5.885,26141.170,22607.40663940,0.86482
2026-09-08,10:55,06030,中信证券,6975,26.640,185814.000,160695.66348000,0.86482
2026-09-08,10:55,06066,中信建投证券,3818,12.010,45854.180,39655.61194760,0.86482
2026-09-08,10:55,06099,招商证券,2205,15.390,33934.950,29347.62345900,0.86482
2026-09-08,10:55,06178,光大证券,2132,7.525,16043.300,13874.56670600,0.86482
2026-09-08,10:55,06806,申万宏源,7581,2.560,19407.360,16783.87307520,0.86482
2026-09-08,10:55,06881,中国银河,10742,7.820,84002.440,72646.99016080,0.86482
2026-09-08,10:55,06886,HTSC,4956,17.690,87671.640,75820.18770480,0.86482
2026-09-08,10:56,00165,中国光大控股,2174,6.535,14207.090,12286.57557380,0.86482
2026-09-08,10:56,00388,香港交易所,372,402.800,149841.600,129586.01251200,0.86482
2026-09-08,10:56,01359,中国信达,35009,0.920,32208.280,27854.36470960,0.86482
2026-09-08,10:56,01375,中州证券,5170,1.750,9047.500,7824.45895000,0.86482
2026-09-08,10:56,01456,国联民生,1914,3.905,7474.170,6463.81169940,0.86482
2026-09-08,10:56,01776,广发证券,4984,18.360,91506.240,79136.42647680,0.86482
2026-09-08,10:56,01788,国泰君安国际,12351,2.875,35509.125,30709.00148250,0.86482
2026-09-08,10:56,02611,国泰海通,8162,15.150,123654.300,106938.71172600,0.86482
2026-09-08,10:56,03908,中金公司,5540,21.280,117891.200,101954.66758400,0.86482
2026-09-08,10:56,03958,东方证券,4442,5.890,26163.380,22626.61429160,0.86482
2026-09-08,10:56,06030,中信证券,6975,26.640,185814.000,160695.66348000,0.86482
2026-09-08,10:56,06066,中信建投证券,3818,12.010,45854.180,39655.61194760,0.86482
2026-09-08,10:56,06099,招商证券,2205,15.390,33934.950,29347.62345900,0.86482
2026-09-08,10:56,06178,光大证券,2132,7.525,16043.300,13874.56670600,0.86482
2026-09-08,10:56,06806,申万宏源,7581,2.560,19407.360,16783.87307520,0.86482
2026-09-08,10:56,06881,中国银河,10742,7.800,83787.600,72461.19223200,0.86482
2026-09-08,10:56,06886,HTSC,4956,17.700,87721.200,75863.04818400,0.86482
2026-09-08,10:57,00165,中国光大控股,2174,6.535,14207.090,12286.57557380,0.86482
2026-09-08,10:57,00388,香港交易所,372,402.400,149692.800,129457.32729600,0.86482
2026-09-08,10:57,01359,中国信达,35009,0.915,32033.235,27702.98229270,0.86482
2026-09-08,10:57,01375,中州证券,5170,1.750,9047.500,7824.45895000,0.86482
2026-09-08,10:57,01456,国联民生,1914,3.905,7474.170,6463.81169940,0.86482
2026-09-08,10:57,01776,广发证券,4984,18.310,91257.040,78920.91333280,0.86482
2026-09-08,10:57,01788,国泰君安国际,12351,2.880,35570.880,30762.40844160,0.86482
2026-09-08,10:57,02611,国泰海通,8162,15.150,123654.300,106938.71172600,0.86482
2026-09-08,10:57,03908,中金公司,5540,21.220,117558.800,101667.20141600,0.86482
2026-09-08,10:57,03958,东方证券,4442,5.890,26163.380,22626.61429160,0.86482
2026-09-08,10:57,06030,中信证券,6975,26.620,185674.500,160575.02109000,0.86482
2026-09-08,10:57,06066,中信建投证券,3818,12.000,45816.000,39622.59312000,0.86482
2026-09-08,10:57,06099,招商证券,2205,15.390,33934.950,29347.62345900,0.86482
2026-09-08,10:57,06178,光大证券,2132,7.525,16043.300,13874.56670600,0.86482
2026-09-08,10:57,06806,申万宏源,7581,2.560,19407.360,16783.87307520,0.86482
2026-09-08,10:57,06881,中国银河,10742,7.795,83733.890,72414.74274980,0.86482
2026-09-08,10:57,06886,HTSC,4956,17.700,87721.200,75863.04818400,0.86482
2026-09-08,10:58,00165,中国光大控股,2174,6.540,14217.960,12295.97616720,0.86482
2026-09-08,10:58,00388,香港交易所,372,402.400,149692.800,129457.32729600,0.86482
2026-09-08,10:58,01359,中国信达,35009,0.920,32208.280,27854.36470960,0.86482
2026-09-08,10:58,01375,中州证券,5170,1.755,9073.350,7846.81454700,0.86482
2026-09-08,10:58,01456,国联民生,1914,3.905,7474.170,6463.81169940,0.86482
2026-09-08,10:58,01776,广发证券,4984,18.300,91207.200,78877.81070400,0.86482
2026-09-08,10:58,01788,国泰君安国际,12351,2.875,35509.125,30709.00148250,0.86482
2026-09-08,10:58,02611,国泰海通,8162,15.160,123735.920,107009.29833440,0.86482
2026-09-08,10:58,03908,中金公司,5540,21.240,117669.600,101763.02347200,0.86482
2026-09-08,10:58,03958,东方证券,4442,5.890,26163.380,22626.61429160,0.86482
2026-09-08,10:58,06030,中信证券,6975,26.640,185814.000,160695.66348000,0.86482
2026-09-08,10:58,06066,中信建投证券,3818,12.040,45968.720,39754.66843040,0.86482
2026-09-08,10:58,06099,招商证券,2205,15.370,33890.850,29309.48489700,0.86482
2026-09-08,10:58,06178,光大证券,2132,7.500,15990.000,13828.47180000,0.86482
2026-09-08,10:58,06806,申万宏源,7581,2.560,19407.360,16783.87307520,0.86482
2026-09-08,10:58,06881,中国银河,10742,7.805,83841.310,72507.64171420,0.86482
2026-09-08,10:58,06886,HTSC,4956,17.700,87721.200,75863.04818400,0.86482
2026-09-08,10:59,00165,中国光大控股,2174,6.540,14217.960,12295.97616720,0.86482
2026-09-08,10:59,00388,香港交易所,372,402.200,149618.400,129392.98468800,0.86482
2026-09-08,10:59,01359,中国信达,35009,0.920,32208.280,27854.36470960,0.86482
2026-09-08,10:59,01375,中州证券,5170,1.755,9073.350,7846.81454700,0.86482
2026-09-08,10:59,01456,国联民生,1914,3.905,7474.170,6463.81169940,0.86482
2026-09-08,10:59,01776,广发证券,4984,18.300,91207.200,78877.81070400,0.86482
2026-09-08,10:59,01788,国泰君安国际,12351,2.880,35570.880,30762.40844160,0.86482
2026-09-08,10:59,02611,国泰海通,8162,15.170,123817.540,107079.88494280,0.86482
2026-09-08,10:59,03908,中金公司,5540,21.280,117891.200,101954.66758400,0.86482
2026-09-08,10:59,03958,东方证券,4442,5.875,26096.750,22568.99133500,0.86482
2026-09-08,10:59,06030,中信证券,6975,26.700,186232.500,161057.59065000,0.86482
2026-09-08,10:59,06066,中信建投证券,3818,12.040,45968.720,39754.66843040,0.86482
2026-09-08,10:59,06099,招商证券,2205,15.400,33957.000,29366.69274000,0.86482
2026-09-08,10:59,06178,光大证券,2132,7.500,15990.000,13828.47180000,0.86482
2026-09-08,10:59,06806,申万宏源,7581,2.565,19445.265,16816.65407730,0.86482
2026-09-08,10:59,06881,中国银河,10742,7.810,83895.020,72554.09119640,0.86482
2026-09-08,10:59,06886,HTSC,4956,17.700,87721.200,75863.04818400,0.86482
2026-09-08,11:00,00165,中国光大控股,2174,6.540,14217.960,12295.97616720,0.86482
2026-09-08,11:00,00388,香港交易所,372,402.400,149692.800,129457.32729600,0.86482
2026-09-08,11:00,01359,中国信达,35009,0.915,32033.235,27702.98229270,0.86482
2026-09-08,11:00,01375,中州证券,5170,1.755,9073.350,7846.81454700,0.86482
2026-09-08,11:00,01456,国联民生,1914,3.910,7483.740,6472.08802680,0.86482
2026-09-08,11:00,01776,广发证券,4984,18.280,91107.520,78791.60544640,0.86482
2026-09-08,11:00,01788,国泰君安国际,12351,2.880,35570.880,30762.40844160,0.86482
2026-09-08,11:00,02611,国泰海通,8162,15.150,123654.300,106938.71172600,0.86482
2026-09-08,11:00,03908,中金公司,5540,21.280,117891.200,101954.66758400,0.86482
2026-09-08,11:00,03958,东方证券,4442,5.890,26163.380,22626.61429160,0.86482
2026-09-08,11:00,06030,中信证券,6975,26.660,185953.500,160816.30587000,0.86482
2026-09-08,11:00,06066,中信建投证券,3818,12.040,45968.720,39754.66843040,0.86482
2026-09-08,11:00,06099,招商证券,2205,15.470,34111.350,29500.17770700,0.86482
2026-09-08,11:00,06178,光大证券,2132,7.500,15990.000,13828.47180000,0.86482
2026-09-08,11:00,06806,申万宏源,7581,2.565,19445.265,16816.65407730,0.86482
2026-09-08,11:00,06881,中国银河,10742,7.805,83841.310,72507.64171420,0.86482
2026-09-08,11:00,06886,HTSC,4956,17.700,87721.200,75863.04818400,0.86482
2026-09-08,11:01,00165,中国光大控股,2174,6.540,14217.960,12295.97616720,0.86482
2026-09-08,11:01,00388,香港交易所,372,402.200,149618.400,129392.98468800,0.86482
2026-09-08,11:01,01359,中国信达,35009,0.915,32033.235,27702.98229270,0.86482
2026-09-08,11:01,01375,中州证券,5170,1.755,9073.350,7846.81454700,0.86482
2026-09-08,11:01,01456,国联民生,1914,3.900,7464.600,6455.53537200,0.86482
2026-09-08,11:01,01776,广发证券,4984,18.280,91107.520,78791.60544640,0.86482
2026-09-08,11:01,01788,国泰君安国际,12351,2.880,35570.880,30762.40844160,0.86482
2026-09-08,11:01,02611,国泰海通,8162,15.150,123654.300,106938.71172600,0.86482
2026-09-08,11:01,03908,中金公司,5540,21.260,117780.400,101858.84552800,0.86482
2026-09-08,11:01,03958,东方证券,4442,5.890,26163.380,22626.61429160,0.86482
2026-09-08,11:01,06030,中信证券,6975,26.640,185814.000,160695.66348000,0.86482
2026-09-08,11:01,06066,中信建投证券,3818,12.000,45816.000,39622.59312000,0.86482
2026-09-08,11:01,06099,招商证券,2205,15.390,33934.950,29347.62345900,0.86482
2026-09-08,11:01,06178,光大证券,2132,7.500,15990.000,13828.47180000,0.86482
2026-09-08,11:01,06806,申万宏源,7581,2.555,19369.455,16751.09207310,0.86482
2026-09-08,11:01,06881,中国银河,10742,7.795,83733.890,72414.74274980,0.86482
2026-09-08,11:01,06886,HTSC,4956,17.700,87721.200,75863.04818400,0.86482
2026-09-08,11:02,00165,中国光大控股,2174,6.535,14207.090,12286.57557380,0.86482
2026-09-08,11:02,00388,香港交易所,372,402.200,149618.400,129392.98468800,0.86482
2026-09-08,11:02,01359,中国信达,35009,0.915,32033.235,27702.98229270,0.86482
2026-09-08,11:02,01375,中州证券,5170,1.755,9073.350,7846.81454700,0.86482
2026-09-08,11:02,01456,国联民生,1914,3.900,7464.600,6455.53537200,0.86482
2026-09-08,11:02,01776,广发证券,4984,18.280,91107.520,78791.60544640,0.86482
2026-09-08,11:02,01788,国泰君安国际,12351,2.880,35570.880,30762.40844160,0.86482
2026-09-08,11:02,02611,国泰海通,8162,15.150,123654.300,106938.71172600,0.86482
2026-09-08,11:02,03908,中金公司,5540,21.240,117669.600,101763.02347200,0.86482
2026-09-08,11:02,03958,东方证券,4442,5.890,26163.380,22626.61429160,0.86482
2026-09-08,11:02,06030,中信证券,6975,26.620,185674.500,160575.02109000,0.86482
2026-09-08,11:02,06066,中信建投证券,3818,12.000,45816.000,39622.59312000,0.86482
2026-09-08,11:02,06099,招商证券,2205,15.390,33934.950,29347.62345900,0.86482
2026-09-08,11:02,06178,光大证券,2132,7.500,15990.000,13828.47180000,0.86482
2026-09-08,11:02,06806,申万宏源,7581,2.555,19369.455,16751.09207310,0.86482
2026-09-08,11:02,06881,中国银河,10742,7.800,83787.600,72461.19223200,0.86482
2026-09-08,11:02,06886,HTSC,4956,17.700,87721.200,75863.04818400,0.86482
2026-09-08,11:03,00165,中国光大控股,2174,6.535,14207.090,12286.57557380,0.86482
2026-09-08,11:03,00388,香港交易所,372,402.200,149618.400,129392.98468800,0.86482
2026-09-08,11:03,01359,中国信达,35009,0.920,32208.280,27854.36470960,0.86482
2026-09-08,11:03,01375,中州证券,5170,1.755,9073.350,7846.81454700,0.86482
2026-09-08,11:03,01456,国联民生,1914,3.900,7464.600,6455.53537200,0.86482
2026-09-08,11:03,01776,广发证券,4984,18.320,91306.880,78964.01596160,0.86482
2026-09-08,11:03,01788,国泰君安国际,12351,2.880,35570.880,30762.40844160,0.86482
2026-09-08,11:03,02611,国泰海通,8162,15.160,123735.920,107009.29833440,0.86482
2026-09-08,11:03,03908,中金公司,5540,21.240,117669.600,101763.02347200,0.86482
2026-09-08,11:03,03958,东方证券,4442,5.880,26118.960,22588.19898720,0.86482
2026-09-08,11:03,06030,中信证券,6975,26.620,185674.500,160575.02109000,0.86482
2026-09-08,11:03,06066,中信建投证券,3818,12.000,45816.000,39622.59312000,0.86482
2026-09-08,11:03,06099,招商证券,2205,15.410,33979.050,29385.76202100,0.86482
2026-09-08,11:03,06178,光大证券,2132,7.500,15990.000,13828.47180000,0.86482
2026-09-08,11:03,06806,申万宏源,7581,2.555,19369.455,16751.09207310,0.86482
2026-09-08,11:03,06881,中国银河,10742,7.800,83787.600,72461.19223200,0.86482
2026-09-08,11:03,06886,HTSC,4956,17.700,87721.200,75863.04818400,0.86482
2026-09-08,11:04,00165,中国光大控股,2174,6.535,14207.090,12286.57557380,0.86482
2026-09-08,11:04,00388,香港交易所,372,402.200,149618.400,129392.98468800,0.86482
2026-09-08,11:04,01359,中国信达,35009,0.920,32208.280,27854.36470960,0.86482
2026-09-08,11:04,01375,中州证券,5170,1.755,9073.350,7846.81454700,0.86482
2026-09-08,11:04,01456,国联民生,1914,3.900,7464.600,6455.53537200,0.86482
2026-09-08,11:04,01776,广发证券,4984,18.300,91207.200,78877.81070400,0.86482
2026-09-08,11:04,01788,国泰君安国际,12351,2.880,35570.880,30762.40844160,0.86482
2026-09-08,11:04,02611,国泰海通,8162,15.170,123817.540,107079.88494280,0.86482
2026-09-08,11:04,03908,中金公司,5540,21.240,117669.600,101763.02347200,0.86482
2026-09-08,11:04,03958,东方证券,4442,5.880,26118.960,22588.19898720,0.86482
2026-09-08,11:04,06030,中信证券,6975,26.620,185674.500,160575.02109000,0.86482
2026-09-08,11:04,06066,中信建投证券,3818,12.030,45930.540,39721.64960280,0.86482
2026-09-08,11:04,06099,招商证券,2205,15.420,34001.100,29404.83130200,0.86482
2026-09-08,11:04,06178,光大证券,2132,7.495,15979.340,13819.25281880,0.86482
2026-09-08,11:04,06806,申万宏源,7581,2.555,19369.455,16751.09207310,0.86482
2026-09-08,11:04,06881,中国银河,10742,7.795,83733.890,72414.74274980,0.86482
2026-09-08,11:04,06886,HTSC,4956,17.700,87721.200,75863.04818400,0.86482
2026-09-08,11:05,00165,中国光大控股,2174,6.525,14185.350,12267.77438700,0.86482
2026-09-08,11:05,00388,香港交易所,372,402.200,149618.400,129392.98468800,0.86482
2026-09-08,11:05,01359,中国信达,35009,0.920,32208.280,27854.36470960,0.86482
2026-09-08,11:05,01375,中州证券,5170,1.755,9073.350,7846.81454700,0.86482
2026-09-08,11:05,01456,国联民生,1914,3.900,7464.600,6455.53537200,0.86482
2026-09-08,11:05,01776,广发证券,4984,18.300,91207.200,78877.81070400,0.86482
2026-09-08,11:05,01788,国泰君安国际,12351,2.880,35570.880,30762.40844160,0.86482
2026-09-08,11:05,02611,国泰海通,8162,15.150,123654.300,106938.71172600,0.86482
2026-09-08,11:05,03908,中金公司,5540,21.280,117891.200,101954.66758400,0.86482
2026-09-08,11:05,03958,东方证券,4442,5.875,26096.750,22568.99133500,0.86482
2026-09-08,11:05,06030,中信证券,6975,26.620,185674.500,160575.02109000,0.86482
2026-09-08,11:05,06066,中信建投证券,3818,12.030,45930.540,39721.64960280,0.86482
2026-09-08,11:05,06099,招商证券,2205,15.420,34001.100,29404.83130200,0.86482
2026-09-08,11:05,06178,光大证券,2132,7.490,15968.680,13810.03383760,0.86482
2026-09-08,11:05,06806,申万宏源,7581,2.555,19369.455,16751.09207310,0.86482
2026-09-08,11:05,06881,中国银河,10742,7.790,83680.180,72368.29326760,0.86482
2026-09-08,11:05,06886,HTSC,4956,17.690,87671.640,75820.18770480,0.86482
2026-09-08,11:06,00165,中国光大控股,2174,6.525,14185.350,12267.77438700,0.86482
2026-09-08,11:06,00388,香港交易所,372,402.200,149618.400,129392.98468800,0.86482
2026-09-08,11:06,01359,中国信达,35009,0.920,32208.280,27854.36470960,0.86482
2026-09-08,11:06,01375,中州证券,5170,1.750,9047.500,7824.45895000,0.86482
2026-09-08,11:06,01456,国联民生,1914,3.905,7474.170,6463.81169940,0.86482
2026-09-08,11:06,01776,广发证券,4984,18.300,91207.200,78877.81070400,0.86482
2026-09-08,11:06,01788,国泰君安国际,12351,2.885,35632.635,30815.81540070,0.86482
2026-09-08,11:06,02611,国泰海通,8162,15.130,123491.060,106797.53850920,0.86482
2026-09-08,11:06,03908,中金公司,5540,21.220,117558.800,101667.20141600,0.86482
2026-09-08,11:06,03958,东方证券,4442,5.875,26096.750,22568.99133500,0.86482
2026-09-08,11:06,06030,中信证券,6975,26.580,185395.500,160333.73631000,0.86482
2026-09-08,11:06,06066,中信建投证券,3818,12.000,45816.000,39622.59312000,0.86482
2026-09-08,11:06,06099,招商证券,2205,15.370,33890.850,29309.48489700,0.86482
2026-09-08,11:06,06178,光大证券,2132,7.490,15968.680,13810.03383760,0.86482
2026-09-08,11:06,06806,申万宏源,7581,2.555,19369.455,16751.09207310,0.86482
2026-09-08,11:06,06881,中国银河,10742,7.785,83626.470,72321.84378540,0.86482
2026-09-08,11:06,06886,HTSC,4956,17.690,87671.640,75820.18770480,0.86482
2026-09-08,11:07,00165,中国光大控股,2174,6.525,14185.350,12267.77438700,0.86482
2026-09-08,11:07,00388,香港交易所,372,402.200,149618.400,129392.98468800,0.86482
2026-09-08,11:07,01359,中国信达,35009,0.920,32208.280,27854.36470960,0.86482
2026-09-08,11:07,01375,中州证券,5170,1.750,9047.500,7824.45895000,0.86482
2026-09-08,11:07,01456,国联民生,1914,3.905,7474.170,6463.81169940,0.86482
2026-09-08,11:07,01776,广发证券,4984,18.320,91306.880,78964.01596160,0.86482
2026-09-08,11:07,01788,国泰君安国际,12351,2.880,35570.880,30762.40844160,0.86482
2026-09-08,11:07,02611,国泰海通,8162,15.150,123654.300,106938.71172600,0.86482
2026-09-08,11:07,03908,中金公司,5540,21.240,117669.600,101763.02347200,0.86482
2026-09-08,11:07,03958,东方证券,4442,5.875,26096.750,22568.99133500,0.86482
2026-09-08,11:07,06030,中信证券,6975,26.540,185116.500,160092.45153000,0.86482
2026-09-08,11:07,06066,中信建投证券,3818,12.000,45816.000,39622.59312000,0.86482
2026-09-08,11:07,06099,招商证券,2205,15.370,33890.850,29309.48489700,0.86482
2026-09-08,11:07,06178,光大证券,2132,7.500,15990.000,13828.47180000,0.86482
2026-09-08,11:07,06806,申万宏源,7581,2.555,19369.455,16751.09207310,0.86482
2026-09-08,11:07,06881,中国银河,10742,7.780,83572.760,72275.39430320,0.86482
2026-09-08,11:07,06886,HTSC,4956,17.690,87671.640,75820.18770480,0.86482
2026-09-08,11:08,00165,中国光大控股,2174,6.535,14207.090,12286.57557380,0.86482
2026-09-08,11:08,00388,香港交易所,372,402.000,149544.000,129328.64208000,0.86482
2026-09-08,11:08,01359,中国信达,35009,0.920,32208.280,27854.36470960,0.86482
2026-09-08,11:08,01375,中州证券,5170,1.755,9073.350,7846.81454700,0.86482
2026-09-08,11:08,01456,国联民生,1914,3.905,7474.170,6463.81169940,0.86482
2026-09-08,11:08,01776,广发证券,4984,18.290,91157.360,78834.70807520,0.86482
2026-09-08,11:08,01788,国泰君安国际,12351,2.880,35570.880,30762.40844160,0.86482
2026-09-08,11:08,02611,国泰海通,8162,15.160,123735.920,107009.29833440,0.86482
2026-09-08,11:08,03908,中金公司,5540,21.260,117780.400,101858.84552800,0.86482
2026-09-08,11:08,03958,东方证券,4442,5.885,26141.170,22607.40663940,0.86482
2026-09-08,11:08,06030,中信证券,6975,26.560,185256.000,160213.09392000,0.86482
2026-09-08,11:08,06066,中信建投证券,3818,12.020,45892.360,39688.63077520,0.86482
2026-09-08,11:08,06099,招商证券,2205,15.390,33934.950,29347.62345900,0.86482
2026-09-08,11:08,06178,光大证券,2132,7.500,15990.000,13828.47180000,0.86482
2026-09-08,11:08,06806,申万宏源,7581,2.560,19407.360,16783.87307520,0.86482
2026-09-08,11:08,06881,中国银河,10742,7.780,83572.760,72275.39430320,0.86482
2026-09-08,11:08,06886,HTSC,4956,17.690,87671.640,75820.18770480,0.86482
2026-09-08,11:09,00165,中国光大控股,2174,6.535,14207.090,12286.57557380,0.86482
2026-09-08,11:09,00388,香港交易所,372,402.000,149544.000,129328.64208000,0.86482
2026-09-08,11:09,01359,中国信达,35009,0.920,32208.280,27854.36470960,0.86482
2026-09-08,11:09,01375,中州证券,5170,1.755,9073.350,7846.81454700,0.86482
2026-09-08,11:09,01456,国联民生,1914,3.905,7474.170,6463.81169940,0.86482
2026-09-08,11:09,01776,广发证券,4984,18.290,91157.360,78834.70807520,0.86482
2026-09-08,11:09,01788,国泰君安国际,12351,2.885,35632.635,30815.81540070,0.86482
2026-09-08,11:09,02611,国泰海通,8162,15.150,123654.300,106938.71172600,0.86482
2026-09-08,11:09,03908,中金公司,5540,21.240,117669.600,101763.02347200,0.86482
2026-09-08,11:09,03958,东方证券,4442,5.885,26141.170,22607.40663940,0.86482
2026-09-08,11:09,06030,中信证券,6975,26.600,185535.000,160454.37870000,0.86482
2026-09-08,11:09,06066,中信建投证券,3818,12.020,45892.360,39688.63077520,0.86482
2026-09-08,11:09,06099,招商证券,2205,15.400,33957.000,29366.69274000,0.86482
2026-09-08,11:09,06178,光大证券,2132,7.500,15990.000,13828.47180000,0.86482
2026-09-08,11:09,06806,申万宏源,7581,2.560,19407.360,16783.87307520,0.86482
2026-09-08,11:09,06881,中国银河,10742,7.785,83626.470,72321.84378540,0.86482
2026-09-08,11:09,06886,HTSC,4956,17.700,87721.200,75863.04818400,0.86482
2026-09-08,11:10,00165,中国光大控股,2174,6.535,14207.090,12286.57557380,0.86482
2026-09-08,11:10,00388,香港交易所,372,402.000,149544.000,129328.64208000,0.86482
2026-09-08,11:10,01359,中国信达,35009,0.920,32208.280,27854.36470960,0.86482
2026-09-08,11:10,01375,中州证券,5170,1.755,9073.350,7846.81454700,0.86482
2026-09-08,11:10,01456,国联民生,1914,3.905,7474.170,6463.81169940,0.86482
2026-09-08,11:10,01776,广发证券,4984,18.290,91157.360,78834.70807520,0.86482
2026-09-08,11:10,01788,国泰君安国际,12351,2.885,35632.635,30815.81540070,0.86482
2026-09-08,11:10,02611,国泰海通,8162,15.150,123654.300,106938.71172600,0.86482
2026-09-08,11:10,03908,中金公司,5540,21.240,117669.600,101763.02347200,0.86482
2026-09-08,11:10,03958,东方证券,4442,5.885,26141.170,22607.40663940,0.86482
2026-09-08,11:10,06030,中信证券,6975,26.640,185814.000,160695.66348000,0.86482
2026-09-08,11:10,06066,中信建投证券,3818,12.020,45892.360,39688.63077520,0.86482
2026-09-08,11:10,06099,招商证券,2205,15.400,33957.000,29366.69274000,0.86482
2026-09-08,11:10,06178,光大证券,2132,7.500,15990.000,13828.47180000,0.86482
2026-09-08,11:10,06806,申万宏源,7581,2.560,19407.360,16783.87307520,0.86482
2026-09-08,11:10,06881,中国银河,10742,7.785,83626.470,72321.84378540,0.86482
2026-09-08,11:10,06886,HTSC,4956,17.700,87721.200,75863.04818400,0.86482
2026-09-08,11:11,00165,中国光大控股,2174,6.535,14207.090,12286.57557380,0.86482
2026-09-08,11:11,00388,香港交易所,372,402.200,149618.400,129392.98468800,0.86482
2026-09-08,11:11,01359,中国信达,35009,0.920,32208.280,27854.36470960,0.86482
2026-09-08,11:11,01375,中州证券,5170,1.755,9073.350,7846.81454700,0.86482
2026-09-08,11:11,01456,国联民生,1914,3.905,7474.170,6463.81169940,0.86482
2026-09-08,11:11,01776,广发证券,4984,18.340,91406.560,79050.22121920,0.86482
2026-09-08,11:11,01788,国泰君安国际,12351,2.885,35632.635,30815.81540070,0.86482
2026-09-08,11:11,02611,国泰海通,8162,15.170,123817.540,107079.88494280,0.86482
2026-09-08,11:11,03908,中金公司,5540,21.260,117780.400,101858.84552800,0.86482
2026-09-08,11:11,03958,东方证券,4442,5.890,26163.380,22626.61429160,0.86482
2026-09-08,11:11,06030,中信证券,6975,26.640,185814.000,160695.66348000,0.86482
2026-09-08,11:11,06066,中信建投证券,3818,12.030,45930.540,39721.64960280,0.86482
2026-09-08,11:11,06099,招商证券,2205,15.410,33979.050,29385.76202100,0.86482
2026-09-08,11:11,06178,光大证券,2132,7.500,15990.000,13828.47180000,0.86482
2026-09-08,11:11,06806,申万宏源,7581,2.565,19445.265,16816.65407730,0.86482
2026-09-08,11:11,06881,中国银河,10742,7.795,83733.890,72414.74274980,0.86482
2026-09-08,11:11,06886,HTSC,4956,17.760,88018.560,76120.21105920,0.86482
2026-09-08,11:12,00165,中国光大控股,2174,6.535,14207.090,12286.57557380,0.86482
2026-09-08,11:12,00388,香港交易所,372,402.200,149618.400,129392.98468800,0.86482
2026-09-08,11:12,01359,中国信达,35009,0.920,32208.280,27854.36470960,0.86482
2026-09-08,11:12,01375,中州证券,5170,1.750,9047.500,7824.45895000,0.86482
2026-09-08,11:12,01456,国联民生,1914,3.905,7474.170,6463.81169940,0.86482
2026-09-08,11:12,01776,广发证券,4984,18.310,91257.040,78920.91333280,0.86482
2026-09-08,11:12,01788,国泰君安国际,12351,2.885,35632.635,30815.81540070,0.86482
2026-09-08,11:12,02611,国泰海通,8162,15.170,123817.540,107079.88494280,0.86482
2026-09-08,11:12,03908,中金公司,5540,21.260,117780.400,101858.84552800,0.86482
2026-09-08,11:12,03958,东方证券,4442,5.880,26118.960,22588.19898720,0.86482
2026-09-08,11:12,06030,中信证券,6975,26.640,185814.000,160695.66348000,0.86482
2026-09-08,11:12,06066,中信建投证券,3818,12.030,45930.540,39721.64960280,0.86482
2026-09-08,11:12,06099,招商证券,2205,15.400,33957.000,29366.69274000,0.86482
2026-09-08,11:12,06178,光大证券,2132,7.500,15990.000,13828.47180000,0.86482
2026-09-08,11:12,06806,申万宏源,7581,2.560,19407.360,16783.87307520,0.86482
2026-09-08,11:12,06881,中国银河,10742,7.795,83733.890,72414.74274980,0.86482
2026-09-08,11:12,06886,HTSC,4956,17.710,87770.760,75905.90866320,0.86482
2026-09-08,11:13,00165,中国光大控股,2174,6.530,14196.220,12277.17498040,0.86482
2026-09-08,11:13,00388,香港交易所,372,402.400,149692.800,129457.32729600,0.86482
2026-09-08,11:13,01359,中国信达,35009,0.920,32208.280,27854.36470960,0.86482
2026-09-08,11:13,01375,中州证券,5170,1.750,9047.500,7824.45895000,0.86482
2026-09-08,11:13,01456,国联民生,1914,3.900,7464.600,6455.53537200,0.86482
2026-09-08,11:13,01776,广发证券,4984,18.310,91257.040,78920.91333280,0.86482
2026-09-08,11:13,01788,国泰君安国际,12351,2.880,35570.880,30762.40844160,0.86482
2026-09-08,11:13,02611,国泰海通,8162,15.170,123817.540,107079.88494280,0.86482
2026-09-08,11:13,03908,中金公司,5540,21.260,117780.400,101858.84552800,0.86482
2026-09-08,11:13,03958,东方证券,4442,5.880,26118.960,22588.19898720,0.86482
2026-09-08,11:13,06030,中信证券,6975,26.640,185814.000,160695.66348000,0.86482
2026-09-08,11:13,06066,中信建投证券,3818,12.040,45968.720,39754.66843040,0.86482
2026-09-08,11:13,06099,招商证券,2205,15.400,33957.000,29366.69274000,0.86482
2026-09-08,11:13,06178,光大证券,2132,7.500,15990.000,13828.47180000,0.86482
2026-09-08,11:13,06806,申万宏源,7581,2.560,19407.360,16783.87307520,0.86482
2026-09-08,11:13,06881,中国银河,10742,7.795,83733.890,72414.74274980,0.86482
2026-09-08,11:13,06886,HTSC,4956,17.710,87770.760,75905.90866320,0.86482
2026-09-08,11:14,00165,中国光大控股,2174,6.530,14196.220,12277.17498040,0.86482
2026-09-08,11:14,00388,香港交易所,372,402.200,149618.400,129392.98468800,0.86482
2026-09-08,11:14,01359,中国信达,35009,0.920,32208.280,27854.36470960,0.86482
2026-09-08,11:14,01375,中州证券,5170,1.750,9047.500,7824.45895000,0.86482
2026-09-08,11:14,01456,国联民生,1914,3.895,7455.030,6447.25904460,0.86482
2026-09-08,11:14,01776,广发证券,4984,18.310,91257.040,78920.91333280,0.86482
2026-09-08,11:14,01788,国泰君安国际,12351,2.885,35632.635,30815.81540070,0.86482
2026-09-08,11:14,02611,国泰海通,8162,15.160,123735.920,107009.29833440,0.86482
2026-09-08,11:14,03908,中金公司,5540,21.240,117669.600,101763.02347200,0.86482
2026-09-08,11:14,03958,东方证券,4442,5.880,26118.960,22588.19898720,0.86482
2026-09-08,11:14,06030,中信证券,6975,26.640,185814.000,160695.66348000,0.86482
2026-09-08,11:14,06066,中信建投证券,3818,12.010,45854.180,39655.61194760,0.86482
2026-09-08,11:14,06099,招商证券,2205,15.410,33979.050,29385.76202100,0.86482
2026-09-08,11:14,06178,光大证券,2132,7.485,15958.020,13800.81485640,0.86482
2026-09-08,11:14,06806,申万宏源,7581,2.560,19407.360,16783.87307520,0.86482
2026-09-08,11:14,06881,中国银河,10742,7.780,83572.760,72275.39430320,0.86482
2026-09-08,11:14,06886,HTSC,4956,17.700,87721.200,75863.04818400,0.86482
2026-09-08,11:15,00165,中国光大控股,2174,6.515,14163.610,12248.97320020,0.86482
2026-09-08,11:15,00388,香港交易所,372,402.200,149618.400,129392.98468800,0.86482
2026-09-08,11:15,01359,中国信达,35009,0.920,32208.280,27854.36470960,0.86482
2026-09-08,11:15,01375,中州证券,5170,1.750,9047.500,7824.45895000,0.86482
2026-09-08,11:15,01456,国联民生,1914,3.895,7455.030,6447.25904460,0.86482
2026-09-08,11:15,01776,广发证券,4984,18.300,91207.200,78877.81070400,0.86482
2026-09-08,11:15,01788,国泰君安国际,12351,2.885,35632.635,30815.81540070,0.86482
2026-09-08,11:15,02611,国泰海通,8162,15.150,123654.300,106938.71172600,0.86482
2026-09-08,11:15,03908,中金公司,5540,21.240,117669.600,101763.02347200,0.86482
2026-09-08,11:15,03958,东方证券,4442,5.880,26118.960,22588.19898720,0.86482
2026-09-08,11:15,06030,中信证券,6975,26.600,185535.000,160454.37870000,0.86482
2026-09-08,11:15,06066,中信建投证券,3818,12.000,45816.000,39622.59312000,0.86482
2026-09-08,11:15,06099,招商证券,2205,15.410,33979.050,29385.76202100,0.86482
2026-09-08,11:15,06178,光大证券,2132,7.500,15990.000,13828.47180000,0.86482
2026-09-08,11:15,06806,申万宏源,7581,2.560,19407.360,16783.87307520,0.86482
2026-09-08,11:15,06881,中国银河,10742,7.780,83572.760,72275.39430320,0.86482
2026-09-08,11:15,06886,HTSC,4956,17.700,87721.200,75863.04818400,0.86482
2026-09-08,11:16,00165,中国光大控股,2174,6.515,14163.610,12248.97320020,0.86482
2026-09-08,11:16,00388,香港交易所,372,402.200,149618.400,129392.98468800,0.86482
2026-09-08,11:16,01359,中国信达,35009,0.920,32208.280,27854.36470960,0.86482
2026-09-08,11:16,01375,中州证券,5170,1.755,9073.350,7846.81454700,0.86482
2026-09-08,11:16,01456,国联民生,1914,3.900,7464.600,6455.53537200,0.86482
2026-09-08,11:16,01776,广发证券,4984,18.300,91207.200,78877.81070400,0.86482
2026-09-08,11:16,01788,国泰君安国际,12351,2.885,35632.635,30815.81540070,0.86482
2026-09-08,11:16,02611,国泰海通,8162,15.160,123735.920,107009.29833440,0.86482
2026-09-08,11:16,03908,中金公司,5540,21.220,117558.800,101667.20141600,0.86482
2026-09-08,11:16,03958,东方证券,4442,5.875,26096.750,22568.99133500,0.86482
2026-09-08,11:16,06030,中信证券,6975,26.600,185535.000,160454.37870000,0.86482
2026-09-08,11:16,06066,中信建投证券,3818,12.000,45816.000,39622.59312000,0.86482
2026-09-08,11:16,06099,招商证券,2205,15.400,33957.000,29366.69274000,0.86482
2026-09-08,11:16,06178,光大证券,2132,7.500,15990.000,13828.47180000,0.86482
2026-09-08,11:16,06806,申万宏源,7581,2.560,19407.360,16783.87307520,0.86482
2026-09-08,11:16,06881,中国银河,10742,7.790,83680.180,72368.29326760,0.86482
2026-09-08,11:16,06886,HTSC,4956,17.700,87721.200,75863.04818400,0.86482
2026-09-08,11:17,00165,中国光大控股,2174,6.515,14163.610,12248.97320020,0.86482
2026-09-08,11:17,00388,香港交易所,372,402.200,149618.400,129392.98468800,0.86482
2026-09-08,11:17,01359,中国信达,35009,0.920,32208.280,27854.36470960,0.86482
2026-09-08,11:17,01375,中州证券,5170,1.755,9073.350,7846.81454700,0.86482
2026-09-08,11:17,01456,国联民生,1914,3.900,7464.600,6455.53537200,0.86482
2026-09-08,11:17,01776,广发证券,4984,18.280,91107.520,78791.60544640,0.86482
2026-09-08,11:17,01788,国泰君安国际,12351,2.885,35632.635,30815.81540070,0.86482
2026-09-08,11:17,02611,国泰海通,8162,15.150,123654.300,106938.71172600,0.86482
2026-09-08,11:17,03908,中金公司,5540,21.220,117558.800,101667.20141600,0.86482
2026-09-08,11:17,03958,东方证券,4442,5.875,26096.750,22568.99133500,0.86482
2026-09-08,11:17,06030,中信证券,6975,26.600,185535.000,160454.37870000,0.86482
2026-09-08,11:17,06066,中信建投证券,3818,12.030,45930.540,39721.64960280,0.86482
2026-09-08,11:17,06099,招商证券,2205,15.410,33979.050,29385.76202100,0.86482
2026-09-08,11:17,06178,光大证券,2132,7.500,15990.000,13828.47180000,0.86482
2026-09-08,11:17,06806,申万宏源,7581,2.560,19407.360,16783.87307520,0.86482
2026-09-08,11:17,06881,中国银河,10742,7.790,83680.180,72368.29326760,0.86482
2026-09-08,11:17,06886,HTSC,4956,17.700,87721.200,75863.04818400,0.86482
2026-09-08,11:18,00165,中国光大控股,2174,6.530,14196.220,12277.17498040,0.86482
2026-09-08,11:18,00388,香港交易所,372,402.200,149618.400,129392.98468800,0.86482
2026-09-08,11:18,01359,中国信达,35009,0.920,32208.280,27854.36470960,0.86482
2026-09-08,11:18,01375,中州证券,5170,1.755,9073.350,7846.81454700,0.86482
2026-09-08,11:18,01456,国联民生,1914,3.900,7464.600,6455.53537200,0.86482
2026-09-08,11:18,01776,广发证券,4984,18.280,91107.520,78791.60544640,0.86482
2026-09-08,11:18,01788,国泰君安国际,12351,2.885,35632.635,30815.81540070,0.86482
2026-09-08,11:18,02611,国泰海通,8162,15.160,123735.920,107009.29833440,0.86482
2026-09-08,11:18,03908,中金公司,5540,21.180,117337.200,101475.55730400,0.86482
2026-09-08,11:18,03958,东方证券,4442,5.875,26096.750,22568.99133500,0.86482
2026-09-08,11:18,06030,中信证券,6975,26.600,185535.000,160454.37870000,0.86482
2026-09-08,11:18,06066,中信建投证券,3818,12.020,45892.360,39688.63077520,0.86482
2026-09-08,11:18,06099,招商证券,2205,15.410,33979.050,29385.76202100,0.86482
2026-09-08,11:18,06178,光大证券,2132,7.500,15990.000,13828.47180000,0.86482
2026-09-08,11:18,06806,申万宏源,7581,2.560,19407.360,16783.87307520,0.86482
2026-09-08,11:18,06881,中国银河,10742,7.780,83572.760,72275.39430320,0.86482
2026-09-08,11:18,06886,HTSC,4956,17.700,87721.200,75863.04818400,0.86482
2026-09-08,11:19,00165,中国光大控股,2174,6.530,14196.220,12277.17498040,0.86482
2026-09-08,11:19,00388,香港交易所,372,402.200,149618.400,129392.98468800,0.86482
2026-09-08,11:19,01359,中国信达,35009,0.920,32208.280,27854.36470960,0.86482
2026-09-08,11:19,01375,中州证券,5170,1.755,9073.350,7846.81454700,0.86482
2026-09-08,11:19,01456,国联民生,1914,3.900,7464.600,6455.53537200,0.86482
2026-09-08,11:19,01776,广发证券,4984,18.270,91057.680,78748.50281760,0.86482
2026-09-08,11:19,01788,国泰君安国际,12351,2.885,35632.635,30815.81540070,0.86482
2026-09-08,11:19,02611,国泰海通,8162,15.160,123735.920,107009.29833440,0.86482
2026-09-08,11:19,03908,中金公司,5540,21.160,117226.400,101379.73524800,0.86482
2026-09-08,11:19,03958,东方证券,4442,5.875,26096.750,22568.99133500,0.86482
2026-09-08,11:19,06030,中信证券,6975,26.600,185535.000,160454.37870000,0.86482
2026-09-08,11:19,06066,中信建投证券,3818,12.020,45892.360,39688.63077520,0.86482
2026-09-08,11:19,06099,招商证券,2205,15.410,33979.050,29385.76202100,0.86482
2026-09-08,11:19,06178,光大证券,2132,7.500,15990.000,13828.47180000,0.86482
2026-09-08,11:19,06806,申万宏源,7581,2.560,19407.360,16783.87307520,0.86482
2026-09-08,11:19,06881,中国银河,10742,7.775,83519.050,72228.94482100,0.86482
2026-09-08,11:19,06886,HTSC,4956,17.690,87671.640,75820.18770480,0.86482
2026-09-08,11:20,00165,中国光大控股,2174,6.530,14196.220,12277.17498040,0.86482
2026-09-08,11:20,00388,香港交易所,372,402.200,149618.400,129392.98468800,0.86482
2026-09-08,11:20,01359,中国信达,35009,0.920,32208.280,27854.36470960,0.86482
2026-09-08,11:20,01375,中州证券,5170,1.755,9073.350,7846.81454700,0.86482
2026-09-08,11:20,01456,国联民生,1914,3.900,7464.600,6455.53537200,0.86482
2026-09-08,11:20,01776,广发证券,4984,18.270,91057.680,78748.50281760,0.86482
2026-09-08,11:20,01788,国泰君安国际,12351,2.885,35632.635,30815.81540070,0.86482
2026-09-08,11:20,02611,国泰海通,8162,15.170,123817.540,107079.88494280,0.86482
2026-09-08,11:20,03908,中金公司,5540,21.180,117337.200,101475.55730400,0.86482
2026-09-08,11:20,03958,东方证券,4442,5.875,26096.750,22568.99133500,0.86482
2026-09-08,11:20,06030,中信证券,6975,26.600,185535.000,160454.37870000,0.86482
2026-09-08,11:20,06066,中信建投证券,3818,12.020,45892.360,39688.63077520,0.86482
2026-09-08,11:20,06099,招商证券,2205,15.380,33912.900,29328.55417800,0.86482
2026-09-08,11:20,06178,光大证券,2132,7.500,15990.000,13828.47180000,0.86482
2026-09-08,11:20,06806,申万宏源,7581,2.560,19407.360,16783.87307520,0.86482
2026-09-08,11:20,06881,中国银河,10742,7.775,83519.050,72228.94482100,0.86482
2026-09-08,11:20,06886,HTSC,4956,17.690,87671.640,75820.18770480,0.86482
2026-09-08,11:21,00165,中国光大控股,2174,6.530,14196.220,12277.17498040,0.86482
2026-09-08,11:21,00388,香港交易所,372,402.200,149618.400,129392.98468800,0.86482
2026-09-08,11:21,01359,中国信达,35009,0.920,32208.280,27854.36470960,0.86482
2026-09-08,11:21,01375,中州证券,5170,1.755,9073.350,7846.81454700,0.86482
2026-09-08,11:21,01456,国联民生,1914,3.900,7464.600,6455.53537200,0.86482
2026-09-08,11:21,01776,广发证券,4984,18.340,91406.560,79050.22121920,0.86482
2026-09-08,11:21,01788,国泰君安国际,12351,2.880,35570.880,30762.40844160,0.86482
2026-09-08,11:21,02611,国泰海通,8162,15.170,123817.540,107079.88494280,0.86482
2026-09-08,11:21,03908,中金公司,5540,21.200,117448.000,101571.37936000,0.86482
2026-09-08,11:21,03958,东方证券,4442,5.875,26096.750,22568.99133500,0.86482
2026-09-08,11:21,06030,中信证券,6975,26.600,185535.000,160454.37870000,0.86482
2026-09-08,11:21,06066,中信建投证券,3818,12.020,45892.360,39688.63077520,0.86482
2026-09-08,11:21,06099,招商证券,2205,15.380,33912.900,29328.55417800,0.86482
2026-09-08,11:21,06178,光大证券,2132,7.510,16011.320,13846.90976240,0.86482
2026-09-08,11:21,06806,申万宏源,7581,2.560,19407.360,16783.87307520,0.86482
2026-09-08,11:21,06881,中国银河,10742,7.775,83519.050,72228.94482100,0.86482
2026-09-08,11:21,06886,HTSC,4956,17.690,87671.640,75820.18770480,0.86482
2026-09-08,11:22,00165,中国光大控股,2174,6.530,14196.220,12277.17498040,0.86482
2026-09-08,11:22,00388,香港交易所,372,402.400,149692.800,129457.32729600,0.86482
2026-09-08,11:22,01359,中国信达,35009,0.920,32208.280,27854.36470960,0.86482
2026-09-08,11:22,01375,中州证券,5170,1.760,9099.200,7869.17014400,0.86482
2026-09-08,11:22,01456,国联民生,1914,3.900,7464.600,6455.53537200,0.86482
2026-09-08,11:22,01776,广发证券,4984,18.310,91257.040,78920.91333280,0.86482
2026-09-08,11:22,01788,国泰君安国际,12351,2.885,35632.635,30815.81540070,0.86482
2026-09-08,11:22,02611,国泰海通,8162,15.180,123899.160,107150.47155120,0.86482
2026-09-08,11:22,03908,中金公司,5540,21.200,117448.000,101571.37936000,0.86482
2026-09-08,11:22,03958,东方证券,4442,5.875,26096.750,22568.99133500,0.86482
2026-09-08,11:22,06030,中信证券,6975,26.680,186093.000,160936.94826000,0.86482
2026-09-08,11:22,06066,中信建投证券,3818,12.020,45892.360,39688.63077520,0.86482
2026-09-08,11:22,06099,招商证券,2205,15.420,34001.100,29404.83130200,0.86482
2026-09-08,11:22,06178,光大证券,2132,7.515,16021.980,13856.12874360,0.86482
2026-09-08,11:22,06806,申万宏源,7581,2.565,19445.265,16816.65407730,0.86482
2026-09-08,11:22,06881,中国银河,10742,7.790,83680.180,72368.29326760,0.86482
2026-09-08,11:22,06886,HTSC,4956,17.690,87671.640,75820.18770480,0.86482
2026-09-08,11:23,00165,中国光大控股,2174,6.530,14196.220,12277.17498040,0.86482
2026-09-08,11:23,00388,香港交易所,372,402.600,149767.200,129521.66990400,0.86482
2026-09-08,11:23,01359,中国信达,35009,0.920,32208.280,27854.36470960,0.86482
2026-09-08,11:23,01375,中州证券,5170,1.760,9099.200,7869.17014400,0.86482
2026-09-08,11:23,01456,国联民生,1914,3.900,7464.600,6455.53537200,0.86482
2026-09-08,11:23,01776,广发证券,4984,18.310,91257.040,78920.91333280,0.86482
2026-09-08,11:23,01788,国泰君安国际,12351,2.885,35632.635,30815.81540070,0.86482
2026-09-08,11:23,02611,国泰海通,8162,15.160,123735.920,107009.29833440,0.86482
2026-09-08,11:23,03908,中金公司,5540,21.240,117669.600,101763.02347200,0.86482
2026-09-08,11:23,03958,东方证券,4442,5.880,26118.960,22588.19898720,0.86482
2026-09-08,11:23,06030,中信证券,6975,26.700,186232.500,161057.59065000,0.86482
2026-09-08,11:23,06066,中信建投证券,3818,12.030,45930.540,39721.64960280,0.86482
2026-09-08,11:23,06099,招商证券,2205,15.400,33957.000,29366.69274000,0.86482
2026-09-08,11:23,06178,光大证券,2132,7.520,16032.640,13865.34772480,0.86482
2026-09-08,11:23,06806,申万宏源,7581,2.565,19445.265,16816.65407730,0.86482
2026-09-08,11:23,06881,中国银河,10742,7.785,83626.470,72321.84378540,0.86482
2026-09-08,11:23,06886,HTSC,4956,17.700,87721.200,75863.04818400,0.86482
2026-09-08,11:24,00165,中国光大控股,2174,6.530,14196.220,12277.17498040,0.86482
2026-09-08,11:24,00388,香港交易所,372,402.200,149618.400,129392.98468800,0.86482
2026-09-08,11:24,01359,中国信达,35009,0.920,32208.280,27854.36470960,0.86482
2026-09-08,11:24,01375,中州证券,5170,1.760,9099.200,7869.17014400,0.86482
2026-09-08,11:24,01456,国联民生,1914,3.905,7474.170,6463.81169940,0.86482
2026-09-08,11:24,01776,广发证券,4984,18.350,91456.400,79093.32384800,0.86482
2026-09-08,11:24,01788,国泰君安国际,12351,2.885,35632.635,30815.81540070,0.86482
2026-09-08,11:24,02611,国泰海通,8162,15.180,123899.160,107150.47155120,0.86482
2026-09-08,11:24,03908,中金公司,5540,21.240,117669.600,101763.02347200,0.86482
2026-09-08,11:24,03958,东方证券,4442,5.880,26118.960,22588.19898720,0.86482
2026-09-08,11:24,06030,中信证券,6975,26.700,186232.500,161057.59065000,0.86482
2026-09-08,11:24,06066,中信建投证券,3818,12.030,45930.540,39721.64960280,0.86482
2026-09-08,11:24,06099,招商证券,2205,15.390,33934.950,29347.62345900,0.86482
2026-09-08,11:24,06178,光大证券,2132,7.520,16032.640,13865.34772480,0.86482
2026-09-08,11:24,06806,申万宏源,7581,2.565,19445.265,16816.65407730,0.86482
2026-09-08,11:24,06881,中国银河,10742,7.785,83626.470,72321.84378540,0.86482
2026-09-08,11:24,06886,HTSC,4956,17.700,87721.200,75863.04818400,0.86482
2026-09-08,11:25,00165,中国光大控股,2174,6.525,14185.350,12267.77438700,0.86482
2026-09-08,11:25,00388,香港交易所,372,402.200,149618.400,129392.98468800,0.86482
2026-09-08,11:25,01359,中国信达,35009,0.920,32208.280,27854.36470960,0.86482
2026-09-08,11:25,01375,中州证券,5170,1.760,9099.200,7869.17014400,0.86482
2026-09-08,11:25,01456,国联民生,1914,3.905,7474.170,6463.81169940,0.86482
2026-09-08,11:25,01776,广发证券,4984,18.350,91456.400,79093.32384800,0.86482
2026-09-08,11:25,01788,国泰君安国际,12351,2.885,35632.635,30815.81540070,0.86482
2026-09-08,11:25,02611,国泰海通,8162,15.170,123817.540,107079.88494280,0.86482
2026-09-08,11:25,03908,中金公司,5540,21.220,117558.800,101667.20141600,0.86482
2026-09-08,11:25,03958,东方证券,4442,5.875,26096.750,22568.99133500,0.86482
2026-09-08,11:25,06030,中信证券,6975,26.620,185674.500,160575.02109000,0.86482
2026-09-08,11:25,06066,中信建投证券,3818,12.020,45892.360,39688.63077520,0.86482
2026-09-08,11:25,06099,招商证券,2205,15.380,33912.900,29328.55417800,0.86482
2026-09-08,11:25,06178,光大证券,2132,7.520,16032.640,13865.34772480,0.86482
2026-09-08,11:25,06806,申万宏源,7581,2.565,19445.265,16816.65407730,0.86482
2026-09-08,11:25,06881,中国银河,10742,7.795,83733.890,72414.74274980,0.86482
2026-09-08,11:25,06886,HTSC,4956,17.710,87770.760,75905.90866320,0.86482
2026-09-08,11:26,00165,中国光大控股,2174,6.525,14185.350,12267.77438700,0.86482
2026-09-08,11:26,00388,香港交易所,372,402.000,149544.000,129328.64208000,0.86482
2026-09-08,11:26,01359,中国信达,35009,0.920,32208.280,27854.36470960,0.86482
2026-09-08,11:26,01375,中州证券,5170,1.760,9099.200,7869.17014400,0.86482
2026-09-08,11:26,01456,国联民生,1914,3.905,7474.170,6463.81169940,0.86482
2026-09-08,11:26,01776,广发证券,4984,18.350,91456.400,79093.32384800,0.86482
2026-09-08,11:26,01788,国泰君安国际,12351,2.885,35632.635,30815.81540070,0.86482
2026-09-08,11:26,02611,国泰海通,8162,15.170,123817.540,107079.88494280,0.86482
2026-09-08,11:26,03908,中金公司,5540,21.240,117669.600,101763.02347200,0.86482
2026-09-08,11:26,03958,东方证券,4442,5.880,26118.960,22588.19898720,0.86482
2026-09-08,11:26,06030,中信证券,6975,26.620,185674.500,160575.02109000,0.86482
2026-09-08,11:26,06066,中信建投证券,3818,12.020,45892.360,39688.63077520,0.86482
2026-09-08,11:26,06099,招商证券,2205,15.380,33912.900,29328.55417800,0.86482
2026-09-08,11:26,06178,光大证券,2132,7.505,16000.660,13837.69078120,0.86482
2026-09-08,11:26,06806,申万宏源,7581,2.565,19445.265,16816.65407730,0.86482
2026-09-08,11:26,06881,中国银河,10742,7.785,83626.470,72321.84378540,0.86482
2026-09-08,11:26,06886,HTSC,4956,17.710,87770.760,75905.90866320,0.86482
2026-09-08,11:27,00165,中国光大控股,2174,6.525,14185.350,12267.77438700,0.86482
2026-09-08,11:27,00388,香港交易所,372,402.400,149692.800,129457.32729600,0.86482
2026-09-08,11:27,01359,中国信达,35009,0.920,32208.280,27854.36470960,0.86482
2026-09-08,11:27,01375,中州证券,5170,1.760,9099.200,7869.17014400,0.86482
2026-09-08,11:27,01456,国联民生,1914,3.905,7474.170,6463.81169940,0.86482
2026-09-08,11:27,01776,广发证券,4984,18.350,91456.400,79093.32384800,0.86482
2026-09-08,11:27,01788,国泰君安国际,12351,2.885,35632.635,30815.81540070,0.86482
2026-09-08,11:27,02611,国泰海通,8162,15.170,123817.540,107079.88494280,0.86482
2026-09-08,11:27,03908,中金公司,5540,21.180,117337.200,101475.55730400,0.86482
2026-09-08,11:27,03958,东方证券,4442,5.880,26118.960,22588.19898720,0.86482
2026-09-08,11:27,06030,中信证券,6975,26.600,185535.000,160454.37870000,0.86482
2026-09-08,11:27,06066,中信建投证券,3818,12.020,45892.360,39688.63077520,0.86482
2026-09-08,11:27,06099,招商证券,2205,15.380,33912.900,29328.55417800,0.86482
2026-09-08,11:27,06178,光大证券,2132,7.505,16000.660,13837.69078120,0.86482
2026-09-08,11:27,06806,申万宏源,7581,2.565,19445.265,16816.65407730,0.86482
2026-09-08,11:27,06881,中国银河,10742,7.785,83626.470,72321.84378540,0.86482
2026-09-08,11:27,06886,HTSC,4956,17.710,87770.760,75905.90866320,0.86482
2026-09-08,11:28,00165,中国光大控股,2174,6.525,14185.350,12267.77438700,0.86482
2026-09-08,11:28,00388,香港交易所,372,402.200,149618.400,129392.98468800,0.86482
2026-09-08,11:28,01359,中国信达,35009,0.920,32208.280,27854.36470960,0.86482
2026-09-08,11:28,01375,中州证券,5170,1.760,9099.200,7869.17014400,0.86482
2026-09-08,11:28,01456,国联民生,1914,3.905,7474.170,6463.81169940,0.86482
2026-09-08,11:28,01776,广发证券,4984,18.350,91456.400,79093.32384800,0.86482
2026-09-08,11:28,01788,国泰君安国际,12351,2.880,35570.880,30762.40844160,0.86482
2026-09-08,11:28,02611,国泰海通,8162,15.170,123817.540,107079.88494280,0.86482
2026-09-08,11:28,03908,中金公司,5540,21.140,117115.600,101283.91319200,0.86482
2026-09-08,11:28,03958,东方证券,4442,5.875,26096.750,22568.99133500,0.86482
2026-09-08,11:28,06030,中信证券,6975,26.600,185535.000,160454.37870000,0.86482
2026-09-08,11:28,06066,中信建投证券,3818,12.020,45892.360,39688.63077520,0.86482
2026-09-08,11:28,06099,招商证券,2205,15.420,34001.100,29404.83130200,0.86482
2026-09-08,11:28,06178,光大证券,2132,7.505,16000.660,13837.69078120,0.86482
2026-09-08,11:28,06806,申万宏源,7581,2.565,19445.265,16816.65407730,0.86482
2026-09-08,11:28,06881,中国银河,10742,7.790,83680.180,72368.29326760,0.86482
2026-09-08,11:28,06886,HTSC,4956,17.740,87919.440,76034.49010080,0.86482
2026-09-08,11:29,00165,中国光大控股,2174,6.520,14174.480,12258.37379360,0.86482
2026-09-08,11:29,00388,香港交易所,372,402.200,149618.400,129392.98468800,0.86482
2026-09-08,11:29,01359,中国信达,35009,0.920,32208.280,27854.36470960,0.86482
2026-09-08,11:29,01375,中州证券,5170,1.760,9099.200,7869.17014400,0.86482
2026-09-08,11:29,01456,国联民生,1914,3.905,7474.170,6463.81169940,0.86482
2026-09-08,11:29,01776,广发证券,4984,18.320,91306.880,78964.01596160,0.86482
2026-09-08,11:29,01788,国泰君安国际,12351,2.880,35570.880,30762.40844160,0.86482
2026-09-08,11:29,02611,国泰海通,8162,15.170,123817.540,107079.88494280,0.86482
2026-09-08,11:29,03908,中金公司,5540,21.140,117115.600,101283.91319200,0.86482
2026-09-08,11:29,03958,东方证券,4442,5.875,26096.750,22568.99133500,0.86482
2026-09-08,11:29,06030,中信证券,6975,26.580,185395.500,160333.73631000,0.86482
2026-09-08,11:29,06066,中信建投证券,3818,12.020,45892.360,39688.63077520,0.86482
2026-09-08,11:29,06099,招商证券,2205,15.410,33979.050,29385.76202100,0.86482
2026-09-08,11:29,06178,光大证券,2132,7.495,15979.340,13819.25281880,0.86482
2026-09-08,11:29,06806,申万宏源,7581,2.565,19445.265,16816.65407730,0.86482
2026-09-08,11:29,06881,中国银河,10742,7.785,83626.470,72321.84378540,0.86482
2026-09-08,11:29,06886,HTSC,4956,17.740,87919.440,76034.49010080,0.86482
2026-09-08,11:30,00165,中国光大控股,2174,6.520,14174.480,12258.37379360,0.86482
2026-09-08,11:30,00388,香港交易所,372,402.200,149618.400,129392.98468800,0.86482
2026-09-08,11:30,01359,中国信达,35009,0.920,32208.280,27854.36470960,0.86482
2026-09-08,11:30,01375,中州证券,5170,1.760,9099.200,7869.17014400,0.86482
2026-09-08,11:30,01456,国联民生,1914,3.905,7474.170,6463.81169940,0.86482
2026-09-08,11:30,01776,广发证券,4984,18.320,91306.880,78964.01596160,0.86482
2026-09-08,11:30,01788,国泰君安国际,12351,2.885,35632.635,30815.81540070,0.86482
2026-09-08,11:30,02611,国泰海通,8162,15.170,123817.540,107079.88494280,0.86482
2026-09-08,11:30,03908,中金公司,5540,21.080,116783.200,100996.44702400,0.86482
2026-09-08,11:30,03958,东方证券,4442,5.875,26096.750,22568.99133500,0.86482
2026-09-08,11:30,06030,中信证券,6975,26.580,185395.500,160333.73631000,0.86482
2026-09-08,11:30,06066,中信建投证券,3818,12.020,45892.360,39688.63077520,0.86482
2026-09-08,11:30,06099,招商证券,2205,15.430,34023.150,29423.90058300,0.86482
2026-09-08,11:30,06178,光大证券,2132,7.515,16021.980,13856.12874360,0.86482
2026-09-08,11:30,06806,申万宏源,7581,2.565,19445.265,16816.65407730,0.86482
2026-09-08,11:30,06881,中国银河,10742,7.785,83626.470,72321.84378540,0.86482
2026-09-08,11:30,06886,HTSC,4956,17.750,87969.000,76077.35058000,0.86482
2026-09-08,11:31,00165,中国光大控股,2174,6.520,14174.480,12258.37379360,0.86482
2026-09-08,11:31,00388,香港交易所,372,402.400,149692.800,129457.32729600,0.86482
2026-09-08,11:31,01359,中国信达,35009,0.920,32208.280,27854.36470960,0.86482
2026-09-08,11:31,01375,中州证券,5170,1.760,9099.200,7869.17014400,0.86482
2026-09-08,11:31,01456,国联民生,1914,3.905,7474.170,6463.81169940,0.86482
2026-09-08,11:31,01776,广发证券,4984,18.320,91306.880,78964.01596160,0.86482
2026-09-08,11:31,01788,国泰君安国际,12351,2.885,35632.635,30815.81540070,0.86482
2026-09-08,11:31,02611,国泰海通,8162,15.160,123735.920,107009.29833440,0.86482
2026-09-08,11:31,03908,中金公司,5540,21.060,116672.400,100900.62496800,0.86482
2026-09-08,11:31,03958,东方证券,4442,5.870,26074.540,22549.78368280,0.86482
2026-09-08,11:31,06030,中信证券,6975,26.580,185395.500,160333.73631000,0.86482
2026-09-08,11:31,06066,中信建投证券,3818,12.010,45854.180,39655.61194760,0.86482
2026-09-08,11:31,06099,招商证券,2205,15.430,34023.150,29423.90058300,0.86482
2026-09-08,11:31,06178,光大证券,2132,7.515,16021.980,13856.12874360,0.86482
2026-09-08,11:31,06806,申万宏源,7581,2.565,19445.265,16816.65407730,0.86482
2026-09-08,11:31,06881,中国银河,10742,7.785,83626.470,72321.84378540,0.86482
2026-09-08,11:31,06886,HTSC,4956,17.750,87969.000,76077.35058000,0.86482
2026-09-08,11:32,00165,中国光大控股,2174,6.520,14174.480,12258.37379360,0.86482
2026-09-08,11:32,00388,香港交易所,372,402.600,149767.200,129521.66990400,0.86482
2026-09-08,11:32,01359,中国信达,35009,0.920,32208.280,27854.36470960,0.86482
2026-09-08,11:32,01375,中州证券,5170,1.760,9099.200,7869.17014400,0.86482
2026-09-08,11:32,01456,国联民生,1914,3.905,7474.170,6463.81169940,0.86482
2026-09-08,11:32,01776,广发证券,4984,18.310,91257.040,78920.91333280,0.86482
2026-09-08,11:32,01788,国泰君安国际,12351,2.885,35632.635,30815.81540070,0.86482
2026-09-08,11:32,02611,国泰海通,8162,15.160,123735.920,107009.29833440,0.86482
2026-09-08,11:32,03908,中金公司,5540,21.080,116783.200,100996.44702400,0.86482
2026-09-08,11:32,03958,东方证券,4442,5.870,26074.540,22549.78368280,0.86482
2026-09-08,11:32,06030,中信证券,6975,26.620,185674.500,160575.02109000,0.86482
2026-09-08,11:32,06066,中信建投证券,3818,12.000,45816.000,39622.59312000,0.86482
2026-09-08,11:32,06099,招商证券,2205,15.390,33934.950,29347.62345900,0.86482
2026-09-08,11:32,06178,光大证券,2132,7.515,16021.980,13856.12874360,0.86482
2026-09-08,11:32,06806,申万宏源,7581,2.565,19445.265,16816.65407730,0.86482
2026-09-08,11:32,06881,中国银河,10742,7.775,83519.050,72228.94482100,0.86482
2026-09-08,11:32,06886,HTSC,4956,17.750,87969.000,76077.35058000,0.86482
2026-09-08,11:33,00165,中国光大控股,2174,6.525,14185.350,12267.77438700,0.86482
2026-09-08,11:33,00388,香港交易所,372,402.400,149692.800,129457.32729600,0.86482
2026-09-08,11:33,01359,中国信达,35009,0.920,32208.280,27854.36470960,0.86482
2026-09-08,11:33,01375,中州证券,5170,1.760,9099.200,7869.17014400,0.86482
2026-09-08,11:33,01456,国联民生,1914,3.905,7474.170,6463.81169940,0.86482
2026-09-08,11:33,01776,广发证券,4984,18.300,91207.200,78877.81070400,0.86482
2026-09-08,11:33,01788,国泰君安国际,12351,2.880,35570.880,30762.40844160,0.86482
2026-09-08,11:33,02611,国泰海通,8162,15.160,123735.920,107009.29833440,0.86482
2026-09-08,11:33,03908,中金公司,5540,21.080,116783.200,100996.44702400,0.86482
2026-09-08,11:33,03958,东方证券,4442,5.870,26074.540,22549.78368280,0.86482
2026-09-08,11:33,06030,中信证券,6975,26.600,185535.000,160454.37870000,0.86482
2026-09-08,11:33,06066,中信建投证券,3818,12.000,45816.000,39622.59312000,0.86482
2026-09-08,11:33,06099,招商证券,2205,15.360,33868.800,29290.41561600,0.86482
2026-09-08,11:33,06178,光大证券,2132,7.500,15990.000,13828.47180000,0.86482
2026-09-08,11:33,06806,申万宏源,7581,2.565,19445.265,16816.65407730,0.86482
2026-09-08,11:33,06881,中国银河,10742,7.775,83519.050,72228.94482100,0.86482
2026-09-08,11:33,06886,HTSC,4956,17.710,87770.760,75905.90866320,0.86482
2026-09-08,11:34,00165,中国光大控股,2174,6.525,14185.350,12267.77438700,0.86482
2026-09-08,11:34,00388,香港交易所,372,402.000,149544.000,129328.64208000,0.86482
2026-09-08,11:34,01359,中国信达,35009,0.915,32033.235,27702.98229270,0.86482
2026-09-08,11:34,01375,中州证券,5170,1.760,9099.200,7869.17014400,0.86482
2026-09-08,11:34,01456,国联民生,1914,3.905,7474.170,6463.81169940,0.86482
2026-09-08,11:34,01776,广发证券,4984,18.300,91207.200,78877.81070400,0.86482
2026-09-08,11:34,01788,国泰君安国际,12351,2.880,35570.880,30762.40844160,0.86482
2026-09-08,11:34,02611,国泰海通,8162,15.130,123491.060,106797.53850920,0.86482
2026-09-08,11:34,03908,中金公司,5540,21.060,116672.400,100900.62496800,0.86482
2026-09-08,11:34,03958,东方证券,4442,5.870,26074.540,22549.78368280,0.86482
2026-09-08,11:34,06030,中信证券,6975,26.580,185395.500,160333.73631000,0.86482
2026-09-08,11:34,06066,中信建投证券,3818,11.990,45777.820,39589.57429240,0.86482
2026-09-08,11:34,06099,招商证券,2205,15.340,33824.700,29252.27705400,0.86482
2026-09-08,11:34,06178,光大证券,2132,7.500,15990.000,13828.47180000,0.86482
2026-09-08,11:34,06806,申万宏源,7581,2.565,19445.265,16816.65407730,0.86482
2026-09-08,11:34,06881,中国银河,10742,7.770,83465.340,72182.49533880,0.86482
2026-09-08,11:34,06886,HTSC,4956,17.730,87869.880,75991.62962160,0.86482
2026-09-08,11:35,00165,中国光大控股,2174,6.525,14185.350,12267.77438700,0.86482
2026-09-08,11:35,00388,香港交易所,372,402.000,149544.000,129328.64208000,0.86482
2026-09-08,11:35,01359,中国信达,35009,0.915,32033.235,27702.98229270,0.86482
2026-09-08,11:35,01375,中州证券,5170,1.760,9099.200,7869.17014400,0.86482
2026-09-08,11:35,01456,国联民生,1914,3.905,7474.170,6463.81169940,0.86482
2026-09-08,11:35,01776,广发证券,4984,18.300,91207.200,78877.81070400,0.86482
2026-09-08,11:35,01788,国泰君安国际,12351,2.880,35570.880,30762.40844160,0.86482
2026-09-08,11:35,02611,国泰海通,8162,15.140,123572.680,106868.12511760,0.86482
2026-09-08,11:35,03908,中金公司,5540,21.080,116783.200,100996.44702400,0.86482
2026-09-08,11:35,03958,东方证券,4442,5.870,26074.540,22549.78368280,0.86482
2026-09-08,11:35,06030,中信证券,6975,26.580,185395.500,160333.73631000,0.86482
2026-09-08,11:35,06066,中信建投证券,3818,11.990,45777.820,39589.57429240,0.86482
2026-09-08,11:35,06099,招商证券,2205,15.300,33736.500,29175.99993000,0.86482
2026-09-08,11:35,06178,光大证券,2132,7.500,15990.000,13828.47180000,0.86482
2026-09-08,11:35,06806,申万宏源,7581,2.565,19445.265,16816.65407730,0.86482
2026-09-08,11:35,06881,中国银河,10742,7.775,83519.050,72228.94482100,0.86482
2026-09-08,11:35,06886,HTSC,4956,17.730,87869.880,75991.62962160,0.86482
2026-09-08,11:36,00165,中国光大控股,2174,6.525,14185.350,12267.77438700,0.86482
2026-09-08,11:36,00388,香港交易所,372,402.000,149544.000,129328.64208000,0.86482
2026-09-08,11:36,01359,中国信达,35009,0.915,32033.235,27702.98229270,0.86482
2026-09-08,11:36,01375,中州证券,5170,1.755,9073.350,7846.81454700,0.86482
2026-09-08,11:36,01456,国联民生,1914,3.905,7474.170,6463.81169940,0.86482
2026-09-08,11:36,01776,广发证券,4984,18.340,91406.560,79050.22121920,0.86482
2026-09-08,11:36,01788,国泰君安国际,12351,2.880,35570.880,30762.40844160,0.86482
2026-09-08,11:36,02611,国泰海通,8162,15.140,123572.680,106868.12511760,0.86482
2026-09-08,11:36,03908,中金公司,5540,21.080,116783.200,100996.44702400,0.86482
2026-09-08,11:36,03958,东方证券,4442,5.865,26052.330,22530.57603060,0.86482
2026-09-08,11:36,06030,中信证券,6975,26.620,185674.500,160575.02109000,0.86482
2026-09-08,11:36,06066,中信建投证券,3818,11.990,45777.820,39589.57429240,0.86482
2026-09-08,11:36,06099,招商证券,2205,15.300,33736.500,29175.99993000,0.86482
2026-09-08,11:36,06178,光大证券,2132,7.515,16021.980,13856.12874360,0.86482
2026-09-08,11:36,06806,申万宏源,7581,2.565,19445.265,16816.65407730,0.86482
2026-09-08,11:36,06881,中国银河,10742,7.775,83519.050,72228.94482100,0.86482
2026-09-08,11:36,06886,HTSC,4956,17.720,87820.320,75948.76914240,0.86482
2026-09-08,11:37,00165,中国光大控股,2174,6.525,14185.350,12267.77438700,0.86482
2026-09-08,11:37,00388,香港交易所,372,402.200,149618.400,129392.98468800,0.86482
2026-09-08,11:37,01359,中国信达,35009,0.915,32033.235,27702.98229270,0.86482
2026-09-08,11:37,01375,中州证券,5170,1.755,9073.350,7846.81454700,0.86482
2026-09-08,11:37,01456,国联民生,1914,3.910,7483.740,6472.08802680,0.86482
2026-09-08,11:37,01776,广发证券,4984,18.340,91406.560,79050.22121920,0.86482
2026-09-08,11:37,01788,国泰君安国际,12351,2.885,35632.635,30815.81540070,0.86482
2026-09-08,11:37,02611,国泰海通,8162,15.150,123654.300,106938.71172600,0.86482
2026-09-08,11:37,03908,中金公司,5540,21.080,116783.200,100996.44702400,0.86482
2026-09-08,11:37,03958,东方证券,4442,5.865,26052.330,22530.57603060,0.86482
2026-09-08,11:37,06030,中信证券,6975,26.580,185395.500,160333.73631000,0.86482
2026-09-08,11:37,06066,中信建投证券,3818,11.990,45777.820,39589.57429240,0.86482
2026-09-08,11:37,06099,招商证券,2205,15.290,33714.450,29156.93064900,0.86482
2026-09-08,11:37,06178,光大证券,2132,7.515,16021.980,13856.12874360,0.86482
2026-09-08,11:37,06806,申万宏源,7581,2.560,19407.360,16783.87307520,0.86482
2026-09-08,11:37,06881,中国银河,10742,7.775,83519.050,72228.94482100,0.86482
2026-09-08,11:37,06886,HTSC,4956,17.720,87820.320,75948.76914240,0.86482
2026-09-08,11:38,00165,中国光大控股,2174,6.525,14185.350,12267.77438700,0.86482
2026-09-08,11:38,00388,香港交易所,372,402.200,149618.400,129392.98468800,0.86482
2026-09-08,11:38,01359,中国信达,35009,0.915,32033.235,27702.98229270,0.86482
2026-09-08,11:38,01375,中州证券,5170,1.755,9073.350,7846.81454700,0.86482
2026-09-08,11:38,01456,国联民生,1914,3.910,7483.740,6472.08802680,0.86482
2026-09-08,11:38,01776,广发证券,4984,18.340,91406.560,79050.22121920,0.86482
2026-09-08,11:38,01788,国泰君安国际,12351,2.885,35632.635,30815.81540070,0.86482
2026-09-08,11:38,02611,国泰海通,8162,15.150,123654.300,106938.71172600,0.86482
2026-09-08,11:38,03908,中金公司,5540,21.100,116894.000,101092.26908000,0.86482
2026-09-08,11:38,03958,东方证券,4442,5.865,26052.330,22530.57603060,0.86482
2026-09-08,11:38,06030,中信证券,6975,26.580,185395.500,160333.73631000,0.86482
2026-09-08,11:38,06066,中信建投证券,3818,11.990,45777.820,39589.57429240,0.86482
2026-09-08,11:38,06099,招商证券,2205,15.290,33714.450,29156.93064900,0.86482
2026-09-08,11:38,06178,光大证券,2132,7.515,16021.980,13856.12874360,0.86482
2026-09-08,11:38,06806,申万宏源,7581,2.560,19407.360,16783.87307520,0.86482
2026-09-08,11:38,06881,中国银河,10742,7.775,83519.050,72228.94482100,0.86482
2026-09-08,11:38,06886,HTSC,4956,17.700,87721.200,75863.04818400,0.86482
2026-09-08,11:39,00165,中国光大控股,2174,6.530,14196.220,12277.17498040,0.86482
2026-09-08,11:39,00388,香港交易所,372,402.200,149618.400,129392.98468800,0.86482
2026-09-08,11:39,01359,中国信达,35009,0.920,32208.280,27854.36470960,0.86482
2026-09-08,11:39,01375,中州证券,5170,1.755,9073.350,7846.81454700,0.86482
2026-09-08,11:39,01456,国联民生,1914,3.910,7483.740,6472.08802680,0.86482
2026-09-08,11:39,01776,广发证券,4984,18.340,91406.560,79050.22121920,0.86482
2026-09-08,11:39,01788,国泰君安国际,12351,2.880,35570.880,30762.40844160,0.86482
2026-09-08,11:39,02611,国泰海通,8162,15.150,123654.300,106938.71172600,0.86482
2026-09-08,11:39,03908,中金公司,5540,21.120,117004.800,101188.09113600,0.86482
2026-09-08,11:39,03958,东方证券,4442,5.865,26052.330,22530.57603060,0.86482
2026-09-08,11:39,06030,中信证券,6975,26.580,185395.500,160333.73631000,0.86482
2026-09-08,11:39,06066,中信建投证券,3818,11.990,45777.820,39589.57429240,0.86482
2026-09-08,11:39,06099,招商证券,2205,15.290,33714.450,29156.93064900,0.86482
2026-09-08,11:39,06178,光大证券,2132,7.515,16021.980,13856.12874360,0.86482
2026-09-08,11:39,06806,申万宏源,7581,2.560,19407.360,16783.87307520,0.86482
2026-09-08,11:39,06881,中国银河,10742,7.775,83519.050,72228.94482100,0.86482
2026-09-08,11:39,06886,HTSC,4956,17.720,87820.320,75948.76914240,0.86482
2026-09-08,11:40,00165,中国光大控股,2174,6.530,14196.220,12277.17498040,0.86482
2026-09-08,11:40,00388,香港交易所,372,402.200,149618.400,129392.98468800,0.86482
2026-09-08,11:40,01359,中国信达,35009,0.920,32208.280,27854.36470960,0.86482
2026-09-08,11:40,01375,中州证券,5170,1.755,9073.350,7846.81454700,0.86482
2026-09-08,11:40,01456,国联民生,1914,3.910,7483.740,6472.08802680,0.86482
2026-09-08,11:40,01776,广发证券,4984,18.310,91257.040,78920.91333280,0.86482
2026-09-08,11:40,01788,国泰君安国际,12351,2.880,35570.880,30762.40844160,0.86482
2026-09-08,11:40,02611,国泰海通,8162,15.150,123654.300,106938.71172600,0.86482
2026-09-08,11:40,03908,中金公司,5540,21.120,117004.800,101188.09113600,0.86482
2026-09-08,11:40,03958,东方证券,4442,5.865,26052.330,22530.57603060,0.86482
2026-09-08,11:40,06030,中信证券,6975,26.620,185674.500,160575.02109000,0.86482
2026-09-08,11:40,06066,中信建投证券,3818,11.990,45777.820,39589.57429240,0.86482
2026-09-08,11:40,06099,招商证券,2205,15.290,33714.450,29156.93064900,0.86482
2026-09-08,11:40,06178,光大证券,2132,7.515,16021.980,13856.12874360,0.86482
2026-09-08,11:40,06806,申万宏源,7581,2.560,19407.360,16783.87307520,0.86482
2026-09-08,11:40,06881,中国银河,10742,7.775,83519.050,72228.94482100,0.86482
2026-09-08,11:40,06886,HTSC,4956,17.700,87721.200,75863.04818400,0.86482
2026-09-08,11:41,00165,中国光大控股,2174,6.535,14207.090,12286.57557380,0.86482
2026-09-08,11:41,00388,香港交易所,372,402.400,149692.800,129457.32729600,0.86482
2026-09-08,11:41,01359,中国信达,35009,0.920,32208.280,27854.36470960,0.86482
2026-09-08,11:41,01375,中州证券,5170,1.755,9073.350,7846.81454700,0.86482
2026-09-08,11:41,01456,国联民生,1914,3.910,7483.740,6472.08802680,0.86482
2026-09-08,11:41,01776,广发证券,4984,18.280,91107.520,78791.60544640,0.86482
2026-09-08,11:41,01788,国泰君安国际,12351,2.885,35632.635,30815.81540070,0.86482
2026-09-08,11:41,02611,国泰海通,8162,15.150,123654.300,106938.71172600,0.86482
2026-09-08,11:41,03908,中金公司,5540,21.020,116450.800,100708.98085600,0.86482
2026-09-08,11:41,03958,东方证券,4442,5.870,26074.540,22549.78368280,0.86482
2026-09-08,11:41,06030,中信证券,6975,26.580,185395.500,160333.73631000,0.86482
2026-09-08,11:41,06066,中信建投证券,3818,11.990,45777.820,39589.57429240,0.86482
2026-09-08,11:41,06099,招商证券,2205,15.290,33714.450,29156.93064900,0.86482
2026-09-08,11:41,06178,光大证券,2132,7.515,16021.980,13856.12874360,0.86482
2026-09-08,11:41,06806,申万宏源,7581,2.560,19407.360,16783.87307520,0.86482
2026-09-08,11:41,06881,中国银河,10742,7.775,83519.050,72228.94482100,0.86482
2026-09-08,11:41,06886,HTSC,4956,17.680,87622.080,75777.32722560,0.86482
2026-09-08,11:42,00165,中国光大控股,2174,6.535,14207.090,12286.57557380,0.86482
2026-09-08,11:42,00388,香港交易所,372,402.400,149692.800,129457.32729600,0.86482
2026-09-08,11:42,01359,中国信达,35009,0.920,32208.280,27854.36470960,0.86482
2026-09-08,11:42,01375,中州证券,5170,1.755,9073.350,7846.81454700,0.86482
2026-09-08,11:42,01456,国联民生,1914,3.910,7483.740,6472.08802680,0.86482
2026-09-08,11:42,01776,广发证券,4984,18.280,91107.520,78791.60544640,0.86482
2026-09-08,11:42,01788,国泰君安国际,12351,2.880,35570.880,30762.40844160,0.86482
2026-09-08,11:42,02611,国泰海通,8162,15.140,123572.680,106868.12511760,0.86482
2026-09-08,11:42,03908,中金公司,5540,21.020,116450.800,100708.98085600,0.86482
2026-09-08,11:42,03958,东方证券,4442,5.870,26074.540,22549.78368280,0.86482
2026-09-08,11:42,06030,中信证券,6975,26.580,185395.500,160333.73631000,0.86482
2026-09-08,11:42,06066,中信建投证券,3818,11.990,45777.820,39589.57429240,0.86482
2026-09-08,11:42,06099,招商证券,2205,15.330,33802.650,29233.20777300,0.86482
2026-09-08,11:42,06178,光大证券,2132,7.515,16021.980,13856.12874360,0.86482
2026-09-08,11:42,06806,申万宏源,7581,2.560,19407.360,16783.87307520,0.86482
2026-09-08,11:42,06881,中国银河,10742,7.770,83465.340,72182.49533880,0.86482
2026-09-08,11:42,06886,HTSC,4956,17.680,87622.080,75777.32722560,0.86482
2026-09-08,11:43,00165,中国光大控股,2174,6.535,14207.090,12286.57557380,0.86482
2026-09-08,11:43,00388,香港交易所,372,402.600,149767.200,129521.66990400,0.86482
2026-09-08,11:43,01359,中国信达,35009,0.920,32208.280,27854.36470960,0.86482
2026-09-08,11:43,01375,中州证券,5170,1.755,9073.350,7846.81454700,0.86482
2026-09-08,11:43,01456,国联民生,1914,3.910,7483.740,6472.08802680,0.86482
2026-09-08,11:43,01776,广发证券,4984,18.280,91107.520,78791.60544640,0.86482
2026-09-08,11:43,01788,国泰君安国际,12351,2.880,35570.880,30762.40844160,0.86482
2026-09-08,11:43,02611,国泰海通,8162,15.140,123572.680,106868.12511760,0.86482
2026-09-08,11:43,03908,中金公司,5540,21.020,116450.800,100708.98085600,0.86482
2026-09-08,11:43,03958,东方证券,4442,5.875,26096.750,22568.99133500,0.86482
2026-09-08,11:43,06030,中信证券,6975,26.560,185256.000,160213.09392000,0.86482
2026-09-08,11:43,06066,中信建投证券,3818,11.990,45777.820,39589.57429240,0.86482
2026-09-08,11:43,06099,招商证券,2205,15.280,33692.400,29137.86136800,0.86482
2026-09-08,11:43,06178,光大证券,2132,7.515,16021.980,13856.12874360,0.86482
2026-09-08,11:43,06806,申万宏源,7581,2.560,19407.360,16783.87307520,0.86482
2026-09-08,11:43,06881,中国银河,10742,7.765,83411.630,72136.04585660,0.86482
2026-09-08,11:43,06886,HTSC,4956,17.680,87622.080,75777.32722560,0.86482
2026-09-08,11:44,00165,中国光大控股,2174,6.535,14207.090,12286.57557380,0.86482
2026-09-08,11:44,00388,香港交易所,372,402.400,149692.800,129457.32729600,0.86482
2026-09-08,11:44,01359,中国信达,35009,0.920,32208.280,27854.36470960,0.86482
2026-09-08,11:44,01375,中州证券,5170,1.755,9073.350,7846.81454700,0.86482
2026-09-08,11:44,01456,国联民生,1914,3.910,7483.740,6472.08802680,0.86482
2026-09-08,11:44,01776,广发证券,4984,18.270,91057.680,78748.50281760,0.86482
2026-09-08,11:44,01788,国泰君安国际,12351,2.880,35570.880,30762.40844160,0.86482
2026-09-08,11:44,02611,国泰海通,8162,15.130,123491.060,106797.53850920,0.86482
2026-09-08,11:44,03908,中金公司,5540,20.860,115564.400,99942.40440800,0.86482
2026-09-08,11:44,03958,东方证券,4442,5.875,26096.750,22568.99133500,0.86482
2026-09-08,11:44,06030,中信证券,6975,26.520,184977.000,159971.80914000,0.86482
2026-09-08,11:44,06066,中信建投证券,3818,11.960,45663.280,39490.51780960,0.86482
2026-09-08,11:44,06099,招商证券,2205,15.250,33626.250,29080.65352500,0.86482
2026-09-08,11:44,06178,光大证券,2132,7.515,16021.980,13856.12874360,0.86482
2026-09-08,11:44,06806,申万宏源,7581,2.560,19407.360,16783.87307520,0.86482
2026-09-08,11:44,06881,中国银河,10742,7.760,83357.920,72089.59637440,0.86482
2026-09-08,11:44,06886,HTSC,4956,17.680,87622.080,75777.32722560,0.86482
2026-09-08,11:45,00165,中国光大控股,2174,6.535,14207.090,12286.57557380,0.86482
2026-09-08,11:45,00388,香港交易所,372,402.400,149692.800,129457.32729600,0.86482
2026-09-08,11:45,01359,中国信达,35009,0.915,32033.235,27702.98229270,0.86482
2026-09-08,11:45,01375,中州证券,5170,1.755,9073.350,7846.81454700,0.86482
2026-09-08,11:45,01456,国联民生,1914,3.910,7483.740,6472.08802680,0.86482
2026-09-08,11:45,01776,广发证券,4984,18.300,91207.200,78877.81070400,0.86482
2026-09-08,11:45,01788,国泰君安国际,12351,2.885,35632.635,30815.81540070,0.86482
2026-09-08,11:45,02611,国泰海通,8162,15.100,123246.200,106585.77868400,0.86482
2026-09-08,11:45,03908,中金公司,5540,20.820,115342.800,99750.76029600,0.86482
2026-09-08,11:45,03958,东方证券,4442,5.875,26096.750,22568.99133500,0.86482
2026-09-08,11:45,06030,中信证券,6975,26.500,184837.500,159851.16675000,0.86482
2026-09-08,11:45,06066,中信建投证券,3818,11.970,45701.460,39523.53663720,0.86482
2026-09-08,11:45,06099,招商证券,2205,15.250,33626.250,29080.65352500,0.86482
2026-09-08,11:45,06178,光大证券,2132,7.515,16021.980,13856.12874360,0.86482
2026-09-08,11:45,06806,申万宏源,7581,2.560,19407.360,16783.87307520,0.86482
2026-09-08,11:45,06881,中国银河,10742,7.755,83304.210,72043.14689220,0.86482
2026-09-08,11:45,06886,HTSC,4956,17.680,87622.080,75777.32722560,0.86482
2026-09-08,11:46,00165,中国光大控股,2174,6.545,14228.830,12305.37676060,0.86482
2026-09-08,11:46,00388,香港交易所,372,402.400,149692.800,129457.32729600,0.86482
2026-09-08,11:46,01359,中国信达,35009,0.915,32033.235,27702.98229270,0.86482
2026-09-08,11:46,01375,中州证券,5170,1.755,9073.350,7846.81454700,0.86482
2026-09-08,11:46,01456,国联民生,1914,3.910,7483.740,6472.08802680,0.86482
2026-09-08,11:46,01776,广发证券,4984,18.290,91157.360,78834.70807520,0.86482
2026-09-08,11:46,01788,国泰君安国际,12351,2.885,35632.635,30815.81540070,0.86482
2026-09-08,11:46,02611,国泰海通,8162,15.110,123327.820,106656.36529240,0.86482
2026-09-08,11:46,03908,中金公司,5540,20.760,115010.400,99463.29412800,0.86482
2026-09-08,11:46,03958,东方证券,4442,5.875,26096.750,22568.99133500,0.86482
2026-09-08,11:46,06030,中信证券,6975,26.500,184837.500,159851.16675000,0.86482
2026-09-08,11:46,06066,中信建投证券,3818,11.970,45701.460,39523.53663720,0.86482
2026-09-08,11:46,06099,招商证券,2205,15.240,33604.200,29061.58424400,0.86482
2026-09-08,11:46,06178,光大证券,2132,7.515,16021.980,13856.12874360,0.86482
2026-09-08,11:46,06806,申万宏源,7581,2.555,19369.455,16751.09207310,0.86482
2026-09-08,11:46,06881,中国银河,10742,7.760,83357.920,72089.59637440,0.86482
2026-09-08,11:46,06886,HTSC,4956,17.660,87522.960,75691.60626720,0.86482
2026-09-08,11:47,00165,中国光大控股,2174,6.520,14174.480,12258.37379360,0.86482
2026-09-08,11:47,00388,香港交易所,372,402.400,149692.800,129457.32729600,0.86482
2026-09-08,11:47,01359,中国信达,35009,0.915,32033.235,27702.98229270,0.86482
2026-09-08,11:47,01375,中州证券,5170,1.745,9021.650,7802.10335300,0.86482
2026-09-08,11:47,01456,国联民生,1914,3.910,7483.740,6472.08802680,0.86482
2026-09-08,11:47,01776,广发证券,4984,18.250,90958.000,78662.29756000,0.86482
2026-09-08,11:47,01788,国泰君安国际,12351,2.885,35632.635,30815.81540070,0.86482
2026-09-08,11:47,02611,国泰海通,8162,15.110,123327.820,106656.36529240,0.86482
2026-09-08,11:47,03908,中金公司,5540,20.900,115786.000,100134.04852000,0.86482
2026-09-08,11:47,03958,东方证券,4442,5.850,25985.700,22472.95307400,0.86482
2026-09-08,11:47,06030,中信证券,6975,26.540,185116.500,160092.45153000,0.86482
2026-09-08,11:47,06066,中信建投证券,3818,11.980,45739.640,39556.55546480,0.86482
2026-09-08,11:47,06099,招商证券,2205,15.230,33582.150,29042.51496300,0.86482
2026-09-08,11:47,06178,光大证券,2132,7.480,15947.360,13791.59587520,0.86482
2026-09-08,11:47,06806,申万宏源,7581,2.545,19293.645,16685.53006890,0.86482
2026-09-08,11:47,06881,中国银河,10742,7.755,83304.210,72043.14689220,0.86482
2026-09-08,11:47,06886,HTSC,4956,17.660,87522.960,75691.60626720,0.86482
2026-09-08,11:48,00165,中国光大控股,2174,6.520,14174.480,12258.37379360,0.86482
2026-09-08,11:48,00388,香港交易所,372,402.400,149692.800,129457.32729600,0.86482
2026-09-08,11:48,01359,中国信达,35009,0.915,32033.235,27702.98229270,0.86482
2026-09-08,11:48,01375,中州证券,5170,1.745,9021.650,7802.10335300,0.86482
2026-09-08,11:48,01456,国联民生,1914,3.910,7483.740,6472.08802680,0.86482
2026-09-08,11:48,01776,广发证券,4984,18.280,91107.520,78791.60544640,0.86482
2026-09-08,11:48,01788,国泰君安国际,12351,2.880,35570.880,30762.40844160,0.86482
2026-09-08,11:48,02611,国泰海通,8162,15.140,123572.680,106868.12511760,0.86482
2026-09-08,11:48,03908,中金公司,5540,20.800,115232.000,99654.93824000,0.86482
2026-09-08,11:48,03958,东方证券,4442,5.845,25963.490,22453.74542180,0.86482
2026-09-08,11:48,06030,中信证券,6975,26.540,185116.500,160092.45153000,0.86482
2026-09-08,11:48,06066,中信建投证券,3818,11.970,45701.460,39523.53663720,0.86482
2026-09-08,11:48,06099,招商证券,2205,15.230,33582.150,29042.51496300,0.86482
2026-09-08,11:48,06178,光大证券,2132,7.480,15947.360,13791.59587520,0.86482
2026-09-08,11:48,06806,申万宏源,7581,2.550,19331.550,16718.31107100,0.86482
2026-09-08,11:48,06881,中国银河,10742,7.745,83196.790,71950.24792780,0.86482
2026-09-08,11:48,06886,HTSC,4956,17.650,87473.400,75648.74578800,0.86482
2026-09-08,11:49,00165,中国光大控股,2174,6.515,14163.610,12248.97320020,0.86482
2026-09-08,11:49,00388,香港交易所,372,402.600,149767.200,129521.66990400,0.86482
2026-09-08,11:49,01359,中国信达,35009,0.915,32033.235,27702.98229270,0.86482
2026-09-08,11:49,01375,中州证券,5170,1.745,9021.650,7802.10335300,0.86482
2026-09-08,11:49,01456,国联民生,1914,3.910,7483.740,6472.08802680,0.86482
2026-09-08,11:49,01776,广发证券,4984,18.280,91107.520,78791.60544640,0.86482
2026-09-08,11:49,01788,国泰君安国际,12351,2.880,35570.880,30762.40844160,0.86482
2026-09-08,11:49,02611,国泰海通,8162,15.200,124062.400,107291.64476800,0.86482
2026-09-08,11:49,03908,中金公司,5540,20.820,115342.800,99750.76029600,0.86482
2026-09-08,11:49,03958,东方证券,4442,5.845,25963.490,22453.74542180,0.86482
2026-09-08,11:49,06030,中信证券,6975,26.560,185256.000,160213.09392000,0.86482
2026-09-08,11:49,06066,中信建投证券,3818,11.970,45701.460,39523.53663720,0.86482
2026-09-08,11:49,06099,招商证券,2205,15.230,33582.150,29042.51496300,0.86482
2026-09-08,11:49,06178,光大证券,2132,7.480,15947.360,13791.59587520,0.86482
2026-09-08,11:49,06806,申万宏源,7581,2.550,19331.550,16718.31107100,0.86482
2026-09-08,11:49,06881,中国银河,10742,7.750,83250.500,71996.69741000,0.86482
2026-09-08,11:49,06886,HTSC,4956,17.680,87622.080,75777.32722560,0.86482
2026-09-08,11:50,00165,中国光大控股,2174,6.515,14163.610,12248.97320020,0.86482
2026-09-08,11:50,00388,香港交易所,372,402.600,149767.200,129521.66990400,0.86482
2026-09-08,11:50,01359,中国信达,35009,0.915,32033.235,27702.98229270,0.86482
2026-09-08,11:50,01375,中州证券,5170,1.745,9021.650,7802.10335300,0.86482
2026-09-08,11:50,01456,国联民生,1914,3.915,7493.310,6480.36435420,0.86482
2026-09-08,11:50,01776,广发证券,4984,18.280,91107.520,78791.60544640,0.86482
2026-09-08,11:50,01788,国泰君安国际,12351,2.880,35570.880,30762.40844160,0.86482
2026-09-08,11:50,02611,国泰海通,8162,15.220,124225.640,107432.81798480,0.86482
2026-09-08,11:50,03908,中金公司,5540,20.780,115121.200,99559.11618400,0.86482
2026-09-08,11:50,03958,东方证券,4442,5.845,25963.490,22453.74542180,0.86482
2026-09-08,11:50,06030,中信证券,6975,26.580,185395.500,160333.73631000,0.86482
2026-09-08,11:50,06066,中信建投证券,3818,11.970,45701.460,39523.53663720,0.86482
2026-09-08,11:50,06099,招商证券,2205,15.230,33582.150,29042.51496300,0.86482
2026-09-08,11:50,06178,光大证券,2132,7.480,15947.360,13791.59587520,0.86482
2026-09-08,11:50,06806,申万宏源,7581,2.550,19331.550,16718.31107100,0.86482
2026-09-08,11:50,06881,中国银河,10742,7.750,83250.500,71996.69741000,0.86482
2026-09-08,11:50,06886,HTSC,4956,17.680,87622.080,75777.32722560,0.86482
2026-09-08,11:51,00165,中国光大控股,2174,6.510,14152.740,12239.57260680,0.86482
2026-09-08,11:51,00388,香港交易所,372,402.400,149692.800,129457.32729600,0.86482
2026-09-08,11:51,01359,中国信达,35009,0.915,32033.235,27702.98229270,0.86482
2026-09-08,11:51,01375,中州证券,5170,1.750,9047.500,7824.45895000,0.86482
2026-09-08,11:51,01456,国联民生,1914,3.915,7493.310,6480.36435420,0.86482
2026-09-08,11:51,01776,广发证券,4984,18.250,90958.000,78662.29756000,0.86482
2026-09-08,11:51,01788,国泰君安国际,12351,2.880,35570.880,30762.40844160,0.86482
2026-09-08,11:51,02611,国泰海通,8162,15.220,124225.640,107432.81798480,0.86482
2026-09-08,11:51,03908,中金公司,5540,20.740,114899.600,99367.47207200,0.86482
2026-09-08,11:51,03958,东方证券,4442,5.840,25941.280,22434.53776960,0.86482
2026-09-08,11:51,06030,中信证券,6975,26.500,184837.500,159851.16675000,0.86482
2026-09-08,11:51,06066,中信建投证券,3818,11.970,45701.460,39523.53663720,0.86482
2026-09-08,11:51,06099,招商证券,2205,15.230,33582.150,29042.51496300,0.86482
2026-09-08,11:51,06178,光大证券,2132,7.480,15947.360,13791.59587520,0.86482
2026-09-08,11:51,06806,申万宏源,7581,2.550,19331.550,16718.31107100,0.86482
2026-09-08,11:51,06881,中国银河,10742,7.750,83250.500,71996.69741000,0.86482
2026-09-08,11:51,06886,HTSC,4956,17.680,87622.080,75777.32722560,0.86482
2026-09-08,11:52,00165,中国光大控股,2174,6.500,14131.000,12220.77142000,0.86482
2026-09-08,11:52,00388,香港交易所,372,402.600,149767.200,129521.66990400,0.86482
2026-09-08,11:52,01359,中国信达,35009,0.920,32208.280,27854.36470960,0.86482
2026-09-08,11:52,01375,中州证券,5170,1.750,9047.500,7824.45895000,0.86482
2026-09-08,11:52,01456,国联民生,1914,3.915,7493.310,6480.36435420,0.86482
2026-09-08,11:52,01776,广发证券,4984,18.250,90958.000,78662.29756000,0.86482
2026-09-08,11:52,01788,国泰君安国际,12351,2.880,35570.880,30762.40844160,0.86482
2026-09-08,11:52,02611,国泰海通,8162,15.220,124225.640,107432.81798480,0.86482
2026-09-08,11:52,03908,中金公司,5540,20.720,114788.800,99271.65001600,0.86482
2026-09-08,11:52,03958,东方证券,4442,5.835,25919.070,22415.33011740,0.86482
2026-09-08,11:52,06030,中信证券,6975,26.460,184558.500,159609.88197000,0.86482
2026-09-08,11:52,06066,中信建投证券,3818,11.970,45701.460,39523.53663720,0.86482
2026-09-08,11:52,06099,招商证券,2205,15.220,33560.100,29023.44568200,0.86482
2026-09-08,11:52,06178,光大证券,2132,7.480,15947.360,13791.59587520,0.86482
2026-09-08,11:52,06806,申万宏源,7581,2.550,19331.550,16718.31107100,0.86482
2026-09-08,11:52,06881,中国银河,10742,7.750,83250.500,71996.69741000,0.86482
2026-09-08,11:52,06886,HTSC,4956,17.650,87473.400,75648.74578800,0.86482
2026-09-08,11:53,00165,中国光大控股,2174,6.500,14131.000,12220.77142000,0.86482
2026-09-08,11:53,00388,香港交易所,372,402.600,149767.200,129521.66990400,0.86482
2026-09-08,11:53,01359,中国信达,35009,0.920,32208.280,27854.36470960,0.86482
2026-09-08,11:53,01375,中州证券,5170,1.750,9047.500,7824.45895000,0.86482
2026-09-08,11:53,01456,国联民生,1914,3.905,7474.170,6463.81169940,0.86482
2026-09-08,11:53,01776,广发证券,4984,18.260,91007.840,78705.40018880,0.86482
2026-09-08,11:53,01788,国泰君安国际,12351,2.880,35570.880,30762.40844160,0.86482
2026-09-08,11:53,02611,国泰海通,8162,15.220,124225.640,107432.81798480,0.86482
2026-09-08,11:53,03908,中金公司,5540,20.700,114678.000,99175.82796000,0.86482
2026-09-08,11:53,03958,东方证券,4442,5.835,25919.070,22415.33011740,0.86482
2026-09-08,11:53,06030,中信证券,6975,26.460,184558.500,159609.88197000,0.86482
2026-09-08,11:53,06066,中信建投证券,3818,11.970,45701.460,39523.53663720,0.86482
2026-09-08,11:53,06099,招商证券,2205,15.220,33560.100,29023.44568200,0.86482
2026-09-08,11:53,06178,光大证券,2132,7.480,15947.360,13791.59587520,0.86482
2026-09-08,11:53,06806,申万宏源,7581,2.550,19331.550,16718.31107100,0.86482
2026-09-08,11:53,06881,中国银河,10742,7.745,83196.790,71950.24792780,0.86482
2026-09-08,11:53,06886,HTSC,4956,17.650,87473.400,75648.74578800,0.86482
2026-09-08,11:54,00165,中国光大控股,2174,6.500,14131.000,12220.77142000,0.86482
2026-09-08,11:54,00388,香港交易所,372,402.600,149767.200,129521.66990400,0.86482
2026-09-08,11:54,01359,中国信达,35009,0.920,32208.280,27854.36470960,0.86482
2026-09-08,11:54,01375,中州证券,5170,1.750,9047.500,7824.45895000,0.86482
2026-09-08,11:54,01456,国联民生,1914,3.900,7464.600,6455.53537200,0.86482
2026-09-08,11:54,01776,广发证券,4984,18.260,91007.840,78705.40018880,0.86482
2026-09-08,11:54,01788,国泰君安国际,12351,2.880,35570.880,30762.40844160,0.86482
2026-09-08,11:54,02611,国泰海通,8162,15.190,123980.780,107221.05815960,0.86482
2026-09-08,11:54,03908,中金公司,5540,20.800,115232.000,99654.93824000,0.86482
2026-09-08,11:54,03958,东方证券,4442,5.835,25919.070,22415.33011740,0.86482
2026-09-08,11:54,06030,中信证券,6975,26.480,184698.000,159730.52436000,0.86482
2026-09-08,11:54,06066,中信建投证券,3818,11.960,45663.280,39490.51780960,0.86482
2026-09-08,11:54,06099,招商证券,2205,15.220,33560.100,29023.44568200,0.86482
2026-09-08,11:54,06178,光大证券,2132,7.480,15947.360,13791.59587520,0.86482
2026-09-08,11:54,06806,申万宏源,7581,2.550,19331.550,16718.31107100,0.86482
2026-09-08,11:54,06881,中国银河,10742,7.750,83250.500,71996.69741000,0.86482
2026-09-08,11:54,06886,HTSC,4956,17.650,87473.400,75648.74578800,0.86482
2026-09-08,11:55,00165,中国光大控股,2174,6.500,14131.000,12220.77142000,0.86482
2026-09-08,11:55,00388,香港交易所,372,402.200,149618.400,129392.98468800,0.86482
2026-09-08,11:55,01359,中国信达,35009,0.920,32208.280,27854.36470960,0.86482
2026-09-08,11:55,01375,中州证券,5170,1.750,9047.500,7824.45895000,0.86482
2026-09-08,11:55,01456,国联民生,1914,3.900,7464.600,6455.53537200,0.86482
2026-09-08,11:55,01776,广发证券,4984,18.290,91157.360,78834.70807520,0.86482
2026-09-08,11:55,01788,国泰君安国际,12351,2.880,35570.880,30762.40844160,0.86482
2026-09-08,11:55,02611,国泰海通,8162,15.240,124388.880,107573.99120160,0.86482
2026-09-08,11:55,03908,中金公司,5540,20.760,115010.400,99463.29412800,0.86482
2026-09-08,11:55,03958,东方证券,4442,5.835,25919.070,22415.33011740,0.86482
2026-09-08,11:55,06030,中信证券,6975,26.480,184698.000,159730.52436000,0.86482
2026-09-08,11:55,06066,中信建投证券,3818,11.960,45663.280,39490.51780960,0.86482
2026-09-08,11:55,06099,招商证券,2205,15.220,33560.100,29023.44568200,0.86482
2026-09-08,11:55,06178,光大证券,2132,7.480,15947.360,13791.59587520,0.86482
2026-09-08,11:55,06806,申万宏源,7581,2.550,19331.550,16718.31107100,0.86482
2026-09-08,11:55,06881,中国银河,10742,7.750,83250.500,71996.69741000,0.86482
2026-09-08,11:55,06886,HTSC,4956,17.650,87473.400,75648.74578800,0.86482
2026-09-08,11:56,00165,中国光大控股,2174,6.500,14131.000,12220.77142000,0.86482
2026-09-08,11:56,00388,香港交易所,372,402.600,149767.200,129521.66990400,0.86482
2026-09-08,11:56,01359,中国信达,35009,0.920,32208.280,27854.36470960,0.86482
2026-09-08,11:56,01375,中州证券,5170,1.750,9047.500,7824.45895000,0.86482
2026-09-08,11:56,01456,国联民生,1914,3.900,7464.600,6455.53537200,0.86482
2026-09-08,11:56,01776,广发证券,4984,18.270,91057.680,78748.50281760,0.86482
2026-09-08,11:56,01788,国泰君安国际,12351,2.880,35570.880,30762.40844160,0.86482
2026-09-08,11:56,02611,国泰海通,8162,15.200,124062.400,107291.64476800,0.86482
2026-09-08,11:56,03908,中金公司,5540,20.720,114788.800,99271.65001600,0.86482
2026-09-08,11:56,03958,东方证券,4442,5.835,25919.070,22415.33011740,0.86482
2026-09-08,11:56,06030,中信证券,6975,26.480,184698.000,159730.52436000,0.86482
2026-09-08,11:56,06066,中信建投证券,3818,11.960,45663.280,39490.51780960,0.86482
2026-09-08,11:56,06099,招商证券,2205,15.230,33582.150,29042.51496300,0.86482
2026-09-08,11:56,06178,光大证券,2132,7.480,15947.360,13791.59587520,0.86482
2026-09-08,11:56,06806,申万宏源,7581,2.550,19331.550,16718.31107100,0.86482
2026-09-08,11:56,06881,中国银河,10742,7.755,83304.210,72043.14689220,0.86482
2026-09-08,11:56,06886,HTSC,4956,17.680,87622.080,75777.32722560,0.86482
2026-09-08,11:57,00165,中国光大控股,2174,6.500,14131.000,12220.77142000,0.86482
2026-09-08,11:57,00388,香港交易所,372,402.600,149767.200,129521.66990400,0.86482
2026-09-08,11:57,01359,中国信达,35009,0.915,32033.235,27702.98229270,0.86482
2026-09-08,11:57,01375,中州证券,5170,1.750,9047.500,7824.45895000,0.86482
2026-09-08,11:57,01456,国联民生,1914,3.900,7464.600,6455.53537200,0.86482
2026-09-08,11:57,01776,广发证券,4984,18.290,91157.360,78834.70807520,0.86482
2026-09-08,11:57,01788,国泰君安国际,12351,2.885,35632.635,30815.81540070,0.86482
2026-09-08,11:57,02611,国泰海通,8162,15.230,124307.260,107503.40459320,0.86482
2026-09-08,11:57,03908,中金公司,5540,20.700,114678.000,99175.82796000,0.86482
2026-09-08,11:57,03958,东方证券,4442,5.835,25919.070,22415.33011740,0.86482
2026-09-08,11:57,06030,中信证券,6975,26.500,184837.500,159851.16675000,0.86482
2026-09-08,11:57,06066,中信建投证券,3818,11.960,45663.280,39490.51780960,0.86482
2026-09-08,11:57,06099,招商证券,2205,15.280,33692.400,29137.86136800,0.86482
2026-09-08,11:57,06178,光大证券,2132,7.480,15947.360,13791.59587520,0.86482
2026-09-08,11:57,06806,申万宏源,7581,2.550,19331.550,16718.31107100,0.86482
2026-09-08,11:57,06881,中国银河,10742,7.760,83357.920,72089.59637440,0.86482
2026-09-08,11:57,06886,HTSC,4956,17.680,87622.080,75777.32722560,0.86482
2026-09-08,11:58,00165,中国光大控股,2174,6.500,14131.000,12220.77142000,0.86482
2026-09-08,11:58,00388,香港交易所,372,402.400,149692.800,129457.32729600,0.86482
2026-09-08,11:58,01359,中国信达,35009,0.920,32208.280,27854.36470960,0.86482
2026-09-08,11:58,01375,中州证券,5170,1.750,9047.500,7824.45895000,0.86482
2026-09-08,11:58,01456,国联民生,1914,3.900,7464.600,6455.53537200,0.86482
2026-09-08,11:58,01776,广发证券,4984,18.290,91157.360,78834.70807520,0.86482
2026-09-08,11:58,01788,国泰君安国际,12351,2.880,35570.880,30762.40844160,0.86482
2026-09-08,11:58,02611,国泰海通,8162,15.200,124062.400,107291.64476800,0.86482
2026-09-08,11:58,03908,中金公司,5540,20.740,114899.600,99367.47207200,0.86482
2026-09-08,11:58,03958,东方证券,4442,5.835,25919.070,22415.33011740,0.86482
2026-09-08,11:58,06030,中信证券,6975,26.500,184837.500,159851.16675000,0.86482
2026-09-08,11:58,06066,中信建投证券,3818,11.960,45663.280,39490.51780960,0.86482
2026-09-08,11:58,06099,招商证券,2205,15.220,33560.100,29023.44568200,0.86482
2026-09-08,11:58,06178,光大证券,2132,7.480,15947.360,13791.59587520,0.86482
2026-09-08,11:58,06806,申万宏源,7581,2.550,19331.550,16718.31107100,0.86482
2026-09-08,11:58,06881,中国银河,10742,7.755,83304.210,72043.14689220,0.86482
2026-09-08,11:58,06886,HTSC,4956,17.680,87622.080,75777.32722560,0.86482
2026-09-08,11:59,00165,中国光大控股,2174,6.500,14131.000,12220.77142000,0.86482
2026-09-08,11:59,00388,香港交易所,372,402.600,149767.200,129521.66990400,0.86482
2026-09-08,11:59,01359,中国信达,35009,0.920,32208.280,27854.36470960,0.86482
2026-09-08,11:59,01375,中州证券,5170,1.750,9047.500,7824.45895000,0.86482
2026-09-08,11:59,01456,国联民生,1914,3.900,7464.600,6455.53537200,0.86482
2026-09-08,11:59,01776,广发证券,4984,18.290,91157.360,78834.70807520,0.86482
2026-09-08,11:59,01788,国泰君安国际,12351,2.885,35632.635,30815.81540070,0.86482
2026-09-08,11:59,02611,国泰海通,8162,15.240,124388.880,107573.99120160,0.86482
2026-09-08,11:59,03908,中金公司,5540,20.760,115010.400,99463.29412800,0.86482
2026-09-08,11:59,03958,东方证券,4442,5.835,25919.070,22415.33011740,0.86482
2026-09-08,11:59,06030,中信证券,6975,26.500,184837.500,159851.16675000,0.86482
2026-09-08,11:59,06066,中信建投证券,3818,11.960,45663.280,39490.51780960,0.86482
2026-09-08,11:59,06099,招商证券,2205,15.220,33560.100,29023.44568200,0.86482
2026-09-08,11:59,06178,光大证券,2132,7.480,15947.360,13791.59587520,0.86482
2026-09-08,11:59,06806,申万宏源,7581,2.550,19331.550,16718.31107100,0.86482
2026-09-08,11:59,06881,中国银河,10742,7.755,83304.210,72043.14689220,0.86482
2026-09-08,11:59,06886,HTSC,4956,17.680,87622.080,75777.32722560,0.86482
2026-09-08,12:00,00165,中国光大控股,2174,6.525,14185.350,12267.77438700,0.86482
2026-09-08,12:00,00388,香港交易所,372,402.800,149841.600,129586.01251200,0.86482
2026-09-08,12:00,01359,中国信达,35009,0.920,32208.280,27854.36470960,0.86482
2026-09-08,12:00,01375,中州证券,5170,1.750,9047.500,7824.45895000,0.86482
2026-09-08,12:00,01456,国联民生,1914,3.900,7464.600,6455.53537200,0.86482
2026-09-08,12:00,01776,广发证券,4984,18.270,91057.680,78748.50281760,0.86482
2026-09-08,12:00,01788,国泰君安国际,12351,2.885,35632.635,30815.81540070,0.86482
2026-09-08,12:00,02611,国泰海通,8162,15.200,124062.400,107291.64476800,0.86482
2026-09-08,12:00,03908,中金公司,5540,20.760,115010.400,99463.29412800,0.86482
2026-09-08,12:00,03958,东方证券,4442,5.845,25963.490,22453.74542180,0.86482
2026-09-08,12:00,06030,中信证券,6975,26.480,184698.000,159730.52436000,0.86482
2026-09-08,12:00,06066,中信建投证券,3818,11.960,45663.280,39490.51780960,0.86482
2026-09-08,12:00,06099,招商证券,2205,15.220,33560.100,29023.44568200,0.86482
2026-09-08,12:00,06178,光大证券,2132,7.480,15947.360,13791.59587520,0.86482
2026-09-08,12:00,06806,申万宏源,7581,2.550,19331.550,16718.31107100,0.86482
2026-09-08,12:00,06881,中国银河,10742,7.760,83357.920,72089.59637440,0.86482
2026-09-08,12:00,06886,HTSC,4956,17.690,87671.640,75820.18770480,0.86482
2026-09-08,13:00,00165,中国光大控股,2174,6.525,14185.350,12267.77438700,0.86482
2026-09-08,13:00,00388,香港交易所,372,402.800,149841.600,129586.01251200,0.86482
2026-09-08,13:00,01359,中国信达,35009,0.920,32208.280,27854.36470960,0.86482
2026-09-08,13:00,01375,中州证券,5170,1.750,9047.500,7824.45895000,0.86482
2026-09-08,13:00,01456,国联民生,1914,3.900,7464.600,6455.53537200,0.86482
2026-09-08,13:00,01776,广发证券,4984,18.270,91057.680,78748.50281760,0.86482
2026-09-08,13:00,01788,国泰君安国际,12351,2.885,35632.635,30815.81540070,0.86482
2026-09-08,13:00,02611,国泰海通,8162,15.200,124062.400,107291.64476800,0.86482
2026-09-08,13:00,03908,中金公司,5540,20.760,115010.400,99463.29412800,0.86482
2026-09-08,13:00,03958,东方证券,4442,5.845,25963.490,22453.74542180,0.86482
2026-09-08,13:00,06030,中信证券,6975,26.480,184698.000,159730.52436000,0.86482
2026-09-08,13:00,06066,中信建投证券,3818,11.960,45663.280,39490.51780960,0.86482
2026-09-08,13:00,06099,招商证券,2205,15.220,33560.100,29023.44568200,0.86482
2026-09-08,13:00,06178,光大证券,2132,7.480,15947.360,13791.59587520,0.86482
2026-09-08,13:00,06806,申万宏源,7581,2.550,19331.550,16718.31107100,0.86482
2026-09-08,13:00,06881,中国银河,10742,7.760,83357.920,72089.59637440,0.86482
2026-09-08,13:00,06886,HTSC,4956,17.690,87671.640,75820.18770480,0.86482
2026-09-08,13:01,00165,中国光大控股,2174,6.470,14065.780,12164.36785960,0.86482
2026-09-08,13:01,00388,香港交易所,372,402.000,149544.000,129328.64208000,0.86482
2026-09-08,13:01,01359,中国信达,35009,0.915,32033.235,27702.98229270,0.86482
2026-09-08,13:01,01375,中州证券,5170,1.745,9021.650,7802.10335300,0.86482
2026-09-08,13:01,01456,国联民生,1914,3.890,7445.460,6438.98271720,0.86482
2026-09-08,13:01,01776,广发证券,4984,18.210,90758.640,78489.88704480,0.86482
2026-09-08,13:01,01788,国泰君安国际,12351,2.880,35570.880,30762.40844160,0.86482
2026-09-08,13:01,02611,国泰海通,8162,15.210,124144.020,107362.23137640,0.86482
2026-09-08,13:01,03908,中金公司,5540,20.700,114678.000,99175.82796000,0.86482
2026-09-08,13:01,03958,东方证券,4442,5.840,25941.280,22434.53776960,0.86482
2026-09-08,13:01,06030,中信证券,6975,26.440,184419.000,159489.23958000,0.86482
2026-09-08,13:01,06066,中信建投证券,3818,11.940,45586.920,39424.48015440,0.86482
2026-09-08,13:01,06099,招商证券,2205,15.220,33560.100,29023.44568200,0.86482
2026-09-08,13:01,06178,光大证券,2132,7.465,15915.380,13763.93893160,0.86482
2026-09-08,13:01,06806,申万宏源,7581,2.550,19331.550,16718.31107100,0.86482
2026-09-08,13:01,06881,中国银河,10742,7.740,83143.080,71903.79844560,0.86482
2026-09-08,13:01,06886,HTSC,4956,17.650,87473.400,75648.74578800,0.86482
2026-09-08,13:02,00165,中国光大控股,2174,6.515,14163.610,12248.97320020,0.86482
2026-09-08,13:02,00388,香港交易所,372,402.400,149692.800,129457.32729600,0.86482
2026-09-08,13:02,01359,中国信达,35009,0.920,32208.280,27854.36470960,0.86482
2026-09-08,13:02,01375,中州证券,5170,1.745,9021.650,7802.10335300,0.86482
2026-09-08,13:02,01456,国联民生,1914,3.890,7445.460,6438.98271720,0.86482
2026-09-08,13:02,01776,广发证券,4984,18.210,90758.640,78489.88704480,0.86482
2026-09-08,13:02,01788,国泰君安国际,12351,2.880,35570.880,30762.40844160,0.86482
2026-09-08,13:02,02611,国泰海通,8162,15.160,123735.920,107009.29833440,0.86482
2026-09-08,13:02,03908,中金公司,5540,20.520,113680.800,98313.42945600,0.86482
2026-09-08,13:02,03958,东方证券,4442,5.845,25963.490,22453.74542180,0.86482
2026-09-08,13:02,06030,中信证券,6975,26.440,184419.000,159489.23958000,0.86482
2026-09-08,13:02,06066,中信建投证券,3818,11.940,45586.920,39424.48015440,0.86482
2026-09-08,13:02,06099,招商证券,2205,15.200,33516.000,28985.30712000,0.86482
2026-09-08,13:02,06178,光大证券,2132,7.465,15915.380,13763.93893160,0.86482
2026-09-08,13:02,06806,申万宏源,7581,2.550,19331.550,16718.31107100,0.86482
2026-09-08,13:02,06881,中国银河,10742,7.745,83196.790,71950.24792780,0.86482
2026-09-08,13:02,06886,HTSC,4956,17.660,87522.960,75691.60626720,0.86482
2026-09-08,13:03,00165,中国光大控股,2174,6.515,14163.610,12248.97320020,0.86482
2026-09-08,13:03,00388,香港交易所,372,402.400,149692.800,129457.32729600,0.86482
2026-09-08,13:03,01359,中国信达,35009,0.920,32208.280,27854.36470960,0.86482
2026-09-08,13:03,01375,中州证券,5170,1.750,9047.500,7824.45895000,0.86482
2026-09-08,13:03,01456,国联民生,1914,3.890,7445.460,6438.98271720,0.86482
2026-09-08,13:03,01776,广发证券,4984,18.250,90958.000,78662.29756000,0.86482
2026-09-08,13:03,01788,国泰君安国际,12351,2.880,35570.880,30762.40844160,0.86482
2026-09-08,13:03,02611,国泰海通,8162,15.180,123899.160,107150.47155120,0.86482
2026-09-08,13:03,03908,中金公司,5540,20.500,113570.000,98217.60740000,0.86482
2026-09-08,13:03,03958,东方证券,4442,5.845,25963.490,22453.74542180,0.86482
2026-09-08,13:03,06030,中信证券,6975,26.420,184279.500,159368.59719000,0.86482
2026-09-08,13:03,06066,中信建投证券,3818,11.920,45510.560,39358.44249920,0.86482
2026-09-08,13:03,06099,招商证券,2205,15.230,33582.150,29042.51496300,0.86482
2026-09-08,13:03,06178,光大证券,2132,7.485,15958.020,13800.81485640,0.86482
2026-09-08,13:03,06806,申万宏源,7581,2.555,19369.455,16751.09207310,0.86482
2026-09-08,13:03,06881,中国银河,10742,7.755,83304.210,72043.14689220,0.86482
2026-09-08,13:03,06886,HTSC,4956,17.650,87473.400,75648.74578800,0.86482
2026-09-08,13:04,00165,中国光大控股,2174,6.500,14131.000,12220.77142000,0.86482
2026-09-08,13:04,00388,香港交易所,372,402.400,149692.800,129457.32729600,0.86482
2026-09-08,13:04,01359,中国信达,35009,0.915,32033.235,27702.98229270,0.86482
2026-09-08,13:04,01375,中州证券,5170,1.750,9047.500,7824.45895000,0.86482
2026-09-08,13:04,01456,国联民生,1914,3.890,7445.460,6438.98271720,0.86482
2026-09-08,13:04,01776,广发证券,4984,18.230,90858.320,78576.09230240,0.86482
2026-09-08,13:04,01788,国泰君安国际,12351,2.885,35632.635,30815.81540070,0.86482
2026-09-08,13:04,02611,国泰海通,8162,15.140,123572.680,106868.12511760,0.86482
2026-09-08,13:04,03908,中金公司,5540,20.460,113348.400,98025.96328800,0.86482
2026-09-08,13:04,03958,东方证券,4442,5.840,25941.280,22434.53776960,0.86482
2026-09-08,13:04,06030,中信证券,6975,26.520,184977.000,159971.80914000,0.86482
2026-09-08,13:04,06066,中信建投证券,3818,11.930,45548.740,39391.46132680,0.86482
2026-09-08,13:04,06099,招商证券,2205,15.210,33538.050,29004.37640100,0.86482
2026-09-08,13:04,06178,光大证券,2132,7.485,15958.020,13800.81485640,0.86482
2026-09-08,13:04,06806,申万宏源,7581,2.550,19331.550,16718.31107100,0.86482
2026-09-08,13:04,06881,中国银河,10742,7.750,83250.500,71996.69741000,0.86482
2026-09-08,13:04,06886,HTSC,4956,17.660,87522.960,75691.60626720,0.86482
2026-09-08,13:05,00165,中国光大控股,2174,6.500,14131.000,12220.77142000,0.86482
2026-09-08,13:05,00388,香港交易所,372,402.600,149767.200,129521.66990400,0.86482
2026-09-08,13:05,01359,中国信达,35009,0.915,32033.235,27702.98229270,0.86482
2026-09-08,13:05,01375,中州证券,5170,1.750,9047.500,7824.45895000,0.86482
2026-09-08,13:05,01456,国联民生,1914,3.895,7455.030,6447.25904460,0.86482
2026-09-08,13:05,01776,广发证券,4984,18.220,90808.480,78532.98967360,0.86482
2026-09-08,13:05,01788,国泰君安国际,12351,2.885,35632.635,30815.81540070,0.86482
2026-09-08,13:05,02611,国泰海通,8162,15.120,123409.440,106726.95190080,0.86482
2026-09-08,13:05,03908,中金公司,5540,20.320,112572.800,97355.20889600,0.86482
2026-09-08,13:05,03958,东方证券,4442,5.835,25919.070,22415.33011740,0.86482
2026-09-08,13:05,06030,中信证券,6975,26.500,184837.500,159851.16675000,0.86482
2026-09-08,13:05,06066,中信建投证券,3818,11.950,45625.100,39457.49898200,0.86482
2026-09-08,13:05,06099,招商证券,2205,15.230,33582.150,29042.51496300,0.86482
2026-09-08,13:05,06178,光大证券,2132,7.470,15926.040,13773.15791280,0.86482
2026-09-08,13:05,06806,申万宏源,7581,2.545,19293.645,16685.53006890,0.86482
2026-09-08,13:05,06881,中国银河,10742,7.750,83250.500,71996.69741000,0.86482
2026-09-08,13:05,06886,HTSC,4956,17.680,87622.080,75777.32722560,0.86482
2026-09-08,13:06,00165,中国光大控股,2174,6.500,14131.000,12220.77142000,0.86482
2026-09-08,13:06,00388,香港交易所,372,402.000,149544.000,129328.64208000,0.86482
2026-09-08,13:06,01359,中国信达,35009,0.915,32033.235,27702.98229270,0.86482
2026-09-08,13:06,01375,中州证券,5170,1.750,9047.500,7824.45895000,0.86482
2026-09-08,13:06,01456,国联民生,1914,3.890,7445.460,6438.98271720,0.86482
2026-09-08,13:06,01776,广发证券,4984,18.210,90758.640,78489.88704480,0.86482
2026-09-08,13:06,01788,国泰君安国际,12351,2.885,35632.635,30815.81540070,0.86482
2026-09-08,13:06,02611,国泰海通,8162,15.180,123899.160,107150.47155120,0.86482
2026-09-08,13:06,03908,中金公司,5540,20.340,112683.600,97451.03095200,0.86482
2026-09-08,13:06,03958,东方证券,4442,5.835,25919.070,22415.33011740,0.86482
2026-09-08,13:06,06030,中信证券,6975,26.420,184279.500,159368.59719000,0.86482
2026-09-08,13:06,06066,中信建投证券,3818,11.940,45586.920,39424.48015440,0.86482
2026-09-08,13:06,06099,招商证券,2205,15.210,33538.050,29004.37640100,0.86482
2026-09-08,13:06,06178,光大证券,2132,7.470,15926.040,13773.15791280,0.86482
2026-09-08,13:06,06806,申万宏源,7581,2.550,19331.550,16718.31107100,0.86482
2026-09-08,13:06,06881,中国银河,10742,7.750,83250.500,71996.69741000,0.86482
2026-09-08,13:06,06886,HTSC,4956,17.680,87622.080,75777.32722560,0.86482
2026-09-08,13:07,00165,中国光大控股,2174,6.495,14120.130,12211.37082660,0.86482
2026-09-08,13:07,00388,香港交易所,372,402.400,149692.800,129457.32729600,0.86482
2026-09-08,13:07,01359,中国信达,35009,0.915,32033.235,27702.98229270,0.86482
2026-09-08,13:07,01375,中州证券,5170,1.745,9021.650,7802.10335300,0.86482
2026-09-08,13:07,01456,国联民生,1914,3.885,7435.890,6430.70638980,0.86482
2026-09-08,13:07,01776,广发证券,4984,18.180,90609.120,78360.57915840,0.86482
2026-09-08,13:07,01788,国泰君安国际,12351,2.885,35632.635,30815.81540070,0.86482
2026-09-08,13:07,02611,国泰海通,8162,15.160,123735.920,107009.29833440,0.86482
2026-09-08,13:07,03908,中金公司,5540,20.180,111797.200,96684.45450400,0.86482
2026-09-08,13:07,03958,东方证券,4442,5.835,25919.070,22415.33011740,0.86482
2026-09-08,13:07,06030,中信证券,6975,26.380,184000.500,159127.31241000,0.86482
2026-09-08,13:07,06066,中信建投证券,3818,11.910,45472.380,39325.42367160,0.86482
2026-09-08,13:07,06099,招商证券,2205,15.180,33471.900,28947.16855800,0.86482
2026-09-08,13:07,06178,光大证券,2132,7.455,15894.060,13745.50096920,0.86482
2026-09-08,13:07,06806,申万宏源,7581,2.545,19293.645,16685.53006890,0.86482
2026-09-08,13:07,06881,中国银河,10742,7.740,83143.080,71903.79844560,0.86482
2026-09-08,13:07,06886,HTSC,4956,17.680,87622.080,75777.32722560,0.86482
2026-09-08,13:08,00165,中国光大控股,2174,6.495,14120.130,12211.37082660,0.86482
2026-09-08,13:08,00388,香港交易所,372,402.000,149544.000,129328.64208000,0.86482
2026-09-08,13:08,01359,中国信达,35009,0.915,32033.235,27702.98229270,0.86482
2026-09-08,13:08,01375,中州证券,5170,1.745,9021.650,7802.10335300,0.86482
2026-09-08,13:08,01456,国联民生,1914,3.885,7435.890,6430.70638980,0.86482
2026-09-08,13:08,01776,广发证券,4984,18.170,90559.280,78317.47652960,0.86482
2026-09-08,13:08,01788,国泰君安国际,12351,2.880,35570.880,30762.40844160,0.86482
2026-09-08,13:08,02611,国泰海通,8162,15.120,123409.440,106726.95190080,0.86482
2026-09-08,13:08,03908,中金公司,5540,20.180,111797.200,96684.45450400,0.86482
2026-09-08,13:08,03958,东方证券,4442,5.830,25896.860,22396.12246520,0.86482
2026-09-08,13:08,06030,中信证券,6975,26.420,184279.500,159368.59719000,0.86482
2026-09-08,13:08,06066,中信建投证券,3818,11.940,45586.920,39424.48015440,0.86482
2026-09-08,13:08,06099,招商证券,2205,15.170,33449.850,28928.09927700,0.86482
2026-09-08,13:08,06178,光大证券,2132,7.470,15926.040,13773.15791280,0.86482
2026-09-08,13:08,06806,申万宏源,7581,2.540,19255.740,16652.74906680,0.86482
2026-09-08,13:08,06881,中国银河,10742,7.740,83143.080,71903.79844560,0.86482
2026-09-08,13:08,06886,HTSC,4956,17.700,87721.200,75863.04818400,0.86482
2026-09-08,13:09,00165,中国光大控股,2174,6.485,14098.390,12192.56963980,0.86482
2026-09-08,13:09,00388,香港交易所,372,401.800,149469.600,129264.29947200,0.86482
2026-09-08,13:09,01359,中国信达,35009,0.915,32033.235,27702.98229270,0.86482
2026-09-08,13:09,01375,中州证券,5170,1.745,9021.650,7802.10335300,0.86482
2026-09-08,13:09,01456,国联民生,1914,3.885,7435.890,6430.70638980,0.86482
2026-09-08,13:09,01776,广发证券,4984,18.180,90609.120,78360.57915840,0.86482
2026-09-08,13:09,01788,国泰君安国际,12351,2.885,35632.635,30815.81540070,0.86482
2026-09-08,13:09,02611,国泰海通,8162,15.110,123327.820,106656.36529240,0.86482
2026-09-08,13:09,03908,中金公司,5540,20.140,111575.600,96492.81039200,0.86482
2026-09-08,13:09,03958,东方证券,4442,5.835,25919.070,22415.33011740,0.86482
2026-09-08,13:09,06030,中信证券,6975,26.380,184000.500,159127.31241000,0.86482
2026-09-08,13:09,06066,中信建投证券,3818,11.940,45586.920,39424.48015440,0.86482
2026-09-08,13:09,06099,招商证券,2205,15.180,33471.900,28947.16855800,0.86482
2026-09-08,13:09,06178,光大证券,2132,7.480,15947.360,13791.59587520,0.86482
2026-09-08,13:09,06806,申万宏源,7581,2.540,19255.740,16652.74906680,0.86482
2026-09-08,13:09,06881,中国银河,10742,7.735,83089.370,71857.34896340,0.86482
2026-09-08,13:09,06886,HTSC,4956,17.700,87721.200,75863.04818400,0.86482
2026-09-08,13:10,00165,中国光大控股,2174,6.490,14109.260,12201.97023320,0.86482
2026-09-08,13:10,00388,香港交易所,372,402.000,149544.000,129328.64208000,0.86482
2026-09-08,13:10,01359,中国信达,35009,0.915,32033.235,27702.98229270,0.86482
2026-09-08,13:10,01375,中州证券,5170,1.750,9047.500,7824.45895000,0.86482
2026-09-08,13:10,01456,国联民生,1914,3.890,7445.460,6438.98271720,0.86482
2026-09-08,13:10,01776,广发证券,4984,18.180,90609.120,78360.57915840,0.86482
2026-09-08,13:10,01788,国泰君安国际,12351,2.880,35570.880,30762.40844160,0.86482
2026-09-08,13:10,02611,国泰海通,8162,15.100,123246.200,106585.77868400,0.86482
2026-09-08,13:10,03908,中金公司,5540,20.200,111908.000,96780.27656000,0.86482
2026-09-08,13:10,03958,东方证券,4442,5.825,25874.650,22376.91481300,0.86482
2026-09-08,13:10,06030,中信证券,6975,26.380,184000.500,159127.31241000,0.86482
2026-09-08,13:10,06066,中信建投证券,3818,11.910,45472.380,39325.42367160,0.86482
2026-09-08,13:10,06099,招商证券,2205,15.180,33471.900,28947.16855800,0.86482
2026-09-08,13:10,06178,光大证券,2132,7.480,15947.360,13791.59587520,0.86482
2026-09-08,13:10,06806,申万宏源,7581,2.535,19217.835,16619.96806470,0.86482
2026-09-08,13:10,06881,中国银河,10742,7.740,83143.080,71903.79844560,0.86482
2026-09-08,13:10,06886,HTSC,4956,17.700,87721.200,75863.04818400,0.86482
2026-09-08,13:11,00165,中国光大控股,2174,6.490,14109.260,12201.97023320,0.86482
2026-09-08,13:11,00388,香港交易所,372,402.000,149544.000,129328.64208000,0.86482
2026-09-08,13:11,01359,中国信达,35009,0.915,32033.235,27702.98229270,0.86482
2026-09-08,13:11,01375,中州证券,5170,1.745,9021.650,7802.10335300,0.86482
2026-09-08,13:11,01456,国联民生,1914,3.890,7445.460,6438.98271720,0.86482
2026-09-08,13:11,01776,广发证券,4984,18.190,90658.960,78403.68178720,0.86482
2026-09-08,13:11,01788,国泰君安国际,12351,2.880,35570.880,30762.40844160,0.86482
2026-09-08,13:11,02611,国泰海通,8162,15.130,123491.060,106797.53850920,0.86482
2026-09-08,13:11,03908,中金公司,5540,20.020,110910.800,95917.87805600,0.86482
2026-09-08,13:11,03958,东方证券,4442,5.825,25874.650,22376.91481300,0.86482
2026-09-08,13:11,06030,中信证券,6975,26.360,183861.000,159006.67002000,0.86482
2026-09-08,13:11,06066,中信建投证券,3818,11.890,45396.020,39259.38601640,0.86482
2026-09-08,13:11,06099,招商证券,2205,15.180,33471.900,28947.16855800,0.86482
2026-09-08,13:11,06178,光大证券,2132,7.455,15894.060,13745.50096920,0.86482
2026-09-08,13:11,06806,申万宏源,7581,2.540,19255.740,16652.74906680,0.86482
2026-09-08,13:11,06881,中国银河,10742,7.725,82981.950,71764.44999900,0.86482
2026-09-08,13:11,06886,HTSC,4956,17.680,87622.080,75777.32722560,0.86482
2026-09-08,13:12,00165,中国光大控股,2174,6.490,14109.260,12201.97023320,0.86482
2026-09-08,13:12,00388,香港交易所,372,402.400,149692.800,129457.32729600,0.86482
2026-09-08,13:12,01359,中国信达,35009,0.915,32033.235,27702.98229270,0.86482
2026-09-08,13:12,01375,中州证券,5170,1.750,9047.500,7824.45895000,0.86482
2026-09-08,13:12,01456,国联民生,1914,3.880,7426.320,6422.43006240,0.86482
2026-09-08,13:12,01776,广发证券,4984,18.170,90559.280,78317.47652960,0.86482
2026-09-08,13:12,01788,国泰君安国际,12351,2.880,35570.880,30762.40844160,0.86482
2026-09-08,13:12,02611,国泰海通,8162,15.110,123327.820,106656.36529240,0.86482
2026-09-08,13:12,03908,中金公司,5540,19.940,110467.600,95534.58983200,0.86482
2026-09-08,13:12,03958,东方证券,4442,5.825,25874.650,22376.91481300,0.86482
2026-09-08,13:12,06030,中信证券,6975,26.420,184279.500,159368.59719000,0.86482
2026-09-08,13:12,06066,中信建投证券,3818,11.910,45472.380,39325.42367160,0.86482
2026-09-08,13:12,06099,招商证券,2205,15.160,33427.800,28909.02999600,0.86482
2026-09-08,13:12,06178,光大证券,2132,7.455,15894.060,13745.50096920,0.86482
2026-09-08,13:12,06806,申万宏源,7581,2.540,19255.740,16652.74906680,0.86482
2026-09-08,13:12,06881,中国银河,10742,7.720,82928.240,71718.00051680,0.86482
2026-09-08,13:12,06886,HTSC,4956,17.650,87473.400,75648.74578800,0.86482
2026-09-08,13:13,00165,中国光大控股,2174,6.525,14185.350,12267.77438700,0.86482
2026-09-08,13:13,00388,香港交易所,372,402.200,149618.400,129392.98468800,0.86482
2026-09-08,13:13,01359,中国信达,35009,0.915,32033.235,27702.98229270,0.86482
2026-09-08,13:13,01375,中州证券,5170,1.745,9021.650,7802.10335300,0.86482
2026-09-08,13:13,01456,国联民生,1914,3.880,7426.320,6422.43006240,0.86482
2026-09-08,13:13,01776,广发证券,4984,18.120,90310.080,78101.96338560,0.86482
2026-09-08,13:13,01788,国泰君安国际,12351,2.880,35570.880,30762.40844160,0.86482
2026-09-08,13:13,02611,国泰海通,8162,15.100,123246.200,106585.77868400,0.86482
2026-09-08,13:13,03908,中金公司,5540,20.040,111021.600,96013.70011200,0.86482
2026-09-08,13:13,03958,东方证券,4442,5.820,25852.440,22357.70716080,0.86482
2026-09-08,13:13,06030,中信证券,6975,26.320,183582.000,158765.38524000,0.86482
2026-09-08,13:13,06066,中信建投证券,3818,11.910,45472.380,39325.42367160,0.86482
2026-09-08,13:13,06099,招商证券,2205,15.160,33427.800,28909.02999600,0.86482
2026-09-08,13:13,06178,光大证券,2132,7.470,15926.040,13773.15791280,0.86482
2026-09-08,13:13,06806,申万宏源,7581,2.540,19255.740,16652.74906680,0.86482
2026-09-08,13:13,06881,中国银河,10742,7.725,82981.950,71764.44999900,0.86482
2026-09-08,13:13,06886,HTSC,4956,17.680,87622.080,75777.32722560,0.86482
2026-09-08,13:14,00165,中国光大控股,2174,6.550,14239.700,12314.77735400,0.86482
2026-09-08,13:14,00388,香港交易所,372,402.400,149692.800,129457.32729600,0.86482
2026-09-08,13:14,01359,中国信达,35009,0.915,32033.235,27702.98229270,0.86482
2026-09-08,13:14,01375,中州证券,5170,1.750,9047.500,7824.45895000,0.86482
2026-09-08,13:14,01456,国联民生,1914,3.885,7435.890,6430.70638980,0.86482
2026-09-08,13:14,01776,广发证券,4984,18.150,90459.600,78231.27127200,0.86482
2026-09-08,13:14,01788,国泰君安国际,12351,2.885,35632.635,30815.81540070,0.86482
2026-09-08,13:14,02611,国泰海通,8162,15.100,123246.200,106585.77868400,0.86482
2026-09-08,13:14,03908,中金公司,5540,20.000,110800.000,95822.05600000,0.86482
2026-09-08,13:14,03958,东方证券,4442,5.820,25852.440,22357.70716080,0.86482
2026-09-08,13:14,06030,中信证券,6975,26.340,183721.500,158886.02763000,0.86482
2026-09-08,13:14,06066,中信建投证券,3818,11.920,45510.560,39358.44249920,0.86482
2026-09-08,13:14,06099,招商证券,2205,15.150,33405.750,28889.96071500,0.86482
2026-09-08,13:14,06178,光大证券,2132,7.475,15936.700,13782.37689400,0.86482
2026-09-08,13:14,06806,申万宏源,7581,2.540,19255.740,16652.74906680,0.86482
2026-09-08,13:14,06881,中国银河,10742,7.720,82928.240,71718.00051680,0.86482
2026-09-08,13:14,06886,HTSC,4956,17.680,87622.080,75777.32722560,0.86482
2026-09-08,13:15,00165,中国光大控股,2174,6.520,14174.480,12258.37379360,0.86482
2026-09-08,13:15,00388,香港交易所,372,402.400,149692.800,129457.32729600,0.86482
2026-09-08,13:15,01359,中国信达,35009,0.915,32033.235,27702.98229270,0.86482
2026-09-08,13:15,01375,中州证券,5170,1.750,9047.500,7824.45895000,0.86482
2026-09-08,13:15,01456,国联民生,1914,3.885,7435.890,6430.70638980,0.86482
2026-09-08,13:15,01776,广发证券,4984,18.130,90359.920,78145.06601440,0.86482
2026-09-08,13:15,01788,国泰君安国际,12351,2.880,35570.880,30762.40844160,0.86482
2026-09-08,13:15,02611,国泰海通,8162,15.160,123735.920,107009.29833440,0.86482
2026-09-08,13:15,03908,中金公司,5540,20.060,111132.400,96109.52216800,0.86482
2026-09-08,13:15,03958,东方证券,4442,5.825,25874.650,22376.91481300,0.86482
2026-09-08,13:15,06030,中信证券,6975,26.360,183861.000,159006.67002000,0.86482
2026-09-08,13:15,06066,中信建投证券,3818,11.920,45510.560,39358.44249920,0.86482
2026-09-08,13:15,06099,招商证券,2205,15.150,33405.750,28889.96071500,0.86482
2026-09-08,13:15,06178,光大证券,2132,7.475,15936.700,13782.37689400,0.86482
2026-09-08,13:15,06806,申万宏源,7581,2.545,19293.645,16685.53006890,0.86482
2026-09-08,13:15,06881,中国银河,10742,7.720,82928.240,71718.00051680,0.86482
2026-09-08,13:15,06886,HTSC,4956,17.670,87572.520,75734.46674640,0.86482
2026-09-08,13:16,00165,中国光大控股,2174,6.540,14217.960,12295.97616720,0.86482
2026-09-08,13:16,00388,香港交易所,372,402.400,149692.800,129457.32729600,0.86482
2026-09-08,13:16,01359,中国信达,35009,0.915,32033.235,27702.98229270,0.86482
2026-09-08,13:16,01375,中州证券,5170,1.745,9021.650,7802.10335300,0.86482
2026-09-08,13:16,01456,国联民生,1914,3.885,7435.890,6430.70638980,0.86482
2026-09-08,13:16,01776,广发证券,4984,18.100,90210.400,78015.75812800,0.86482
2026-09-08,13:16,01788,国泰君安国际,12351,2.880,35570.880,30762.40844160,0.86482
2026-09-08,13:16,02611,国泰海通,8162,15.100,123246.200,106585.77868400,0.86482
2026-09-08,13:16,03908,中金公司,5540,19.970,110633.800,95678.32291600,0.86482
2026-09-08,13:16,03958,东方证券,4442,5.825,25874.650,22376.91481300,0.86482
2026-09-08,13:16,06030,中信证券,6975,26.280,183303.000,158524.10046000,0.86482
2026-09-08,13:16,06066,中信建投证券,3818,11.890,45396.020,39259.38601640,0.86482
2026-09-08,13:16,06099,招商证券,2205,15.150,33405.750,28889.96071500,0.86482
2026-09-08,13:16,06178,光大证券,2132,7.460,15904.720,13754.71995040,0.86482
2026-09-08,13:16,06806,申万宏源,7581,2.545,19293.645,16685.53006890,0.86482
2026-09-08,13:16,06881,中国银河,10742,7.725,82981.950,71764.44999900,0.86482
2026-09-08,13:16,06886,HTSC,4956,17.650,87473.400,75648.74578800,0.86482
2026-09-08,13:17,00165,中国光大控股,2174,6.535,14207.090,12286.57557380,0.86482
2026-09-08,13:17,00388,香港交易所,372,402.600,149767.200,129521.66990400,0.86482
2026-09-08,13:17,01359,中国信达,35009,0.920,32208.280,27854.36470960,0.86482
2026-09-08,13:17,01375,中州证券,5170,1.750,9047.500,7824.45895000,0.86482
2026-09-08,13:17,01456,国联民生,1914,3.885,7435.890,6430.70638980,0.86482
2026-09-08,13:17,01776,广发证券,4984,18.100,90210.400,78015.75812800,0.86482
2026-09-08,13:17,01788,国泰君安国际,12351,2.885,35632.635,30815.81540070,0.86482
2026-09-08,13:17,02611,国泰海通,8162,15.080,123082.960,106444.60546720,0.86482
2026-09-08,13:17,03908,中金公司,5540,19.890,110190.600,95295.03469200,0.86482
2026-09-08,13:17,03958,东方证券,4442,5.820,25852.440,22357.70716080,0.86482
2026-09-08,13:17,06030,中信证券,6975,26.280,183303.000,158524.10046000,0.86482
2026-09-08,13:17,06066,中信建投证券,3818,11.910,45472.380,39325.42367160,0.86482
2026-09-08,13:17,06099,招商证券,2205,15.150,33405.750,28889.96071500,0.86482
2026-09-08,13:17,06178,光大证券,2132,7.460,15904.720,13754.71995040,0.86482
2026-09-08,13:17,06806,申万宏源,7581,2.540,19255.740,16652.74906680,0.86482
2026-09-08,13:17,06881,中国银河,10742,7.720,82928.240,71718.00051680,0.86482
2026-09-08,13:17,06886,HTSC,4956,17.660,87522.960,75691.60626720,0.86482
2026-09-08,13:18,00165,中国光大控股,2174,6.535,14207.090,12286.57557380,0.86482
2026-09-08,13:18,00388,香港交易所,372,402.800,149841.600,129586.01251200,0.86482
2026-09-08,13:18,01359,中国信达,35009,0.920,32208.280,27854.36470960,0.86482
2026-09-08,13:18,01375,中州证券,5170,1.750,9047.500,7824.45895000,0.86482
2026-09-08,13:18,01456,国联民生,1914,3.890,7445.460,6438.98271720,0.86482
2026-09-08,13:18,01776,广发证券,4984,18.160,90509.440,78274.37390080,0.86482
2026-09-08,13:18,01788,国泰君安国际,12351,2.885,35632.635,30815.81540070,0.86482
2026-09-08,13:18,02611,国泰海通,8162,15.130,123491.060,106797.53850920,0.86482
2026-09-08,13:18,03908,中金公司,5540,20.000,110800.000,95822.05600000,0.86482
2026-09-08,13:18,03958,东方证券,4442,5.835,25919.070,22415.33011740,0.86482
2026-09-08,13:18,06030,中信证券,6975,26.300,183442.500,158644.74285000,0.86482
2026-09-08,13:18,06066,中信建投证券,3818,11.940,45586.920,39424.48015440,0.86482
2026-09-08,13:18,06099,招商证券,2205,15.170,33449.850,28928.09927700,0.86482
2026-09-08,13:18,06178,光大证券,2132,7.480,15947.360,13791.59587520,0.86482
2026-09-08,13:18,06806,申万宏源,7581,2.545,19293.645,16685.53006890,0.86482
2026-09-08,13:18,06881,中国银河,10742,7.740,83143.080,71903.79844560,0.86482
2026-09-08,13:18,06886,HTSC,4956,17.660,87522.960,75691.60626720,0.86482
2026-09-08,13:19,00165,中国光大控股,2174,6.505,14141.870,12230.17201340,0.86482
2026-09-08,13:19,00388,香港交易所,372,402.600,149767.200,129521.66990400,0.86482
2026-09-08,13:19,01359,中国信达,35009,0.920,32208.280,27854.36470960,0.86482
2026-09-08,13:19,01375,中州证券,5170,1.750,9047.500,7824.45895000,0.86482
2026-09-08,13:19,01456,国联民生,1914,3.890,7445.460,6438.98271720,0.86482
2026-09-08,13:19,01776,广发证券,4984,18.170,90559.280,78317.47652960,0.86482
2026-09-08,13:19,01788,国泰君安国际,12351,2.880,35570.880,30762.40844160,0.86482
2026-09-08,13:19,02611,国泰海通,8162,15.100,123246.200,106585.77868400,0.86482
2026-09-08,13:19,03908,中金公司,5540,20.000,110800.000,95822.05600000,0.86482
2026-09-08,13:19,03958,东方证券,4442,5.830,25896.860,22396.12246520,0.86482
2026-09-08,13:19,06030,中信证券,6975,26.300,183442.500,158644.74285000,0.86482
2026-09-08,13:19,06066,中信建投证券,3818,11.920,45510.560,39358.44249920,0.86482
2026-09-08,13:19,06099,招商证券,2205,15.230,33582.150,29042.51496300,0.86482
2026-09-08,13:19,06178,光大证券,2132,7.480,15947.360,13791.59587520,0.86482
2026-09-08,13:19,06806,申万宏源,7581,2.545,19293.645,16685.53006890,0.86482
2026-09-08,13:19,06881,中国银河,10742,7.730,83035.660,71810.89948120,0.86482
2026-09-08,13:19,06886,HTSC,4956,17.630,87374.280,75563.02482960,0.86482
2026-09-08,13:20,00165,中国光大控股,2174,6.505,14141.870,12230.17201340,0.86482
2026-09-08,13:20,00388,香港交易所,372,402.600,149767.200,129521.66990400,0.86482
2026-09-08,13:20,01359,中国信达,35009,0.915,32033.235,27702.98229270,0.86482
2026-09-08,13:20,01375,中州证券,5170,1.750,9047.500,7824.45895000,0.86482
2026-09-08,13:20,01456,国联民生,1914,3.890,7445.460,6438.98271720,0.86482
2026-09-08,13:20,01776,广发证券,4984,18.120,90310.080,78101.96338560,0.86482
2026-09-08,13:20,01788,国泰君安国际,12351,2.880,35570.880,30762.40844160,0.86482
2026-09-08,13:20,02611,国泰海通,8162,15.100,123246.200,106585.77868400,0.86482
2026-09-08,13:20,03908,中金公司,5540,19.910,110301.400,95390.85674800,0.86482
2026-09-08,13:20,03958,东方证券,4442,5.820,25852.440,22357.70716080,0.86482
2026-09-08,13:20,06030,中信证券,6975,26.360,183861.000,159006.67002000,0.86482
2026-09-08,13:20,06066,中信建投证券,3818,11.930,45548.740,39391.46132680,0.86482
2026-09-08,13:20,06099,招商证券,2205,15.230,33582.150,29042.51496300,0.86482
2026-09-08,13:20,06178,光大证券,2132,7.480,15947.360,13791.59587520,0.86482
2026-09-08,13:20,06806,申万宏源,7581,2.545,19293.645,16685.53006890,0.86482
2026-09-08,13:20,06881,中国银河,10742,7.735,83089.370,71857.34896340,0.86482
2026-09-08,13:20,06886,HTSC,4956,17.630,87374.280,75563.02482960,0.86482
2026-09-08,13:21,00165,中国光大控股,2174,6.505,14141.870,12230.17201340,0.86482
2026-09-08,13:21,00388,香港交易所,372,402.200,149618.400,129392.98468800,0.86482
2026-09-08,13:21,01359,中国信达,35009,0.915,32033.235,27702.98229270,0.86482
2026-09-08,13:21,01375,中州证券,5170,1.750,9047.500,7824.45895000,0.86482
2026-09-08,13:21,01456,国联民生,1914,3.890,7445.460,6438.98271720,0.86482
2026-09-08,13:21,01776,广发证券,4984,18.090,90160.560,77972.65549920,0.86482
2026-09-08,13:21,01788,国泰君安国际,12351,2.880,35570.880,30762.40844160,0.86482
2026-09-08,13:21,02611,国泰海通,8162,15.120,123409.440,106726.95190080,0.86482
2026-09-08,13:21,03908,中金公司,5540,19.810,109747.400,94911.74646800,0.86482
2026-09-08,13:21,03958,东方证券,4442,5.820,25852.440,22357.70716080,0.86482
2026-09-08,13:21,06030,中信证券,6975,26.220,182884.500,158162.17329000,0.86482
2026-09-08,13:21,06066,中信建投证券,3818,11.900,45434.200,39292.40484400,0.86482
2026-09-08,13:21,06099,招商证券,2205,15.170,33449.850,28928.09927700,0.86482
2026-09-08,13:21,06178,光大证券,2132,7.480,15947.360,13791.59587520,0.86482
2026-09-08,13:21,06806,申万宏源,7581,2.545,19293.645,16685.53006890,0.86482
2026-09-08,13:21,06881,中国银河,10742,7.735,83089.370,71857.34896340,0.86482
2026-09-08,13:21,06886,HTSC,4956,17.610,87275.160,75477.30387120,0.86482
2026-09-08,13:22,00165,中国光大控股,2174,6.505,14141.870,12230.17201340,0.86482
2026-09-08,13:22,00388,香港交易所,372,402.400,149692.800,129457.32729600,0.86482
2026-09-08,13:22,01359,中国信达,35009,0.915,32033.235,27702.98229270,0.86482
2026-09-08,13:22,01375,中州证券,5170,1.750,9047.500,7824.45895000,0.86482
2026-09-08,13:22,01456,国联民生,1914,3.890,7445.460,6438.98271720,0.86482
2026-09-08,13:22,01776,广发证券,4984,18.110,90260.240,78058.86075680,0.86482
2026-09-08,13:22,01788,国泰君安国际,12351,2.885,35632.635,30815.81540070,0.86482
2026-09-08,13:22,02611,国泰海通,8162,15.090,123164.580,106515.19207560,0.86482
2026-09-08,13:22,03908,中金公司,5540,19.900,110246.000,95342.94572000,0.86482
2026-09-08,13:22,03958,东方证券,4442,5.830,25896.860,22396.12246520,0.86482
2026-09-08,13:22,06030,中信证券,6975,26.260,183163.500,158403.45807000,0.86482
2026-09-08,13:22,06066,中信建投证券,3818,11.910,45472.380,39325.42367160,0.86482
2026-09-08,13:22,06099,招商证券,2205,15.160,33427.800,28909.02999600,0.86482
2026-09-08,13:22,06178,光大证券,2132,7.480,15947.360,13791.59587520,0.86482
2026-09-08,13:22,06806,申万宏源,7581,2.545,19293.645,16685.53006890,0.86482
2026-09-08,13:22,06881,中国银河,10742,7.730,83035.660,71810.89948120,0.86482
2026-09-08,13:22,06886,HTSC,4956,17.590,87176.040,75391.58291280,0.86482
2026-09-08,13:23,00165,中国光大控股,2174,6.535,14207.090,12286.57557380,0.86482
2026-09-08,13:23,00388,香港交易所,372,402.600,149767.200,129521.66990400,0.86482
2026-09-08,13:23,01359,中国信达,35009,0.920,32208.280,27854.36470960,0.86482
2026-09-08,13:23,01375,中州证券,5170,1.750,9047.500,7824.45895000,0.86482
2026-09-08,13:23,01456,国联民生,1914,3.890,7445.460,6438.98271720,0.86482
2026-09-08,13:23,01776,广发证券,4984,18.110,90260.240,78058.86075680,0.86482
2026-09-08,13:23,01788,国泰君安国际,12351,2.880,35570.880,30762.40844160,0.86482
2026-09-08,13:23,02611,国泰海通,8162,15.150,123654.300,106938.71172600,0.86482
2026-09-08,13:23,03908,中金公司,5540,19.880,110135.200,95247.12366400,0.86482
2026-09-08,13:23,03958,东方证券,4442,5.830,25896.860,22396.12246520,0.86482
2026-09-08,13:23,06030,中信证券,6975,26.240,183024.000,158282.81568000,0.86482
2026-09-08,13:23,06066,中信建投证券,3818,11.910,45472.380,39325.42367160,0.86482
2026-09-08,13:23,06099,招商证券,2205,15.060,33207.300,28718.33718600,0.86482
2026-09-08,13:23,06178,光大证券,2132,7.480,15947.360,13791.59587520,0.86482
2026-09-08,13:23,06806,申万宏源,7581,2.550,19331.550,16718.31107100,0.86482
2026-09-08,13:23,06881,中国银河,10742,7.730,83035.660,71810.89948120,0.86482
2026-09-08,13:23,06886,HTSC,4956,17.590,87176.040,75391.58291280,0.86482
2026-09-08,13:24,00165,中国光大控股,2174,6.535,14207.090,12286.57557380,0.86482
2026-09-08,13:24,00388,香港交易所,372,402.400,149692.800,129457.32729600,0.86482
2026-09-08,13:24,01359,中国信达,35009,0.920,32208.280,27854.36470960,0.86482
2026-09-08,13:24,01375,中州证券,5170,1.745,9021.650,7802.10335300,0.86482
2026-09-08,13:24,01456,国联民生,1914,3.890,7445.460,6438.98271720,0.86482
2026-09-08,13:24,01776,广发证券,4984,18.100,90210.400,78015.75812800,0.86482
2026-09-08,13:24,01788,国泰君安国际,12351,2.880,35570.880,30762.40844160,0.86482
2026-09-08,13:24,02611,国泰海通,8162,15.110,123327.820,106656.36529240,0.86482
2026-09-08,13:24,03908,中金公司,5540,19.840,109913.600,95055.47955200,0.86482
2026-09-08,13:24,03958,东方证券,4442,5.820,25852.440,22357.70716080,0.86482
2026-09-08,13:24,06030,中信证券,6975,26.240,183024.000,158282.81568000,0.86482
2026-09-08,13:24,06066,中信建投证券,3818,11.910,45472.380,39325.42367160,0.86482
2026-09-08,13:24,06099,招商证券,2205,15.120,33339.600,28832.75287200,0.86482
2026-09-08,13:24,06178,光大证券,2132,7.480,15947.360,13791.59587520,0.86482
2026-09-08,13:24,06806,申万宏源,7581,2.550,19331.550,16718.31107100,0.86482
2026-09-08,13:24,06881,中国银河,10742,7.730,83035.660,71810.89948120,0.86482
2026-09-08,13:24,06886,HTSC,4956,17.580,87126.480,75348.72243360,0.86482
2026-09-08,13:25,00165,中国光大控股,2174,6.535,14207.090,12286.57557380,0.86482
2026-09-08,13:25,00388,香港交易所,372,402.400,149692.800,129457.32729600,0.86482
2026-09-08,13:25,01359,中国信达,35009,0.910,31858.190,27551.59987580,0.86482
2026-09-08,13:25,01375,中州证券,5170,1.745,9021.650,7802.10335300,0.86482
2026-09-08,13:25,01456,国联民生,1914,3.895,7455.030,6447.25904460,0.86482
2026-09-08,13:25,01776,广发证券,4984,18.120,90310.080,78101.96338560,0.86482
2026-09-08,13:25,01788,国泰君安国际,12351,2.885,35632.635,30815.81540070,0.86482
2026-09-08,13:25,02611,国泰海通,8162,15.100,123246.200,106585.77868400,0.86482
2026-09-08,13:25,03908,中金公司,5540,19.900,110246.000,95342.94572000,0.86482
2026-09-08,13:25,03958,东方证券,4442,5.820,25852.440,22357.70716080,0.86482
2026-09-08,13:25,06030,中信证券,6975,26.240,183024.000,158282.81568000,0.86482
2026-09-08,13:25,06066,中信建投证券,3818,11.910,45472.380,39325.42367160,0.86482
2026-09-08,13:25,06099,招商证券,2205,15.100,33295.500,28794.61431000,0.86482
2026-09-08,13:25,06178,光大证券,2132,7.480,15947.360,13791.59587520,0.86482
2026-09-08,13:25,06806,申万宏源,7581,2.550,19331.550,16718.31107100,0.86482
2026-09-08,13:25,06881,中国银河,10742,7.720,82928.240,71718.00051680,0.86482
2026-09-08,13:25,06886,HTSC,4956,17.590,87176.040,75391.58291280,0.86482
2026-09-08,13:26,00165,中国光大控股,2174,6.555,14250.570,12324.17794740,0.86482
2026-09-08,13:26,00388,香港交易所,372,402.400,149692.800,129457.32729600,0.86482
2026-09-08,13:26,01359,中国信达,35009,0.915,32033.235,27702.98229270,0.86482
2026-09-08,13:26,01375,中州证券,5170,1.745,9021.650,7802.10335300,0.86482
2026-09-08,13:26,01456,国联民生,1914,3.900,7464.600,6455.53537200,0.86482
2026-09-08,13:26,01776,广发证券,4984,18.120,90310.080,78101.96338560,0.86482
2026-09-08,13:26,01788,国泰君安国际,12351,2.885,35632.635,30815.81540070,0.86482
2026-09-08,13:26,02611,国泰海通,8162,15.100,123246.200,106585.77868400,0.86482
2026-09-08,13:26,03908,中金公司,5540,19.930,110412.200,95486.67880400,0.86482
2026-09-08,13:26,03958,东方证券,4442,5.825,25874.650,22376.91481300,0.86482
2026-09-08,13:26,06030,中信证券,6975,26.260,183163.500,158403.45807000,0.86482
2026-09-08,13:26,06066,中信建投证券,3818,11.910,45472.380,39325.42367160,0.86482
2026-09-08,13:26,06099,招商证券,2205,15.130,33361.650,28851.82215300,0.86482
2026-09-08,13:26,06178,光大证券,2132,7.480,15947.360,13791.59587520,0.86482
2026-09-08,13:26,06806,申万宏源,7581,2.550,19331.550,16718.31107100,0.86482
2026-09-08,13:26,06881,中国银河,10742,7.725,82981.950,71764.44999900,0.86482
2026-09-08,13:26,06886,HTSC,4956,17.580,87126.480,75348.72243360,0.86482
2026-09-08,13:27,00165,中国光大控股,2174,6.545,14228.830,12305.37676060,0.86482
2026-09-08,13:27,00388,香港交易所,372,402.000,149544.000,129328.64208000,0.86482
2026-09-08,13:27,01359,中国信达,35009,0.915,32033.235,27702.98229270,0.86482
2026-09-08,13:27,01375,中州证券,5170,1.745,9021.650,7802.10335300,0.86482
2026-09-08,13:27,01456,国联民生,1914,3.890,7445.460,6438.98271720,0.86482
2026-09-08,13:27,01776,广发证券,4984,18.110,90260.240,78058.86075680,0.86482
2026-09-08,13:27,01788,国泰君安国际,12351,2.885,35632.635,30815.81540070,0.86482
2026-09-08,13:27,02611,国泰海通,8162,15.100,123246.200,106585.77868400,0.86482
2026-09-08,13:27,03908,中金公司,5540,19.840,109913.600,95055.47955200,0.86482
2026-09-08,13:27,03958,东方证券,4442,5.825,25874.650,22376.91481300,0.86482
2026-09-08,13:27,06030,中信证券,6975,26.200,182745.000,158041.53090000,0.86482
2026-09-08,13:27,06066,中信建投证券,3818,11.890,45396.020,39259.38601640,0.86482
2026-09-08,13:27,06099,招商证券,2205,15.130,33361.650,28851.82215300,0.86482
2026-09-08,13:27,06178,光大证券,2132,7.480,15947.360,13791.59587520,0.86482
2026-09-08,13:27,06806,申万宏源,7581,2.545,19293.645,16685.53006890,0.86482
2026-09-08,13:27,06881,中国银河,10742,7.710,82820.820,71625.10155240,0.86482
2026-09-08,13:27,06886,HTSC,4956,17.570,87076.920,75305.86195440,0.86482
2026-09-08,13:28,00165,中国光大控股,2174,6.545,14228.830,12305.37676060,0.86482
2026-09-08,13:28,00388,香港交易所,372,402.000,149544.000,129328.64208000,0.86482
2026-09-08,13:28,01359,中国信达,35009,0.915,32033.235,27702.98229270,0.86482
2026-09-08,13:28,01375,中州证券,5170,1.745,9021.650,7802.10335300,0.86482
2026-09-08,13:28,01456,国联民生,1914,3.890,7445.460,6438.98271720,0.86482
2026-09-08,13:28,01776,广发证券,4984,18.090,90160.560,77972.65549920,0.86482
2026-09-08,13:28,01788,国泰君安国际,12351,2.885,35632.635,30815.81540070,0.86482
2026-09-08,13:28,02611,国泰海通,8162,15.100,123246.200,106585.77868400,0.86482
2026-09-08,13:28,03908,中金公司,5540,19.840,109913.600,95055.47955200,0.86482
2026-09-08,13:28,03958,东方证券,4442,5.820,25852.440,22357.70716080,0.86482
2026-09-08,13:28,06030,中信证券,6975,26.200,182745.000,158041.53090000,0.86482
2026-09-08,13:28,06066,中信建投证券,3818,11.890,45396.020,39259.38601640,0.86482
2026-09-08,13:28,06099,招商证券,2205,15.130,33361.650,28851.82215300,0.86482
2026-09-08,13:28,06178,光大证券,2132,7.450,15883.400,13736.28198800,0.86482
2026-09-08,13:28,06806,申万宏源,7581,2.535,19217.835,16619.96806470,0.86482
2026-09-08,13:28,06881,中国银河,10742,7.710,82820.820,71625.10155240,0.86482
2026-09-08,13:28,06886,HTSC,4956,17.570,87076.920,75305.86195440,0.86482
2026-09-08,13:29,00165,中国光大控股,2174,6.545,14228.830,12305.37676060,0.86482
2026-09-08,13:29,00388,香港交易所,372,402.000,149544.000,129328.64208000,0.86482
2026-09-08,13:29,01359,中国信达,35009,0.915,32033.235,27702.98229270,0.86482
2026-09-08,13:29,01375,中州证券,5170,1.745,9021.650,7802.10335300,0.86482
2026-09-08,13:29,01456,国联民生,1914,3.890,7445.460,6438.98271720,0.86482
2026-09-08,13:29,01776,广发证券,4984,18.090,90160.560,77972.65549920,0.86482
2026-09-08,13:29,01788,国泰君安国际,12351,2.880,35570.880,30762.40844160,0.86482
2026-09-08,13:29,02611,国泰海通,8162,15.090,123164.580,106515.19207560,0.86482
2026-09-08,13:29,03908,中金公司,5540,19.830,109858.200,95007.56852400,0.86482
2026-09-08,13:29,03958,东方证券,4442,5.820,25852.440,22357.70716080,0.86482
2026-09-08,13:29,06030,中信证券,6975,26.220,182884.500,158162.17329000,0.86482
2026-09-08,13:29,06066,中信建投证券,3818,11.870,45319.660,39193.34836120,0.86482
2026-09-08,13:29,06099,招商证券,2205,15.140,33383.700,28870.89143400,0.86482
2026-09-08,13:29,06178,光大证券,2132,7.455,15894.060,13745.50096920,0.86482
2026-09-08,13:29,06806,申万宏源,7581,2.535,19217.835,16619.96806470,0.86482
2026-09-08,13:29,06881,中国银河,10742,7.715,82874.530,71671.55103460,0.86482
2026-09-08,13:29,06886,HTSC,4956,17.580,87126.480,75348.72243360,0.86482
2026-09-08,13:30,00165,中国光大控股,2174,6.550,14239.700,12314.77735400,0.86482
2026-09-08,13:30,00388,香港交易所,372,401.800,149469.600,129264.29947200,0.86482
2026-09-08,13:30,01359,中国信达,35009,0.915,32033.235,27702.98229270,0.86482
2026-09-08,13:30,01375,中州证券,5170,1.745,9021.650,7802.10335300,0.86482
2026-09-08,13:30,01456,国联民生,1914,3.890,7445.460,6438.98271720,0.86482
2026-09-08,13:30,01776,广发证券,4984,18.090,90160.560,77972.65549920,0.86482
2026-09-08,13:30,01788,国泰君安国际,12351,2.885,35632.635,30815.81540070,0.86482
2026-09-08,13:30,02611,国泰海通,8162,15.100,123246.200,106585.77868400,0.86482
2026-09-08,13:30,03908,中金公司,5540,19.820,109802.800,94959.65749600,0.86482
2026-09-08,13:30,03958,东方证券,4442,5.820,25852.440,22357.70716080,0.86482
2026-09-08,13:30,06030,中信证券,6975,26.220,182884.500,158162.17329000,0.86482
2026-09-08,13:30,06066,中信建投证券,3818,11.880,45357.840,39226.36718880,0.86482
2026-09-08,13:30,06099,招商证券,2205,15.140,33383.700,28870.89143400,0.86482
2026-09-08,13:30,06178,光大证券,2132,7.455,15894.060,13745.50096920,0.86482
2026-09-08,13:30,06806,申万宏源,7581,2.535,19217.835,16619.96806470,0.86482
2026-09-08,13:30,06881,中国银河,10742,7.710,82820.820,71625.10155240,0.86482
2026-09-08,13:30,06886,HTSC,4956,17.580,87126.480,75348.72243360,0.86482
2026-09-08,13:31,00165,中国光大控股,2174,6.535,14207.090,12286.57557380,0.86482
2026-09-08,13:31,00388,香港交易所,372,401.800,149469.600,129264.29947200,0.86482
2026-09-08,13:31,01359,中国信达,35009,0.915,32033.235,27702.98229270,0.86482
2026-09-08,13:31,01375,中州证券,5170,1.745,9021.650,7802.10335300,0.86482
2026-09-08,13:31,01456,国联民生,1914,3.885,7435.890,6430.70638980,0.86482
2026-09-08,13:31,01776,广发证券,4984,18.080,90110.720,77929.55287040,0.86482
2026-09-08,13:31,01788,国泰君安国际,12351,2.885,35632.635,30815.81540070,0.86482
2026-09-08,13:31,02611,国泰海通,8162,15.100,123246.200,106585.77868400,0.86482
2026-09-08,13:31,03908,中金公司,5540,19.760,109470.400,94672.19132800,0.86482
2026-09-08,13:31,03958,东方证券,4442,5.820,25852.440,22357.70716080,0.86482
2026-09-08,13:31,06030,中信证券,6975,26.200,182745.000,158041.53090000,0.86482
2026-09-08,13:31,06066,中信建投证券,3818,11.890,45396.020,39259.38601640,0.86482
2026-09-08,13:31,06099,招商证券,2205,15.140,33383.700,28870.89143400,0.86482
2026-09-08,13:31,06178,光大证券,2132,7.455,15894.060,13745.50096920,0.86482
2026-09-08,13:31,06806,申万宏源,7581,2.535,19217.835,16619.96806470,0.86482
2026-09-08,13:31,06881,中国银河,10742,7.705,82767.110,71578.65207020,0.86482
2026-09-08,13:31,06886,HTSC,4956,17.570,87076.920,75305.86195440,0.86482
2026-09-08,13:32,00165,中国光大控股,2174,6.535,14207.090,12286.57557380,0.86482
2026-09-08,13:32,00388,香港交易所,372,401.800,149469.600,129264.29947200,0.86482
2026-09-08,13:32,01359,中国信达,35009,0.915,32033.235,27702.98229270,0.86482
2026-09-08,13:32,01375,中州证券,5170,1.750,9047.500,7824.45895000,0.86482
2026-09-08,13:32,01456,国联民生,1914,3.885,7435.890,6430.70638980,0.86482
2026-09-08,13:32,01776,广发证券,4984,18.080,90110.720,77929.55287040,0.86482
2026-09-08,13:32,01788,国泰君安国际,12351,2.885,35632.635,30815.81540070,0.86482
2026-09-08,13:32,02611,国泰海通,8162,15.100,123246.200,106585.77868400,0.86482
2026-09-08,13:32,03908,中金公司,5540,19.770,109525.800,94720.10235600,0.86482
2026-09-08,13:32,03958,东方证券,4442,5.820,25852.440,22357.70716080,0.86482
2026-09-08,13:32,06030,中信证券,6975,26.200,182745.000,158041.53090000,0.86482
2026-09-08,13:32,06066,中信建投证券,3818,11.880,45357.840,39226.36718880,0.86482
2026-09-08,13:32,06099,招商证券,2205,15.100,33295.500,28794.61431000,0.86482
2026-09-08,13:32,06178,光大证券,2132,7.450,15883.400,13736.28198800,0.86482
2026-09-08,13:32,06806,申万宏源,7581,2.535,19217.835,16619.96806470,0.86482
2026-09-08,13:32,06881,中国银河,10742,7.705,82767.110,71578.65207020,0.86482
2026-09-08,13:32,06886,HTSC,4956,17.570,87076.920,75305.86195440,0.86482
2026-09-08,13:33,00165,中国光大控股,2174,6.535,14207.090,12286.57557380,0.86482
2026-09-08,13:33,00388,香港交易所,372,401.800,149469.600,129264.29947200,0.86482
2026-09-08,13:33,01359,中国信达,35009,0.915,32033.235,27702.98229270,0.86482
2026-09-08,13:33,01375,中州证券,5170,1.750,9047.500,7824.45895000,0.86482
2026-09-08,13:33,01456,国联民生,1914,3.885,7435.890,6430.70638980,0.86482
2026-09-08,13:33,01776,广发证券,4984,18.060,90011.040,77843.34761280,0.86482
2026-09-08,13:33,01788,国泰君安国际,12351,2.885,35632.635,30815.81540070,0.86482
2026-09-08,13:33,02611,国泰海通,8162,15.130,123491.060,106797.53850920,0.86482
2026-09-08,13:33,03908,中金公司,5540,19.750,109415.000,94624.28030000,0.86482
2026-09-08,13:33,03958,东方证券,4442,5.820,25852.440,22357.70716080,0.86482
2026-09-08,13:33,06030,中信证券,6975,26.220,182884.500,158162.17329000,0.86482
2026-09-08,13:33,06066,中信建投证券,3818,11.880,45357.840,39226.36718880,0.86482
2026-09-08,13:33,06099,招商证券,2205,15.090,33273.450,28775.54502900,0.86482
2026-09-08,13:33,06178,光大证券,2132,7.450,15883.400,13736.28198800,0.86482
2026-09-08,13:33,06806,申万宏源,7581,2.535,19217.835,16619.96806470,0.86482
2026-09-08,13:33,06881,中国银河,10742,7.705,82767.110,71578.65207020,0.86482
2026-09-08,13:33,06886,HTSC,4956,17.560,87027.360,75263.00147520,0.86482
2026-09-08,13:34,00165,中国光大控股,2174,6.535,14207.090,12286.57557380,0.86482
2026-09-08,13:34,00388,香港交易所,372,401.800,149469.600,129264.29947200,0.86482
2026-09-08,13:34,01359,中国信达,35009,0.915,32033.235,27702.98229270,0.86482
2026-09-08,13:34,01375,中州证券,5170,1.750,9047.500,7824.45895000,0.86482
2026-09-08,13:34,01456,国联民生,1914,3.885,7435.890,6430.70638980,0.86482
2026-09-08,13:34,01776,广发证券,4984,18.070,90060.880,77886.45024160,0.86482
2026-09-08,13:34,01788,国泰君安国际,12351,2.885,35632.635,30815.81540070,0.86482
2026-09-08,13:34,02611,国泰海通,8162,15.090,123164.580,106515.19207560,0.86482
2026-09-08,13:34,03908,中金公司,5540,19.720,109248.800,94480.54721600,0.86482
2026-09-08,13:34,03958,东方证券,4442,5.810,25808.020,22319.29185640,0.86482
2026-09-08,13:34,06030,中信证券,6975,26.140,182326.500,157679.60373000,0.86482
2026-09-08,13:34,06066,中信建投证券,3818,11.880,45357.840,39226.36718880,0.86482
2026-09-08,13:34,06099,招商证券,2205,15.090,33273.450,28775.54502900,0.86482
2026-09-08,13:34,06178,光大证券,2132,7.435,15851.420,13708.62504440,0.86482
2026-09-08,13:34,06806,申万宏源,7581,2.530,19179.930,16587.18706260,0.86482
2026-09-08,13:34,06881,中国银河,10742,7.695,82659.690,71485.75310580,0.86482
2026-09-08,13:34,06886,HTSC,4956,17.550,86977.800,75220.14099600,0.86482
2026-09-08,13:35,00165,中国光大控股,2174,6.530,14196.220,12277.17498040,0.86482
2026-09-08,13:35,00388,香港交易所,372,401.600,149395.200,129199.95686400,0.86482
2026-09-08,13:35,01359,中国信达,35009,0.915,32033.235,27702.98229270,0.86482
2026-09-08,13:35,01375,中州证券,5170,1.735,8969.950,7757.39215900,0.86482
2026-09-08,13:35,01456,国联民生,1914,3.880,7426.320,6422.43006240,0.86482
2026-09-08,13:35,01776,广发证券,4984,18.050,89961.200,77800.24498400,0.86482
2026-09-08,13:35,01788,国泰君安国际,12351,2.885,35632.635,30815.81540070,0.86482
2026-09-08,13:35,02611,国泰海通,8162,15.090,123164.580,106515.19207560,0.86482
2026-09-08,13:35,03908,中金公司,5540,19.780,109581.200,94768.01338400,0.86482
2026-09-08,13:35,03958,东方证券,4442,5.815,25830.230,22338.49950860,0.86482
2026-09-08,13:35,06030,中信证券,6975,26.140,182326.500,157679.60373000,0.86482
2026-09-08,13:35,06066,中信建投证券,3818,11.870,45319.660,39193.34836120,0.86482
2026-09-08,13:35,06099,招商证券,2205,15.080,33251.400,28756.47574800,0.86482
2026-09-08,13:35,06178,光大证券,2132,7.440,15862.080,13717.84402560,0.86482
2026-09-08,13:35,06806,申万宏源,7581,2.530,19179.930,16587.18706260,0.86482
2026-09-08,13:35,06881,中国银河,10742,7.695,82659.690,71485.75310580,0.86482
2026-09-08,13:35,06886,HTSC,4956,17.550,86977.800,75220.14099600,0.86482
2026-09-08,13:36,00165,中国光大控股,2174,6.530,14196.220,12277.17498040,0.86482
2026-09-08,13:36,00388,香港交易所,372,401.800,149469.600,129264.29947200,0.86482
2026-09-08,13:36,01359,中国信达,35009,0.915,32033.235,27702.98229270,0.86482
2026-09-08,13:36,01375,中州证券,5170,1.735,8969.950,7757.39215900,0.86482
2026-09-08,13:36,01456,国联民生,1914,3.880,7426.320,6422.43006240,0.86482
2026-09-08,13:36,01776,广发证券,4984,18.030,89861.520,77714.03972640,0.86482
2026-09-08,13:36,01788,国泰君安国际,12351,2.885,35632.635,30815.81540070,0.86482
2026-09-08,13:36,02611,国泰海通,8162,15.140,123572.680,106868.12511760,0.86482
2026-09-08,13:36,03908,中金公司,5540,19.730,109304.200,94528.45824400,0.86482
2026-09-08,13:36,03958,东方证券,4442,5.805,25785.810,22300.08420420,0.86482
2026-09-08,13:36,06030,中信证券,6975,26.140,182326.500,157679.60373000,0.86482
2026-09-08,13:36,06066,中信建投证券,3818,11.860,45281.480,39160.32953360,0.86482
2026-09-08,13:36,06099,招商证券,2205,15.080,33251.400,28756.47574800,0.86482
2026-09-08,13:36,06178,光大证券,2132,7.440,15862.080,13717.84402560,0.86482
2026-09-08,13:36,06806,申万宏源,7581,2.535,19217.835,16619.96806470,0.86482
2026-09-08,13:36,06881,中国银河,10742,7.695,82659.690,71485.75310580,0.86482
2026-09-08,13:36,06886,HTSC,4956,17.550,86977.800,75220.14099600,0.86482
2026-09-08,13:37,00165,中国光大控股,2174,6.530,14196.220,12277.17498040,0.86482
2026-09-08,13:37,00388,香港交易所,372,401.800,149469.600,129264.29947200,0.86482
2026-09-08,13:37,01359,中国信达,35009,0.915,32033.235,27702.98229270,0.86482
2026-09-08,13:37,01375,中州证券,5170,1.740,8995.800,7779.74775600,0.86482
2026-09-08,13:37,01456,国联民生,1914,3.880,7426.320,6422.43006240,0.86482
2026-09-08,13:37,01776,广发证券,4984,18.030,89861.520,77714.03972640,0.86482
2026-09-08,13:37,01788,国泰君安国际,12351,2.885,35632.635,30815.81540070,0.86482
2026-09-08,13:37,02611,国泰海通,8162,15.140,123572.680,106868.12511760,0.86482
2026-09-08,13:37,03908,中金公司,5540,19.830,109858.200,95007.56852400,0.86482
2026-09-08,13:37,03958,东方证券,4442,5.800,25763.600,22280.87655200,0.86482
2026-09-08,13:37,06030,中信证券,6975,26.160,182466.000,157800.24612000,0.86482
2026-09-08,13:37,06066,中信建投证券,3818,11.860,45281.480,39160.32953360,0.86482
2026-09-08,13:37,06099,招商证券,2205,15.110,33317.550,28813.68359100,0.86482
2026-09-08,13:37,06178,光大证券,2132,7.440,15862.080,13717.84402560,0.86482
2026-09-08,13:37,06806,申万宏源,7581,2.535,19217.835,16619.96806470,0.86482
2026-09-08,13:37,06881,中国银河,10742,7.695,82659.690,71485.75310580,0.86482
2026-09-08,13:37,06886,HTSC,4956,17.550,86977.800,75220.14099600,0.86482
2026-09-08,13:38,00165,中国光大控股,2174,6.530,14196.220,12277.17498040,0.86482
2026-09-08,13:38,00388,香港交易所,372,401.800,149469.600,129264.29947200,0.86482
2026-09-08,13:38,01359,中国信达,35009,0.915,32033.235,27702.98229270,0.86482
2026-09-08,13:38,01375,中州证券,5170,1.740,8995.800,7779.74775600,0.86482
2026-09-08,13:38,01456,国联民生,1914,3.880,7426.320,6422.43006240,0.86482
2026-09-08,13:38,01776,广发证券,4984,18.060,90011.040,77843.34761280,0.86482
2026-09-08,13:38,01788,国泰君安国际,12351,2.880,35570.880,30762.40844160,0.86482
2026-09-08,13:38,02611,国泰海通,8162,15.140,123572.680,106868.12511760,0.86482
2026-09-08,13:38,03908,中金公司,5540,19.880,110135.200,95247.12366400,0.86482
2026-09-08,13:38,03958,东方证券,4442,5.805,25785.810,22300.08420420,0.86482
2026-09-08,13:38,06030,中信证券,6975,26.180,182605.500,157920.88851000,0.86482
2026-09-08,13:38,06066,中信建投证券,3818,11.860,45281.480,39160.32953360,0.86482
2026-09-08,13:38,06099,招商证券,2205,15.130,33361.650,28851.82215300,0.86482
2026-09-08,13:38,06178,光大证券,2132,7.440,15862.080,13717.84402560,0.86482
2026-09-08,13:38,06806,申万宏源,7581,2.535,19217.835,16619.96806470,0.86482
2026-09-08,13:38,06881,中国银河,10742,7.695,82659.690,71485.75310580,0.86482
2026-09-08,13:38,06886,HTSC,4956,17.560,87027.360,75263.00147520,0.86482
2026-09-08,13:39,00165,中国光大控股,2174,6.530,14196.220,12277.17498040,0.86482
2026-09-08,13:39,00388,香港交易所,372,402.000,149544.000,129328.64208000,0.86482
2026-09-08,13:39,01359,中国信达,35009,0.915,32033.235,27702.98229270,0.86482
2026-09-08,13:39,01375,中州证券,5170,1.740,8995.800,7779.74775600,0.86482
2026-09-08,13:39,01456,国联民生,1914,3.880,7426.320,6422.43006240,0.86482
2026-09-08,13:39,01776,广发证券,4984,18.090,90160.560,77972.65549920,0.86482
2026-09-08,13:39,01788,国泰君安国际,12351,2.885,35632.635,30815.81540070,0.86482
2026-09-08,13:39,02611,国泰海通,8162,15.150,123654.300,106938.71172600,0.86482
2026-09-08,13:39,03908,中金公司,5540,19.860,110024.400,95151.30160800,0.86482
2026-09-08,13:39,03958,东方证券,4442,5.805,25785.810,22300.08420420,0.86482
2026-09-08,13:39,06030,中信证券,6975,26.180,182605.500,157920.88851000,0.86482
2026-09-08,13:39,06066,中信建投证券,3818,11.860,45281.480,39160.32953360,0.86482
2026-09-08,13:39,06099,招商证券,2205,15.130,33361.650,28851.82215300,0.86482
2026-09-08,13:39,06178,光大证券,2132,7.440,15862.080,13717.84402560,0.86482
2026-09-08,13:39,06806,申万宏源,7581,2.535,19217.835,16619.96806470,0.86482
2026-09-08,13:39,06881,中国银河,10742,7.695,82659.690,71485.75310580,0.86482
2026-09-08,13:39,06886,HTSC,4956,17.560,87027.360,75263.00147520,0.86482
2026-09-08,13:40,00165,中国光大控股,2174,6.530,14196.220,12277.17498040,0.86482
2026-09-08,13:40,00388,香港交易所,372,402.000,149544.000,129328.64208000,0.86482
2026-09-08,13:40,01359,中国信达,35009,0.915,32033.235,27702.98229270,0.86482
2026-09-08,13:40,01375,中州证券,5170,1.740,8995.800,7779.74775600,0.86482
2026-09-08,13:40,01456,国联民生,1914,3.880,7426.320,6422.43006240,0.86482
2026-09-08,13:40,01776,广发证券,4984,18.090,90160.560,77972.65549920,0.86482
2026-09-08,13:40,01788,国泰君安国际,12351,2.885,35632.635,30815.81540070,0.86482
2026-09-08,13:40,02611,国泰海通,8162,15.150,123654.300,106938.71172600,0.86482
2026-09-08,13:40,03908,中金公司,5540,19.800,109692.000,94863.83544000,0.86482
2026-09-08,13:40,03958,东方证券,4442,5.810,25808.020,22319.29185640,0.86482
2026-09-08,13:40,06030,中信证券,6975,26.180,182605.500,157920.88851000,0.86482
2026-09-08,13:40,06066,中信建投证券,3818,11.870,45319.660,39193.34836120,0.86482
2026-09-08,13:40,06099,招商证券,2205,15.080,33251.400,28756.47574800,0.86482
2026-09-08,13:40,06178,光大证券,2132,7.440,15862.080,13717.84402560,0.86482
2026-09-08,13:40,06806,申万宏源,7581,2.535,19217.835,16619.96806470,0.86482
2026-09-08,13:40,06881,中国银河,10742,7.695,82659.690,71485.75310580,0.86482
2026-09-08,13:40,06886,HTSC,4956,17.540,86928.240,75177.28051680,0.86482
2026-09-08,13:41,00165,中国光大控股,2174,6.530,14196.220,12277.17498040,0.86482
2026-09-08,13:41,00388,香港交易所,372,401.800,149469.600,129264.29947200,0.86482
2026-09-08,13:41,01359,中国信达,35009,0.915,32033.235,27702.98229270,0.86482
2026-09-08,13:41,01375,中州证券,5170,1.740,8995.800,7779.74775600,0.86482
2026-09-08,13:41,01456,国联民生,1914,3.885,7435.890,6430.70638980,0.86482
2026-09-08,13:41,01776,广发证券,4984,18.060,90011.040,77843.34761280,0.86482
2026-09-08,13:41,01788,国泰君安国际,12351,2.885,35632.635,30815.81540070,0.86482
2026-09-08,13:41,02611,国泰海通,8162,15.130,123491.060,106797.53850920,0.86482
2026-09-08,13:41,03908,中金公司,5540,19.800,109692.000,94863.83544000,0.86482
2026-09-08,13:41,03958,东方证券,4442,5.805,25785.810,22300.08420420,0.86482
2026-09-08,13:41,06030,中信证券,6975,26.200,182745.000,158041.53090000,0.86482
2026-09-08,13:41,06066,中信建投证券,3818,11.870,45319.660,39193.34836120,0.86482
2026-09-08,13:41,06099,招商证券,2205,15.110,33317.550,28813.68359100,0.86482
2026-09-08,13:41,06178,光大证券,2132,7.450,15883.400,13736.28198800,0.86482
2026-09-08,13:41,06806,申万宏源,7581,2.535,19217.835,16619.96806470,0.86482
2026-09-08,13:41,06881,中国银河,10742,7.695,82659.690,71485.75310580,0.86482
2026-09-08,13:41,06886,HTSC,4956,17.540,86928.240,75177.28051680,0.86482
2026-09-08,13:42,00165,中国光大控股,2174,6.530,14196.220,12277.17498040,0.86482
2026-09-08,13:42,00388,香港交易所,372,402.200,149618.400,129392.98468800,0.86482
2026-09-08,13:42,01359,中国信达,35009,0.915,32033.235,27702.98229270,0.86482
2026-09-08,13:42,01375,中州证券,5170,1.740,8995.800,7779.74775600,0.86482
2026-09-08,13:42,01456,国联民生,1914,3.885,7435.890,6430.70638980,0.86482
2026-09-08,13:42,01776,广发证券,4984,18.090,90160.560,77972.65549920,0.86482
2026-09-08,13:42,01788,国泰君安国际,12351,2.885,35632.635,30815.81540070,0.86482
2026-09-08,13:42,02611,国泰海通,8162,15.100,123246.200,106585.77868400,0.86482
2026-09-08,13:42,03908,中金公司,5540,19.810,109747.400,94911.74646800,0.86482
2026-09-08,13:42,03958,东方证券,4442,5.815,25830.230,22338.49950860,0.86482
2026-09-08,13:42,06030,中信证券,6975,26.180,182605.500,157920.88851000,0.86482
2026-09-08,13:42,06066,中信建投证券,3818,11.880,45357.840,39226.36718880,0.86482
2026-09-08,13:42,06099,招商证券,2205,15.110,33317.550,28813.68359100,0.86482
2026-09-08,13:42,06178,光大证券,2132,7.450,15883.400,13736.28198800,0.86482
2026-09-08,13:42,06806,申万宏源,7581,2.535,19217.835,16619.96806470,0.86482
2026-09-08,13:42,06881,中国银河,10742,7.700,82713.400,71532.20258800,0.86482
2026-09-08,13:42,06886,HTSC,4956,17.560,87027.360,75263.00147520,0.86482
2026-09-08,13:43,00165,中国光大控股,2174,6.530,14196.220,12277.17498040,0.86482
2026-09-08,13:43,00388,香港交易所,372,402.200,149618.400,129392.98468800,0.86482
2026-09-08,13:43,01359,中国信达,35009,0.915,32033.235,27702.98229270,0.86482
2026-09-08,13:43,01375,中州证券,5170,1.740,8995.800,7779.74775600,0.86482
2026-09-08,13:43,01456,国联民生,1914,3.885,7435.890,6430.70638980,0.86482
2026-09-08,13:43,01776,广发证券,4984,18.080,90110.720,77929.55287040,0.86482
2026-09-08,13:43,01788,国泰君安国际,12351,2.885,35632.635,30815.81540070,0.86482
2026-09-08,13:43,02611,国泰海通,8162,15.100,123246.200,106585.77868400,0.86482
2026-09-08,13:43,03908,中金公司,5540,19.780,109581.200,94768.01338400,0.86482
2026-09-08,13:43,03958,东方证券,4442,5.815,25830.230,22338.49950860,0.86482
2026-09-08,13:43,06030,中信证券,6975,26.180,182605.500,157920.88851000,0.86482
2026-09-08,13:43,06066,中信建投证券,3818,11.880,45357.840,39226.36718880,0.86482
2026-09-08,13:43,06099,招商证券,2205,15.120,33339.600,28832.75287200,0.86482
2026-09-08,13:43,06178,光大证券,2132,7.450,15883.400,13736.28198800,0.86482
2026-09-08,13:43,06806,申万宏源,7581,2.535,19217.835,16619.96806470,0.86482
2026-09-08,13:43,06881,中国银河,10742,7.700,82713.400,71532.20258800,0.86482
2026-09-08,13:43,06886,HTSC,4956,17.540,86928.240,75177.28051680,0.86482
2026-09-08,13:44,00165,中国光大控股,2174,6.530,14196.220,12277.17498040,0.86482
2026-09-08,13:44,00388,香港交易所,372,402.400,149692.800,129457.32729600,0.86482
2026-09-08,13:44,01359,中国信达,35009,0.915,32033.235,27702.98229270,0.86482
2026-09-08,13:44,01375,中州证券,5170,1.740,8995.800,7779.74775600,0.86482
2026-09-08,13:44,01456,国联民生,1914,3.885,7435.890,6430.70638980,0.86482
2026-09-08,13:44,01776,广发证券,4984,18.080,90110.720,77929.55287040,0.86482
2026-09-08,13:44,01788,国泰君安国际,12351,2.885,35632.635,30815.81540070,0.86482
2026-09-08,13:44,02611,国泰海通,8162,15.100,123246.200,106585.77868400,0.86482
2026-09-08,13:44,03908,中金公司,5540,19.850,109969.000,95103.39058000,0.86482
2026-09-08,13:44,03958,东方证券,4442,5.815,25830.230,22338.49950860,0.86482
2026-09-08,13:44,06030,中信证券,6975,26.220,182884.500,158162.17329000,0.86482
2026-09-08,13:44,06066,中信建投证券,3818,11.880,45357.840,39226.36718880,0.86482
2026-09-08,13:44,06099,招商证券,2205,15.130,33361.650,28851.82215300,0.86482
2026-09-08,13:44,06178,光大证券,2132,7.455,15894.060,13745.50096920,0.86482
2026-09-08,13:44,06806,申万宏源,7581,2.535,19217.835,16619.96806470,0.86482
2026-09-08,13:44,06881,中国银河,10742,7.695,82659.690,71485.75310580,0.86482
2026-09-08,13:44,06886,HTSC,4956,17.540,86928.240,75177.28051680,0.86482
2026-09-08,13:45,00165,中国光大控股,2174,6.530,14196.220,12277.17498040,0.86482
2026-09-08,13:45,00388,香港交易所,372,402.400,149692.800,129457.32729600,0.86482
2026-09-08,13:45,01359,中国信达,35009,0.915,32033.235,27702.98229270,0.86482
2026-09-08,13:45,01375,中州证券,5170,1.740,8995.800,7779.74775600,0.86482
2026-09-08,13:45,01456,国联民生,1914,3.885,7435.890,6430.70638980,0.86482
2026-09-08,13:45,01776,广发证券,4984,18.090,90160.560,77972.65549920,0.86482
2026-09-08,13:45,01788,国泰君安国际,12351,2.885,35632.635,30815.81540070,0.86482
2026-09-08,13:45,02611,国泰海通,8162,15.150,123654.300,106938.71172600,0.86482
2026-09-08,13:45,03908,中金公司,5540,19.850,109969.000,95103.39058000,0.86482
2026-09-08,13:45,03958,东方证券,4442,5.815,25830.230,22338.49950860,0.86482
2026-09-08,13:45,06030,中信证券,6975,26.180,182605.500,157920.88851000,0.86482
2026-09-08,13:45,06066,中信建投证券,3818,11.890,45396.020,39259.38601640,0.86482
2026-09-08,13:45,06099,招商证券,2205,15.130,33361.650,28851.82215300,0.86482
2026-09-08,13:45,06178,光大证券,2132,7.455,15894.060,13745.50096920,0.86482
2026-09-08,13:45,06806,申万宏源,7581,2.540,19255.740,16652.74906680,0.86482
2026-09-08,13:45,06881,中国银河,10742,7.695,82659.690,71485.75310580,0.86482
2026-09-08,13:45,06886,HTSC,4956,17.550,86977.800,75220.14099600,0.86482
2026-09-08,13:46,00165,中国光大控股,2174,6.530,14196.220,12277.17498040,0.86482
2026-09-08,13:46,00388,香港交易所,372,402.200,149618.400,129392.98468800,0.86482
2026-09-08,13:46,01359,中国信达,35009,0.915,32033.235,27702.98229270,0.86482
2026-09-08,13:46,01375,中州证券,5170,1.740,8995.800,7779.74775600,0.86482
2026-09-08,13:46,01456,国联民生,1914,3.885,7435.890,6430.70638980,0.86482
2026-09-08,13:46,01776,广发证券,4984,18.110,90260.240,78058.86075680,0.86482
2026-09-08,13:46,01788,国泰君安国际,12351,2.885,35632.635,30815.81540070,0.86482
2026-09-08,13:46,02611,国泰海通,8162,15.100,123246.200,106585.77868400,0.86482
2026-09-08,13:46,03908,中金公司,5540,19.800,109692.000,94863.83544000,0.86482
2026-09-08,13:46,03958,东方证券,4442,5.815,25830.230,22338.49950860,0.86482
2026-09-08,13:46,06030,中信证券,6975,26.180,182605.500,157920.88851000,0.86482
2026-09-08,13:46,06066,中信建投证券,3818,11.880,45357.840,39226.36718880,0.86482
2026-09-08,13:46,06099,招商证券,2205,15.130,33361.650,28851.82215300,0.86482
2026-09-08,13:46,06178,光大证券,2132,7.455,15894.060,13745.50096920,0.86482
2026-09-08,13:46,06806,申万宏源,7581,2.540,19255.740,16652.74906680,0.86482
2026-09-08,13:46,06881,中国银河,10742,7.695,82659.690,71485.75310580,0.86482
2026-09-08,13:46,06886,HTSC,4956,17.550,86977.800,75220.14099600,0.86482
2026-09-08,13:47,00165,中国光大控股,2174,6.530,14196.220,12277.17498040,0.86482
2026-09-08,13:47,00388,香港交易所,372,402.400,149692.800,129457.32729600,0.86482
2026-09-08,13:47,01359,中国信达,35009,0.915,32033.235,27702.98229270,0.86482
2026-09-08,13:47,01375,中州证券,5170,1.745,9021.650,7802.10335300,0.86482
2026-09-08,13:47,01456,国联民生,1914,3.885,7435.890,6430.70638980,0.86482
2026-09-08,13:47,01776,广发证券,4984,18.110,90260.240,78058.86075680,0.86482
2026-09-08,13:47,01788,国泰君安国际,12351,2.885,35632.635,30815.81540070,0.86482
2026-09-08,13:47,02611,国泰海通,8162,15.110,123327.820,106656.36529240,0.86482
2026-09-08,13:47,03908,中金公司,5540,19.820,109802.800,94959.65749600,0.86482
2026-09-08,13:47,03958,东方证券,4442,5.815,25830.230,22338.49950860,0.86482
2026-09-08,13:47,06030,中信证券,6975,26.220,182884.500,158162.17329000,0.86482
2026-09-08,13:47,06066,中信建投证券,3818,11.880,45357.840,39226.36718880,0.86482
2026-09-08,13:47,06099,招商证券,2205,15.140,33383.700,28870.89143400,0.86482
2026-09-08,13:47,06178,光大证券,2132,7.455,15894.060,13745.50096920,0.86482
2026-09-08,13:47,06806,申万宏源,7581,2.540,19255.740,16652.74906680,0.86482
2026-09-08,13:47,06881,中国银河,10742,7.695,82659.690,71485.75310580,0.86482
2026-09-08,13:47,06886,HTSC,4956,17.560,87027.360,75263.00147520,0.86482
2026-09-08,13:48,00165,中国光大控股,2174,6.530,14196.220,12277.17498040,0.86482
2026-09-08,13:48,00388,香港交易所,372,402.400,149692.800,129457.32729600,0.86482
2026-09-08,13:48,01359,中国信达,35009,0.915,32033.235,27702.98229270,0.86482
2026-09-08,13:48,01375,中州证券,5170,1.745,9021.650,7802.10335300,0.86482
2026-09-08,13:48,01456,国联民生,1914,3.885,7435.890,6430.70638980,0.86482
2026-09-08,13:48,01776,广发证券,4984,18.100,90210.400,78015.75812800,0.86482
2026-09-08,13:48,01788,国泰君安国际,12351,2.885,35632.635,30815.81540070,0.86482
2026-09-08,13:48,02611,国泰海通,8162,15.150,123654.300,106938.71172600,0.86482
2026-09-08,13:48,03908,中金公司,5540,19.850,109969.000,95103.39058000,0.86482
2026-09-08,13:48,03958,东方证券,4442,5.815,25830.230,22338.49950860,0.86482
2026-09-08,13:48,06030,中信证券,6975,26.200,182745.000,158041.53090000,0.86482
2026-09-08,13:48,06066,中信建投证券,3818,11.880,45357.840,39226.36718880,0.86482
2026-09-08,13:48,06099,招商证券,2205,15.140,33383.700,28870.89143400,0.86482
2026-09-08,13:48,06178,光大证券,2132,7.455,15894.060,13745.50096920,0.86482
2026-09-08,13:48,06806,申万宏源,7581,2.540,19255.740,16652.74906680,0.86482
2026-09-08,13:48,06881,中国银河,10742,7.705,82767.110,71578.65207020,0.86482
2026-09-08,13:48,06886,HTSC,4956,17.550,86977.800,75220.14099600,0.86482
2026-09-08,13:49,00165,中国光大控股,2174,6.530,14196.220,12277.17498040,0.86482
2026-09-08,13:49,00388,香港交易所,372,402.400,149692.800,129457.32729600,0.86482
2026-09-08,13:49,01359,中国信达,35009,0.915,32033.235,27702.98229270,0.86482
2026-09-08,13:49,01375,中州证券,5170,1.745,9021.650,7802.10335300,0.86482
2026-09-08,13:49,01456,国联民生,1914,3.885,7435.890,6430.70638980,0.86482
2026-09-08,13:49,01776,广发证券,4984,18.140,90409.760,78188.16864320,0.86482
2026-09-08,13:49,01788,国泰君安国际,12351,2.885,35632.635,30815.81540070,0.86482
2026-09-08,13:49,02611,国泰海通,8162,15.110,123327.820,106656.36529240,0.86482
2026-09-08,13:49,03908,中金公司,5540,19.920,110356.800,95438.76777600,0.86482
2026-09-08,13:49,03958,东方证券,4442,5.815,25830.230,22338.49950860,0.86482
2026-09-08,13:49,06030,中信证券,6975,26.200,182745.000,158041.53090000,0.86482
2026-09-08,13:49,06066,中信建投证券,3818,11.880,45357.840,39226.36718880,0.86482
2026-09-08,13:49,06099,招商证券,2205,15.140,33383.700,28870.89143400,0.86482
2026-09-08,13:49,06178,光大证券,2132,7.455,15894.060,13745.50096920,0.86482
2026-09-08,13:49,06806,申万宏源,7581,2.540,19255.740,16652.74906680,0.86482
2026-09-08,13:49,06881,中国银河,10742,7.710,82820.820,71625.10155240,0.86482
2026-09-08,13:49,06886,HTSC,4956,17.560,87027.360,75263.00147520,0.86482
2026-09-08,13:50,00165,中国光大控股,2174,6.505,14141.870,12230.17201340,0.86482
2026-09-08,13:50,00388,香港交易所,372,402.000,149544.000,129328.64208000,0.86482
2026-09-08,13:50,01359,中国信达,35009,0.915,32033.235,27702.98229270,0.86482
2026-09-08,13:50,01375,中州证券,5170,1.745,9021.650,7802.10335300,0.86482
2026-09-08,13:50,01456,国联民生,1914,3.885,7435.890,6430.70638980,0.86482
2026-09-08,13:50,01776,广发证券,4984,18.130,90359.920,78145.06601440,0.86482
2026-09-08,13:50,01788,国泰君安国际,12351,2.885,35632.635,30815.81540070,0.86482
2026-09-08,13:50,02611,国泰海通,8162,15.110,123327.820,106656.36529240,0.86482
2026-09-08,13:50,03908,中金公司,5540,19.930,110412.200,95486.67880400,0.86482
2026-09-08,13:50,03958,东方证券,4442,5.820,25852.440,22357.70716080,0.86482
2026-09-08,13:50,06030,中信证券,6975,26.220,182884.500,158162.17329000,0.86482
2026-09-08,13:50,06066,中信建投证券,3818,11.880,45357.840,39226.36718880,0.86482
2026-09-08,13:50,06099,招商证券,2205,15.140,33383.700,28870.89143400,0.86482
2026-09-08,13:50,06178,光大证券,2132,7.455,15894.060,13745.50096920,0.86482
2026-09-08,13:50,06806,申万宏源,7581,2.545,19293.645,16685.53006890,0.86482
2026-09-08,13:50,06881,中国银河,10742,7.715,82874.530,71671.55103460,0.86482
2026-09-08,13:50,06886,HTSC,4956,17.590,87176.040,75391.58291280,0.86482
2026-09-08,13:51,00165,中国光大控股,2174,6.505,14141.870,12230.17201340,0.86482
2026-09-08,13:51,00388,香港交易所,372,402.200,149618.400,129392.98468800,0.86482
2026-09-08,13:51,01359,中国信达,35009,0.915,32033.235,27702.98229270,0.86482
2026-09-08,13:51,01375,中州证券,5170,1.745,9021.650,7802.10335300,0.86482
2026-09-08,13:51,01456,国联民生,1914,3.890,7445.460,6438.98271720,0.86482
2026-09-08,13:51,01776,广发证券,4984,18.130,90359.920,78145.06601440,0.86482
2026-09-08,13:51,01788,国泰君安国际,12351,2.885,35632.635,30815.81540070,0.86482
2026-09-08,13:51,02611,国泰海通,8162,15.160,123735.920,107009.29833440,0.86482
2026-09-08,13:51,03908,中金公司,5540,19.950,110523.000,95582.50086000,0.86482
2026-09-08,13:51,03958,东方证券,4442,5.820,25852.440,22357.70716080,0.86482
2026-09-08,13:51,06030,中信证券,6975,26.260,183163.500,158403.45807000,0.86482
2026-09-08,13:51,06066,中信建投证券,3818,11.900,45434.200,39292.40484400,0.86482
2026-09-08,13:51,06099,招商证券,2205,15.140,33383.700,28870.89143400,0.86482
2026-09-08,13:51,06178,光大证券,2132,7.460,15904.720,13754.71995040,0.86482
2026-09-08,13:51,06806,申万宏源,7581,2.545,19293.645,16685.53006890,0.86482
2026-09-08,13:51,06881,中国银河,10742,7.715,82874.530,71671.55103460,0.86482
2026-09-08,13:51,06886,HTSC,4956,17.650,87473.400,75648.74578800,0.86482
2026-09-08,13:52,00165,中国光大控股,2174,6.505,14141.870,12230.17201340,0.86482
2026-09-08,13:52,00388,香港交易所,372,402.000,149544.000,129328.64208000,0.86482
2026-09-08,13:52,01359,中国信达,35009,0.915,32033.235,27702.98229270,0.86482
2026-09-08,13:52,01375,中州证券,5170,1.745,9021.650,7802.10335300,0.86482
2026-09-08,13:52,01456,国联民生,1914,3.890,7445.460,6438.98271720,0.86482
2026-09-08,13:52,01776,广发证券,4984,18.130,90359.920,78145.06601440,0.86482
2026-09-08,13:52,01788,国泰君安国际,12351,2.885,35632.635,30815.81540070,0.86482
2026-09-08,13:52,02611,国泰海通,8162,15.130,123491.060,106797.53850920,0.86482
2026-09-08,13:52,03908,中金公司,5540,19.940,110467.600,95534.58983200,0.86482
2026-09-08,13:52,03958,东方证券,4442,5.820,25852.440,22357.70716080,0.86482
2026-09-08,13:52,06030,中信证券,6975,26.260,183163.500,158403.45807000,0.86482
2026-09-08,13:52,06066,中信建投证券,3818,11.900,45434.200,39292.40484400,0.86482
2026-09-08,13:52,06099,招商证券,2205,15.140,33383.700,28870.89143400,0.86482
2026-09-08,13:52,06178,光大证券,2132,7.480,15947.360,13791.59587520,0.86482
2026-09-08,13:52,06806,申万宏源,7581,2.545,19293.645,16685.53006890,0.86482
2026-09-08,13:52,06881,中国银河,10742,7.720,82928.240,71718.00051680,0.86482
2026-09-08,13:52,06886,HTSC,4956,17.650,87473.400,75648.74578800,0.86482
2026-09-08,13:53,00165,中国光大控股,2174,6.500,14131.000,12220.77142000,0.86482
2026-09-08,13:53,00388,香港交易所,372,402.000,149544.000,129328.64208000,0.86482
2026-09-08,13:53,01359,中国信达,35009,0.915,32033.235,27702.98229270,0.86482
2026-09-08,13:53,01375,中州证券,5170,1.745,9021.650,7802.10335300,0.86482
2026-09-08,13:53,01456,国联民生,1914,3.890,7445.460,6438.98271720,0.86482
2026-09-08,13:53,01776,广发证券,4984,18.130,90359.920,78145.06601440,0.86482
2026-09-08,13:53,01788,国泰君安国际,12351,2.885,35632.635,30815.81540070,0.86482
2026-09-08,13:53,02611,国泰海通,8162,15.100,123246.200,106585.77868400,0.86482
2026-09-08,13:53,03908,中金公司,5540,20.040,111021.600,96013.70011200,0.86482
2026-09-08,13:53,03958,东方证券,4442,5.825,25874.650,22376.91481300,0.86482
2026-09-08,13:53,06030,中信证券,6975,26.280,183303.000,158524.10046000,0.86482
2026-09-08,13:53,06066,中信建投证券,3818,11.900,45434.200,39292.40484400,0.86482
2026-09-08,13:53,06099,招商证券,2205,15.150,33405.750,28889.96071500,0.86482
2026-09-08,13:53,06178,光大证券,2132,7.480,15947.360,13791.59587520,0.86482
2026-09-08,13:53,06806,申万宏源,7581,2.545,19293.645,16685.53006890,0.86482
2026-09-08,13:53,06881,中国银河,10742,7.720,82928.240,71718.00051680,0.86482
2026-09-08,13:53,06886,HTSC,4956,17.630,87374.280,75563.02482960,0.86482
2026-09-08,13:54,00165,中国光大控股,2174,6.500,14131.000,12220.77142000,0.86482
2026-09-08,13:54,00388,香港交易所,372,402.000,149544.000,129328.64208000,0.86482
2026-09-08,13:54,01359,中国信达,35009,0.910,31858.190,27551.59987580,0.86482
2026-09-08,13:54,01375,中州证券,5170,1.745,9021.650,7802.10335300,0.86482
2026-09-08,13:54,01456,国联民生,1914,3.890,7445.460,6438.98271720,0.86482
2026-09-08,13:54,01776,广发证券,4984,18.120,90310.080,78101.96338560,0.86482
2026-09-08,13:54,01788,国泰君安国际,12351,2.885,35632.635,30815.81540070,0.86482
2026-09-08,13:54,02611,国泰海通,8162,15.100,123246.200,106585.77868400,0.86482
2026-09-08,13:54,03908,中金公司,5540,20.060,111132.400,96109.52216800,0.86482
2026-09-08,13:54,03958,东方证券,4442,5.815,25830.230,22338.49950860,0.86482
2026-09-08,13:54,06030,中信证券,6975,26.280,183303.000,158524.10046000,0.86482
2026-09-08,13:54,06066,中信建投证券,3818,11.890,45396.020,39259.38601640,0.86482
2026-09-08,13:54,06099,招商证券,2205,15.140,33383.700,28870.89143400,0.86482
2026-09-08,13:54,06178,光大证券,2132,7.480,15947.360,13791.59587520,0.86482
2026-09-08,13:54,06806,申万宏源,7581,2.545,19293.645,16685.53006890,0.86482
2026-09-08,13:54,06881,中国银河,10742,7.720,82928.240,71718.00051680,0.86482
2026-09-08,13:54,06886,HTSC,4956,17.620,87324.720,75520.16435040,0.86482
2026-09-08,13:55,00165,中国光大控股,2174,6.500,14131.000,12220.77142000,0.86482
2026-09-08,13:55,00388,香港交易所,372,402.000,149544.000,129328.64208000,0.86482
2026-09-08,13:55,01359,中国信达,35009,0.915,32033.235,27702.98229270,0.86482
2026-09-08,13:55,01375,中州证券,5170,1.745,9021.650,7802.10335300,0.86482
2026-09-08,13:55,01456,国联民生,1914,3.890,7445.460,6438.98271720,0.86482
2026-09-08,13:55,01776,广发证券,4984,18.120,90310.080,78101.96338560,0.86482
2026-09-08,13:55,01788,国泰君安国际,12351,2.885,35632.635,30815.81540070,0.86482
2026-09-08,13:55,02611,国泰海通,8162,15.140,123572.680,106868.12511760,0.86482
2026-09-08,13:55,03908,中金公司,5540,20.040,111021.600,96013.70011200,0.86482
2026-09-08,13:55,03958,东方证券,4442,5.825,25874.650,22376.91481300,0.86482
2026-09-08,13:55,06030,中信证券,6975,26.240,183024.000,158282.81568000,0.86482
2026-09-08,13:55,06066,中信建投证券,3818,11.890,45396.020,39259.38601640,0.86482
2026-09-08,13:55,06099,招商证券,2205,15.140,33383.700,28870.89143400,0.86482
2026-09-08,13:55,06178,光大证券,2132,7.480,15947.360,13791.59587520,0.86482
2026-09-08,13:55,06806,申万宏源,7581,2.545,19293.645,16685.53006890,0.86482
2026-09-08,13:55,06881,中国银河,10742,7.720,82928.240,71718.00051680,0.86482
2026-09-08,13:55,06886,HTSC,4956,17.610,87275.160,75477.30387120,0.86482
2026-09-08,13:56,00165,中国光大控股,2174,6.500,14131.000,12220.77142000,0.86482
2026-09-08,13:56,00388,香港交易所,372,402.000,149544.000,129328.64208000,0.86482
2026-09-08,13:56,01359,中国信达,35009,0.915,32033.235,27702.98229270,0.86482
2026-09-08,13:56,01375,中州证券,5170,1.745,9021.650,7802.10335300,0.86482
2026-09-08,13:56,01456,国联民生,1914,3.890,7445.460,6438.98271720,0.86482
2026-09-08,13:56,01776,广发证券,4984,18.120,90310.080,78101.96338560,0.86482
2026-09-08,13:56,01788,国泰君安国际,12351,2.885,35632.635,30815.81540070,0.86482
2026-09-08,13:56,02611,国泰海通,8162,15.100,123246.200,106585.77868400,0.86482
2026-09-08,13:56,03908,中金公司,5540,20.080,111243.200,96205.34422400,0.86482
2026-09-08,13:56,03958,东方证券,4442,5.825,25874.650,22376.91481300,0.86482
2026-09-08,13:56,06030,中信证券,6975,26.240,183024.000,158282.81568000,0.86482
2026-09-08,13:56,06066,中信建投证券,3818,11.890,45396.020,39259.38601640,0.86482
2026-09-08,13:56,06099,招商证券,2205,15.120,33339.600,28832.75287200,0.86482
2026-09-08,13:56,06178,光大证券,2132,7.460,15904.720,13754.71995040,0.86482
2026-09-08,13:56,06806,申万宏源,7581,2.545,19293.645,16685.53006890,0.86482
2026-09-08,13:56,06881,中国银河,10742,7.715,82874.530,71671.55103460,0.86482
2026-09-08,13:56,06886,HTSC,4956,17.610,87275.160,75477.30387120,0.86482
2026-09-08,13:57,00165,中国光大控股,2174,6.500,14131.000,12220.77142000,0.86482
2026-09-08,13:57,00388,香港交易所,372,402.000,149544.000,129328.64208000,0.86482
2026-09-08,13:57,01359,中国信达,35009,0.915,32033.235,27702.98229270,0.86482
2026-09-08,13:57,01375,中州证券,5170,1.745,9021.650,7802.10335300,0.86482
2026-09-08,13:57,01456,国联民生,1914,3.890,7445.460,6438.98271720,0.86482
2026-09-08,13:57,01776,广发证券,4984,18.140,90409.760,78188.16864320,0.86482
2026-09-08,13:57,01788,国泰君安国际,12351,2.885,35632.635,30815.81540070,0.86482
2026-09-08,13:57,02611,国泰海通,8162,15.110,123327.820,106656.36529240,0.86482
2026-09-08,13:57,03908,中金公司,5540,20.100,111354.000,96301.16628000,0.86482
2026-09-08,13:57,03958,东方证券,4442,5.825,25874.650,22376.91481300,0.86482
2026-09-08,13:57,06030,中信证券,6975,26.240,183024.000,158282.81568000,0.86482
2026-09-08,13:57,06066,中信建投证券,3818,11.900,45434.200,39292.40484400,0.86482
2026-09-08,13:57,06099,招商证券,2205,15.130,33361.650,28851.82215300,0.86482
2026-09-08,13:57,06178,光大证券,2132,7.460,15904.720,13754.71995040,0.86482
2026-09-08,13:57,06806,申万宏源,7581,2.545,19293.645,16685.53006890,0.86482
2026-09-08,13:57,06881,中国银河,10742,7.715,82874.530,71671.55103460,0.86482
2026-09-08,13:57,06886,HTSC,4956,17.610,87275.160,75477.30387120,0.86482
2026-09-08,13:58,00165,中国光大控股,2174,6.500,14131.000,12220.77142000,0.86482
2026-09-08,13:58,00388,香港交易所,372,402.000,149544.000,129328.64208000,0.86482
2026-09-08,13:58,01359,中国信达,35009,0.915,32033.235,27702.98229270,0.86482
2026-09-08,13:58,01375,中州证券,5170,1.740,8995.800,7779.74775600,0.86482
2026-09-08,13:58,01456,国联民生,1914,3.890,7445.460,6438.98271720,0.86482
2026-09-08,13:58,01776,广发证券,4984,18.150,90459.600,78231.27127200,0.86482
2026-09-08,13:58,01788,国泰君安国际,12351,2.885,35632.635,30815.81540070,0.86482
2026-09-08,13:58,02611,国泰海通,8162,15.160,123735.920,107009.29833440,0.86482
2026-09-08,13:58,03908,中金公司,5540,20.040,111021.600,96013.70011200,0.86482
2026-09-08,13:58,03958,东方证券,4442,5.835,25919.070,22415.33011740,0.86482
2026-09-08,13:58,06030,中信证券,6975,26.240,183024.000,158282.81568000,0.86482
2026-09-08,13:58,06066,中信建投证券,3818,11.900,45434.200,39292.40484400,0.86482
2026-09-08,13:58,06099,招商证券,2205,15.140,33383.700,28870.89143400,0.86482
2026-09-08,13:58,06178,光大证券,2132,7.460,15904.720,13754.71995040,0.86482
2026-09-08,13:58,06806,申万宏源,7581,2.545,19293.645,16685.53006890,0.86482
2026-09-08,13:58,06881,中国银河,10742,7.735,83089.370,71857.34896340,0.86482
2026-09-08,13:58,06886,HTSC,4956,17.610,87275.160,75477.30387120,0.86482
2026-09-08,13:59,00165,中国光大控股,2174,6.500,14131.000,12220.77142000,0.86482
2026-09-08,13:59,00388,香港交易所,372,402.000,149544.000,129328.64208000,0.86482
2026-09-08,13:59,01359,中国信达,35009,0.915,32033.235,27702.98229270,0.86482
2026-09-08,13:59,01375,中州证券,5170,1.750,9047.500,7824.45895000,0.86482
2026-09-08,13:59,01456,国联民生,1914,3.890,7445.460,6438.98271720,0.86482
2026-09-08,13:59,01776,广发证券,4984,18.180,90609.120,78360.57915840,0.86482
2026-09-08,13:59,01788,国泰君安国际,12351,2.885,35632.635,30815.81540070,0.86482
2026-09-08,13:59,02611,国泰海通,8162,15.100,123246.200,106585.77868400,0.86482
2026-09-08,13:59,03908,中金公司,5540,20.060,111132.400,96109.52216800,0.86482
2026-09-08,13:59,03958,东方证券,4442,5.835,25919.070,22415.33011740,0.86482
2026-09-08,13:59,06030,中信证券,6975,26.240,183024.000,158282.81568000,0.86482
2026-09-08,13:59,06066,中信建投证券,3818,11.900,45434.200,39292.40484400,0.86482
2026-09-08,13:59,06099,招商证券,2205,15.150,33405.750,28889.96071500,0.86482
2026-09-08,13:59,06178,光大证券,2132,7.460,15904.720,13754.71995040,0.86482
2026-09-08,13:59,06806,申万宏源,7581,2.545,19293.645,16685.53006890,0.86482
2026-09-08,13:59,06881,中国银河,10742,7.725,82981.950,71764.44999900,0.86482
2026-09-08,13:59,06886,HTSC,4956,17.610,87275.160,75477.30387120,0.86482
2026-09-08,14:00,00165,中国光大控股,2174,6.500,14131.000,12220.77142000,0.86482
2026-09-08,14:00,00388,香港交易所,372,402.200,149618.400,129392.98468800,0.86482
2026-09-08,14:00,01359,中国信达,35009,0.910,31858.190,27551.59987580,0.86482
2026-09-08,14:00,01375,中州证券,5170,1.750,9047.500,7824.45895000,0.86482
2026-09-08,14:00,01456,国联民生,1914,3.890,7445.460,6438.98271720,0.86482
2026-09-08,14:00,01776,广发证券,4984,18.200,90708.800,78446.78441600,0.86482
2026-09-08,14:00,01788,国泰君安国际,12351,2.885,35632.635,30815.81540070,0.86482
2026-09-08,14:00,02611,国泰海通,8162,15.150,123654.300,106938.71172600,0.86482
2026-09-08,14:00,03908,中金公司,5540,20.060,111132.400,96109.52216800,0.86482
2026-09-08,14:00,03958,东方证券,4442,5.835,25919.070,22415.33011740,0.86482
2026-09-08,14:00,06030,中信证券,6975,26.240,183024.000,158282.81568000,0.86482
2026-09-08,14:00,06066,中信建投证券,3818,11.920,45510.560,39358.44249920,0.86482
2026-09-08,14:00,06099,招商证券,2205,15.130,33361.650,28851.82215300,0.86482
2026-09-08,14:00,06178,光大证券,2132,7.480,15947.360,13791.59587520,0.86482
2026-09-08,14:00,06806,申万宏源,7581,2.545,19293.645,16685.53006890,0.86482
2026-09-08,14:00,06881,中国银河,10742,7.730,83035.660,71810.89948120,0.86482
2026-09-08,14:00,06886,HTSC,4956,17.610,87275.160,75477.30387120,0.86482
2026-09-08,14:01,00165,中国光大控股,2174,6.515,14163.610,12248.97320020,0.86482
2026-09-08,14:01,00388,香港交易所,372,402.200,149618.400,129392.98468800,0.86482
2026-09-08,14:01,01359,中国信达,35009,0.910,31858.190,27551.59987580,0.86482
2026-09-08,14:01,01375,中州证券,5170,1.750,9047.500,7824.45895000,0.86482
2026-09-08,14:01,01456,国联民生,1914,3.890,7445.460,6438.98271720,0.86482
2026-09-08,14:01,01776,广发证券,4984,18.200,90708.800,78446.78441600,0.86482
2026-09-08,14:01,01788,国泰君安国际,12351,2.885,35632.635,30815.81540070,0.86482
2026-09-08,14:01,02611,国泰海通,8162,15.100,123246.200,106585.77868400,0.86482
2026-09-08,14:01,03908,中金公司,5540,20.020,110910.800,95917.87805600,0.86482
2026-09-08,14:01,03958,东方证券,4442,5.835,25919.070,22415.33011740,0.86482
2026-09-08,14:01,06030,中信证券,6975,26.220,182884.500,158162.17329000,0.86482
2026-09-08,14:01,06066,中信建投证券,3818,11.900,45434.200,39292.40484400,0.86482
2026-09-08,14:01,06099,招商证券,2205,15.160,33427.800,28909.02999600,0.86482
2026-09-08,14:01,06178,光大证券,2132,7.480,15947.360,13791.59587520,0.86482
2026-09-08,14:01,06806,申万宏源,7581,2.545,19293.645,16685.53006890,0.86482
2026-09-08,14:01,06881,中国银河,10742,7.730,83035.660,71810.89948120,0.86482
2026-09-08,14:01,06886,HTSC,4956,17.610,87275.160,75477.30387120,0.86482
2026-09-08,14:02,00165,中国光大控股,2174,6.520,14174.480,12258.37379360,0.86482
2026-09-08,14:02,00388,香港交易所,372,402.000,149544.000,129328.64208000,0.86482
2026-09-08,14:02,01359,中国信达,35009,0.910,31858.190,27551.59987580,0.86482
2026-09-08,14:02,01375,中州证券,5170,1.750,9047.500,7824.45895000,0.86482
2026-09-08,14:02,01456,国联民生,1914,3.890,7445.460,6438.98271720,0.86482
2026-09-08,14:02,01776,广发证券,4984,18.200,90708.800,78446.78441600,0.86482
2026-09-08,14:02,01788,国泰君安国际,12351,2.880,35570.880,30762.40844160,0.86482
2026-09-08,14:02,02611,国泰海通,8162,15.100,123246.200,106585.77868400,0.86482
2026-09-08,14:02,03908,中金公司,5540,20.000,110800.000,95822.05600000,0.86482
2026-09-08,14:02,03958,东方证券,4442,5.835,25919.070,22415.33011740,0.86482
2026-09-08,14:02,06030,中信证券,6975,26.220,182884.500,158162.17329000,0.86482
2026-09-08,14:02,06066,中信建投证券,3818,11.900,45434.200,39292.40484400,0.86482
2026-09-08,14:02,06099,招商证券,2205,15.150,33405.750,28889.96071500,0.86482
2026-09-08,14:02,06178,光大证券,2132,7.480,15947.360,13791.59587520,0.86482
2026-09-08,14:02,06806,申万宏源,7581,2.540,19255.740,16652.74906680,0.86482
2026-09-08,14:02,06881,中国银河,10742,7.730,83035.660,71810.89948120,0.86482
2026-09-08,14:02,06886,HTSC,4956,17.620,87324.720,75520.16435040,0.86482
2026-09-08,14:03,00165,中国光大控股,2174,6.530,14196.220,12277.17498040,0.86482
2026-09-08,14:03,00388,香港交易所,372,402.000,149544.000,129328.64208000,0.86482
2026-09-08,14:03,01359,中国信达,35009,0.910,31858.190,27551.59987580,0.86482
2026-09-08,14:03,01375,中州证券,5170,1.750,9047.500,7824.45895000,0.86482
2026-09-08,14:03,01456,国联民生,1914,3.890,7445.460,6438.98271720,0.86482
2026-09-08,14:03,01776,广发证券,4984,18.190,90658.960,78403.68178720,0.86482
2026-09-08,14:03,01788,国泰君安国际,12351,2.880,35570.880,30762.40844160,0.86482
2026-09-08,14:03,02611,国泰海通,8162,15.140,123572.680,106868.12511760,0.86482
2026-09-08,14:03,03908,中金公司,5540,19.980,110689.200,95726.23394400,0.86482
2026-09-08,14:03,03958,东方证券,4442,5.835,25919.070,22415.33011740,0.86482
2026-09-08,14:03,06030,中信证券,6975,26.200,182745.000,158041.53090000,0.86482
2026-09-08,14:03,06066,中信建投证券,3818,11.900,45434.200,39292.40484400,0.86482
2026-09-08,14:03,06099,招商证券,2205,15.130,33361.650,28851.82215300,0.86482
2026-09-08,14:03,06178,光大证券,2132,7.480,15947.360,13791.59587520,0.86482
2026-09-08,14:03,06806,申万宏源,7581,2.540,19255.740,16652.74906680,0.86482
2026-09-08,14:03,06881,中国银河,10742,7.730,83035.660,71810.89948120,0.86482
2026-09-08,14:03,06886,HTSC,4956,17.620,87324.720,75520.16435040,0.86482
2026-09-08,14:04,00165,中国光大控股,2174,6.520,14174.480,12258.37379360,0.86482
2026-09-08,14:04,00388,香港交易所,372,402.000,149544.000,129328.64208000,0.86482
2026-09-08,14:04,01359,中国信达,35009,0.910,31858.190,27551.59987580,0.86482
2026-09-08,14:04,01375,中州证券,5170,1.750,9047.500,7824.45895000,0.86482
2026-09-08,14:04,01456,国联民生,1914,3.890,7445.460,6438.98271720,0.86482
2026-09-08,14:04,01776,广发证券,4984,18.180,90609.120,78360.57915840,0.86482
2026-09-08,14:04,01788,国泰君安国际,12351,2.880,35570.880,30762.40844160,0.86482
2026-09-08,14:04,02611,国泰海通,8162,15.130,123491.060,106797.53850920,0.86482
2026-09-08,14:04,03908,中金公司,5540,19.980,110689.200,95726.23394400,0.86482
2026-09-08,14:04,03958,东方证券,4442,5.830,25896.860,22396.12246520,0.86482
2026-09-08,14:04,06030,中信证券,6975,26.220,182884.500,158162.17329000,0.86482
2026-09-08,14:04,06066,中信建投证券,3818,11.900,45434.200,39292.40484400,0.86482
2026-09-08,14:04,06099,招商证券,2205,15.130,33361.650,28851.82215300,0.86482
2026-09-08,14:04,06178,光大证券,2132,7.480,15947.360,13791.59587520,0.86482
2026-09-08,14:04,06806,申万宏源,7581,2.545,19293.645,16685.53006890,0.86482
2026-09-08,14:04,06881,中国银河,10742,7.720,82928.240,71718.00051680,0.86482
2026-09-08,14:04,06886,HTSC,4956,17.630,87374.280,75563.02482960,0.86482
2026-09-08,14:05,00165,中国光大控股,2174,6.520,14174.480,12258.37379360,0.86482
2026-09-08,14:05,00388,香港交易所,372,402.200,149618.400,129392.98468800,0.86482
2026-09-08,14:05,01359,中国信达,35009,0.915,32033.235,27702.98229270,0.86482
2026-09-08,14:05,01375,中州证券,5170,1.750,9047.500,7824.45895000,0.86482
2026-09-08,14:05,01456,国联民生,1914,3.890,7445.460,6438.98271720,0.86482
2026-09-08,14:05,01776,广发证券,4984,18.140,90409.760,78188.16864320,0.86482
2026-09-08,14:05,01788,国泰君安国际,12351,2.885,35632.635,30815.81540070,0.86482
2026-09-08,14:05,02611,国泰海通,8162,15.100,123246.200,106585.77868400,0.86482
2026-09-08,14:05,03908,中金公司,5540,20.000,110800.000,95822.05600000,0.86482
2026-09-08,14:05,03958,东方证券,4442,5.830,25896.860,22396.12246520,0.86482
2026-09-08,14:05,06030,中信证券,6975,26.200,182745.000,158041.53090000,0.86482
2026-09-08,14:05,06066,中信建投证券,3818,11.890,45396.020,39259.38601640,0.86482
2026-09-08,14:05,06099,招商证券,2205,15.130,33361.650,28851.82215300,0.86482
2026-09-08,14:05,06178,光大证券,2132,7.480,15947.360,13791.59587520,0.86482
2026-09-08,14:05,06806,申万宏源,7581,2.545,19293.645,16685.53006890,0.86482
2026-09-08,14:05,06881,中国银河,10742,7.715,82874.530,71671.55103460,0.86482
2026-09-08,14:05,06886,HTSC,4956,17.610,87275.160,75477.30387120,0.86482
2026-09-08,14:06,00165,中国光大控股,2174,6.520,14174.480,12258.37379360,0.86482
2026-09-08,14:06,00388,香港交易所,372,402.200,149618.400,129392.98468800,0.86482
2026-09-08,14:06,01359,中国信达,35009,0.915,32033.235,27702.98229270,0.86482
2026-09-08,14:06,01375,中州证券,5170,1.750,9047.500,7824.45895000,0.86482
2026-09-08,14:06,01456,国联民生,1914,3.890,7445.460,6438.98271720,0.86482
2026-09-08,14:06,01776,广发证券,4984,18.120,90310.080,78101.96338560,0.86482
2026-09-08,14:06,01788,国泰君安国际,12351,2.885,35632.635,30815.81540070,0.86482
2026-09-08,14:06,02611,国泰海通,8162,15.120,123409.440,106726.95190080,0.86482
2026-09-08,14:06,03908,中金公司,5540,19.950,110523.000,95582.50086000,0.86482
2026-09-08,14:06,03958,东方证券,4442,5.830,25896.860,22396.12246520,0.86482
2026-09-08,14:06,06030,中信证券,6975,26.180,182605.500,157920.88851000,0.86482
2026-09-08,14:06,06066,中信建投证券,3818,11.880,45357.840,39226.36718880,0.86482
2026-09-08,14:06,06099,招商证券,2205,15.100,33295.500,28794.61431000,0.86482
2026-09-08,14:06,06178,光大证券,2132,7.480,15947.360,13791.59587520,0.86482
2026-09-08,14:06,06806,申万宏源,7581,2.545,19293.645,16685.53006890,0.86482
2026-09-08,14:06,06881,中国银河,10742,7.715,82874.530,71671.55103460,0.86482
2026-09-08,14:06,06886,HTSC,4956,17.610,87275.160,75477.30387120,0.86482
2026-09-08,14:07,00165,中国光大控股,2174,6.520,14174.480,12258.37379360,0.86482
2026-09-08,14:07,00388,香港交易所,372,402.000,149544.000,129328.64208000,0.86482
2026-09-08,14:07,01359,中国信达,35009,0.915,32033.235,27702.98229270,0.86482
2026-09-08,14:07,01375,中州证券,5170,1.750,9047.500,7824.45895000,0.86482
2026-09-08,14:07,01456,国联民生,1914,3.890,7445.460,6438.98271720,0.86482
2026-09-08,14:07,01776,广发证券,4984,18.120,90310.080,78101.96338560,0.86482
2026-09-08,14:07,01788,国泰君安国际,12351,2.885,35632.635,30815.81540070,0.86482
2026-09-08,14:07,02611,国泰海通,8162,15.080,123082.960,106444.60546720,0.86482
2026-09-08,14:07,03908,中金公司,5540,19.950,110523.000,95582.50086000,0.86482
2026-09-08,14:07,03958,东方证券,4442,5.825,25874.650,22376.91481300,0.86482
2026-09-08,14:07,06030,中信证券,6975,26.180,182605.500,157920.88851000,0.86482
2026-09-08,14:07,06066,中信建投证券,3818,11.880,45357.840,39226.36718880,0.86482
2026-09-08,14:07,06099,招商证券,2205,15.130,33361.650,28851.82215300,0.86482
2026-09-08,14:07,06178,光大证券,2132,7.480,15947.360,13791.59587520,0.86482
2026-09-08,14:07,06806,申万宏源,7581,2.545,19293.645,16685.53006890,0.86482
2026-09-08,14:07,06881,中国银河,10742,7.715,82874.530,71671.55103460,0.86482
2026-09-08,14:07,06886,HTSC,4956,17.610,87275.160,75477.30387120,0.86482
2026-09-08,14:08,00165,中国光大控股,2174,6.520,14174.480,12258.37379360,0.86482
2026-09-08,14:08,00388,香港交易所,372,402.000,149544.000,129328.64208000,0.86482
2026-09-08,14:08,01359,中国信达,35009,0.915,32033.235,27702.98229270,0.86482
2026-09-08,14:08,01375,中州证券,5170,1.750,9047.500,7824.45895000,0.86482
2026-09-08,14:08,01456,国联民生,1914,3.890,7445.460,6438.98271720,0.86482
2026-09-08,14:08,01776,广发证券,4984,18.130,90359.920,78145.06601440,0.86482
2026-09-08,14:08,01788,国泰君安国际,12351,2.880,35570.880,30762.40844160,0.86482
2026-09-08,14:08,02611,国泰海通,8162,15.070,123001.340,106374.01885880,0.86482
2026-09-08,14:08,03908,中金公司,5540,19.940,110467.600,95534.58983200,0.86482
2026-09-08,14:08,03958,东方证券,4442,5.825,25874.650,22376.91481300,0.86482
2026-09-08,14:08,06030,中信证券,6975,26.200,182745.000,158041.53090000,0.86482
2026-09-08,14:08,06066,中信建投证券,3818,11.880,45357.840,39226.36718880,0.86482
2026-09-08,14:08,06099,招商证券,2205,15.130,33361.650,28851.82215300,0.86482
2026-09-08,14:08,06178,光大证券,2132,7.480,15947.360,13791.59587520,0.86482
2026-09-08,14:08,06806,申万宏源,7581,2.545,19293.645,16685.53006890,0.86482
2026-09-08,14:08,06881,中国银河,10742,7.710,82820.820,71625.10155240,0.86482
2026-09-08,14:08,06886,HTSC,4956,17.610,87275.160,75477.30387120,0.86482
2026-09-08,14:09,00165,中国光大控股,2174,6.520,14174.480,12258.37379360,0.86482
2026-09-08,14:09,00388,香港交易所,372,402.000,149544.000,129328.64208000,0.86482
2026-09-08,14:09,01359,中国信达,35009,0.915,32033.235,27702.98229270,0.86482
2026-09-08,14:09,01375,中州证券,5170,1.750,9047.500,7824.45895000,0.86482
2026-09-08,14:09,01456,国联民生,1914,3.890,7445.460,6438.98271720,0.86482
2026-09-08,14:09,01776,广发证券,4984,18.100,90210.400,78015.75812800,0.86482
2026-09-08,14:09,01788,国泰君安国际,12351,2.880,35570.880,30762.40844160,0.86482
2026-09-08,14:09,02611,国泰海通,8162,15.060,122919.720,106303.43225040,0.86482
2026-09-08,14:09,03908,中金公司,5540,19.960,110578.400,95630.41188800,0.86482
2026-09-08,14:09,03958,东方证券,4442,5.825,25874.650,22376.91481300,0.86482
2026-09-08,14:09,06030,中信证券,6975,26.180,182605.500,157920.88851000,0.86482
2026-09-08,14:09,06066,中信建投证券,3818,11.880,45357.840,39226.36718880,0.86482
2026-09-08,14:09,06099,招商证券,2205,15.130,33361.650,28851.82215300,0.86482
2026-09-08,14:09,06178,光大证券,2132,7.480,15947.360,13791.59587520,0.86482
2026-09-08,14:09,06806,申万宏源,7581,2.545,19293.645,16685.53006890,0.86482
2026-09-08,14:09,06881,中国银河,10742,7.710,82820.820,71625.10155240,0.86482
2026-09-08,14:09,06886,HTSC,4956,17.610,87275.160,75477.30387120,0.86482
2026-09-08,14:10,00165,中国光大控股,2174,6.520,14174.480,12258.37379360,0.86482
2026-09-08,14:10,00388,香港交易所,372,402.000,149544.000,129328.64208000,0.86482
2026-09-08,14:10,01359,中国信达,35009,0.915,32033.235,27702.98229270,0.86482
2026-09-08,14:10,01375,中州证券,5170,1.750,9047.500,7824.45895000,0.86482
2026-09-08,14:10,01456,国联民生,1914,3.890,7445.460,6438.98271720,0.86482
2026-09-08,14:10,01776,广发证券,4984,18.100,90210.400,78015.75812800,0.86482
2026-09-08,14:10,01788,国泰君安国际,12351,2.880,35570.880,30762.40844160,0.86482
2026-09-08,14:10,02611,国泰海通,8162,15.030,122674.860,106091.67242520,0.86482
2026-09-08,14:10,03908,中金公司,5540,19.970,110633.800,95678.32291600,0.86482
2026-09-08,14:10,03958,东方证券,4442,5.825,25874.650,22376.91481300,0.86482
2026-09-08,14:10,06030,中信证券,6975,26.180,182605.500,157920.88851000,0.86482
2026-09-08,14:10,06066,中信建投证券,3818,11.880,45357.840,39226.36718880,0.86482
2026-09-08,14:10,06099,招商证券,2205,15.140,33383.700,28870.89143400,0.86482
2026-09-08,14:10,06178,光大证券,2132,7.480,15947.360,13791.59587520,0.86482
2026-09-08,14:10,06806,申万宏源,7581,2.545,19293.645,16685.53006890,0.86482
2026-09-08,14:10,06881,中国银河,10742,7.710,82820.820,71625.10155240,0.86482
2026-09-08,14:10,06886,HTSC,4956,17.610,87275.160,75477.30387120,0.86482
2026-09-08,14:11,00165,中国光大控股,2174,6.530,14196.220,12277.17498040,0.86482
2026-09-08,14:11,00388,香港交易所,372,402.000,149544.000,129328.64208000,0.86482
2026-09-08,14:11,01359,中国信达,35009,0.915,32033.235,27702.98229270,0.86482
2026-09-08,14:11,01375,中州证券,5170,1.750,9047.500,7824.45895000,0.86482
2026-09-08,14:11,01456,国联民生,1914,3.890,7445.460,6438.98271720,0.86482
2026-09-08,14:11,01776,广发证券,4984,18.100,90210.400,78015.75812800,0.86482
2026-09-08,14:11,01788,国泰君安国际,12351,2.885,35632.635,30815.81540070,0.86482
2026-09-08,14:11,02611,国泰海通,8162,15.040,122756.480,106162.25903360,0.86482
2026-09-08,14:11,03908,中金公司,5540,20.000,110800.000,95822.05600000,0.86482
2026-09-08,14:11,03958,东方证券,4442,5.825,25874.650,22376.91481300,0.86482
2026-09-08,14:11,06030,中信证券,6975,26.200,182745.000,158041.53090000,0.86482
2026-09-08,14:11,06066,中信建投证券,3818,11.880,45357.840,39226.36718880,0.86482
2026-09-08,14:11,06099,招商证券,2205,15.140,33383.700,28870.89143400,0.86482
2026-09-08,14:11,06178,光大证券,2132,7.480,15947.360,13791.59587520,0.86482
2026-09-08,14:11,06806,申万宏源,7581,2.545,19293.645,16685.53006890,0.86482
2026-09-08,14:11,06881,中国银河,10742,7.710,82820.820,71625.10155240,0.86482
2026-09-08,14:11,06886,HTSC,4956,17.610,87275.160,75477.30387120,0.86482
2026-09-08,14:12,00165,中国光大控股,2174,6.530,14196.220,12277.17498040,0.86482
2026-09-08,14:12,00388,香港交易所,372,402.000,149544.000,129328.64208000,0.86482
2026-09-08,14:12,01359,中国信达,35009,0.915,32033.235,27702.98229270,0.86482
2026-09-08,14:12,01375,中州证券,5170,1.750,9047.500,7824.45895000,0.86482
2026-09-08,14:12,01456,国联民生,1914,3.895,7455.030,6447.25904460,0.86482
2026-09-08,14:12,01776,广发证券,4984,18.100,90210.400,78015.75812800,0.86482
2026-09-08,14:12,01788,国泰君安国际,12351,2.885,35632.635,30815.81540070,0.86482
2026-09-08,14:12,02611,国泰海通,8162,15.060,122919.720,106303.43225040,0.86482
2026-09-08,14:12,03908,中金公司,5540,20.060,111132.400,96109.52216800,0.86482
2026-09-08,14:12,03958,东方证券,4442,5.825,25874.650,22376.91481300,0.86482
2026-09-08,14:12,06030,中信证券,6975,26.200,182745.000,158041.53090000,0.86482
2026-09-08,14:12,06066,中信建投证券,3818,11.880,45357.840,39226.36718880,0.86482
2026-09-08,14:12,06099,招商证券,2205,15.140,33383.700,28870.89143400,0.86482
2026-09-08,14:12,06178,光大证券,2132,7.480,15947.360,13791.59587520,0.86482
2026-09-08,14:12,06806,申万宏源,7581,2.545,19293.645,16685.53006890,0.86482
2026-09-08,14:12,06881,中国银河,10742,7.715,82874.530,71671.55103460,0.86482
2026-09-08,14:12,06886,HTSC,4956,17.620,87324.720,75520.16435040,0.86482
2026-09-08,14:13,00165,中国光大控股,2174,6.530,14196.220,12277.17498040,0.86482
2026-09-08,14:13,00388,香港交易所,372,402.000,149544.000,129328.64208000,0.86482
2026-09-08,14:13,01359,中国信达,35009,0.915,32033.235,27702.98229270,0.86482
2026-09-08,14:13,01375,中州证券,5170,1.750,9047.500,7824.45895000,0.86482
2026-09-08,14:13,01456,国联民生,1914,3.895,7455.030,6447.25904460,0.86482
2026-09-08,14:13,01776,广发证券,4984,18.100,90210.400,78015.75812800,0.86482
2026-09-08,14:13,01788,国泰君安国际,12351,2.880,35570.880,30762.40844160,0.86482
2026-09-08,14:13,02611,国泰海通,8162,15.090,123164.580,106515.19207560,0.86482
2026-09-08,14:13,03908,中金公司,5540,20.060,111132.400,96109.52216800,0.86482
2026-09-08,14:13,03958,东方证券,4442,5.825,25874.650,22376.91481300,0.86482
2026-09-08,14:13,06030,中信证券,6975,26.160,182466.000,157800.24612000,0.86482
2026-09-08,14:13,06066,中信建投证券,3818,11.880,45357.840,39226.36718880,0.86482
2026-09-08,14:13,06099,招商证券,2205,15.130,33361.650,28851.82215300,0.86482
2026-09-08,14:13,06178,光大证券,2132,7.480,15947.360,13791.59587520,0.86482
2026-09-08,14:13,06806,申万宏源,7581,2.545,19293.645,16685.53006890,0.86482
2026-09-08,14:13,06881,中国银河,10742,7.715,82874.530,71671.55103460,0.86482
2026-09-08,14:13,06886,HTSC,4956,17.620,87324.720,75520.16435040,0.86482
2026-09-08,14:14,00165,中国光大控股,2174,6.520,14174.480,12258.37379360,0.86482
2026-09-08,14:14,00388,香港交易所,372,402.000,149544.000,129328.64208000,0.86482
2026-09-08,14:14,01359,中国信达,35009,0.915,32033.235,27702.98229270,0.86482
2026-09-08,14:14,01375,中州证券,5170,1.745,9021.650,7802.10335300,0.86482
2026-09-08,14:14,01456,国联民生,1914,3.890,7445.460,6438.98271720,0.86482
2026-09-08,14:14,01776,广发证券,4984,18.100,90210.400,78015.75812800,0.86482
2026-09-08,14:14,01788,国泰君安国际,12351,2.880,35570.880,30762.40844160,0.86482
2026-09-08,14:14,02611,国泰海通,8162,15.090,123164.580,106515.19207560,0.86482
2026-09-08,14:14,03908,中金公司,5540,20.020,110910.800,95917.87805600,0.86482
2026-09-08,14:14,03958,东方证券,4442,5.825,25874.650,22376.91481300,0.86482
2026-09-08,14:14,06030,中信证券,6975,26.180,182605.500,157920.88851000,0.86482
2026-09-08,14:14,06066,中信建投证券,3818,11.880,45357.840,39226.36718880,0.86482
2026-09-08,14:14,06099,招商证券,2205,15.050,33185.250,28699.26790500,0.86482
2026-09-08,14:14,06178,光大证券,2132,7.480,15947.360,13791.59587520,0.86482
2026-09-08,14:14,06806,申万宏源,7581,2.545,19293.645,16685.53006890,0.86482
2026-09-08,14:14,06881,中国银河,10742,7.715,82874.530,71671.55103460,0.86482
2026-09-08,14:14,06886,HTSC,4956,17.620,87324.720,75520.16435040,0.86482
2026-09-08,14:15,00165,中国光大控股,2174,6.520,14174.480,12258.37379360,0.86482
2026-09-08,14:15,00388,香港交易所,372,402.000,149544.000,129328.64208000,0.86482
2026-09-08,14:15,01359,中国信达,35009,0.915,32033.235,27702.98229270,0.86482
2026-09-08,14:15,01375,中州证券,5170,1.745,9021.650,7802.10335300,0.86482
2026-09-08,14:15,01456,国联民生,1914,3.890,7445.460,6438.98271720,0.86482
2026-09-08,14:15,01776,广发证券,4984,18.110,90260.240,78058.86075680,0.86482
2026-09-08,14:15,01788,国泰君安国际,12351,2.880,35570.880,30762.40844160,0.86482
2026-09-08,14:15,02611,国泰海通,8162,15.090,123164.580,106515.19207560,0.86482
2026-09-08,14:15,03908,中金公司,5540,20.000,110800.000,95822.05600000,0.86482
2026-09-08,14:15,03958,东方证券,4442,5.825,25874.650,22376.91481300,0.86482
2026-09-08,14:15,06030,中信证券,6975,26.120,182187.000,157558.96134000,0.86482
2026-09-08,14:15,06066,中信建投证券,3818,11.870,45319.660,39193.34836120,0.86482
2026-09-08,14:15,06099,招商证券,2205,15.070,33229.350,28737.40646700,0.86482
2026-09-08,14:15,06178,光大证券,2132,7.480,15947.360,13791.59587520,0.86482
2026-09-08,14:15,06806,申万宏源,7581,2.545,19293.645,16685.53006890,0.86482
2026-09-08,14:15,06881,中国银河,10742,7.710,82820.820,71625.10155240,0.86482
2026-09-08,14:15,06886,HTSC,4956,17.610,87275.160,75477.30387120,0.86482
2026-09-08,14:16,00165,中国光大控股,2174,6.525,14185.350,12267.77438700,0.86482
2026-09-08,14:16,00388,香港交易所,372,402.200,149618.400,129392.98468800,0.86482
2026-09-08,14:16,01359,中国信达,35009,0.915,32033.235,27702.98229270,0.86482
2026-09-08,14:16,01375,中州证券,5170,1.745,9021.650,7802.10335300,0.86482
2026-09-08,14:16,01456,国联民生,1914,3.890,7445.460,6438.98271720,0.86482
2026-09-08,14:16,01776,广发证券,4984,18.120,90310.080,78101.96338560,0.86482
2026-09-08,14:16,01788,国泰君安国际,12351,2.880,35570.880,30762.40844160,0.86482
2026-09-08,14:16,02611,国泰海通,8162,15.080,123082.960,106444.60546720,0.86482
2026-09-08,14:16,03908,中金公司,5540,20.040,111021.600,96013.70011200,0.86482
2026-09-08,14:16,03958,东方证券,4442,5.830,25896.860,22396.12246520,0.86482
2026-09-08,14:16,06030,中信证券,6975,26.120,182187.000,157558.96134000,0.86482
2026-09-08,14:16,06066,中信建投证券,3818,11.870,45319.660,39193.34836120,0.86482
2026-09-08,14:16,06099,招商证券,2205,15.020,33119.100,28642.06006200,0.86482
2026-09-08,14:16,06178,光大证券,2132,7.475,15936.700,13782.37689400,0.86482
2026-09-08,14:16,06806,申万宏源,7581,2.545,19293.645,16685.53006890,0.86482
2026-09-08,14:16,06881,中国银河,10742,7.710,82820.820,71625.10155240,0.86482
2026-09-08,14:16,06886,HTSC,4956,17.610,87275.160,75477.30387120,0.86482
2026-09-08,14:17,00165,中国光大控股,2174,6.520,14174.480,12258.37379360,0.86482
2026-09-08,14:17,00388,香港交易所,372,402.200,149618.400,129392.98468800,0.86482
2026-09-08,14:17,01359,中国信达,35009,0.915,32033.235,27702.98229270,0.86482
2026-09-08,14:17,01375,中州证券,5170,1.740,8995.800,7779.74775600,0.86482
2026-09-08,14:17,01456,国联民生,1914,3.885,7435.890,6430.70638980,0.86482
2026-09-08,14:17,01776,广发证券,4984,18.090,90160.560,77972.65549920,0.86482
2026-09-08,14:17,01788,国泰君安国际,12351,2.880,35570.880,30762.40844160,0.86482
2026-09-08,14:17,02611,国泰海通,8162,15.020,122593.240,106021.08581680,0.86482
2026-09-08,14:17,03908,中金公司,5540,19.990,110744.600,95774.14497200,0.86482
2026-09-08,14:17,03958,东方证券,4442,5.830,25896.860,22396.12246520,0.86482
2026-09-08,14:17,06030,中信证券,6975,26.100,182047.500,157438.31895000,0.86482
2026-09-08,14:17,06066,中信建投证券,3818,11.860,45281.480,39160.32953360,0.86482
2026-09-08,14:17,06099,招商证券,2205,15.020,33119.100,28642.06006200,0.86482
2026-09-08,14:17,06178,光大证券,2132,7.475,15936.700,13782.37689400,0.86482
2026-09-08,14:17,06806,申万宏源,7581,2.540,19255.740,16652.74906680,0.86482
2026-09-08,14:17,06881,中国银河,10742,7.705,82767.110,71578.65207020,0.86482
2026-09-08,14:17,06886,HTSC,4956,17.610,87275.160,75477.30387120,0.86482
2026-09-08,14:18,00165,中国光大控股,2174,6.520,14174.480,12258.37379360,0.86482
2026-09-08,14:18,00388,香港交易所,372,402.000,149544.000,129328.64208000,0.86482
2026-09-08,14:18,01359,中国信达,35009,0.915,32033.235,27702.98229270,0.86482
2026-09-08,14:18,01375,中州证券,5170,1.740,8995.800,7779.74775600,0.86482
2026-09-08,14:18,01456,国联民生,1914,3.885,7435.890,6430.70638980,0.86482
2026-09-08,14:18,01776,广发证券,4984,18.060,90011.040,77843.34761280,0.86482
2026-09-08,14:18,01788,国泰君安国际,12351,2.880,35570.880,30762.40844160,0.86482
2026-09-08,14:18,02611,国泰海通,8162,15.020,122593.240,106021.08581680,0.86482
2026-09-08,14:18,03908,中金公司,5540,20.060,111132.400,96109.52216800,0.86482
2026-09-08,14:18,03958,东方证券,4442,5.820,25852.440,22357.70716080,0.86482
2026-09-08,14:18,06030,中信证券,6975,26.100,182047.500,157438.31895000,0.86482
2026-09-08,14:18,06066,中信建投证券,3818,11.850,45243.300,39127.31070600,0.86482
2026-09-08,14:18,06099,招商证券,2205,14.980,33030.900,28565.78293800,0.86482
2026-09-08,14:18,06178,光大证券,2132,7.475,15936.700,13782.37689400,0.86482
2026-09-08,14:18,06806,申万宏源,7581,2.540,19255.740,16652.74906680,0.86482
2026-09-08,14:18,06881,中国银河,10742,7.695,82659.690,71485.75310580,0.86482
2026-09-08,14:18,06886,HTSC,4956,17.610,87275.160,75477.30387120,0.86482
2026-09-08,14:19,00165,中国光大控股,2174,6.505,14141.870,12230.17201340,0.86482
2026-09-08,14:19,00388,香港交易所,372,402.200,149618.400,129392.98468800,0.86482
2026-09-08,14:19,01359,中国信达,35009,0.915,32033.235,27702.98229270,0.86482
2026-09-08,14:19,01375,中州证券,5170,1.740,8995.800,7779.74775600,0.86482
2026-09-08,14:19,01456,国联民生,1914,3.880,7426.320,6422.43006240,0.86482
2026-09-08,14:19,01776,广发证券,4984,18.020,89811.680,77670.93709760,0.86482
2026-09-08,14:19,01788,国泰君安国际,12351,2.880,35570.880,30762.40844160,0.86482
2026-09-08,14:19,02611,国泰海通,8162,15.010,122511.620,105950.49920840,0.86482
2026-09-08,14:19,03908,中金公司,5540,20.020,110910.800,95917.87805600,0.86482
2026-09-08,14:19,03958,东方证券,4442,5.815,25830.230,22338.49950860,0.86482
2026-09-08,14:19,06030,中信证券,6975,26.100,182047.500,157438.31895000,0.86482
2026-09-08,14:19,06066,中信建投证券,3818,11.850,45243.300,39127.31070600,0.86482
2026-09-08,14:19,06099,招商证券,2205,14.990,33052.950,28584.85221900,0.86482
2026-09-08,14:19,06178,光大证券,2132,7.460,15904.720,13754.71995040,0.86482
2026-09-08,14:19,06806,申万宏源,7581,2.535,19217.835,16619.96806470,0.86482
2026-09-08,14:19,06881,中国银河,10742,7.695,82659.690,71485.75310580,0.86482
2026-09-08,14:19,06886,HTSC,4956,17.610,87275.160,75477.30387120,0.86482
2026-09-08,14:20,00165,中国光大控股,2174,6.485,14098.390,12192.56963980,0.86482
2026-09-08,14:20,00388,香港交易所,372,402.000,149544.000,129328.64208000,0.86482
2026-09-08,14:20,01359,中国信达,35009,0.915,32033.235,27702.98229270,0.86482
2026-09-08,14:20,01375,中州证券,5170,1.740,8995.800,7779.74775600,0.86482
2026-09-08,14:20,01456,国联民生,1914,3.885,7435.890,6430.70638980,0.86482
2026-09-08,14:20,01776,广发证券,4984,17.990,89662.160,77541.62921120,0.86482
2026-09-08,14:20,01788,国泰君安国际,12351,2.880,35570.880,30762.40844160,0.86482
2026-09-08,14:20,02611,国泰海通,8162,14.930,121858.660,105385.80634120,0.86482
2026-09-08,14:20,03908,中金公司,5540,20.060,111132.400,96109.52216800,0.86482
2026-09-08,14:20,03958,东方证券,4442,5.810,25808.020,22319.29185640,0.86482
2026-09-08,14:20,06030,中信证券,6975,26.040,181629.000,157076.39178000,0.86482
2026-09-08,14:20,06066,中信建投证券,3818,11.840,45205.120,39094.29187840,0.86482
2026-09-08,14:20,06099,招商证券,2205,15.060,33207.300,28718.33718600,0.86482
2026-09-08,14:20,06178,光大证券,2132,7.460,15904.720,13754.71995040,0.86482
2026-09-08,14:20,06806,申万宏源,7581,2.535,19217.835,16619.96806470,0.86482
2026-09-08,14:20,06881,中国银河,10742,7.690,82605.980,71439.30362360,0.86482
2026-09-08,14:20,06886,HTSC,4956,17.580,87126.480,75348.72243360,0.86482
2026-09-08,14:21,00165,中国光大控股,2174,6.500,14131.000,12220.77142000,0.86482
2026-09-08,14:21,00388,香港交易所,372,402.000,149544.000,129328.64208000,0.86482
2026-09-08,14:21,01359,中国信达,35009,0.915,32033.235,27702.98229270,0.86482
2026-09-08,14:21,01375,中州证券,5170,1.740,8995.800,7779.74775600,0.86482
2026-09-08,14:21,01456,国联民生,1914,3.880,7426.320,6422.43006240,0.86482
2026-09-08,14:21,01776,广发证券,4984,17.970,89562.480,77455.42395360,0.86482
2026-09-08,14:21,01788,国泰君安国际,12351,2.880,35570.880,30762.40844160,0.86482
2026-09-08,14:21,02611,国泰海通,8162,14.930,121858.660,105385.80634120,0.86482
2026-09-08,14:21,03908,中金公司,5540,20.040,111021.600,96013.70011200,0.86482
2026-09-08,14:21,03958,东方证券,4442,5.815,25830.230,22338.49950860,0.86482
2026-09-08,14:21,06030,中信证券,6975,26.040,181629.000,157076.39178000,0.86482
2026-09-08,14:21,06066,中信建投证券,3818,11.830,45166.940,39061.27305080,0.86482
2026-09-08,14:21,06099,招商证券,2205,15.000,33075.000,28603.92150000,0.86482
2026-09-08,14:21,06178,光大证券,2132,7.450,15883.400,13736.28198800,0.86482
2026-09-08,14:21,06806,申万宏源,7581,2.535,19217.835,16619.96806470,0.86482
2026-09-08,14:21,06881,中国银河,10742,7.685,82552.270,71392.85414140,0.86482
2026-09-08,14:21,06886,HTSC,4956,17.560,87027.360,75263.00147520,0.86482
2026-09-08,14:22,00165,中国光大控股,2174,6.500,14131.000,12220.77142000,0.86482
2026-09-08,14:22,00388,香港交易所,372,401.800,149469.600,129264.29947200,0.86482
2026-09-08,14:22,01359,中国信达,35009,0.915,32033.235,27702.98229270,0.86482
2026-09-08,14:22,01375,中州证券,5170,1.740,8995.800,7779.74775600,0.86482
2026-09-08,14:22,01456,国联民生,1914,3.890,7445.460,6438.98271720,0.86482
2026-09-08,14:22,01776,广发证券,4984,17.980,89612.320,77498.52658240,0.86482
2026-09-08,14:22,01788,国泰君安国际,12351,2.885,35632.635,30815.81540070,0.86482
2026-09-08,14:22,02611,国泰海通,8162,14.920,121777.040,105315.21973280,0.86482
2026-09-08,14:22,03908,中金公司,5540,20.060,111132.400,96109.52216800,0.86482
2026-09-08,14:22,03958,东方证券,4442,5.845,25963.490,22453.74542180,0.86482
2026-09-08,14:22,06030,中信证券,6975,26.060,181768.500,157197.03417000,0.86482
2026-09-08,14:22,06066,中信建投证券,3818,11.830,45166.940,39061.27305080,0.86482
2026-09-08,14:22,06099,招商证券,2205,15.020,33119.100,28642.06006200,0.86482
2026-09-08,14:22,06178,光大证券,2132,7.450,15883.400,13736.28198800,0.86482
2026-09-08,14:22,06806,申万宏源,7581,2.535,19217.835,16619.96806470,0.86482
2026-09-08,14:22,06881,中国银河,10742,7.685,82552.270,71392.85414140,0.86482
2026-09-08,14:22,06886,HTSC,4956,17.560,87027.360,75263.00147520,0.86482
2026-09-08,14:23,00165,中国光大控股,2174,6.500,14131.000,12220.77142000,0.86482
2026-09-08,14:23,00388,香港交易所,372,401.800,149469.600,129264.29947200,0.86482
2026-09-08,14:23,01359,中国信达,35009,0.915,32033.235,27702.98229270,0.86482
2026-09-08,14:23,01375,中州证券,5170,1.740,8995.800,7779.74775600,0.86482
2026-09-08,14:23,01456,国联民生,1914,3.885,7435.890,6430.70638980,0.86482
2026-09-08,14:23,01776,广发证券,4984,17.970,89562.480,77455.42395360,0.86482
2026-09-08,14:23,01788,国泰君安国际,12351,2.880,35570.880,30762.40844160,0.86482
2026-09-08,14:23,02611,国泰海通,8162,14.980,122266.760,105738.73938320,0.86482
2026-09-08,14:23,03908,中金公司,5540,20.060,111132.400,96109.52216800,0.86482
2026-09-08,14:23,03958,东方证券,4442,5.840,25941.280,22434.53776960,0.86482
2026-09-08,14:23,06030,中信证券,6975,26.060,181768.500,157197.03417000,0.86482
2026-09-08,14:23,06066,中信建投证券,3818,11.840,45205.120,39094.29187840,0.86482
2026-09-08,14:23,06099,招商证券,2205,14.930,32920.650,28470.43653300,0.86482
2026-09-08,14:23,06178,光大证券,2132,7.450,15883.400,13736.28198800,0.86482
2026-09-08,14:23,06806,申万宏源,7581,2.535,19217.835,16619.96806470,0.86482
2026-09-08,14:23,06881,中国银河,10742,7.690,82605.980,71439.30362360,0.86482
2026-09-08,14:23,06886,HTSC,4956,17.560,87027.360,75263.00147520,0.86482
2026-09-08,14:24,00165,中国光大控股,2174,6.490,14109.260,12201.97023320,0.86482
2026-09-08,14:24,00388,香港交易所,372,401.800,149469.600,129264.29947200,0.86482
2026-09-08,14:24,01359,中国信达,35009,0.915,32033.235,27702.98229270,0.86482
2026-09-08,14:24,01375,中州证券,5170,1.740,8995.800,7779.74775600,0.86482
2026-09-08,14:24,01456,国联民生,1914,3.885,7435.890,6430.70638980,0.86482
2026-09-08,14:24,01776,广发证券,4984,17.940,89412.960,77326.11606720,0.86482
2026-09-08,14:24,01788,国泰君安国际,12351,2.880,35570.880,30762.40844160,0.86482
2026-09-08,14:24,02611,国泰海通,8162,14.960,122103.520,105597.56616640,0.86482
2026-09-08,14:24,03908,中金公司,5540,20.080,111243.200,96205.34422400,0.86482
2026-09-08,14:24,03958,东方证券,4442,5.825,25874.650,22376.91481300,0.86482
2026-09-08,14:24,06030,中信证券,6975,26.060,181768.500,157197.03417000,0.86482
2026-09-08,14:24,06066,中信建投证券,3818,11.840,45205.120,39094.29187840,0.86482
2026-09-08,14:24,06099,招商证券,2205,14.960,32986.800,28527.64437600,0.86482
2026-09-08,14:24,06178,光大证券,2132,7.450,15883.400,13736.28198800,0.86482
2026-09-08,14:24,06806,申万宏源,7581,2.535,19217.835,16619.96806470,0.86482
2026-09-08,14:24,06881,中国银河,10742,7.690,82605.980,71439.30362360,0.86482
2026-09-08,14:24,06886,HTSC,4956,17.610,87275.160,75477.30387120,0.86482
2026-09-08,14:25,00165,中国光大控股,2174,6.490,14109.260,12201.97023320,0.86482
2026-09-08,14:25,00388,香港交易所,372,402.000,149544.000,129328.64208000,0.86482
2026-09-08,14:25,01359,中国信达,35009,0.915,32033.235,27702.98229270,0.86482
2026-09-08,14:25,01375,中州证券,5170,1.740,8995.800,7779.74775600,0.86482
2026-09-08,14:25,01456,国联民生,1914,3.885,7435.890,6430.70638980,0.86482
2026-09-08,14:25,01776,广发证券,4984,17.980,89612.320,77498.52658240,0.86482
2026-09-08,14:25,01788,国泰君安国际,12351,2.880,35570.880,30762.40844160,0.86482
2026-09-08,14:25,02611,国泰海通,8162,14.990,122348.380,105809.32599160,0.86482
2026-09-08,14:25,03908,中金公司,5540,20.060,111132.400,96109.52216800,0.86482
2026-09-08,14:25,03958,东方证券,4442,5.825,25874.650,22376.91481300,0.86482
2026-09-08,14:25,06030,中信证券,6975,26.060,181768.500,157197.03417000,0.86482
2026-09-08,14:25,06066,中信建投证券,3818,11.840,45205.120,39094.29187840,0.86482
2026-09-08,14:25,06099,招商证券,2205,15.000,33075.000,28603.92150000,0.86482
2026-09-08,14:25,06178,光大证券,2132,7.450,15883.400,13736.28198800,0.86482
2026-09-08,14:25,06806,申万宏源,7581,2.535,19217.835,16619.96806470,0.86482
2026-09-08,14:25,06881,中国银河,10742,7.695,82659.690,71485.75310580,0.86482
2026-09-08,14:25,06886,HTSC,4956,17.570,87076.920,75305.86195440,0.86482
2026-09-08,14:26,00165,中国光大控股,2174,6.500,14131.000,12220.77142000,0.86482
2026-09-08,14:26,00388,香港交易所,372,402.000,149544.000,129328.64208000,0.86482
2026-09-08,14:26,01359,中国信达,35009,0.915,32033.235,27702.98229270,0.86482
2026-09-08,14:26,01375,中州证券,5170,1.745,9021.650,7802.10335300,0.86482
2026-09-08,14:26,01456,国联民生,1914,3.885,7435.890,6430.70638980,0.86482
2026-09-08,14:26,01776,广发证券,4984,17.980,89612.320,77498.52658240,0.86482
2026-09-08,14:26,01788,国泰君安国际,12351,2.880,35570.880,30762.40844160,0.86482
2026-09-08,14:26,02611,国泰海通,8162,14.990,122348.380,105809.32599160,0.86482
2026-09-08,14:26,03908,中金公司,5540,20.080,111243.200,96205.34422400,0.86482
2026-09-08,14:26,03958,东方证券,4442,5.825,25874.650,22376.91481300,0.86482
2026-09-08,14:26,06030,中信证券,6975,26.060,181768.500,157197.03417000,0.86482
2026-09-08,14:26,06066,中信建投证券,3818,11.840,45205.120,39094.29187840,0.86482
2026-09-08,14:26,06099,招商证券,2205,14.990,33052.950,28584.85221900,0.86482
2026-09-08,14:26,06178,光大证券,2132,7.460,15904.720,13754.71995040,0.86482
2026-09-08,14:26,06806,申万宏源,7581,2.535,19217.835,16619.96806470,0.86482
2026-09-08,14:26,06881,中国银河,10742,7.690,82605.980,71439.30362360,0.86482
2026-09-08,14:26,06886,HTSC,4956,17.570,87076.920,75305.86195440,0.86482
2026-09-08,14:27,00165,中国光大控股,2174,6.500,14131.000,12220.77142000,0.86482
2026-09-08,14:27,00388,香港交易所,372,402.000,149544.000,129328.64208000,0.86482
2026-09-08,14:27,01359,中国信达,35009,0.915,32033.235,27702.98229270,0.86482
2026-09-08,14:27,01375,中州证券,5170,1.740,8995.800,7779.74775600,0.86482
2026-09-08,14:27,01456,国联民生,1914,3.885,7435.890,6430.70638980,0.86482
2026-09-08,14:27,01776,广发证券,4984,17.920,89313.280,77239.91080960,0.86482
2026-09-08,14:27,01788,国泰君安国际,12351,2.880,35570.880,30762.40844160,0.86482
2026-09-08,14:27,02611,国泰海通,8162,15.000,122430.000,105879.91260000,0.86482
2026-09-08,14:27,03908,中金公司,5540,20.080,111243.200,96205.34422400,0.86482
2026-09-08,14:27,03958,东方证券,4442,5.840,25941.280,22434.53776960,0.86482
2026-09-08,14:27,06030,中信证券,6975,26.060,181768.500,157197.03417000,0.86482
2026-09-08,14:27,06066,中信建投证券,3818,11.840,45205.120,39094.29187840,0.86482
2026-09-08,14:27,06099,招商证券,2205,15.010,33097.050,28622.99078100,0.86482
2026-09-08,14:27,06178,光大证券,2132,7.460,15904.720,13754.71995040,0.86482
2026-09-08,14:27,06806,申万宏源,7581,2.535,19217.835,16619.96806470,0.86482
2026-09-08,14:27,06881,中国银河,10742,7.690,82605.980,71439.30362360,0.86482
2026-09-08,14:27,06886,HTSC,4956,17.610,87275.160,75477.30387120,0.86482
2026-09-08,14:28,00165,中国光大控股,2174,6.505,14141.870,12230.17201340,0.86482
2026-09-08,14:28,00388,香港交易所,372,402.000,149544.000,129328.64208000,0.86482
2026-09-08,14:28,01359,中国信达,35009,0.915,32033.235,27702.98229270,0.86482
2026-09-08,14:28,01375,中州证券,5170,1.740,8995.800,7779.74775600,0.86482
2026-09-08,14:28,01456,国联民生,1914,3.885,7435.890,6430.70638980,0.86482
2026-09-08,14:28,01776,广发证券,4984,17.950,89462.800,77369.21869600,0.86482
2026-09-08,14:28,01788,国泰君安国际,12351,2.885,35632.635,30815.81540070,0.86482
2026-09-08,14:28,02611,国泰海通,8162,15.000,122430.000,105879.91260000,0.86482
2026-09-08,14:28,03908,中金公司,5540,20.100,111354.000,96301.16628000,0.86482
2026-09-08,14:28,03958,东方证券,4442,5.840,25941.280,22434.53776960,0.86482
2026-09-08,14:28,06030,中信证券,6975,26.060,181768.500,157197.03417000,0.86482
2026-09-08,14:28,06066,中信建投证券,3818,11.860,45281.480,39160.32953360,0.86482
2026-09-08,14:28,06099,招商证券,2205,15.030,33141.150,28661.12934300,0.86482
2026-09-08,14:28,06178,光大证券,2132,7.450,15883.400,13736.28198800,0.86482
2026-09-08,14:28,06806,申万宏源,7581,2.535,19217.835,16619.96806470,0.86482
2026-09-08,14:28,06881,中国银河,10742,7.690,82605.980,71439.30362360,0.86482
2026-09-08,14:28,06886,HTSC,4956,17.580,87126.480,75348.72243360,0.86482
2026-09-08,14:29,00165,中国光大控股,2174,6.505,14141.870,12230.17201340,0.86482
2026-09-08,14:29,00388,香港交易所,372,402.000,149544.000,129328.64208000,0.86482
2026-09-08,14:29,01359,中国信达,35009,0.915,32033.235,27702.98229270,0.86482
2026-09-08,14:29,01375,中州证券,5170,1.740,8995.800,7779.74775600,0.86482
2026-09-08,14:29,01456,国联民生,1914,3.885,7435.890,6430.70638980,0.86482
2026-09-08,14:29,01776,广发证券,4984,17.980,89612.320,77498.52658240,0.86482
2026-09-08,14:29,01788,国泰君安国际,12351,2.885,35632.635,30815.81540070,0.86482
2026-09-08,14:29,02611,国泰海通,8162,14.960,122103.520,105597.56616640,0.86482
2026-09-08,14:29,03908,中金公司,5540,20.100,111354.000,96301.16628000,0.86482
2026-09-08,14:29,03958,东方证券,4442,5.840,25941.280,22434.53776960,0.86482
2026-09-08,14:29,06030,中信证券,6975,26.060,181768.500,157197.03417000,0.86482
2026-09-08,14:29,06066,中信建投证券,3818,11.870,45319.660,39193.34836120,0.86482
2026-09-08,14:29,06099,招商证券,2205,15.040,33163.200,28680.19862400,0.86482
2026-09-08,14:29,06178,光大证券,2132,7.450,15883.400,13736.28198800,0.86482
2026-09-08,14:29,06806,申万宏源,7581,2.535,19217.835,16619.96806470,0.86482
2026-09-08,14:29,06881,中国银河,10742,7.690,82605.980,71439.30362360,0.86482
2026-09-08,14:29,06886,HTSC,4956,17.570,87076.920,75305.86195440,0.86482
2026-09-08,14:30,00165,中国光大控股,2174,6.520,14174.480,12258.37379360,0.86482
2026-09-08,14:30,00388,香港交易所,372,402.400,149692.800,129457.32729600,0.86482
2026-09-08,14:30,01359,中国信达,35009,0.915,32033.235,27702.98229270,0.86482
2026-09-08,14:30,01375,中州证券,5170,1.740,8995.800,7779.74775600,0.86482
2026-09-08,14:30,01456,国联民生,1914,3.885,7435.890,6430.70638980,0.86482
2026-09-08,14:30,01776,广发证券,4984,17.980,89612.320,77498.52658240,0.86482
2026-09-08,14:30,01788,国泰君安国际,12351,2.885,35632.635,30815.81540070,0.86482
2026-09-08,14:30,02611,国泰海通,8162,14.970,122185.140,105668.15277480,0.86482
2026-09-08,14:30,03908,中金公司,5540,20.120,111464.800,96396.98833600,0.86482
2026-09-08,14:30,03958,东方证券,4442,5.840,25941.280,22434.53776960,0.86482
2026-09-08,14:30,06030,中信证券,6975,26.040,181629.000,157076.39178000,0.86482
2026-09-08,14:30,06066,中信建投证券,3818,11.870,45319.660,39193.34836120,0.86482
2026-09-08,14:30,06099,招商证券,2205,15.010,33097.050,28622.99078100,0.86482
2026-09-08,14:30,06178,光大证券,2132,7.450,15883.400,13736.28198800,0.86482
2026-09-08,14:30,06806,申万宏源,7581,2.535,19217.835,16619.96806470,0.86482
2026-09-08,14:30,06881,中国银河,10742,7.690,82605.980,71439.30362360,0.86482
2026-09-08,14:30,06886,HTSC,4956,17.570,87076.920,75305.86195440,0.86482
2026-09-08,14:31,00165,中国光大控股,2174,6.520,14174.480,12258.37379360,0.86482
2026-09-08,14:31,00388,香港交易所,372,402.200,149618.400,129392.98468800,0.86482
2026-09-08,14:31,01359,中国信达,35009,0.915,32033.235,27702.98229270,0.86482
2026-09-08,14:31,01375,中州证券,5170,1.740,8995.800,7779.74775600,0.86482
2026-09-08,14:31,01456,国联民生,1914,3.890,7445.460,6438.98271720,0.86482
2026-09-08,14:31,01776,广发证券,4984,17.990,89662.160,77541.62921120,0.86482
2026-09-08,14:31,01788,国泰君安国际,12351,2.885,35632.635,30815.81540070,0.86482
2026-09-08,14:31,02611,国泰海通,8162,15.020,122593.240,106021.08581680,0.86482
2026-09-08,14:31,03908,中金公司,5540,20.120,111464.800,96396.98833600,0.86482
2026-09-08,14:31,03958,东方证券,4442,5.840,25941.280,22434.53776960,0.86482
2026-09-08,14:31,06030,中信证券,6975,26.040,181629.000,157076.39178000,0.86482
2026-09-08,14:31,06066,中信建投证券,3818,11.880,45357.840,39226.36718880,0.86482
2026-09-08,14:31,06099,招商证券,2205,15.040,33163.200,28680.19862400,0.86482
2026-09-08,14:31,06178,光大证券,2132,7.450,15883.400,13736.28198800,0.86482
2026-09-08,14:31,06806,申万宏源,7581,2.535,19217.835,16619.96806470,0.86482
2026-09-08,14:31,06881,中国银河,10742,7.695,82659.690,71485.75310580,0.86482
2026-09-08,14:31,06886,HTSC,4956,17.600,87225.600,75434.44339200,0.86482
2026-09-08,14:32,00165,中国光大控股,2174,6.515,14163.610,12248.97320020,0.86482
2026-09-08,14:32,00388,香港交易所,372,402.000,149544.000,129328.64208000,0.86482
2026-09-08,14:32,01359,中国信达,35009,0.915,32033.235,27702.98229270,0.86482
2026-09-08,14:32,01375,中州证券,5170,1.740,8995.800,7779.74775600,0.86482
2026-09-08,14:32,01456,国联民生,1914,3.890,7445.460,6438.98271720,0.86482
2026-09-08,14:32,01776,广发证券,4984,17.980,89612.320,77498.52658240,0.86482
2026-09-08,14:32,01788,国泰君安国际,12351,2.885,35632.635,30815.81540070,0.86482
2026-09-08,14:32,02611,国泰海通,8162,15.010,122511.620,105950.49920840,0.86482
2026-09-08,14:32,03908,中金公司,5540,20.080,111243.200,96205.34422400,0.86482
2026-09-08,14:32,03958,东方证券,4442,5.830,25896.860,22396.12246520,0.86482
2026-09-08,14:32,06030,中信证券,6975,25.980,181210.500,156714.46461000,0.86482
2026-09-08,14:32,06066,中信建投证券,3818,11.880,45357.840,39226.36718880,0.86482
2026-09-08,14:32,06099,招商证券,2205,15.040,33163.200,28680.19862400,0.86482
2026-09-08,14:32,06178,光大证券,2132,7.450,15883.400,13736.28198800,0.86482
2026-09-08,14:32,06806,申万宏源,7581,2.540,19255.740,16652.74906680,0.86482
2026-09-08,14:32,06881,中国银河,10742,7.695,82659.690,71485.75310580,0.86482
2026-09-08,14:32,06886,HTSC,4956,17.600,87225.600,75434.44339200,0.86482
2026-09-08,14:33,00165,中国光大控股,2174,6.515,14163.610,12248.97320020,0.86482
2026-09-08,14:33,00388,香港交易所,372,402.000,149544.000,129328.64208000,0.86482
2026-09-08,14:33,01359,中国信达,35009,0.915,32033.235,27702.98229270,0.86482
2026-09-08,14:33,01375,中州证券,5170,1.740,8995.800,7779.74775600,0.86482
2026-09-08,14:33,01456,国联民生,1914,3.890,7445.460,6438.98271720,0.86482
2026-09-08,14:33,01776,广发证券,4984,17.980,89612.320,77498.52658240,0.86482
2026-09-08,14:33,01788,国泰君安国际,12351,2.885,35632.635,30815.81540070,0.86482
2026-09-08,14:33,02611,国泰海通,8162,15.020,122593.240,106021.08581680,0.86482
2026-09-08,14:33,03908,中金公司,5540,20.060,111132.400,96109.52216800,0.86482
2026-09-08,14:33,03958,东方证券,4442,5.830,25896.860,22396.12246520,0.86482
2026-09-08,14:33,06030,中信证券,6975,26.000,181350.000,156835.10700000,0.86482
2026-09-08,14:33,06066,中信建投证券,3818,11.880,45357.840,39226.36718880,0.86482
2026-09-08,14:33,06099,招商证券,2205,15.030,33141.150,28661.12934300,0.86482
2026-09-08,14:33,06178,光大证券,2132,7.450,15883.400,13736.28198800,0.86482
2026-09-08,14:33,06806,申万宏源,7581,2.540,19255.740,16652.74906680,0.86482
2026-09-08,14:33,06881,中国银河,10742,7.695,82659.690,71485.75310580,0.86482
2026-09-08,14:33,06886,HTSC,4956,17.600,87225.600,75434.44339200,0.86482
2026-09-08,14:34,00165,中国光大控股,2174,6.515,14163.610,12248.97320020,0.86482
2026-09-08,14:34,00388,香港交易所,372,402.200,149618.400,129392.98468800,0.86482
2026-09-08,14:34,01359,中国信达,35009,0.915,32033.235,27702.98229270,0.86482
2026-09-08,14:34,01375,中州证券,5170,1.740,8995.800,7779.74775600,0.86482
2026-09-08,14:34,01456,国联民生,1914,3.890,7445.460,6438.98271720,0.86482
2026-09-08,14:34,01776,广发证券,4984,17.980,89612.320,77498.52658240,0.86482
2026-09-08,14:34,01788,国泰君安国际,12351,2.880,35570.880,30762.40844160,0.86482
2026-09-08,14:34,02611,国泰海通,8162,14.950,122021.900,105526.97955800,0.86482
2026-09-08,14:34,03908,中金公司,5540,20.060,111132.400,96109.52216800,0.86482
2026-09-08,14:34,03958,东方证券,4442,5.830,25896.860,22396.12246520,0.86482
2026-09-08,14:34,06030,中信证券,6975,25.980,181210.500,156714.46461000,0.86482
2026-09-08,14:34,06066,中信建投证券,3818,11.860,45281.480,39160.32953360,0.86482
2026-09-08,14:34,06099,招商证券,2205,15.030,33141.150,28661.12934300,0.86482
2026-09-08,14:34,06178,光大证券,2132,7.450,15883.400,13736.28198800,0.86482
2026-09-08,14:34,06806,申万宏源,7581,2.535,19217.835,16619.96806470,0.86482
2026-09-08,14:34,06881,中国银河,10742,7.695,82659.690,71485.75310580,0.86482
2026-09-08,14:34,06886,HTSC,4956,17.570,87076.920,75305.86195440,0.86482
2026-09-08,14:35,00165,中国光大控股,2174,6.515,14163.610,12248.97320020,0.86482
2026-09-08,14:35,00388,香港交易所,372,402.000,149544.000,129328.64208000,0.86482
2026-09-08,14:35,01359,中国信达,35009,0.915,32033.235,27702.98229270,0.86482
2026-09-08,14:35,01375,中州证券,5170,1.740,8995.800,7779.74775600,0.86482
2026-09-08,14:35,01456,国联民生,1914,3.890,7445.460,6438.98271720,0.86482
2026-09-08,14:35,01776,广发证券,4984,17.980,89612.320,77498.52658240,0.86482
2026-09-08,14:35,01788,国泰君安国际,12351,2.880,35570.880,30762.40844160,0.86482
2026-09-08,14:35,02611,国泰海通,8162,14.990,122348.380,105809.32599160,0.86482
2026-09-08,14:35,03908,中金公司,5540,20.080,111243.200,96205.34422400,0.86482
2026-09-08,14:35,03958,东方证券,4442,5.825,25874.650,22376.91481300,0.86482
2026-09-08,14:35,06030,中信证券,6975,26.000,181350.000,156835.10700000,0.86482
2026-09-08,14:35,06066,中信建投证券,3818,11.860,45281.480,39160.32953360,0.86482
2026-09-08,14:35,06099,招商证券,2205,15.020,33119.100,28642.06006200,0.86482
2026-09-08,14:35,06178,光大证券,2132,7.450,15883.400,13736.28198800,0.86482
2026-09-08,14:35,06806,申万宏源,7581,2.540,19255.740,16652.74906680,0.86482
2026-09-08,14:35,06881,中国银河,10742,7.680,82498.560,71346.40465920,0.86482
2026-09-08,14:35,06886,HTSC,4956,17.600,87225.600,75434.44339200,0.86482
2026-09-08,14:36,00165,中国光大控股,2174,6.515,14163.610,12248.97320020,0.86482
2026-09-08,14:36,00388,香港交易所,372,402.200,149618.400,129392.98468800,0.86482
2026-09-08,14:36,01359,中国信达,35009,0.915,32033.235,27702.98229270,0.86482
2026-09-08,14:36,01375,中州证券,5170,1.740,8995.800,7779.74775600,0.86482
2026-09-08,14:36,01456,国联民生,1914,3.890,7445.460,6438.98271720,0.86482
2026-09-08,14:36,01776,广发证券,4984,17.990,89662.160,77541.62921120,0.86482
2026-09-08,14:36,01788,国泰君安国际,12351,2.880,35570.880,30762.40844160,0.86482
2026-09-08,14:36,02611,国泰海通,8162,14.990,122348.380,105809.32599160,0.86482
2026-09-08,14:36,03908,中金公司,5540,20.100,111354.000,96301.16628000,0.86482
2026-09-08,14:36,03958,东方证券,4442,5.825,25874.650,22376.91481300,0.86482
2026-09-08,14:36,06030,中信证券,6975,26.000,181350.000,156835.10700000,0.86482
2026-09-08,14:36,06066,中信建投证券,3818,11.850,45243.300,39127.31070600,0.86482
2026-09-08,14:36,06099,招商证券,2205,15.030,33141.150,28661.12934300,0.86482
2026-09-08,14:36,06178,光大证券,2132,7.450,15883.400,13736.28198800,0.86482
2026-09-08,14:36,06806,申万宏源,7581,2.540,19255.740,16652.74906680,0.86482
2026-09-08,14:36,06881,中国银河,10742,7.680,82498.560,71346.40465920,0.86482
2026-09-08,14:36,06886,HTSC,4956,17.600,87225.600,75434.44339200,0.86482
2026-09-08,14:37,00165,中国光大控股,2174,6.520,14174.480,12258.37379360,0.86482
2026-09-08,14:37,00388,香港交易所,372,402.000,149544.000,129328.64208000,0.86482
2026-09-08,14:37,01359,中国信达,35009,0.915,32033.235,27702.98229270,0.86482
2026-09-08,14:37,01375,中州证券,5170,1.745,9021.650,7802.10335300,0.86482
2026-09-08,14:37,01456,国联民生,1914,3.890,7445.460,6438.98271720,0.86482
2026-09-08,14:37,01776,广发证券,4984,17.990,89662.160,77541.62921120,0.86482
2026-09-08,14:37,01788,国泰君安国际,12351,2.880,35570.880,30762.40844160,0.86482
2026-09-08,14:37,02611,国泰海通,8162,14.990,122348.380,105809.32599160,0.86482
2026-09-08,14:37,03908,中金公司,5540,20.100,111354.000,96301.16628000,0.86482
2026-09-08,14:37,03958,东方证券,4442,5.825,25874.650,22376.91481300,0.86482
2026-09-08,14:37,06030,中信证券,6975,26.000,181350.000,156835.10700000,0.86482
2026-09-08,14:37,06066,中信建投证券,3818,11.870,45319.660,39193.34836120,0.86482
2026-09-08,14:37,06099,招商证券,2205,15.010,33097.050,28622.99078100,0.86482
2026-09-08,14:37,06178,光大证券,2132,7.450,15883.400,13736.28198800,0.86482
2026-09-08,14:37,06806,申万宏源,7581,2.540,19255.740,16652.74906680,0.86482
2026-09-08,14:37,06881,中国银河,10742,7.685,82552.270,71392.85414140,0.86482
2026-09-08,14:37,06886,HTSC,4956,17.600,87225.600,75434.44339200,0.86482
2026-09-08,14:38,00165,中国光大控股,2174,6.520,14174.480,12258.37379360,0.86482
2026-09-08,14:38,00388,香港交易所,372,402.000,149544.000,129328.64208000,0.86482
2026-09-08,14:38,01359,中国信达,35009,0.915,32033.235,27702.98229270,0.86482
2026-09-08,14:38,01375,中州证券,5170,1.740,8995.800,7779.74775600,0.86482
2026-09-08,14:38,01456,国联民生,1914,3.890,7445.460,6438.98271720,0.86482
2026-09-08,14:38,01776,广发证券,4984,17.980,89612.320,77498.52658240,0.86482
2026-09-08,14:38,01788,国泰君安国际,12351,2.880,35570.880,30762.40844160,0.86482
2026-09-08,14:38,02611,国泰海通,8162,14.930,121858.660,105385.80634120,0.86482
2026-09-08,14:38,03908,中金公司,5540,20.100,111354.000,96301.16628000,0.86482
2026-09-08,14:38,03958,东方证券,4442,5.825,25874.650,22376.91481300,0.86482
2026-09-08,14:38,06030,中信证券,6975,26.000,181350.000,156835.10700000,0.86482
2026-09-08,14:38,06066,中信建投证券,3818,11.840,45205.120,39094.29187840,0.86482
2026-09-08,14:38,06099,招商证券,2205,15.020,33119.100,28642.06006200,0.86482
2026-09-08,14:38,06178,光大证券,2132,7.455,15894.060,13745.50096920,0.86482
2026-09-08,14:38,06806,申万宏源,7581,2.540,19255.740,16652.74906680,0.86482
2026-09-08,14:38,06881,中国银河,10742,7.690,82605.980,71439.30362360,0.86482
2026-09-08,14:38,06886,HTSC,4956,17.570,87076.920,75305.86195440,0.86482
2026-09-08,14:39,00165,中国光大控股,2174,6.510,14152.740,12239.57260680,0.86482
2026-09-08,14:39,00388,香港交易所,372,402.200,149618.400,129392.98468800,0.86482
2026-09-08,14:39,01359,中国信达,35009,0.915,32033.235,27702.98229270,0.86482
2026-09-08,14:39,01375,中州证券,5170,1.740,8995.800,7779.74775600,0.86482
2026-09-08,14:39,01456,国联民生,1914,3.890,7445.460,6438.98271720,0.86482
2026-09-08,14:39,01776,广发证券,4984,18.030,89861.520,77714.03972640,0.86482
2026-09-08,14:39,01788,国泰君安国际,12351,2.885,35632.635,30815.81540070,0.86482
2026-09-08,14:39,02611,国泰海通,8162,14.950,122021.900,105526.97955800,0.86482
2026-09-08,14:39,03908,中金公司,5540,20.120,111464.800,96396.98833600,0.86482
2026-09-08,14:39,03958,东方证券,4442,5.825,25874.650,22376.91481300,0.86482
2026-09-08,14:39,06030,中信证券,6975,26.000,181350.000,156835.10700000,0.86482
2026-09-08,14:39,06066,中信建投证券,3818,11.860,45281.480,39160.32953360,0.86482
2026-09-08,14:39,06099,招商证券,2205,15.010,33097.050,28622.99078100,0.86482
2026-09-08,14:39,06178,光大证券,2132,7.455,15894.060,13745.50096920,0.86482
2026-09-08,14:39,06806,申万宏源,7581,2.540,19255.740,16652.74906680,0.86482
2026-09-08,14:39,06881,中国银河,10742,7.695,82659.690,71485.75310580,0.86482
2026-09-08,14:39,06886,HTSC,4956,17.580,87126.480,75348.72243360,0.86482
2026-09-08,14:40,00165,中国光大控股,2174,6.510,14152.740,12239.57260680,0.86482
2026-09-08,14:40,00388,香港交易所,372,402.200,149618.400,129392.98468800,0.86482
2026-09-08,14:40,01359,中国信达,35009,0.915,32033.235,27702.98229270,0.86482
2026-09-08,14:40,01375,中州证券,5170,1.745,9021.650,7802.10335300,0.86482
2026-09-08,14:40,01456,国联民生,1914,3.890,7445.460,6438.98271720,0.86482
2026-09-08,14:40,01776,广发证券,4984,18.070,90060.880,77886.45024160,0.86482
2026-09-08,14:40,01788,国泰君安国际,12351,2.885,35632.635,30815.81540070,0.86482
2026-09-08,14:40,02611,国泰海通,8162,15.000,122430.000,105879.91260000,0.86482
2026-09-08,14:40,03908,中金公司,5540,20.120,111464.800,96396.98833600,0.86482
2026-09-08,14:40,03958,东方证券,4442,5.825,25874.650,22376.91481300,0.86482
2026-09-08,14:40,06030,中信证券,6975,25.980,181210.500,156714.46461000,0.86482
2026-09-08,14:40,06066,中信建投证券,3818,11.860,45281.480,39160.32953360,0.86482
2026-09-08,14:40,06099,招商证券,2205,15.010,33097.050,28622.99078100,0.86482
2026-09-08,14:40,06178,光大证券,2132,7.455,15894.060,13745.50096920,0.86482
2026-09-08,14:40,06806,申万宏源,7581,2.540,19255.740,16652.74906680,0.86482
2026-09-08,14:40,06881,中国银河,10742,7.690,82605.980,71439.30362360,0.86482
2026-09-08,14:40,06886,HTSC,4956,17.580,87126.480,75348.72243360,0.86482
2026-09-08,14:41,00165,中国光大控股,2174,6.510,14152.740,12239.57260680,0.86482
2026-09-08,14:41,00388,香港交易所,372,402.200,149618.400,129392.98468800,0.86482
2026-09-08,14:41,01359,中国信达,35009,0.915,32033.235,27702.98229270,0.86482
2026-09-08,14:41,01375,中州证券,5170,1.745,9021.650,7802.10335300,0.86482
2026-09-08,14:41,01456,国联民生,1914,3.890,7445.460,6438.98271720,0.86482
2026-09-08,14:41,01776,广发证券,4984,18.030,89861.520,77714.03972640,0.86482
2026-09-08,14:41,01788,国泰君安国际,12351,2.880,35570.880,30762.40844160,0.86482
2026-09-08,14:41,02611,国泰海通,8162,14.970,122185.140,105668.15277480,0.86482
2026-09-08,14:41,03908,中金公司,5540,20.100,111354.000,96301.16628000,0.86482
2026-09-08,14:41,03958,东方证券,4442,5.840,25941.280,22434.53776960,0.86482
2026-09-08,14:41,06030,中信证券,6975,25.980,181210.500,156714.46461000,0.86482
2026-09-08,14:41,06066,中信建投证券,3818,11.860,45281.480,39160.32953360,0.86482
2026-09-08,14:41,06099,招商证券,2205,15.000,33075.000,28603.92150000,0.86482
2026-09-08,14:41,06178,光大证券,2132,7.455,15894.060,13745.50096920,0.86482
2026-09-08,14:41,06806,申万宏源,7581,2.540,19255.740,16652.74906680,0.86482
2026-09-08,14:41,06881,中国银河,10742,7.680,82498.560,71346.40465920,0.86482
2026-09-08,14:41,06886,HTSC,4956,17.600,87225.600,75434.44339200,0.86482
2026-09-08,14:42,00165,中国光大控股,2174,6.510,14152.740,12239.57260680,0.86482
2026-09-08,14:42,00388,香港交易所,372,402.200,149618.400,129392.98468800,0.86482
2026-09-08,14:42,01359,中国信达,35009,0.915,32033.235,27702.98229270,0.86482
2026-09-08,14:42,01375,中州证券,5170,1.745,9021.650,7802.10335300,0.86482
2026-09-08,14:42,01456,国联民生,1914,3.890,7445.460,6438.98271720,0.86482
2026-09-08,14:42,01776,广发证券,4984,18.030,89861.520,77714.03972640,0.86482
2026-09-08,14:42,01788,国泰君安国际,12351,2.880,35570.880,30762.40844160,0.86482
2026-09-08,14:42,02611,国泰海通,8162,14.960,122103.520,105597.56616640,0.86482
2026-09-08,14:42,03908,中金公司,5540,20.100,111354.000,96301.16628000,0.86482
2026-09-08,14:42,03958,东方证券,4442,5.825,25874.650,22376.91481300,0.86482
2026-09-08,14:42,06030,中信证券,6975,25.940,180931.500,156473.17983000,0.86482
2026-09-08,14:42,06066,中信建投证券,3818,11.860,45281.480,39160.32953360,0.86482
2026-09-08,14:42,06099,招商证券,2205,15.000,33075.000,28603.92150000,0.86482
2026-09-08,14:42,06178,光大证券,2132,7.455,15894.060,13745.50096920,0.86482
2026-09-08,14:42,06806,申万宏源,7581,2.545,19293.645,16685.53006890,0.86482
2026-09-08,14:42,06881,中国银河,10742,7.685,82552.270,71392.85414140,0.86482
2026-09-08,14:42,06886,HTSC,4956,17.580,87126.480,75348.72243360,0.86482
2026-09-08,14:43,00165,中国光大控股,2174,6.510,14152.740,12239.57260680,0.86482
2026-09-08,14:43,00388,香港交易所,372,402.200,149618.400,129392.98468800,0.86482
2026-09-08,14:43,01359,中国信达,35009,0.915,32033.235,27702.98229270,0.86482
2026-09-08,14:43,01375,中州证券,5170,1.745,9021.650,7802.10335300,0.86482
2026-09-08,14:43,01456,国联民生,1914,3.890,7445.460,6438.98271720,0.86482
2026-09-08,14:43,01776,广发证券,4984,18.030,89861.520,77714.03972640,0.86482
2026-09-08,14:43,01788,国泰君安国际,12351,2.880,35570.880,30762.40844160,0.86482
2026-09-08,14:43,02611,国泰海通,8162,14.990,122348.380,105809.32599160,0.86482
2026-09-08,14:43,03908,中金公司,5540,20.060,111132.400,96109.52216800,0.86482
2026-09-08,14:43,03958,东方证券,4442,5.840,25941.280,22434.53776960,0.86482
2026-09-08,14:43,06030,中信证券,6975,25.940,180931.500,156473.17983000,0.86482
2026-09-08,14:43,06066,中信建投证券,3818,11.860,45281.480,39160.32953360,0.86482
2026-09-08,14:43,06099,招商证券,2205,14.990,33052.950,28584.85221900,0.86482
2026-09-08,14:43,06178,光大证券,2132,7.455,15894.060,13745.50096920,0.86482
2026-09-08,14:43,06806,申万宏源,7581,2.545,19293.645,16685.53006890,0.86482
2026-09-08,14:43,06881,中国银河,10742,7.690,82605.980,71439.30362360,0.86482
2026-09-08,14:43,06886,HTSC,4956,17.590,87176.040,75391.58291280,0.86482
2026-09-08,14:44,00165,中国光大控股,2174,6.510,14152.740,12239.57260680,0.86482
2026-09-08,14:44,00388,香港交易所,372,402.400,149692.800,129457.32729600,0.86482
2026-09-08,14:44,01359,中国信达,35009,0.915,32033.235,27702.98229270,0.86482
2026-09-08,14:44,01375,中州证券,5170,1.745,9021.650,7802.10335300,0.86482
2026-09-08,14:44,01456,国联民生,1914,3.890,7445.460,6438.98271720,0.86482
2026-09-08,14:44,01776,广发证券,4984,18.010,89761.840,77627.83446880,0.86482
2026-09-08,14:44,01788,国泰君安国际,12351,2.885,35632.635,30815.81540070,0.86482
2026-09-08,14:44,02611,国泰海通,8162,14.960,122103.520,105597.56616640,0.86482
2026-09-08,14:44,03908,中金公司,5540,20.080,111243.200,96205.34422400,0.86482
2026-09-08,14:44,03958,东方证券,4442,5.840,25941.280,22434.53776960,0.86482
2026-09-08,14:44,06030,中信证券,6975,25.940,180931.500,156473.17983000,0.86482
2026-09-08,14:44,06066,中信建投证券,3818,11.860,45281.480,39160.32953360,0.86482
2026-09-08,14:44,06099,招商证券,2205,15.000,33075.000,28603.92150000,0.86482
2026-09-08,14:44,06178,光大证券,2132,7.455,15894.060,13745.50096920,0.86482
2026-09-08,14:44,06806,申万宏源,7581,2.545,19293.645,16685.53006890,0.86482
2026-09-08,14:44,06881,中国银河,10742,7.690,82605.980,71439.30362360,0.86482
2026-09-08,14:44,06886,HTSC,4956,17.590,87176.040,75391.58291280,0.86482
2026-09-08,14:45,00165,中国光大控股,2174,6.510,14152.740,12239.57260680,0.86482
2026-09-08,14:45,00388,香港交易所,372,402.200,149618.400,129392.98468800,0.86482
2026-09-08,14:45,01359,中国信达,35009,0.915,32033.235,27702.98229270,0.86482
2026-09-08,14:45,01375,中州证券,5170,1.745,9021.650,7802.10335300,0.86482
2026-09-08,14:45,01456,国联民生,1914,3.890,7445.460,6438.98271720,0.86482
2026-09-08,14:45,01776,广发证券,4984,18.020,89811.680,77670.93709760,0.86482
2026-09-08,14:45,01788,国泰君安国际,12351,2.885,35632.635,30815.81540070,0.86482
2026-09-08,14:45,02611,国泰海通,8162,14.950,122021.900,105526.97955800,0.86482
2026-09-08,14:45,03908,中金公司,5540,20.040,111021.600,96013.70011200,0.86482
2026-09-08,14:45,03958,东方证券,4442,5.840,25941.280,22434.53776960,0.86482
2026-09-08,14:45,06030,中信证券,6975,25.940,180931.500,156473.17983000,0.86482
2026-09-08,14:45,06066,中信建投证券,3818,11.880,45357.840,39226.36718880,0.86482
2026-09-08,14:45,06099,招商证券,2205,15.000,33075.000,28603.92150000,0.86482
2026-09-08,14:45,06178,光大证券,2132,7.455,15894.060,13745.50096920,0.86482
2026-09-08,14:45,06806,申万宏源,7581,2.545,19293.645,16685.53006890,0.86482
2026-09-08,14:45,06881,中国银河,10742,7.695,82659.690,71485.75310580,0.86482
2026-09-08,14:45,06886,HTSC,4956,17.580,87126.480,75348.72243360,0.86482
2026-09-08,14:46,00165,中国光大控股,2174,6.510,14152.740,12239.57260680,0.86482
2026-09-08,14:46,00388,香港交易所,372,402.200,149618.400,129392.98468800,0.86482
2026-09-08,14:46,01359,中国信达,35009,0.915,32033.235,27702.98229270,0.86482
2026-09-08,14:46,01375,中州证券,5170,1.745,9021.650,7802.10335300,0.86482
2026-09-08,14:46,01456,国联民生,1914,3.890,7445.460,6438.98271720,0.86482
2026-09-08,14:46,01776,广发证券,4984,18.020,89811.680,77670.93709760,0.86482
2026-09-08,14:46,01788,国泰君安国际,12351,2.885,35632.635,30815.81540070,0.86482
2026-09-08,14:46,02611,国泰海通,8162,14.970,122185.140,105668.15277480,0.86482
2026-09-08,14:46,03908,中金公司,5540,20.060,111132.400,96109.52216800,0.86482
2026-09-08,14:46,03958,东方证券,4442,5.840,25941.280,22434.53776960,0.86482
2026-09-08,14:46,06030,中信证券,6975,25.940,180931.500,156473.17983000,0.86482
2026-09-08,14:46,06066,中信建投证券,3818,11.880,45357.840,39226.36718880,0.86482
2026-09-08,14:46,06099,招商证券,2205,15.000,33075.000,28603.92150000,0.86482
2026-09-08,14:46,06178,光大证券,2132,7.450,15883.400,13736.28198800,0.86482
2026-09-08,14:46,06806,申万宏源,7581,2.545,19293.645,16685.53006890,0.86482
2026-09-08,14:46,06881,中国银河,10742,7.690,82605.980,71439.30362360,0.86482
2026-09-08,14:46,06886,HTSC,4956,17.590,87176.040,75391.58291280,0.86482
2026-09-08,14:47,00165,中国光大控股,2174,6.510,14152.740,12239.57260680,0.86482
2026-09-08,14:47,00388,香港交易所,372,402.200,149618.400,129392.98468800,0.86482
2026-09-08,14:47,01359,中国信达,35009,0.915,32033.235,27702.98229270,0.86482
2026-09-08,14:47,01375,中州证券,5170,1.745,9021.650,7802.10335300,0.86482
2026-09-08,14:47,01456,国联民生,1914,3.890,7445.460,6438.98271720,0.86482
2026-09-08,14:47,01776,广发证券,4984,18.020,89811.680,77670.93709760,0.86482
2026-09-08,14:47,01788,国泰君安国际,12351,2.885,35632.635,30815.81540070,0.86482
2026-09-08,14:47,02611,国泰海通,8162,14.970,122185.140,105668.15277480,0.86482
2026-09-08,14:47,03908,中金公司,5540,20.080,111243.200,96205.34422400,0.86482
2026-09-08,14:47,03958,东方证券,4442,5.845,25963.490,22453.74542180,0.86482
2026-09-08,14:47,06030,中信证券,6975,25.940,180931.500,156473.17983000,0.86482
2026-09-08,14:47,06066,中信建投证券,3818,11.890,45396.020,39259.38601640,0.86482
2026-09-08,14:47,06099,招商证券,2205,15.000,33075.000,28603.92150000,0.86482
2026-09-08,14:47,06178,光大证券,2132,7.450,15883.400,13736.28198800,0.86482
2026-09-08,14:47,06806,申万宏源,7581,2.545,19293.645,16685.53006890,0.86482
2026-09-08,14:47,06881,中国银河,10742,7.690,82605.980,71439.30362360,0.86482
2026-09-08,14:47,06886,HTSC,4956,17.540,86928.240,75177.28051680,0.86482
2026-09-08,14:48,00165,中国光大控股,2174,6.500,14131.000,12220.77142000,0.86482
2026-09-08,14:48,00388,香港交易所,372,402.200,149618.400,129392.98468800,0.86482
2026-09-08,14:48,01359,中国信达,35009,0.910,31858.190,27551.59987580,0.86482
2026-09-08,14:48,01375,中州证券,5170,1.745,9021.650,7802.10335300,0.86482
2026-09-08,14:48,01456,国联民生,1914,3.890,7445.460,6438.98271720,0.86482
2026-09-08,14:48,01776,广发证券,4984,18.020,89811.680,77670.93709760,0.86482
2026-09-08,14:48,01788,国泰君安国际,12351,2.885,35632.635,30815.81540070,0.86482
2026-09-08,14:48,02611,国泰海通,8162,14.960,122103.520,105597.56616640,0.86482
2026-09-08,14:48,03908,中金公司,5540,20.060,111132.400,96109.52216800,0.86482
2026-09-08,14:48,03958,东方证券,4442,5.845,25963.490,22453.74542180,0.86482
2026-09-08,14:48,06030,中信证券,6975,25.920,180792.000,156352.53744000,0.86482
2026-09-08,14:48,06066,中信建投证券,3818,11.870,45319.660,39193.34836120,0.86482
2026-09-08,14:48,06099,招商证券,2205,15.000,33075.000,28603.92150000,0.86482
2026-09-08,14:48,06178,光大证券,2132,7.450,15883.400,13736.28198800,0.86482
2026-09-08,14:48,06806,申万宏源,7581,2.545,19293.645,16685.53006890,0.86482
2026-09-08,14:48,06881,中国银河,10742,7.700,82713.400,71532.20258800,0.86482
2026-09-08,14:48,06886,HTSC,4956,17.550,86977.800,75220.14099600,0.86482
2026-09-08,14:49,00165,中国光大控股,2174,6.515,14163.610,12248.97320020,0.86482
2026-09-08,14:49,00388,香港交易所,372,402.200,149618.400,129392.98468800,0.86482
2026-09-08,14:49,01359,中国信达,35009,0.915,32033.235,27702.98229270,0.86482
2026-09-08,14:49,01375,中州证券,5170,1.745,9021.650,7802.10335300,0.86482
2026-09-08,14:49,01456,国联民生,1914,3.890,7445.460,6438.98271720,0.86482
2026-09-08,14:49,01776,广发证券,4984,18.020,89811.680,77670.93709760,0.86482
2026-09-08,14:49,01788,国泰君安国际,12351,2.885,35632.635,30815.81540070,0.86482
2026-09-08,14:49,02611,国泰海通,8162,14.930,121858.660,105385.80634120,0.86482
2026-09-08,14:49,03908,中金公司,5540,20.060,111132.400,96109.52216800,0.86482
2026-09-08,14:49,03958,东方证券,4442,5.845,25963.490,22453.74542180,0.86482
2026-09-08,14:49,06030,中信证券,6975,25.900,180652.500,156231.89505000,0.86482
2026-09-08,14:49,06066,中信建投证券,3818,11.850,45243.300,39127.31070600,0.86482
2026-09-08,14:49,06099,招商证券,2205,15.000,33075.000,28603.92150000,0.86482
2026-09-08,14:49,06178,光大证券,2132,7.450,15883.400,13736.28198800,0.86482
2026-09-08,14:49,06806,申万宏源,7581,2.545,19293.645,16685.53006890,0.86482
2026-09-08,14:49,06881,中国银河,10742,7.700,82713.400,71532.20258800,0.86482
2026-09-08,14:49,06886,HTSC,4956,17.540,86928.240,75177.28051680,0.86482
2026-09-08,14:50,00165,中国光大控股,2174,6.515,14163.610,12248.97320020,0.86482
2026-09-08,14:50,00388,香港交易所,372,402.200,149618.400,129392.98468800,0.86482
2026-09-08,14:50,01359,中国信达,35009,0.915,32033.235,27702.98229270,0.86482
2026-09-08,14:50,01375,中州证券,5170,1.745,9021.650,7802.10335300,0.86482
2026-09-08,14:50,01456,国联民生,1914,3.890,7445.460,6438.98271720,0.86482
2026-09-08,14:50,01776,广发证券,4984,18.020,89811.680,77670.93709760,0.86482
2026-09-08,14:50,01788,国泰君安国际,12351,2.885,35632.635,30815.81540070,0.86482
2026-09-08,14:50,02611,国泰海通,8162,14.930,121858.660,105385.80634120,0.86482
2026-09-08,14:50,03908,中金公司,5540,20.080,111243.200,96205.34422400,0.86482
2026-09-08,14:50,03958,东方证券,4442,5.845,25963.490,22453.74542180,0.86482
2026-09-08,14:50,06030,中信证券,6975,25.920,180792.000,156352.53744000,0.86482
2026-09-08,14:50,06066,中信建投证券,3818,11.850,45243.300,39127.31070600,0.86482
2026-09-08,14:50,06099,招商证券,2205,15.000,33075.000,28603.92150000,0.86482
2026-09-08,14:50,06178,光大证券,2132,7.450,15883.400,13736.28198800,0.86482
2026-09-08,14:50,06806,申万宏源,7581,2.545,19293.645,16685.53006890,0.86482
2026-09-08,14:50,06881,中国银河,10742,7.695,82659.690,71485.75310580,0.86482
2026-09-08,14:50,06886,HTSC,4956,17.550,86977.800,75220.14099600,0.86482
2026-09-08,14:51,00165,中国光大控股,2174,6.500,14131.000,12220.77142000,0.86482
2026-09-08,14:51,00388,香港交易所,372,402.200,149618.400,129392.98468800,0.86482
2026-09-08,14:51,01359,中国信达,35009,0.915,32033.235,27702.98229270,0.86482
2026-09-08,14:51,01375,中州证券,5170,1.745,9021.650,7802.10335300,0.86482
2026-09-08,14:51,01456,国联民生,1914,3.890,7445.460,6438.98271720,0.86482
2026-09-08,14:51,01776,广发证券,4984,18.020,89811.680,77670.93709760,0.86482
2026-09-08,14:51,01788,国泰君安国际,12351,2.885,35632.635,30815.81540070,0.86482
2026-09-08,14:51,02611,国泰海通,8162,14.920,121777.040,105315.21973280,0.86482
2026-09-08,14:51,03908,中金公司,5540,20.060,111132.400,96109.52216800,0.86482
2026-09-08,14:51,03958,东方证券,4442,5.845,25963.490,22453.74542180,0.86482
2026-09-08,14:51,06030,中信证券,6975,25.880,180513.000,156111.25266000,0.86482
2026-09-08,14:51,06066,中信建投证券,3818,11.860,45281.480,39160.32953360,0.86482
2026-09-08,14:51,06099,招商证券,2205,15.000,33075.000,28603.92150000,0.86482
2026-09-08,14:51,06178,光大证券,2132,7.450,15883.400,13736.28198800,0.86482
2026-09-08,14:51,06806,申万宏源,7581,2.540,19255.740,16652.74906680,0.86482
2026-09-08,14:51,06881,中国银河,10742,7.695,82659.690,71485.75310580,0.86482
2026-09-08,14:51,06886,HTSC,4956,17.550,86977.800,75220.14099600,0.86482
2026-09-08,14:52,00165,中国光大控股,2174,6.500,14131.000,12220.77142000,0.86482
2026-09-08,14:52,00388,香港交易所,372,402.200,149618.400,129392.98468800,0.86482
2026-09-08,14:52,01359,中国信达,35009,0.915,32033.235,27702.98229270,0.86482
2026-09-08,14:52,01375,中州证券,5170,1.745,9021.650,7802.10335300,0.86482
2026-09-08,14:52,01456,国联民生,1914,3.890,7445.460,6438.98271720,0.86482
2026-09-08,14:52,01776,广发证券,4984,18.000,89712.000,77584.73184000,0.86482
2026-09-08,14:52,01788,国泰君安国际,12351,2.885,35632.635,30815.81540070,0.86482
2026-09-08,14:52,02611,国泰海通,8162,14.930,121858.660,105385.80634120,0.86482
2026-09-08,14:52,03908,中金公司,5540,20.060,111132.400,96109.52216800,0.86482
2026-09-08,14:52,03958,东方证券,4442,5.845,25963.490,22453.74542180,0.86482
2026-09-08,14:52,06030,中信证券,6975,25.880,180513.000,156111.25266000,0.86482
2026-09-08,14:52,06066,中信建投证券,3818,11.860,45281.480,39160.32953360,0.86482
2026-09-08,14:52,06099,招商证券,2205,14.990,33052.950,28584.85221900,0.86482
2026-09-08,14:52,06178,光大证券,2132,7.455,15894.060,13745.50096920,0.86482
2026-09-08,14:52,06806,申万宏源,7581,2.545,19293.645,16685.53006890,0.86482
2026-09-08,14:52,06881,中国银河,10742,7.695,82659.690,71485.75310580,0.86482
2026-09-08,14:52,06886,HTSC,4956,17.550,86977.800,75220.14099600,0.86482
2026-09-08,14:53,00165,中国光大控股,2174,6.485,14098.390,12192.56963980,0.86482
2026-09-08,14:53,00388,香港交易所,372,402.000,149544.000,129328.64208000,0.86482
2026-09-08,14:53,01359,中国信达,35009,0.915,32033.235,27702.98229270,0.86482
2026-09-08,14:53,01375,中州证券,5170,1.750,9047.500,7824.45895000,0.86482
2026-09-08,14:53,01456,国联民生,1914,3.890,7445.460,6438.98271720,0.86482
2026-09-08,14:53,01776,广发证券,4984,18.010,89761.840,77627.83446880,0.86482
2026-09-08,14:53,01788,国泰君安国际,12351,2.885,35632.635,30815.81540070,0.86482
2026-09-08,14:53,02611,国泰海通,8162,14.930,121858.660,105385.80634120,0.86482
2026-09-08,14:53,03908,中金公司,5540,20.080,111243.200,96205.34422400,0.86482
2026-09-08,14:53,03958,东方证券,4442,5.845,25963.490,22453.74542180,0.86482
2026-09-08,14:53,06030,中信证券,6975,25.880,180513.000,156111.25266000,0.86482
2026-09-08,14:53,06066,中信建投证券,3818,11.850,45243.300,39127.31070600,0.86482
2026-09-08,14:53,06099,招商证券,2205,14.980,33030.900,28565.78293800,0.86482
2026-09-08,14:53,06178,光大证券,2132,7.460,15904.720,13754.71995040,0.86482
2026-09-08,14:53,06806,申万宏源,7581,2.545,19293.645,16685.53006890,0.86482
2026-09-08,14:53,06881,中国银河,10742,7.695,82659.690,71485.75310580,0.86482
2026-09-08,14:53,06886,HTSC,4956,17.550,86977.800,75220.14099600,0.86482
2026-09-08,14:54,00165,中国光大控股,2174,6.495,14120.130,12211.37082660,0.86482
2026-09-08,14:54,00388,香港交易所,372,402.400,149692.800,129457.32729600,0.86482
2026-09-08,14:54,01359,中国信达,35009,0.915,32033.235,27702.98229270,0.86482
2026-09-08,14:54,01375,中州证券,5170,1.750,9047.500,7824.45895000,0.86482
2026-09-08,14:54,01456,国联民生,1914,3.890,7445.460,6438.98271720,0.86482
2026-09-08,14:54,01776,广发证券,4984,18.000,89712.000,77584.73184000,0.86482
2026-09-08,14:54,01788,国泰君安国际,12351,2.885,35632.635,30815.81540070,0.86482
2026-09-08,14:54,02611,国泰海通,8162,14.960,122103.520,105597.56616640,0.86482
2026-09-08,14:54,03908,中金公司,5540,20.080,111243.200,96205.34422400,0.86482
2026-09-08,14:54,03958,东方证券,4442,5.830,25896.860,22396.12246520,0.86482
2026-09-08,14:54,06030,中信证券,6975,25.900,180652.500,156231.89505000,0.86482
2026-09-08,14:54,06066,中信建投证券,3818,11.860,45281.480,39160.32953360,0.86482
2026-09-08,14:54,06099,招商证券,2205,15.010,33097.050,28622.99078100,0.86482
2026-09-08,14:54,06178,光大证券,2132,7.460,15904.720,13754.71995040,0.86482
2026-09-08,14:54,06806,申万宏源,7581,2.545,19293.645,16685.53006890,0.86482
2026-09-08,14:54,06881,中国银河,10742,7.700,82713.400,71532.20258800,0.86482
2026-09-08,14:54,06886,HTSC,4956,17.550,86977.800,75220.14099600,0.86482
2026-09-08,14:55,00165,中国光大控股,2174,6.495,14120.130,12211.37082660,0.86482
2026-09-08,14:55,00388,香港交易所,372,402.600,149767.200,129521.66990400,0.86482
2026-09-08,14:55,01359,中国信达,35009,0.915,32033.235,27702.98229270,0.86482
2026-09-08,14:55,01375,中州证券,5170,1.750,9047.500,7824.45895000,0.86482
2026-09-08,14:55,01456,国联民生,1914,3.890,7445.460,6438.98271720,0.86482
2026-09-08,14:55,01776,广发证券,4984,18.000,89712.000,77584.73184000,0.86482
2026-09-08,14:55,01788,国泰君安国际,12351,2.885,35632.635,30815.81540070,0.86482
2026-09-08,14:55,02611,国泰海通,8162,14.970,122185.140,105668.15277480,0.86482
2026-09-08,14:55,03908,中金公司,5540,19.980,110689.200,95726.23394400,0.86482
2026-09-08,14:55,03958,东方证券,4442,5.830,25896.860,22396.12246520,0.86482
2026-09-08,14:55,06030,中信证券,6975,25.900,180652.500,156231.89505000,0.86482
2026-09-08,14:55,06066,中信建投证券,3818,11.860,45281.480,39160.32953360,0.86482
2026-09-08,14:55,06099,招商证券,2205,15.050,33185.250,28699.26790500,0.86482
2026-09-08,14:55,06178,光大证券,2132,7.460,15904.720,13754.71995040,0.86482
2026-09-08,14:55,06806,申万宏源,7581,2.545,19293.645,16685.53006890,0.86482
2026-09-08,14:55,06881,中国银河,10742,7.700,82713.400,71532.20258800,0.86482
2026-09-08,14:55,06886,HTSC,4956,17.550,86977.800,75220.14099600,0.86482
2026-09-08,14:56,00165,中国光大控股,2174,6.510,14152.740,12239.57260680,0.86482
2026-09-08,14:56,00388,香港交易所,372,402.600,149767.200,129521.66990400,0.86482
2026-09-08,14:56,01359,中国信达,35009,0.915,32033.235,27702.98229270,0.86482
2026-09-08,14:56,01375,中州证券,5170,1.750,9047.500,7824.45895000,0.86482
2026-09-08,14:56,01456,国联民生,1914,3.890,7445.460,6438.98271720,0.86482
2026-09-08,14:56,01776,广发证券,4984,17.990,89662.160,77541.62921120,0.86482
2026-09-08,14:56,01788,国泰君安国际,12351,2.885,35632.635,30815.81540070,0.86482
2026-09-08,14:56,02611,国泰海通,8162,14.930,121858.660,105385.80634120,0.86482
2026-09-08,14:56,03908,中金公司,5540,19.930,110412.200,95486.67880400,0.86482
2026-09-08,14:56,03958,东方证券,4442,5.840,25941.280,22434.53776960,0.86482
2026-09-08,14:56,06030,中信证券,6975,25.900,180652.500,156231.89505000,0.86482
2026-09-08,14:56,06066,中信建投证券,3818,11.860,45281.480,39160.32953360,0.86482
2026-09-08,14:56,06099,招商证券,2205,14.990,33052.950,28584.85221900,0.86482
2026-09-08,14:56,06178,光大证券,2132,7.460,15904.720,13754.71995040,0.86482
2026-09-08,14:56,06806,申万宏源,7581,2.545,19293.645,16685.53006890,0.86482
2026-09-08,14:56,06881,中国银河,10742,7.690,82605.980,71439.30362360,0.86482
2026-09-08,14:56,06886,HTSC,4956,17.550,86977.800,75220.14099600,0.86482
2026-09-08,14:57,00165,中国光大控股,2174,6.510,14152.740,12239.57260680,0.86482
2026-09-08,14:57,00388,香港交易所,372,402.600,149767.200,129521.66990400,0.86482
2026-09-08,14:57,01359,中国信达,35009,0.915,32033.235,27702.98229270,0.86482
2026-09-08,14:57,01375,中州证券,5170,1.750,9047.500,7824.45895000,0.86482
2026-09-08,14:57,01456,国联民生,1914,3.890,7445.460,6438.98271720,0.86482
2026-09-08,14:57,01776,广发证券,4984,18.010,89761.840,77627.83446880,0.86482
2026-09-08,14:57,01788,国泰君安国际,12351,2.885,35632.635,30815.81540070,0.86482
2026-09-08,14:57,02611,国泰海通,8162,14.930,121858.660,105385.80634120,0.86482
2026-09-08,14:57,03908,中金公司,5540,19.930,110412.200,95486.67880400,0.86482
2026-09-08,14:57,03958,东方证券,4442,5.845,25963.490,22453.74542180,0.86482
2026-09-08,14:57,06030,中信证券,6975,25.900,180652.500,156231.89505000,0.86482
2026-09-08,14:57,06066,中信建投证券,3818,11.870,45319.660,39193.34836120,0.86482
2026-09-08,14:57,06099,招商证券,2205,15.020,33119.100,28642.06006200,0.86482
2026-09-08,14:57,06178,光大证券,2132,7.460,15904.720,13754.71995040,0.86482
2026-09-08,14:57,06806,申万宏源,7581,2.545,19293.645,16685.53006890,0.86482
2026-09-08,14:57,06881,中国银河,10742,7.695,82659.690,71485.75310580,0.86482
2026-09-08,14:57,06886,HTSC,4956,17.540,86928.240,75177.28051680,0.86482
2026-09-08,14:58,00165,中国光大控股,2174,6.515,14163.610,12248.97320020,0.86482
2026-09-08,14:58,00388,香港交易所,372,402.600,149767.200,129521.66990400,0.86482
2026-09-08,14:58,01359,中国信达,35009,0.915,32033.235,27702.98229270,0.86482
2026-09-08,14:58,01375,中州证券,5170,1.750,9047.500,7824.45895000,0.86482
2026-09-08,14:58,01456,国联民生,1914,3.890,7445.460,6438.98271720,0.86482
2026-09-08,14:58,01776,广发证券,4984,18.010,89761.840,77627.83446880,0.86482
2026-09-08,14:58,01788,国泰君安国际,12351,2.885,35632.635,30815.81540070,0.86482
2026-09-08,14:58,02611,国泰海通,8162,14.930,121858.660,105385.80634120,0.86482
2026-09-08,14:58,03908,中金公司,5540,19.930,110412.200,95486.67880400,0.86482
2026-09-08,14:58,03958,东方证券,4442,5.845,25963.490,22453.74542180,0.86482
2026-09-08,14:58,06030,中信证券,6975,25.900,180652.500,156231.89505000,0.86482
2026-09-08,14:58,06066,中信建投证券,3818,11.870,45319.660,39193.34836120,0.86482
2026-09-08,14:58,06099,招商证券,2205,15.020,33119.100,28642.06006200,0.86482
2026-09-08,14:58,06178,光大证券,2132,7.460,15904.720,13754.71995040,0.86482
2026-09-08,14:58,06806,申万宏源,7581,2.545,19293.645,16685.53006890,0.86482
2026-09-08,14:58,06881,中国银河,10742,7.700,82713.400,71532.20258800,0.86482
2026-09-08,14:58,06886,HTSC,4956,17.540,86928.240,75177.28051680,0.86482
2026-09-08,14:59,00165,中国光大控股,2174,6.515,14163.610,12248.97320020,0.86482
2026-09-08,14:59,00388,香港交易所,372,402.200,149618.400,129392.98468800,0.86482
2026-09-08,14:59,01359,中国信达,35009,0.915,32033.235,27702.98229270,0.86482
2026-09-08,14:59,01375,中州证券,5170,1.750,9047.500,7824.45895000,0.86482
2026-09-08,14:59,01456,国联民生,1914,3.890,7445.460,6438.98271720,0.86482
2026-09-08,14:59,01776,广发证券,4984,18.010,89761.840,77627.83446880,0.86482
2026-09-08,14:59,01788,国泰君安国际,12351,2.885,35632.635,30815.81540070,0.86482
2026-09-08,14:59,02611,国泰海通,8162,14.940,121940.280,105456.39294960,0.86482
2026-09-08,14:59,03908,中金公司,5540,19.930,110412.200,95486.67880400,0.86482
2026-09-08,14:59,03958,东方证券,4442,5.845,25963.490,22453.74542180,0.86482
2026-09-08,14:59,06030,中信证券,6975,25.860,180373.500,155990.61027000,0.86482
2026-09-08,14:59,06066,中信建投证券,3818,11.870,45319.660,39193.34836120,0.86482
2026-09-08,14:59,06099,招商证券,2205,15.030,33141.150,28661.12934300,0.86482
2026-09-08,14:59,06178,光大证券,2132,7.455,15894.060,13745.50096920,0.86482
2026-09-08,14:59,06806,申万宏源,7581,2.545,19293.645,16685.53006890,0.86482
2026-09-08,14:59,06881,中国银河,10742,7.690,82605.980,71439.30362360,0.86482
2026-09-08,14:59,06886,HTSC,4956,17.540,86928.240,75177.28051680,0.86482
2026-09-08,15:00,00165,中国光大控股,2174,6.495,14120.130,12211.37082660,0.86482
2026-09-08,15:00,00388,香港交易所,372,402.200,149618.400,129392.98468800,0.86482
2026-09-08,15:00,01359,中国信达,35009,0.915,32033.235,27702.98229270,0.86482
2026-09-08,15:00,01375,中州证券,5170,1.750,9047.500,7824.45895000,0.86482
2026-09-08,15:00,01456,国联民生,1914,3.890,7445.460,6438.98271720,0.86482
2026-09-08,15:00,01776,广发证券,4984,18.020,89811.680,77670.93709760,0.86482
2026-09-08,15:00,01788,国泰君安国际,12351,2.885,35632.635,30815.81540070,0.86482
2026-09-08,15:00,02611,国泰海通,8162,14.940,121940.280,105456.39294960,0.86482
2026-09-08,15:00,03908,中金公司,5540,19.930,110412.200,95486.67880400,0.86482
2026-09-08,15:00,03958,东方证券,4442,5.825,25874.650,22376.91481300,0.86482
2026-09-08,15:00,06030,中信证券,6975,25.860,180373.500,155990.61027000,0.86482
2026-09-08,15:00,06066,中信建投证券,3818,11.870,45319.660,39193.34836120,0.86482
2026-09-08,15:00,06099,招商证券,2205,15.030,33141.150,28661.12934300,0.86482
2026-09-08,15:00,06178,光大证券,2132,7.455,15894.060,13745.50096920,0.86482
2026-09-08,15:00,06806,申万宏源,7581,2.545,19293.645,16685.53006890,0.86482
2026-09-08,15:00,06881,中国银河,10742,7.695,82659.690,71485.75310580,0.86482
2026-09-08,15:00,06886,HTSC,4956,17.540,86928.240,75177.28051680,0.86482
2026-09-08,15:01,00165,中国光大控股,2174,6.495,14120.130,12211.37082660,0.86482
2026-09-08,15:01,00388,香港交易所,372,402.400,149692.800,129457.32729600,0.86482
2026-09-08,15:01,01359,中国信达,35009,0.915,32033.235,27702.98229270,0.86482
2026-09-08,15:01,01375,中州证券,5170,1.750,9047.500,7824.45895000,0.86482
2026-09-08,15:01,01456,国联民生,1914,3.890,7445.460,6438.98271720,0.86482
2026-09-08,15:01,01776,广发证券,4984,17.980,89612.320,77498.52658240,0.86482
2026-09-08,15:01,01788,国泰君安国际,12351,2.885,35632.635,30815.81540070,0.86482
2026-09-08,15:01,02611,国泰海通,8162,14.940,121940.280,105456.39294960,0.86482
2026-09-08,15:01,03908,中金公司,5540,19.930,110412.200,95486.67880400,0.86482
2026-09-08,15:01,03958,东方证券,4442,5.825,25874.650,22376.91481300,0.86482
2026-09-08,15:01,06030,中信证券,6975,25.840,180234.000,155869.96788000,0.86482
2026-09-08,15:01,06066,中信建投证券,3818,11.850,45243.300,39127.31070600,0.86482
2026-09-08,15:01,06099,招商证券,2205,15.040,33163.200,28680.19862400,0.86482
2026-09-08,15:01,06178,光大证券,2132,7.455,15894.060,13745.50096920,0.86482
2026-09-08,15:01,06806,申万宏源,7581,2.545,19293.645,16685.53006890,0.86482
2026-09-08,15:01,06881,中国银河,10742,7.685,82552.270,71392.85414140,0.86482
2026-09-08,15:01,06886,HTSC,4956,17.540,86928.240,75177.28051680,0.86482
2026-09-08,15:02,00165,中国光大控股,2174,6.495,14120.130,12211.37082660,0.86482
2026-09-08,15:02,00388,香港交易所,372,402.000,149544.000,129328.64208000,0.86482
2026-09-08,15:02,01359,中国信达,35009,0.915,32033.235,27702.98229270,0.86482
2026-09-08,15:02,01375,中州证券,5170,1.750,9047.500,7824.45895000,0.86482
2026-09-08,15:02,01456,国联民生,1914,3.890,7445.460,6438.98271720,0.86482
2026-09-08,15:02,01776,广发证券,4984,17.940,89412.960,77326.11606720,0.86482
2026-09-08,15:02,01788,国泰君安国际,12351,2.885,35632.635,30815.81540070,0.86482
2026-09-08,15:02,02611,国泰海通,8162,14.880,121450.560,105032.87329920,0.86482
2026-09-08,15:02,03908,中金公司,5540,19.930,110412.200,95486.67880400,0.86482
2026-09-08,15:02,03958,东方证券,4442,5.815,25830.230,22338.49950860,0.86482
2026-09-08,15:02,06030,中信证券,6975,25.840,180234.000,155869.96788000,0.86482
2026-09-08,15:02,06066,中信建投证券,3818,11.850,45243.300,39127.31070600,0.86482
2026-09-08,15:02,06099,招商证券,2205,15.040,33163.200,28680.19862400,0.86482
2026-09-08,15:02,06178,光大证券,2132,7.455,15894.060,13745.50096920,0.86482
2026-09-08,15:02,06806,申万宏源,7581,2.545,19293.645,16685.53006890,0.86482
2026-09-08,15:02,06881,中国银河,10742,7.685,82552.270,71392.85414140,0.86482
2026-09-08,15:02,06886,HTSC,4956,17.530,86878.680,75134.42003760,0.86482
2026-09-08,15:03,00165,中国光大控股,2174,6.495,14120.130,12211.37082660,0.86482
2026-09-08,15:03,00388,香港交易所,372,402.200,149618.400,129392.98468800,0.86482
2026-09-08,15:03,01359,中国信达,35009,0.915,32033.235,27702.98229270,0.86482
2026-09-08,15:03,01375,中州证券,5170,1.750,9047.500,7824.45895000,0.86482
2026-09-08,15:03,01456,国联民生,1914,3.890,7445.460,6438.98271720,0.86482
2026-09-08,15:03,01776,广发证券,4984,17.940,89412.960,77326.11606720,0.86482
2026-09-08,15:03,01788,国泰君安国际,12351,2.885,35632.635,30815.81540070,0.86482
2026-09-08,15:03,02611,国泰海通,8162,14.870,121368.940,104962.28669080,0.86482
2026-09-08,15:03,03908,中金公司,5540,19.880,110135.200,95247.12366400,0.86482
2026-09-08,15:03,03958,东方证券,4442,5.815,25830.230,22338.49950860,0.86482
2026-09-08,15:03,06030,中信证券,6975,25.860,180373.500,155990.61027000,0.86482
2026-09-08,15:03,06066,中信建投证券,3818,11.840,45205.120,39094.29187840,0.86482
2026-09-08,15:03,06099,招商证券,2205,14.970,33008.850,28546.71365700,0.86482
2026-09-08,15:03,06178,光大证券,2132,7.450,15883.400,13736.28198800,0.86482
2026-09-08,15:03,06806,申万宏源,7581,2.545,19293.645,16685.53006890,0.86482
2026-09-08,15:03,06881,中国银河,10742,7.680,82498.560,71346.40465920,0.86482
2026-09-08,15:03,06886,HTSC,4956,17.530,86878.680,75134.42003760,0.86482
2026-09-08,15:04,00165,中国光大控股,2174,6.495,14120.130,12211.37082660,0.86482
2026-09-08,15:04,00388,香港交易所,372,402.000,149544.000,129328.64208000,0.86482
2026-09-08,15:04,01359,中国信达,35009,0.915,32033.235,27702.98229270,0.86482
2026-09-08,15:04,01375,中州证券,5170,1.740,8995.800,7779.74775600,0.86482
2026-09-08,15:04,01456,国联民生,1914,3.890,7445.460,6438.98271720,0.86482
2026-09-08,15:04,01776,广发证券,4984,17.970,89562.480,77455.42395360,0.86482
2026-09-08,15:04,01788,国泰君安国际,12351,2.880,35570.880,30762.40844160,0.86482
2026-09-08,15:04,02611,国泰海通,8162,14.870,121368.940,104962.28669080,0.86482
2026-09-08,15:04,03908,中金公司,5540,19.880,110135.200,95247.12366400,0.86482
2026-09-08,15:04,03958,东方证券,4442,5.815,25830.230,22338.49950860,0.86482
2026-09-08,15:04,06030,中信证券,6975,25.860,180373.500,155990.61027000,0.86482
2026-09-08,15:04,06066,中信建投证券,3818,11.840,45205.120,39094.29187840,0.86482
2026-09-08,15:04,06099,招商证券,2205,14.960,32986.800,28527.64437600,0.86482
2026-09-08,15:04,06178,光大证券,2132,7.450,15883.400,13736.28198800,0.86482
2026-09-08,15:04,06806,申万宏源,7581,2.540,19255.740,16652.74906680,0.86482
2026-09-08,15:04,06881,中国银河,10742,7.680,82498.560,71346.40465920,0.86482
2026-09-08,15:04,06886,HTSC,4956,17.540,86928.240,75177.28051680,0.86482
2026-09-08,15:05,00165,中国光大控股,2174,6.495,14120.130,12211.37082660,0.86482
2026-09-08,15:05,00388,香港交易所,372,402.000,149544.000,129328.64208000,0.86482
2026-09-08,15:05,01359,中国信达,35009,0.915,32033.235,27702.98229270,0.86482
2026-09-08,15:05,01375,中州证券,5170,1.740,8995.800,7779.74775600,0.86482
2026-09-08,15:05,01456,国联民生,1914,3.890,7445.460,6438.98271720,0.86482
2026-09-08,15:05,01776,广发证券,4984,17.930,89363.120,77283.01343840,0.86482
2026-09-08,15:05,01788,国泰君安国际,12351,2.885,35632.635,30815.81540070,0.86482
2026-09-08,15:05,02611,国泰海通,8162,14.900,121613.800,105174.04651600,0.86482
2026-09-08,15:05,03908,中金公司,5540,19.880,110135.200,95247.12366400,0.86482
2026-09-08,15:05,03958,东方证券,4442,5.815,25830.230,22338.49950860,0.86482
2026-09-08,15:05,06030,中信证券,6975,25.860,180373.500,155990.61027000,0.86482
2026-09-08,15:05,06066,中信建投证券,3818,11.840,45205.120,39094.29187840,0.86482
2026-09-08,15:05,06099,招商证券,2205,14.980,33030.900,28565.78293800,0.86482
2026-09-08,15:05,06178,光大证券,2132,7.445,15872.740,13727.06300680,0.86482
2026-09-08,15:05,06806,申万宏源,7581,2.540,19255.740,16652.74906680,0.86482
2026-09-08,15:05,06881,中国银河,10742,7.685,82552.270,71392.85414140,0.86482
2026-09-08,15:05,06886,HTSC,4956,17.540,86928.240,75177.28051680,0.86482
2026-09-08,15:06,00165,中国光大控股,2174,6.495,14120.130,12211.37082660,0.86482
2026-09-08,15:06,00388,香港交易所,372,402.200,149618.400,129392.98468800,0.86482
2026-09-08,15:06,01359,中国信达,35009,0.915,32033.235,27702.98229270,0.86482
2026-09-08,15:06,01375,中州证券,5170,1.740,8995.800,7779.74775600,0.86482
2026-09-08,15:06,01456,国联民生,1914,3.885,7435.890,6430.70638980,0.86482
2026-09-08,15:06,01776,广发证券,4984,17.930,89363.120,77283.01343840,0.86482
2026-09-08,15:06,01788,国泰君安国际,12351,2.885,35632.635,30815.81540070,0.86482
2026-09-08,15:06,02611,国泰海通,8162,14.890,121532.180,105103.45990760,0.86482
2026-09-08,15:06,03908,中金公司,5540,19.890,110190.600,95295.03469200,0.86482
2026-09-08,15:06,03958,东方证券,4442,5.820,25852.440,22357.70716080,0.86482
2026-09-08,15:06,06030,中信证券,6975,25.880,180513.000,156111.25266000,0.86482
2026-09-08,15:06,06066,中信建投证券,3818,11.840,45205.120,39094.29187840,0.86482
2026-09-08,15:06,06099,招商证券,2205,14.960,32986.800,28527.64437600,0.86482
2026-09-08,15:06,06178,光大证券,2132,7.445,15872.740,13727.06300680,0.86482
2026-09-08,15:06,06806,申万宏源,7581,2.540,19255.740,16652.74906680,0.86482
2026-09-08,15:06,06881,中国银河,10742,7.685,82552.270,71392.85414140,0.86482
2026-09-08,15:06,06886,HTSC,4956,17.530,86878.680,75134.42003760,0.86482
2026-09-08,15:07,00165,中国光大控股,2174,6.495,14120.130,12211.37082660,0.86482
2026-09-08,15:07,00388,香港交易所,372,402.200,149618.400,129392.98468800,0.86482
2026-09-08,15:07,01359,中国信达,35009,0.915,32033.235,27702.98229270,0.86482
2026-09-08,15:07,01375,中州证券,5170,1.740,8995.800,7779.74775600,0.86482
2026-09-08,15:07,01456,国联民生,1914,3.885,7435.890,6430.70638980,0.86482
2026-09-08,15:07,01776,广发证券,4984,17.930,89363.120,77283.01343840,0.86482
2026-09-08,15:07,01788,国泰君安国际,12351,2.885,35632.635,30815.81540070,0.86482
2026-09-08,15:07,02611,国泰海通,8162,14.910,121695.420,105244.63312440,0.86482
2026-09-08,15:07,03908,中金公司,5540,19.890,110190.600,95295.03469200,0.86482
2026-09-08,15:07,03958,东方证券,4442,5.815,25830.230,22338.49950860,0.86482
2026-09-08,15:07,06030,中信证券,6975,25.860,180373.500,155990.61027000,0.86482
2026-09-08,15:07,06066,中信建投证券,3818,11.840,45205.120,39094.29187840,0.86482
2026-09-08,15:07,06099,招商证券,2205,14.960,32986.800,28527.64437600,0.86482
2026-09-08,15:07,06178,光大证券,2132,7.445,15872.740,13727.06300680,0.86482
2026-09-08,15:07,06806,申万宏源,7581,2.545,19293.645,16685.53006890,0.86482
2026-09-08,15:07,06881,中国银河,10742,7.685,82552.270,71392.85414140,0.86482
2026-09-08,15:07,06886,HTSC,4956,17.530,86878.680,75134.42003760,0.86482
2026-09-08,15:08,00165,中国光大控股,2174,6.495,14120.130,12211.37082660,0.86482
2026-09-08,15:08,00388,香港交易所,372,402.000,149544.000,129328.64208000,0.86482
2026-09-08,15:08,01359,中国信达,35009,0.915,32033.235,27702.98229270,0.86482
2026-09-08,15:08,01375,中州证券,5170,1.740,8995.800,7779.74775600,0.86482
2026-09-08,15:08,01456,国联民生,1914,3.885,7435.890,6430.70638980,0.86482
2026-09-08,15:08,01776,广发证券,4984,17.930,89363.120,77283.01343840,0.86482
2026-09-08,15:08,01788,国泰君安国际,12351,2.885,35632.635,30815.81540070,0.86482
2026-09-08,15:08,02611,国泰海通,8162,14.910,121695.420,105244.63312440,0.86482
2026-09-08,15:08,03908,中金公司,5540,19.890,110190.600,95295.03469200,0.86482
2026-09-08,15:08,03958,东方证券,4442,5.820,25852.440,22357.70716080,0.86482
2026-09-08,15:08,06030,中信证券,6975,25.860,180373.500,155990.61027000,0.86482
2026-09-08,15:08,06066,中信建投证券,3818,11.840,45205.120,39094.29187840,0.86482
2026-09-08,15:08,06099,招商证券,2205,14.980,33030.900,28565.78293800,0.86482
2026-09-08,15:08,06178,光大证券,2132,7.445,15872.740,13727.06300680,0.86482
2026-09-08,15:08,06806,申万宏源,7581,2.540,19255.740,16652.74906680,0.86482
2026-09-08,15:08,06881,中国银河,10742,7.680,82498.560,71346.40465920,0.86482
2026-09-08,15:08,06886,HTSC,4956,17.530,86878.680,75134.42003760,0.86482
2026-09-08,15:09,00165,中国光大控股,2174,6.495,14120.130,12211.37082660,0.86482
2026-09-08,15:09,00388,香港交易所,372,402.000,149544.000,129328.64208000,0.86482
2026-09-08,15:09,01359,中国信达,35009,0.915,32033.235,27702.98229270,0.86482
2026-09-08,15:09,01375,中州证券,5170,1.740,8995.800,7779.74775600,0.86482
2026-09-08,15:09,01456,国联民生,1914,3.885,7435.890,6430.70638980,0.86482
2026-09-08,15:09,01776,广发证券,4984,17.950,89462.800,77369.21869600,0.86482
2026-09-08,15:09,01788,国泰君安国际,12351,2.885,35632.635,30815.81540070,0.86482
2026-09-08,15:09,02611,国泰海通,8162,14.910,121695.420,105244.63312440,0.86482
2026-09-08,15:09,03908,中金公司,5540,19.890,110190.600,95295.03469200,0.86482
2026-09-08,15:09,03958,东方证券,4442,5.830,25896.860,22396.12246520,0.86482
2026-09-08,15:09,06030,中信证券,6975,25.840,180234.000,155869.96788000,0.86482
2026-09-08,15:09,06066,中信建投证券,3818,11.820,45128.760,39028.25422320,0.86482
2026-09-08,15:09,06099,招商证券,2205,15.000,33075.000,28603.92150000,0.86482
2026-09-08,15:09,06178,光大证券,2132,7.445,15872.740,13727.06300680,0.86482
2026-09-08,15:09,06806,申万宏源,7581,2.540,19255.740,16652.74906680,0.86482
2026-09-08,15:09,06881,中国银河,10742,7.680,82498.560,71346.40465920,0.86482
2026-09-08,15:09,06886,HTSC,4956,17.530,86878.680,75134.42003760,0.86482
2026-09-08,15:10,00165,中国光大控股,2174,6.490,14109.260,12201.97023320,0.86482
2026-09-08,15:10,00388,香港交易所,372,402.200,149618.400,129392.98468800,0.86482
2026-09-08,15:10,01359,中国信达,35009,0.915,32033.235,27702.98229270,0.86482
2026-09-08,15:10,01375,中州证券,5170,1.740,8995.800,7779.74775600,0.86482
2026-09-08,15:10,01456,国联民生,1914,3.885,7435.890,6430.70638980,0.86482
2026-09-08,15:10,01776,广发证券,4984,17.950,89462.800,77369.21869600,0.86482
2026-09-08,15:10,01788,国泰君安国际,12351,2.885,35632.635,30815.81540070,0.86482
2026-09-08,15:10,02611,国泰海通,8162,14.920,121777.040,105315.21973280,0.86482
2026-09-08,15:10,03908,中金公司,5540,19.890,110190.600,95295.03469200,0.86482
2026-09-08,15:10,03958,东方证券,4442,5.810,25808.020,22319.29185640,0.86482
2026-09-08,15:10,06030,中信证券,6975,25.880,180513.000,156111.25266000,0.86482
2026-09-08,15:10,06066,中信建投证券,3818,11.840,45205.120,39094.29187840,0.86482
2026-09-08,15:10,06099,招商证券,2205,15.010,33097.050,28622.99078100,0.86482
2026-09-08,15:10,06178,光大证券,2132,7.445,15872.740,13727.06300680,0.86482
2026-09-08,15:10,06806,申万宏源,7581,2.540,19255.740,16652.74906680,0.86482
2026-09-08,15:10,06881,中国银河,10742,7.675,82444.850,71299.95517700,0.86482
2026-09-08,15:10,06886,HTSC,4956,17.530,86878.680,75134.42003760,0.86482
2026-09-08,15:11,00165,中国光大控股,2174,6.490,14109.260,12201.97023320,0.86482
2026-09-08,15:11,00388,香港交易所,372,402.200,149618.400,129392.98468800,0.86482
2026-09-08,15:11,01359,中国信达,35009,0.915,32033.235,27702.98229270,0.86482
2026-09-08,15:11,01375,中州证券,5170,1.740,8995.800,7779.74775600,0.86482
2026-09-08,15:11,01456,国联民生,1914,3.885,7435.890,6430.70638980,0.86482
2026-09-08,15:11,01776,广发证券,4984,17.940,89412.960,77326.11606720,0.86482
2026-09-08,15:11,01788,国泰君安国际,12351,2.885,35632.635,30815.81540070,0.86482
2026-09-08,15:11,02611,国泰海通,8162,14.920,121777.040,105315.21973280,0.86482
2026-09-08,15:11,03908,中金公司,5540,19.880,110135.200,95247.12366400,0.86482
2026-09-08,15:11,03958,东方证券,4442,5.810,25808.020,22319.29185640,0.86482
2026-09-08,15:11,06030,中信证券,6975,25.880,180513.000,156111.25266000,0.86482
2026-09-08,15:11,06066,中信建投证券,3818,11.840,45205.120,39094.29187840,0.86482
2026-09-08,15:11,06099,招商证券,2205,15.010,33097.050,28622.99078100,0.86482
2026-09-08,15:11,06178,光大证券,2132,7.450,15883.400,13736.28198800,0.86482
2026-09-08,15:11,06806,申万宏源,7581,2.540,19255.740,16652.74906680,0.86482
2026-09-08,15:11,06881,中国银河,10742,7.675,82444.850,71299.95517700,0.86482
2026-09-08,15:11,06886,HTSC,4956,17.530,86878.680,75134.42003760,0.86482
2026-09-08,15:12,00165,中国光大控股,2174,6.490,14109.260,12201.97023320,0.86482
2026-09-08,15:12,00388,香港交易所,372,402.200,149618.400,129392.98468800,0.86482
2026-09-08,15:12,01359,中国信达,35009,0.915,32033.235,27702.98229270,0.86482
2026-09-08,15:12,01375,中州证券,5170,1.740,8995.800,7779.74775600,0.86482
2026-09-08,15:12,01456,国联民生,1914,3.885,7435.890,6430.70638980,0.86482
2026-09-08,15:12,01776,广发证券,4984,17.940,89412.960,77326.11606720,0.86482
2026-09-08,15:12,01788,国泰君安国际,12351,2.885,35632.635,30815.81540070,0.86482
2026-09-08,15:12,02611,国泰海通,8162,14.900,121613.800,105174.04651600,0.86482
2026-09-08,15:12,03908,中金公司,5540,19.890,110190.600,95295.03469200,0.86482
2026-09-08,15:12,03958,东方证券,4442,5.810,25808.020,22319.29185640,0.86482
2026-09-08,15:12,06030,中信证券,6975,25.820,180094.500,155749.32549000,0.86482
2026-09-08,15:12,06066,中信建投证券,3818,11.840,45205.120,39094.29187840,0.86482
2026-09-08,15:12,06099,招商证券,2205,15.010,33097.050,28622.99078100,0.86482
2026-09-08,15:12,06178,光大证券,2132,7.445,15872.740,13727.06300680,0.86482
2026-09-08,15:12,06806,申万宏源,7581,2.540,19255.740,16652.74906680,0.86482
2026-09-08,15:12,06881,中国银河,10742,7.675,82444.850,71299.95517700,0.86482
2026-09-08,15:12,06886,HTSC,4956,17.530,86878.680,75134.42003760,0.86482
2026-09-08,15:13,00165,中国光大控股,2174,6.490,14109.260,12201.97023320,0.86482
2026-09-08,15:13,00388,香港交易所,372,402.200,149618.400,129392.98468800,0.86482
2026-09-08,15:13,01359,中国信达,35009,0.915,32033.235,27702.98229270,0.86482
2026-09-08,15:13,01375,中州证券,5170,1.740,8995.800,7779.74775600,0.86482
2026-09-08,15:13,01456,国联民生,1914,3.885,7435.890,6430.70638980,0.86482
2026-09-08,15:13,01776,广发证券,4984,17.950,89462.800,77369.21869600,0.86482
2026-09-08,15:13,01788,国泰君安国际,12351,2.885,35632.635,30815.81540070,0.86482
2026-09-08,15:13,02611,国泰海通,8162,14.900,121613.800,105174.04651600,0.86482
2026-09-08,15:13,03908,中金公司,5540,19.880,110135.200,95247.12366400,0.86482
2026-09-08,15:13,03958,东方证券,4442,5.810,25808.020,22319.29185640,0.86482
2026-09-08,15:13,06030,中信证券,6975,25.800,179955.000,155628.68310000,0.86482
2026-09-08,15:13,06066,中信建投证券,3818,11.840,45205.120,39094.29187840,0.86482
2026-09-08,15:13,06099,招商证券,2205,15.010,33097.050,28622.99078100,0.86482
2026-09-08,15:13,06178,光大证券,2132,7.445,15872.740,13727.06300680,0.86482
2026-09-08,15:13,06806,申万宏源,7581,2.535,19217.835,16619.96806470,0.86482
2026-09-08,15:13,06881,中国银河,10742,7.680,82498.560,71346.40465920,0.86482
2026-09-08,15:13,06886,HTSC,4956,17.530,86878.680,75134.42003760,0.86482
2026-09-08,15:14,00165,中国光大控股,2174,6.490,14109.260,12201.97023320,0.86482
2026-09-08,15:14,00388,香港交易所,372,402.000,149544.000,129328.64208000,0.86482
2026-09-08,15:14,01359,中国信达,35009,0.915,32033.235,27702.98229270,0.86482
2026-09-08,15:14,01375,中州证券,5170,1.740,8995.800,7779.74775600,0.86482
2026-09-08,15:14,01456,国联民生,1914,3.885,7435.890,6430.70638980,0.86482
2026-09-08,15:14,01776,广发证券,4984,17.950,89462.800,77369.21869600,0.86482
2026-09-08,15:14,01788,国泰君安国际,12351,2.880,35570.880,30762.40844160,0.86482
2026-09-08,15:14,02611,国泰海通,8162,14.900,121613.800,105174.04651600,0.86482
2026-09-08,15:14,03908,中金公司,5540,19.880,110135.200,95247.12366400,0.86482
2026-09-08,15:14,03958,东方证券,4442,5.810,25808.020,22319.29185640,0.86482
2026-09-08,15:14,06030,中信证券,6975,25.800,179955.000,155628.68310000,0.86482
2026-09-08,15:14,06066,中信建投证券,3818,11.840,45205.120,39094.29187840,0.86482
2026-09-08,15:14,06099,招商证券,2205,15.020,33119.100,28642.06006200,0.86482
2026-09-08,15:14,06178,光大证券,2132,7.445,15872.740,13727.06300680,0.86482
2026-09-08,15:14,06806,申万宏源,7581,2.540,19255.740,16652.74906680,0.86482
2026-09-08,15:14,06881,中国银河,10742,7.675,82444.850,71299.95517700,0.86482
2026-09-08,15:14,06886,HTSC,4956,17.530,86878.680,75134.42003760,0.86482
2026-09-08,15:15,00165,中国光大控股,2174,6.490,14109.260,12201.97023320,0.86482
2026-09-08,15:15,00388,香港交易所,372,402.200,149618.400,129392.98468800,0.86482
2026-09-08,15:15,01359,中国信达,35009,0.915,32033.235,27702.98229270,0.86482
2026-09-08,15:15,01375,中州证券,5170,1.740,8995.800,7779.74775600,0.86482
2026-09-08,15:15,01456,国联民生,1914,3.885,7435.890,6430.70638980,0.86482
2026-09-08,15:15,01776,广发证券,4984,17.950,89462.800,77369.21869600,0.86482
2026-09-08,15:15,01788,国泰君安国际,12351,2.885,35632.635,30815.81540070,0.86482
2026-09-08,15:15,02611,国泰海通,8162,14.900,121613.800,105174.04651600,0.86482
2026-09-08,15:15,03908,中金公司,5540,19.860,110024.400,95151.30160800,0.86482
2026-09-08,15:15,03958,东方证券,4442,5.810,25808.020,22319.29185640,0.86482
2026-09-08,15:15,06030,中信证券,6975,25.800,179955.000,155628.68310000,0.86482
2026-09-08,15:15,06066,中信建投证券,3818,11.840,45205.120,39094.29187840,0.86482
2026-09-08,15:15,06099,招商证券,2205,15.020,33119.100,28642.06006200,0.86482
2026-09-08,15:15,06178,光大证券,2132,7.445,15872.740,13727.06300680,0.86482
2026-09-08,15:15,06806,申万宏源,7581,2.535,19217.835,16619.96806470,0.86482
2026-09-08,15:15,06881,中国银河,10742,7.680,82498.560,71346.40465920,0.86482
2026-09-08,15:15,06886,HTSC,4956,17.530,86878.680,75134.42003760,0.86482
2026-09-08,15:16,00165,中国光大控股,2174,6.510,14152.740,12239.57260680,0.86482
2026-09-08,15:16,00388,香港交易所,372,402.200,149618.400,129392.98468800,0.86482
2026-09-08,15:16,01359,中国信达,35009,0.915,32033.235,27702.98229270,0.86482
2026-09-08,15:16,01375,中州证券,5170,1.740,8995.800,7779.74775600,0.86482
2026-09-08,15:16,01456,国联民生,1914,3.885,7435.890,6430.70638980,0.86482
2026-09-08,15:16,01776,广发证券,4984,17.960,89512.640,77412.32132480,0.86482
2026-09-08,15:16,01788,国泰君安国际,12351,2.885,35632.635,30815.81540070,0.86482
2026-09-08,15:16,02611,国泰海通,8162,14.910,121695.420,105244.63312440,0.86482
2026-09-08,15:16,03908,中金公司,5540,19.870,110079.800,95199.21263600,0.86482
2026-09-08,15:16,03958,东方证券,4442,5.810,25808.020,22319.29185640,0.86482
2026-09-08,15:16,06030,中信证券,6975,25.800,179955.000,155628.68310000,0.86482
2026-09-08,15:16,06066,中信建投证券,3818,11.840,45205.120,39094.29187840,0.86482
2026-09-08,15:16,06099,招商证券,2205,15.020,33119.100,28642.06006200,0.86482
2026-09-08,15:16,06178,光大证券,2132,7.445,15872.740,13727.06300680,0.86482
2026-09-08,15:16,06806,申万宏源,7581,2.535,19217.835,16619.96806470,0.86482
2026-09-08,15:16,06881,中国银河,10742,7.680,82498.560,71346.40465920,0.86482
2026-09-08,15:16,06886,HTSC,4956,17.530,86878.680,75134.42003760,0.86482
2026-09-08,15:17,00165,中国光大控股,2174,6.500,14131.000,12220.77142000,0.86482
2026-09-08,15:17,00388,香港交易所,372,402.200,149618.400,129392.98468800,0.86482
2026-09-08,15:17,01359,中国信达,35009,0.915,32033.235,27702.98229270,0.86482
2026-09-08,15:17,01375,中州证券,5170,1.740,8995.800,7779.74775600,0.86482
2026-09-08,15:17,01456,国联民生,1914,3.885,7435.890,6430.70638980,0.86482
2026-09-08,15:17,01776,广发证券,4984,17.960,89512.640,77412.32132480,0.86482
2026-09-08,15:17,01788,国泰君安国际,12351,2.885,35632.635,30815.81540070,0.86482
2026-09-08,15:17,02611,国泰海通,8162,14.920,121777.040,105315.21973280,0.86482
2026-09-08,15:17,03908,中金公司,5540,19.860,110024.400,95151.30160800,0.86482
2026-09-08,15:17,03958,东方证券,4442,5.815,25830.230,22338.49950860,0.86482
2026-09-08,15:17,06030,中信证券,6975,25.800,179955.000,155628.68310000,0.86482
2026-09-08,15:17,06066,中信建投证券,3818,11.840,45205.120,39094.29187840,0.86482
2026-09-08,15:17,06099,招商证券,2205,15.020,33119.100,28642.06006200,0.86482
2026-09-08,15:17,06178,光大证券,2132,7.445,15872.740,13727.06300680,0.86482
2026-09-08,15:17,06806,申万宏源,7581,2.535,19217.835,16619.96806470,0.86482
2026-09-08,15:17,06881,中国银河,10742,7.675,82444.850,71299.95517700,0.86482
2026-09-08,15:17,06886,HTSC,4956,17.530,86878.680,75134.42003760,0.86482
2026-09-08,15:18,00165,中国光大控股,2174,6.500,14131.000,12220.77142000,0.86482
2026-09-08,15:18,00388,香港交易所,372,402.200,149618.400,129392.98468800,0.86482
2026-09-08,15:18,01359,中国信达,35009,0.915,32033.235,27702.98229270,0.86482
2026-09-08,15:18,01375,中州证券,5170,1.740,8995.800,7779.74775600,0.86482
2026-09-08,15:18,01456,国联民生,1914,3.885,7435.890,6430.70638980,0.86482
2026-09-08,15:18,01776,广发证券,4984,17.950,89462.800,77369.21869600,0.86482
2026-09-08,15:18,01788,国泰君安国际,12351,2.885,35632.635,30815.81540070,0.86482
2026-09-08,15:18,02611,国泰海通,8162,14.920,121777.040,105315.21973280,0.86482
2026-09-08,15:18,03908,中金公司,5540,19.870,110079.800,95199.21263600,0.86482
2026-09-08,15:18,03958,东方证券,4442,5.830,25896.860,22396.12246520,0.86482
2026-09-08,15:18,06030,中信证券,6975,25.800,179955.000,155628.68310000,0.86482
2026-09-08,15:18,06066,中信建投证券,3818,11.840,45205.120,39094.29187840,0.86482
2026-09-08,15:18,06099,招商证券,2205,15.020,33119.100,28642.06006200,0.86482
2026-09-08,15:18,06178,光大证券,2132,7.445,15872.740,13727.06300680,0.86482
2026-09-08,15:18,06806,申万宏源,7581,2.535,19217.835,16619.96806470,0.86482
2026-09-08,15:18,06881,中国银河,10742,7.670,82391.140,71253.50569480,0.86482
2026-09-08,15:18,06886,HTSC,4956,17.530,86878.680,75134.42003760,0.86482
2026-09-08,15:19,00165,中国光大控股,2174,6.500,14131.000,12220.77142000,0.86482
2026-09-08,15:19,00388,香港交易所,372,402.000,149544.000,129328.64208000,0.86482
2026-09-08,15:19,01359,中国信达,35009,0.915,32033.235,27702.98229270,0.86482
2026-09-08,15:19,01375,中州证券,5170,1.740,8995.800,7779.74775600,0.86482
2026-09-08,15:19,01456,国联民生,1914,3.885,7435.890,6430.70638980,0.86482
2026-09-08,15:19,01776,广发证券,4984,17.950,89462.800,77369.21869600,0.86482
2026-09-08,15:19,01788,国泰君安国际,12351,2.885,35632.635,30815.81540070,0.86482
2026-09-08,15:19,02611,国泰海通,8162,14.910,121695.420,105244.63312440,0.86482
2026-09-08,15:19,03908,中金公司,5540,19.870,110079.800,95199.21263600,0.86482
2026-09-08,15:19,03958,东方证券,4442,5.830,25896.860,22396.12246520,0.86482
2026-09-08,15:19,06030,中信证券,6975,25.820,180094.500,155749.32549000,0.86482
2026-09-08,15:19,06066,中信建投证券,3818,11.850,45243.300,39127.31070600,0.86482
2026-09-08,15:19,06099,招商证券,2205,15.030,33141.150,28661.12934300,0.86482
2026-09-08,15:19,06178,光大证券,2132,7.445,15872.740,13727.06300680,0.86482
2026-09-08,15:19,06806,申万宏源,7581,2.535,19217.835,16619.96806470,0.86482
2026-09-08,15:19,06881,中国银河,10742,7.670,82391.140,71253.50569480,0.86482
2026-09-08,15:19,06886,HTSC,4956,17.530,86878.680,75134.42003760,0.86482
2026-09-08,15:20,00165,中国光大控股,2174,6.500,14131.000,12220.77142000,0.86482
2026-09-08,15:20,00388,香港交易所,372,402.200,149618.400,129392.98468800,0.86482
2026-09-08,15:20,01359,中国信达,35009,0.915,32033.235,27702.98229270,0.86482
2026-09-08,15:20,01375,中州证券,5170,1.740,8995.800,7779.74775600,0.86482
2026-09-08,15:20,01456,国联民生,1914,3.885,7435.890,6430.70638980,0.86482
2026-09-08,15:20,01776,广发证券,4984,17.940,89412.960,77326.11606720,0.86482
2026-09-08,15:20,01788,国泰君安国际,12351,2.880,35570.880,30762.40844160,0.86482
2026-09-08,15:20,02611,国泰海通,8162,14.900,121613.800,105174.04651600,0.86482
2026-09-08,15:20,03908,中金公司,5540,19.880,110135.200,95247.12366400,0.86482
2026-09-08,15:20,03958,东方证券,4442,5.830,25896.860,22396.12246520,0.86482
2026-09-08,15:20,06030,中信证券,6975,25.740,179536.500,155266.75593000,0.86482
2026-09-08,15:20,06066,中信建投证券,3818,11.850,45243.300,39127.31070600,0.86482
2026-09-08,15:20,06099,招商证券,2205,15.030,33141.150,28661.12934300,0.86482
2026-09-08,15:20,06178,光大证券,2132,7.450,15883.400,13736.28198800,0.86482
2026-09-08,15:20,06806,申万宏源,7581,2.535,19217.835,16619.96806470,0.86482
2026-09-08,15:20,06881,中国银河,10742,7.665,82337.430,71207.05621260,0.86482
2026-09-08,15:20,06886,HTSC,4956,17.530,86878.680,75134.42003760,0.86482
2026-09-08,15:21,00165,中国光大控股,2174,6.490,14109.260,12201.97023320,0.86482
2026-09-08,15:21,00388,香港交易所,372,402.200,149618.400,129392.98468800,0.86482
2026-09-08,15:21,01359,中国信达,35009,0.915,32033.235,27702.98229270,0.86482
2026-09-08,15:21,01375,中州证券,5170,1.740,8995.800,7779.74775600,0.86482
2026-09-08,15:21,01456,国联民生,1914,3.885,7435.890,6430.70638980,0.86482
2026-09-08,15:21,01776,广发证券,4984,17.940,89412.960,77326.11606720,0.86482
2026-09-08,15:21,01788,国泰君安国际,12351,2.885,35632.635,30815.81540070,0.86482
2026-09-08,15:21,02611,国泰海通,8162,14.900,121613.800,105174.04651600,0.86482
2026-09-08,15:21,03908,中金公司,5540,19.890,110190.600,95295.03469200,0.86482
2026-09-08,15:21,03958,东方证券,4442,5.810,25808.020,22319.29185640,0.86482
2026-09-08,15:21,06030,中信证券,6975,25.740,179536.500,155266.75593000,0.86482
2026-09-08,15:21,06066,中信建投证券,3818,11.830,45166.940,39061.27305080,0.86482
2026-09-08,15:21,06099,招商证券,2205,15.030,33141.150,28661.12934300,0.86482
2026-09-08,15:21,06178,光大证券,2132,7.440,15862.080,13717.84402560,0.86482
2026-09-08,15:21,06806,申万宏源,7581,2.535,19217.835,16619.96806470,0.86482
2026-09-08,15:21,06881,中国银河,10742,7.665,82337.430,71207.05621260,0.86482
2026-09-08,15:21,06886,HTSC,4956,17.510,86779.560,75048.69907920,0.86482
2026-09-08,15:22,00165,中国光大控股,2174,6.495,14120.130,12211.37082660,0.86482
2026-09-08,15:22,00388,香港交易所,372,402.200,149618.400,129392.98468800,0.86482
2026-09-08,15:22,01359,中国信达,35009,0.910,31858.190,27551.59987580,0.86482
2026-09-08,15:22,01375,中州证券,5170,1.740,8995.800,7779.74775600,0.86482
2026-09-08,15:22,01456,国联民生,1914,3.885,7435.890,6430.70638980,0.86482
2026-09-08,15:22,01776,广发证券,4984,17.940,89412.960,77326.11606720,0.86482
2026-09-08,15:22,01788,国泰君安国际,12351,2.885,35632.635,30815.81540070,0.86482
2026-09-08,15:22,02611,国泰海通,8162,14.900,121613.800,105174.04651600,0.86482
2026-09-08,15:22,03908,中金公司,5540,19.890,110190.600,95295.03469200,0.86482
2026-09-08,15:22,03958,东方证券,4442,5.810,25808.020,22319.29185640,0.86482
2026-09-08,15:22,06030,中信证券,6975,25.760,179676.000,155387.39832000,0.86482
2026-09-08,15:22,06066,中信建投证券,3818,11.820,45128.760,39028.25422320,0.86482
2026-09-08,15:22,06099,招商证券,2205,15.030,33141.150,28661.12934300,0.86482
2026-09-08,15:22,06178,光大证券,2132,7.440,15862.080,13717.84402560,0.86482
2026-09-08,15:22,06806,申万宏源,7581,2.535,19217.835,16619.96806470,0.86482
2026-09-08,15:22,06881,中国银河,10742,7.670,82391.140,71253.50569480,0.86482
2026-09-08,15:22,06886,HTSC,4956,17.510,86779.560,75048.69907920,0.86482
2026-09-08,15:23,00165,中国光大控股,2174,6.485,14098.390,12192.56963980,0.86482
2026-09-08,15:23,00388,香港交易所,372,402.200,149618.400,129392.98468800,0.86482
2026-09-08,15:23,01359,中国信达,35009,0.910,31858.190,27551.59987580,0.86482
2026-09-08,15:23,01375,中州证券,5170,1.740,8995.800,7779.74775600,0.86482
2026-09-08,15:23,01456,国联民生,1914,3.885,7435.890,6430.70638980,0.86482
2026-09-08,15:23,01776,广发证券,4984,17.920,89313.280,77239.91080960,0.86482
2026-09-08,15:23,01788,国泰君安国际,12351,2.885,35632.635,30815.81540070,0.86482
2026-09-08,15:23,02611,国泰海通,8162,14.900,121613.800,105174.04651600,0.86482
2026-09-08,15:23,03908,中金公司,5540,19.890,110190.600,95295.03469200,0.86482
2026-09-08,15:23,03958,东方证券,4442,5.810,25808.020,22319.29185640,0.86482
2026-09-08,15:23,06030,中信证券,6975,25.760,179676.000,155387.39832000,0.86482
2026-09-08,15:23,06066,中信建投证券,3818,11.820,45128.760,39028.25422320,0.86482
2026-09-08,15:23,06099,招商证券,2205,15.030,33141.150,28661.12934300,0.86482
2026-09-08,15:23,06178,光大证券,2132,7.440,15862.080,13717.84402560,0.86482
2026-09-08,15:23,06806,申万宏源,7581,2.535,19217.835,16619.96806470,0.86482
2026-09-08,15:23,06881,中国银河,10742,7.665,82337.430,71207.05621260,0.86482
2026-09-08,15:23,06886,HTSC,4956,17.510,86779.560,75048.69907920,0.86482
2026-09-08,15:24,00165,中国光大控股,2174,6.490,14109.260,12201.97023320,0.86482
2026-09-08,15:24,00388,香港交易所,372,402.200,149618.400,129392.98468800,0.86482
2026-09-08,15:24,01359,中国信达,35009,0.915,32033.235,27702.98229270,0.86482
2026-09-08,15:24,01375,中州证券,5170,1.740,8995.800,7779.74775600,0.86482
2026-09-08,15:24,01456,国联民生,1914,3.880,7426.320,6422.43006240,0.86482
2026-09-08,15:24,01776,广发证券,4984,17.930,89363.120,77283.01343840,0.86482
2026-09-08,15:24,01788,国泰君安国际,12351,2.880,35570.880,30762.40844160,0.86482
2026-09-08,15:24,02611,国泰海通,8162,14.880,121450.560,105032.87329920,0.86482
2026-09-08,15:24,03908,中金公司,5540,19.860,110024.400,95151.30160800,0.86482
2026-09-08,15:24,03958,东方证券,4442,5.830,25896.860,22396.12246520,0.86482
2026-09-08,15:24,06030,中信证券,6975,25.740,179536.500,155266.75593000,0.86482
2026-09-08,15:24,06066,中信建投证券,3818,11.800,45052.400,38962.21656800,0.86482
2026-09-08,15:24,06099,招商证券,2205,14.950,32964.750,28508.57509500,0.86482
2026-09-08,15:24,06178,光大证券,2132,7.450,15883.400,13736.28198800,0.86482
2026-09-08,15:24,06806,申万宏源,7581,2.535,19217.835,16619.96806470,0.86482
2026-09-08,15:24,06881,中国银河,10742,7.655,82230.010,71114.15724820,0.86482
2026-09-08,15:24,06886,HTSC,4956,17.490,86680.440,74962.97812080,0.86482
2026-09-08,15:25,00165,中国光大控股,2174,6.490,14109.260,12201.97023320,0.86482
2026-09-08,15:25,00388,香港交易所,372,402.200,149618.400,129392.98468800,0.86482
2026-09-08,15:25,01359,中国信达,35009,0.915,32033.235,27702.98229270,0.86482
2026-09-08,15:25,01375,中州证券,5170,1.735,8969.950,7757.39215900,0.86482
2026-09-08,15:25,01456,国联民生,1914,3.880,7426.320,6422.43006240,0.86482
2026-09-08,15:25,01776,广发证券,4984,17.930,89363.120,77283.01343840,0.86482
2026-09-08,15:25,01788,国泰君安国际,12351,2.885,35632.635,30815.81540070,0.86482
2026-09-08,15:25,02611,国泰海通,8162,14.880,121450.560,105032.87329920,0.86482
2026-09-08,15:25,03908,中金公司,5540,19.860,110024.400,95151.30160800,0.86482
2026-09-08,15:25,03958,东方证券,4442,5.810,25808.020,22319.29185640,0.86482
2026-09-08,15:25,06030,中信证券,6975,25.720,179397.000,155146.11354000,0.86482
2026-09-08,15:25,06066,中信建投证券,3818,11.800,45052.400,38962.21656800,0.86482
2026-09-08,15:25,06099,招商证券,2205,14.980,33030.900,28565.78293800,0.86482
2026-09-08,15:25,06178,光大证券,2132,7.435,15851.420,13708.62504440,0.86482
2026-09-08,15:25,06806,申万宏源,7581,2.535,19217.835,16619.96806470,0.86482
2026-09-08,15:25,06881,中国银河,10742,7.650,82176.300,71067.70776600,0.86482
2026-09-08,15:25,06886,HTSC,4956,17.490,86680.440,74962.97812080,0.86482
2026-09-08,15:26,00165,中国光大控股,2174,6.490,14109.260,12201.97023320,0.86482
2026-09-08,15:26,00388,香港交易所,372,402.200,149618.400,129392.98468800,0.86482
2026-09-08,15:26,01359,中国信达,35009,0.915,32033.235,27702.98229270,0.86482
2026-09-08,15:26,01375,中州证券,5170,1.735,8969.950,7757.39215900,0.86482
2026-09-08,15:26,01456,国联民生,1914,3.880,7426.320,6422.43006240,0.86482
2026-09-08,15:26,01776,广发证券,4984,17.920,89313.280,77239.91080960,0.86482
2026-09-08,15:26,01788,国泰君安国际,12351,2.880,35570.880,30762.40844160,0.86482
2026-09-08,15:26,02611,国泰海通,8162,14.850,121205.700,104821.11347400,0.86482
2026-09-08,15:26,03908,中金公司,5540,19.850,109969.000,95103.39058000,0.86482
2026-09-08,15:26,03958,东方证券,4442,5.810,25808.020,22319.29185640,0.86482
2026-09-08,15:26,06030,中信证券,6975,25.740,179536.500,155266.75593000,0.86482
2026-09-08,15:26,06066,中信建投证券,3818,11.820,45128.760,39028.25422320,0.86482
2026-09-08,15:26,06099,招商证券,2205,14.980,33030.900,28565.78293800,0.86482
2026-09-08,15:26,06178,光大证券,2132,7.430,15840.760,13699.40606320,0.86482
2026-09-08,15:26,06806,申万宏源,7581,2.535,19217.835,16619.96806470,0.86482
2026-09-08,15:26,06881,中国银河,10742,7.655,82230.010,71114.15724820,0.86482
2026-09-08,15:26,06886,HTSC,4956,17.500,86730.000,75005.83860000,0.86482
2026-09-08,15:27,00165,中国光大控股,2174,6.490,14109.260,12201.97023320,0.86482
2026-09-08,15:27,00388,香港交易所,372,402.200,149618.400,129392.98468800,0.86482
2026-09-08,15:27,01359,中国信达,35009,0.915,32033.235,27702.98229270,0.86482
2026-09-08,15:27,01375,中州证券,5170,1.735,8969.950,7757.39215900,0.86482
2026-09-08,15:27,01456,国联民生,1914,3.880,7426.320,6422.43006240,0.86482
2026-09-08,15:27,01776,广发证券,4984,17.920,89313.280,77239.91080960,0.86482
2026-09-08,15:27,01788,国泰君安国际,12351,2.885,35632.635,30815.81540070,0.86482
2026-09-08,15:27,02611,国泰海通,8162,14.820,120960.840,104609.35364880,0.86482
2026-09-08,15:27,03908,中金公司,5540,19.900,110246.000,95342.94572000,0.86482
2026-09-08,15:27,03958,东方证券,4442,5.810,25808.020,22319.29185640,0.86482
2026-09-08,15:27,06030,中信证券,6975,25.740,179536.500,155266.75593000,0.86482
2026-09-08,15:27,06066,中信建投证券,3818,11.830,45166.940,39061.27305080,0.86482
2026-09-08,15:27,06099,招商证券,2205,15.000,33075.000,28603.92150000,0.86482
2026-09-08,15:27,06178,光大证券,2132,7.430,15840.760,13699.40606320,0.86482
2026-09-08,15:27,06806,申万宏源,7581,2.535,19217.835,16619.96806470,0.86482
2026-09-08,15:27,06881,中国银河,10742,7.660,82283.720,71160.60673040,0.86482
2026-09-08,15:27,06886,HTSC,4956,17.480,86630.880,74920.11764160,0.86482
2026-09-08,15:28,00165,中国光大控股,2174,6.485,14098.390,12192.56963980,0.86482
2026-09-08,15:28,00388,香港交易所,372,402.200,149618.400,129392.98468800,0.86482
2026-09-08,15:28,01359,中国信达,35009,0.910,31858.190,27551.59987580,0.86482
2026-09-08,15:28,01375,中州证券,5170,1.735,8969.950,7757.39215900,0.86482
2026-09-08,15:28,01456,国联民生,1914,3.890,7445.460,6438.98271720,0.86482
2026-09-08,15:28,01776,广发证券,4984,17.910,89263.440,77196.80818080,0.86482
2026-09-08,15:28,01788,国泰君安国际,12351,2.885,35632.635,30815.81540070,0.86482
2026-09-08,15:28,02611,国泰海通,8162,14.870,121368.940,104962.28669080,0.86482
2026-09-08,15:28,03908,中金公司,5540,19.890,110190.600,95295.03469200,0.86482
2026-09-08,15:28,03958,东方证券,4442,5.810,25808.020,22319.29185640,0.86482
2026-09-08,15:28,06030,中信证券,6975,25.820,180094.500,155749.32549000,0.86482
2026-09-08,15:28,06066,中信建投证券,3818,11.830,45166.940,39061.27305080,0.86482
2026-09-08,15:28,06099,招商证券,2205,15.000,33075.000,28603.92150000,0.86482
2026-09-08,15:28,06178,光大证券,2132,7.430,15840.760,13699.40606320,0.86482
2026-09-08,15:28,06806,申万宏源,7581,2.530,19179.930,16587.18706260,0.86482
2026-09-08,15:28,06881,中国银河,10742,7.660,82283.720,71160.60673040,0.86482
2026-09-08,15:28,06886,HTSC,4956,17.480,86630.880,74920.11764160,0.86482
2026-09-08,15:29,00165,中国光大控股,2174,6.480,14087.520,12183.16904640,0.86482
2026-09-08,15:29,00388,香港交易所,372,402.200,149618.400,129392.98468800,0.86482
2026-09-08,15:29,01359,中国信达,35009,0.915,32033.235,27702.98229270,0.86482
2026-09-08,15:29,01375,中州证券,5170,1.735,8969.950,7757.39215900,0.86482
2026-09-08,15:29,01456,国联民生,1914,3.880,7426.320,6422.43006240,0.86482
2026-09-08,15:29,01776,广发证券,4984,17.930,89363.120,77283.01343840,0.86482
2026-09-08,15:29,01788,国泰君安国际,12351,2.885,35632.635,30815.81540070,0.86482
2026-09-08,15:29,02611,国泰海通,8162,14.870,121368.940,104962.28669080,0.86482
2026-09-08,15:29,03908,中金公司,5540,19.900,110246.000,95342.94572000,0.86482
2026-09-08,15:29,03958,东方证券,4442,5.830,25896.860,22396.12246520,0.86482
2026-09-08,15:29,06030,中信证券,6975,25.760,179676.000,155387.39832000,0.86482
2026-09-08,15:29,06066,中信建投证券,3818,11.840,45205.120,39094.29187840,0.86482
2026-09-08,15:29,06099,招商证券,2205,15.030,33141.150,28661.12934300,0.86482
2026-09-08,15:29,06178,光大证券,2132,7.435,15851.420,13708.62504440,0.86482
2026-09-08,15:29,06806,申万宏源,7581,2.535,19217.835,16619.96806470,0.86482
2026-09-08,15:29,06881,中国银河,10742,7.670,82391.140,71253.50569480,0.86482
2026-09-08,15:29,06886,HTSC,4956,17.480,86630.880,74920.11764160,0.86482
2026-09-08,15:30,00165,中国光大控股,2174,6.490,14109.260,12201.97023320,0.86482
2026-09-08,15:30,00388,香港交易所,372,402.200,149618.400,129392.98468800,0.86482
2026-09-08,15:30,01359,中国信达,35009,0.910,31858.190,27551.59987580,0.86482
2026-09-08,15:30,01375,中州证券,5170,1.735,8969.950,7757.39215900,0.86482
2026-09-08,15:30,01456,国联民生,1914,3.880,7426.320,6422.43006240,0.86482
2026-09-08,15:30,01776,广发证券,4984,17.930,89363.120,77283.01343840,0.86482
2026-09-08,15:30,01788,国泰君安国际,12351,2.880,35570.880,30762.40844160,0.86482
2026-09-08,15:30,02611,国泰海通,8162,14.860,121287.320,104891.70008240,0.86482
2026-09-08,15:30,03908,中金公司,5540,19.900,110246.000,95342.94572000,0.86482
2026-09-08,15:30,03958,东方证券,4442,5.830,25896.860,22396.12246520,0.86482
2026-09-08,15:30,06030,中信证券,6975,25.820,180094.500,155749.32549000,0.86482
2026-09-08,15:30,06066,中信建投证券,3818,11.840,45205.120,39094.29187840,0.86482
2026-09-08,15:30,06099,招商证券,2205,15.030,33141.150,28661.12934300,0.86482
2026-09-08,15:30,06178,光大证券,2132,7.435,15851.420,13708.62504440,0.86482
2026-09-08,15:30,06806,申万宏源,7581,2.530,19179.930,16587.18706260,0.86482
2026-09-08,15:30,06881,中国银河,10742,7.675,82444.850,71299.95517700,0.86482
2026-09-08,15:30,06886,HTSC,4956,17.480,86630.880,74920.11764160,0.86482
2026-09-08,15:31,00165,中国光大控股,2174,6.475,14076.650,12173.76845300,0.86482
2026-09-08,15:31,00388,香港交易所,372,402.200,149618.400,129392.98468800,0.86482
2026-09-08,15:31,01359,中国信达,35009,0.915,32033.235,27702.98229270,0.86482
2026-09-08,15:31,01375,中州证券,5170,1.740,8995.800,7779.74775600,0.86482
2026-09-08,15:31,01456,国联民生,1914,3.880,7426.320,6422.43006240,0.86482
2026-09-08,15:31,01776,广发证券,4984,17.950,89462.800,77369.21869600,0.86482
2026-09-08,15:31,01788,国泰君安国际,12351,2.880,35570.880,30762.40844160,0.86482
2026-09-08,15:31,02611,国泰海通,8162,14.870,121368.940,104962.28669080,0.86482
2026-09-08,15:31,03908,中金公司,5540,19.910,110301.400,95390.85674800,0.86482
2026-09-08,15:31,03958,东方证券,4442,5.830,25896.860,22396.12246520,0.86482
2026-09-08,15:31,06030,中信证券,6975,25.800,179955.000,155628.68310000,0.86482
2026-09-08,15:31,06066,中信建投证券,3818,11.850,45243.300,39127.31070600,0.86482
2026-09-08,15:31,06099,招商证券,2205,15.000,33075.000,28603.92150000,0.86482
2026-09-08,15:31,06178,光大证券,2132,7.435,15851.420,13708.62504440,0.86482
2026-09-08,15:31,06806,申万宏源,7581,2.535,19217.835,16619.96806470,0.86482
2026-09-08,15:31,06881,中国银河,10742,7.675,82444.850,71299.95517700,0.86482
2026-09-08,15:31,06886,HTSC,4956,17.480,86630.880,74920.11764160,0.86482
2026-09-08,15:32,00165,中国光大控股,2174,6.475,14076.650,12173.76845300,0.86482
2026-09-08,15:32,00388,香港交易所,372,402.200,149618.400,129392.98468800,0.86482
2026-09-08,15:32,01359,中国信达,35009,0.915,32033.235,27702.98229270,0.86482
2026-09-08,15:32,01375,中州证券,5170,1.740,8995.800,7779.74775600,0.86482
2026-09-08,15:32,01456,国联民生,1914,3.880,7426.320,6422.43006240,0.86482
2026-09-08,15:32,01776,广发证券,4984,17.940,89412.960,77326.11606720,0.86482
2026-09-08,15:32,01788,国泰君安国际,12351,2.880,35570.880,30762.40844160,0.86482
2026-09-08,15:32,02611,国泰海通,8162,14.900,121613.800,105174.04651600,0.86482
2026-09-08,15:32,03908,中金公司,5540,19.900,110246.000,95342.94572000,0.86482
2026-09-08,15:32,03958,东方证券,4442,5.830,25896.860,22396.12246520,0.86482
2026-09-08,15:32,06030,中信证券,6975,25.760,179676.000,155387.39832000,0.86482
2026-09-08,15:32,06066,中信建投证券,3818,11.850,45243.300,39127.31070600,0.86482
2026-09-08,15:32,06099,招商证券,2205,15.000,33075.000,28603.92150000,0.86482
2026-09-08,15:32,06178,光大证券,2132,7.435,15851.420,13708.62504440,0.86482
2026-09-08,15:32,06806,申万宏源,7581,2.535,19217.835,16619.96806470,0.86482
2026-09-08,15:32,06881,中国银河,10742,7.685,82552.270,71392.85414140,0.86482
2026-09-08,15:32,06886,HTSC,4956,17.480,86630.880,74920.11764160,0.86482
2026-09-08,15:33,00165,中国光大控股,2174,6.475,14076.650,12173.76845300,0.86482
2026-09-08,15:33,00388,香港交易所,372,402.200,149618.400,129392.98468800,0.86482
2026-09-08,15:33,01359,中国信达,35009,0.915,32033.235,27702.98229270,0.86482
2026-09-08,15:33,01375,中州证券,5170,1.740,8995.800,7779.74775600,0.86482
2026-09-08,15:33,01456,国联民生,1914,3.880,7426.320,6422.43006240,0.86482
2026-09-08,15:33,01776,广发证券,4984,17.930,89363.120,77283.01343840,0.86482
2026-09-08,15:33,01788,国泰君安国际,12351,2.880,35570.880,30762.40844160,0.86482
2026-09-08,15:33,02611,国泰海通,8162,14.850,121205.700,104821.11347400,0.86482
2026-09-08,15:33,03908,中金公司,5540,19.900,110246.000,95342.94572000,0.86482
2026-09-08,15:33,03958,东方证券,4442,5.815,25830.230,22338.49950860,0.86482
2026-09-08,15:33,06030,中信证券,6975,25.740,179536.500,155266.75593000,0.86482
2026-09-08,15:33,06066,中信建投证券,3818,11.850,45243.300,39127.31070600,0.86482
2026-09-08,15:33,06099,招商证券,2205,15.020,33119.100,28642.06006200,0.86482
2026-09-08,15:33,06178,光大证券,2132,7.435,15851.420,13708.62504440,0.86482
2026-09-08,15:33,06806,申万宏源,7581,2.535,19217.835,16619.96806470,0.86482
2026-09-08,15:33,06881,中国银河,10742,7.670,82391.140,71253.50569480,0.86482
2026-09-08,15:33,06886,HTSC,4956,17.480,86630.880,74920.11764160,0.86482
2026-09-08,15:34,00165,中国光大控股,2174,6.490,14109.260,12201.97023320,0.86482
2026-09-08,15:34,00388,香港交易所,372,402.200,149618.400,129392.98468800,0.86482
2026-09-08,15:34,01359,中国信达,35009,0.915,32033.235,27702.98229270,0.86482
2026-09-08,15:34,01375,中州证券,5170,1.740,8995.800,7779.74775600,0.86482
2026-09-08,15:34,01456,国联民生,1914,3.880,7426.320,6422.43006240,0.86482
2026-09-08,15:34,01776,广发证券,4984,17.920,89313.280,77239.91080960,0.86482
2026-09-08,15:34,01788,国泰君安国际,12351,2.880,35570.880,30762.40844160,0.86482
2026-09-08,15:34,02611,国泰海通,8162,14.850,121205.700,104821.11347400,0.86482
2026-09-08,15:34,03908,中金公司,5540,19.900,110246.000,95342.94572000,0.86482
2026-09-08,15:34,03958,东方证券,4442,5.820,25852.440,22357.70716080,0.86482
2026-09-08,15:34,06030,中信证券,6975,25.740,179536.500,155266.75593000,0.86482
2026-09-08,15:34,06066,中信建投证券,3818,11.780,44976.040,38896.17891280,0.86482
2026-09-08,15:34,06099,招商证券,2205,14.970,33008.850,28546.71365700,0.86482
2026-09-08,15:34,06178,光大证券,2132,7.430,15840.760,13699.40606320,0.86482
2026-09-08,15:34,06806,申万宏源,7581,2.535,19217.835,16619.96806470,0.86482
2026-09-08,15:34,06881,中国银河,10742,7.670,82391.140,71253.50569480,0.86482
2026-09-08,15:34,06886,HTSC,4956,17.480,86630.880,74920.11764160,0.86482
2026-09-08,15:35,00165,中国光大控股,2174,6.490,14109.260,12201.97023320,0.86482
2026-09-08,15:35,00388,香港交易所,372,402.200,149618.400,129392.98468800,0.86482
2026-09-08,15:35,01359,中国信达,35009,0.915,32033.235,27702.98229270,0.86482
2026-09-08,15:35,01375,中州证券,5170,1.740,8995.800,7779.74775600,0.86482
2026-09-08,15:35,01456,国联民生,1914,3.880,7426.320,6422.43006240,0.86482
2026-09-08,15:35,01776,广发证券,4984,17.910,89263.440,77196.80818080,0.86482
2026-09-08,15:35,01788,国泰君安国际,12351,2.880,35570.880,30762.40844160,0.86482
2026-09-08,15:35,02611,国泰海通,8162,14.850,121205.700,104821.11347400,0.86482
2026-09-08,15:35,03908,中金公司,5540,19.890,110190.600,95295.03469200,0.86482
2026-09-08,15:35,03958,东方证券,4442,5.815,25830.230,22338.49950860,0.86482
2026-09-08,15:35,06030,中信证券,6975,25.740,179536.500,155266.75593000,0.86482
2026-09-08,15:35,06066,中信建投证券,3818,11.800,45052.400,38962.21656800,0.86482
2026-09-08,15:35,06099,招商证券,2205,15.000,33075.000,28603.92150000,0.86482
2026-09-08,15:35,06178,光大证券,2132,7.430,15840.760,13699.40606320,0.86482
2026-09-08,15:35,06806,申万宏源,7581,2.535,19217.835,16619.96806470,0.86482
2026-09-08,15:35,06881,中国银河,10742,7.665,82337.430,71207.05621260,0.86482
2026-09-08,15:35,06886,HTSC,4956,17.470,86581.320,74877.25716240,0.86482
2026-09-08,15:36,00165,中国光大控股,2174,6.490,14109.260,12201.97023320,0.86482
2026-09-08,15:36,00388,香港交易所,372,402.200,149618.400,129392.98468800,0.86482
2026-09-08,15:36,01359,中国信达,35009,0.915,32033.235,27702.98229270,0.86482
2026-09-08,15:36,01375,中州证券,5170,1.735,8969.950,7757.39215900,0.86482
2026-09-08,15:36,01456,国联民生,1914,3.880,7426.320,6422.43006240,0.86482
2026-09-08,15:36,01776,广发证券,4984,17.900,89213.600,77153.70555200,0.86482
2026-09-08,15:36,01788,国泰君安国际,12351,2.885,35632.635,30815.81540070,0.86482
2026-09-08,15:36,02611,国泰海通,8162,14.850,121205.700,104821.11347400,0.86482
2026-09-08,15:36,03908,中金公司,5540,19.900,110246.000,95342.94572000,0.86482
2026-09-08,15:36,03958,东方证券,4442,5.815,25830.230,22338.49950860,0.86482
2026-09-08,15:36,06030,中信证券,6975,25.720,179397.000,155146.11354000,0.86482
2026-09-08,15:36,06066,中信建投证券,3818,11.800,45052.400,38962.21656800,0.86482
2026-09-08,15:36,06099,招商证券,2205,14.970,33008.850,28546.71365700,0.86482
2026-09-08,15:36,06178,光大证券,2132,7.430,15840.760,13699.40606320,0.86482
2026-09-08,15:36,06806,申万宏源,7581,2.535,19217.835,16619.96806470,0.86482
2026-09-08,15:36,06881,中国银河,10742,7.670,82391.140,71253.50569480,0.86482
2026-09-08,15:36,06886,HTSC,4956,17.470,86581.320,74877.25716240,0.86482
2026-09-08,15:37,00165,中国光大控股,2174,6.490,14109.260,12201.97023320,0.86482
2026-09-08,15:37,00388,香港交易所,372,402.200,149618.400,129392.98468800,0.86482
2026-09-08,15:37,01359,中国信达,35009,0.915,32033.235,27702.98229270,0.86482
2026-09-08,15:37,01375,中州证券,5170,1.730,8944.100,7735.03656200,0.86482
2026-09-08,15:37,01456,国联民生,1914,3.880,7426.320,6422.43006240,0.86482
2026-09-08,15:37,01776,广发证券,4984,17.920,89313.280,77239.91080960,0.86482
2026-09-08,15:37,01788,国泰君安国际,12351,2.885,35632.635,30815.81540070,0.86482
2026-09-08,15:37,02611,国泰海通,8162,14.850,121205.700,104821.11347400,0.86482
2026-09-08,15:37,03908,中金公司,5540,19.860,110024.400,95151.30160800,0.86482
2026-09-08,15:37,03958,东方证券,4442,5.820,25852.440,22357.70716080,0.86482
2026-09-08,15:37,06030,中信证券,6975,25.720,179397.000,155146.11354000,0.86482
2026-09-08,15:37,06066,中信建投证券,3818,11.800,45052.400,38962.21656800,0.86482
2026-09-08,15:37,06099,招商证券,2205,15.010,33097.050,28622.99078100,0.86482
2026-09-08,15:37,06178,光大证券,2132,7.430,15840.760,13699.40606320,0.86482
2026-09-08,15:37,06806,申万宏源,7581,2.535,19217.835,16619.96806470,0.86482
2026-09-08,15:37,06881,中国银河,10742,7.670,82391.140,71253.50569480,0.86482
2026-09-08,15:37,06886,HTSC,4956,17.460,86531.760,74834.39668320,0.86482
2026-09-08,15:38,00165,中国光大控股,2174,6.490,14109.260,12201.97023320,0.86482
2026-09-08,15:38,00388,香港交易所,372,402.200,149618.400,129392.98468800,0.86482
2026-09-08,15:38,01359,中国信达,35009,0.915,32033.235,27702.98229270,0.86482
2026-09-08,15:38,01375,中州证券,5170,1.730,8944.100,7735.03656200,0.86482
2026-09-08,15:38,01456,国联民生,1914,3.880,7426.320,6422.43006240,0.86482
2026-09-08,15:38,01776,广发证券,4984,17.920,89313.280,77239.91080960,0.86482
2026-09-08,15:38,01788,国泰君安国际,12351,2.885,35632.635,30815.81540070,0.86482
2026-09-08,15:38,02611,国泰海通,8162,14.850,121205.700,104821.11347400,0.86482
2026-09-08,15:38,03908,中金公司,5540,19.890,110190.600,95295.03469200,0.86482
2026-09-08,15:38,03958,东方证券,4442,5.820,25852.440,22357.70716080,0.86482
2026-09-08,15:38,06030,中信证券,6975,25.740,179536.500,155266.75593000,0.86482
2026-09-08,15:38,06066,中信建投证券,3818,11.800,45052.400,38962.21656800,0.86482
2026-09-08,15:38,06099,招商证券,2205,15.010,33097.050,28622.99078100,0.86482
2026-09-08,15:38,06178,光大证券,2132,7.430,15840.760,13699.40606320,0.86482
2026-09-08,15:38,06806,申万宏源,7581,2.535,19217.835,16619.96806470,0.86482
2026-09-08,15:38,06881,中国银河,10742,7.670,82391.140,71253.50569480,0.86482
2026-09-08,15:38,06886,HTSC,4956,17.460,86531.760,74834.39668320,0.86482
2026-09-08,15:39,00165,中国光大控股,2174,6.490,14109.260,12201.97023320,0.86482
2026-09-08,15:39,00388,香港交易所,372,402.200,149618.400,129392.98468800,0.86482
2026-09-08,15:39,01359,中国信达,35009,0.915,32033.235,27702.98229270,0.86482
2026-09-08,15:39,01375,中州证券,5170,1.730,8944.100,7735.03656200,0.86482
2026-09-08,15:39,01456,国联民生,1914,3.880,7426.320,6422.43006240,0.86482
2026-09-08,15:39,01776,广发证券,4984,17.920,89313.280,77239.91080960,0.86482
2026-09-08,15:39,01788,国泰君安国际,12351,2.880,35570.880,30762.40844160,0.86482
2026-09-08,15:39,02611,国泰海通,8162,14.850,121205.700,104821.11347400,0.86482
2026-09-08,15:39,03908,中金公司,5540,19.870,110079.800,95199.21263600,0.86482
2026-09-08,15:39,03958,东方证券,4442,5.820,25852.440,22357.70716080,0.86482
2026-09-08,15:39,06030,中信证券,6975,25.740,179536.500,155266.75593000,0.86482
2026-09-08,15:39,06066,中信建投证券,3818,11.800,45052.400,38962.21656800,0.86482
2026-09-08,15:39,06099,招商证券,2205,15.010,33097.050,28622.99078100,0.86482
2026-09-08,15:39,06178,光大证券,2132,7.425,15830.100,13690.18708200,0.86482
2026-09-08,15:39,06806,申万宏源,7581,2.535,19217.835,16619.96806470,0.86482
2026-09-08,15:39,06881,中国银河,10742,7.665,82337.430,71207.05621260,0.86482
2026-09-08,15:39,06886,HTSC,4956,17.440,86432.640,74748.67572480,0.86482
2026-09-08,15:40,00165,中国光大控股,2174,6.490,14109.260,12201.97023320,0.86482
2026-09-08,15:40,00388,香港交易所,372,402.200,149618.400,129392.98468800,0.86482
2026-09-08,15:40,01359,中国信达,35009,0.915,32033.235,27702.98229270,0.86482
2026-09-08,15:40,01375,中州证券,5170,1.730,8944.100,7735.03656200,0.86482
2026-09-08,15:40,01456,国联民生,1914,3.875,7416.750,6414.15373500,0.86482
2026-09-08,15:40,01776,广发证券,4984,17.900,89213.600,77153.70555200,0.86482
2026-09-08,15:40,01788,国泰君安国际,12351,2.885,35632.635,30815.81540070,0.86482
2026-09-08,15:40,02611,国泰海通,8162,14.860,121287.320,104891.70008240,0.86482
2026-09-08,15:40,03908,中金公司,5540,19.840,109913.600,95055.47955200,0.86482
2026-09-08,15:40,03958,东方证券,4442,5.820,25852.440,22357.70716080,0.86482
2026-09-08,15:40,06030,中信证券,6975,25.720,179397.000,155146.11354000,0.86482
2026-09-08,15:40,06066,中信建投证券,3818,11.800,45052.400,38962.21656800,0.86482
2026-09-08,15:40,06099,招商证券,2205,14.960,32986.800,28527.64437600,0.86482
2026-09-08,15:40,06178,光大证券,2132,7.430,15840.760,13699.40606320,0.86482
2026-09-08,15:40,06806,申万宏源,7581,2.530,19179.930,16587.18706260,0.86482
2026-09-08,15:40,06881,中国银河,10742,7.665,82337.430,71207.05621260,0.86482
2026-09-08,15:40,06886,HTSC,4956,17.430,86383.080,74705.81524560,0.86482
2026-09-08,15:41,00165,中国光大控股,2174,6.485,14098.390,12192.56963980,0.86482
2026-09-08,15:41,00388,香港交易所,372,402.200,149618.400,129392.98468800,0.86482
2026-09-08,15:41,01359,中国信达,35009,0.915,32033.235,27702.98229270,0.86482
2026-09-08,15:41,01375,中州证券,5170,1.730,8944.100,7735.03656200,0.86482
2026-09-08,15:41,01456,国联民生,1914,3.870,7407.180,6405.87740760,0.86482
2026-09-08,15:41,01776,广发证券,4984,17.800,88715.200,76722.67926400,0.86482
2026-09-08,15:41,01788,国泰君安国际,12351,2.880,35570.880,30762.40844160,0.86482
2026-09-08,15:41,02611,国泰海通,8162,14.820,120960.840,104609.35364880,0.86482
2026-09-08,15:41,03908,中金公司,5540,19.840,109913.600,95055.47955200,0.86482
2026-09-08,15:41,03958,东方证券,4442,5.805,25785.810,22300.08420420,0.86482
2026-09-08,15:41,06030,中信证券,6975,25.680,179118.000,154904.82876000,0.86482
2026-09-08,15:41,06066,中信建投证券,3818,11.800,45052.400,38962.21656800,0.86482
2026-09-08,15:41,06099,招商证券,2205,14.980,33030.900,28565.78293800,0.86482
2026-09-08,15:41,06178,光大证券,2132,7.430,15840.760,13699.40606320,0.86482
2026-09-08,15:41,06806,申万宏源,7581,2.530,19179.930,16587.18706260,0.86482
2026-09-08,15:41,06881,中国银河,10742,7.655,82230.010,71114.15724820,0.86482
2026-09-08,15:41,06886,HTSC,4956,17.430,86383.080,74705.81524560,0.86482
2026-09-08,15:42,00165,中国光大控股,2174,6.485,14098.390,12192.56963980,0.86482
2026-09-08,15:42,00388,香港交易所,372,402.000,149544.000,129328.64208000,0.86482
2026-09-08,15:42,01359,中国信达,35009,0.915,32033.235,27702.98229270,0.86482
2026-09-08,15:42,01375,中州证券,5170,1.730,8944.100,7735.03656200,0.86482
2026-09-08,15:42,01456,国联民生,1914,3.865,7397.610,6397.60108020,0.86482
2026-09-08,15:42,01776,广发证券,4984,17.830,88864.720,76851.98715040,0.86482
2026-09-08,15:42,01788,国泰君安国际,12351,2.885,35632.635,30815.81540070,0.86482
2026-09-08,15:42,02611,国泰海通,8162,14.820,120960.840,104609.35364880,0.86482
2026-09-08,15:42,03908,中金公司,5540,19.830,109858.200,95007.56852400,0.86482
2026-09-08,15:42,03958,东方证券,4442,5.805,25785.810,22300.08420420,0.86482
2026-09-08,15:42,06030,中信证券,6975,25.660,178978.500,154784.18637000,0.86482
2026-09-08,15:42,06066,中信建投证券,3818,11.800,45052.400,38962.21656800,0.86482
2026-09-08,15:42,06099,招商证券,2205,14.980,33030.900,28565.78293800,0.86482
2026-09-08,15:42,06178,光大证券,2132,7.420,15819.440,13680.96810080,0.86482
2026-09-08,15:42,06806,申万宏源,7581,2.530,19179.930,16587.18706260,0.86482
2026-09-08,15:42,06881,中国银河,10742,7.655,82230.010,71114.15724820,0.86482
2026-09-08,15:42,06886,HTSC,4956,17.420,86333.520,74662.95476640,0.86482
2026-09-08,15:43,00165,中国光大控股,2174,6.485,14098.390,12192.56963980,0.86482
2026-09-08,15:43,00388,香港交易所,372,402.200,149618.400,129392.98468800,0.86482
2026-09-08,15:43,01359,中国信达,35009,0.910,31858.190,27551.59987580,0.86482
2026-09-08,15:43,01375,中州证券,5170,1.730,8944.100,7735.03656200,0.86482
2026-09-08,15:43,01456,国联民生,1914,3.865,7397.610,6397.60108020,0.86482
2026-09-08,15:43,01776,广发证券,4984,17.860,89014.240,76981.29503680,0.86482
2026-09-08,15:43,01788,国泰君安国际,12351,2.880,35570.880,30762.40844160,0.86482
2026-09-08,15:43,02611,国泰海通,8162,14.820,120960.840,104609.35364880,0.86482
2026-09-08,15:43,03908,中金公司,5540,19.840,109913.600,95055.47955200,0.86482
2026-09-08,15:43,03958,东方证券,4442,5.805,25785.810,22300.08420420,0.86482
2026-09-08,15:43,06030,中信证券,6975,25.660,178978.500,154784.18637000,0.86482
2026-09-08,15:43,06066,中信建投证券,3818,11.790,45014.220,38929.19774040,0.86482
2026-09-08,15:43,06099,招商证券,2205,14.980,33030.900,28565.78293800,0.86482
2026-09-08,15:43,06178,光大证券,2132,7.420,15819.440,13680.96810080,0.86482
2026-09-08,15:43,06806,申万宏源,7581,2.525,19142.025,16554.40606050,0.86482
2026-09-08,15:43,06881,中国银河,10742,7.655,82230.010,71114.15724820,0.86482
2026-09-08,15:43,06886,HTSC,4956,17.420,86333.520,74662.95476640,0.86482
2026-09-08,15:44,00165,中国光大控股,2174,6.475,14076.650,12173.76845300,0.86482
2026-09-08,15:44,00388,香港交易所,372,402.200,149618.400,129392.98468800,0.86482
2026-09-08,15:44,01359,中国信达,35009,0.910,31858.190,27551.59987580,0.86482
2026-09-08,15:44,01375,中州证券,5170,1.730,8944.100,7735.03656200,0.86482
2026-09-08,15:44,01456,国联民生,1914,3.860,7388.040,6389.32475280,0.86482
2026-09-08,15:44,01776,广发证券,4984,17.870,89064.080,77024.39766560,0.86482
2026-09-08,15:44,01788,国泰君安国际,12351,2.880,35570.880,30762.40844160,0.86482
2026-09-08,15:44,02611,国泰海通,8162,14.820,120960.840,104609.35364880,0.86482
2026-09-08,15:44,03908,中金公司,5540,19.870,110079.800,95199.21263600,0.86482
2026-09-08,15:44,03958,东方证券,4442,5.805,25785.810,22300.08420420,0.86482
2026-09-08,15:44,06030,中信证券,6975,25.720,179397.000,155146.11354000,0.86482
2026-09-08,15:44,06066,中信建投证券,3818,11.810,45090.580,38995.23539560,0.86482
2026-09-08,15:44,06099,招商证券,2205,14.980,33030.900,28565.78293800,0.86482
2026-09-08,15:44,06178,光大证券,2132,7.425,15830.100,13690.18708200,0.86482
2026-09-08,15:44,06806,申万宏源,7581,2.525,19142.025,16554.40606050,0.86482
2026-09-08,15:44,06881,中国银河,10742,7.660,82283.720,71160.60673040,0.86482
2026-09-08,15:44,06886,HTSC,4956,17.420,86333.520,74662.95476640,0.86482
2026-09-08,15:45,00165,中国光大控股,2174,6.480,14087.520,12183.16904640,0.86482
2026-09-08,15:45,00388,香港交易所,372,402.400,149692.800,129457.32729600,0.86482
2026-09-08,15:45,01359,中国信达,35009,0.910,31858.190,27551.59987580,0.86482
2026-09-08,15:45,01375,中州证券,5170,1.730,8944.100,7735.03656200,0.86482
2026-09-08,15:45,01456,国联民生,1914,3.860,7388.040,6389.32475280,0.86482
2026-09-08,15:45,01776,广发证券,4984,17.880,89113.920,77067.50029440,0.86482
2026-09-08,15:45,01788,国泰君安国际,12351,2.885,35632.635,30815.81540070,0.86482
2026-09-08,15:45,02611,国泰海通,8162,14.820,120960.840,104609.35364880,0.86482
2026-09-08,15:45,03908,中金公司,5540,19.860,110024.400,95151.30160800,0.86482
2026-09-08,15:45,03958,东方证券,4442,5.805,25785.810,22300.08420420,0.86482
2026-09-08,15:45,06030,中信证券,6975,25.700,179257.500,155025.47115000,0.86482
2026-09-08,15:45,06066,中信建投证券,3818,11.810,45090.580,38995.23539560,0.86482
2026-09-08,15:45,06099,招商证券,2205,14.990,33052.950,28584.85221900,0.86482
2026-09-08,15:45,06178,光大证券,2132,7.425,15830.100,13690.18708200,0.86482
2026-09-08,15:45,06806,申万宏源,7581,2.525,19142.025,16554.40606050,0.86482
2026-09-08,15:45,06881,中国银河,10742,7.655,82230.010,71114.15724820,0.86482
2026-09-08,15:45,06886,HTSC,4956,17.420,86333.520,74662.95476640,0.86482
2026-09-08,15:46,00165,中国光大控股,2174,6.480,14087.520,12183.16904640,0.86482
2026-09-08,15:46,00388,香港交易所,372,402.400,149692.800,129457.32729600,0.86482
2026-09-08,15:46,01359,中国信达,35009,0.910,31858.190,27551.59987580,0.86482
2026-09-08,15:46,01375,中州证券,5170,1.730,8944.100,7735.03656200,0.86482
2026-09-08,15:46,01456,国联民生,1914,3.860,7388.040,6389.32475280,0.86482
2026-09-08,15:46,01776,广发证券,4984,17.880,89113.920,77067.50029440,0.86482
2026-09-08,15:46,01788,国泰君安国际,12351,2.880,35570.880,30762.40844160,0.86482
2026-09-08,15:46,02611,国泰海通,8162,14.810,120879.220,104538.76704040,0.86482
2026-09-08,15:46,03908,中金公司,5540,19.850,109969.000,95103.39058000,0.86482
2026-09-08,15:46,03958,东方证券,4442,5.805,25785.810,22300.08420420,0.86482
2026-09-08,15:46,06030,中信证券,6975,25.680,179118.000,154904.82876000,0.86482
2026-09-08,15:46,06066,中信建投证券,3818,11.800,45052.400,38962.21656800,0.86482
2026-09-08,15:46,06099,招商证券,2205,14.970,33008.850,28546.71365700,0.86482
2026-09-08,15:46,06178,光大证券,2132,7.425,15830.100,13690.18708200,0.86482
2026-09-08,15:46,06806,申万宏源,7581,2.525,19142.025,16554.40606050,0.86482
2026-09-08,15:46,06881,中国银河,10742,7.655,82230.010,71114.15724820,0.86482
2026-09-08,15:46,06886,HTSC,4956,17.430,86383.080,74705.81524560,0.86482
2026-09-08,15:47,00165,中国光大控股,2174,6.480,14087.520,12183.16904640,0.86482
2026-09-08,15:47,00388,香港交易所,372,402.400,149692.800,129457.32729600,0.86482
2026-09-08,15:47,01359,中国信达,35009,0.915,32033.235,27702.98229270,0.86482
2026-09-08,15:47,01375,中州证券,5170,1.730,8944.100,7735.03656200,0.86482
2026-09-08,15:47,01456,国联民生,1914,3.865,7397.610,6397.60108020,0.86482
2026-09-08,15:47,01776,广发证券,4984,17.860,89014.240,76981.29503680,0.86482
2026-09-08,15:47,01788,国泰君安国际,12351,2.880,35570.880,30762.40844160,0.86482
2026-09-08,15:47,02611,国泰海通,8162,14.790,120715.980,104397.59382360,0.86482
2026-09-08,15:47,03908,中金公司,5540,19.860,110024.400,95151.30160800,0.86482
2026-09-08,15:47,03958,东方证券,4442,5.805,25785.810,22300.08420420,0.86482
2026-09-08,15:47,06030,中信证券,6975,25.660,178978.500,154784.18637000,0.86482
2026-09-08,15:47,06066,中信建投证券,3818,11.790,45014.220,38929.19774040,0.86482
2026-09-08,15:47,06099,招商证券,2205,14.950,32964.750,28508.57509500,0.86482
2026-09-08,15:47,06178,光大证券,2132,7.420,15819.440,13680.96810080,0.86482
2026-09-08,15:47,06806,申万宏源,7581,2.525,19142.025,16554.40606050,0.86482
2026-09-08,15:47,06881,中国银河,10742,7.645,82122.590,71021.25828380,0.86482
2026-09-08,15:47,06886,HTSC,4956,17.430,86383.080,74705.81524560,0.86482
2026-09-08,15:48,00165,中国光大控股,2174,6.480,14087.520,12183.16904640,0.86482
2026-09-08,15:48,00388,香港交易所,372,402.200,149618.400,129392.98468800,0.86482
2026-09-08,15:48,01359,中国信达,35009,0.915,32033.235,27702.98229270,0.86482
2026-09-08,15:48,01375,中州证券,5170,1.730,8944.100,7735.03656200,0.86482
2026-09-08,15:48,01456,国联民生,1914,3.865,7397.610,6397.60108020,0.86482
2026-09-08,15:48,01776,广发证券,4984,17.890,89163.760,77110.60292320,0.86482
2026-09-08,15:48,01788,国泰君安国际,12351,2.880,35570.880,30762.40844160,0.86482
2026-09-08,15:48,02611,国泰海通,8162,14.790,120715.980,104397.59382360,0.86482
2026-09-08,15:48,03908,中金公司,5540,19.850,109969.000,95103.39058000,0.86482
2026-09-08,15:48,03958,东方证券,4442,5.805,25785.810,22300.08420420,0.86482
2026-09-08,15:48,06030,中信证券,6975,25.680,179118.000,154904.82876000,0.86482
2026-09-08,15:48,06066,中信建投证券,3818,11.810,45090.580,38995.23539560,0.86482
2026-09-08,15:48,06099,招商证券,2205,14.970,33008.850,28546.71365700,0.86482
2026-09-08,15:48,06178,光大证券,2132,7.420,15819.440,13680.96810080,0.86482
2026-09-08,15:48,06806,申万宏源,7581,2.525,19142.025,16554.40606050,0.86482
2026-09-08,15:48,06881,中国银河,10742,7.650,82176.300,71067.70776600,0.86482
2026-09-08,15:48,06886,HTSC,4956,17.430,86383.080,74705.81524560,0.86482
2026-09-08,15:49,00165,中国光大控股,2174,6.475,14076.650,12173.76845300,0.86482
2026-09-08,15:49,00388,香港交易所,372,402.200,149618.400,129392.98468800,0.86482
2026-09-08,15:49,01359,中国信达,35009,0.915,32033.235,27702.98229270,0.86482
2026-09-08,15:49,01375,中州证券,5170,1.730,8944.100,7735.03656200,0.86482
2026-09-08,15:49,01456,国联民生,1914,3.865,7397.610,6397.60108020,0.86482
2026-09-08,15:49,01776,广发证券,4984,17.910,89263.440,77196.80818080,0.86482
2026-09-08,15:49,01788,国泰君安国际,12351,2.880,35570.880,30762.40844160,0.86482
2026-09-08,15:49,02611,国泰海通,8162,14.810,120879.220,104538.76704040,0.86482
2026-09-08,15:49,03908,中金公司,5540,19.870,110079.800,95199.21263600,0.86482
2026-09-08,15:49,03958,东方证券,4442,5.810,25808.020,22319.29185640,0.86482
2026-09-08,15:49,06030,中信证券,6975,25.680,179118.000,154904.82876000,0.86482
2026-09-08,15:49,06066,中信建投证券,3818,11.790,45014.220,38929.19774040,0.86482
2026-09-08,15:49,06099,招商证券,2205,14.990,33052.950,28584.85221900,0.86482
2026-09-08,15:49,06178,光大证券,2132,7.420,15819.440,13680.96810080,0.86482
2026-09-08,15:49,06806,申万宏源,7581,2.520,19104.120,16521.62505840,0.86482
2026-09-08,15:49,06881,中国银河,10742,7.650,82176.300,71067.70776600,0.86482
2026-09-08,15:49,06886,HTSC,4956,17.460,86531.760,74834.39668320,0.86482
2026-09-08,15:50,00165,中国光大控股,2174,6.475,14076.650,12173.76845300,0.86482
2026-09-08,15:50,00388,香港交易所,372,402.400,149692.800,129457.32729600,0.86482
2026-09-08,15:50,01359,中国信达,35009,0.915,32033.235,27702.98229270,0.86482
2026-09-08,15:50,01375,中州证券,5170,1.730,8944.100,7735.03656200,0.86482
2026-09-08,15:50,01456,国联民生,1914,3.865,7397.610,6397.60108020,0.86482
2026-09-08,15:50,01776,广发证券,4984,17.920,89313.280,77239.91080960,0.86482
2026-09-08,15:50,01788,国泰君安国际,12351,2.885,35632.635,30815.81540070,0.86482
2026-09-08,15:50,02611,国泰海通,8162,14.810,120879.220,104538.76704040,0.86482
2026-09-08,15:50,03908,中金公司,5540,19.870,110079.800,95199.21263600,0.86482
2026-09-08,15:50,03958,东方证券,4442,5.810,25808.020,22319.29185640,0.86482
2026-09-08,15:50,06030,中信证券,6975,25.700,179257.500,155025.47115000,0.86482
2026-09-08,15:50,06066,中信建投证券,3818,11.810,45090.580,38995.23539560,0.86482
2026-09-08,15:50,06099,招商证券,2205,14.990,33052.950,28584.85221900,0.86482
2026-09-08,15:50,06178,光大证券,2132,7.425,15830.100,13690.18708200,0.86482
2026-09-08,15:50,06806,申万宏源,7581,2.520,19104.120,16521.62505840,0.86482
2026-09-08,15:50,06881,中国银河,10742,7.650,82176.300,71067.70776600,0.86482
2026-09-08,15:50,06886,HTSC,4956,17.510,86779.560,75048.69907920,0.86482
2026-09-08,15:51,00165,中国光大控股,2174,6.475,14076.650,12173.76845300,0.86482
2026-09-08,15:51,00388,香港交易所,372,402.200,149618.400,129392.98468800,0.86482
2026-09-08,15:51,01359,中国信达,35009,0.915,32033.235,27702.98229270,0.86482
2026-09-08,15:51,01375,中州证券,5170,1.740,8995.800,7779.74775600,0.86482
2026-09-08,15:51,01456,国联民生,1914,3.865,7397.610,6397.60108020,0.86482
2026-09-08,15:51,01776,广发证券,4984,17.930,89363.120,77283.01343840,0.86482
2026-09-08,15:51,01788,国泰君安国际,12351,2.885,35632.635,30815.81540070,0.86482
2026-09-08,15:51,02611,国泰海通,8162,14.810,120879.220,104538.76704040,0.86482
2026-09-08,15:51,03908,中金公司,5540,19.860,110024.400,95151.30160800,0.86482
2026-09-08,15:51,03958,东方证券,4442,5.810,25808.020,22319.29185640,0.86482
2026-09-08,15:51,06030,中信证券,6975,25.640,178839.000,154663.54398000,0.86482
2026-09-08,15:51,06066,中信建投证券,3818,11.790,45014.220,38929.19774040,0.86482
2026-09-08,15:51,06099,招商证券,2205,14.990,33052.950,28584.85221900,0.86482
2026-09-08,15:51,06178,光大证券,2132,7.420,15819.440,13680.96810080,0.86482
2026-09-08,15:51,06806,申万宏源,7581,2.520,19104.120,16521.62505840,0.86482
2026-09-08,15:51,06881,中国银河,10742,7.655,82230.010,71114.15724820,0.86482
2026-09-08,15:51,06886,HTSC,4956,17.490,86680.440,74962.97812080,0.86482
2026-09-08,15:52,00165,中国光大控股,2174,6.470,14065.780,12164.36785960,0.86482
2026-09-08,15:52,00388,香港交易所,372,402.200,149618.400,129392.98468800,0.86482
2026-09-08,15:52,01359,中国信达,35009,0.915,32033.235,27702.98229270,0.86482
2026-09-08,15:52,01375,中州证券,5170,1.730,8944.100,7735.03656200,0.86482
2026-09-08,15:52,01456,国联民生,1914,3.865,7397.610,6397.60108020,0.86482
2026-09-08,15:52,01776,广发证券,4984,17.930,89363.120,77283.01343840,0.86482
2026-09-08,15:52,01788,国泰君安国际,12351,2.885,35632.635,30815.81540070,0.86482
2026-09-08,15:52,02611,国泰海通,8162,14.820,120960.840,104609.35364880,0.86482
2026-09-08,15:52,03908,中金公司,5540,19.860,110024.400,95151.30160800,0.86482
2026-09-08,15:52,03958,东方证券,4442,5.805,25785.810,22300.08420420,0.86482
2026-09-08,15:52,06030,中信证券,6975,25.640,178839.000,154663.54398000,0.86482
2026-09-08,15:52,06066,中信建投证券,3818,11.780,44976.040,38896.17891280,0.86482
2026-09-08,15:52,06099,招商证券,2205,14.950,32964.750,28508.57509500,0.86482
2026-09-08,15:52,06178,光大证券,2132,7.420,15819.440,13680.96810080,0.86482
2026-09-08,15:52,06806,申万宏源,7581,2.520,19104.120,16521.62505840,0.86482
2026-09-08,15:52,06881,中国银河,10742,7.655,82230.010,71114.15724820,0.86482
2026-09-08,15:52,06886,HTSC,4956,17.480,86630.880,74920.11764160,0.86482
2026-09-08,15:53,00165,中国光大控股,2174,6.470,14065.780,12164.36785960,0.86482
2026-09-08,15:53,00388,香港交易所,372,402.200,149618.400,129392.98468800,0.86482
2026-09-08,15:53,01359,中国信达,35009,0.915,32033.235,27702.98229270,0.86482
2026-09-08,15:53,01375,中州证券,5170,1.730,8944.100,7735.03656200,0.86482
2026-09-08,15:53,01456,国联民生,1914,3.865,7397.610,6397.60108020,0.86482
2026-09-08,15:53,01776,广发证券,4984,17.880,89113.920,77067.50029440,0.86482
2026-09-08,15:53,01788,国泰君安国际,12351,2.880,35570.880,30762.40844160,0.86482
2026-09-08,15:53,02611,国泰海通,8162,14.820,120960.840,104609.35364880,0.86482
2026-09-08,15:53,03908,中金公司,5540,19.840,109913.600,95055.47955200,0.86482
2026-09-08,15:53,03958,东方证券,4442,5.805,25785.810,22300.08420420,0.86482
2026-09-08,15:53,06030,中信证券,6975,25.640,178839.000,154663.54398000,0.86482
2026-09-08,15:53,06066,中信建投证券,3818,11.780,44976.040,38896.17891280,0.86482
2026-09-08,15:53,06099,招商证券,2205,14.980,33030.900,28565.78293800,0.86482
2026-09-08,15:53,06178,光大证券,2132,7.420,15819.440,13680.96810080,0.86482
2026-09-08,15:53,06806,申万宏源,7581,2.520,19104.120,16521.62505840,0.86482
2026-09-08,15:53,06881,中国银河,10742,7.650,82176.300,71067.70776600,0.86482
2026-09-08,15:53,06886,HTSC,4956,17.490,86680.440,74962.97812080,0.86482
2026-09-08,15:54,00165,中国光大控股,2174,6.470,14065.780,12164.36785960,0.86482
2026-09-08,15:54,00388,香港交易所,372,402.400,149692.800,129457.32729600,0.86482
2026-09-08,15:54,01359,中国信达,35009,0.915,32033.235,27702.98229270,0.86482
2026-09-08,15:54,01375,中州证券,5170,1.735,8969.950,7757.39215900,0.86482
2026-09-08,15:54,01456,国联民生,1914,3.865,7397.610,6397.60108020,0.86482
2026-09-08,15:54,01776,广发证券,4984,17.880,89113.920,77067.50029440,0.86482
2026-09-08,15:54,01788,国泰君安国际,12351,2.880,35570.880,30762.40844160,0.86482
2026-09-08,15:54,02611,国泰海通,8162,14.830,121042.460,104679.94025720,0.86482
2026-09-08,15:54,03908,中金公司,5540,19.860,110024.400,95151.30160800,0.86482
2026-09-08,15:54,03958,东方证券,4442,5.805,25785.810,22300.08420420,0.86482
2026-09-08,15:54,06030,中信证券,6975,25.680,179118.000,154904.82876000,0.86482
2026-09-08,15:54,06066,中信建投证券,3818,11.770,44937.860,38863.16008520,0.86482
2026-09-08,15:54,06099,招商证券,2205,14.930,32920.650,28470.43653300,0.86482
2026-09-08,15:54,06178,光大证券,2132,7.425,15830.100,13690.18708200,0.86482
2026-09-08,15:54,06806,申万宏源,7581,2.520,19104.120,16521.62505840,0.86482
2026-09-08,15:54,06881,中国银河,10742,7.645,82122.590,71021.25828380,0.86482
2026-09-08,15:54,06886,HTSC,4956,17.490,86680.440,74962.97812080,0.86482
2026-09-08,15:55,00165,中国光大控股,2174,6.465,14054.910,12154.96726620,0.86482
2026-09-08,15:55,00388,香港交易所,372,402.000,149544.000,129328.64208000,0.86482
2026-09-08,15:55,01359,中国信达,35009,0.915,32033.235,27702.98229270,0.86482
2026-09-08,15:55,01375,中州证券,5170,1.740,8995.800,7779.74775600,0.86482
2026-09-08,15:55,01456,国联民生,1914,3.875,7416.750,6414.15373500,0.86482
2026-09-08,15:55,01776,广发证券,4984,17.900,89213.600,77153.70555200,0.86482
2026-09-08,15:55,01788,国泰君安国际,12351,2.885,35632.635,30815.81540070,0.86482
2026-09-08,15:55,02611,国泰海通,8162,14.850,121205.700,104821.11347400,0.86482
2026-09-08,15:55,03908,中金公司,5540,19.860,110024.400,95151.30160800,0.86482
2026-09-08,15:55,03958,东方证券,4442,5.805,25785.810,22300.08420420,0.86482
2026-09-08,15:55,06030,中信证券,6975,25.680,179118.000,154904.82876000,0.86482
2026-09-08,15:55,06066,中信建投证券,3818,11.770,44937.860,38863.16008520,0.86482
2026-09-08,15:55,06099,招商证券,2205,14.960,32986.800,28527.64437600,0.86482
2026-09-08,15:55,06178,光大证券,2132,7.425,15830.100,13690.18708200,0.86482
2026-09-08,15:55,06806,申万宏源,7581,2.520,19104.120,16521.62505840,0.86482
2026-09-08,15:55,06881,中国银河,10742,7.645,82122.590,71021.25828380,0.86482
2026-09-08,15:55,06886,HTSC,4956,17.490,86680.440,74962.97812080,0.86482
2026-09-08,15:56,00165,中国光大控股,2174,6.475,14076.650,12173.76845300,0.86482
2026-09-08,15:56,00388,香港交易所,372,402.400,149692.800,129457.32729600,0.86482
2026-09-08,15:56,01359,中国信达,35009,0.915,32033.235,27702.98229270,0.86482
2026-09-08,15:56,01375,中州证券,5170,1.735,8969.950,7757.39215900,0.86482
2026-09-08,15:56,01456,国联民生,1914,3.875,7416.750,6414.15373500,0.86482
2026-09-08,15:56,01776,广发证券,4984,17.930,89363.120,77283.01343840,0.86482
2026-09-08,15:56,01788,国泰君安国际,12351,2.885,35632.635,30815.81540070,0.86482
2026-09-08,15:56,02611,国泰海通,8162,14.840,121124.080,104750.52686560,0.86482
2026-09-08,15:56,03908,中金公司,5540,19.860,110024.400,95151.30160800,0.86482
2026-09-08,15:56,03958,东方证券,4442,5.805,25785.810,22300.08420420,0.86482
2026-09-08,15:56,06030,中信证券,6975,25.660,178978.500,154784.18637000,0.86482
2026-09-08,15:56,06066,中信建投证券,3818,11.770,44937.860,38863.16008520,0.86482
2026-09-08,15:56,06099,招商证券,2205,14.960,32986.800,28527.64437600,0.86482
2026-09-08,15:56,06178,光大证券,2132,7.425,15830.100,13690.18708200,0.86482
2026-09-08,15:56,06806,申万宏源,7581,2.520,19104.120,16521.62505840,0.86482
2026-09-08,15:56,06881,中国银河,10742,7.650,82176.300,71067.70776600,0.86482
2026-09-08,15:56,06886,HTSC,4956,17.490,86680.440,74962.97812080,0.86482
2026-09-08,15:57,00165,中国光大控股,2174,6.475,14076.650,12173.76845300,0.86482
2026-09-08,15:57,00388,香港交易所,372,402.400,149692.800,129457.32729600,0.86482
2026-09-08,15:57,01359,中国信达,35009,0.915,32033.235,27702.98229270,0.86482
2026-09-08,15:57,01375,中州证券,5170,1.740,8995.800,7779.74775600,0.86482
2026-09-08,15:57,01456,国联民生,1914,3.875,7416.750,6414.15373500,0.86482
2026-09-08,15:57,01776,广发证券,4984,17.920,89313.280,77239.91080960,0.86482
2026-09-08,15:57,01788,国泰君安国际,12351,2.885,35632.635,30815.81540070,0.86482
2026-09-08,15:57,02611,国泰海通,8162,14.840,121124.080,104750.52686560,0.86482
2026-09-08,15:57,03908,中金公司,5540,19.900,110246.000,95342.94572000,0.86482
2026-09-08,15:57,03958,东方证券,4442,5.805,25785.810,22300.08420420,0.86482
2026-09-08,15:57,06030,中信证券,6975,25.700,179257.500,155025.47115000,0.86482
2026-09-08,15:57,06066,中信建投证券,3818,11.770,44937.860,38863.16008520,0.86482
2026-09-08,15:57,06099,招商证券,2205,14.970,33008.850,28546.71365700,0.86482
2026-09-08,15:57,06178,光大证券,2132,7.425,15830.100,13690.18708200,0.86482
2026-09-08,15:57,06806,申万宏源,7581,2.520,19104.120,16521.62505840,0.86482
2026-09-08,15:57,06881,中国银河,10742,7.655,82230.010,71114.15724820,0.86482
2026-09-08,15:57,06886,HTSC,4956,17.490,86680.440,74962.97812080,0.86482
2026-09-08,15:58,00165,中国光大控股,2174,6.470,14065.780,12164.36785960,0.86482
2026-09-08,15:58,00388,香港交易所,372,402.400,149692.800,129457.32729600,0.86482
2026-09-08,15:58,01359,中国信达,35009,0.910,31858.190,27551.59987580,0.86482
2026-09-08,15:58,01375,中州证券,5170,1.740,8995.800,7779.74775600,0.86482
2026-09-08,15:58,01456,国联民生,1914,3.865,7397.610,6397.60108020,0.86482
2026-09-08,15:58,01776,广发证券,4984,17.920,89313.280,77239.91080960,0.86482
2026-09-08,15:58,01788,国泰君安国际,12351,2.885,35632.635,30815.81540070,0.86482
2026-09-08,15:58,02611,国泰海通,8162,14.830,121042.460,104679.94025720,0.86482
2026-09-08,15:58,03908,中金公司,5540,19.890,110190.600,95295.03469200,0.86482
2026-09-08,15:58,03958,东方证券,4442,5.805,25785.810,22300.08420420,0.86482
2026-09-08,15:58,06030,中信证券,6975,25.700,179257.500,155025.47115000,0.86482
2026-09-08,15:58,06066,中信建投证券,3818,11.770,44937.860,38863.16008520,0.86482
2026-09-08,15:58,06099,招商证券,2205,14.980,33030.900,28565.78293800,0.86482
2026-09-08,15:58,06178,光大证券,2132,7.425,15830.100,13690.18708200,0.86482
2026-09-08,15:58,06806,申万宏源,7581,2.525,19142.025,16554.40606050,0.86482
2026-09-08,15:58,06881,中国银河,10742,7.655,82230.010,71114.15724820,0.86482
2026-09-08,15:58,06886,HTSC,4956,17.490,86680.440,74962.97812080,0.86482
2026-09-08,15:59,00165,中国光大控股,2174,6.465,14054.910,12154.96726620,0.86482
2026-09-08,15:59,00388,香港交易所,372,402.400,149692.800,129457.32729600,0.86482
2026-09-08,15:59,01359,中国信达,35009,0.915,32033.235,27702.98229270,0.86482
2026-09-08,15:59,01375,中州证券,5170,1.730,8944.100,7735.03656200,0.86482
2026-09-08,15:59,01456,国联民生,1914,3.865,7397.610,6397.60108020,0.86482
2026-09-08,15:59,01776,广发证券,4984,17.930,89363.120,77283.01343840,0.86482
2026-09-08,15:59,01788,国泰君安国际,12351,2.885,35632.635,30815.81540070,0.86482
2026-09-08,15:59,02611,国泰海通,8162,14.810,120879.220,104538.76704040,0.86482
2026-09-08,15:59,03908,中金公司,5540,19.910,110301.400,95390.85674800,0.86482
2026-09-08,15:59,03958,东方证券,4442,5.805,25785.810,22300.08420420,0.86482
2026-09-08,15:59,06030,中信证券,6975,25.700,179257.500,155025.47115000,0.86482
2026-09-08,15:59,06066,中信建投证券,3818,11.780,44976.040,38896.17891280,0.86482
2026-09-08,15:59,06099,招商证券,2205,14.980,33030.900,28565.78293800,0.86482
2026-09-08,15:59,06178,光大证券,2132,7.420,15819.440,13680.96810080,0.86482
2026-09-08,15:59,06806,申万宏源,7581,2.525,19142.025,16554.40606050,0.86482
2026-09-08,15:59,06881,中国银河,10742,7.670,82391.140,71253.50569480,0.86482
2026-09-08,15:59,06886,HTSC,4956,17.490,86680.440,74962.97812080,0.86482
2026-09-08,16:08,00165,中国光大控股,2174,6.440,14000.560,12107.96429920,0.86482
2026-09-08,16:08,00388,香港交易所,372,402.000,149544.000,129328.64208000,0.86482
2026-09-08,16:08,01359,中国信达,35009,0.910,31858.190,27551.59987580,0.86482
2026-09-08,16:08,01375,中州证券,5170,1.730,8944.100,7735.03656200,0.86482
2026-09-08,16:08,01456,国联民生,1914,3.865,7397.610,6397.60108020,0.86482
2026-09-08,16:08,01776,广发证券,4984,17.910,89263.440,77196.80818080,0.86482
2026-09-08,16:08,01788,国泰君安国际,12351,2.885,35632.635,30815.81540070,0.86482
2026-09-08,16:08,02611,国泰海通,8162,14.870,121368.940,104962.28669080,0.86482
2026-09-08,16:08,03908,中金公司,5540,19.860,110024.400,95151.30160800,0.86482
2026-09-08,16:08,03958,东方证券,4442,5.800,25763.600,22280.87655200,0.86482
2026-09-08,16:08,06030,中信证券,6975,25.700,179257.500,155025.47115000,0.86482
2026-09-08,16:08,06066,中信建投证券,3818,11.770,44937.860,38863.16008520,0.86482
2026-09-08,16:08,06099,招商证券,2205,14.950,32964.750,28508.57509500,0.86482
2026-09-08,16:08,06178,光大证券,2132,7.410,15798.120,13662.53013840,0.86482
2026-09-08,16:08,06806,申万宏源,7581,2.520,19104.120,16521.62505840,0.86482
2026-09-08,16:08,06881,中国银河,10742,7.650,82176.300,71067.70776600,0.86482
2026-09-08,16:08,06886,HTSC,4956,17.480,86630.880,74920.11764160,0.86482
