list_order,code,fund_name,prospectus_title,prospectus_date,rtgs_context,netting_context,buy_context,sell_context,cash_difference_context,source_text_file
11,159117,鹏华港股通低波红利ETF,鹏华标普港股通低波红利交易型开放式指数证券投资基金更新的招募说明书,2026-08-06,基 金 现 金 申 购 业 务 中 的 现 金 替 代 采 用 实 时 逐 笔 全 额 结 算 （ Real Time Gross Settlement，简称 RTGS）模式；赎回业务涉及的现金替代采用代收代付处理；申购、赎回 业务涉及的现金差额和现金替代退补款采用代收代付处理。 （1）申购的清算交收 投资者 T 日提交的申购申请受理后，如交易记录已勾单且申购资金足额的，登记机构 在 T 日日间实时办理基金份额及现金替代的交收；T 日日间未进行勾单确认或日间资金不 足的，登记机构在 T 日日终根据资金是否足额办理基金份额及现金替代的清算交收，并将 结果发送给基金管理人、申购赎回代理券商和基金托管人。基金管理人与申购赎回代理券 商在 T+2 日办理现金差额的交收。 （2）赎回的清算,不买入或不卖出部分被替代证券，或者不进行任何买入或卖出证券的操作，基 金管理人可能不买入或不卖出被替代证券的情形包括但不限于市场流动性不足、技术系统 无法实现、申购赎回轧差以及基金管理人认为不应买入或卖出的其他情形。 （9）第三方机构服务的风险 本基金的多项服务委托第三方机构办理，存在以下风险： 1）申购赎回代理券商因多种原因，导致代理申购、赎回业务受到限制、暂停或终止， 由此影响对投资者申购赎回服务的风险。 2）登记机构可能调整结算制度，如对投资者基金份额、组合证券及资金的结算方式发 生变化，制度调整可能给投资者带来理解偏差的风险。同样的风险还可能来自于证券交易 所及其他代理机构。 3）第三方机构可能违约，导致基金或投资者利益受损的风险。 70 3、港股通机制下港股通标的股票的投资风险 本基金投资港股通标的股票，除了需要承担与境内证券投资基金类似的市场波动风险,申购替代金额的处理程序 T 日，基金管理人在申购赎回清单中公布申购现金替代保证金率，并据此收取申购替 代金额。 对于确认成功的 T 日申购申请，通常情况下 T 日内基金管理人根据申购规模进行组合 证券的代理买入。基金管理人有权在 T 日内任意时刻以收到的替代金额代投资者买入小于 等于被替代证券数量的任意数量的被替代证券。基金管理人有权根据基金投资的需要自主 决定不买入部分被替代证券，或者不进行任何买入证券的操作，基金管理人可能不买入被 替代证券的情形包括但不限于市场流动性不足、技术系统无法实现以及基金管理人认为不 应买入的其他情形。T 日日终，基金管理人根据所购入的被替代证券的实际单位购入成本 （包括买入价格与相关费用，折算为人民币）和未买入的被替代证券的 T 日收盘价（折算 为人民币，折算汇率采用基金管理人和基金托管人商定的汇率公允价，汇率公允价包括中 国人民银行或其授权机构公布的人民币汇率中间价、中国外汇交易中心参考汇率、中国外 34 汇交易中心收盘价、与基金托管人商定的其他公允价格等；当日在证券交易所无交易的， 取最近交易日的收盘价；当日无收盘价的，取最后成交价）计算被替代证券的单位结算成 本，在此基础上根据替代证券数量和申购替代金额确定基金应退还投资者或投资者应补交 的款项。 正常情况下，T+3 日（指港股通交易日）内，基金管理人将应退款和补款的明细及汇 总数据发送给登记机构，登记机构办理现金替代多退少补资金的清算，并将结果发送给相 关申购赎回代理券商和基金托管人。 如遇港股通临时停市、港股通交易每日额度或总额度不足等特殊情况，组合证券的代 理买入及结算价格可依次顺延至下一港股通交易日直至交易正常。如遇证券长期停牌、流 动性不足等可能导致收盘价或最后成交价不公允的特殊情况，可参照证券的估值价格，对 结算价格进行调整，如果基金管理人认为该证券复牌后的价格可能存在较大波动，且可能 对基金资产净值产生较大影响，为了更好的维护基金份额持有人利益，该证券对应的现金 替代款的清算交收可在其复牌后按照实际交易成本办理。在此期间若该证券发生除息、送 股（转增）、配股等重要权益变动，则进行相应调整。 ④赎回对应的替代金额 赎回时，对于可以现金替代的证券，替代金额为扣除相关费用后的该证券的卖出价值 （或证券实际结算价值） ⑤赎回替代金额的处理程序 对于确认成功的 T 日赎回申请，通常情况下 T 日内基金管理人根据赎回规模进行组合 证券的代理卖出。基金管理人有权在 T 日内任意时刻卖出小于等于被替代证券数量的任意 数量的被替代证券。基金管理人有权根据基金投资的需要自主决定不卖出部分被替代证 券，或者不进行任何卖出证券的操作，基金管理人可能不卖出被替代证券的情形包括但不 限于市场流动性不足、技术系统无法实现以及基金管理人认为不应卖出的其他情形。T 日 日终，基金管理人根据所,替代金额的处理程序 T 日，基金管理人在申购赎回清单中公布申购现金替代保证金率，并据此收取申购替 代金额。 对于确认成功的 T 日申购申请，通常情况下 T 日内基金管理人根据申购规模进行组合 证券的代理买入。基金管理人有权在 T 日内任意时刻以收到的替代金额代投资者买入小于 等于被替代证券数量的任意数量的被替代证券。基金管理人有权根据基金投资的需要自主 决定不买入部分被替代证券，或者不进行任何买入证券的操作，基金管理人可能不买入被 替代证券的情形包括但不限于市场流动性不足、技术系统无法实现以及基金管理人认为不 应买入的其他情形。T 日日终，基金管理人根据所购入的被替代证券的实际单位购入成本 （包括买入价格与相关费用，折算为人民币）和未买入的被替代证券的 T 日收盘价（折算 为人民币，折算汇率采用基金管理人和基金托管人商定的汇率公允价，汇率公允价包括中 国人民银行或其授权机构公布的人民币汇率中间价、中国外汇交易中心参考汇率、中国外 34 汇交易中心收盘价、与基金托管人商定的其他公允价格等；当日在证券交易所无交易的， 取最近交易日的收盘价；当日无收盘价的，取最后成交价）计算被替代证券的单位结算成 本，在此基础上根据替代证券数量和申购替代金额确定基金应退还投资者或投资者应补交 的款项。 正常情况下，T+3 日（指港股通交易日）内，基金管理人将应退款和补款的明细及汇 总数据发送给登记机构，登记机构办理现金替代多退少补资金的清算，并将结果发送给相 关申购赎回代理券商和基金托管人。 如遇港股通临时停市、港股通交易每日额度或总额度不足等特殊情况，组合证券的代 理买入及结算价格可依次顺延至下一港股通交易日直至交易正常。如遇证券长期停牌、流 动性不足等可能导致收盘价或最后成交价不公允的特殊情况，可参照证券的估值价格，对 结算价格进行调整，如果基金管理人认为该证券复牌后的价格可能存在较大波动，且可能 对基金资产净值产生较大影响，为了更好的维护基金份额持有人利益，该证券对应的现金 替代款的清算交收可在其复牌后按照实际交易成本办理。在此期间若该证券发生除息、送 股（转增）、配股等重要权益变动，则进行相应调整。 ④赎回对应的替代金额 赎回时，对于可以现金替代的证券，替代金额为扣除相关费用后的该证券的卖出价值 （或证券实际结算价值） ⑤赎回替代金额的处理程序 对于确认成功的 T 日赎回申请，通常情况下 T 日内基金管理人根据赎回规模进行组合 证券的代理卖出。基金管理人有权在 T 日内任意时刻卖出小于等于被替代证券数量的任意 数量的被替代证券。基金管理人有权根据基金投资的需要自主决定不卖出部分被替代证 券，或者不进行任何卖出证券的操作，基金管理人可能不卖出被替代证券的情形包括但不 限于市场流动性不足、技术系统无法实现以及基金管理人认为不应卖出的其他情形。T 日 日终，基金管理人根据所卖出,购赎回清单：指由基金管理人编制的用以公告申购对价、赎回对价等信息的文 件 52、申购对价：指投资人申购基金份额时，按基金合同和招募说明书规定应交付的现 金替代、现金差额和/或其他对价 53、赎回对价：指投资人赎回基金份额时，基金管理人按基金合同和招募说明书规定 应交付给赎回人的现金替代、现金差额和/或其他对价 54、组合证券：指本基金标的指数所包含的全部或部分证券 55、现金替代：指申购或赎回过程中，投资人按基金合同和招募说明书的规定，用于 替代组合证券中全部或部分证券的一定数量的现金 56、现金差额：指 T 日最小申购、赎回单位的资产净值与按当日收盘价计算的最小申 购、赎回单位中的组合证券市值和现金替代之差；投资人申购或赎回时应支付或应获得的 现金差额根据最小申购、赎回单位对应的现金差额、申购或赎回的基金份额数计算 57、预估现金差额：指由基金管理人计算并在 T 日申购赎回清单中公布的当日现金差 额预估值，预估现金差额由申购赎回代理券商预先冻结 58、最小申购、赎回单位：指本基金申购份额、赎回份额的最低数量，投资人申购、 11 赎回的基金份额应为最小申购、赎回单位的整数倍 59、基金份额参考净值：指基金管理人或者基金管理人委托的机构在开市后根据申购 赎回清单和组合证券内各只证券的实时成交数据及汇率数据计算，并通过深圳证券交易所 发布的基金份额参考净值，简称“IOPV” 60、基金份额折算：指基金管理人根据基金运作的需要，在基金资产净值不变的前提 下，按照一定比例调整基金份额总额及基金份额净值的行为 61、转托管：指基金份额持有人在本基金的不同销,/Users/ellis/工具程序开发/港股通逐标的分析/临时数据/159117/159117_更新招募说明书_20260806.txt
12,159125,招商国证港股通科技ETF,招商国证港股通科技交易型开放式指数证券投资基金招募说明书,2025-09-30,资者当日申购的基金份额，清算交收完成 招商国证港股通科技交易型开放式指数证券投资基金招募说明书 37 后可卖出和赎回，即 T 日申购的 ETF 份额且日间完成 RTGS（实时逐笔全额结算）交收的，T 日可卖 出与赎回，而 T 日申购的 ETF 份额且日终完成逐笔全额非担保交收的，T+1 日方可卖出和赎回；T 日竞价买入的基金份额，T 日可以卖出或赎回；T 日大宗买入的基金份额，T 日可以大宗卖出，T+1 日可以竞价卖出或赎回。 3、申购和赎回申请的清算交收与登记 本基金申购和赎回过程中涉及的申购、赎回对价和基金份额的交收适用《业务规则》和参与各 方相关协议的有关规定。 投资者 T 日现金申购成功后，正常情况下，登记结算机构在 T 日为投资者办理基金份额及现金 替代的交收，在 T+,,申购替代金额的处理程序 对于确认成功的 T 日申购申请，T 日内基金管理人根据申购规模进行组合证券的代理买入。T 日日终，基金管理人根据所购入的被替代组合证券的实际单位购入成本、实际购入的相关费用、未 购入的被替代组合证券的 T 日收盘价（折算为人民币，折算汇率采用当天的估值汇率；被替代组合 证券 T 日无交易的，取最近交易日的收盘价；交易日无收盘价的，取最后收盘价）计算并确定被替 代组合证券的单位结算成本，在此基础上根据替代组合证券数量和申购现金替代保证金确定基金应 退还投资人的款项或投资人应补交的款项。T 日后的 3 个港股通交收日内，基金管理人将应退款或 补款与相关申购赎回代理机构办理交收，当交收期间出现港股通交易日为非港股通交收日时，款项 交收日期顺延。若发生特殊情况，基金管理人可以对交收日期进行相应调整。 如遇港股通临时停市、港股通交易每日额度或总额度不足等特殊情况，组合证券的代理买入及 结算价格可依次顺延至下一港股通交易日直至交易正常。如遇证券长期停牌、流动性不足等可能导 致收盘价或最后成交价不公允的特殊情况，可参照证券的估值价格，对结算成本进行调整。如果基 金管理人认为该证券复牌后的价格可能存在较大波动，且可能对基金资产净值产生较大影响，为了 更好的维护持有人利益，该证券对应的现金替代款的清算交收可在其复牌后按照实际交易成本办理。 在此期间若该证券发生除息、送股（转增）、配股等重要权益变动，则进行相应调整。 招商国证港股通科技交易型开放式指数证券投资基金招募说明书 40 ④赎回替代金额的处理程序 对于确认成功的 T 日赎回申请，T 日内基金管理人根据所卖出的被替代组合证券的实际单位卖 出成本、实际卖出的相关费用、未卖出的被替代组合证券的 T 日收盘价（折算为人民币，折算汇率 采用当天的估值汇率；被替代组合证券 T 日无交易的，取最近交易日的收盘价；交易日无收盘价的， 取最后收盘价） 计算并确定被替代组合证券的单位结算成本，在此基础上根据替代组合证券数量确 定赎回替代金额。T 日后的第 3 个港股通交收日后的 2 个工作日内，基金管理人将应支付的赎回现 金替代款与相关申购赎回代理机构办理交收，当交收期间出现港股通交易日为非港股通交收日时， 款项交收日期顺延。若发生特殊情况，基金管理人可以对交收日期进行相应调整。 如遇港股通临时停市等特殊情况，组合证券的代理卖出及结算价格可依次顺延至下一港股通交 易日直至交易正常。如遇证券长期停牌、流动性不足等可能导致收盘价或最后成交价不公允的特殊 情况，可参照证券的估值价格，对结算成本进行调整。如果基金管理人认为该证券复牌后的价格可 能存在较大波动，且可能对基金资产净值产生较大影响，为了更好的维护持有人利益，该证券对应 的现金替代款的清算交收可在其复牌后按照实际交易成本办理。在此期间若该证券发生除息、送股 （转增,替代金额的处理程序 对于确认成功的 T 日申购申请，T 日内基金管理人根据申购规模进行组合证券的代理买入。T 日日终，基金管理人根据所购入的被替代组合证券的实际单位购入成本、实际购入的相关费用、未 购入的被替代组合证券的 T 日收盘价（折算为人民币，折算汇率采用当天的估值汇率；被替代组合 证券 T 日无交易的，取最近交易日的收盘价；交易日无收盘价的，取最后收盘价）计算并确定被替 代组合证券的单位结算成本，在此基础上根据替代组合证券数量和申购现金替代保证金确定基金应 退还投资人的款项或投资人应补交的款项。T 日后的 3 个港股通交收日内，基金管理人将应退款或 补款与相关申购赎回代理机构办理交收，当交收期间出现港股通交易日为非港股通交收日时，款项 交收日期顺延。若发生特殊情况，基金管理人可以对交收日期进行相应调整。 如遇港股通临时停市、港股通交易每日额度或总额度不足等特殊情况，组合证券的代理买入及 结算价格可依次顺延至下一港股通交易日直至交易正常。如遇证券长期停牌、流动性不足等可能导 致收盘价或最后成交价不公允的特殊情况，可参照证券的估值价格，对结算成本进行调整。如果基 金管理人认为该证券复牌后的价格可能存在较大波动，且可能对基金资产净值产生较大影响，为了 更好的维护持有人利益，该证券对应的现金替代款的清算交收可在其复牌后按照实际交易成本办理。 在此期间若该证券发生除息、送股（转增）、配股等重要权益变动，则进行相应调整。 招商国证港股通科技交易型开放式指数证券投资基金招募说明书 40 ④赎回替代金额的处理程序 对于确认成功的 T 日赎回申请，T 日内基金管理人根据所卖出的被替代组合证券的实际单位卖 出成本、实际卖出的相关费用、未卖出的被替代组合证券的 T 日收盘价（折算为人民币，折算汇率 采用当天的估值汇率；被替代组合证券 T 日无交易的，取最近交易日的收盘价；交易日无收盘价的， 取最后收盘价） 计算并确定被替代组合证券的单位结算成本，在此基础上根据替代组合证券数量确 定赎回替代金额。T 日后的第 3 个港股通交收日后的 2 个工作日内，基金管理人将应支付的赎回现 金替代款与相关申购赎回代理机构办理交收，当交收期间出现港股通交易日为非港股通交收日时， 款项交收日期顺延。若发生特殊情况，基金管理人可以对交收日期进行相应调整。 如遇港股通临时停市等特殊情况，组合证券的代理卖出及结算价格可依次顺延至下一港股通交 易日直至交易正常。如遇证券长期停牌、流动性不足等可能导致收盘价或最后成交价不公允的特殊 情况，可参照证券的估值价格，对结算成本进行调整。如果基金管理人认为该证券复牌后的价格可 能存在较大波动，且可能对基金资产净值产生较大影响，为了更好的维护持有人利益，该证券对应 的现金替代款的清算交收可在其复牌后按照实际交易成本办理。在此期间若该证券发生除息、送股 （转增）、,申购赎回清单：指由基金管理人编制的用以公告申购对价、赎回对价等信息的文件 46、申购对价：指投资人申购基金份额时，按基金合同和招募说明书规定应交付的现金替代、 现金差额及其他对价 47、赎回对价：指基金份额持有人赎回基金份额时，基金管理人按基金合同和招募说明书规定 应交付给赎回人的现金替代、现金差额及其他对价 48、标的指数：指深圳证券信息有限公司编制并发布的国证港股通科技指数 49、组合证券：指本基金标的指数所包含的全部或部分证券 50、最小申购赎回单位：指本基金申购、赎回份额的最低数量，投资人申购、赎回的基金份额 应为最小申购赎回单位的整数倍 51、现金替代：指申购、赎回过程中，投资人按基金合同和招募说明书的规定，用于替代组合 证券中部分证券的一定数量的现金 52、现金差额：指最小申购赎回单位的资产净值与按 T 日收盘价计算的最小申购赎回单位中的 组合证券市值和现金替代之差；投资人申购或赎回时应支付或应获得的现金差额根据最小申购赎回 单位对应的现金差额、申购或赎回的基金份额计算 53、预估现金部分：指由基金管理人计算并在 T 日申购赎回清单中公布的当日现金差额的预估 值，预估现金部分由申购赎回代理机构预先冻结 54、基金份额参考净值：指基金管理人或基金管理人委托的机构在开市后根据申购赎回清单和 组合证券内各只证券的实时成交数据计算，并通过深圳证券交易所发布的基金份额参考净值，简称 “IOPV” 招商国证港股通科技交易型开放式指数证券投资基金招募说明书 9 55、基金份额折算：指基金管理人根据基金运作的需要，在基金资产净值不变的前提下，按照 一,/Users/ellis/工具程序开发/港股通逐标的分析/临时数据/159125/159125_招募说明书_20250930.txt
13,520770,建信恒指港股通ETF,建信恒指港股通交易型开放式指数证券投资基金招募说明书,2025-12-01,则并适用于本基金的，则按照新的规则执行。 本基金现金申购业务中的现金替代采用实时逐笔全额结算（ Real Time Gross Settlement，以下简称 RTGS）模式；赎回业务中的现金替代采用代收代付处理；申 购、赎回业务涉及的现金差额和现金替代退补款采用代收代付处理。 1）申购的清算交收 投资者 T 日提交的申购申请受理后，日间完成 RTGS 交收部分，登记机构在 T 日日间实时办理基金份额登记及现金替代的交收；T 日日间未完成 RTGS 交收部分， 登记机构在 T 日日终为该投资者办理基金份额登记及现金替代的清算交收， 并将结 果发送给基金管理人、申购赎回代理券商和基金托管人。基金管理人在 T+2 日内办 理现金差额的清算交收。 2）赎回的清算交收 投资者 T 日提交,,申购现金替代保证金的处理程序 对于确认成功的 T 日申购申请，T 日内基金管理人根据申购规模进行组合证券 的代理买入。T 日日终，基金管理人根据所购入的被替代组合证券的实际单位购入 成本、实际购入的相关费用、未购入的被替代组合证券的 T 日收盘价（折算为人民 币， 折算汇率采用当天的估值汇率， 基金管理人可根据情况调整所使用的折算汇率， 并及时公告；被替代组合证券 T 日无交易的，取最近交易日的收盘价；交易日无收 盘价的，取最后收盘价）计算并确定被替代组合证券的单位结算成本，在此基础上 根据替代组合证券数量和现金替代保证金确定基金应退还投资人的款项或投资人应 补交的款项。T 日后的两个工作日内，基金管理人将应退款或补款与相关申购赎回 代理机构办理交收。若发生特殊情况，基金管理人可以对交收日期进行相应调整。 如遇港股通临时停市、港股通交易每日额度或总额度不足等特殊情况，组合证 券的代理买入及结算价格可依次顺延至下一港股通交易日直至交易正常。如遇证券 建信恒指港股通交易型开放式指数证券投资基金 招募说明书 42 长期停牌、流动性不足等可能导致收盘价或最后成交价不公允的特殊情况，可参照 证券的估值价格，对结算成本进行调整。如果基金管理人认为该证券复牌后的价格 可能存在较大波动，且可能对基金资产净值产生较大影响，为了更好的维护持有人 利益，该证券对应的现金替代款的清算交收可在其复牌后按照实际交易成本办理。 在此期间若该证券发生除息、 送股 （转增） 、 配股等重要权益变动， 则进行相应调整。 4）赎回替代金额的处理程序 对于确认成功的 T 日赎回申请，T 日内基金管理人根据所卖出的被替代组合证 券的实际单位卖出成本、实际卖出的相关费用、未卖出的被替代组合证券的 T 日收 盘价（折算为人民币，折算汇率采用当天的估值汇率，基金管理人可根据情况调整 所使用的的折算汇率，并及时公告；被替代组合证券 T 日无交易的，取最近交易日 的收盘价；交易日无收盘价的，取最后收盘价）计算并确定被替代组合证券的单位 结算成本，在此基础上根据替代组合证券数量确定赎回替代金额。T 日后的第 3 个 港股通交收日后的两个工作日内，基金管理人将应支付的赎回现金替代款与相关申 购赎回代理机构办理交收。若发生特殊情况，基金管理人可以对交收日期进行相应 调整。 如遇港股通临时停市、港股通交易每日额度或总额度不足等特殊情况，组合证 券的代理买入及结算价格可依次顺延至下一港股通交易日直至交易正常。如遇证券 长期停牌、流动性不足等可能导致收盘价或最后成交价不公允的特殊情况，可参照 证券的估值价格，对结算成本进行调整。如果基金管理人认为该证券复牌后的价格 可能存在较大波动，且可能对基金资产净值产生较大影响，为了更好的维护持有人 利益，该证券对应的现金替代款的清算交收可在其复牌后按照实际交易成本办理。 在此期间若,"赎回替代金额的处理程序 对于确认成功的 T 日赎回申请，T 日内基金管理人根据所卖出的被替代组合证 券的实际单位卖出成本、实际卖出的相关费用、未卖出的被替代组合证券的 T 日收 盘价（折算为人民币，折算汇率采用当天的估值汇率，基金管理人可根据情况调整 所使用的的折算汇率，并及时公告；被替代组合证券 T 日无交易的，取最近交易日 的收盘价；交易日无收盘价的，取最后收盘价）计算并确定被替代组合证券的单位 结算成本，在此基础上根据替代组合证券数量确定赎回替代金额。T 日后的第 3 个 港股通交收日后的两个工作日内，基金管理人将应支付的赎回现金替代款与相关申 购赎回代理机构办理交收。若发生特殊情况，基金管理人可以对交收日期进行相应 调整。 如遇港股通临时停市、港股通交易每日额度或总额度不足等特殊情况，组合证 券的代理买入及结算价格可依次顺延至下一港股通交易日直至交易正常。如遇证券 长期停牌、流动性不足等可能导致收盘价或最后成交价不公允的特殊情况，可参照 证券的估值价格，对结算成本进行调整。如果基金管理人认为该证券复牌后的价格 可能存在较大波动，且可能对基金资产净值产生较大影响，为了更好的维护持有人 利益，该证券对应的现金替代款的清算交收可在其复牌后按照实际交易成本办理。 在此期间若该证券发生除息、 送股 （转增） 、 配股等重要权益变动， 则进行相应调整。 5）未来如港股通的交易、结算规则发生改变，或《业务规则》发生改变，或基 金管理人与基金托管人及申购赎回代理机构之间的结算相关安排发生改变，基金管 理人可以对上述可以现金替代处理规则进行调整，并按规定公告。 （3）必须现金替代 1） 适用情形： 必须现金替代的证券一般是由于标的指数调整，即将被剔除的成 份证券、或法律法规限制投资的证券、或相关交易制度限制交易的证券、或基金管 建信恒指港股通交易型开放式指数证券投资基金 招募说明书 43 理人出于保护基金份额持有人利益等原因认为有必要实行必须现金替代的成份证 券。 2） 替代金额： 对于必须现金替代的证券，基金管理人将在申购赎回清单中公告 一定数量的现金，即""固定替代金额""。固定替代金额的计算方法为申购赎回清单中 该证券的数量乘以其 T 日预计开盘价并按照 T-1 日估值汇率换算或基金管理人认为 合理的其他方法。 4、预估现金部分相关内容 指由基金管理人计算并在 T 日申购赎回清单中公布的当日现金差额的预估值， 预估现金部分由申购赎回代理机构预先冻结。 预估现金部分的计算公式为： T 日预估现金部分＝T-1 日最小申购赎回单位的基金资产净值－ （申购赎回清单 中必须现金替代的固定替代金额＋申购赎回清单中可以现金替代成份证券的数量、 T 日预计开盘价及 T-1 日估值汇率乘积之和） 若 T 日为基金分红除息日，则预估现金部分需进行相应的调整。 预估现金部分的数值可能为正",可参与本基金的申购、赎回及交易。投资者一旦认购、申购或赎回 本基金，即表示对基金认购、申购和赎回所涉及的基金份额的证券变更登记方式以 及申购赎回所涉及现金替代、现金差额等相关的交收方式已经认可。 投资人认购本基金时需具有上海证券账户，即投资人在中国证券登记结算有限 责任公司上海分公司开立的上海证券交易所人民币普通股票账户 （即A 股账户） 或 上海证券交易所证券投资基金账户。上海证券交易所证券投资基金账户只能进行基 金份额的现金认购和二级市场交易，如投资人需要参与基金的申购、赎回，则应开 立上海证券交易所 A 股账户。 投资有风险，投资人在进行投资决策前，请仔细阅读本基金的《招募说明书》 、 建信恒指港股通交易型开放式指数证券投资基金 招募说明书 3 《基金合同》及基金产品资料概要等信息披露文件，了解基金的风险收益特征，并 根据自身的投资目的、投资期限、投资经验、资产状况等判断本基金是否和自身的 风险承受能力相适应。 基金的过往业绩并不代表其未来表现。基金管理人管理的其他基金的业绩不构 成新基金业绩表现的保证。基金管理人提醒投资者基金投资的“买者自负”原则， 在投资者作出投资决策后，基金运营状况与基金净值变化引致的投资风险，由投资 者自行负责。 建信恒指港股通交易型开放式指数证券投资基金 招募说明书 4 目 录 【重要提示】 ................................................................................................................,/Users/ellis/工具程序开发/港股通逐标的分析/临时数据/520770/520770_招募说明书_20251201.txt
14,159118,华夏标普港股通低波红利ETF,华夏标普港股通低波红利交易型开放式指数证券投资基金招募说明书(更新),2026-08-18,及相关证券交易所最新的规则和参与各方相关协议的有 关规定。 本基金申购业务采用实时逐笔全额结算（Real Time Gross Settlement，以下简称 RTGS） 模式；赎回业务涉及的现金替代可采用代收代付处理；申购、赎回业务涉及的现金差额和现 金替代退补款可采用代收代付处理。 （1）申购的清算交收 投资者 T 日现金申购后，如交易记录已勾单且申购资金足额的，登记机构在 T 日日间 实时办理基金份额及现金替代的交收；T 日日间未进行勾单确认或日间资金不足的，登记机 构在 T 日日终根据资金是否足额办理基金份额及现金替代的清算交收，并将结果发送给基 金管理人、申购赎回代理机构和基金托管人。基金管理人在 T+2 日内办理现金差额的交收。 （2）赎回的清算交收 投资者 T 日赎,不买入或不卖出部分被替代证券，或者不进行任何买入或卖出证券的操作，基 金管理人可能不买入或不卖出被替代证券的情形包括但不限于市场流动性不足、技术系统 无法实现、申购赎回轧差以及基金管理人认为不应买入或卖出的其他情形，因此投资者需 承受可能当天无法完成所有证券买卖、未完成买卖部分按收盘价结算等风险。 14、基金收益分配后基金份额净值低于面值的风险 基于本基金的性质和特点，本基金收益分配不以弥补亏损为前提，收益分配后可能存 在基金份额净值低于面值的风险。 15、第三方机构服务的风险 基金的多项服务委托第三方机构办理，存在以下风险： （1）申购赎回代理机构因多种原因，导致代理申购、赎回业务受到限制、暂停或终止， 由此影响对投资者申购赎回服务的风险。 （2）登记机构可能调整结算制度，如实施货银对付制度，对投资者基金份额、组合证 华夏标普港股通低波红利交易型开放式指数证券,申购替代金额的处理程序 对于确认成功的 T 日申购申请，T 日内基金管理人有权根据申购规模进行组合证券的代 理买入。T 日日终，基金管理人根据所购入的被替代证券的实际单位购入成本（包括买入价 格与相关费用）和未买入的被替代证券的 T 日收盘价（折算为人民币，折算汇率采用当天 的估值汇率；T 日在证券交易所无交易的，取最近交易日的收盘价；交易日无收盘价的，取 最后成交价）计算被替代证券的单位结算成本，在此基础上根据替代证券数量和申购现金替 代金额确定基金应退还投资者或投资者应补交的款项。正常情况下，T 日后的第 2 个港股通 交易日后的 2 个工作日内，基金管理人将应退款或补款与相关申购赎回代理机构办理交收。 若发生特殊情况，基金管理人可以对交收日期进行相应调整。 如遇港股通临时停市、港股通交易每日额度或总额度不足等特殊情况，组合证券的代 华夏标普港股通低波红利交易型开放式指数证券投资基金招募说明书（更新） 47 理买入及结算价格可依次顺延至下一港股通交易日直至交易正常。如遇证券长期停牌、流动 性不足等可能导致收盘价或最后成交价不公允的特殊情况，可参照证券的估值价格，对结算 价格进行调整，如果基金管理人认为该证券复牌后的价格可能存在较大波动，且可能对基金 资产净值产生较大影响，为了更好的维护持有人利益，该证券对应的现金替代款的清算交收 可在其复牌后按照实际交易成本办理。在此期间若该证券发生除息、送股（转增）、配股等 重要权益变动，则进行相应调整。 ③赎回替代金额的处理程序 对于确认成功的 T 日赎回申请，T 日内，基金管理人有权根据赎回规模进行组合证券的 代理卖出。T 日日终，基金管理人根据所卖出的被替代证券的实际单位卖出金额（扣除相关 费用）和未卖出的被替代证券的 T 日收盘价（折算为人民币，折算汇率采用当天的估值汇 率；T 日在证券交易所无交易的，取最近交易日的收盘价；交易日无收盘价的，取最后成交 价）计算被替代证券的单位结算金额，在此基础上根据替代证券数量确定赎回替代金额。正 常情况下，T 日后的第 3 个港股通交易日后的 2 个工作日内，基金管理人将应支付的赎回替 代金额与相关申购赎回代理机构办理交收。若发生特殊情况，基金管理人可以对交收日期进 行相应调整。如遇港股通临时停市等特殊情况，组合证券的代理卖出及结算价格可依次顺延 至下一港股通交易日直至交易正常。如遇证券长期停牌、流动性不足等可能导致收盘价或最 后成交价不公允的特殊情况，可参照证券的估值价格，对结算价格进行调整，如果基金管理 人认为该证券复牌后的价格可能存在较大波动，且可能对基金资产净值产生较大影响，为了 更好的维护持有人利益，该证券对应的现金替代款的清算交收可在其复牌后按照实际交易成 本办理。在此期间若该证券发生除息、送股（转增）、配股等重要权益变动，则进行相应调 整。 ④基金管理人可以根,替代金额的处理程序 对于确认成功的 T 日申购申请，T 日内基金管理人有权根据申购规模进行组合证券的代 理买入。T 日日终，基金管理人根据所购入的被替代证券的实际单位购入成本（包括买入价 格与相关费用）和未买入的被替代证券的 T 日收盘价（折算为人民币，折算汇率采用当天 的估值汇率；T 日在证券交易所无交易的，取最近交易日的收盘价；交易日无收盘价的，取 最后成交价）计算被替代证券的单位结算成本，在此基础上根据替代证券数量和申购现金替 代金额确定基金应退还投资者或投资者应补交的款项。正常情况下，T 日后的第 2 个港股通 交易日后的 2 个工作日内，基金管理人将应退款或补款与相关申购赎回代理机构办理交收。 若发生特殊情况，基金管理人可以对交收日期进行相应调整。 如遇港股通临时停市、港股通交易每日额度或总额度不足等特殊情况，组合证券的代 华夏标普港股通低波红利交易型开放式指数证券投资基金招募说明书（更新） 47 理买入及结算价格可依次顺延至下一港股通交易日直至交易正常。如遇证券长期停牌、流动 性不足等可能导致收盘价或最后成交价不公允的特殊情况，可参照证券的估值价格，对结算 价格进行调整，如果基金管理人认为该证券复牌后的价格可能存在较大波动，且可能对基金 资产净值产生较大影响，为了更好的维护持有人利益，该证券对应的现金替代款的清算交收 可在其复牌后按照实际交易成本办理。在此期间若该证券发生除息、送股（转增）、配股等 重要权益变动，则进行相应调整。 ③赎回替代金额的处理程序 对于确认成功的 T 日赎回申请，T 日内，基金管理人有权根据赎回规模进行组合证券的 代理卖出。T 日日终，基金管理人根据所卖出的被替代证券的实际单位卖出金额（扣除相关 费用）和未卖出的被替代证券的 T 日收盘价（折算为人民币，折算汇率采用当天的估值汇 率；T 日在证券交易所无交易的，取最近交易日的收盘价；交易日无收盘价的，取最后成交 价）计算被替代证券的单位结算金额，在此基础上根据替代证券数量确定赎回替代金额。正 常情况下，T 日后的第 3 个港股通交易日后的 2 个工作日内，基金管理人将应支付的赎回替 代金额与相关申购赎回代理机构办理交收。若发生特殊情况，基金管理人可以对交收日期进 行相应调整。如遇港股通临时停市等特殊情况，组合证券的代理卖出及结算价格可依次顺延 至下一港股通交易日直至交易正常。如遇证券长期停牌、流动性不足等可能导致收盘价或最 后成交价不公允的特殊情况，可参照证券的估值价格，对结算价格进行调整，如果基金管理 人认为该证券复牌后的价格可能存在较大波动，且可能对基金资产净值产生较大影响，为了 更好的维护持有人利益，该证券对应的现金替代款的清算交收可在其复牌后按照实际交易成 本办理。在此期间若该证券发生除息、送股（转增）、配股等重要权益变动，则进行相应调 整。 ④基金管理人可以根据具,50、申购对价：指投资者申购基金份额时，按基金合同和招募说明书规定应交付的现金 华夏标普港股通低波红利交易型开放式指数证券投资基金招募说明书（更新） 9 替代、现金差额和/或其他对价。 51、赎回对价：指投资者赎回基金份额时，基金管理人按基金合同和招募说明书规定应 交付给赎回人的现金替代、现金差额和/或其他对价。 52、最小申购赎回单位：指基金申购份额、赎回份额的最低数量，投资者申购、赎回的 基金份额应为最小申购、赎回单位的整数倍。 53、元：指人民币元。 54、基金收益：指基金投资所得红利、股息、债券利息、买卖证券价差、银行存款利息、 已实现的其他合法收入及因运用基金财产带来的成本和费用的节约。 55、基金资产总值：指基金拥有的各类有价证券、银行存款本息、基金应收款项及其他 资产的价值总和。 56、基金资产净值：指基金资产总值减去基金负债后的价值。 57、基金份额净值：指计算日基金资产净值除以计算日基金份额总数。 58、基金资产估值：指计算评估基金资产和负债的价值，以确定基金资产净值和基金份 额净值的过程。 59、规定媒介：指符合中国证监会规定条件的用以进行信息披露的全国性报刊及《信息 披露办法》规定的互联网网站（包括基金管理人网站、基金托管人网站、中国证监会基金电 子披露网站）等媒介。 60、流动性受限资产：指由于法律法规、监管、合同或操作障碍等原因无法以合理价格 予以变现的资产，包括但不限于到期日在 10 个交易日以上的逆回购与银行定期存款（含协 议约定有条件提前支取的银行存款）、停牌股票、流通受限的新股及非公开发行股票、资产 支持证券、因,/Users/ellis/工具程序开发/港股通逐标的分析/临时数据/159118/159118_更新招募说明书_20260818.txt
15,159850,华夏恒生中国企业ETF(QDII),华夏恒生中国企业交易型开放式指数证券投资基金(QDII)招募说明书(更新),2026-07-20,招募书未直接出现 RTGS；按适用的交易所/中国结算跨境 ETF 规则，日间 RTGS 交收，按项目口径 PASS,不买入或不卖出部分被替代证券，或者不进行任何买入或卖出证券的操作，基 金管理人可能不买入或不卖出被替代证券的情形包括但不限于市场流动性不足、技术系统 无法实现、申购赎回轧差以及基金管理人认为不应买入或卖出的其他情形。 14、基金收益分配后基金份额净值低于面值的风险 本基金收益分配原则为使收益分配后基金累计报酬率尽可能贴近标的指数同期累计报 酬率。基于本基金的性质和特点，本基金收益分配不以弥补亏损为前提，收益分配后可能 存在基金份额净值低于面值的风险。 15、第三方机构服务的风险 基金的多项服务委托第三方机构办理，存在以下风险： （1）申购赎回代理券商因多种原因，导致代理申购、赎回业务受到限制、暂停或终止， 由此影响对投资者申购赎回服务的风险。 （2）登记机构可能调整结算制度，如实施货银对付制度，使投资者基金份额、组合证 券及资金的结算方式发生变化，制度调整可能给,申购替代金额的处理程序 T 日，基金管理人根据申购赎回清单收取替代金额。 在 T+1 日（指深圳证券交易所和香港交易所的共同交易日）内，基金管理人以收到的 替代金额代投资者买入被替代证券。基金管理人有权在 T+1 日（指深圳证券交易所和香港 交易所的共同交易日）内任意时刻以收到的替代金额代投资者买入小于等于被替代证券数量 的任意数量的被替代证券。基金管理人有权根据基金投资的需要自主决定不买入部分被替代 证券，或者不进行任何买入证券的操作。在 T+1 日（指深圳证券交易所和香港交易所的共 同交易日）日终，基金管理人已买入的证券，依据替代金额与被替代证券的实际买入成本（包 括买入价格与相关交易费用）的差额，确定基金应退还投资者或投资者应补交的款项；未买 入的证券，依据替代金额与被替代证券 T+1 日（指深圳证券交易所和香港交易所的共同交 易日）收盘价（需用最新汇率折算为人民币，当日在证券交易所无交易的，取最近交易日的 收盘价，当日无收盘价的，取最后成交价）的差额，确定基金应退还投资者或投资者应补交 的款项。 在此期间若该部分证券发生除息、送股（转增）、配股等重要权益变动，则进行相应调 整。正常情况下，T+3 日（指深圳证券交易所和香港交易所的共同交易日）内，基金管理人 将应退款和补款的明细及汇总数据发送给登记结算机构，登记结算机构办理现金替代多退少 补资金的清算，并将结果发送给相关申购赎回代理机构和基金托管人。当交收期间出现深圳 证券交易所和香港交易所的共同交易日为非港股交收日或非港股通交收日时，款项交收日期 可顺延。若发生特殊情况，基金管理人可以对交收日期进行相应调整。 如遇证券长期停牌、流动性不足等特殊情况，可参照证券的估值价格对结算价格进行调 整，如果基金管理人认为该证券复牌后的价格可能存在较大波动，且可能对基金资产净值产 生较大影响，为了更好的维护持有人利益，该证券对应的现金替代退补款的清算交收可在其 复牌后按照实际交易成本办理。在此期间若该证券发生除息、送股（转增）、配股等重要权 益变动，则进行相应调整。上述汇率目前采用汇率公允价。汇率公允价包括中国人民银行或 其授权机构最新公布的人民币汇率中间价、中国外汇交易中心最新收盘价、与基金托管人商 华夏恒生中国企业交易型开放式指数证券投资基金（QDII）招募说明书（更新） 46 定的其他公允价格（如：中国人民银行或国家外汇管理局或中国外汇交易中心正式对外发文 后公布的人民币兑主要外汇当日收盘价）等。 ③赎回对应的替代金额 赎回时，对于可以现金替代的证券，替代金额为扣除相关费用后的该证券的卖出价值（或 证券实际结算价值）。 ④赎回对应的替代金额的处理程序 在 T+1 日（指深圳证券交易所和香港交易所的共同交易日）内，基金管理人根据赎回 申请代投资者卖出被替代证券。基金管理人有权在 T+1 日（指深圳证券交易所和,替代金额的处理程序 T 日，基金管理人根据申购赎回清单收取替代金额。 在 T+1 日（指深圳证券交易所和香港交易所的共同交易日）内，基金管理人以收到的 替代金额代投资者买入被替代证券。基金管理人有权在 T+1 日（指深圳证券交易所和香港 交易所的共同交易日）内任意时刻以收到的替代金额代投资者买入小于等于被替代证券数量 的任意数量的被替代证券。基金管理人有权根据基金投资的需要自主决定不买入部分被替代 证券，或者不进行任何买入证券的操作。在 T+1 日（指深圳证券交易所和香港交易所的共 同交易日）日终，基金管理人已买入的证券，依据替代金额与被替代证券的实际买入成本（包 括买入价格与相关交易费用）的差额，确定基金应退还投资者或投资者应补交的款项；未买 入的证券，依据替代金额与被替代证券 T+1 日（指深圳证券交易所和香港交易所的共同交 易日）收盘价（需用最新汇率折算为人民币，当日在证券交易所无交易的，取最近交易日的 收盘价，当日无收盘价的，取最后成交价）的差额，确定基金应退还投资者或投资者应补交 的款项。 在此期间若该部分证券发生除息、送股（转增）、配股等重要权益变动，则进行相应调 整。正常情况下，T+3 日（指深圳证券交易所和香港交易所的共同交易日）内，基金管理人 将应退款和补款的明细及汇总数据发送给登记结算机构，登记结算机构办理现金替代多退少 补资金的清算，并将结果发送给相关申购赎回代理机构和基金托管人。当交收期间出现深圳 证券交易所和香港交易所的共同交易日为非港股交收日或非港股通交收日时，款项交收日期 可顺延。若发生特殊情况，基金管理人可以对交收日期进行相应调整。 如遇证券长期停牌、流动性不足等特殊情况，可参照证券的估值价格对结算价格进行调 整，如果基金管理人认为该证券复牌后的价格可能存在较大波动，且可能对基金资产净值产 生较大影响，为了更好的维护持有人利益，该证券对应的现金替代退补款的清算交收可在其 复牌后按照实际交易成本办理。在此期间若该证券发生除息、送股（转增）、配股等重要权 益变动，则进行相应调整。上述汇率目前采用汇率公允价。汇率公允价包括中国人民银行或 其授权机构最新公布的人民币汇率中间价、中国外汇交易中心最新收盘价、与基金托管人商 华夏恒生中国企业交易型开放式指数证券投资基金（QDII）招募说明书（更新） 46 定的其他公允价格（如：中国人民银行或国家外汇管理局或中国外汇交易中心正式对外发文 后公布的人民币兑主要外汇当日收盘价）等。 ③赎回对应的替代金额 赎回时，对于可以现金替代的证券，替代金额为扣除相关费用后的该证券的卖出价值（或 证券实际结算价值）。 ④赎回对应的替代金额的处理程序 在 T+1 日（指深圳证券交易所和香港交易所的共同交易日）内，基金管理人根据赎回 申请代投资者卖出被替代证券。基金管理人有权在 T+1 日（指深圳证券交易所和香港,购赎回清单：指由基金管理人编制的用以公告申购对价、赎回对价等信息的文件。 50、申购对价：指投资者申购基金份额时，按基金合同和招募说明书规定应交付的现金 替代、现金差额和/或其他对价。 51、赎回对价：指投资者赎回基金份额时，基金管理人按基金合同和招募说明书规定应 交付给赎回人的现金替代、现金差额和/或其他对价。 华夏恒生中国企业交易型开放式指数证券投资基金（QDII）招募说明书（更新） 8 52、标的指数：指恒生指数有限公司编制并发布的恒生中国企业指数及其未来可能发生 的变更，或基金管理人根据需要更换的其他指数。 53、现金替代：指申购、赎回过程中，投资人按基金合同和招募说明书的规定，用于替 代组合证券中部分证券的一定数量的现金。 54、最小申购赎回单位：指基金申购份额、赎回份额的最低数量，投资者申购、赎回的 基金份额应为最小申购、赎回单位的整数倍。 55、元：指人民币元。 56、基金收益：指基金投资所得红利、股息、债券利息、买卖证券价差、银行存款利息、 已实现的其他合法收入及因运用基金财产带来的成本和费用的节约。 57、基金资产总值：指基金拥有的各类有价证券、银行存款本息、基金应收申购款、基 金及其他资产的价值总和。 58、基金资产净值：指基金资产总值减去基金负债后的价值。 59、基金份额净值：指计算日基金资产净值除以计算日基金份额总数。 60、基金资产估值：指计算评估基金资产和负债的价值，以确定基金资产净值和基金份 额净值的过程。 61、规定媒介：指符合中国证监会规定条件的用以进行信息披露的全国性报刊及《信息 披露办法》规定的互联网网站（包,/Users/ellis/工具程序开发/港股通逐标的分析/临时数据/159850/159850_更新招募说明书_20260720.txt
16,526030,汇添富中证港股通信息技术综合ETF,汇添富中证港股通信息技术综合交易型开放式指数证券投资基金招募说明书,2026-05-25,申 购、赎回申请的确认情况，投资人应及时查询并妥善行使合法权利，否则，由此 产生的任何损失由投资者自行承担。 3、申购和赎回的清算交收与登记 本基金申购业务采用实时逐笔全额结算（Real Time Gross Settlement）模 汇添富中证港股通信息技术综合交易型开放式指数证券投资基金 招募说明书 46 式；赎回业务涉及的现金替代采用代收代付处理；申购、赎回业务涉及的现金差 额和现金替代退补款采用代收代付处理。 投资者T日申购成功后，如交易记录已勾单且申购资金足额的，登记机构在 T日日间实时办理基金份额及现金替代的交收；T日日间未进行勾单确认或日间 资金不足的， 登记机构在T日日终根据资金是否足额办理基金份额及现金替代的 清算交收，并将结果发送给基金管理人、申购赎回代理券商和基,顺延，款项交收的日期也顺延。如遇证券长期停牌、流 动性不足等可能导致收盘价或最后成交价不公允的特殊情况， 可参照证券的估值 价格，对结算价格进行调整，如果基金管理人认为该证券复牌后的价格可能存在 较大波动，且可能对基金资产净值产生较大影响，为了更好的维护基金份额持有 人利益， 该证券对应的现金替代款的清算交收可在其复牌后按照实际交易成本办 理。在此期间若该证券发生除息、送股（转增） 、配股等重要权益变动，则进行 相应调整。 5）在系统支持的情况下，对于 T 日的申购赎回申请，基金管理人有权进行 轧差处理，针对净申购，购入净申购份额对应的组合证券中被替代的成份证券， 针对净赎回，卖出净赎回份额对应的组合证券中被替代的成份证券，基金管理人 有权购入或者卖出不等于轧差处理后的上述被替代的成份证券的任意数量。 6）基金管理人可以根据具体情况，调整上述2）-5）的申购、赎回替代金 额的处理程序、规则等，并在招募说明书更新或其他公告中披露。 （2）关于必须现金替代 1）适用情形：必须现金替代的证券一般是由于标的指数调整将被剔除的成 汇添富中证港股通信息技术综合交易型开放式指数证券投资基金 招募说明书 51 份证券；或处于停牌的成份证券；或因法律法规限制投资的成份证券；或出于保 护基金份额持有人利益等目的基金管理人认为有必要实行必须现金替代的成份 证券。 2）替代金额：对于必须现金替代的证券，基金管理人将在申购赎回清单中 公告替代的一定数量的现金，即“固定替代金额”。固定替代金额的计算方法为 ： 固定替代金额为替代证券数量乘以其经调整后的T日开盘参考价并按照T-1 日估值汇率换算或基金管理人认为合理的其他方法。 4、预估现金部分相关内容 预估现金部分是指， 为便于计算基金份额参考净值及申购赎回,申购替代金额的处理程序 在T日（指港股通交易日）内，基金管理人以收到的替代金额代投资者买入 被替代证券。基金管理人有权在T日（指港股通交易日）内任意时刻以收到的替 代金额代投资者买入小于等于被替代证券数量的任意数量的被替代证券。 基金管 理人有权根据基金投资的需要自主决定不买入部分被替代证券， 或者不进行任何 买入证券的操作。T日（指港股通交易日）日终，基金管理人根据所购入的被替 代证券的实际单位购入成本（包括买入价格与相关费用）和未买入的被替代证券 的T日（指港股通交易日）收盘价（折算为人民币）；T日（指港股通交易日） 在证券交易所无交易的，取最近交易日的收盘价；交易日无收盘价的，取最后成 交价）计算被替代证券的单位结算成本，在此基础上根据替代证券数量和申购现 金替代保证金确定基金应退还投资者或投资者应补交的款项。T日（指港股通交 易日）后的第3个港股通交收日后的2个工作日内，基金管理人将应退款或补款 与相关申购赎回代理券商办理交收。在此期间若该证券发生除息、送股（转增）、 配股等重要权益变动，则进行相应调整。出现半日港股通交易日、临时停市或港 股通每日额度不足等特殊情况时， 计算并确定被替代证券的单位结算成本的时间 将顺延，款项交收的日期也顺延。如遇证券长期停牌、流动性不足等可能导致收 盘价或最后成交价不公允的特殊情况，可参照证券的估值价格，对结算价格进行 调整，如果基金管理人认为该证券复牌后的价格可能存在较大波动，且可能对基 金资产净值产生较大影响，为了更好的维护基金份额持有人利益，该证券对应的 现金替代款的清算交收可在其复牌后按照实际交易成本办理。 在此期间若该证券 发生除息、送股（转增）、配股等重要权益变动，则进行相应调整。 汇添富中证港股通信息技术综合交易型开放式指数证券投资基金 招募说明书 50 4）赎回替代金额的处理程序 在T日（指港股通交易日）内，基金管理人根据赎回申请代投资者卖出被替 代证券。基金管理人有权在T日（指港股通交易日）内任意时刻代投资者卖出小 于等于被替代证券数量的任意数量的被替代证券。 基金管理人有权根据基金投资 的需要自主决定不卖出部分被替代证券，或者不进行任何卖出证券的操作。T日 （指港股通交易日）日终，基金管理人根据所卖出的被替代证券的实际单位卖出 金额（扣除相关费用）和未卖出的被替代证券的T日（指港股通交易日）收盘价 （折算为人民币） ； 被替代证券T日（指港股通交易日）在证券交易所无交易的， 取最近交易日的收盘价；交易日无收盘价的，取最后成交价）计算被替代证券的 单位结算金额，在此基础上根据替代证券数量确定赎回替代金额。T日（指港股 通交易日）后的第3个港股通交收日后的2个工作日内，基金管理人将应支付的 赎回替代金额与相关申购赎回代理券商办理交收。在此期间若该证券发生除息、 送股（转增）、配股等重要权益变动，则进行,替代金额的处理程序 在T日（指港股通交易日）内，基金管理人以收到的替代金额代投资者买入 被替代证券。基金管理人有权在T日（指港股通交易日）内任意时刻以收到的替 代金额代投资者买入小于等于被替代证券数量的任意数量的被替代证券。 基金管 理人有权根据基金投资的需要自主决定不买入部分被替代证券， 或者不进行任何 买入证券的操作。T日（指港股通交易日）日终，基金管理人根据所购入的被替 代证券的实际单位购入成本（包括买入价格与相关费用）和未买入的被替代证券 的T日（指港股通交易日）收盘价（折算为人民币）；T日（指港股通交易日） 在证券交易所无交易的，取最近交易日的收盘价；交易日无收盘价的，取最后成 交价）计算被替代证券的单位结算成本，在此基础上根据替代证券数量和申购现 金替代保证金确定基金应退还投资者或投资者应补交的款项。T日（指港股通交 易日）后的第3个港股通交收日后的2个工作日内，基金管理人将应退款或补款 与相关申购赎回代理券商办理交收。在此期间若该证券发生除息、送股（转增）、 配股等重要权益变动，则进行相应调整。出现半日港股通交易日、临时停市或港 股通每日额度不足等特殊情况时， 计算并确定被替代证券的单位结算成本的时间 将顺延，款项交收的日期也顺延。如遇证券长期停牌、流动性不足等可能导致收 盘价或最后成交价不公允的特殊情况，可参照证券的估值价格，对结算价格进行 调整，如果基金管理人认为该证券复牌后的价格可能存在较大波动，且可能对基 金资产净值产生较大影响，为了更好的维护基金份额持有人利益，该证券对应的 现金替代款的清算交收可在其复牌后按照实际交易成本办理。 在此期间若该证券 发生除息、送股（转增）、配股等重要权益变动，则进行相应调整。 汇添富中证港股通信息技术综合交易型开放式指数证券投资基金 招募说明书 50 4）赎回替代金额的处理程序 在T日（指港股通交易日）内，基金管理人根据赎回申请代投资者卖出被替 代证券。基金管理人有权在T日（指港股通交易日）内任意时刻代投资者卖出小 于等于被替代证券数量的任意数量的被替代证券。 基金管理人有权根据基金投资 的需要自主决定不卖出部分被替代证券，或者不进行任何卖出证券的操作。T日 （指港股通交易日）日终，基金管理人根据所卖出的被替代证券的实际单位卖出 金额（扣除相关费用）和未卖出的被替代证券的T日（指港股通交易日）收盘价 （折算为人民币） ； 被替代证券T日（指港股通交易日）在证券交易所无交易的， 取最近交易日的收盘价；交易日无收盘价的，取最后成交价）计算被替代证券的 单位结算金额，在此基础上根据替代证券数量确定赎回替代金额。T日（指港股 通交易日）后的第3个港股通交收日后的2个工作日内，基金管理人将应支付的 赎回替代金额与相关申购赎回代理券商办理交收。在此期间若该证券发生除息、 送股（转增）、配股等重要权益变动，则进行相应,参与本基金的申购、赎回及交易。投资者一旦认购、申购或赎回本基金，即表 示对基金认购、 申购和赎回所涉及的基金份额的证券变更登记方式以及申购赎回 所涉及现金替代、现金差额等相关的交收方式已经认可。 投资有风险，投资者在进行投资决策前，请仔细阅读本基金的《招募说明 书》、《基金合同》、基金产品资料概要等信息披露文件，并根据自身的投资目 汇添富中证港股通信息技术综合交易型开放式指数证券投资基金 招募说明书 3 的、投资期限、投资经验、资产状况等判断基金是否和投资者的风险承受能力相 适应，自主判断基金的投资价值，自主做出投资决策，自行承担投资风险。 基金的过往业绩并不预示其未来表现， 基金管理人管理的其他基金的业绩也 不构成对本基金业绩表现的保证。 基金管理人依照恪尽职守、 诚实信用、 谨慎勤勉的原则管理和运用基金财产， 但不保证投资于本基金一定盈利，也不保证最低收益。 基金管理人提醒投资者基金投资的“买者自负”原则，在投资者作出投资决 策后，基金运营状况与基金净值变化导致的投资风险，由投资者自行负担。 汇添富中证港股通信息技术综合交易型开放式指数证券投资基金 招募说明书 4 第一部分 绪言 本招募说明书依据《中华人民共和国证券投资基金法》(以下简称“《基金 法》”)、《公开募集证券投资基金运作管理办法》(以下简称“《运作办 法》”)、《公开募集证券投资基金销售机构监督管理办法》(以下简称“《销售 办法》”)、《公开募集证券投资基金信息披露管理办法》(以下简称“《信息披 露办法》”)、《公开募集开放式证券投资基金流动性风险管理规定》（以下简 称“《流动性,/Users/ellis/工具程序开发/港股通逐标的分析/临时数据/526030/526030_招募说明书_20260525.txt
17,513660,华夏沪港通恒生ETF,华夏沪港通恒生交易型开放式指数证券投资基金招募说明书(更新),2026-05-29,用相关业务规则和参与各方相关协议及其不时修订的有关规定。 本基金申购业务采用实时逐笔全额结算（Real Time Gross Settlement，以下简称 RTGS） 模式； 赎回业务涉及的现金替代可采用代收代付处理； 申购、 赎回业务涉及的现金差额和现 金替代退补款可采用代收代付处理。 1）申购的清算交收 投资者 T 日现金申购后，如交易记录已勾单且申购资金足额的，登记结算机构在 T 日 日间实时办理基金份额及现金替代的交收；T 日日间未进行勾单确认或日间资金不足的， 登 记结算机构在 T 日日终根据资金是否足额办理基金份额及现金替代的清算交收，并将结果 发送给基金管理人、申购赎回代理券商和基金托管人。基金管理人在 T+2 日内办理现金差 额的交收。 2）赎回的清算交收 投,不卖出部分被替代证券， 或者不进行任何买入或卖出证券的 操作， 基金管理人可能不买入或不卖出被替代证券的情形包括但不限于市场流动性不足、 技 术系统无法实现、 申购赎回轧差以及基金管理人认为不应买入或卖出的其他情形，因此投资 者需承受可能当天无法完成所有证券买卖、未完成买卖部分按收盘价结算等风险。 （8）基金收益分配后基金份额净值低于面值的风险 本基金收益分配原则为使收益分配后基金累计报酬率尽可能贴近标的指数同期累计报 酬率。 基于本基金的性质和特点， 本基金收益分配不以弥补亏损为前提， 收益分配后可能存 在基金份额净值低于面值的风险。 （9）标的指数变更的风险 尽管可能性很小， 但根据基金合同规定， 如出现变更标的指数的情形， 本基金将变更标 华夏沪港通恒生交易型开放式指数证券投资基金招募说明书（更新） 74 的指数。 基于原标的指数的投资政策可能改变， 投资,申购现金替代保证金的处理程序 对于确认成功的 T 日申购申请，T 日内基金管理人根据申购规模进行组合证券的代理 买入， 通常情况下代理买入在T 日接近收盘时点完成。T 日日终， 基金管理人根据所购入的 被替代证券的实际单位购入成本 （包括买入价格与相关费用） 和未买入的被替代证券的T 日 收盘价（折算为人民币，折算汇率采用当天的估值汇率；T 日在证券交易所无交易的，取最 近交易日的收盘价；交易日无收盘价的，取最后成交价）计算被替代证券的单位结算成本， 华夏沪港通恒生交易型开放式指数证券投资基金招募说明书（更新） 44 在此基础上根据替代证券数量和申购现金替代保证金确定基金应退还投资者或投资者应补 交的款项。T 日后的第 2 个工作日内， 基金管理人将应退款或补款与相关申购赎回代理机构 办理交收。若发生特殊情况，基金管理人可以对交收日期进行相应调整。 如遇港股通临时停市、 港股通交易每日额度或总额度不足等特殊情况， 组合证券的代理 买入及结算价格可依次顺延至下一港股通交易日直至交易正常。 如遇证券长期停牌、 流动性 不足等可能导致收盘价或最后成交价不公允的特殊情况， 可参照证券的估值价格， 对结算价 格进行调整， 如果基金管理人认为该证券复牌后的价格可能存在较大波动， 且可能对基金资 产净值产生较大影响， 为了更好的维护持有人利益， 该证券对应的现金替代款的清算交收可 在其复牌后按照实际交易成本办理。在此期间若该证券发生除息、送股（转增） 、配股等重 要权益变动，则进行相应调整。 ④赎回替代金额的处理程序 对于确认成功的 T 日赎回申请，T 日内， 基金管理人根据赎回规模进行组合证券的代理 卖出， 通常情况下代理卖出在T 日接近收盘时点完成。T 日日终，基金管理人根据所卖出的 被替代证券的实际单位卖出金额 （扣除相关费用） 和未卖出的被替代证券的T 日收盘价 （折 算为人民币， 折算汇率采用当天的估值汇率； 被替代证券T 日在证券交易所无交易的， 取最 近交易日的收盘价；交易日无收盘价的，取最后成交价）计算被替代证券的单位结算金额， 在此基础上根据替代证券数量确定赎回替代金额。T 日后的第 2 个港股通交收日后的第 2 个 工作日内， 基金管理人将应支付的赎回替代金额与相关申购赎回代理机构办理交收。 若发生 特殊情况，基金管理人可以对交收日期进行相应调整。 如遇港股通临时停市等特殊情况， 组合证券的代理卖出及结算价格可依次顺延至下一港 股通交易日直至交易正常。 如遇证券长期停牌、 流动性不足等可能导致收盘价或最后成交价 不公允的特殊情况， 可参照证券的估值价格， 对结算价格进行调整， 如果基金管理人认为该 证券复牌后的价格可能存在较大波动， 且可能对基金资产净值产生较大影响， 为了更好的维 护持有人利益，该证券对应的现金替代款的清算交收可在其复牌后按照实际交易,赎回替代金额的处理程序 对于确认成功的 T 日赎回申请，T 日内， 基金管理人根据赎回规模进行组合证券的代理 卖出， 通常情况下代理卖出在T 日接近收盘时点完成。T 日日终，基金管理人根据所卖出的 被替代证券的实际单位卖出金额 （扣除相关费用） 和未卖出的被替代证券的T 日收盘价 （折 算为人民币， 折算汇率采用当天的估值汇率； 被替代证券T 日在证券交易所无交易的， 取最 近交易日的收盘价；交易日无收盘价的，取最后成交价）计算被替代证券的单位结算金额， 在此基础上根据替代证券数量确定赎回替代金额。T 日后的第 2 个港股通交收日后的第 2 个 工作日内， 基金管理人将应支付的赎回替代金额与相关申购赎回代理机构办理交收。 若发生 特殊情况，基金管理人可以对交收日期进行相应调整。 如遇港股通临时停市等特殊情况， 组合证券的代理卖出及结算价格可依次顺延至下一港 股通交易日直至交易正常。 如遇证券长期停牌、 流动性不足等可能导致收盘价或最后成交价 不公允的特殊情况， 可参照证券的估值价格， 对结算价格进行调整， 如果基金管理人认为该 证券复牌后的价格可能存在较大波动， 且可能对基金资产净值产生较大影响， 为了更好的维 护持有人利益，该证券对应的现金替代款的清算交收可在其复牌后按照实际交易成本办理。 在此期间若该证券发生除息、送股（转增） 、配股等重要权益变动，则进行相应调整。 ⑤未来如港股通的交易、结算规则发生改变，或上海证券交易所、登记机构 ETF 申购 赎回交易结算规则发生改变， 或基金管理人与基金托管人之间的结算相关安排发生改变， 基 金管理人可对可以现金替代处理规则进行调整，并按规定公告。 （3）必须现金替代 ①适用情形：必须现金替代的证券一般是由于标的指数调整，即将被剔除的成份证券； 华夏沪港通恒生交易型开放式指数证券投资基金招募说明书（更新） 45 或法律法规限制投资的证券； 或基金管理人出于保护基金份额持有人利益等原因认为有必要 实行必须现金替代的成份证券。 ②替代金额： 对于必须现金替代的证券，基金管理人将在申购、 赎回清单中公告替代的 一定数量的现金，即“固定替代金额”。固定替代金额的计算方法为申购、赎回清单中该证券 的数量乘以其 T 日预计开盘价并按照 T-1 日估值汇率换算或基金管理人认为合理的其他方 法。 4、预估现金部分相关内容 预估现金部分是指为便于计算基金份额参考净值及申购赎回代理机构预先冻结申请申 购、赎回的投资者的相应资金，由基金管理人计算的现金数额。 T 日申购、赎回清单中公告 T 日预估现金部分。其计算公式为： T 日预估现金部分＝T-1 日最小申购、赎回单位的基金资产净值－（申购、赎回清单中 必须现金替代成份证券的替代金额＋申购、 赎回清单中可以现金替代成份证券的数量、T 日 预计开盘价以及 T-1 日估值汇率的乘积之和） ,： 指由基金管理人编制的用以公告申购对价、 赎回对价等信息的文件。 44、 申购对价： 指投资者申购基金份额时， 按基金合同和招募说明书规定应交付的现金 替代、现金差额和/或其他对价。 45、 赎回对价： 指投资者赎回基金份额时， 基金管理人按基金合同和招募说明书规定应 交付给赎回人的现金替代、现金差额和/或其他对价。 46、最小申购赎回单位： 指基金申购份额、赎回份额的最低数量， 投资者申购、赎回的 华夏沪港通恒生交易型开放式指数证券投资基金招募说明书（更新） 4 基金份额应为最小申购、赎回单位的整数倍。 47、元：指人民币元。 48、 基金收益： 指基金投资所得红利、 股息、 债券利息、 买卖证券价差、 银行存款利息、 已实现的其他合法收入及因运用基金财产带来的成本和费用的节约。 49、 基金资产总值： 指基金拥有的各类有价证券、 银行存款本息、 基金应收申购款及其 他资产的价值总和。 50、基金资产净值：指基金资产总值减去基金负债后的价值。 51、基金份额净值：指计算日基金资产净值除以计算日基金份额总数。 52、 基金资产估值： 指计算评估基金资产和负债的价值， 以确定基金资产净值和基金份 额净值的过程。 53、 流动性受限资产： 指由于法律法规、 监管、 合同或操作障碍等原因无法以合理价格 予以变现的资产，包括但不限于到期日在 10 个交易日以上的逆回购与银行定期存款（含协 议约定有条件提前支取的银行存款） 、停牌股票、流通受限的新股及非公开发行股票、资产 支持证券、因发行人债务违约无法进行转让或交易的债券等。 54、 指定媒介： 指中国,/Users/ellis/工具程序开发/港股通逐标的分析/临时数据/513660/513660_更新招募说明书_20260529.txt
18,520990,景顺长城中证国新港股通央企红利ETF,景顺长城中证国新港股通央企红利交易型开放式指数证券投资基金2026年第2号更新招募说明书,2026-07-29,券交易所上市。根据本基金 现行适用的清算交收和申赎处理规则，投资者当日申购的基金份额，清算交收完成后方可卖出和赎回， 即 T 日申购的 ETF 份额且日间完成 RTGS（实时逐笔全额结算）交收，T 日可卖出与赎回，而 T 日申购 的 ETF 份额且日终完成逐笔全额非担保交收的，T+1 日方可卖出和赎回；T 日买入的基金份额，T 日可 以赎回或卖出。由于登记机构对现金替代采取非净额结算交收模式，当投资者赎回申请被登记机构确认 后，被赎回的基金份额即被记减，但此时投资者尚未收到赎回现金替代款。投资者投资本基金时需具有 证券账户，证券账户是指上海证券交易所 A 股账户或上海证券交易所证券投资基金账户。 （九）投资人在投资本基金前，请认真阅读本招募说明书，全面认识本基金产品的风险收益特征,买入或者 不卖出部分被替代证券，或者不进行任何买入或卖出证券的操作，基金管理人可能不买入或不卖出被替 代证券的情形包括但不限于市场流动性不足、技术系统无法实现、申购赎回轧差以及基金管理人认为不 应该买入或卖出的其他情形。 （十七）基金管理人深知个人信息对投资者的重要性，致力于投资者个人信息的保护。基金管理人 承诺按照法律法规和相关监管要求的规定处理投资者的个人信息，包括通过基金管理人直销、销售机构 或场内经纪机构购买景顺长城基金管理有限公司旗下基金产品的所有个人投资者。基金管理人需处理的 机构投资者信息中可能涉及其法定代表人、受益所有人、经办人等个人信息，也将遵守上述承诺进行处 理。 景顺长城中证国新港股通央企红利交易型开放式指数证券投资基金更新招募说明书 （十八）本基金管理人根据 2026 年 7 月 25 日发布的《景顺长城中证国新港股通央企红利交易型开 放,申购替代金额的处理程序 对于确认成功的 T 日申购申请，基金管理人有权在 T 日内任意时刻以收到的申购替 代金额代投资者买入小于等于被替代组合证券数量的任意数量的被替代组合证券。 基金管 理人有权根据基金投资运作情况自主决定不买入部分被替代组合证券， 或者不进行任何买 入证券的操作。T 日， 基金管理人在申购赎回清单中公布现金替代溢价比例， 并据此收取 申购替代金额。正常情况下，对于确认成功的 T 日申购申请，基金管理人有权在 T 日内 任意时刻以收到的申购替代金额代投资者买入小于等于被替代证券数量的任意 数量的被 景顺长城中证国新港股通央企红利交易型开放式指数证券投资基金更新招募说明书 42 替代证券。 基金管理人有权根据基金投资的需要自主决定不买入部分被替代证券， 或者不 进行任何买入证券的操作。在 T 日日终，基金管理人根据 T 日所购入的被替代证券的实 际单位购入成本 （包括买入价格与相关费用，依照汇率折算为人民币）和未买入的被替代 证券 T 日收盘价 （折算为人民币， 折算汇率采用当天的估值汇率；被替代证券当日在证券 交易所无交易的，取最近交易日的收盘价；交易日无收盘价的，取最后成交价）计算被替 代证券的单位结算成本， 在此基础上根据替代证券数量和申购替代金额确定基金应退还投 资人或投资人应补交的款项。T 日后的三个港股通交易日内，基金管理人将应退款或补款 与相关申购赎回代理券商办理交收，当交收期间出现港股通交易日为非港股通交收日时， 款项交收日期顺延。若发生特殊情况，基金管理人可以对交收日期进行相应调整。 如遇港股通临时停市、 港股通交易每日额度等特殊情况， 基金管理人可考虑根据实际 情况将组合证券的代理买入及结算价格顺延至下一港股通交易日直至交易正常。 如遇证券 长期停牌、 流动性不足等可能导致收盘价或最后成交价不公允的特殊情况， 可参照证券的 估值价格， 对结算价格进行调整， 如果基金管理人认为该证券复牌后的价格可能存在较大 波动，且可能对基金资产净值产生较大影响，为了更好的维护持有人利益， 该证券对应的 现金替代退补款的清算交收可在其复牌后按照实际交易成本或基金管理人认为合理的价 格办理。在此期间若该证券发生除息、送股（转增） 、配股等重要权益变动，则进行相应 调整。 上述汇率目前采用汇率公允价。 汇率公允价包括中国人民银行或其授权机构公布的 人民币汇率中间价、 中国外汇交易中心最新收盘价、 与基金托管人商定的其他公允价格等。 4）赎回替代金额的处理程序 对于确认成功的 T 日赎回申请，基金管理人有权在 T 日内任意时刻代投资者卖出小 于等于被替代证券数量的任意数量的被替代证券。 基金管理人有权根据基金投资的需要自 主决定不卖出部分被替代组合证券，或者不进行任何卖出证券的操作。正常情况下， 对于 确认成功的 T 日赎回申请，基金管理人有权在,替代金额的处理程序 对于确认成功的 T 日申购申请，基金管理人有权在 T 日内任意时刻以收到的申购替 代金额代投资者买入小于等于被替代组合证券数量的任意数量的被替代组合证券。 基金管 理人有权根据基金投资运作情况自主决定不买入部分被替代组合证券， 或者不进行任何买 入证券的操作。T 日， 基金管理人在申购赎回清单中公布现金替代溢价比例， 并据此收取 申购替代金额。正常情况下，对于确认成功的 T 日申购申请，基金管理人有权在 T 日内 任意时刻以收到的申购替代金额代投资者买入小于等于被替代证券数量的任意 数量的被 景顺长城中证国新港股通央企红利交易型开放式指数证券投资基金更新招募说明书 42 替代证券。 基金管理人有权根据基金投资的需要自主决定不买入部分被替代证券， 或者不 进行任何买入证券的操作。在 T 日日终，基金管理人根据 T 日所购入的被替代证券的实 际单位购入成本 （包括买入价格与相关费用，依照汇率折算为人民币）和未买入的被替代 证券 T 日收盘价 （折算为人民币， 折算汇率采用当天的估值汇率；被替代证券当日在证券 交易所无交易的，取最近交易日的收盘价；交易日无收盘价的，取最后成交价）计算被替 代证券的单位结算成本， 在此基础上根据替代证券数量和申购替代金额确定基金应退还投 资人或投资人应补交的款项。T 日后的三个港股通交易日内，基金管理人将应退款或补款 与相关申购赎回代理券商办理交收，当交收期间出现港股通交易日为非港股通交收日时， 款项交收日期顺延。若发生特殊情况，基金管理人可以对交收日期进行相应调整。 如遇港股通临时停市、 港股通交易每日额度等特殊情况， 基金管理人可考虑根据实际 情况将组合证券的代理买入及结算价格顺延至下一港股通交易日直至交易正常。 如遇证券 长期停牌、 流动性不足等可能导致收盘价或最后成交价不公允的特殊情况， 可参照证券的 估值价格， 对结算价格进行调整， 如果基金管理人认为该证券复牌后的价格可能存在较大 波动，且可能对基金资产净值产生较大影响，为了更好的维护持有人利益， 该证券对应的 现金替代退补款的清算交收可在其复牌后按照实际交易成本或基金管理人认为合理的价 格办理。在此期间若该证券发生除息、送股（转增） 、配股等重要权益变动，则进行相应 调整。 上述汇率目前采用汇率公允价。 汇率公允价包括中国人民银行或其授权机构公布的 人民币汇率中间价、 中国外汇交易中心最新收盘价、 与基金托管人商定的其他公允价格等。 4）赎回替代金额的处理程序 对于确认成功的 T 日赎回申请，基金管理人有权在 T 日内任意时刻代投资者卖出小 于等于被替代证券数量的任意数量的被替代证券。 基金管理人有权根据基金投资的需要自 主决定不卖出部分被替代组合证券，或者不进行任何卖出证券的操作。正常情况下， 对于 确认成功的 T 日赎回申请，基金管理人有权在 T,的基金份额享受基金收益，同时承担相应的投资风险。基金合同生效后，本基金的申购、赎回采用全现 金替代、基金管理人代买代卖的模式，申购对价、赎回对价包括现金替代、现金差额及其他对价。若上 海证券交易所和中国证券登记结算有限责任公司针对交易型开放式指数证券投资基金修改现有的清算交 收与登记模式、推出新的清算交收与登记模式并引入新的申购、赎回方式，本基金管理人有权调整本基 金的清算交收与登记模式及申购、赎回方式，或新增本基金的清算交收与登记模式并引入新的申购、赎 回方式，届时将发布公告予以披露并对本基金的基金合同和招募说明书及其更新中予以更新，无须召开 基金份额持有人大会审议。 （八）本基金为交易型开放式指数证券投资基金（ETF），将在上海证券交易所上市。根据本基金 现行适用的清算交收和申赎处理规则，投资者当日申购的基金份额，清算交收完成后方可卖出和赎回， 即 T 日申购的 ETF 份额且日间完成 RTGS（实时逐笔全额结算）交收，T 日可卖出与赎回，而 T 日申购 的 ETF 份额且日终完成逐笔全额非担保交收的，T+1 日方可卖出和赎回；T 日买入的基金份额，T 日可 以赎回或卖出。由于登记机构对现金替代采取非净额结算交收模式，当投资者赎回申请被登记机构确认 后，被赎回的基金份额即被记减，但此时投资者尚未收到赎回现金替代款。投资者投资本基金时需具有 证券账户，证券账户是指上海证券交易所 A 股账户或上海证券交易所证券投资基金账户。 （九）投资人在投资本基金前，请认真阅读本招募说明书，全面认识本基金产品的风险收益特征和 产品特性，充分考虑自身的风险承受,/Users/ellis/工具程序开发/港股通逐标的分析/临时数据/520990/520990_更新招募说明书_20260729.txt
19,159333,万家中证港股通央企红利ETF,万家中证港股通央企红利交易型开放式指数证券投资基金更新招募说明书(2025年第2号),2025-12-19,说明书的“风险揭示”部分。 根据本基金现行适用的清算交收和申赎处理规则，投资者当日申购的基金份 额，清算交收完成后方可卖出和赎回，即T日申购的基金份额且日间完成RTGS（实 时逐笔全额结算）交收，T日可卖出和赎回，而T日申购的基金份额且日终完成逐 笔全额非担保交收，T+1日方可卖出和赎回；T日竞价买入的基金份额，T日可以赎 回和卖出；T日大宗买入的基金份额，T日可以大宗卖出，T+1日可以竞价卖出或赎 回。 投资者投资于本基金前请认真阅读证券交易所及登记机构的相关业务规则及 其不时的更新，确保具备相关专业知识、清楚了解相关规则流程后方可参与本基 金的认购、申购、赎回及交易。投资者一旦认购、申购或赎回本基金，即表示对 基金认购、申购和赎回所涉及的基金份额的证券变更登记方式以及申购赎回,"：必须现金替代的证券一般是由于标的指数调整，即将被剔除的成 份证券、或法律法规限制投资的证券、或相关交易制度限制交易的证券、或基金管 理人出于保护基金份额持有人利益等原因认为有必要实行必须现金替代的成份证 券。 ②替代金额：对于必须现金替代的证券，基金管理人将在申购赎回清单中公告 一定数量的现金，即""固定替代金额""。固定替代金额的计算方法为申购赎回清单中 该证券的数量乘以其T日预计开盘价并按照T-1日估值汇率换算或基金管理人认为合 理的其他方法。 （4）对于T日的申购赎回申请，基金管理人有权进行轧差处理，针对净申购， 购入净申购份额对应的组合证券中被替代证券，针对净赎回，卖出净赎回份额对应 的组合证券中被替代证券，基金管理人有权购入或者卖出不等于轧差处理后的上述 被替代证券的任意数量。 （5）基金管理人可根据运作情况调整代理申赎投资者买券卖券的相关规则并 按规定公告。 （6）未来如港股通的交易、结算规则发生改变，或深圳证券交易所、登记结 算机构有关申购赎回交易结算规则发生改变，或基金管理人与基金托管人之间的结 算相关安排发生改变等，基金管理人可对上述相关现金替代处理规则进行调整，并 按规定公告。 5、预估现金差额相关内容 预估现金差额是指为便于计算基金份额参考净值及申购赎回代理机构预先冻结 41 万家中证港股通央企红利交易型开放式指数证券投资基金 更新招募说明书（2025 年第2 号） 申请申购、赎回的投资者的相应资金，由基金管理人计算的现金数额。 预估现金差额的计算公式为： T日预估现金差额＝T-1日最小申购、赎回单位的基金资产净值－（申购、赎回 清单中可以现金替代成份证券的数量、T日预计开盘价及T-1日估值汇率乘积之和+ 申购、赎回清单中必须现金替代的固定替代金额） 其中，该",申购替代金额的处理程序 T日，基金管理人在申购赎回清单中公布申购现金替代保证金率，并据此收取 申购替代金额。 正常情况下，基金管理人在T日根据申购申请代投资者买入被替代证券。基金 管理人有权在T日内任意时刻代投资者买入组合证券中被替代证券的任意数量。对 于确认成功的T日申购申请，T日内基金管理人根据申购规模进行组合证券的代理买 入。T日日终，基金管理人根据所购入的被替代组合证券的实际单位购入成本（包 括买入价格与相关费用，折算为人民币，折算汇率采用当天的港股通结算汇兑比 率） 、未购入的被替代组合证券的T日收盘价（折算为人民币，折算汇率采用当天的 估值汇率；被替代组合证券T日无交易的，取最近交易日的收盘价；交易日无收盘 价的，取最后成交价）计算并确定被替代组合证券的单位结算成本，在此基础上根 据替代组合证券数量和申购现金替代保证金确定基金应退还投资人的款项或投资人 应补交的款项。未购入部分包含因申购赎回轧差处理而未实际购入的申购申请对应 的被替代组合证券。T日后的5个工作日内，基金管理人将应退款或补款与相关申购 赎回代理机构办理交收。若发生特殊情况，基金管理人可以对交收日期进行相应调 整。未来基金管理人有权视产品运行情况，经与基金托管人协商一致，对折算汇率 和未购入被替代证券的计算价格进行调整，并提前公告。 如遇港股通临时停市、港股通交易每日额度或总额度不足等特殊情况，组合证 券的代理买入及结算价格可依次顺延至下一港股通交易日直至交易正常。如遇证券 39 万家中证港股通央企红利交易型开放式指数证券投资基金 更新招募说明书（2025 年第2 号） 长期停牌、流动性不足等可能导致收盘价或最后成交价不公允的特殊情况，可参照 证券的估值价格，对结算成本进行调整。如果基金管理人认为该证券复牌后的价格 可能存在较大波动，且可能对基金资产净值产生较大影响，为了更好的维护持有人 利益，该证券对应的现金替代款的清算交收可在其复牌后按照实际交易成本办理。 在此期间若该证券发生除息、送股（转增） 、配股等重要权益变动，则进行相应调 整。 ④赎回替代金额的处理程序 正常情况下，基金管理人在T日根据赎回申请代投资者卖出被替代证券。基金 管理人有权在T日内任意时刻代投资者卖出组合证券中被替代证券的任意数量。对 于确认成功的T日赎回申请，T日内基金管理人根据所卖出的被替代组合证券的实际 单位卖出所得（扣除相关费用，折算为人民币，折算汇率采用当天的港股通结算汇 兑比率） 、未卖出的被替代组合证券的T日收盘价（折算为人民币，折算汇率采用当 天的估值汇率；被替代组合证券T日无交易的，取最近交易日的收盘价；交易日无 收盘价的，取最后成交价）计算并确定被替代组合证券的单位结算成本，在此基础 上根据替代组合证券数量确定赎回替代金额。未卖出部分包含因申购赎回轧差处理 而未实际卖出的赎回申请对应的被替代,替代金额的处理程序 T日，基金管理人在申购赎回清单中公布申购现金替代保证金率，并据此收取 申购替代金额。 正常情况下，基金管理人在T日根据申购申请代投资者买入被替代证券。基金 管理人有权在T日内任意时刻代投资者买入组合证券中被替代证券的任意数量。对 于确认成功的T日申购申请，T日内基金管理人根据申购规模进行组合证券的代理买 入。T日日终，基金管理人根据所购入的被替代组合证券的实际单位购入成本（包 括买入价格与相关费用，折算为人民币，折算汇率采用当天的港股通结算汇兑比 率） 、未购入的被替代组合证券的T日收盘价（折算为人民币，折算汇率采用当天的 估值汇率；被替代组合证券T日无交易的，取最近交易日的收盘价；交易日无收盘 价的，取最后成交价）计算并确定被替代组合证券的单位结算成本，在此基础上根 据替代组合证券数量和申购现金替代保证金确定基金应退还投资人的款项或投资人 应补交的款项。未购入部分包含因申购赎回轧差处理而未实际购入的申购申请对应 的被替代组合证券。T日后的5个工作日内，基金管理人将应退款或补款与相关申购 赎回代理机构办理交收。若发生特殊情况，基金管理人可以对交收日期进行相应调 整。未来基金管理人有权视产品运行情况，经与基金托管人协商一致，对折算汇率 和未购入被替代证券的计算价格进行调整，并提前公告。 如遇港股通临时停市、港股通交易每日额度或总额度不足等特殊情况，组合证 券的代理买入及结算价格可依次顺延至下一港股通交易日直至交易正常。如遇证券 39 万家中证港股通央企红利交易型开放式指数证券投资基金 更新招募说明书（2025 年第2 号） 长期停牌、流动性不足等可能导致收盘价或最后成交价不公允的特殊情况，可参照 证券的估值价格，对结算成本进行调整。如果基金管理人认为该证券复牌后的价格 可能存在较大波动，且可能对基金资产净值产生较大影响，为了更好的维护持有人 利益，该证券对应的现金替代款的清算交收可在其复牌后按照实际交易成本办理。 在此期间若该证券发生除息、送股（转增） 、配股等重要权益变动，则进行相应调 整。 ④赎回替代金额的处理程序 正常情况下，基金管理人在T日根据赎回申请代投资者卖出被替代证券。基金 管理人有权在T日内任意时刻代投资者卖出组合证券中被替代证券的任意数量。对 于确认成功的T日赎回申请，T日内基金管理人根据所卖出的被替代组合证券的实际 单位卖出所得（扣除相关费用，折算为人民币，折算汇率采用当天的港股通结算汇 兑比率） 、未卖出的被替代组合证券的T日收盘价（折算为人民币，折算汇率采用当 天的估值汇率；被替代组合证券T日无交易的，取最近交易日的收盘价；交易日无 收盘价的，取最后成交价）计算并确定被替代组合证券的单位结算成本，在此基础 上根据替代组合证券数量确定赎回替代金额。未卖出部分包含因申购赎回轧差处理 而未实际卖出的赎回申请对应的被替代组合,基 金的认购、申购、赎回及交易。投资者一旦认购、申购或赎回本基金，即表示对 基金认购、申购和赎回所涉及的基金份额的证券变更登记方式以及申购赎回所涉 及现金替代、现金差额等相关的交收方式已经认可。 基金管理人提醒投资者基金投资的“买者自负”原则，在投资者作出投资决 策后，基金运营状况与基金净值变化引致的投资风险，由投资者自行负责。此 外，本基金以1.00元初始面值进行募集，在市场波动等因素的影响下，存在单位 份额净值跌破1.00元初始面值的风险。 基金不同于银行储蓄与债券，基金投资者有可能获得较高的收益，也有可能 损失本金。投资有风险，投资者在进行投资决策前，请仔细阅读本基金的招募说 明书、 《基金合同》及基金产品资料概要。 基金管理人依照恪尽职守、诚实信用、谨慎勤勉的原则管理和运用基金财 产，但不保证基金一定盈利，也不保证最低收益。基金的过往业绩并不预示其未 来表现。基金管理人管理的其他基金的业绩不构成对本基金业绩表现的保证。 本招募说明书所载内容截止日为2025年12月16日，有关财务数据和净值表现 数据截止日为2025年09月30日（财务数据未经审计） 。 4 万家中证港股通央企红利交易型开放式指数证券投资基金 更新招募说明书（2025 年第2 号） 目 录 重要提示.............................................................................................................................. 1 第一部分 绪言....,/Users/ellis/工具程序开发/港股通逐标的分析/临时数据/159333/159333_更新招募说明书_20251219.txt
20,513200,易方达中证港股通医药卫生综合ETF,易方达中证港股通医药卫生综合交易型开放式指数证券投资基金更新的招募说明书,2026-06-01,金产品资料概要。 5、根据本基金现行适用的清算交收和申赎处理规则，投资者当日申购的基金份额，清 算交收完成后方可卖出和赎回，即 T 日申购的基金份额且日间完成 RTGS（实时逐笔全额结 算） 交收的，T 日可卖出和赎回， 而T 日申购的基金份额且日终完成逐笔全额非担保交收的， T+1 日方可卖出和赎回；T 日买入的基金份额，T 日可以赎回或卖出。 投资者投资于本基金前请认真阅读证券交易所和登记结算机构关于 ETF 的相关业务规 则及其不时的更新，确保具备相关专业知识、清楚了解相关规则流程后方可参与本基金的 申购、赎回及交易。投资者一旦申购或赎回本基金，即表示对基金申购和赎回所涉及的登 记方式以及申购赎回所涉及现金替代、现金差额等相关的交收方式及业务规则已经认可。 6、基金的过往业,成份证券； 或处于停牌的成份证券； 或法律法规限制投资的成份证券； 或基金管理人出于保护持有人利 益原则等原因认为有必要实行必须现金替代的成份证券。 2）替代金额：对于必须现金替代的证券，基金管理人将在申购赎回清单中公告替代的 一定数量的现金， 即 “固定替代金额” 。 固定替代金额的计算方法为申购赎回清单中该证券 的数量乘以该证券调整后 T 日开盘参考价并按照 T-1 日估值汇率换算或基金管理人认为合 理的其他方法。 （4） 在系统支持的情况下， 对于T 日的申购赎回申请， 基金管理人有权进行轧差处理， 针对净申购， 购入净申购份额对应的组合证券中被替代的成份证券， 针对净赎回， 卖出净赎 回份额对应的组合证券中被替代的成份证券， 基金管理人有权购入或者卖出不等于轧差处理 后的上述被替代的成份证券的任意数量。 （5）基金管理人可根据运作情况调整代理申赎投资者买券卖券的相关规则并按规定公 告。 （6）未来如相关证券的交易、结算规则发生改变，或上海证券交易所、登记结算机构 有关申购赎回交易结算规则发生改变， 或基金管理人与基金托管人之间的结算相关安排发生 改变等，基金管理人可对上述相关现金替代处理规则进行调整，并按规定公告。 4、预估现金部分相关内容 预估现金部分是指为便于计算基金份额参考净值及申购赎回代理券商预先冻结申请申 购、赎回的投资者的相应资金，由基金管理人计算的现金数额。T 日申购赎回清单中公告 T 日预估现金部分。其计算公式为： T 日预估现金部分＝T-1 日最小申购、 赎回单位的基金资产净值－ （申购赎回清单中必 须现金替代成份证券的替代金额＋申购赎回清单中可以现金替代成份证券的数量、 该证券调 35 整后 T 日开盘参考价以及 T-1 日估值汇率的相乘之和） 其中，,申购现金替代保证金的处理程序 T 日， 基金管理人在申购赎回清单中公布申购现金替代溢价比率， 并据此收取申购现金 33 替代保证金。 基金管理人在T 日内购入组合证券中被替代的成份证券。 基金管理人有权在T 日内任意时刻， 以收到的申购替代金额代投资者购入组合证券中被替代的成份证券的任意数 量。正常情况下，对于确认成功的 T 日申购申请，基金管理人根据 T 日所购入的被替代证 券的实际单位购入成本 （包括买入价格与相关费用， 折算为人民币） 和未购入的被替代证券 T 日收盘价（折算为人民币，被替代证券当日在证券交易所无交易的，取最近交易日的收盘 价； 交易日无收盘价的， 取最后成交价） 计算被替代证券的单位结算成本， 在此基础上根据 替代证券数量和申购现金替代保证金确定基金应退还投资者或投资者应补交的款项。T 日后 的三个港股通交易日内， 基金管理人将成份证券的应退款或补款与相关申购赎回代理券商办 理交收， 当交收期间出现港股通交易日为非港股通交收日时， 款项交收日期顺延。 若发生特 殊情况，基金管理人可以对交收日期进行相应调整。 如遇港股通临时停市、 港股通交易当日额度使用完毕而暂停或停止接受买入申报等特殊 情况， 基金管理人可考虑根据实际情况将成份证券的代理买入及结算价格顺延至下一港股通 交易日直至交易正常。 如遇成份证券长期停牌、 流动性不足等可能导致收盘价或最后成交价 不公允的特殊情况， 可参照证券的估值价格， 对结算价格进行调整， 如果基金管理人认为该 证券复牌后的价格可能存在较大波动， 且可能对基金资产净值产生较大影响， 为了更好的维 护持有人利益， 该证券对应的现金替代退补款的清算交收可按照其复牌后实际交易成本或者 基金管理人认为合理的价格办理。在此期间若该证券发生除息、送股（转增）、配股等重要 权益变动，则进行相应调整。 4）赎回替代金额的处理程序 基金管理人在 T 日内卖出组合证券中被替代的成份证券。 基金管理人有权在T 日内任意 时刻代投资者卖出组合证券中被替代的成份证券的任意数量。 正常情况下， 对于确认成功的 T 日赎回申请， 基金管理人根据T 日所卖出的被替代证券的实际单位卖出金额 （扣除相关费 用， 折算为人民币） 和未卖出的被替代证券T 日收盘价 （折算为人民币， 被替代证券当日在 证券交易所无交易的， 取最近交易日的收盘价； 交易日无收盘价的， 取最后成交价） 计算被 替代证券的单位结算金额， 在此基础上根据替代证券数量确定赎回替代金额。T 日后的第三 个港股通交易日后的一个工作日内， 基金管理人将应支付的成份证券赎回替代金额与相关申 购赎回代理券商办理交收， 当交收期间出现港股通交易日为非港股通交收日时， 款项交收日 期顺延。若发生特殊情况，基金管理人可以对交收日期进行相应调整。 如遇港股通临时停市等特殊情况， 成份证券的代,赎回替代金额的处理程序 基金管理人在 T 日内卖出组合证券中被替代的成份证券。 基金管理人有权在T 日内任意 时刻代投资者卖出组合证券中被替代的成份证券的任意数量。 正常情况下， 对于确认成功的 T 日赎回申请， 基金管理人根据T 日所卖出的被替代证券的实际单位卖出金额 （扣除相关费 用， 折算为人民币） 和未卖出的被替代证券T 日收盘价 （折算为人民币， 被替代证券当日在 证券交易所无交易的， 取最近交易日的收盘价； 交易日无收盘价的， 取最后成交价） 计算被 替代证券的单位结算金额， 在此基础上根据替代证券数量确定赎回替代金额。T 日后的第三 个港股通交易日后的一个工作日内， 基金管理人将应支付的成份证券赎回替代金额与相关申 购赎回代理券商办理交收， 当交收期间出现港股通交易日为非港股通交收日时， 款项交收日 期顺延。若发生特殊情况，基金管理人可以对交收日期进行相应调整。 如遇港股通临时停市等特殊情况， 成份证券的代理卖出及结算价格可依次顺延至下一港 34 股通交易日直至交易正常。 如遇成份证券长期停牌、 流动性不足等可能导致收盘价或最后成 交价不公允的特殊情况， 可参照证券的估值价格， 对结算价格进行调整， 如果基金管理人认 为该证券复牌后的价格可能存在较大波动， 且可能对基金资产净值产生较大影响， 为了更好 的维护持有人利益， 该证券对应的现金替代款的清算交收可按照其复牌后实际交易成本或者 基金管理人认为合理的价格办理。在此期间若该证券发生除息、送股（转增）、配股等重要 权益变动，则进行相应调整。 （3）必须现金替代 1） 适用情形： 必须现金替代的证券一般是由于标的指数调整， 即将被剔除的成份证券； 或处于停牌的成份证券； 或法律法规限制投资的成份证券； 或基金管理人出于保护持有人利 益原则等原因认为有必要实行必须现金替代的成份证券。 2）替代金额：对于必须现金替代的证券，基金管理人将在申购赎回清单中公告替代的 一定数量的现金， 即 “固定替代金额” 。 固定替代金额的计算方法为申购赎回清单中该证券 的数量乘以该证券调整后 T 日开盘参考价并按照 T-1 日估值汇率换算或基金管理人认为合 理的其他方法。 （4） 在系统支持的情况下， 对于T 日的申购赎回申请， 基金管理人有权进行轧差处理， 针对净申购， 购入净申购份额对应的组合证券中被替代的成份证券， 针对净赎回， 卖出净赎 回份额对应的组合证券中被替代的成份证券， 基金管理人有权购入或者卖出不等于轧差处理 后的上述被替代的成份证券的任意数量。 （5）基金管理人可根据运作情况调整代理申赎投资者买券卖券的相关规则并按规定公 告。 （6）未来如相关证券的交易、结算规则发生改变，或上海证券交易所、登记结算机构 有关申购赎回交易结算规则发生改变， 或基金管理人与基金托管人之间的结算相关安排发生 改变等，基,知识、清楚了解相关规则流程后方可参与本基金的 申购、赎回及交易。投资者一旦申购或赎回本基金，即表示对基金申购和赎回所涉及的登 记方式以及申购赎回所涉及现金替代、现金差额等相关的交收方式及业务规则已经认可。 6、基金的过往业绩并不预示其未来表现，基金管理人管理的其他基金的业绩并不构成 对本基金表现的保证。 本基金有关财务数据截止日为 2026 年 3 月 31 日，净值表现截止日为 2026 年 3 月 31 日，主要人员情况截止日为 2026 年 5 月 29 日，除非另有说明，本招募说明书其他所载内 容截止日为 2026 年4 月16 日。（本报告中财务数据未经审计） I 目 录 一、绪 言.......................................................... 1 二、释 义.......................................................... 2 三、基金管理人...................................................... 7 四、基金托管人..................................................... 19 五、相关服务机构................................................... 22 六、基金的募集..................................................... 24 七、,/Users/ellis/工具程序开发/港股通逐标的分析/临时数据/513200/513200_更新招募说明书_20260601.txt
21,513060,博时恒生医疗保健(QDII-ETF),博时恒生医疗保健交易型开放式指数证券投资基金(QDII)更新招募说明书,2026-06-01,交收与登记模式及申购、赎回方式，或新增本基金的清算交收与登记 模式并引入新的申购、赎回方式，详见“十、基金清算交收与登记模式的调整或新增”。 本基金申购业务采用实时逐笔全额结算（Real Time Gross Settlement）模式；赎 回业务涉及的现金替代可采用代收代付处理；申购、赎回业务涉及的现金差额和现金替代退 补款可采用代收代付处理。 投资人 T 日提交的申购申请受理后，如交易记录已勾单且申购资金足额的，登记结算机 构在 T 日日间实时办理基金份额及现金替代的交收；T 日日间未进行勾单确认或日间资金不 足的，登记结算机构在 T 日日终根据资金是否足额办理基金份额及现金替代的清算交收，并 将结果发送给基金管理人、申购赎回代理券商和基金托管人。登记结算机构在 T+1 日办理现,,申购现金替代保证金的处理程序如下： T 日，基金管理人在申购赎回清单中公布现金替代溢价比例，并据此收取申购现金替代 保证金。 正常情况下，对于确认成功的 T 日申购申请，T+1 日（指开放日）内（即 T 日及 T+1 日） 基金管理人根据申购规模进行组合证券的代理买入。T+1 日（指开放日）日终，基金管理人 根据所购入的被替代证券的实际单位购入成本（包括买入价格与相关费用，其中通过港股通 买入的交易使用中国证券登记结算有限责任公司代理换汇后的人民币成本）和未买入的被替 代证券的 T+1 日（指开放日）收盘价（折算为人民币，折算汇率包括但不限于中国外汇交易 中心公布的北京时间 16:00 主要货币兑人民币参考汇率、中国人民银行或其授权机构最新公 布的人民币汇率中间价、与基金托管人商定的其他公允价格等；被替代组合证券 T+1 日（指 博时恒生医疗保健交易型开放式指数证券投资基金(QDII)更新招募说明书 第 68页 共 162页 开放日）无交易的，取最近交易日的收盘价）计算被替代证券的单位结算成本，在此基础上 根据替代证券数量和申购现金替代保证金确定基金应退还投资者或投资者应补交的款项。在 此期间若该部分证券发生除息、送股（转增）、配股等重要权益变动，则进行相应调整。 正常情况下，T+5 日（指开放日）内，基金管理人将应退款和补款的明细及汇总数据发 送给申购赎回代理机构，相关款项的交收于数据发送后的第 1 个工作日内完成。 如遇港股通临时停市、港股通交易每日额度或总额度不足等特殊情况，组合证券的代理 买入及结算价格可依次顺延至下一港股通交易日直至交易正常。如遇证券长期停牌、流动性 不足等可能导致收盘价或最后成交价不公允的特殊情况，可参照证券的估值价格，对结算价 格进行调整，如果基金管理人认为该证券复牌后的价格可能存在较大波动，且可能对基金资 产净值产生较大影响，为了更好的维护持有人利益，该证券对应的现金替代退补款的清算交 收可在其复牌后按照实际交易成本办理。在此期间若该证券发生除息、送股（转增）、配股 等重要权益变动，则进行相应调整。 （d）赎回替代金额的处理程序 正常情况下，对于确认成功的 T 日赎回申请，T+1 日（指开放日）内（即 T 日及 T+1 日） 基金管理人根据赎回规模进行组合证券的代理卖出。T+1 日（指开放日）日终，基金管理人 根据所卖出的被替代证券的实际单位卖出金额（扣除相关费用，其中通过港股通卖出的交易 使用中国证券登记结算有限责任公司代理换汇后的人民币金额）和未卖出的被替代证券的 T+1 日（指开放日）收盘价（折算为人民币，折算汇率包括但不限于中国外汇交易中心公布 的北京时间 16:00 主要货币兑人民币参考汇率、中国人民银行或其授权机构最新公布的人民 币汇率中间价、与基金托管人商定的其他公允价格等；被替代组合证券 T+1 日（指开放日）,赎回替代金额的处理程序 正常情况下，对于确认成功的 T 日赎回申请，T+1 日（指开放日）内（即 T 日及 T+1 日） 基金管理人根据赎回规模进行组合证券的代理卖出。T+1 日（指开放日）日终，基金管理人 根据所卖出的被替代证券的实际单位卖出金额（扣除相关费用，其中通过港股通卖出的交易 使用中国证券登记结算有限责任公司代理换汇后的人民币金额）和未卖出的被替代证券的 T+1 日（指开放日）收盘价（折算为人民币，折算汇率包括但不限于中国外汇交易中心公布 的北京时间 16:00 主要货币兑人民币参考汇率、中国人民银行或其授权机构最新公布的人民 币汇率中间价、与基金托管人商定的其他公允价格等；被替代组合证券 T+1 日（指开放日） 无交易的，取最近交易日的收盘价）计算被替代证券的单位结算金额，在此基础上根据替代 证券数量确定赎回替代金额。在此期间若该部分证券发生除息、送股（转增）、配股等重要 权益变动，则进行相应调整。 T+7 日（指开放日）内，基金管理人将应支付的赎回替代金额与相关申购赎回代理券商 办理交收。若发生特殊情况，基金管理人可以对交收日期进行相应调整。 如遇港股通临时停市等特殊情况，组合证券的代理卖出及结算价格可依次顺延至下一港 股通交易日直至交易正常。如遇证券长期停牌、流动性不足等可能导致收盘价或最后成交价 不公允的特殊情况，可参照证券的估值价格，对结算价格进行调整，如果基金管理人认为该 证券复牌后的价格可能存在较大波动，且可能对基金资产净值产生较大影响，为了更好的维 博时恒生医疗保健交易型开放式指数证券投资基金(QDII)更新招募说明书 第 69页 共 162页 护持有人利益，该证券对应的现金替代款的清算交收可在其复牌后按照实际交易成本办理。 在此期间若该证券发生除息、送股（转增）、配股等重要权益变动，则进行相应调整。 e）未来如相关证券交易、结算规则发生改变，或上海证券交易所、登记结算机构有关 申购赎回交易结算规则发生改变，或基金管理人与基金托管人之间的结算相关安排发生改变， 基金管理人可对上述相关现金替代处理规则进行调整，并按规定公告。 2）关于必须现金替代 （a）适用情形：必须现金替代的证券一般是由于标的指数调整将被剔除的成份证券以 及处于停牌的股票，或因法律法规限制投资的成份证券，或出于保护基金持有人利益等目的 基金管理人认为有必要实行必须现金替代的成份证券。 （b）替代金额：对于必须现金替代的证券，基金管理人将在申购赎回清单中公告替代 的一定数量的现金，即“固定替代金额”。固定替代金额的计算方法为申购赎回清单中该证 券的数量乘以其 T 日预估开盘价并按照 T-1 日估值汇率换算或基金管理人认为合理的其他方 法。 （3）预估现金部分相关内容 预估现金部分是指，为便于计算基金份额参考净值及申购赎回代理券商预先冻结申请申 购、赎回的投资人的相应,申购赎回清单：指由基金管理人编制的用以公告申购对价、赎回对价等信息的文件 51.申购对价：指投资人申购基金份额时，按基金合同和招募说明书规定应交付的现金 替代、现金差额和/或其他对价 52.赎回对价：指投资人赎回基金份额时，基金管理人按基金合同和招募说明书规定应 交付给赎回人的现金替代、现金差额和/或其他对价 53. 组合证券：指本基金标的指数所包含的全部或部分证券 54. 标的指数：指恒生指数有限公司编制并发布的恒生医疗保健指数及其未来可能发生 的变更 55. 完全复制法：指一种跟踪指数的方法。通过购买标的指数中的所有成份证券，并且 按照每种成份证券在标的指数中的权重确定购买的比例以构建指数组合，达到复制指数的目 的 56. 现金替代：指申购、赎回过程中，投资人按基金合同和招募说明书的规定，用于替 代组合证券中部分证券的一定数量的现金 57.现金替代退补款：指投资人支付的现金替代与基金购入被替代成份证券的成本及相 关费用的差额。若现金替代大于本基金购入被替代成份证券的成本及相关费用，则本基金需 向投资人退还差额，若现金替代小于本基金购入被替代成份证券的成本及相关费用，则投资 人需向本基金补缴差额 博时恒生医疗保健交易型开放式指数证券投资基金(QDII)更新招募说明书 第 11页 共 162页 58. 现金差额：指最小申购、赎回单位的资产净值与按当日收盘价计算的最小申购、赎 回单位中的组合证券市值和现金替代之差；投资人申购、赎回时应支付或应获得的现金差额 根据最小申购、赎回单位对应的现金差额、申购或赎回的基金份额数计算 59. 最小申购、赎回单位,/Users/ellis/工具程序开发/港股通逐标的分析/临时数据/513060/513060_更新招募说明书_20260601.txt
22,520710,广发中证港股通信息技术综合ETF,广发中证港股通信息技术综合交易型开放式指数证券投资基金更新的招募说明书,2026-06-15,交收方式已经认可。 根据本基金现行适用的清算交收和申赎处理规则，投资者当日申购的基金份额，清算交 收完成后方可卖出和赎回，即T 日申购的ETF 份额且日间完成 RTGS（实时逐笔全额结算）交 收，T 日可卖出与赎回， 而T 日申购的 ETF 份额且日终完成逐笔全额非担保交收的，T+1 日方 可卖出和赎回；T 日买入的基金份额，T 日可以赎回或卖出。 由于登记结算机构对现金替代采 取非净额结算交收模式，当投资者赎回申请被登记结算机构确认后，被赎回的基金份额即被 记减，但此时投资者尚未收到赎回现金替代款。投资者投资本基金时需具有证券账户，证券 账户是指上海证券交易所 A 股账户或上海证券交易所证券投资基金账户。 本基金以 1 元初始面值进行募集，在市场波动等因素的影响下，存在单位份额,,申购替代金额的处理程序 T 日，基金管理人根据申购赎回清单收取申购现金替代保证金。 对于确认成功的 T 日申购申请，在 T 日内，基金管理人以收到的申购现金替代保证金代 投资者买入被替代证券。在 T 日日终，基金管理人已买入的证券，依据申购现金替代保证金 与被替代证券的实际买入成本（包括买入价格与相关交易费用）的差额，确定基金应退还投 资者或投资者应补交的款项；未买入的证券，依据申购现金替代保证金与被替代证券 T 日收 盘价（需用最新汇率折算为人民币，当日在证券交易所无交易的，取最近交易日的收盘价， 当日无收盘价的，取最后成交价）的差额，确定基金应退还投资者或投资者应补交的款项。 33 正常情况下，T+3 日（指港股通交易日）内，基金管理人将应退款和补款的明细及汇总 数据发送给相关申购赎回代理机构和基金托管人，相关款项的清算交收将于此后 3 个工作日 内完成。 如遇证券长期停牌、流动性不足等特殊情况，可参照证券的估值价格对结算价格进行调 整，如果基金管理人认为该证券复牌后的价格可能存在较大波动，且可能对基金资产净值产 生较大影响，为了更好的维护持有人利益，该证券对应的现金替代退补款的清算交收可在其 复牌后按照实际交易成本办理。在此期间若该证券发生除息、送股（转增） 、配股等重要权益 变动，则进行相应调整。上述汇率目前采用汇率公允价。汇率公允价包括中国人民银行或其 授权机构最新公布的人民币汇率中间价、中国外汇交易中心最新收盘价、与基金托管人商定 的其他公允价格（如：中国人民银行或国家外汇管理局或中国外汇交易中心正式对外发文后 公布的人民币兑主要外汇当日收盘价）等。 ④赎回对应的替代金额的处理程序 对于确认成功的 T 日赎回申请，在 T 日内，基金管理人根据赎回申请代投资者卖出被替 代证券。在 T 日日终，基金管理人已卖出的证券，按照被替代证券的实际卖出金额（扣除相 关费用）确定基金应支付的替代金额；未卖出的证券，按照被替代证券 T 日收盘价（需用最 新汇率折算为人民币，当日在证券交易所无交易的，取最近交易日的收盘价，当日无收盘价 的，取最后成交价）确定基金应支付给投资者的替代金额。 正常情况下，T+7 日（指港股通交易日）内，基金管理人将应支付的替代金额的明细及 汇总数据发送给登记结算机构，登记结算机构办理现金替代资金的清算，并将结果发送给相 关申购赎回代理机构和基金托管人，相关款项的清算交收将于此后 3 个工作日内完成。如遇 证券长期停牌、流动性不足等特殊情况，可参照证券的估值价格，对结算价格进行调整，如 果基金管理人认为该证券复牌后的价格可能存在较大波动，且可能对基金资产净值产生较大 影响，为了更好的维护持有人利益，该证券对应的现金替代款的清算交收可在其复牌后按照 实际交易成本办理。 在此期间若该证券发生除息、送股（转增） 、配股等重要权益变动，则进行相应,替代金额的处理程序 T 日，基金管理人根据申购赎回清单收取申购现金替代保证金。 对于确认成功的 T 日申购申请，在 T 日内，基金管理人以收到的申购现金替代保证金代 投资者买入被替代证券。在 T 日日终，基金管理人已买入的证券，依据申购现金替代保证金 与被替代证券的实际买入成本（包括买入价格与相关交易费用）的差额，确定基金应退还投 资者或投资者应补交的款项；未买入的证券，依据申购现金替代保证金与被替代证券 T 日收 盘价（需用最新汇率折算为人民币，当日在证券交易所无交易的，取最近交易日的收盘价， 当日无收盘价的，取最后成交价）的差额，确定基金应退还投资者或投资者应补交的款项。 33 正常情况下，T+3 日（指港股通交易日）内，基金管理人将应退款和补款的明细及汇总 数据发送给相关申购赎回代理机构和基金托管人，相关款项的清算交收将于此后 3 个工作日 内完成。 如遇证券长期停牌、流动性不足等特殊情况，可参照证券的估值价格对结算价格进行调 整，如果基金管理人认为该证券复牌后的价格可能存在较大波动，且可能对基金资产净值产 生较大影响，为了更好的维护持有人利益，该证券对应的现金替代退补款的清算交收可在其 复牌后按照实际交易成本办理。在此期间若该证券发生除息、送股（转增） 、配股等重要权益 变动，则进行相应调整。上述汇率目前采用汇率公允价。汇率公允价包括中国人民银行或其 授权机构最新公布的人民币汇率中间价、中国外汇交易中心最新收盘价、与基金托管人商定 的其他公允价格（如：中国人民银行或国家外汇管理局或中国外汇交易中心正式对外发文后 公布的人民币兑主要外汇当日收盘价）等。 ④赎回对应的替代金额的处理程序 对于确认成功的 T 日赎回申请，在 T 日内，基金管理人根据赎回申请代投资者卖出被替 代证券。在 T 日日终，基金管理人已卖出的证券，按照被替代证券的实际卖出金额（扣除相 关费用）确定基金应支付的替代金额；未卖出的证券，按照被替代证券 T 日收盘价（需用最 新汇率折算为人民币，当日在证券交易所无交易的，取最近交易日的收盘价，当日无收盘价 的，取最后成交价）确定基金应支付给投资者的替代金额。 正常情况下，T+7 日（指港股通交易日）内，基金管理人将应支付的替代金额的明细及 汇总数据发送给登记结算机构，登记结算机构办理现金替代资金的清算，并将结果发送给相 关申购赎回代理机构和基金托管人，相关款项的清算交收将于此后 3 个工作日内完成。如遇 证券长期停牌、流动性不足等特殊情况，可参照证券的估值价格，对结算价格进行调整，如 果基金管理人认为该证券复牌后的价格可能存在较大波动，且可能对基金资产净值产生较大 影响，为了更好的维护持有人利益，该证券对应的现金替代款的清算交收可在其复牌后按照 实际交易成本办理。 在此期间若该证券发生除息、送股（转增） 、配股等重要权益变动，则进行相应调整,可参与本基金的申购、赎回及交易。投资者一旦认购、申购或赎回本基 金，即表示对基金认购、申购和赎回所涉及的基金份额的证券变更登记方式以及申购赎回所 涉及现金替代、现金差额等相关的交收方式已经认可。 根据本基金现行适用的清算交收和申赎处理规则，投资者当日申购的基金份额，清算交 收完成后方可卖出和赎回，即T 日申购的ETF 份额且日间完成 RTGS（实时逐笔全额结算）交 收，T 日可卖出与赎回， 而T 日申购的 ETF 份额且日终完成逐笔全额非担保交收的，T+1 日方 可卖出和赎回；T 日买入的基金份额，T 日可以赎回或卖出。 由于登记结算机构对现金替代采 取非净额结算交收模式，当投资者赎回申请被登记结算机构确认后，被赎回的基金份额即被 记减，但此时投资者尚未收到赎回现金替代款。投资者投资本基金时需具有证券账户，证券 账户是指上海证券交易所 A 股账户或上海证券交易所证券投资基金账户。 本基金以 1 元初始面值进行募集，在市场波动等因素的影响下，存在单位份额净值跌破 1 元初始面值的风险。 基金管理人提醒投资人基金投资的 “买者自负” 原则， 在投资人作出投 资决策后，基金运营状况与基金净值变化引致的投资风险，由投资人自行负责。 投资人在进行投资决策前，请仔细阅读本基金的《招募说明书》 《基金产品资料概要》及 《基金合同》 ，自主判断基金的投资价值，自主做出投资决策，自行承担投资风险。 基金的过往业绩并不预示其未来表现，基金管理人管理的其他基金的业绩并不构成对本 基金表现的保证。 本次更新的招募说明书主要对本基金投资决策委员会的相关信息进行修订，更新内,/Users/ellis/工具程序开发/港股通逐标的分析/临时数据/520710/520710_更新招募说明书_20260615.txt
23,513240,华安中证港股通信息技术综合ETF,华安中证港股通信息技术综合交易型开放式指数证券投资基金招募说明书,2026-04-10,金份额的交收适用业务 规则的规定和参与各方相关协议的有关规定。 本基金申购业务采用实时逐笔全额结算（Real Time Gross Settlement，简 称RTGS） 模式； 赎回业务涉及的现金替代采用代收代付处理； 申购、 赎回业务涉 及的现金差额和现金替代退补款采用代收代付处理。 1）申购的清算交收 投资者 T 日申购后， 如交易记录已勾单且申购资金足额的， 登记机构在T 日 日间实时办理基金份额及现金替代的交收；T 日日间未进行勾单确认或日间资金 不足的， 登记机构在T 日日终根据资金是否足额办理基金份额及现金替代的清算 交收， 并将结果发送给基金管理人、 申购赎回代理券商和基金托管人。 基金管理 人在T+1 日办理现金差额的清算， 并将结果发送给申购赎回代理券商、 基,"可在其复牌后按照实际交易成本办理。 在此期间若 该证券发生除息、送股（转增） 、配股等重要权益变动，则进行相应调整。 5）基金管理人可根据运作情况调整代理申赎投资者买券卖券的相关规则并 按规定公告。 6）未来如港股通的交易、结算规则发生改变，或上海证券交易所、登记机 构有关申购赎回交易结算规则发生改变， 或基金管理人与基金托管人之间的结算 相关安排发生改变等， 基金管理人可对上述相关现金替代处理规则进行调整， 并 按规定公告。 在系统支持的情况下， 对于T 日的申购赎回申请， 基金管理人有权进行轧差 处理， 针对净申购， 购入净申购份额对应的组合证券中被替代的股票， 针对净赎 回， 卖出净赎回份额对应的组合证券中被替代的股票， 基金管理人有权购入或者 卖出不等于轧差处理后的上述被替代的股票的任意数量。 （3）必须现金替代 1）适用情形：必须现金替代的证券一般是由于标的指数调整，即将被剔除 的成份股； 或法律法规限制投资的证券； 或基金管理人出于保护基金份额持有人 招募说明书 44 利益等原因认为有必要实行必须现金替代的成份股。 2）替代金额：对于必须现金替代的证券，基金管理人将在申购、赎回清单 中公告替代的一定数量的现金， 即""固定替代金额""。 固定替代金额的计算方法为 申购、 赎回清单中该证券的数量乘以其T 日预计开盘价并按照 T-1 日汇率换算或 基金管理人认为合理的其他方法。 4、预估现金部分相关内容 预估现金部分是指， 为便于申购赎回代理券商预先冻结申请申购、 赎回的投 资人的相应资金，由基金管理人计算的现金数额。 T 日申购、赎回清单中公告 T 日预估现金部分。其计算公式为： T 日预估现金部分＝T-1 日最小申购赎回单位的基金资产净值－（申购、赎 回清单中必须现金替代",申购现金替代保证金的处理程序 T 日，基金管理人在申购、赎回清单中公布现金替代溢价比率，并据此收取 申购现金替代保证金。 对于确认成功的 T 日申购申请， 基金管理人在收到申购确认信息后， 根据申 购申请代理买入被替代证券。基金管理人有权在 T 日内任意时刻以收到的申购 现金替代保证金代投资者买入小于或等于被替代证券数量的任意数量的被替代 证券。 基金管理人有权根据基金投资的需要自主决定不买入部分被替代证券， 或 者不进行任何买入证券的操作。T 日日终， 基金管理人根据所购入的被替代证券 的实际单位购入成本 （包括买入价格与相关费用） 和未买入的被替代证券的T 日 收盘价 （折算为人民币， 目前折算汇率采用T 日估值汇率， 基金管理人可根据情 况调整所使用的折算汇率，并及时公告；被替代证券 T 日在证券交易所无交易 的， 取最近交易日的收盘价， 交易日无收盘价的， 取最后成交价） 计算被替代证 券的单位结算成本， 在此基础上根据替代证券数量和申购现金替代保证金确定基 金应退还投资者或投资者应补交的款项。T 日后的 3 个港股通交易日内， 基金管 理人将应退款或补款与相关申购赎回代理券商办理交收。 若发生特殊情况， 基金 管理人可以对交收日期进行相应调整。 如遇港股通临时停市、 港股通交易当日额度使用完毕而暂停或停止接受买入 申报等特殊情况， 基金管理人可考虑根据实际情况将港市组合证券的代理买入及 结算价格顺延至下一港股通交易日直至交易正常。如遇港市成份证券长期停牌、 流动性不足等可能导致收盘价或最后成交价不公允的特殊情况， 可参照证券的估 值价格， 对结算价格进行调整， 如果基金管理人认为该证券复牌后的价格可能存 在较大波动， 且可能对基金资产净值产生较大影响， 为了更好的维护持有人利益， 该证券对应的现金替代退补款的清算交收可在其复牌后按照实际交易成本办理。 在此期间若该证券发生除息、送股（转增） 、配股等重要权益变动，则进行相应 调整。 4）赎回替代金额的处理程序 对于确认成功的 T 日赎回申请， 基金管理人在收到赎回确认信息后， 根据赎 回申请代理卖出被替代证券。基金管理人有权在 T 日内任意时刻代投资者卖出 小于或等于被替代证券数量的任意数量的被替代证券。 基金管理人有权根据基金 招募说明书 43 投资的需要自主决定不卖出部分被替代证券，或者不进行任何卖出证券的操作。 T 日日终， 基金管理人根据所卖出的被替代证券的实际单位卖出金额 （扣除相关 费用） 和未卖出的被替代证券的T 日收盘价 （折算为人民币， 目前折算汇率采用 T 日估值汇率，基金管理人可根据情况调整所使用的折算汇率，并及时公告，被 替代证券 T 日在证券交易所无交易的， 取最近交易日的收盘价， 交易日无收盘价 的， 取最后成交价） 计算被替代证券的单位结算金额， 在此基础上根据替代证券,"赎回替代金额的处理程序 对于确认成功的 T 日赎回申请， 基金管理人在收到赎回确认信息后， 根据赎 回申请代理卖出被替代证券。基金管理人有权在 T 日内任意时刻代投资者卖出 小于或等于被替代证券数量的任意数量的被替代证券。 基金管理人有权根据基金 招募说明书 43 投资的需要自主决定不卖出部分被替代证券，或者不进行任何卖出证券的操作。 T 日日终， 基金管理人根据所卖出的被替代证券的实际单位卖出金额 （扣除相关 费用） 和未卖出的被替代证券的T 日收盘价 （折算为人民币， 目前折算汇率采用 T 日估值汇率，基金管理人可根据情况调整所使用的折算汇率，并及时公告，被 替代证券 T 日在证券交易所无交易的， 取最近交易日的收盘价， 交易日无收盘价 的， 取最后成交价） 计算被替代证券的单位结算金额， 在此基础上根据替代证券 数量确定赎回替代金额。T 日后的第 2 个港股通交收日后的第 2 个工作日内， 基 金管理人将应支付的赎回替代金额与相关申购赎回代理券商办理交收。 若发生特 殊情况，基金管理人可以对交收日期进行相应调整。 如遇港股通临时停市等特殊情况， 港市组合证券的代理卖出及结算价格可依 次顺延至下一港股通交易日直至交易正常。 如遇港市成份证券长期停牌、 流动性 不足等可能导致收盘价或最后成交价不公允的特殊情况， 可参照证券的估值价格， 对结算价格进行调整， 如果基金管理人认为该证券复牌后的价格可能存在较大波 动， 且可能对基金资产净值产生较大影响， 为了更好的维护持有人利益， 该证券 对应的现金替代款的清算交收可在其复牌后按照实际交易成本办理。 在此期间若 该证券发生除息、送股（转增） 、配股等重要权益变动，则进行相应调整。 5）基金管理人可根据运作情况调整代理申赎投资者买券卖券的相关规则并 按规定公告。 6）未来如港股通的交易、结算规则发生改变，或上海证券交易所、登记机 构有关申购赎回交易结算规则发生改变， 或基金管理人与基金托管人之间的结算 相关安排发生改变等， 基金管理人可对上述相关现金替代处理规则进行调整， 并 按规定公告。 在系统支持的情况下， 对于T 日的申购赎回申请， 基金管理人有权进行轧差 处理， 针对净申购， 购入净申购份额对应的组合证券中被替代的股票， 针对净赎 回， 卖出净赎回份额对应的组合证券中被替代的股票， 基金管理人有权购入或者 卖出不等于轧差处理后的上述被替代的股票的任意数量。 （3）必须现金替代 1）适用情形：必须现金替代的证券一般是由于标的指数调整，即将被剔除 的成份股； 或法律法规限制投资的证券； 或基金管理人出于保护基金份额持有人 招募说明书 44 利益等原因认为有必要实行必须现金替代的成份股。 2）替代金额：对于必须现金替代的证券，基金管理人将在申购、赎回清单 中公告替代的一定数量的现金， 即""固定替代金额""。 固定",由基金管理人编制的用以公告场内申购对价、场内 赎回对价等信息的文件 52、 申购对价： 指投资者申购基金份额时， 按基金合同和招募说明书规定应 交付的现金替代、现金差额和/或其他对价 53、 赎回对价： 指基金份额持有人赎回基金份额时， 基金管理人按基金合同 和招募说明书规定应交付给该基金份额持有人的现金替代、现金差额和 /或其他 对价 54、 标的指数： 指本基金跟踪的基准指数， 是由中证指数有限公司发布的中 证港股通信息技术综合指数 55、最小申购、赎回单位：指本基金申购份额、赎回份额的最低数量，投资 者申购、赎回的基金份额应为最小申购、赎回单位的整数倍 56、组合证券：指本基金标的指数所包含的全部或部分证券 57、现金替代：指申购、赎回过程中，投资者按基金合同和招募说明书的规 招募说明书 6 定，用于替代组合证券的一定数量的现金 58、现金差额：指申购、赎回过程中，最小申购、赎回单位的资产净值与按 当日收盘价计算的最小申购、 赎回单位中的组合证券市值和现金替代之差； 投资 者申购、 赎回时应支付或应获得的现金差额根据最小申购、 赎回单位对应的现金 差额、申购或赎回的基金份额数计算 59、 基金份额参考净值： 指基金管理人或基金管理人委托的机构在开市后根 据申购、 赎回清单、 组合证券内各证券的实时成交数据、 汇率等数据计算并通过 上海证券交易所在交易时间内发布的基金份额参考净值，简称“IOPV” 60、预估现金部分：指申购、赎回过程中，为便于计算基金份额参考净值及 申购赎回代理券商预先冻结申请申购、 赎回的投资者的相应资金， 由基金管理人,/Users/ellis/工具程序开发/港股通逐标的分析/临时数据/513240/513240_招募说明书_20260410.txt
24,159105,易方达恒生生物科技ETF,易方达恒生生物科技交易型开放式指数证券投资基金更新的招募说明书,2026-08-29,算风险、基金投资非公开信息泄露的风险等。 7、在目前结算规则下，投资者当日申购的基金份额，清算交 收完成后方可卖出和赎 回，即 T 日申购的基金份额且日间完成 RTGS（实时逐笔全额结算）交收的，T 日可卖出和 赎回，而 T 日申购的基金份额且日终完成逐笔全额非担保交收的，T+1 日方可卖出和赎回； T 日竞价买入的基金份额，T 日可以卖出或赎回；T 日大宗买入的基金份额，T 日可以大宗 卖出，T+1 日可以竞价卖出或赎回。 投资者投资于本基金前请认真阅读证券交易所和登记结算机构关于 ETF 的相关业务规 则及其不时的更新，确保具备相关专业知识、清楚了解相关规则流程后方可参与本基金的 申购、赎回及交易。投资者一旦申购或赎回本基金，即表示对基金 申购和赎回所涉及的登 记方式以及申购,券一般是由于标的指数调整，即将被剔除的成份证券； 或处于停牌的成份证券；或法律法规限制投资的成份证券；或基金管理人出于保护持 有人 利益原则等原因认为有必要实行必须现金替代的成份证券。 2）替代金额：对于必须现金替代的证券，基金管理人将在申购赎回清单中公告替代的 一定数量的现金。必须替代金额的计算方法为申购赎回清单中该证券的数量乘以 其调 整后 T 日开盘参考价并按照 T-1 日估值汇率换算或基金管理人认为合理的其他方法。 （4）在系统支持的情况下，对于 T 日的申购赎回申请，基金管理人有权进行轧差处理， 针对净申购，购入净申购份额对应的组合证券中被替代的成份证券，针对净赎回，卖 出净 赎回份额对应的组合证券中被替代的成份证券，基金管理人有权购入或者卖出不等于 轧差 处理后的上述被替代的成份证券的任意数量。 （5）基金管理人可根据运作情况调整代理申赎投资者买券卖券的相关规则并按规定公 告。 （6）未来如港股通的交易、结算规则发生改变，或深圳证券交易所、登记结算机构有 关申购赎回交易结算规则发生改变，或基金管理人与基金托管人之间的结算相关安排 发生 改变等，基金管理人可对上述相关现金替代处理规则进行调整，并按规定公告。 5、预估现金差额相关内容 预估现金差额是指为便于计算基金份额参考净值及申购赎回代理券商预先冻结申 请申 购、赎回的投资者的相应资金，由基金管理人计算的现金数额。 36 T 日申购赎回清单中公告 T 日预估现金差额。其计算公式为： T 日预估现金差额＝T-1 日最小申购、赎回单位的基金资产净值－（申购赎回清单中必 须现金替代成份证券的替代金额+申购赎回清单中可以现金替代成份证券的数量、调整后 T 日开盘参考价以及 T-1 日估值汇率的乘积之和） 其中，该证券调整后 T,申购替代金额的处理程序 T 日，基金管理人在申购赎回清单中公布申购现金替代保证金率，并据此收取申 购替 代金额。 基金管理人在 T 日内购入组合证券中被替代的成份证券。基金管理人有权在 T 日内任 意时刻，以收到的申购替代金额代投资者购入组合证券中被替代的成份证券的任意数 量。 正常情况下，对于确认成功的 T 日申购申请，基金管理人根据 T 日所购入的被替代证券的 实际单位购入成本（包括买入价格与相关费用，折算为人民币）和未买入的被替代 证券 T 日收盘价（折算为人民币，被替代证券当日在证券交易所无交易的，取最近交易日的 收盘 价；交易日无收盘价的，取最后成交价）计算被替代证券的单位结算成本，在此基础 上根 据替代证券数量和申购替代金额确定基金应退还投资者或投资者应补交的款项。T 日 后的 三个港股通交易日内，基金管理人将成份证券的应退款或补款与相关申购赎回代理券 商办 理交收，当交收期间出现港股通交易日为非港股通交收日时，款项交收日期顺延。若 发生 特殊情况，基金管理人可以对交收日期进行相应调整。 如遇港股通临时停市、港股通交易当日额度使用完毕而暂停或停止接受买入申报 等特 殊情况，基金管理人可考虑根据实际情况将成份证券的代理买入及结算价格顺延至下 一港 股通交易日直至交易正常。如遇成份证券长期停牌、流动性不足等可能导致收盘价或 最后 成交价不公允的特殊情况，可参照证券的估值价格，对结算价格进行调整，如果基金 管理 人认为该证券复牌后的价格可能存在较大波动，且可能对基金资产净值产生较大影响 ，为 了更好的维护持有人利益，该证券对应的现金替代退补款的清算交收可按照其复牌后 实际 交易成本 或者基金管理人认为合理的价格 办理。在此期间若该证券发生除息、送股（转 增）、配股等重要权益变动，则进行相应调整。 4）赎回替代金额的处理程序 基金管理人在 T 日内卖出组合证券中被替代的成份证券。基金管理人有权在 T 日内任 意时刻代投资者卖出组合证券中被替代的成份证券的任意数量。正常情况下，对于确 认成 功的T 日赎回申请，基金管理人根据T 日所卖出的被替代成份证券的实际单位卖出金额（扣 除相关费用，折算为人民币）和未卖出的被替代成份证券的 T 日收盘价（折算为人民币， 被替代证券当日在证券交易所无交易的，取最近交易日的收盘价；交易日无收盘价的 ，取 最后成交价）计算被替代成份证券的单位结算金额，在此基础上根据替代 成份证券数 量确 定赎回替代金额。T 日后的第3 个港股通交易日后的1 个工作日内，基金管理人将应支付的 35 成份证券赎回替代金额与相关申购赎回代理券商办理交收，当交收期间出现港股通交 易日 为非港股通交收日时，款项交收日期顺延。若发生特殊情况，基金管理人可以对交收 日期 进行相应调整。 如遇港股通临时停市等特殊情况，组合证券的代理卖出及结算价格可依次顺延,替代金额的处理程序 T 日，基金管理人在申购赎回清单中公布申购现金替代保证金率，并据此收取申 购替 代金额。 基金管理人在 T 日内购入组合证券中被替代的成份证券。基金管理人有权在 T 日内任 意时刻，以收到的申购替代金额代投资者购入组合证券中被替代的成份证券的任意数 量。 正常情况下，对于确认成功的 T 日申购申请，基金管理人根据 T 日所购入的被替代证券的 实际单位购入成本（包括买入价格与相关费用，折算为人民币）和未买入的被替代 证券 T 日收盘价（折算为人民币，被替代证券当日在证券交易所无交易的，取最近交易日的 收盘 价；交易日无收盘价的，取最后成交价）计算被替代证券的单位结算成本，在此基础 上根 据替代证券数量和申购替代金额确定基金应退还投资者或投资者应补交的款项。T 日 后的 三个港股通交易日内，基金管理人将成份证券的应退款或补款与相关申购赎回代理券 商办 理交收，当交收期间出现港股通交易日为非港股通交收日时，款项交收日期顺延。若 发生 特殊情况，基金管理人可以对交收日期进行相应调整。 如遇港股通临时停市、港股通交易当日额度使用完毕而暂停或停止接受买入申报 等特 殊情况，基金管理人可考虑根据实际情况将成份证券的代理买入及结算价格顺延至下 一港 股通交易日直至交易正常。如遇成份证券长期停牌、流动性不足等可能导致收盘价或 最后 成交价不公允的特殊情况，可参照证券的估值价格，对结算价格进行调整，如果基金 管理 人认为该证券复牌后的价格可能存在较大波动，且可能对基金资产净值产生较大影响 ，为 了更好的维护持有人利益，该证券对应的现金替代退补款的清算交收可按照其复牌后 实际 交易成本 或者基金管理人认为合理的价格 办理。在此期间若该证券发生除息、送股（转 增）、配股等重要权益变动，则进行相应调整。 4）赎回替代金额的处理程序 基金管理人在 T 日内卖出组合证券中被替代的成份证券。基金管理人有权在 T 日内任 意时刻代投资者卖出组合证券中被替代的成份证券的任意数量。正常情况下，对于确 认成 功的T 日赎回申请，基金管理人根据T 日所卖出的被替代成份证券的实际单位卖出金额（扣 除相关费用，折算为人民币）和未卖出的被替代成份证券的 T 日收盘价（折算为人民币， 被替代证券当日在证券交易所无交易的，取最近交易日的收盘价；交易日无收盘价的 ，取 最后成交价）计算被替代成份证券的单位结算金额，在此基础上根据替代 成份证券数 量确 定赎回替代金额。T 日后的第3 个港股通交易日后的1 个工作日内，基金管理人将应支付的 35 成份证券赎回替代金额与相关申购赎回代理券商办理交收，当交收期间出现港股通交 易日 为非港股通交收日时，款项交收日期顺延。若发生特殊情况，基金管理人可以对交收 日期 进行相应调整。 如遇港股通临时停市等特殊情况，组合证券的代理卖出及结算价格可依次顺延至 ,识、清楚了解相关规则流程后方可参与本基金的 申购、赎回及交易。投资者一旦申购或赎回本基金，即表示对基金 申购和赎回所涉及的登 记方式以及申购赎回所涉及现金替代、现金差额等相关的交收方式及业务规则已经认可。 8、基金管理人提醒投资者基金投资的“买者自负”原则，在投资者作出投资决策后， 基金运营状况与基金净值变化引致的投资风险，由投资者自行负责。此外，本基金以 1 元 初始面值进行募集，在市场波动等因素的影响下，存在单位份额净值跌破 1 元初始面值的 风险。 9、基金不同于银行储蓄，基金投资人投资于基金有可能获得较高的收益，也有可能 损失本金。投资有风险，投资人在进行投资决策前，请仔细阅读本基金的《招募说明书》 及《基金合同》。 10 、基金的过往业绩并不预示其未来表现，基金管理人管理的其他基金的业绩并不构 成对本基金表现的保证。 本基金有关财务数据截止日为 2026 年 6 月 30 日，净值表现截止日为 2026 年 6 月 30 日，主要人员情况截止日为 2026 年 8 月 28 日，除非另有说明，本招募说明书其他所载内 容截止日为 2026 年7 月16 日。（本报告中财务数据未经审计） I 目 录 第一部分 绪 言..................................................... 1 第二部分 释 义..................................................... 2 第三部分 基金管理人...................................,/Users/ellis/工具程序开发/港股通逐标的分析/临时数据/159105/159105_更新招募说明书_20260829.txt
25,159711,华夏中证港股通50ETF,华夏中证港股通50交易型开放式指数证券投资基金招募说明书(更新),2026-05-29,招募书未直接出现 RTGS；按适用的交易所/中国结算跨境 ETF 规则，日间 RTGS 交收，按项目口径 PASS,不买入或不卖出部分被替代证券，或者不进行任何买入或卖出证券的操作，基 金管理人可能不买入或不卖出被替代证券的情形包括但不限于市场流动性不足、技术系统 无法实现、申购赎回轧差以及基金管理人认为不应买入或卖出的其他情形。 14、基金收益分配后基金份额净值低于面值的风险 基于本基金的性质和特点，本基金收益分配不以弥补亏损为前提，收益分配后可能存 在基金份额净值低于面值的风险。 15、第三方机构服务的风险 华夏中证港股通 50 交易型开放式指数证券投资基金招募说明书（更新） 97 基金的多项服务委托第三方机构办理，存在以下风险： （1）申购赎回代理券商因多种原因，导致代理申购、赎回业务受到限制、暂停或终止， 由此影响对投资者申购赎回服务的风险。 （2）登记机构可能调整结算制度，如实施货银对付制度，对投资者基金份额、组合证 券及资金的结算方式发生变化，制度调整可能给投资者,申购替代金额的处理程序 对于确认成功的 T 日申购申请，T 日内基金管理人根据申购规模进行组合证券的代理买 入，通常情况下代理买入在 T 日接近收盘时点完成。T 日日终，基金管理人根据所购入的被 替代证券的实际单位购入成本（包括买入价格与相关费用）和未买入的被替代证券的 T 日 收盘价（折算为人民币，折算汇率采用当天的估值汇率；T 日在证券交易所无交易的，取最 近交易日的收盘价；交易日无收盘价的，取最后成交价）计算被替代证券的单位结算成本， 在此基础上根据替代证券数量和申购现金替代金额确定基金应退还投资者或投资者应补交 的款项。正常情况下，T 日后的第 2 个港股通交易日后的 2 个工作日内，基金管理人将应退 款和补款与相关申购赎回代理机构办理交收。若发生特殊情况，基金管理人可以对交收日期 进行相应调整。 如遇港股通临时停市、港股通交易每日额度或总额度不足等特殊情况，组合证券的代 理买入及结算价格可依次顺延至下一港股通交易日直至交易正常。如遇证券长期停牌、流动 性不足等可能导致收盘价或最后成交价不公允的特殊情况，可参照证券的估值价格，对结算 价格进行调整，如果基金管理人认为该证券复牌后的价格可能存在较大波动，且可能对基金 资产净值产生较大影响，为了更好的维护持有人利益，该证券对应的现金替代款的清算交收 可在其复牌后按照实际交易成本办理。在此期间若该证券发生除息、送股（转增）、配股等 重要权益变动，则进行相应调整。 ③赎回替代金额的处理程序 华夏中证港股通 50 交易型开放式指数证券投资基金招募说明书（更新） 49 对于确认成功的 T 日赎回申请，T 日内，基金管理人根据赎回规模进行组合证券的代理 卖出，通常情况下代理卖出在 T 日接近收盘时点完成。T 日日终，基金管理人根据所卖出的 被替代证券的实际单位卖出金额（扣除相关费用）和未卖出的被替代证券的 T 日收盘价（折 算为人民币，折算汇率采用当天的估值汇率；T 日在证券交易所无交易的，取最近交易日的 收盘价；交易日无收盘价的，取最后成交价）计算被替代证券的单位结算金额，在此基础上 根据替代证券数量确定赎回替代金额。正常情况下，T 日后的第 3 个港股通交易日后的 2 个 工作日内，基金管理人将应支付的赎回替代金额与相关申购赎回代理机构办理交收。若发生 特殊情况，基金管理人可以对交收日期进行相应调整。 如遇港股通临时停市等特殊情况，组合证券的代理卖出及结算价格可依次顺延至下一 港股通交易日直至交易正常。如遇证券长期停牌、流动性不足等可能导致收盘价或最后成交 价不公允的特殊情况，可参照证券的估值价格，对结算价格进行调整，如果基金管理人认为 该证券复牌后的价格可能存在较大波动，且可能对基金资产净值产生较大影响，为了更好的 维护持有人利益，该证券对应的现金替代款的清算交收可在其复牌后按照实际交易成本办理。 在此期间若,替代金额的处理程序 对于确认成功的 T 日申购申请，T 日内基金管理人根据申购规模进行组合证券的代理买 入，通常情况下代理买入在 T 日接近收盘时点完成。T 日日终，基金管理人根据所购入的被 替代证券的实际单位购入成本（包括买入价格与相关费用）和未买入的被替代证券的 T 日 收盘价（折算为人民币，折算汇率采用当天的估值汇率；T 日在证券交易所无交易的，取最 近交易日的收盘价；交易日无收盘价的，取最后成交价）计算被替代证券的单位结算成本， 在此基础上根据替代证券数量和申购现金替代金额确定基金应退还投资者或投资者应补交 的款项。正常情况下，T 日后的第 2 个港股通交易日后的 2 个工作日内，基金管理人将应退 款和补款与相关申购赎回代理机构办理交收。若发生特殊情况，基金管理人可以对交收日期 进行相应调整。 如遇港股通临时停市、港股通交易每日额度或总额度不足等特殊情况，组合证券的代 理买入及结算价格可依次顺延至下一港股通交易日直至交易正常。如遇证券长期停牌、流动 性不足等可能导致收盘价或最后成交价不公允的特殊情况，可参照证券的估值价格，对结算 价格进行调整，如果基金管理人认为该证券复牌后的价格可能存在较大波动，且可能对基金 资产净值产生较大影响，为了更好的维护持有人利益，该证券对应的现金替代款的清算交收 可在其复牌后按照实际交易成本办理。在此期间若该证券发生除息、送股（转增）、配股等 重要权益变动，则进行相应调整。 ③赎回替代金额的处理程序 华夏中证港股通 50 交易型开放式指数证券投资基金招募说明书（更新） 49 对于确认成功的 T 日赎回申请，T 日内，基金管理人根据赎回规模进行组合证券的代理 卖出，通常情况下代理卖出在 T 日接近收盘时点完成。T 日日终，基金管理人根据所卖出的 被替代证券的实际单位卖出金额（扣除相关费用）和未卖出的被替代证券的 T 日收盘价（折 算为人民币，折算汇率采用当天的估值汇率；T 日在证券交易所无交易的，取最近交易日的 收盘价；交易日无收盘价的，取最后成交价）计算被替代证券的单位结算金额，在此基础上 根据替代证券数量确定赎回替代金额。正常情况下，T 日后的第 3 个港股通交易日后的 2 个 工作日内，基金管理人将应支付的赎回替代金额与相关申购赎回代理机构办理交收。若发生 特殊情况，基金管理人可以对交收日期进行相应调整。 如遇港股通临时停市等特殊情况，组合证券的代理卖出及结算价格可依次顺延至下一 港股通交易日直至交易正常。如遇证券长期停牌、流动性不足等可能导致收盘价或最后成交 价不公允的特殊情况，可参照证券的估值价格，对结算价格进行调整，如果基金管理人认为 该证券复牌后的价格可能存在较大波动，且可能对基金资产净值产生较大影响，为了更好的 维护持有人利益，该证券对应的现金替代款的清算交收可在其复牌后按照实际交易成本办理。 在此期间若该证,购赎回清单：指由基金管理人编制的用以公告申购对价、赎回对价等信息的文件。 48、申购对价：指投资者申购基金份额时，按基金合同和招募说明书规定应交付的现金 替代、现金差额和/或其他对价。 49、赎回对价：指投资者赎回基金份额时，基金管理人按基金合同和招募说明书规定应 交付给赎回人的现金替代、现金差额和/或其他对价。 50、最小申购赎回单位：指基金申购份额、赎回份额的最低数量，投资者申购、赎回的 基金份额应为最小申购、赎回单位的整数倍。 51、元：指人民币元。 华夏中证港股通 50 交易型开放式指数证券投资基金招募说明书（更新） 8 52、基金收益：指基金投资所得红利、股息、债券利息、买卖证券价差、银行存款利息、 已实现的其他合法收入及因运用基金财产带来的成本和费用的节约。 53、基金资产总值：指基金拥有的各类有价证券、银行存款本息、基金应收申购款及其 他资产的价值总和。 54、基金资产净值：指基金资产总值减去基金负债后的价值。 55、基金份额净值：指计算日基金资产净值除以计算日基金份额总数。 56、基金资产估值：指计算评估基金资产和负债的价值，以确定基金资产净值和基金份 额净值的过程。 57、规定媒介：指符合中国证监会规定条件的用以进行信息披露的全国性报刊及《信息 披露办法》规定的互联网网站（包括基金管理人网站、基金托管人网站、中国证监会基金电 子披露网站）等媒介。 58、流动性受限资产：指由于法律法规、监管、合同或操作障碍等原因无法以合理价格 予以变现的资产，包括但不限于到期日在 10 个交易日以上的逆回购与银行定期存款（含协 议约定有条件提前支,/Users/ellis/工具程序开发/港股通逐标的分析/临时数据/159711/159711_更新招募说明书_20260529.txt
26,159718,平安中证港股通医药卫生综合ETF,平安中证港股通医药卫生综合交易型开放式指数证券投资基金招募说明书(更新),2026-07-08,现金替代、现金差额及其他对价的清算交收 适用相关业务规则和参与各方相关协议及其不时修订的有关规定。 本基金现金申购业务中的现金替代采用逐笔全额结算（T 日日间 RTGS 交收 +T 日日 终逐笔全额非担保交收）处理；现金赎回业务中的现金替代采用代收代付处理；现金申购、 赎回业务涉及的现金差额和现金替代退补款采用代收代付处理。 平安中证港股通医药卫生综合交易型开放式指数证券投资基金招募说明书（更新） 35 投资者 T 日现金申购后，登记机构在 T 日为投资者办理基金份额登记 以及现金替代 的交收，并将结果发送给基金管理人、申购赎回代理券商和基金托管人。基金管理人在 T+1 日办理现金差额的清算，在 T+2 日办理现金差额的交收。 投资者 T 日提交的现金赎回申请受理后，登记结算机构,,替代金额的处理程序如下： 对于确认成功的 T 日申购申请，T 日（指开放日）内基金管理人根据申购规模进行组 合证券的代理买入。基金管理人有权在 T 日（指开放日）内任意时刻以收到的申购替代金 平安中证港股通医药卫生综合交易型开放式指数证券投资基金招募说明书（更新） 38 额代投资者买入小于等于被替代证券数量的任意数量的被替代证券。基金管理人有权根据 基金投资的需要自主决定不买入部分被替代证券，或者不进行任何买入证券的操作。T 日 （指开放日）日终，基金管理人根据所购入的被替代证券的实际单位购入成本（包括买入 价格与相关费用，折算为人民币）和未买入的被替代证券的 T 日（指开放日）收盘价（折 算为人民币， T 日（指开放日）在证券交易所无交易的，取最近交易日的收盘价；交易日 无收盘价的，取最后成交价）计算被替代证券的单位结算成本，在此基础上根据替代证券 数量和申购现金替代金额确定基金应退还投资者或投资者应补交的款项。正常情况下，T+5 日（指开放日）内，基金管理人将应退款或补款与相关申购赎回代理机构办理交收。若发 生特殊情况，基金管理人可以对交收日期进行相应调整。上述汇率目前采用汇率公允价。 汇率公允价包括但不限于港股通结算汇兑比率、中国外汇交易中心最新收盘价、中国外汇 交易中心参考汇率或交易汇率、中国人民银行或其授权机构最新公布的人民币汇率中间价、 基金管理人与基金托管人商定的其他公允价格等。 对于确认成功的 T 日赎回申请，T 日（指开放日）内基金管理人根据赎回规模进行组 合证券的代理卖出。基金管理人有权在 T 日（指开放日）内任意时刻代投资者卖出小于等 于被替代证券数量的任意数量的被替代证券。基金管理人有权根据基金投资的需要自主决 定不卖出部分被替代证券，或者不进行任何卖出证券的操作。T 日（指开放日）日终，基 金管理人根据所卖出的被替代证券的实际单位卖出金额（扣除相关费用，折算为人民币） 和未卖出的被替代证券的 T 日（指开放日）收盘价（折算为人民币，被替代证券 T 日（指 开放日）在证券交易所无交易的，取最近交易日的收盘价；交易日无收盘价的，取最后成 交价）计算被替代证券的单位结算金额，在此基础上根据替代证券数量确定赎回替代金额。 在此期间若该部分证券发生除息、送股（转增）、配股等重要权益变动，则进行相应调整。 T+5 日（指开放日）内，基金管理人将应退款或补款与相关申购赎回代理机构办理交收。 若发生特殊情况，基金管理人可以对交收日期进行相应调整。上述汇率目前采用汇率公允 价。汇率公允价包括但不限于港股通结算汇兑比率、中国外汇交易中心最新收盘价、中国 外汇交易中心参考汇率或交易汇率、中国人民银行或其授权机构最新公布的人民币汇率中 间价、基金管理人与基金托管人商定的其他公允价格等。 如遇港股临时停市等特殊情况，组合证券的代理买入或者卖出及结算价格可依次,替代金额的处理程序如下： 对于确认成功的 T 日申购申请，T 日（指开放日）内基金管理人根据申购规模进行组 合证券的代理买入。基金管理人有权在 T 日（指开放日）内任意时刻以收到的申购替代金 平安中证港股通医药卫生综合交易型开放式指数证券投资基金招募说明书（更新） 38 额代投资者买入小于等于被替代证券数量的任意数量的被替代证券。基金管理人有权根据 基金投资的需要自主决定不买入部分被替代证券，或者不进行任何买入证券的操作。T 日 （指开放日）日终，基金管理人根据所购入的被替代证券的实际单位购入成本（包括买入 价格与相关费用，折算为人民币）和未买入的被替代证券的 T 日（指开放日）收盘价（折 算为人民币， T 日（指开放日）在证券交易所无交易的，取最近交易日的收盘价；交易日 无收盘价的，取最后成交价）计算被替代证券的单位结算成本，在此基础上根据替代证券 数量和申购现金替代金额确定基金应退还投资者或投资者应补交的款项。正常情况下，T+5 日（指开放日）内，基金管理人将应退款或补款与相关申购赎回代理机构办理交收。若发 生特殊情况，基金管理人可以对交收日期进行相应调整。上述汇率目前采用汇率公允价。 汇率公允价包括但不限于港股通结算汇兑比率、中国外汇交易中心最新收盘价、中国外汇 交易中心参考汇率或交易汇率、中国人民银行或其授权机构最新公布的人民币汇率中间价、 基金管理人与基金托管人商定的其他公允价格等。 对于确认成功的 T 日赎回申请，T 日（指开放日）内基金管理人根据赎回规模进行组 合证券的代理卖出。基金管理人有权在 T 日（指开放日）内任意时刻代投资者卖出小于等 于被替代证券数量的任意数量的被替代证券。基金管理人有权根据基金投资的需要自主决 定不卖出部分被替代证券，或者不进行任何卖出证券的操作。T 日（指开放日）日终，基 金管理人根据所卖出的被替代证券的实际单位卖出金额（扣除相关费用，折算为人民币） 和未卖出的被替代证券的 T 日（指开放日）收盘价（折算为人民币，被替代证券 T 日（指 开放日）在证券交易所无交易的，取最近交易日的收盘价；交易日无收盘价的，取最后成 交价）计算被替代证券的单位结算金额，在此基础上根据替代证券数量确定赎回替代金额。 在此期间若该部分证券发生除息、送股（转增）、配股等重要权益变动，则进行相应调整。 T+5 日（指开放日）内，基金管理人将应退款或补款与相关申购赎回代理机构办理交收。 若发生特殊情况，基金管理人可以对交收日期进行相应调整。上述汇率目前采用汇率公允 价。汇率公允价包括但不限于港股通结算汇兑比率、中国外汇交易中心最新收盘价、中国 外汇交易中心参考汇率或交易汇率、中国人民银行或其授权机构最新公布的人民币汇率中 间价、基金管理人与基金托管人商定的其他公允价格等。 如遇港股临时停市等特殊情况，组合证券的代理买入或者卖出及结算价格可依次,购赎回清单：指由基金管理人编制的用以公告申购对价、赎回对价等信息的文 件 48、申购对价：指投资人申购基金份额时，按基金合同和招募说明书规定应交付的现 金替代、现金差额及其他对价 平安中证港股通医药卫生综合交易型开放式指数证券投资基金招募说明书（更新） 10 49、赎回对价：指投资人赎回基金份额时，基金管理人按基金合同和招募说明书规定 应交付给基金份额持有人的现金替代、现金差额及其他对价基金管理人 50、标的指数：指中证港股通医药卫生综合指数及其未来可能发生的变更，或基金管 理人根据需要更换的其他指数 51、完全复制法：指一种构建跟踪指数的投资组合的方法。通过购买标的指数中的所 有成份证券，并且按照每种成份证券在标的指数中的权重确定购买的比例，以达到复制指 数的目的 52、最小申购、赎回单位：指本基金申购份额、赎回份额的最低数量，投资人申购、 赎回的基金份额应为最小申购、赎回单位的整数倍 53、组合证券：指本基金标的指数所包含的全部或部分证券 54、现金替代：指申购、赎回过程中，投资人按基金合同和招募说明书的规定，用于 替代组合证券中全部或部分证券的一定数量的现金 55、现金差额：指最小申购、赎回单位的资产净值与按 T 日收盘价计算的最小申购、 赎回单位中的组合证券市值和现金替代之差；投资人申购、赎回时应支付或应获得的现金 差额根据最小申购、赎回单位对应的现金差额、申购或赎回的基金份额数计算 56、现金替代退补款：指投资人支付的现金替代与基金购入被替代成份证券的成本及 相关费用的差额。若现金替代大于本基金购入被替代成份证券的成本及相关费用，则本基,/Users/ellis/工具程序开发/港股通逐标的分析/临时数据/159718/159718_更新招募说明书_20260708.txt
27,513600,南方恒指ETF,南方恒生交易型开放式指数证券投资基金招募说明书(2025年11月更新),2025-11-25,《业务规则》 和参与各方相关协议及其不时修订的有关规定。 本基金申购业务采用实时逐笔全额结算 （Real Time Gross Settlement， 以下简称RTGS） 模式；赎回业务涉及的现金替代可采用代收代付处理；申购、赎回业务涉及的现金差额和现 金替代退补款可采用代收代付处理。 投资者T日现金申购后，如交易记录已勾单且申购资金足额的，登记机构在T日日间实 时办理基金份额及现金替代的交收；T日日间未进行勾单确认或日间资金不足的，登记机构 在T日日终根据资金是否足额办理基金份额及现金替代的清算交收， 在T+1日办理现金差额 的清算，并将结果发送给基金管理人、申购赎回代理券商和基金托管人。基金管理人与申购 赎回代理券商在T+2日办理现金差额的交收。 投资者T 日赎回申请受理后，,,"申购现金替代保证金和赎回对应的替代金额的处理程序 T 日，基金管理人将在现金申购、赎回清单中公布申购现金替代溢价比例,并据此收取 申购现金替代保证金。 对于确认成功的T日现金申购申请和现金赎回申请，T日终,基金管理人根据所购入或 卖出的被替代组合证券的实际单位购入成本或实际单位卖出金额、 实际购入或卖出的相关费 用、被替代组合证券的T 日收盘价（按照汇率折算为人民币；被替代组合证券T日无交易 的，取最近交易日的收盘价）计算并确定被替代组合证券的单位结算成本，在此基础上根据 南方恒生交易型开放式指数证券投资基金招募说明书（2025年11月更新） 57 替代组合证券数量和现金替代保证金确定基金应退还现金申购投资者的款项、 现金申购投资 者应补交的款项以及赎回替代金额。上述汇率目前采用汇率公允价。汇率公允价包括但不限 于港股通结算汇兑比率、中国外汇交易中心最新收盘价、中国外汇交易中心参考汇率或交易 汇率、中国人民银行或其授权机构最新公布的人民币汇率中间价、与基金托管人商定的其他 公允价格等。T+2日内，基金管理人将应退款或补款与相关申购赎回代理机构办理交收 ；T+7 日 （指开放日） 内， 基金管理人将应支付的赎回替代金额与相关申购赎回代理券商办理交收。 如遇港股通临时停市、港股通交易每日额度或总额度不足等特殊情况时，计算并确定被替代 组合证券的单位结算成本的时间可以顺延，款项交收的日期也顺延。若发生特殊情况，基金 管理人可以对以上交收日期进行相应调整。 ④基金管理人可根据运作情况调整代理申赎投资者买券卖券的相关规则并按规定公告。 ⑤未来如港股通交易、结算规则发生改变，或上海证券交易所、登记机构有关申购赎回 交易结算规则发生改变，或基金管理人与基金托管人之间的结算相关安排发生改变等，基金 管理人可对上述相关现金替代处理规则进行调整，并按规定公告。 4、预估现金差额相关内容 预估现金差额是指由基金管理人估计并在T日申购赎回清单中公布的当日现金差额的 估计值，预估现金差额由申购赎回代理券商预先冻结。 预估现金差额的计算公式为： T日预估现金差额＝T-1日最小申购赎回单位的基金资产净值－(申购赎回清单中必须用 现金替代的固定替代金额＋申购赎回清单中可以现金替代成份证券的数量、T日预计开盘价 及T-1日估值汇率乘积之和) 其中，T日预计开盘价主要根据上海证券交易所提供的标的指数成份证券的预计开盘价 确定。另外，若T日为基金分红除息日，则计算公式中的“T-1日最小申购赎回单位的基金 资产净值”需扣减相应的收益分配数额。如果T-1日至T日期间有香港证券交易所交易日非 申赎开放日，则基金管理人可对公式中“T-1日最小申购赎回单位的基金资产净值”进行调 整。预估现金差额的数值可能为正、为负或为零。 5、现金差额相关内容 T日现金差额在T+1日的申购、赎回清单中公告，其计算公式为：","申购现金替代保证金和赎回对应的替代金额的处理程序 T 日，基金管理人将在现金申购、赎回清单中公布申购现金替代溢价比例,并据此收取 申购现金替代保证金。 对于确认成功的T日现金申购申请和现金赎回申请，T日终,基金管理人根据所购入或 卖出的被替代组合证券的实际单位购入成本或实际单位卖出金额、 实际购入或卖出的相关费 用、被替代组合证券的T 日收盘价（按照汇率折算为人民币；被替代组合证券T日无交易 的，取最近交易日的收盘价）计算并确定被替代组合证券的单位结算成本，在此基础上根据 南方恒生交易型开放式指数证券投资基金招募说明书（2025年11月更新） 57 替代组合证券数量和现金替代保证金确定基金应退还现金申购投资者的款项、 现金申购投资 者应补交的款项以及赎回替代金额。上述汇率目前采用汇率公允价。汇率公允价包括但不限 于港股通结算汇兑比率、中国外汇交易中心最新收盘价、中国外汇交易中心参考汇率或交易 汇率、中国人民银行或其授权机构最新公布的人民币汇率中间价、与基金托管人商定的其他 公允价格等。T+2日内，基金管理人将应退款或补款与相关申购赎回代理机构办理交收 ；T+7 日 （指开放日） 内， 基金管理人将应支付的赎回替代金额与相关申购赎回代理券商办理交收。 如遇港股通临时停市、港股通交易每日额度或总额度不足等特殊情况时，计算并确定被替代 组合证券的单位结算成本的时间可以顺延，款项交收的日期也顺延。若发生特殊情况，基金 管理人可以对以上交收日期进行相应调整。 ④基金管理人可根据运作情况调整代理申赎投资者买券卖券的相关规则并按规定公告。 ⑤未来如港股通交易、结算规则发生改变，或上海证券交易所、登记机构有关申购赎回 交易结算规则发生改变，或基金管理人与基金托管人之间的结算相关安排发生改变等，基金 管理人可对上述相关现金替代处理规则进行调整，并按规定公告。 4、预估现金差额相关内容 预估现金差额是指由基金管理人估计并在T日申购赎回清单中公布的当日现金差额的 估计值，预估现金差额由申购赎回代理券商预先冻结。 预估现金差额的计算公式为： T日预估现金差额＝T-1日最小申购赎回单位的基金资产净值－(申购赎回清单中必须用 现金替代的固定替代金额＋申购赎回清单中可以现金替代成份证券的数量、T日预计开盘价 及T-1日估值汇率乘积之和) 其中，T日预计开盘价主要根据上海证券交易所提供的标的指数成份证券的预计开盘价 确定。另外，若T日为基金分红除息日，则计算公式中的“T-1日最小申购赎回单位的基金 资产净值”需扣减相应的收益分配数额。如果T-1日至T日期间有香港证券交易所交易日非 申赎开放日，则基金管理人可对公式中“T-1日最小申购赎回单位的基金资产净值”进行调 整。预估现金差额的数值可能为正、为负或为零。 5、现金差额相关内容 T日现金差额在T+1日的申购、赎回清单中公告，其计算公式为：",现金替代、现 金差额及其他对价。未来在上海证券交易所和登记机构系统允许的情况下，本基金将采用港 股通股票申购赎回模式，申购对价、赎回对价包括组合证券、现金替代、现金差额及其他对 价。投资本基金可能遇到的主要风险包括：（1）本基金特有的风险，主要包括投资港股通 股票的风险、指数下跌风险、跟踪偏离风险、流动性风险、参考IOPV决策和IOPV计算错误 的风险、投资人赎回失败的风险、基金份额赎回对价的变现风险、基金收益分配后基金份额 净值低于面值的风险、标的指数变更的风险、第三方机构服务的风险、操作或技术风险； （2）境外投资风险，主要包括汇率风险、市场风险、法律和政治风险、会计制度风险、税 务风险等；（3）投资工具的相关风险；（4）政策变更风险；（5）不可抗力风险；等等。 本基金属股票指数基金，预期风险与收益水平高于混合基金、债券基金与货币市场基金。本 基金跟踪香港市场股票指数，基金净值会因香港证券市场波动等因素而产生波动，同时面临 汇率风险等投资境外市场的特殊风险。 本基金投资范围包括中国存托凭证而面临的中国存托 凭证价格大幅波动甚至出现较大亏损的风险、与中国存托凭证发行机制相关的风险等。 本基金为指数基金，投资者投资于本基金面临跟踪误差控制未达约定目标、指数编制机 构停止服务、成份股停牌、摘牌等潜在风险。 投资人在投资本基金之前，请仔细阅读本基金的招募说明书、基金合同及基金产品资料 概要等信息披露文件，全面认识本基金的风险收益特征和产品特性，并充分考虑自身的风险 承受能力，理性判断市场，谨慎做出投资决策。基金的过往业绩并不预示其未来表现。基金 管理,/Users/ellis/工具程序开发/港股通逐标的分析/临时数据/513600/513600_更新招募说明书_20251125.txt
28,159792,富国中证港股通互联网ETF,富国中证港股通互联网交易型开放式指数证券投资基金招募说明书(更新)(二0二六年第三号),2026-08-18,资者自行负责。 5、根据本基金现行适用的清算交收和申赎处理规则，投资者当日申购的基 金份额，清算交收完成后方可卖出和赎回，即 T 日申购的基金份额且日间完成 RTGS（实时逐笔全额结算）交收的，T 日可卖出和赎回，而T 日申购的基金份额 且日终完成逐笔全额非担保交收的，T+1 日方可卖出和赎回；T 日竞价买入的基 金份额，T 日可以卖出或赎回；T 日大宗买入的基金份额，T 日可以大宗卖出， T+1 日可以竞价卖出或赎回。 6、投资有风险，投资者认购（或申购）基金时应认真阅读本招募说明书、 基金合同和基金产品资料概要等信息披露文件， 全面认识本基金产品的风险收益 特征和产品特性， 自主判断基金的投资价值， 并根据自身的投资目的、 投资期限、 投资经验、 资产状况等判断本基金是否和,,申购替代金额的处理程序 对于确认成功的 T 日申购申请，T 日内基金管理人根据申购规模进行组合证 券的代理买入。 基金管理人有权根据基金投资的需要自主决定不买入部分被替代 证券，或者不进行任何买入证券的操作。T 日日终，基金管理人根据所购入的被 替代组合证券的实际单位购入成本、 实际购入的相关费用 （实际购入金额根据港 股通相关业务规则按当天的港股通卖出结算汇兑比率结算为人民币） 、未购入的 被替代组合证券的 T 日收盘价 （折算为人民币， 折算汇率采用基金管理人和基金 托管人商定的汇率公允价， 包括中国外汇交易中心公布的北京时间16:00 参考汇 率、 港股通买入结算汇兑比率和卖出结算汇兑比率的算术平均值、 中国人民银行 或其授权机构公布的人民币汇率中间价、与基金托管人商定的其他公允价格等； 被替代组合证券 T 日无交易的， 取最近交易日的收盘价； 交易日无收盘价的， 取 最后收盘价） 计算并确定被替代组合证券的单位结算成本， 在此基础上根据替代 组合证券数量和申购现金替代保证金确定基金应退还投资人的款项或投资人应 补交的款项。 若发生特殊情况， 包括如遇港股通结算异常等， 基金管理人可以对 折算汇率和结算成本进行相应调整。T 日后的 5 个工作日内， 基金管理人将应退 款或补款与相关申购赎回代理机构办理交收。 若发生特殊情况， 基金管理人可以 对交收日期进行相应调整。 如遇港股通临时停市、 港股通交易每日额度或总额度不足等特殊情况， 组合 证券的代理买入及结算价格可依次顺延至下一港股通交易日直至交易正常。 如遇 证券长期停牌、流动性不足等可能导致收盘价或最后成交价不公允的特殊情况， 可参照证券的估值价格， 对结算成本进行调整。 如果基金管理人认为该证券复牌 后的价格可能存在较大波动， 且可能对基金资产净值产生较大影响， 为了更好的 招募说明书（更新） 56 维护持有人利益， 该证券对应的现金替代款的清算交收可在其复牌后按照实际交 易成本办理。 在此期间若该证券发生除息、 送股 （转增） 、 配股等重要权益变动， 则进行相应调整。 ④赎回替代金额的处理程序 对于确认成功的 T 日赎回申请，T 日内基金管理人根据赎回规模进行组合证 券的代理卖出。 基金管理人有权根据基金投资的需要自主决定不卖出部分被替代 证券， 或者不进行任何卖出证券的操作。T 日内基金管理人根据所卖出的被替代 组合证券的实际单位卖出成本、 实际卖出的相关费用 （实际卖出金额根据港股通 相关业务规则按当天的港股通买入结算汇兑比率结算为人民币） 、未卖出的被替 代组合证券的 T 日收盘价 （折算为人民币， 折算汇率采用基金管理人和基金托管 人商定的汇率公允价，包括中国外汇交易中心公布的北京时间 16:00 参考汇率、 港股通买入结算汇兑比率和卖出结算汇兑比率的算术平均值、 中国人民银行或其 授,替代金额的处理程序 对于确认成功的 T 日申购申请，T 日内基金管理人根据申购规模进行组合证 券的代理买入。 基金管理人有权根据基金投资的需要自主决定不买入部分被替代 证券，或者不进行任何买入证券的操作。T 日日终，基金管理人根据所购入的被 替代组合证券的实际单位购入成本、 实际购入的相关费用 （实际购入金额根据港 股通相关业务规则按当天的港股通卖出结算汇兑比率结算为人民币） 、未购入的 被替代组合证券的 T 日收盘价 （折算为人民币， 折算汇率采用基金管理人和基金 托管人商定的汇率公允价， 包括中国外汇交易中心公布的北京时间16:00 参考汇 率、 港股通买入结算汇兑比率和卖出结算汇兑比率的算术平均值、 中国人民银行 或其授权机构公布的人民币汇率中间价、与基金托管人商定的其他公允价格等； 被替代组合证券 T 日无交易的， 取最近交易日的收盘价； 交易日无收盘价的， 取 最后收盘价） 计算并确定被替代组合证券的单位结算成本， 在此基础上根据替代 组合证券数量和申购现金替代保证金确定基金应退还投资人的款项或投资人应 补交的款项。 若发生特殊情况， 包括如遇港股通结算异常等， 基金管理人可以对 折算汇率和结算成本进行相应调整。T 日后的 5 个工作日内， 基金管理人将应退 款或补款与相关申购赎回代理机构办理交收。 若发生特殊情况， 基金管理人可以 对交收日期进行相应调整。 如遇港股通临时停市、 港股通交易每日额度或总额度不足等特殊情况， 组合 证券的代理买入及结算价格可依次顺延至下一港股通交易日直至交易正常。 如遇 证券长期停牌、流动性不足等可能导致收盘价或最后成交价不公允的特殊情况， 可参照证券的估值价格， 对结算成本进行调整。 如果基金管理人认为该证券复牌 后的价格可能存在较大波动， 且可能对基金资产净值产生较大影响， 为了更好的 招募说明书（更新） 56 维护持有人利益， 该证券对应的现金替代款的清算交收可在其复牌后按照实际交 易成本办理。 在此期间若该证券发生除息、 送股 （转增） 、 配股等重要权益变动， 则进行相应调整。 ④赎回替代金额的处理程序 对于确认成功的 T 日赎回申请，T 日内基金管理人根据赎回规模进行组合证 券的代理卖出。 基金管理人有权根据基金投资的需要自主决定不卖出部分被替代 证券， 或者不进行任何卖出证券的操作。T 日内基金管理人根据所卖出的被替代 组合证券的实际单位卖出成本、 实际卖出的相关费用 （实际卖出金额根据港股通 相关业务规则按当天的港股通买入结算汇兑比率结算为人民币） 、未卖出的被替 代组合证券的 T 日收盘价 （折算为人民币， 折算汇率采用基金管理人和基金托管 人商定的汇率公允价，包括中国外汇交易中心公布的北京时间 16:00 参考汇率、 港股通买入结算汇兑比率和卖出结算汇兑比率的算术平均值、 中国人民银行或其 授权机,以公告申购对价、 赎回对价等 信息的文件 54、 申购对价： 指投资者申购基金份额时， 按基金合同和招募说明书规定应 招募说明书（更新） 11 交付的现金替代、现金差额和/或其他对价 55、 赎回对价： 指投资者赎回基金份额时， 基金管理人按基金合同和招募说 明书规定应交付给赎回人的现金替代、现金差额和/或其他对价 56、 现金替代： 指申购或赎回过程中， 投资者按基金合同和招募说明书的规 定，用于替代组合证券中部分证券的一定数量的现金 57、 现金差额： 指最小申购赎回单位的资产净值与按当日收盘价计算的最小 申购赎回单位中的组合证券市值和现金替代之差； 投资者申购或赎回时应支付或 应获得的现金差额根据最小申购赎回单位对应的现金差额、 申购或赎回的基金份 额数计算 58、 预估现金差额： 指由基金管理人计算并在T 日申购赎回清单中公布的当 日现金差额预估值，预估现金差额由申购赎回代理机构预先冻结 59、 基金份额参考净值： 指基金管理人或者基金管理人委托的机构在交易时 间内， 根据申购赎回清单和组合证券内各只证券的实时成交数据计算并由深圳证 券交易所发布的基金份额参考净值，简称 IOPV 60、 最小申购赎回单位： 指基金申购份额、 赎回份额的最低数量， 投资者申 购、赎回的基金份额应为最小申购赎回单位的整数倍 61、 基金份额折算： 指基金管理人根据基金运作的需要， 在基金资产净值不 变的前提下，按照一定比例调整基金份额总额及基金份额净值的行为 62、 收益评价日： 指基金管理人计算本基金份额净值增长率与标的指数同期 增长率差额之日 63、 基,/Users/ellis/工具程序开发/港股通逐标的分析/临时数据/159792/159792_更新招募说明书_20260818.txt
29,513810,华夏中证香港内地国有企业ETF(QDII),华夏中证香港内地国有企业交易型开放式指数证券投资基金(QDII)招募说明书(更新),2026-07-20,招募书未直接出现 RTGS；按适用的交易所/中国结算跨境 ETF 规则，日间 RTGS 交收，按项目口径 PASS,不买入或不卖出部分被替代证券，或者不进行任何买入或卖出证券的操作，基 金管理人可能不买入或不卖出被替代证券的情形包括但不限于市场流动性不足、技术系统 无法实现、申购赎回轧差以及基金管理人认为不应买入或卖出的其他情形。 14、基金收益分配后基金份额净值低于面值的风险 本基金收益分配原则为使收益分配后基金累计报酬率尽可能贴近标的指数同期累计报 酬率。基于本基金的性质和特点，本基金收益分配不以弥补亏损为前提，收益分配后可能 存在基金份额净值低于面值的风险。 15、第三方机构服务的风险 基金的多项服务委托第三方机构办理，存在以下风险： （1） 申购赎回代理券商因多种原因， 导致代理申购、 赎回业务受到限制、 暂停或终止， 由此影响对投资者申购赎回服务的风险。 （2）登记机构可能调整结算制度，如实施货银对付制度，对投资者基金份额、组合证 券及资金的结算方式发生变化，制度调,申购替代金额的处理程序 T 日，基金管理人根据申购赎回清单收取申购现金替代保证金。 对于确认成功的 T 日申购申请，在 T+1 日（指上海证券交易所和香港交易所的共同交 易日） 内， 基金管理人以收到的申购现金替代保证金代投资者买入被替代证券。 基金管理人 有权在 T+1 日（指上海证券交易所和香港交易所的共同交易日）内任意时刻以收到的申购 现金替代保证金代投资者买入小于等于被替代证券数量的任意数量的被替代证券。 基金管理 人有权根据基金投资的需要自主决定不买入部分被替代证券， 或者不进行任何买入证券的操 作。在 T+1 日（指上海证券交易所和香港交易所的共同交易日）日终，基金管理人已买入 的证券， 依据申购现金替代保证金与被替代证券的实际买入成本 （包括买入价格与相关交易 费用） 的差额， 确定基金应退还投资者或投资者应补交的款项； 未买入的证券， 依据申购现 金替代保证金与被替代证券 T+1 日（指上海证券交易所和香港交易所的共同交易日）收盘 价 （需用最新汇率折算为人民币， 当日在证券交易所无交易的， 取最近交易日的收盘价， 当 日无收盘价的，取最后成交价）的差额，确定基金应退还投资者或投资者应补交的款项。 在此期间若该部分证券发生除息、送股（转增） 、配股等重要权益变动，则进行相应调 整。正常情况下，T+3 日（指上海证券交易所与香港交易所的共同交易日）内，基金管理人 将应退款和补款的明细及汇总数据发送给登记结算机构， 登记结算机构办理现金替代多退少 补资金的清算， 并将结果发送给相关申购赎回代理机构和基金托管人。当交收期间出现上海 证券交易所和香港交易所的共同交易日为非港股交收日或非港股通交收日时， 款项交收日期 可顺延。若发生特殊情况，基金管理人可以对交收日期进行相应调整。 如遇证券长期停牌、 流动性不足等特殊情况， 可参照证券的估值价格对结算价格进行调 整， 如果基金管理人认为该证券复牌后的价格可能存在较大波动， 且可能对基金资产净值产 华夏中证香港内地国有企业交易型开放式指数证券投资基金（QDII）招募说明书（更新） 49 生较大影响， 为了更好的维护持有人利益， 该证券对应的现金替代退补款的清算交收可在其 复牌后按照实际交易成本办理。在此期间若该证券发生除息、送股（转增） 、配股等重要权 益变动， 则进行相应调整。 上述汇率目前采用汇率公允价。 汇率公允价包括中国人民银行或 其授权机构最新公布的人民币汇率中间价、 中国外汇交易中心最新收盘价、 与基金托管人商 定的其他公允价格 （如： 中国人民银行或国家外汇管理局或中国外汇交易中心正式对外发文 后公布的人民币兑主要外汇当日收盘价）等。 ④赎回对应的替代金额的处理程序 对于确认成功的 T 日赎回申请，在 T+1 日（指上海证券交易所和香港交易所的共同交 易日）内，基金管理人根据赎回申请代投资者,替代金额的处理程序 T 日，基金管理人根据申购赎回清单收取申购现金替代保证金。 对于确认成功的 T 日申购申请，在 T+1 日（指上海证券交易所和香港交易所的共同交 易日） 内， 基金管理人以收到的申购现金替代保证金代投资者买入被替代证券。 基金管理人 有权在 T+1 日（指上海证券交易所和香港交易所的共同交易日）内任意时刻以收到的申购 现金替代保证金代投资者买入小于等于被替代证券数量的任意数量的被替代证券。 基金管理 人有权根据基金投资的需要自主决定不买入部分被替代证券， 或者不进行任何买入证券的操 作。在 T+1 日（指上海证券交易所和香港交易所的共同交易日）日终，基金管理人已买入 的证券， 依据申购现金替代保证金与被替代证券的实际买入成本 （包括买入价格与相关交易 费用） 的差额， 确定基金应退还投资者或投资者应补交的款项； 未买入的证券， 依据申购现 金替代保证金与被替代证券 T+1 日（指上海证券交易所和香港交易所的共同交易日）收盘 价 （需用最新汇率折算为人民币， 当日在证券交易所无交易的， 取最近交易日的收盘价， 当 日无收盘价的，取最后成交价）的差额，确定基金应退还投资者或投资者应补交的款项。 在此期间若该部分证券发生除息、送股（转增） 、配股等重要权益变动，则进行相应调 整。正常情况下，T+3 日（指上海证券交易所与香港交易所的共同交易日）内，基金管理人 将应退款和补款的明细及汇总数据发送给登记结算机构， 登记结算机构办理现金替代多退少 补资金的清算， 并将结果发送给相关申购赎回代理机构和基金托管人。当交收期间出现上海 证券交易所和香港交易所的共同交易日为非港股交收日或非港股通交收日时， 款项交收日期 可顺延。若发生特殊情况，基金管理人可以对交收日期进行相应调整。 如遇证券长期停牌、 流动性不足等特殊情况， 可参照证券的估值价格对结算价格进行调 整， 如果基金管理人认为该证券复牌后的价格可能存在较大波动， 且可能对基金资产净值产 华夏中证香港内地国有企业交易型开放式指数证券投资基金（QDII）招募说明书（更新） 49 生较大影响， 为了更好的维护持有人利益， 该证券对应的现金替代退补款的清算交收可在其 复牌后按照实际交易成本办理。在此期间若该证券发生除息、送股（转增） 、配股等重要权 益变动， 则进行相应调整。 上述汇率目前采用汇率公允价。 汇率公允价包括中国人民银行或 其授权机构最新公布的人民币汇率中间价、 中国外汇交易中心最新收盘价、 与基金托管人商 定的其他公允价格 （如： 中国人民银行或国家外汇管理局或中国外汇交易中心正式对外发文 后公布的人民币兑主要外汇当日收盘价）等。 ④赎回对应的替代金额的处理程序 对于确认成功的 T 日赎回申请，在 T+1 日（指上海证券交易所和香港交易所的共同交 易日）内，基金管理人根据赎回申请代投资者卖出,： 指由基金管理人编制的用以公告申购对价、 赎回对价等信息的文件。 51、 申购对价： 指投资者申购基金份额时， 按基金合同和招募说明书规定应交付的现金 替代、现金差额和/或其他对价。 52、 赎回对价： 指投资者赎回基金份额时， 基金管理人按基金合同和招募说明书规定应 交付给赎回人的现金替代、现金差额和/或其他对价。 53、 标的指数： 指中证指数有限公司编制并发布的中证香港内地国有企业指数及其未来 可能发生的变更，或基金管理人根据需要更换的其他指数。 54、现金替代： 指申购、 赎回过程中，投资人按基金合同和招募说明书的规定，用于替 代组合证券中部分证券的一定数量的现金。 55、最小申购赎回单位： 指基金申购份额、赎回份额的最低数量， 投资者申购、赎回的 基金份额应为最小申购、赎回单位的整数倍。 56、元：指人民币元。 57、 基金收益： 指基金投资所得红利、 股息、 债券利息、 买卖证券价差、 银行存款利息、 已实现的其他合法收入及因运用基金财产带来的成本和费用的节约。 58、基金资产总值： 指基金拥有的各类有价证券、 银行存款本息、 基金应收申购款、基 金及其他资产的价值总和。 59、基金资产净值：指基金资产总值减去基金负债后的价值。 60、基金份额净值：指计算日基金资产净值除以计算日基金份额总数。 61、 基金资产估值： 指计算评估基金资产和负债的价值， 以确定基金资产净值和基金份 额净值的过程。 62、 规定媒介： 指符合中国证监会规定条件的用以进行信息披露的全国性报刊及 《信息 披露办法》 规定的互联网网站 （包括基金管理人网站、,/Users/ellis/工具程序开发/港股通逐标的分析/临时数据/513810/513810_更新招募说明书_20260720.txt
30,513020,国泰中证港股通科技ETF,国泰中证港股通科技交易型开放式指数证券投资基金更新招募说明书(2025年第三号),2025-11-26,记机构相关业务规则和参与各方相关协议及其不时修订的有关 规定。 本基金申购业务采用实时逐笔全额结算（Real Time Gross Settlement，简称 RTGS）模式；赎回业务涉及的现金替代采用代收代付处理；申购、赎回业务涉 及的现金差额和现金替代退补款采用代收代付处理。 国泰中证港股通科技交易型开放式指数证券投资基金更新招募说明书（2025 年第三号） 38 投资者 T 日现金申购后，如交易记录已勾单且申购资金足额的，登记机构 在 T 日日间实时办理基金份额及现金替代的交收；T 日日间未进行勾单确认或日 间资金不足的，登记机构在 T 日日终根据资金是否足额办理基金份额及现金替 代的清算交收，并将结果发送给基金管理人、申购赎回代理券商和基金托管人。 基金管理人在 T+1,,申购替代金额的处理程序 T 日，基金管理人在申购赎回清单中公布现金替代溢价比例，并据此收取申 购替代金额。 正常情况下，对于确认成功的 T 日申购申请，基金管理人在 T 日内进行组 合证券的代理买入。基金管理人有权在 T 日内任意时刻，以收到的申购替代金 额买入组合证券中任意数量的被替代证券。基金管理人有权根据基金投资的需要 自主决定不买入部分被替代证券，或者不进行任何买入证券的操作。T 日日终， 若已购入全部被替代的证券，则以替代金额与被替代证券的实际购入成本（包括 买入价格与交易费用，折算为人民币）的差额，确定基金应退还申购投资人或申 购投资人应补交的款项；若未能购入全部被替代的证券，则以替代金额与所购入 部分被替代证券实际购入成本（包括买入价格与交易费用，折算为人民币）加上 按照 T 日收盘价（折算为人民币，折算汇率采用当天的港股通买入结算汇兑比 率和卖出结算汇兑比率的算术平均值；被替代组合证券当日无交易的，取最近交 易日的收盘价；交易日无收盘价的，取最后成交价）计算的未购入部分被替代证 券价值的差额，确定基金应退还申购投资人或申购投资人应补交的款项。在此期 间发生除息、送股（转增）、配股等权益变动，则进行相应调整。若发生特殊情 况，包括如遇港股通结算异常等，基金管理人可以对折算汇率进行相应调整。 T 日后的三个港股通交收日内，基金管理人将应退款或补款与相关申购赎回 代理券商办理交收。若发生特殊情况，基金管理人可以对交收日期进行相应调整。 4）赎回替代金额的处理程序 正常情况下，对于确认成功的 T 日赎回申请，基金管理人在 T 日内进行组 合证券的代理卖出。基金管理人有权在 T 日内任意时刻卖出组合证券中任意数 量的被替代证券。基金管理人有权自主决定不卖出部分被替代证券，或者不进行 任何卖出证券的操作。T 日日终，若已卖出全部被替代的证券，则以替代金额与 被替代证券的实际卖出收入（卖出价格扣除交易费用，折算为人民币）的差额， 确定基金应退还赎回投资人或赎回投资人应补交的款项；若未能卖出全部被替代 的证券，以替代金额与所卖出部分被替代证券实际卖出收入（卖出价格扣除交易 国泰中证港股通科技交易型开放式指数证券投资基金更新招募说明书（2025 年第三号） 42 费用，折算为人民币）加上按照 T 日收盘价（折算为人民币，折算汇率采用当 天的港股通买入结算汇兑比率和卖出结算汇兑比率的算术平均值；被替代组合证 券当日无交易的，取最近交易日的收盘价；交易日无收盘价的，取最后成交价） 计算的未卖出部分被替代证券价值的差额，确定基金应退还赎回投资人或赎回投 资人应补交的款项。在此期间发生除息、送股（转增）、配股等权益变动，则进 行相应调整。若发生特殊情况，包括如遇港股通结算异常等，基金管理人可以对 折算汇率进行相应调整。 T 日后的第 3 个港股通交收日后的两个工作日内,替代金额的处理程序 T 日，基金管理人在申购赎回清单中公布现金替代溢价比例，并据此收取申 购替代金额。 正常情况下，对于确认成功的 T 日申购申请，基金管理人在 T 日内进行组 合证券的代理买入。基金管理人有权在 T 日内任意时刻，以收到的申购替代金 额买入组合证券中任意数量的被替代证券。基金管理人有权根据基金投资的需要 自主决定不买入部分被替代证券，或者不进行任何买入证券的操作。T 日日终， 若已购入全部被替代的证券，则以替代金额与被替代证券的实际购入成本（包括 买入价格与交易费用，折算为人民币）的差额，确定基金应退还申购投资人或申 购投资人应补交的款项；若未能购入全部被替代的证券，则以替代金额与所购入 部分被替代证券实际购入成本（包括买入价格与交易费用，折算为人民币）加上 按照 T 日收盘价（折算为人民币，折算汇率采用当天的港股通买入结算汇兑比 率和卖出结算汇兑比率的算术平均值；被替代组合证券当日无交易的，取最近交 易日的收盘价；交易日无收盘价的，取最后成交价）计算的未购入部分被替代证 券价值的差额，确定基金应退还申购投资人或申购投资人应补交的款项。在此期 间发生除息、送股（转增）、配股等权益变动，则进行相应调整。若发生特殊情 况，包括如遇港股通结算异常等，基金管理人可以对折算汇率进行相应调整。 T 日后的三个港股通交收日内，基金管理人将应退款或补款与相关申购赎回 代理券商办理交收。若发生特殊情况，基金管理人可以对交收日期进行相应调整。 4）赎回替代金额的处理程序 正常情况下，对于确认成功的 T 日赎回申请，基金管理人在 T 日内进行组 合证券的代理卖出。基金管理人有权在 T 日内任意时刻卖出组合证券中任意数 量的被替代证券。基金管理人有权自主决定不卖出部分被替代证券，或者不进行 任何卖出证券的操作。T 日日终，若已卖出全部被替代的证券，则以替代金额与 被替代证券的实际卖出收入（卖出价格扣除交易费用，折算为人民币）的差额， 确定基金应退还赎回投资人或赎回投资人应补交的款项；若未能卖出全部被替代 的证券，以替代金额与所卖出部分被替代证券实际卖出收入（卖出价格扣除交易 国泰中证港股通科技交易型开放式指数证券投资基金更新招募说明书（2025 年第三号） 42 费用，折算为人民币）加上按照 T 日收盘价（折算为人民币，折算汇率采用当 天的港股通买入结算汇兑比率和卖出结算汇兑比率的算术平均值；被替代组合证 券当日无交易的，取最近交易日的收盘价；交易日无收盘价的，取最后成交价） 计算的未卖出部分被替代证券价值的差额，确定基金应退还赎回投资人或赎回投 资人应补交的款项。在此期间发生除息、送股（转增）、配股等权益变动，则进 行相应调整。若发生特殊情况，包括如遇港股通结算异常等，基金管理人可以对 折算汇率进行相应调整。 T 日后的第 3 个港股通交收日后的两个工作日内，基,购赎回清单：指由基金管理人编制的用以公告申购对价、赎回对价等 信息的文件 49、申购对价：指投资人申购基金份额时，按基金合同和招募说明书规定应 交付的现金替代、现金差额及其他对价 50、赎回对价：指基金份额持有人赎回基金份额时，基金管理人按基金合同 和招募说明书规定应交付的现金替代、现金差额及其他对价 51、组合证券：指本基金标的指数所包含的全部或部分证券 52、标的指数：指中证指数有限公司编制并发布的中证港股通科技指数及其 未来可能发生的变更 53、现金替代：指申购、赎回过程中，投资人按基金合同和招募说明书的规 定，用于替代组合证券中全部或部分证券的一定数量的现金 54、现金差额：指最小申购、赎回单位的资产净值与按当日收盘价计算的最 小申购、赎回单位中的组合证券市值和现金替代之差；投资人申购、赎回时应支 付或应获得的现金差额根据最小申购、赎回单位对应的现金差额和申购或赎回的 最小申购、赎回单位数量计算 55、预估现金部分：指由基金管理人估计并在 T 日申购赎回清单中公布的 当日现金差额的估计值，预估现金部分由申购赎回代理券商预先冻结 56、最小申购、赎回单位：指本基金申购份额、赎回份额的最低数量，投资 人申购、赎回的基金份额应为最小申购、赎回单位的整数倍 57、基金份额参考净值：指基金管理人或基金管理人委托的机构在开市后根 据申购赎回清单和组合证券内各只证券的实时成交数据及汇率计算，并通过上海 国泰中证港股通科技交易型开放式指数证券投资基金更新招募说明书（2025 年第三号） 9 证券交易所发布的基金份额参考净值，简称“IOPV” 58、基金份,/Users/ellis/工具程序开发/港股通逐标的分析/临时数据/513020/513020_更新招募说明书_20251126.txt
31,526000,华夏中证港股通信息技术综合ETF,华夏中证港股通信息技术综合交易型开放式指数证券投资基金招募说明书(更新),2026-06-30,用相关业务规则和参与各方相关协议及其不时修订的有关规定。 本基金申购业务采用实时逐笔全额结算（Real Time Gross Settlement，以下简称 RTGS） 模式； 赎回业务涉及的现金替代可采用代收代付处理； 申购、 赎回业务涉及的现金差额和现 金替代退补款可采用代收代付处理。 1）申购的清算交收 投资者 T 日现金申购后，如交易记录已勾单且申购资金足额的，登记机构在 T 日日间 实时办理基金份额及现金替代的交收；T 日日间未进行勾单确认或日间资金不足的， 登记机 构在 T 日日终根据资金是否足额办理基金份额及现金替代的清算交收，并将结果发送给基 金管理人、 申购赎回代理机构和基金托管人。 基金管理人在T+2 日内办理现金差额的交收。 2）赎回的清算交收 投资者 T,不卖出部分被替代证券， 或者不进行任何买入或卖出证券的操作， 基金管 理人可能不买入或不卖出被替代证券的情形包括但不限于市场流动 性不足、技术系统无法 实现、 申购赎回轧差以及基金管理人认为不应买入或卖出的其他情形， 因此投资者需承受可 能当天无法完成所有证券买卖、未完成买卖部分按收盘价结算等风险。 14、基金收益分配后基金份额净值低于面值的风险 基于本基金的性质和特点， 本基金收益分配不以弥补亏损为前提， 收益分配后可能存在 基金份额净值低于面值的风险。 15、第三方机构服务的风险 基金的多项服务委托第三方机构办理，存在以下风险： （1） 申购赎回代理机构因多种原因， 导致代理申购、 赎回业务受到限制、 暂停或终止， 由此影响对投资者申购赎回服务的风险。 （2）登记机构可能调整结算制度，如实施货银对付制度，对投资者基金份额、组合证 券及资金的结算方式发生变化，,替代金额的处理程序 【1】申购替代金额的处理程序 基金管理人在 T 日内以收到的替代金额代投资者买入被替代证券。基金管理人有权在 T 日内任意时刻，以收到的申购替代金额代投资者购入组合证券中被替代证券的任意数量。 正常情况下，T 日日终， 基金管理人根据所购入的被替代证券的实际单位购入成本 （包括买 入价格与相关费用） 和未买入的被替代证券的T 日收盘价 （折算为人民币， 折算汇率采用当 天的估值汇率；T 日在证券交易所无交易的，取最近交易日的收盘价；交易日无收盘价的， 取最后成交价） 计算被替代证券的单位结算成本， 在此基础上根据替代证券数量和申购现金 替代金额确定基金应退还投资者或投资者应补交的款项。 正常情况下，T 日后的第2 个港股通交易日后的 2 个工作日内， 基金管理人将应退款或 补款与相关申购赎回代理机构办理交收。若发生特殊情况， 基金管理人可以对交收日期进行 相应调整。 如遇港股通临时停市、 港股通交易每日额度或总额度不足等特殊情况， 组合证券的代理 买入及结算价格可依次顺延至下一港股通交易日直至交易正常。 如遇证券长期停牌、 流动性 不足等可能导致收盘价或最后成交价不公允的特殊情况， 可参照证券的估值价格， 对结算价 格进行调整， 如果基金管理人认为该证券复牌后的价格可能存在较大波动， 且可能对基金资 产净值产生较大影响， 为了更好的维护持有人利益， 该证券对应的现金替代款的清算交收可 在其复牌后按照实际交易成本办理。在此期间若该证券发生除息、送股（转增） 、配股等重 要权益变动，则进行相应调整。 【2】赎回替代金额的处理程序 华夏中证港股通信息技术综合交易型开放式指数证券投资基金招募说明书（更新） 44 T 日内， 基金管理人根据赎回规模进行被替代证券的代理卖出。 基金管理人有权在T 日 内任意时刻代投资者卖出组合证券中被替代证券的任意数量。 正常情况下，T 日日终， 基金 管理人根据所卖出的被替代证券的实际单位卖出金额 （扣除相关费用） 和未卖出的被替代证 券的 T 日收盘价 （折算为人民币， 折算汇率采用当天的估值汇率；T 日在证券交易所无交易 的， 取最近交易日的收盘价； 交易日无收盘价的， 取最后成交价） 计算被替代证券的单位结 算金额，在此基础上根据替代证券数量确定赎回替代金额。 正常情况下，T 日后的第 3 个港股通交易日后的第 2 个工作日内， 基金管理人将应支付 的赎回替代金额与相关申购赎回代理机构办理交收。 若发生特殊情况， 基金管理人可以对交 收日期进行相应调整。 如遇港股通临时停市等特殊情况，组合证券的代理卖出及结算价格可依次顺延至下一 港股通交易日直至交易正常。 如遇证券长期停牌、 流动性不足等可能导致收盘价或最后成交 价不公允的特殊情况， 可参照证券的估值价格， 对结算价格进行调整， 如果基金管理人认为 该证券复,替代金额的处理程序 【1】申购替代金额的处理程序 基金管理人在 T 日内以收到的替代金额代投资者买入被替代证券。基金管理人有权在 T 日内任意时刻，以收到的申购替代金额代投资者购入组合证券中被替代证券的任意数量。 正常情况下，T 日日终， 基金管理人根据所购入的被替代证券的实际单位购入成本 （包括买 入价格与相关费用） 和未买入的被替代证券的T 日收盘价 （折算为人民币， 折算汇率采用当 天的估值汇率；T 日在证券交易所无交易的，取最近交易日的收盘价；交易日无收盘价的， 取最后成交价） 计算被替代证券的单位结算成本， 在此基础上根据替代证券数量和申购现金 替代金额确定基金应退还投资者或投资者应补交的款项。 正常情况下，T 日后的第2 个港股通交易日后的 2 个工作日内， 基金管理人将应退款或 补款与相关申购赎回代理机构办理交收。若发生特殊情况， 基金管理人可以对交收日期进行 相应调整。 如遇港股通临时停市、 港股通交易每日额度或总额度不足等特殊情况， 组合证券的代理 买入及结算价格可依次顺延至下一港股通交易日直至交易正常。 如遇证券长期停牌、 流动性 不足等可能导致收盘价或最后成交价不公允的特殊情况， 可参照证券的估值价格， 对结算价 格进行调整， 如果基金管理人认为该证券复牌后的价格可能存在较大波动， 且可能对基金资 产净值产生较大影响， 为了更好的维护持有人利益， 该证券对应的现金替代款的清算交收可 在其复牌后按照实际交易成本办理。在此期间若该证券发生除息、送股（转增） 、配股等重 要权益变动，则进行相应调整。 【2】赎回替代金额的处理程序 华夏中证港股通信息技术综合交易型开放式指数证券投资基金招募说明书（更新） 44 T 日内， 基金管理人根据赎回规模进行被替代证券的代理卖出。 基金管理人有权在T 日 内任意时刻代投资者卖出组合证券中被替代证券的任意数量。 正常情况下，T 日日终， 基金 管理人根据所卖出的被替代证券的实际单位卖出金额 （扣除相关费用） 和未卖出的被替代证 券的 T 日收盘价 （折算为人民币， 折算汇率采用当天的估值汇率；T 日在证券交易所无交易 的， 取最近交易日的收盘价； 交易日无收盘价的， 取最后成交价） 计算被替代证券的单位结 算金额，在此基础上根据替代证券数量确定赎回替代金额。 正常情况下，T 日后的第 3 个港股通交易日后的第 2 个工作日内， 基金管理人将应支付 的赎回替代金额与相关申购赎回代理机构办理交收。 若发生特殊情况， 基金管理人可以对交 收日期进行相应调整。 如遇港股通临时停市等特殊情况，组合证券的代理卖出及结算价格可依次顺延至下一 港股通交易日直至交易正常。 如遇证券长期停牌、 流动性不足等可能导致收盘价或最后成交 价不公允的特殊情况， 可参照证券的估值价格， 对结算价格进行调整， 如果基金管理人认为 该证券复,： 指由基金管理人编制的用以公告申购对价、 赎回对价等信息的文件。 50、 申购对价： 指投资者申购基金份额时， 按基金合同和招募说明书规定应交付的现金 替代、现金差额和/或其他对价。 51、 赎回对价： 指投资者赎回基金份额时， 基金管理人按基金合同和招募说明书规定应 交付给赎回人的现金替代、现金差额和/或其他对价。 华夏中证港股通信息技术综合交易型开放式指数证券投资基金招募说明书（更新） 8 52、最小申购赎回单位： 指基金申购份额、赎回份额的最低数量， 投资者申购、赎回的 基金份额应为最小申购、赎回单位的整数倍。 53、元：指人民币元。 54、 基金收益： 指基金投资所得红利、 股息、 债券利息、 买卖证券价差、 银行存款利息、 已实现的其他合法收入及因运用基金财产带来的成本和费用的节约。 55、 基金资产总值： 指基金拥有的各类有价证券、 银行存款本息、 基金应收款项及其他 资产的价值总和。 56、基金资产净值：指基金资产总值减去基金负债后的价值。 57、基金份额净值：指计算日基金资产净值除以计算日基金份额总数。 58、 基金资产估值： 指计算评估基金资产和负债的价值， 以确定基金资产净值和基金份 额净值的过程。 59、 规定媒介： 指符合中国证监会规定条件的用以进行信息披露的全国性报刊及《信息 披露办法》 规定的互联网网站 （包括基金管理人网站、 基金托管人网站、 中国证监会基金电 子披露网站）等媒介。 60、 流动性受限资产： 指由于法律法规、 监管、 合同或操作障碍等原因无法以合理价格 予以变现的资产，包括但不限于到期日在 10 个,/Users/ellis/工具程序开发/港股通逐标的分析/临时数据/526000/526000_更新招募说明书_20260630.txt
32,159557,嘉实恒生医疗保健ETF(QDII),嘉实恒生医疗保健交易型开放式指数证券投资基金(QDII)更新招募说明书(2026年01月23日更新),2026-01-23,现金替代、现金差额及其他对价的清算交收适 用相关业务规则和参与各方相关协议及其不时修订的有关规定。 本基金现金申购业务中的现金替代采用逐笔全额结算（T 日日间 RTGS 交收+T 日日终逐 笔全额非担保交收）处理；现金赎回业务中的现金替代采用代收代付处理；现金申购、赎回 业务涉及的现金差额和现金替代退补款采用代收代付处理。 投资者 T 日现金申购后，正常情况下，如选择采用 RTGS 交收且申购资金足额的，登记 结算机构在 T 日日间实时办理基金份额及现金替代的清算交收；T 日日间资金不足或不选择 RTGS 交收的，登记结算机构在 T 日收市后办理基金份额及现金替代的清算交收，并将结果 嘉实恒生医疗保健交易型开放式指数证券投资基金（QDII）更新招募说明书（2026 年 01 月,,申购替代金额的处理程序如下： 对于确认成功的 T 日的申购申请，基金管理人将在 T 日（指开放日）内买入被替代的成 份证券。T 日（指开放日）日终，若基金管理人已买入全部被替代的证券，则以替代金额与 被替代证券的实际买入成本（包括买入价格与交易费用）按照汇率折算后的差额，确定基金 应退还投资人或投资人应补交的款项；若基金管理人未能买入全部被替代的证券，则以替代 金额与所买入的部分被替代证券实际买入成本（包括买入价格与交易费用）加上按照 T 日（指 开放日）收盘价（被替代证券当日在证券交易所无交易的，取最近交易日的收盘价）计算的 未买入部分的被替代证券价值按照汇率折算后的差额，确定基金应退还投资人或投资人应补 交的款项。 正常情况下，T+3 日（指开放日）内，基金管理人应将退款和补款的明细及汇总数据发 送给登记结算机构，登记结算机构办理现金替代多退少补资金的清算，并将结果发送给相关 申购赎回代理机构和基金托管人，相关款项的交收于数据发送后的第 1 个工作日内完成。若 发生特殊情况，基金管理人可以对交收日期进行相应调整。 ④赎回替代金额的处理程序 对于确认成功的 T 日的赎回申请，基金管理人将在 T 日（指开放日）内卖出相应的成份 证券。T 日（指开放日）日终，若基金管理人已卖出全部被替代的成份证券，则以实际卖出 所得（卖出价格扣减相应的交易费用）按照汇率折算后的差额，确定基金应交付给投资人的 赎回现金替代金额；若基金管理人未能卖出全部被替代的成份证券，则以实际卖出所得（卖 出价格扣减相应的交易费用）加上按照 T 日（指开放日）收盘价（被替代证券当日在证券交 易所无交易的，取最近交易日的收盘价）计算的未卖出部分被替代成份证券价值，按照汇率 折算后的金额，确定基金应交付给投资人的赎回现金替代金额。 正常情况下，T+7 日（指开放日）内，基金管理人将应支付的替代金额的明细及汇总数 据发送给登记结算机构，登记结算机构办理现金替代资金的清算，并将结果发送给相关申购 嘉实恒生医疗保健交易型开放式指数证券投资基金（QDII）更新招募说明书（2026 年 01 月 23 日更新） 58 赎回代理机构和基金托管人，相关款项的交收于数据发送后的第 1 个工作日内完成。若发生 特殊情况，基金管理人可以对交收日期进行相应调整。 ⑤如遇港股临时停市等特殊情况，组合证券的代理买入或者卖出及结算价格可依次顺延 至下一港股交易日直至交易正常。如遇证券长期停牌、流动性不足等可能导致收盘价或最后 成交价不公允的特殊情况，可参照证券的估值价格，对结算价格进行调整，如果基金管理人 认为该证券复牌后的价格可能存在较大波动，且可能对基金资产净值产生较大影响，为了更 好的维护基金份额持有人利益，该证券对应的现金替代款的清算交收可在其复牌后按照实际 交易成本办理。在此期间若该证券发生除息、送股（转增）、配股,替代金额的处理程序如下： 对于确认成功的 T 日的申购申请，基金管理人将在 T 日（指开放日）内买入被替代的成 份证券。T 日（指开放日）日终，若基金管理人已买入全部被替代的证券，则以替代金额与 被替代证券的实际买入成本（包括买入价格与交易费用）按照汇率折算后的差额，确定基金 应退还投资人或投资人应补交的款项；若基金管理人未能买入全部被替代的证券，则以替代 金额与所买入的部分被替代证券实际买入成本（包括买入价格与交易费用）加上按照 T 日（指 开放日）收盘价（被替代证券当日在证券交易所无交易的，取最近交易日的收盘价）计算的 未买入部分的被替代证券价值按照汇率折算后的差额，确定基金应退还投资人或投资人应补 交的款项。 正常情况下，T+3 日（指开放日）内，基金管理人应将退款和补款的明细及汇总数据发 送给登记结算机构，登记结算机构办理现金替代多退少补资金的清算，并将结果发送给相关 申购赎回代理机构和基金托管人，相关款项的交收于数据发送后的第 1 个工作日内完成。若 发生特殊情况，基金管理人可以对交收日期进行相应调整。 ④赎回替代金额的处理程序 对于确认成功的 T 日的赎回申请，基金管理人将在 T 日（指开放日）内卖出相应的成份 证券。T 日（指开放日）日终，若基金管理人已卖出全部被替代的成份证券，则以实际卖出 所得（卖出价格扣减相应的交易费用）按照汇率折算后的差额，确定基金应交付给投资人的 赎回现金替代金额；若基金管理人未能卖出全部被替代的成份证券，则以实际卖出所得（卖 出价格扣减相应的交易费用）加上按照 T 日（指开放日）收盘价（被替代证券当日在证券交 易所无交易的，取最近交易日的收盘价）计算的未卖出部分被替代成份证券价值，按照汇率 折算后的金额，确定基金应交付给投资人的赎回现金替代金额。 正常情况下，T+7 日（指开放日）内，基金管理人将应支付的替代金额的明细及汇总数 据发送给登记结算机构，登记结算机构办理现金替代资金的清算，并将结果发送给相关申购 嘉实恒生医疗保健交易型开放式指数证券投资基金（QDII）更新招募说明书（2026 年 01 月 23 日更新） 58 赎回代理机构和基金托管人，相关款项的交收于数据发送后的第 1 个工作日内完成。若发生 特殊情况，基金管理人可以对交收日期进行相应调整。 ⑤如遇港股临时停市等特殊情况，组合证券的代理买入或者卖出及结算价格可依次顺延 至下一港股交易日直至交易正常。如遇证券长期停牌、流动性不足等可能导致收盘价或最后 成交价不公允的特殊情况，可参照证券的估值价格，对结算价格进行调整，如果基金管理人 认为该证券复牌后的价格可能存在较大波动，且可能对基金资产净值产生较大影响，为了更 好的维护基金份额持有人利益，该证券对应的现金替代款的清算交收可在其复牌后按照实际 交易成本办理。在此期间若该证券发生除息、送股（转增）、配股等重,申购赎回清单：指由基金管理人编制的用以公告申购对价、赎回对价等信息的文件 52、申购对价：指投资人申购基金份额时，按基金合同和招募说明书规定应交付的现金 替代、现金差额和/或其他对价 53、赎回对价：指基金份额持有人赎回基金份额时，基金管理人按基金合同和招募说明 书规定应交付给赎回申请人的现金替代、现金差额和/或其他对价 54、标的指数：指恒生医疗保健指数及其未来可能发生的变更，或基金管理人按照基金 合同约定更换的其他指数 55、组合证券：指本基金标的指数所包含的全部或部分证券 56、完全复制法：指一种构建跟踪指数的投资组合的方法。通过购买标的指数中的所有 成份证券，并且按照每种成份证券在标的指数中的权重确定购买的比例，以达到复制指数的 目的 57、最小申购赎回单位：指本基金申购份额、赎回份额的最低数量，投资人申购或赎回 的基金份额数应为最小申购赎回单位的整数倍 58、现金替代：指申购或赎回过程中，投资者按基金合同和招募说明书的规定，用于替 代组合证券中全部或部分证券的一定数量的现金 59、现金差额：指最小申购赎回单位的资产净值与按当日收盘价计算的最小申购赎回单 位中的组合证券市值和现金替代之差；投资者申购或赎回时应支付或应获得的现金差额根据 最小申购赎回单位对应的现金差额、申购或赎回的基金份额数计算 60、预估现金部分：指由基金管理人计算并在 T 日申购赎回清单中公布的当日现金差额 的预估值，预估现金部分由申购赎回代理券商（代办证券公司）预先冻结 61、元：指人民币元 62、基金资产总值：指基金拥有的各类基金、有价证券及票据价值、银行存款本息、,/Users/ellis/工具程序开发/港股通逐标的分析/临时数据/159557/159557_更新招募说明书_20260123.txt
33,513210,易方达恒生ETF(QDII),易方达恒生交易型开放式指数证券投资基金(QDII)更新的招募说明书,2026-01-31,格折溢价的风险。 7、根据本基金现行适用的清算交收和申赎处理规则，投资者当日申购的基金份额， 清算交收完成后方可卖出和赎回，即 T 日申购的基金份额且日间完成 RTGS（实时逐笔全额 结算）交收，T 日可卖出和赎回，而 T 日申购的基金份额且日终完成逐笔全额非担保交收， T+1 日方可卖出和赎回；T 日买入的基金份额，T 日可以赎回或卖出。 投资者投资于本基金前请认真阅读证券交易所和登记结算机构关于 ETF 的相关业务规 则及其不时的更新，确保具备相关专业知识、清楚了解相关规则流程后方可参与本基金的 认购、申购、赎回及交易。投资者一旦认购、申购或赎回本基金，即表示对基金认购、申 购和赎回所涉及的登记方式以及申购赎回所涉及现金替代、现金差额等相关的交收方式及 业务规则已经认可。 8,）适用情形：必须现金替代的证券一般是由于标的指数调整、即将被剔除的成份证券； 法律法规限制投资的证券；或基金管理人出于保护基金份额持有人利益等原因认为有必要 实行必须现金替代的证券。 2）替代金额：对于必须现金替代的证券，基金管理人将在申购赎回清单中公告替代的 一定数量的现金。必须替代金额的计算方法为申购赎回清单中该证券的数量乘以其经调整 后的 T-1 日收盘价并按照 T-1 日估值汇率换算或基金管理人认为合理的其他方法。 （4）在系统支持的情况下，对于 T 日的申购赎回申请，基金管理人有权进行轧差处 理，针对净申购，购入净申购份额对应的组合证券中被替代的香港证券，针对净赎回，卖 出净赎回份额对应的组合证券中被替代的香港证券，基金管理人有权购入或者卖出不等于 轧差处理后的上述被替代的香港证券的任意数量。 （5）基金管理人可根据运作情况调整代理申赎投资者买券卖券的相关规则并按规定 公告。 60 （6）未来如相关证券的交易、结算规则发生改变，或上海证券交易所、登记结算机 构有关申购赎回交易结算规则发生改变，或基金管理人与基金托管人之间的结算相关安排 发生改变等，基金管理人可对上述相关现金替代处理规则进行调整，并按规定公告。 4、预估现金部分相关内容 预估现金部分是指为便于计算基金份额参考净值及申购赎回代理券商预先冻结申请申 购、赎回的投资者的相应资金，由基金管理人计算的现金数额。 T 日申购赎回清单中公告 T 日预估现金部分。其计算公式为： T 日预估现金部分＝T-1 日最小申购、赎回单位的基金资产净值－（申购赎回清单中必 须现金替代证券的替代金额+申购赎回清单中可以现金替代证券的数量、经调整后的 T-1 日 收盘价以及 T-1 日估值汇率的乘积之和） 如果 T-1 日至 T 日期间,申购现金替代保证金的处理程序 T 日，基金管理人在申购赎回清单中公布现金替代溢价比例，并据此收取申购现金替 代保证金。 基金管理人在 T+1 日内购入组合证券中被替代的香港证券。基金管理人有权在 T+1 日 内任意时刻，以收到的申购替代金额代投资者购入组合证券中被替代的香港证券的任意数 58 量。对于确认成功的 T 日申购申请，基金管理人可以通过在香港市场交易或港股通等方式 代投资者买入相关证券。正常情况下，对于确认成功的T日申购申请，基金管理人根据T+1 日所购入的被替代证券的实际单位购入成本（包括买入价格与相关费用，折算为人民币， 折算汇率采用基金管理人和基金托管人商定的汇率公允价，汇率公允价包括中国人民银行 或其授权机构公布的人民币汇率中间价、中国外汇交易中心参考汇率、中国外汇交易中心 收盘价、与基金托管人商定的其他公允价格等）和未购入的被替代证券 T+1 日收盘价（折 算为人民币，折算汇率采用基金管理人和基金托管人商定的汇率公允价，汇率公允价包括 中国人民银行或其授权机构公布的人民币汇率中间价、中国外汇交易中心参考汇率、中国 外汇交易中心收盘价、与基金托管人商定的其他公允价格等；被替代证券 T+1 日在证券交 易所无交易的，取最近交易日的收盘价）计算被替代证券的单位结算成本，在此基础上根 据替代证券数量和申购现金替代保证金确定基金应退还投资者或投资者应补交的款项，若 T日后至T+1日期间发生除息、送股（转增）、配股等重要权益变动，则进行相应调整。正 常情况下，T+1日后的第3个港股通交易日内，基金管理人将香港证券的应退款或补款与相 关申购赎回代理券商办理交收。当交收期间出现港股通交易日为非港股通交收日时，款项 交收日期顺延。若发生特殊情况，基金管理人可以对交收日期进行相应调整。 如遇证券长期停牌、流动性不足等可能导致收盘价或最后成交价不公允的特殊情况， 可参照证券的估值价格，对结算价格进行调整，如果基金管理人认为该证券复牌后的价格 可能存在较大波动，且可能对基金资产净值产生较大影响，为了更好的维护持有人利益， 该证券对应的现金替代退补款的清算交收可按照其复牌后实际交易成本或者基金管理人认 为合理的价格办理，在此期间若该证券发生除息、送股（转增）、配股等重要权益变动， 则进行相应调整。 4）赎回替代金额的处理程序 基金管理人在 T+1 日内卖出组合证券中被替代的香港证券。基金管理人有权在 T+1 日 内任意时刻代投资者卖出组合证券中被替代的香港证券的任意数量。对于确认成功的 T 日 赎回申请，基金管理人可以通过在香港市场交易或港股通等方式代投资者卖出相关证券。 正常情况下，对于确认成功的 T 日赎回申请，基金管理人根据 T+1 日所卖出的被替代证券 的实际单位卖出金额（扣除相关费用，折算为人民币，折算汇率采用基金管理人和基金托 管人商定的汇率公允价，汇,赎回替代金额的处理程序 基金管理人在 T+1 日内卖出组合证券中被替代的香港证券。基金管理人有权在 T+1 日 内任意时刻代投资者卖出组合证券中被替代的香港证券的任意数量。对于确认成功的 T 日 赎回申请，基金管理人可以通过在香港市场交易或港股通等方式代投资者卖出相关证券。 正常情况下，对于确认成功的 T 日赎回申请，基金管理人根据 T+1 日所卖出的被替代证券 的实际单位卖出金额（扣除相关费用，折算为人民币，折算汇率采用基金管理人和基金托 管人商定的汇率公允价，汇率公允价包括中国人民银行或其授权机构公布的人民币汇率中 间价、中国外汇交易中心参考汇率、中国外汇交易中心收盘价、与基金托管人商定的其他 59 公允价格等）和未卖出的被替代证券 T+1 日收盘价（折算为人民币，折算汇率采用基金管 理人和基金托管人商定的汇率公允价，汇率公允价包括中国人民银行或其授权机构公布的 人民币汇率中间价、中国外汇交易中心参考汇率、中国外汇交易中心收盘价、与基金托管 人商定的其他公允价格等；被替代证券 T+1 日在证券交易所无交易的，取最近交易日的收 盘价）计算被替代证券的单位结算金额，在此基础上根据替代证券数量确定赎回替代金额， 若T日后至T+1日期间发生除息、送股（转增）、配股等重要权益变动，则进行相应调整。 正常情况下，T+1日后的第3个港股通交易日后的一个工作日内，基金管理人将应支付的赎 回替代金额与相关申购赎回代理券商办理交收。当交收期间出现港股通交易日为非港股通 交收日时，款项交收日期顺延。若发生特殊情况，基金管理人可以对交收日期进行相应调 整。 如遇证券长期停牌、流动性不足等可能导致收盘价或最后成交价不公允的特殊情况， 可参照证券的估值价格，对结算价格进行调整，如果基金管理人认为该证券复牌后的价格 可能存在较大波动，且可能对基金资产净值产生较大影响，为了更好的维护持有人利益， 该证券对应的现金替代款的清算交收可按照其复牌后实际交易成本或者基金管理人认为合 理的价格办理，在此期间若该证券发生除息、送股（转增）、配股等重要权益变动，则进 行相应调整。 （3）必须现金替代 1）适用情形：必须现金替代的证券一般是由于标的指数调整、即将被剔除的成份证券； 法律法规限制投资的证券；或基金管理人出于保护基金份额持有人利益等原因认为有必要 实行必须现金替代的证券。 2）替代金额：对于必须现金替代的证券，基金管理人将在申购赎回清单中公告替代的 一定数量的现金。必须替代金额的计算方法为申购赎回清单中该证券的数量乘以其经调整 后的 T-1 日收盘价并按照 T-1 日估值汇率换算或基金管理人认为合理的其他方法。 （4）在系统支持的情况下，对于 T 日的申购赎回申请，基金管理人有权进行轧差处 理，针对净申购，购入净申购份额对应的组合证券中被替代的香港证券，针对净赎回，卖 出净赎回份额对应的组,规则流程后方可参与本基金的 认购、申购、赎回及交易。投资者一旦认购、申购或赎回本基金，即表示对基金认购、申 购和赎回所涉及的登记方式以及申购赎回所涉及现金替代、现金差额等相关的交收方式及 业务规则已经认可。 8、本基金由易方达基金管理有限公司独立管理，未聘请境外投资顾问。 9、基金管理人提醒投资者基金投资的“买者自负”原则，在投资者作出投资决策后， 基金运营状况与基金净值变化引致的投资风险，由投资者自行负责。此外，本基金以 1 元 初始面值进行募集，在市场波动等因素的影响下，存在单位份额净值跌破 1 元初始面值的 风险。 10、基金不同于银行储蓄，基金投资人投资于基金有可能获得较高的收益，也有可能 损失本金。投资有风险，投资人在进行投资决策前，请仔细阅读本基金的《招募说明书》 及《基金合同》。 11、基金的过往业绩并不预示其未来表现，基金管理人管理的其他基金的业绩并不构 成对本基金表现的保证。 本基金有关财务数据截止日为 2025 年 12 月 31 日，净值表现截止日为 2025 年 12 月 31 日，主要人员情况截止日为 2026 年 1 月 30日，除非另有说明，本招募说明书其他所载 内容截止日为 2025 年12 月16 日。（本报告中财务数据未经审计） I 目 录 第一部分 绪 言..................................................... 1 第二部分 释 义..................................................... 2 第三部分 风险揭示,/Users/ellis/工具程序开发/港股通逐标的分析/临时数据/513210/513210_更新招募说明书_20260131.txt
34,159268,汇添富国证港股通消费主题ETF,汇添富国证港股通消费主题交易型开放式指数证券投资基金更新招募说明书(2026年8月10日更新),2026-08-10,要求完成风险承受能力与产品风险之间的匹配 检验。 在目前结算规则下，投资者当日申购的基金份额，清算交收完成后方可卖 出和赎回，即T 日申购的基金份额且日间完成 RTGS（实时逐笔全额结算）交收 的，T 日可卖出和赎回，而 T 日申购的基金份额且日终完成逐笔全额非担保交 收的，T+1 日方可卖出和赎回；T 日竞价买入的基金份额，T 日可以卖出或赎 回；T 日大宗买入的基金份额，T 日可以大宗卖出，T+1 日可以竞价卖出或赎 回。 投资者投资于本基金前请认真阅读证券交易所和登记机构关于 ETF 的相关 业务规则及其不时的更新，确保具备相关专业知识、清楚了解相关规则流程后 方可参与本基金的申购、赎回及交易。投资者一旦认购、申购或赎回本基金， 即表示对基金认购、申购和赎回所涉及的基金份额,,申购替代金额的处理程序 在 T 日 （指港股通交易日） 内， 基金管理人以收到的替代金额代投资者买入 被替代证券。 基金管理人有权在T 日 （指港股通交易日） 内任意时刻以收到的替 代金额代投资者买入小于等于被替代证券数量的任意数量的被替代证券。 基金管 理人有权根据基金投资的需要自主决定不买入部分被替代证券， 或者不进行任何 买入证券的操作。T 日（指港股通交易日）日终，基金管理人根据所购入的被替 代证券的实际单位购入成本 （包括买入价格与相关费用） 和未买入的被替代证券 的 T 日（指港股通交易日）收盘价（折算为人民币）；T 日（指港股通交易日） 在证券交易所无交易的， 取最近交易日的收盘价； 交易日无收盘价的， 取最后成 交价） 计算被替代证券的单位结算成本， 在此基础上根据替代证券数量和申购替 代金额确定基金应退还投资者或投资者应补交的款项。T 日（指港股通交易日） 后的第2 个港股通交易日后的 3 个工作日内， 基金管理人将应退款或补款与相关 申购赎回代理券商办理交收。在此期间若该证券发生除息、送股（转增）、配股 等重要权益变动，则进行相应调整。 当出现半日港股通交易日、 因为风球等因素引发临时停市或港股通每日额度 不足等特殊情况时， 计算并确定被替代证券的单位结算成本的时间将顺延， 款项 汇添富国证港股通消费主题交易型开放式指数证券投资基金 更新招募说明书 47 交收的日期也顺延。 如遇证券长期停牌、 流动性不足等可能导致收盘价或最后成 交价不公允的特殊情况， 可参照证券的估值价格， 对结算价格进行调整， 如果基 金管理人认为该证券复牌后的价格可能存在较大波动， 且可能对基金资产净值产 生较大影响， 为了更好的维护基金份额持有人利益， 该证券对应的现金替代款的 清算交收可在其复牌后按照实际交易成本办理。 在此期间若该证券发生除息、 送 股（转增）、配股等重要权益变动，则进行相应调整。 4）赎回替代金额的处理程序 在 T 日 （指港股通交易日） 内， 基金管理人根据赎回申请代投资者卖出被替 代证券。 基金管理人有权在T 日 （指港股通交易日） 内任意时刻代投资者卖出小 于等于被替代证券数量的任意数量的被替代证券。 基金管理人有权根据基金投资 的需要自主决定不卖出部分被替代证券，或者不进行任何卖出证券的操作。T 日 （指港股通交易日） 日终， 基金管理人根据所卖出的被替代证券的实际单位卖出 金额 （扣除相关费用） 和未卖出的被替代证券的T 日 （指港股通交易日） 收盘价 （折算为人民币） ； 被替代证券T 日 （指港股通交易日） 在证券交易所无交易的， 取最近交易日的收盘价； 交易日无收盘价的， 取最后成交价） 计算被替代证券的 单位结算金额，在此基础上根据替代证券数量确定赎回替代金额。T 日（指港股 通交易日） 后的第2 个港股通交收日后的3 个工,替代金额的处理程序 在 T 日 （指港股通交易日） 内， 基金管理人以收到的替代金额代投资者买入 被替代证券。 基金管理人有权在T 日 （指港股通交易日） 内任意时刻以收到的替 代金额代投资者买入小于等于被替代证券数量的任意数量的被替代证券。 基金管 理人有权根据基金投资的需要自主决定不买入部分被替代证券， 或者不进行任何 买入证券的操作。T 日（指港股通交易日）日终，基金管理人根据所购入的被替 代证券的实际单位购入成本 （包括买入价格与相关费用） 和未买入的被替代证券 的 T 日（指港股通交易日）收盘价（折算为人民币）；T 日（指港股通交易日） 在证券交易所无交易的， 取最近交易日的收盘价； 交易日无收盘价的， 取最后成 交价） 计算被替代证券的单位结算成本， 在此基础上根据替代证券数量和申购替 代金额确定基金应退还投资者或投资者应补交的款项。T 日（指港股通交易日） 后的第2 个港股通交易日后的 3 个工作日内， 基金管理人将应退款或补款与相关 申购赎回代理券商办理交收。在此期间若该证券发生除息、送股（转增）、配股 等重要权益变动，则进行相应调整。 当出现半日港股通交易日、 因为风球等因素引发临时停市或港股通每日额度 不足等特殊情况时， 计算并确定被替代证券的单位结算成本的时间将顺延， 款项 汇添富国证港股通消费主题交易型开放式指数证券投资基金 更新招募说明书 47 交收的日期也顺延。 如遇证券长期停牌、 流动性不足等可能导致收盘价或最后成 交价不公允的特殊情况， 可参照证券的估值价格， 对结算价格进行调整， 如果基 金管理人认为该证券复牌后的价格可能存在较大波动， 且可能对基金资产净值产 生较大影响， 为了更好的维护基金份额持有人利益， 该证券对应的现金替代款的 清算交收可在其复牌后按照实际交易成本办理。 在此期间若该证券发生除息、 送 股（转增）、配股等重要权益变动，则进行相应调整。 4）赎回替代金额的处理程序 在 T 日 （指港股通交易日） 内， 基金管理人根据赎回申请代投资者卖出被替 代证券。 基金管理人有权在T 日 （指港股通交易日） 内任意时刻代投资者卖出小 于等于被替代证券数量的任意数量的被替代证券。 基金管理人有权根据基金投资 的需要自主决定不卖出部分被替代证券，或者不进行任何卖出证券的操作。T 日 （指港股通交易日） 日终， 基金管理人根据所卖出的被替代证券的实际单位卖出 金额 （扣除相关费用） 和未卖出的被替代证券的T 日 （指港股通交易日） 收盘价 （折算为人民币） ； 被替代证券T 日 （指港股通交易日） 在证券交易所无交易的， 取最近交易日的收盘价； 交易日无收盘价的， 取最后成交价） 计算被替代证券的 单位结算金额，在此基础上根据替代证券数量确定赎回替代金额。T 日（指港股 通交易日） 后的第2 个港股通交收日后的3 个工作日,可参与本基金的申购、赎回及交易。投资者一旦认购、申购或赎回本基金， 即表示对基金认购、申购和赎回所涉及的基金份额的证券变更登记方式以及申 购赎回所涉及现金替代、现金差额等相关的交收方式已经认可。 汇添富国证港股通消费主题交易型开放式指数证券投资基金 更新招募说明书 4 投资有风险， 投资者在进行投资决策前， 请仔细阅读本基金的 《招募说明书》 、 《基金合同》 、 基金产品资料概要等信息披露文件， 并根据自身的投资目的、 投 资期限、投资经验、资产状况等判断基金是否和投资者的风险承受能力相适应， 自主判断基金的投资价值，自主做出投资决策，自行承担投资风险。 基金的过往业绩并不预示其未来表现， 基金管理人管理的其他基金的业绩也 不构成对本基金业绩表现的保证。 基金管理人依照恪尽职守、 诚实信用、 谨慎勤勉的原则管理和运用基金财产， 但不保证投资于本基金一定盈利，也不保证最低收益。 基金管理人提醒投资者基金投资的“买者自负”原则， 在投资者作出投资决 策后，基金运营状况与基金净值变化导致的投资风险，由投资者自行负担。 本次招募说明书更新主要涉及基金管理人 章节 ，更新所载内容截止日为 2026 年 8 月 7 日，有关财务数据和净值表现截止日为 2026 年 3 月 31 日。 汇添富国证港股通消费主题交易型开放式指数证券投资基金 更新招募说明书 5 第一部分 绪言 本招募说明书依据《中华人民共和国证券投资基金法》(以下简称“《基金 法》”)、 《公开募集证券投资基金运作管理办法》(以下简称“《运作办法》”)、 《公开募集证券投资基金销售机构监督管理,/Users/ellis/工具程序开发/港股通逐标的分析/临时数据/159268/159268_更新招募说明书_20260810.txt
35,520560,华宝港股通恒生中国(香港上市)30ETF,华宝港股通恒生中国(香港上市)30交易型开放式指数证券投资基金招募说明书(更新),2026-09-03,，投资者当日申购的基金份额，清算交收完成后方可卖出和赎回。本基金申购 业务采用实时逐笔全额结算（Real Time Gross Settlement，以下简称 RTGS）模式，投资者 T 日申购 后，如交易记录已勾单且申购资金足额的，登记机构在 T 日日间实时办理基金份额及现金替代的交 收；T 日日间未进行勾单确认或日间资金不足的，登记机构在 T 日日终根据资金是否足额办理基金份 额及现金替代的清算交收。 在目前的业务规则下，投资者投资本基金时需具有上海证券交易所 A 股账户或基金账户。其中， 上海证券交易所基金账户只能进行基金的现金认购和二级市场交易。 本基金可参与股指期货交易，可能面临杠杆风险、基差风险、股指期货展期时的流动性风险、期 货盯市结算制度带来的现金管理风险、到期日,,替代金额的处理程序 基金管理人在 T 日以收到的替代金额代投资者买入被替代证券。基金管理人有权根据基金投资的 需要自主决定不买入部分被替代证券，或者不进行任何买入被替代证券的操作。对于确认成功的 T 日 申购申请，T+1 日内基金管理人根据申购规模进行组合证券的代理买入，通常情况下代理买入在 T 日 完成。基金管理人根据所购入的被替代证券的实际单位购入成本（包括买入价格与相关费用）和未买 入的被替代证券的 T 日收盘价（折算为人民币，折算汇率采用当天的估值汇率；T 日在证券交易所无 交易的，取最近交易日的收盘价；交易日无收盘价的，取最后成交价）计算被替代证券的单位结算成 华宝港股通恒生中国（香港上市）30 交易型开放式指数证券投资基金招募说明书（更新） 30 本，在此基础上根据替代证券数量和申购现金替代保证金确定基金应退还投资者或投资者应补交的款 项。T 日后的第 2 个港股通交收日后的第 1 个工作日内，基金管理人将应退款或补款与相关申购赎回 代理机构办 理交收。若发生特殊情况，基金管理人可以对交收日期进行相应调整。 如遇港股通临时停市、港股通交易每日额度或总额度不足等特殊情况，组合证券的代理买入及结 算价格可依次顺延至下一港股通交易日直至交易正常。如遇证券长期停牌、流动性不足等可能导致收 盘价或最后成交价不公允的特殊情况，可参照证券的估值价格，对结算价格进行调整，如果基金管理 人认为该证券复牌后的价格可能存在较大波动，且可能对基金资产净值产生较大影响，为了更好的维 护持有人利益，该证券对应的现金替代款的清算交收可在其复牌后按照实际交易成本办理。在此期间 若该证券发生除息、送股（转增）、配股等重要权益变动，则进行相应调整。 基金管理人在 T 日根据赎回申请代投资者卖出被替代证券。基金管理人有权根据基金投资的需要 自主决定不卖出部分被替代证券，或者不进行任何卖出被替代证券的操作。对于确认成功的 T 日赎回 申请，T+1 日内，基金管理人根据赎回规模进行组合证券的代理卖出。基金管理人根据所卖出的被替 代证券的实际单位卖出金额（扣除相关费用）和未卖出的被替代证券的 T 日收盘价（折算为人民币， 折算汇率采用当天的估值汇率；被替代证券 T 日在证券交易所无交易的，取最近交易日的收盘价；交 易日无收盘价的，取最后成交价）计算被替代证券的单位结算金额，在此基础上根据替代证券数量确 定赎回替代金额。 T 日后的第 3 个港股通交收日后的第 1 个工作日内，基金管理人将应支付的赎回替代金额与相关 申购赎回代理机构办理交收。若发生特殊情况，基金管理人可以对交收日期进行相应调整。 如遇港股通临时停市、港股通交易每日额度或总额度不足等特殊情况，组合证券的代理卖出及结 算价格可依次顺延至下一港股通交易日直至交易正常。如遇证券长期停牌、流动性不足等可能导致收 盘价或最后成交价不公允,替代金额的处理程序 基金管理人在 T 日以收到的替代金额代投资者买入被替代证券。基金管理人有权根据基金投资的 需要自主决定不买入部分被替代证券，或者不进行任何买入被替代证券的操作。对于确认成功的 T 日 申购申请，T+1 日内基金管理人根据申购规模进行组合证券的代理买入，通常情况下代理买入在 T 日 完成。基金管理人根据所购入的被替代证券的实际单位购入成本（包括买入价格与相关费用）和未买 入的被替代证券的 T 日收盘价（折算为人民币，折算汇率采用当天的估值汇率；T 日在证券交易所无 交易的，取最近交易日的收盘价；交易日无收盘价的，取最后成交价）计算被替代证券的单位结算成 华宝港股通恒生中国（香港上市）30 交易型开放式指数证券投资基金招募说明书（更新） 30 本，在此基础上根据替代证券数量和申购现金替代保证金确定基金应退还投资者或投资者应补交的款 项。T 日后的第 2 个港股通交收日后的第 1 个工作日内，基金管理人将应退款或补款与相关申购赎回 代理机构办 理交收。若发生特殊情况，基金管理人可以对交收日期进行相应调整。 如遇港股通临时停市、港股通交易每日额度或总额度不足等特殊情况，组合证券的代理买入及结 算价格可依次顺延至下一港股通交易日直至交易正常。如遇证券长期停牌、流动性不足等可能导致收 盘价或最后成交价不公允的特殊情况，可参照证券的估值价格，对结算价格进行调整，如果基金管理 人认为该证券复牌后的价格可能存在较大波动，且可能对基金资产净值产生较大影响，为了更好的维 护持有人利益，该证券对应的现金替代款的清算交收可在其复牌后按照实际交易成本办理。在此期间 若该证券发生除息、送股（转增）、配股等重要权益变动，则进行相应调整。 基金管理人在 T 日根据赎回申请代投资者卖出被替代证券。基金管理人有权根据基金投资的需要 自主决定不卖出部分被替代证券，或者不进行任何卖出被替代证券的操作。对于确认成功的 T 日赎回 申请，T+1 日内，基金管理人根据赎回规模进行组合证券的代理卖出。基金管理人根据所卖出的被替 代证券的实际单位卖出金额（扣除相关费用）和未卖出的被替代证券的 T 日收盘价（折算为人民币， 折算汇率采用当天的估值汇率；被替代证券 T 日在证券交易所无交易的，取最近交易日的收盘价；交 易日无收盘价的，取最后成交价）计算被替代证券的单位结算金额，在此基础上根据替代证券数量确 定赎回替代金额。 T 日后的第 3 个港股通交收日后的第 1 个工作日内，基金管理人将应支付的赎回替代金额与相关 申购赎回代理机构办理交收。若发生特殊情况，基金管理人可以对交收日期进行相应调整。 如遇港股通临时停市、港股通交易每日额度或总额度不足等特殊情况，组合证券的代理卖出及结 算价格可依次顺延至下一港股通交易日直至交易正常。如遇证券长期停牌、流动性不足等可能导致收 盘价或最后成交价不公允,易所上市。由于本基金的标的 指数组合证券为港股通标的股票，本基金采用现金申购赎回方式，即全现金替代，基金管理人代买代 卖的模式，申购对价、赎回对价包括现金替代、现金差额及其他对价。未来在上海证券交易所和登记 机构系统允许的情况下，本基金可采用部分或全部组合证券申购赎回方式，申购对价、赎回对价包括 组合证券、现金替代、现金差额及其他对价，并在实施前依照有关规定在规定媒介上予以公告。 华宝港股通恒生中国（香港上市）30 交易型开放式指数证券投资基金招募说明书（更新） 在目前结算规则下，投资者当日申购的基金份额，清算交收完成后方可卖出和赎回。本基金申购 业务采用实时逐笔全额结算（Real Time Gross Settlement，以下简称 RTGS）模式，投资者 T 日申购 后，如交易记录已勾单且申购资金足额的，登记机构在 T 日日间实时办理基金份额及现金替代的交 收；T 日日间未进行勾单确认或日间资金不足的，登记机构在 T 日日终根据资金是否足额办理基金份 额及现金替代的清算交收。 在目前的业务规则下，投资者投资本基金时需具有上海证券交易所 A 股账户或基金账户。其中， 上海证券交易所基金账户只能进行基金的现金认购和二级市场交易。 本基金可参与股指期货交易，可能面临杠杆风险、基差风险、股指期货展期时的流动性风险、期 货盯市结算制度带来的现金管理风险、到期日风险、对手方风险、连带风险、未平仓合约不能继续持 有风险等。 本基金的投资范围包括资产支持证券。资产支持证券存在信用风险、利率风险、流动性风险、提 前偿付风险、操作风险和法律风险等。 本基金可参与,/Users/ellis/工具程序开发/港股通逐标的分析/临时数据/520560/520560_更新招募说明书_20260903.txt
36,159776,银华中证港股通医药卫生综合ETF,银华中证港股通医药卫生综合交易型开放式指数证券投资基金招募说明书更新(2025年第1号),2025-11-28,记结算有限责任公司修改或更新上述规则或新 增设相关规则并适用于本基金的，则按照新的规则执行，并在招募说明书中进行更 新。 本基金现金申购业务中的现金替代日间实行RTGS交收，日间未完成交收的，日 终统一进行逐笔全额非担保交收；现金赎回业务中的现金替代采用代收代付处理； 现金申购、赎回业务涉及的现金差额和现金替代退补款采用代收代付处理。 正常情况下，投资者T日提交的现金申购申请受理后，登记机构对ETF申购对应 的份额和现金替代，日间实行RTGS交收，上述份额和现金替代日间未完成交收的， 日终统一进行逐笔全额非担保交收，登记机构在T日办理基金份额及现金替代的清 算交收，并将结果发送给基金管理人、申购赎回代理券商和基金托管人。基金管理 人在T+2日办理现金差额的清算交收。 投资者T日提,,申购替代金额的处理程序 对于确认成功的T日现金申购申请，T日（指开放日）内基金管理人根据申购规 模进行组合证券的代理买入，通常情况下代理买入在T日（指开放日）完成。T日 （指开放日）日终，基金管理人根据所购入的被替代证券的实际单位购入成本（包 括买入价格与相关费用，折算为人民币）和未买入的被替代证券的T日（指开放 日）收盘价（折算为人民币，折算汇率采用当天的估值汇率；T日（指开放日）在 证券交易所无交易的，取最近交易日的收盘价；交易日无收盘价的，取最后成交 价）计算被替代证券的单位结算成本，在此基础上根据替代证券数量和申购现金替 代金额确定基金应退还投资者或投资者应补交的款项。正常情况下，T+5日（指开 放日）内基金管理人将应退款或补款与相关申购赎回代理券商办理交收。若发生特 殊情况，基金管理人可以对以上交收日期进行相应调整。 如遇港股通临时停市、港股通交易每日额度或总额度不足等特殊情况，组合证 券的代理买入及结算价格可依次顺延至下一港股通交易日直至交易正常。如遇证券 长期停牌、流动性不足等可能导致收盘价或最后成交价不公允的特殊情况，可参照 证券的估值价格，对结算价格进行调整，如果基金管理人认为该证券复牌后的价格 可能存在较大波动，且可能对基金资产净值产生较大影响，为了更好地维护持有人 利益，该证券对应的现金替代款的清算交收可在其复牌后按照实际交易成本办理。 55 银华中证港股通医药卫生综合交易型开放式指数证券投资基金招募说明书更新(2025 年第 1 号) 在此期间若该证券发生除息、送股（转增）、配股等重要权益变动，则进行相应调 整。 ③赎回对应的替代金额 赎回时，对于可以现金替代的证券，替代金额为扣除相关费用后的该证券的卖 出价值（或证券实际结算价值）。 ④赎回替代金额的处理程序 对于确认成功的T日赎回申请，T日（指开放日）内基金管理人根据赎回规模进 行组合证券的代理卖出，通常情况下代理卖出在T日（指开放日）完成。T日（指开 放日）日终，基金管理人根据所卖出的被替代证券的实际单位卖出金额（扣除相关 费用）和未卖出的被替代证券的T日（指开放日）收盘价（折算为人民币，折算汇 率采用当天的估值汇率；被替代证券T日（指开放日）在证券交易所无交易的，取 最近交易日的收盘价；交易日无收盘价的，取最后成交价）计算被替代证券的单位 结算金额，在此基础上根据替代证券数量确定赎回替代金额。正常情况下，T+7日 （指开放日）内基金管理人将应支付的赎回替代金额与相关申购赎回代理券商办理 交收。若发生特殊情况，基金管理人可以对以上交收日期进行相应调整。 如遇港股通临时停市等特殊情况，组合证券的代理卖出及结算价格可依次顺延 至下一港股通交易日直至交易正常。如遇证券长期停牌、流动性不足等可能导致收 盘价或最后成交价不公允的特殊情况，可参照证券的估值价格，对结算价格进行调 整，如果基金,替代金额的处理程序 对于确认成功的T日现金申购申请，T日（指开放日）内基金管理人根据申购规 模进行组合证券的代理买入，通常情况下代理买入在T日（指开放日）完成。T日 （指开放日）日终，基金管理人根据所购入的被替代证券的实际单位购入成本（包 括买入价格与相关费用，折算为人民币）和未买入的被替代证券的T日（指开放 日）收盘价（折算为人民币，折算汇率采用当天的估值汇率；T日（指开放日）在 证券交易所无交易的，取最近交易日的收盘价；交易日无收盘价的，取最后成交 价）计算被替代证券的单位结算成本，在此基础上根据替代证券数量和申购现金替 代金额确定基金应退还投资者或投资者应补交的款项。正常情况下，T+5日（指开 放日）内基金管理人将应退款或补款与相关申购赎回代理券商办理交收。若发生特 殊情况，基金管理人可以对以上交收日期进行相应调整。 如遇港股通临时停市、港股通交易每日额度或总额度不足等特殊情况，组合证 券的代理买入及结算价格可依次顺延至下一港股通交易日直至交易正常。如遇证券 长期停牌、流动性不足等可能导致收盘价或最后成交价不公允的特殊情况，可参照 证券的估值价格，对结算价格进行调整，如果基金管理人认为该证券复牌后的价格 可能存在较大波动，且可能对基金资产净值产生较大影响，为了更好地维护持有人 利益，该证券对应的现金替代款的清算交收可在其复牌后按照实际交易成本办理。 55 银华中证港股通医药卫生综合交易型开放式指数证券投资基金招募说明书更新(2025 年第 1 号) 在此期间若该证券发生除息、送股（转增）、配股等重要权益变动，则进行相应调 整。 ③赎回对应的替代金额 赎回时，对于可以现金替代的证券，替代金额为扣除相关费用后的该证券的卖 出价值（或证券实际结算价值）。 ④赎回替代金额的处理程序 对于确认成功的T日赎回申请，T日（指开放日）内基金管理人根据赎回规模进 行组合证券的代理卖出，通常情况下代理卖出在T日（指开放日）完成。T日（指开 放日）日终，基金管理人根据所卖出的被替代证券的实际单位卖出金额（扣除相关 费用）和未卖出的被替代证券的T日（指开放日）收盘价（折算为人民币，折算汇 率采用当天的估值汇率；被替代证券T日（指开放日）在证券交易所无交易的，取 最近交易日的收盘价；交易日无收盘价的，取最后成交价）计算被替代证券的单位 结算金额，在此基础上根据替代证券数量确定赎回替代金额。正常情况下，T+7日 （指开放日）内基金管理人将应支付的赎回替代金额与相关申购赎回代理券商办理 交收。若发生特殊情况，基金管理人可以对以上交收日期进行相应调整。 如遇港股通临时停市等特殊情况，组合证券的代理卖出及结算价格可依次顺延 至下一港股通交易日直至交易正常。如遇证券长期停牌、流动性不足等可能导致收 盘价或最后成交价不公允的特殊情况，可参照证券的估值价格，对结算价格进行调 整，如果基金管理,人编制的用以公告申购对价、赎回对价等信 息的文件 50、申购对价：指投资人申购基金份额时，按基金合同和招募说明书规定应交 付的组合证券（如系统支持）、现金替代、现金差额及其他对价 51、赎回对价：指基金份额持有人赎回基金份额时，基金管理人按基金合同和 招募说明书规定应交付给赎回人的组合证券（如系统支持）、现金替代、现金差额 及其他对价 52、标的指数：指中证指数有限公司编制并发布的中证港股通医药卫生综合指 数及其未来可能发生的变更，或基金管理人根据需要更换的其他指数 53、组合证券：指本基金标的指数所包含的全部或部分证券 54、最小申购赎回单位：指本基金申购份额、赎回份额的最低数量，投资人申 购或赎回的基金份额数应为最小申购赎回单位的整数倍 55、现金替代：指申购或赎回过程中，投资人按基金合同和招募说明书的规 定，用于替代组合证券中全部或部分证券的一定数量的现金 56、现金差额：指最小申购赎回单位的资产净值与按当日收盘价计算的最小申 购赎回单位中的组合证券市值和现金替代之差；投资人申购或赎回时应支付或应获 得的现金差额根据最小申购赎回单位对应的现金差额、申购或赎回的基金份额数计 11 银华中证港股通医药卫生综合交易型开放式指数证券投资基金招募说明书更新(2025 年第 1 号) 算 57、预估现金差额：指由基金管理人估计并在T日申购赎回清单中公布的当日 现金差额的预估值，预估现金差额由申购赎回代理券商预先冻结 58、元：指人民币元 59、基金利润：指基金利息收入、投资收益、公允价值变动收益和其他收入扣 除相关费用后的余额 60、基金资产总值：指基,/Users/ellis/工具程序开发/港股通逐标的分析/临时数据/159776/159776_更新招募说明书_20251128.txt
37,159137,华宝中证港股通医疗主题ETF,华宝中证港股通医疗主题交易型开放式指数证券投资基金招募说明书,2025-12-03,下，投资者当日申购的基金份额，清算交收完成后方可卖出和赎回。本 基金申购业务采用实时逐笔全额结算（Real Time Gross Settlement，以下简称RTGS）模式， 投资者T日申购后，如交易记录已勾单且申购资金足额的，登记机构在T日日间实时办理基金 份额及现金替代的交收；T日日间未进行勾单确认或日间资金不足的，登记机构在T日日终根 据资金是否足额办理基金份额及现金替代的清算交收。 在目前的业务规则下，投资者投资本基金时需具有深圳证券交易所A股账户或基金账户。 其中，深圳证券交易所基金账户只能进行基金的现金认购和二级市场交易，如投资人需要参 与基金的申购、赎回，则应开立深圳证券交易所A股账户。 投资者在进行投资决策前，请仔细阅读本基金的招募说明书、基金合同及基金产品资,,替代金额的处理程序 36 对于确认成功的 T 日申购申请，T+1 日内基金管理人根据申购规模进行组合证券的代理 买入。基金管理人有权根据基金投资的需要自主决定不买入部分被替代证券，或者不进行任 何买入被替代证券的操作。基金管理人根据所购入的被替代证券的实际单位购入成本（包括 买入价格与相关费用）和未买入的被替代证券的 T 日收盘价（折算为人民币，折算汇率采用 当天的估值汇率；T 日在证券交易所无交易的，取最近交易日的收盘价；交易日无收盘价的， 取最后成交价）计算被替代证券的单位结算成本，在此基础上根据替代证券数量和申购现金 替代保证金确定基金应退还投资者或投资者应补交的款项。正常情况下，T 日后的第 2 个港 股通交收日后的第 1 个工作日内，基金管理人将应退款或补款与相关申购赎回代理机构办理 交收。若发生特殊情况，基金管理人可以对交收日期进行相应调整。 如遇港股通临时停市、港股通交易每日额度或总额度不足等特殊情况，组合证券的代理 买入及结算价格可依次顺延至下一港股通交易日直至交易正常。如遇证券长期停牌、流动性 不足等可能导致收盘价或最后成交价不公允的特殊情况，可参照证券的估值价格，对结算价 格进行调整，如果基金管理人认为该证券复牌后的价格可能存在较大波动，且可能对基金资 产净值产生较大影响，为了更好的维护持有人利益，该证券对应的现金替代款的清算交收可 在其复牌后按照实际交易成本办理。在此期间若该证券发生除息、送股（转增）、配股等重 要权益变动，则进行相应调整。 对于确认成功的 T 日赎回申请，T+1 日内，基金管理人根据赎回规模进行组合证券的代 理卖出。基金管理人有权根据基金投资的需要自主决定不卖出部分被替代证券，或者不进行 任何卖出被替代证券的操作。基金管理人根据所卖出的被替代证券的实际单位卖出金额（扣 除相关费用）和未卖出的被替代证券的 T 日收盘价（折算为人民币，折算汇率采用当天的估 值汇率；被替代证券 T 日在证券交易所无交易的，取最近交易日的收盘价；交易日无收盘价 的，取最后成交价）计算被替代证券的单位结算金额，在此基础上根据替代证券数量确定赎 回替代金额。 正常情况下，T 日后的第 3 个港股通交收日后的第 1 个工作日内，基金管理人将应支付 的赎回替代金额与相关申购赎回代理机构办理交收。若发生特殊情况，基金管理人可以对交 收日期进行相应调整。 如遇港股通临时停市、港股通交易每日额度或总额度不足等特殊情况，组合证券的代理 卖出及结算价格可依次顺延至下一港股通交易日直至交易正常。如遇证券长期停牌、流动性 不足等可能导致收盘价或最后成交价不公允的特殊情况，可参照证券的估值价格，对结算价 格进行调整，如果基金管理人认为该证券复牌后的价格可能存在较大波动，且可能对基金资 产净值产生较大影响，为了更好的维护持有人利益，该证券对应的现金替代款的清算交收可 ,替代金额的处理程序 36 对于确认成功的 T 日申购申请，T+1 日内基金管理人根据申购规模进行组合证券的代理 买入。基金管理人有权根据基金投资的需要自主决定不买入部分被替代证券，或者不进行任 何买入被替代证券的操作。基金管理人根据所购入的被替代证券的实际单位购入成本（包括 买入价格与相关费用）和未买入的被替代证券的 T 日收盘价（折算为人民币，折算汇率采用 当天的估值汇率；T 日在证券交易所无交易的，取最近交易日的收盘价；交易日无收盘价的， 取最后成交价）计算被替代证券的单位结算成本，在此基础上根据替代证券数量和申购现金 替代保证金确定基金应退还投资者或投资者应补交的款项。正常情况下，T 日后的第 2 个港 股通交收日后的第 1 个工作日内，基金管理人将应退款或补款与相关申购赎回代理机构办理 交收。若发生特殊情况，基金管理人可以对交收日期进行相应调整。 如遇港股通临时停市、港股通交易每日额度或总额度不足等特殊情况，组合证券的代理 买入及结算价格可依次顺延至下一港股通交易日直至交易正常。如遇证券长期停牌、流动性 不足等可能导致收盘价或最后成交价不公允的特殊情况，可参照证券的估值价格，对结算价 格进行调整，如果基金管理人认为该证券复牌后的价格可能存在较大波动，且可能对基金资 产净值产生较大影响，为了更好的维护持有人利益，该证券对应的现金替代款的清算交收可 在其复牌后按照实际交易成本办理。在此期间若该证券发生除息、送股（转增）、配股等重 要权益变动，则进行相应调整。 对于确认成功的 T 日赎回申请，T+1 日内，基金管理人根据赎回规模进行组合证券的代 理卖出。基金管理人有权根据基金投资的需要自主决定不卖出部分被替代证券，或者不进行 任何卖出被替代证券的操作。基金管理人根据所卖出的被替代证券的实际单位卖出金额（扣 除相关费用）和未卖出的被替代证券的 T 日收盘价（折算为人民币，折算汇率采用当天的估 值汇率；被替代证券 T 日在证券交易所无交易的，取最近交易日的收盘价；交易日无收盘价 的，取最后成交价）计算被替代证券的单位结算金额，在此基础上根据替代证券数量确定赎 回替代金额。 正常情况下，T 日后的第 3 个港股通交收日后的第 1 个工作日内，基金管理人将应支付 的赎回替代金额与相关申购赎回代理机构办理交收。若发生特殊情况，基金管理人可以对交 收日期进行相应调整。 如遇港股通临时停市、港股通交易每日额度或总额度不足等特殊情况，组合证券的代理 卖出及结算价格可依次顺延至下一港股通交易日直至交易正常。如遇证券长期停牌、流动性 不足等可能导致收盘价或最后成交价不公允的特殊情况，可参照证券的估值价格，对结算价 格进行调整，如果基金管理人认为该证券复牌后的价格可能存在较大波动，且可能对基金资 产净值产生较大影响，为了更好的维护持有人利益，该证券对应的现金替代款的清算交收可 ,易所上市。由于本基 金的标的指数组合证券为港股通标的股票，本基金采用现金申购赎回方式，即全现金替代， 基金管理人代买代卖的模式，申购对价、赎回对价包括现金替代、现金差额及其他对价。未 来在深圳证券交易所和登记机构系统允许的情况下，本基金可采用部分或全部组合证券申购 赎回方式，申购对价、赎回对价包括组合证券、现金替代、现金差额及其他对价，并在实施 前依照有关规定在规定媒介上予以公告。 在目前结算规则下，投资者当日申购的基金份额，清算交收完成后方可卖出和赎回。本 基金申购业务采用实时逐笔全额结算（Real Time Gross Settlement，以下简称RTGS）模式， 投资者T日申购后，如交易记录已勾单且申购资金足额的，登记机构在T日日间实时办理基金 份额及现金替代的交收；T日日间未进行勾单确认或日间资金不足的，登记机构在T日日终根 据资金是否足额办理基金份额及现金替代的清算交收。 在目前的业务规则下，投资者投资本基金时需具有深圳证券交易所A股账户或基金账户。 其中，深圳证券交易所基金账户只能进行基金的现金认购和二级市场交易，如投资人需要参 与基金的申购、赎回，则应开立深圳证券交易所A股账户。 投资者在进行投资决策前，请仔细阅读本基金的招募说明书、基金合同及基金产品资 料概要等信息披露文件，并根据自身的投资目的、投资期限、投资经验、资产状况等判断 基金是否和投资者的风险承受能力相适应，自主判断基金的投资价值，自主做出投资决策， 自行承担投资风险。 基金的过往业绩并不预示其未来表现，基金管理人管理的其他基金的业绩也不构成对本 基金业绩表现的保证。,/Users/ellis/工具程序开发/港股通逐标的分析/临时数据/159137/159137_招募说明书_20251203.txt
38,513150,华泰柏瑞中证港股通科技ETF,华泰柏瑞中证港股通科技交易型开放式指数证券投资基金更新的招募说明书2025年第5号(申购赎回清单版本更新),2025-11-17,务中的现金替代采用实时逐笔全额结算（Real Time Gross Settlement，以 华泰柏瑞中证港股通科技交易型开放式指数证券投资基金 33 下简称 RTGS）模式处理；现金赎回业务中的现金替代采用代收代付处理；现金申购、赎回业 务涉及的现金差额和现金替代退补款采用代收代付处理。 投资者 T日现金申购后，如交易记录已勾单且申购资金足额的，登记结算机构在 T日日间 实时办理基金份额及现金替代的交收；T 日日间未进行勾单确认或日间资金不足的，登记结算 机构在 T 日日终根据资金是否足额办理基金份额及现金替代的清算交收，并将结果发送给基金 管理人、申购赎回代理券商和基金托管人。登记机构在 T+1日办理现金差额的清算，并将结果 发送给申购赎回代理券商、基金管理人和基金托管人。基,,申购替代金额的处理程序 对于确认成功的 T日申购申请，在 T日（指上海证券交易所与香港交易所的共同交易日） 内，基金管理人以收到的申购替代金额代投资者买入被替代证券。基金管理人有权在 T日（指 上海证券交易所与香港交易所的共同交易日）内任意时刻以收到的申购替代金额代投资者买入 小于等于被替代证券数量的任意数量的被替代证券。基金管理人有权根据基金投资的需要自主 决定不买入部分被替代证券，或者不进行任何买入证券的操作。 在 T 日（指上海证券交易所与香港交易所的共同交易日）日终，基金管理人已买入的证 券，依据申购的替代金额与被替代证券的实际买入成本（包括买入价格与相关交易费用）的差 额，确定基金应退还投资者或投资者应补交的款项；未买入的证券，依据申购的替代金额与被 替代证券 T日（指上海证券交易所与香港交易所的共同交易日）收盘价（需用汇率公允价折算 为人民币，当日在证券交易所无交易的，取最近交易日的收盘价，当日无收盘价的，取最后成 交价）的差额，确定基金应退还投资者或投资者应补交的款项。 华泰柏瑞中证港股通科技交易型开放式指数证券投资基金 36 在此期间若该部分证券发生除息、送股（转增）、配股等重要权益变动，则进行相应调 整。正常情况下，T 日后的第 2 个港股通交收日后的第 2 个工作日内，基金管理人将应退款或 补款与相关申购赎回代理机构办理交收。若发生特殊情况，基金管理人可以对交收日期进行相 应调整。 如遇港股通临时停市、港股通交易每日额度或总额度不足等特殊情况，组合证券的代理 买入及结算价格可依次顺延至下一港股通交易日直至交易正常。如遇证券长期停牌、流动性不 足等可能导致收盘价或最后成交价不公允的特殊情况，可参照证券的估值价格，对结算价格进 行调整，如果基金管理人认为该证券复牌后的价格可能存在较大波动，且可能对基金资产净值 产生较大影响，为了更好的维护持有人利益，该证券对应的现金替代款的清算交收可在其复牌 后按照实际交易成本办理。在此期间若该证券发生除息、送股（转增）、配股等重要权益变动， 则进行相应调整。 上述汇率目前采用汇率公允价。汇率公允价包括中国人民银行或其授权机构最新公布的 人民币汇率中间价、中国外汇交易中心公布的人民币对主要货币参考汇率、与基金托管人商定 的其他公允价格（如：中国人民银行或国家外汇管理局或中国外汇交易中心正式对外发文后公 布的人民币兑主要外汇当日收盘价）等。 ④赎回替代金额的处理程序 对于确认成功的 T日赎回申请，在 T日（指上海证券交易所与香港交易所的共同交易日） 内，基金管理人根据赎回申请代投资者卖出被替代证券。基金管理人有权在 T 日（指上海证券 交易所与香港交易所的共同交易日）内任意时刻代投资者卖出小于等于被替代证券数量的任意 数量的被替代证券。基金管理人有权根据基金投资的需要自主决定不卖出部分被替代证券，或 者不进行任,替代金额的处理程序 对于确认成功的 T日申购申请，在 T日（指上海证券交易所与香港交易所的共同交易日） 内，基金管理人以收到的申购替代金额代投资者买入被替代证券。基金管理人有权在 T日（指 上海证券交易所与香港交易所的共同交易日）内任意时刻以收到的申购替代金额代投资者买入 小于等于被替代证券数量的任意数量的被替代证券。基金管理人有权根据基金投资的需要自主 决定不买入部分被替代证券，或者不进行任何买入证券的操作。 在 T 日（指上海证券交易所与香港交易所的共同交易日）日终，基金管理人已买入的证 券，依据申购的替代金额与被替代证券的实际买入成本（包括买入价格与相关交易费用）的差 额，确定基金应退还投资者或投资者应补交的款项；未买入的证券，依据申购的替代金额与被 替代证券 T日（指上海证券交易所与香港交易所的共同交易日）收盘价（需用汇率公允价折算 为人民币，当日在证券交易所无交易的，取最近交易日的收盘价，当日无收盘价的，取最后成 交价）的差额，确定基金应退还投资者或投资者应补交的款项。 华泰柏瑞中证港股通科技交易型开放式指数证券投资基金 36 在此期间若该部分证券发生除息、送股（转增）、配股等重要权益变动，则进行相应调 整。正常情况下，T 日后的第 2 个港股通交收日后的第 2 个工作日内，基金管理人将应退款或 补款与相关申购赎回代理机构办理交收。若发生特殊情况，基金管理人可以对交收日期进行相 应调整。 如遇港股通临时停市、港股通交易每日额度或总额度不足等特殊情况，组合证券的代理 买入及结算价格可依次顺延至下一港股通交易日直至交易正常。如遇证券长期停牌、流动性不 足等可能导致收盘价或最后成交价不公允的特殊情况，可参照证券的估值价格，对结算价格进 行调整，如果基金管理人认为该证券复牌后的价格可能存在较大波动，且可能对基金资产净值 产生较大影响，为了更好的维护持有人利益，该证券对应的现金替代款的清算交收可在其复牌 后按照实际交易成本办理。在此期间若该证券发生除息、送股（转增）、配股等重要权益变动， 则进行相应调整。 上述汇率目前采用汇率公允价。汇率公允价包括中国人民银行或其授权机构最新公布的 人民币汇率中间价、中国外汇交易中心公布的人民币对主要货币参考汇率、与基金托管人商定 的其他公允价格（如：中国人民银行或国家外汇管理局或中国外汇交易中心正式对外发文后公 布的人民币兑主要外汇当日收盘价）等。 ④赎回替代金额的处理程序 对于确认成功的 T日赎回申请，在 T日（指上海证券交易所与香港交易所的共同交易日） 内，基金管理人根据赎回申请代投资者卖出被替代证券。基金管理人有权在 T 日（指上海证券 交易所与香港交易所的共同交易日）内任意时刻代投资者卖出小于等于被替代证券数量的任意 数量的被替代证券。基金管理人有权根据基金投资的需要自主决定不卖出部分被替代证券，或 者不进行任何卖,等信息的文件 48、组合证券：指标的指数所包含的全部或部分证券 49、申购对价：指投资者申购基金份额时，按基金合同和招募说明书规定应交付的组合证 券、现金替代、现金差额及其他对价 50、赎回对价：指投资者赎回基金份额时，基金管理人按基金合同和招募说明书规定应交 华泰柏瑞中证港股通科技交易型开放式指数证券投资基金 7 付给赎回人的组合证券、现金替代、现金差额及其他对价 51、标的指数：指中证指数有限公司编制并发布的中证港股通科技指数及其未来可能发生 的变更 52、完全复制法：指一种跟踪指数的方法。通过购买标的指数中的所有成份证券，并且按 照每种成份证券在标的指数中的权重确定购买的比例以构建指数组合，达到复制指数的目的 53、现金替代：指申购、赎回过程中，投资者按基金合同和招募说明书的规定，用于替代 组合证券中全部或部分证券的一定数量的现金 54、现金差额：指最小申购、赎回单位的资产净值与按当日收盘价计算的最小申购、赎回 单位中的组合证券市值和现金替代之差；投资者申购、赎回时应支付或应获得的现金差额根据 最小申购、赎回单位对应的现金差额、申购或赎回的基金份额数计算 55、预估现金差额：指由基金管理人计算并在 T日申购赎回清单中公布的当日现金差额预 估值，预估现金差额由申购赎回代理券商预先冻结 56、基金份额参考净值：指基金管理人或者基金管理人委托的指数服务机构根据申购赎回 清单和组合证券内各只证券的实时成交数据和汇率数据计算并由上海证券交易所在交易时间内 发布的基金份额参考净值，简称 IOPV 57、最小申购、赎回单位：指申购份额、赎回份额的最低数量,/Users/ellis/工具程序开发/港股通逐标的分析/临时数据/513150/513150_更新招募说明书_20251117.txt
39,513990,招商上证港股通ETF,招商上证港股通交易型开放式指数证券投资基金更新的招募说明书(二零二六年第二号),2026-07-31,结算业务实施细则》和参与各方相关协议的有关规定进 行处理。 本基金申购业务采用实时逐笔全额结算（Real Time Gross Settlement，以下简称 RTGS） 模式；赎回业务涉及的现金替代可采用代收代付处理；申购、赎回业务涉及的现金差额和现 金替代退补款可采用代收代付处理。 1）申购的清算交收 投资者 T 日现金申购后，如交易记录已勾单且申购资金足额的，登记机构在 T 日日间实 时办理基金份额及现金替代的交收；T 日日间未进行勾单确认或日间资金不足的，登记机构 在 T 日日终根据资金是否足额办理基金份额及现金替代的清算交收，并将结果发送给基金管 理人、申购赎回代理机构和基金托管人。登记机构在 T+1 日内办理现金差额的清算，在 T+2 日内办理现金差额的交收。 2）赎,,申购现金替代保证金的处理程序 对于确认成功的 T 日申购申请，在 T 日（指上海证券交易所与香港交易所的共同交易 日）内，基金管理人以收到的申购替代金额代投资者买入被替代证券。基金管理人有权在 T 招商上证港股通交易型开放式指数证券投资基金更新的招募说明书（二零二六年第二号） 36 日（指上海证券交易所与香港交易所的共同交易日）内任意时刻以收到的申购替代金额代投 资者买入小于等于被替代证券数量的任意数量的被替代证券。基金管理人有权根据基金投资 的需要自主决定不买入部分被替代证券，或者不进行任何买入证券的操作。在 T 日（指上 海证券交易所与香港交易所的共同交易日）日终，基金管理人已买入的证券，依据申购的替 代金额与被替代证券的实际买入成本（包括买入价格与相关交易费用）的差额，确定基金应 退还投资者或投资者应补交的款项；未买入的证券，依据申购的替代金额与被替代证券 T 日（指上海证券交易所与香港交易所的共同交易日）收盘价（需用汇率公允价折算为人民币， 当日在证券交易所无交易的，取最近交易日的收盘价，当日无收盘价的，取最后成交价）的 差额，确定基金应退还投资者或投资者应补交的款项。 T 日后的 3 个工作日（指上海证券交易所和香港交易所的共同交易日）内，基金管理人 将应退款或补款与相关申购赎回代理机构办理交收。若发生特殊情况，基金管理人可以对交 收日期进行相应调整。 如遇港股通临时停市、港股通交易每日额度或总额度不足等特殊情况，组合证券的代理 买入及结算价格可依次顺延至下一港股通交易日直至交易正常。如遇证券长期停牌、流动性 不足等可能导致收盘价或最后成交价不公允的特殊情况，可参照证券的估值价格，对结算价 格进行调整，如果基金管理人认为该证券复牌后的价格可能存在较大波动，且可能对基金资 产净值产生较大影响，为了更好的维护持有人利益，该证券对应的现金替代款的清算交收可 在其复牌后按照实际交易成本办理。在此期间若该证券发生除息、送股（转增）、配股等重 要权益变动，则进行相应调整。 4）赎回替代金额的处理程序 对于确认成功的 T 日赎回申请，在 T 日（指上海证券交易所与香港交易所的共同交易 日）内，基金管理人根据赎回申请代投资者卖出被替代证券。基金管理人有权在 T 日（指 上海证券交易所与香港交易所的共同交易日）内任意时刻代投资者卖出小于等于被替代证券 数量的任意数量的被替代证券。基金管理人有权根据基金投资的需要自主决定不卖出部分被 替代证券，或者不进行任何卖出证券的操作。 在 T 日（指上海证券交易所与香港交易所的共同交易日）日终，基金管理人已卖出的 证券，按照被替代证券的实际卖出金额（扣除相关费用）确定基金应支付的替代金额；未卖 出的证券，按照被替代证券 T 日（指上海证券交易所与香港交易所的共同交易日）收盘价 （需用汇率公允价折算为人民币，当日在证券交易所无交易,赎回替代金额的处理程序 对于确认成功的 T 日赎回申请，在 T 日（指上海证券交易所与香港交易所的共同交易 日）内，基金管理人根据赎回申请代投资者卖出被替代证券。基金管理人有权在 T 日（指 上海证券交易所与香港交易所的共同交易日）内任意时刻代投资者卖出小于等于被替代证券 数量的任意数量的被替代证券。基金管理人有权根据基金投资的需要自主决定不卖出部分被 替代证券，或者不进行任何卖出证券的操作。 在 T 日（指上海证券交易所与香港交易所的共同交易日）日终，基金管理人已卖出的 证券，按照被替代证券的实际卖出金额（扣除相关费用）确定基金应支付的替代金额；未卖 出的证券，按照被替代证券 T 日（指上海证券交易所与香港交易所的共同交易日）收盘价 （需用汇率公允价折算为人民币，当日在证券交易所无交易的，取最近交易日的收盘价，当 日无收盘价的，取最后成交价）确定基金应支付给投资者的替代金额。 招商上证港股通交易型开放式指数证券投资基金更新的招募说明书（二零二六年第二号） 37 T 日后的第 2 个港股通交收日后的 2 个工作日内，基金管理人将应支付的赎回替代金额 与相关申购赎回代理机构办理交收。若发生特殊情况，基金管理人可以对交收日期进行相应 调整。 如遇港股通临时停市等特殊情况，组合证券的代理卖出及结算价格可依次顺延至下一港 股通交易日直至交易正常。如遇证券长期停牌、流动性不足等可能导致收盘价或最后成交价 不公允的特殊情况，可参照证券的估值价格，对结算价格进行调整，如果基金管理人认为该 证券复牌后的价格可能存在较大波动，且可能对基金资产净值产生较大影响，为了更好的维 护持有人利益，该证券对应的现金替代款的清算交收可在其复牌后按照实际交易成本办理。 在此期间若该证券发生除息、送股（转增）、配股等重要权益变动，则进行相应调整。 4）未来如港股通的交易、结算规则发生改变，或上海证券交易所、登记机构 ETF 申购 赎回交易结算规则发生改变，或基金管理人与基金托管人之间的结算相关安排发生改变，基 金管理人可对可以现金替代处理规则进行调整，并按规定公告。 （3）必须现金替代 1）适用情形：必须现金替代的证券一般是由于标的指数调整，即将被剔除的成份证券； 或法律法规限制投资的证券；或基金管理人出于保护基金份额持有人利益等原因认为有必要 实行必须现金替代的成份证券。 2）替代金额：对于必须现金替代的证券，基金管理人将在申购赎回清单中公告替代的 一定数量的现金，即“固定替代金额”。固定替代金额的计算方法为申购赎回清单中该证券 的数量乘以其 T 日预计开盘价并按照 T-1 日估值汇率换算或基金管理人认为合理的其他方法。 如果 T-1 日至 T 日期间存在其他证券交易所交易日为非申赎开放日，则基金管理人可对 “T 日预计开盘价”、“T-1 日估值汇率”进行调整。 4、预估现金部分相关内容 预,申购赎回清单：指由基金管理人编制的用以公告申购对价、赎回对价等信息的文件 49、申购对价：指投资人申购基金份额时，按基金合同和招募说明书规定应交付的现金 替代、现金差额及其他对价 50、赎回对价：指基金份额持有人赎回基金份额时，基金管理人按基金合同和招募说明 书规定应交付给赎回人的现金替代、现金差额及其他对价 51、标的指数：指上证港股通指数及其未来可能发生的变更，或基金管理人根据需要更 换的其他指数 52、组合证券：指本基金标的指数所包含的全部或部分证券 53、最小申购、赎回单位：指本基金申购份额、赎回份额的最低数量，投资人申购、赎 回的基金份额应为最小申购、赎回单位的整数倍 招商上证港股通交易型开放式指数证券投资基金更新的招募说明书（二零二六年第二号） 10 54、现金替代：指在申购、赎回过程中，投资人按基金合同和招募说明书的规定，用于 替代组合证券的一定数量的现金 55、现金差额：指在申购、赎回过程中，最小申购、赎回单位的资产净值与按 T 日收盘 价计算的最小申购、赎回单位中的组合证券市值和现金替代之差；投资人申购、赎回时应支 付或应获得的现金差额根据最小申购、赎回单位对应的现金差额、申购或赎回的基金份额数 计算 56、预估现金部分：指在申购、赎回过程中，由基金管理人估计并在 T 日申购赎回清单 中公布的当日现金差额的估计值，预估现金部分由申购赎回代理机构预先冻结 57、基金份额参考净值：指基金管理人或基金管理人委托的机构在开市后根据申购赎回 清单和组合证券内各只证券的实时成交数据、汇率数据计算，并通过上海证券交易所发布的 基金份额参考净值,/Users/ellis/工具程序开发/港股通逐标的分析/临时数据/513990/513990_更新招募说明书_20260731.txt
40,520530,港股通科技ETF东财,东财中证港股通科技交易型开放式指数证券投资基金更新招募说明书(2026年第2号),2026-06-27,现金替代、 现金差额及其他对价的 清算交收适用上海证券交易所、 中国证券登记结算有限责任公司发布的相关业务 规则和参与各方相关协议的有关规定。本基金申购业务采用实时逐笔全额结算 （Real Time Gross Settlement）模式；赎回业务涉及的现金替代采用代收代付 处理；申购、赎回业务涉及的现金差额和现金替代退补款采用代收代付处理。 投资者 T 日申购成功后， 如交易记录已勾单且申购资金足额的， 登记机构在 T 日日间实时办理基金份额及现金替代的交收；T 日日间未进行勾单确认或日间 资金不足的， 登记机构在T 日日终根据资金是否足额办理基金份额及现金替代的 清算交收， 并将结果发送给基金管理人、 申购赎回代理券商和基金托管人。 基金 管理人在 T+1 日内办理现金差额的清算,,申购替代金额的处理程序 T日内，基金管理人根据申购赎回清单收取申购现金替代保证金。对于确认 成功的T日申购申请， 在T日内， 基金管理人以收到的申购现金替代保证金代投资 者买入被替代证券。基金管理人有权在T日内任意时刻以收到的申购现金替代保 证金代投资者买入小于等于被替代证券数量的任意数量的被替代证券。基金管 理人有权根据基金投资的需要自主决定不买入部分被替代证券， 或者不进行任何 买入证券的操作。 T日日终，基金管理人根据所购入的被替代证券的实际单位购入成本（包括 买入价格与相关费用）和未买入的被替代证券的T日收盘价（折算为人民币，折 算汇率采用当天的估值汇率；T日在证券交易所无交易的，取最近交易日的收盘 价；交易日无收盘价的，取最后成交价）计算被替代证券的单位结算成本，在此 东财中证港股通科技交易型开放式指数证券投资基金 更新招募说明 书 37 基础上根据替代证券数量和申购现金替代金额确定基金应退还投资者或投资者 应补交的款项。 正常情况下，T日后的第3个港股通交收日后的2个工作日内，基金管理人将 应退款或补款与相关申购赎回代理机构办理交收。若发生特殊情况， 基金管理人 可以对交收日期进行相应调整。 如遇港股通临时停市、 港股通交易每日额度或总额度不足等特殊情况， 组合 证券的代理买入及结算价格可依次顺延至下一港股通交易日直至交易正常。 如遇 证券长期停牌、 流动性 不足等可能导致收盘价或最后成交价不公允的特殊情况， 可参照证券的估值价格， 对结算价格进行调整， 如果基金管理人认为该证券复牌 后的价格可能存在较大波动， 且可能对基金资产净值产生较大影响， 为了更好的 维护持有人利益， 该证券对应的现金替代款的清算交收可在其复牌后按照实际交 易成本办理。在此期间若该证券发生除息、送股（转增）、配股等重 要权益变 动，则进行相应调整。 4）赎回替代金额的处理程序 对于确认成功的T日赎回申请， 在T日内， 基金管理人根据赎回申请代投资 者 卖出被替代证券。 基金管理人有权在T日内任意时刻代投资者卖出小于等于被 替 代证券数量的任意数量的被替代证券。基金管理人有权根据基金投资的需要 自 主决定不卖出部分被替代证券，或者不进行任何卖出证券的操作。 T日日终，基金管理人根据所卖出的被替代证券的实际单位卖出金额（扣除 相关费用）和未卖出的被替代证券的T日收盘价（折算为人民币，折算汇率采用 当天的估值汇率；T日在证券交易所无交易的，取最近交易日的收盘价；交易日 无收盘价的， 取最后成交价） 计算被替代证券的单位结算金额， 在此基础上根据 替代证券数量确定赎回替代金额。 正常情况下，T日后的第7个港股通交收日后的第2个工作日内，基金管理人 将应支付的赎回替代金额与相关申购赎回代理机构办理交收。若发生特殊情况， 基金管理人可以对交收日期进行相应调整。 如遇港股通临时停市等特,替代金额的处理程序 T日内，基金管理人根据申购赎回清单收取申购现金替代保证金。对于确认 成功的T日申购申请， 在T日内， 基金管理人以收到的申购现金替代保证金代投资 者买入被替代证券。基金管理人有权在T日内任意时刻以收到的申购现金替代保 证金代投资者买入小于等于被替代证券数量的任意数量的被替代证券。基金管 理人有权根据基金投资的需要自主决定不买入部分被替代证券， 或者不进行任何 买入证券的操作。 T日日终，基金管理人根据所购入的被替代证券的实际单位购入成本（包括 买入价格与相关费用）和未买入的被替代证券的T日收盘价（折算为人民币，折 算汇率采用当天的估值汇率；T日在证券交易所无交易的，取最近交易日的收盘 价；交易日无收盘价的，取最后成交价）计算被替代证券的单位结算成本，在此 东财中证港股通科技交易型开放式指数证券投资基金 更新招募说明 书 37 基础上根据替代证券数量和申购现金替代金额确定基金应退还投资者或投资者 应补交的款项。 正常情况下，T日后的第3个港股通交收日后的2个工作日内，基金管理人将 应退款或补款与相关申购赎回代理机构办理交收。若发生特殊情况， 基金管理人 可以对交收日期进行相应调整。 如遇港股通临时停市、 港股通交易每日额度或总额度不足等特殊情况， 组合 证券的代理买入及结算价格可依次顺延至下一港股通交易日直至交易正常。 如遇 证券长期停牌、 流动性 不足等可能导致收盘价或最后成交价不公允的特殊情况， 可参照证券的估值价格， 对结算价格进行调整， 如果基金管理人认为该证券复牌 后的价格可能存在较大波动， 且可能对基金资产净值产生较大影响， 为了更好的 维护持有人利益， 该证券对应的现金替代款的清算交收可在其复牌后按照实际交 易成本办理。在此期间若该证券发生除息、送股（转增）、配股等重 要权益变 动，则进行相应调整。 4）赎回替代金额的处理程序 对于确认成功的T日赎回申请， 在T日内， 基金管理人根据赎回申请代投资 者 卖出被替代证券。 基金管理人有权在T日内任意时刻代投资者卖出小于等于被 替 代证券数量的任意数量的被替代证券。基金管理人有权根据基金投资的需要 自 主决定不卖出部分被替代证券，或者不进行任何卖出证券的操作。 T日日终，基金管理人根据所卖出的被替代证券的实际单位卖出金额（扣除 相关费用）和未卖出的被替代证券的T日收盘价（折算为人民币，折算汇率采用 当天的估值汇率；T日在证券交易所无交易的，取最近交易日的收盘价；交易日 无收盘价的， 取最后成交价） 计算被替代证券的单位结算金额， 在此基础上根据 替代证券数量确定赎回替代金额。 正常情况下，T日后的第7个港股通交收日后的第2个工作日内，基金管理人 将应支付的赎回替代金额与相关申购赎回代理机构办理交收。若发生特殊情况， 基金管理人可以对交收日期进行相应调整。 如遇港股通临时停市等特殊情,可参与本基金的申购、赎回及交易。投资者一旦认购、申 购或赎回本基金，即表示对基金认购、申购和赎回所涉及的基金份额的证券变更 登记方式以及申购赎回所涉及现金替代、现金差额等相关的交收方式已经认可。 投资者认购本基金时需具有上海证券账户，但需注意，使用上海证券交易所 基金账户只能进行基金的现金认购和二级市场交易，如投资者需要 参与基金的申 购、赎回，则应开立上海证券交易所A股账户。 投资有风险，投资人在认购（或申购）本基金前应认真阅读本基金的招募说 明书、 基金合同、 基金产品资料概要等信息披露文件， 自主判断基金的投资价值， 自主作出投资决策，自行承担投资风险。基金的过往业绩并不代表未来表现。基 金管理人管理的其他基金的业绩并不构成对本基金业绩表现的保证。基金管理人 提醒投资者基金投资的 “买者自负” 原则， 在投资者作出投资决策后， 基金运营状 况与基金净值变化引致的投资风险，由投资者自行负责。 5、自基金合同生效后，基金招募说明书的信息发生重大变更的，基金管理人 应当在三个工作日内，更新基金招募说明书，并登载在规定网站上。 本招募说明书是对原 《东财中证港股通科技交易型开放式指数证券投资基金》 的更新，原招募说明书与本招募说明书内容不一致的，以本招募说明书为准。 本招募说明书已经由本基金托管人复核。本招募说明书所载内容截止日为 2026年6月19日，有关财务数据和净值表现截止日为2026 年3月31日（本招募说明 书财务资料未经审计）。 东财中证港股通科技交易型开放式指数证券投资基金 更新招募说明 书 目 录 第一部分 绪言..........,/Users/ellis/工具程序开发/港股通逐标的分析/临时数据/520530/520530_更新招募说明书_20260627.txt
41,159318,银华恒指港股通ETF,银华恒指港股通交易型开放式指数证券投资基金招募说明书更新(2026年第1号),2026-05-22,记结算有限责任公司修改或更新上 述规则或新增设相关规则并适用于本基金的，则按照新的规则执行，并在招募说明 书中进行更新。 本基金现金申购业务中的现金替代日间实行RTGS交收，日间未完成交收的，日 终统一进行逐笔全额非担保交收；现金赎回业务中的现金替代采用代收代付处理； 现金申购、赎回业务涉及的现金差额和现金替代退补款采用代收代付处理。 正常情况下，投资者T日提交的现金申购申请受理后，登记机构对ETF申购对应 的份额和现金替代，日间实行RTGS交收，上述份额和现金替代日间未完成交收的， 日终统一进行逐笔全额非担保交收，登记机构在T日办理基金份额及现金替代的清 算交收，并将结果发送给基金管理人、申购赎回代理券商和基金托管人。基金管理 人在T+2日办理现金差额的清算交收。 投资者T日提,不买入或不卖出部分被替代证券，或者不进行任何买入或 卖出证券的操作，基金管理人可能不买入或不卖出被替代证券的情形包括但不限 于市场流动性不足、技术系统无法实现、申购赎回轧差以及基金管理人认为不需 买入或卖出的其他情形。 按照目前的证券代理买卖规则，T日确认成功的申购或赎回申请，基金管理 人T日未买入或未卖出的部分证券，将按该证券T日收盘价（折算为人民币，目前 折算汇率采用T日估值汇率，基金管理人可根据情况调整所使用的折算汇率，并 及时公告，被替代证券T日在证券交易所无交易的，取最近交易日的收盘价，交 易日无收盘价的，取最后成交价）计算被替代证券的单位结算成本或结算金额， 因此投资者需承受可能当天无法完成所有证券买卖、未完成买卖部分按收盘价结 算、结算成本或结算金额不确定（含汇率波动、未完成买卖部分的折算汇率与港 股通结算汇率发生偏离）等风险。由于指数成份股采取基,申购替代金额的处理程序 T日，基金管理人在申购赎回清单中公布现金替代溢价比例，并据此收取申购 替代金额。正常情况下，基金管理人有权在T日内任意时刻代申购投资者买入组合 证券中被替代证券的任意数量。T日日终，基金管理人根据所购入的被替代组合证 券的实际单位购入成本（包括买入价格与相关费用，折算为人民币）和未购入的被 替代组合证券的T日收盘价（折算为人民币，折算汇率采用当天的估值汇率，基金 管理人可根据情况调整所使用的折算汇率，并及时公告；被替代组合证券T日无交 易的，取最近交易日的收盘价；交易日无收盘价的，取最后成交价）计算并确定被 替代组合证券的单位结算成本，在此基础上根据替代组合证券数量和申购现金替代 金额确定基金应退还投资人的款项或投资人应补交的款项。T日后的5个工作日内， 基金管理人将应退款或补款与相关申购赎回代理券商办理交收。若发生特殊情况， 基金管理人可以对交收日期进行相应调整。未来基金管理人有权视产品运行情况， 经与基金托管人协商一致，对折算汇率和未购入被替代证券的计算价格进行调整， 并提前公告。 如遇港股通临时停市、港股通交易每日额度或总额度不足等特殊情况，基金管 理人可考虑根据实际情况将组合证券的代理买入及结算价格顺延至下一港股通交易 日直至交易正常。如遇证券长期停牌、流动性不足等可能导致收盘价或最后成交价 不公允的特殊情况，可参照证券的估值价格，对结算价格进行调整，如果基金管理 人认为该证券复牌后的价格可能存在较大波动，且可能对基金资产净值产生较大影 响，为了更好地维护持有人利益，该证券对应的现金替代退补款的清算交收可在其 复牌后按照实际交易成本或管理人认为合理的价格办理。在此期间若该证券发生除 息、送股（转增）、配股等重要权益变动，则进行相应调整。 ③赎回对应的替代金额 赎回时，对于可以现金替代的证券，替代金额为扣除相关费用后的该证券的卖 出价值（或证券实际结算价值）。 ④赎回替代金额的处理程序 正常情况下，基金管理人有权在T日内任意时刻代赎回投资者卖出组合证券中 被替代证券的任意数量。T日日终，基金管理人根据T日所卖出的被替代证券的实际 单位卖出金额（扣除相关费用，折算为人民币）和未卖出的被替代组合证券的T日 51 银华恒指港股通交易型开放式指数证券投资基金招募说明书更新(2026 年第 1 号) 收盘价（折算为人民币，折算汇率采用当天的估值汇率，基金管理人可根据情况调 整所使用的折算汇率，并及时公告；被替代组合证券T日无交易的，取最近交易日 的收盘价；交易日无收盘价的，取最后成交价）计算并确定被替代组合证券的单位 结算金额，在此基础上根据替代组合证券数量确定赎回替代金额。T+7日（指开放 日）内，基金管理人将应支付的赎回现金替代款与相关申购赎回代理券商办理交 收。若发生特殊情况，基金管理人可以对交收日期进行相应调整。未来基金管理人 有,替代金额的处理程序 T日，基金管理人在申购赎回清单中公布现金替代溢价比例，并据此收取申购 替代金额。正常情况下，基金管理人有权在T日内任意时刻代申购投资者买入组合 证券中被替代证券的任意数量。T日日终，基金管理人根据所购入的被替代组合证 券的实际单位购入成本（包括买入价格与相关费用，折算为人民币）和未购入的被 替代组合证券的T日收盘价（折算为人民币，折算汇率采用当天的估值汇率，基金 管理人可根据情况调整所使用的折算汇率，并及时公告；被替代组合证券T日无交 易的，取最近交易日的收盘价；交易日无收盘价的，取最后成交价）计算并确定被 替代组合证券的单位结算成本，在此基础上根据替代组合证券数量和申购现金替代 金额确定基金应退还投资人的款项或投资人应补交的款项。T日后的5个工作日内， 基金管理人将应退款或补款与相关申购赎回代理券商办理交收。若发生特殊情况， 基金管理人可以对交收日期进行相应调整。未来基金管理人有权视产品运行情况， 经与基金托管人协商一致，对折算汇率和未购入被替代证券的计算价格进行调整， 并提前公告。 如遇港股通临时停市、港股通交易每日额度或总额度不足等特殊情况，基金管 理人可考虑根据实际情况将组合证券的代理买入及结算价格顺延至下一港股通交易 日直至交易正常。如遇证券长期停牌、流动性不足等可能导致收盘价或最后成交价 不公允的特殊情况，可参照证券的估值价格，对结算价格进行调整，如果基金管理 人认为该证券复牌后的价格可能存在较大波动，且可能对基金资产净值产生较大影 响，为了更好地维护持有人利益，该证券对应的现金替代退补款的清算交收可在其 复牌后按照实际交易成本或管理人认为合理的价格办理。在此期间若该证券发生除 息、送股（转增）、配股等重要权益变动，则进行相应调整。 ③赎回对应的替代金额 赎回时，对于可以现金替代的证券，替代金额为扣除相关费用后的该证券的卖 出价值（或证券实际结算价值）。 ④赎回替代金额的处理程序 正常情况下，基金管理人有权在T日内任意时刻代赎回投资者卖出组合证券中 被替代证券的任意数量。T日日终，基金管理人根据T日所卖出的被替代证券的实际 单位卖出金额（扣除相关费用，折算为人民币）和未卖出的被替代组合证券的T日 51 银华恒指港股通交易型开放式指数证券投资基金招募说明书更新(2026 年第 1 号) 收盘价（折算为人民币，折算汇率采用当天的估值汇率，基金管理人可根据情况调 整所使用的折算汇率，并及时公告；被替代组合证券T日无交易的，取最近交易日 的收盘价；交易日无收盘价的，取最后成交价）计算并确定被替代组合证券的单位 结算金额，在此基础上根据替代组合证券数量确定赎回替代金额。T+7日（指开放 日）内，基金管理人将应支付的赎回现金替代款与相关申购赎回代理券商办理交 收。若发生特殊情况，基金管理人可以对交收日期进行相应调整。未来基金管理人 有权视,人编制的用以公告申购对价、赎回对价等信 息的文件 50、申购对价：指投资人申购基金份额时，按基金合同和招募说明书规定应交 付的组合证券（如系统支持）、现金替代、现金差额及其他对价 51、赎回对价：指基金份额持有人赎回基金份额时，基金管理人按基金合同和 招募说明书规定应交付给赎回人的组合证券（如系统支持）、现金替代、现金差额 及其他对价 52、标的指数：指恒生指数有限公司编制并发布的恒指港股通指数 53、组合证券：指本基金标的指数所包含的全部或部分证券 54、最小申购赎回单位：指本基金申购份额、赎回份额的最低数量，投资人申 购或赎回的基金份额数应为最小申购赎回单位的整数倍 55、现金替代：指申购或赎回过程中，投资人按基金合同和招募说明书的规 定，用于替代组合证券中全部或部分证券的一定数量的现金 56、现金差额：指最小申购赎回单位的资产净值与按当日收盘价计算的最小申 购赎回单位中的组合证券市值和现金替代之差；投资人申购或赎回时应支付或应获 得的现金差额根据最小申购赎回单位对应的现金差额、申购或赎回的基金份额数计 算 57、预估现金差额：指由基金管理人估计并在T日申购赎回清单中公布的当日 现金差额的预估值，预估现金差额由申购赎回代理券商预先冻结 58、元：指人民币元 59、基金利润：指基金利息收入、投资收益、公允价值变动收益和其他收入扣 除相关费用后的余额 11 银华恒指港股通交易型开放式指数证券投资基金招募说明书更新(2026 年第 1 号) 60、基金资产总值：指基金拥有的各类证券及票据价值、股指期货合约、股票 期权合约、资产支持证券、银行存款本息,/Users/ellis/工具程序开发/港股通逐标的分析/临时数据/159318/159318_更新招募说明书_20260522.txt
42,159751,鹏华中证港股通科技ETF,鹏华中证港股通科技交易型开放式指数证券投资基金更新的招募说明书,2026-04-08,程中涉及的基金份额、现金替代、现金差额及其他对价的清算交收 适用《业务规则》和参与各方相关协议的有关规定。 本基金现金申购业务中的现金替代采用实时逐笔全额结算（RTGS）与日终逐笔全额 非担保交收的方式处理；现金赎回业务中的现金替代采用代收代付处理；现金申购、赎回 业务涉及的现金差额和现金替代退补款采用代收代付处理。 投资者 T 日提交的现金申购申请受理后，日间完成 RTGS 交收部分，登记机构在 T 日 为该投资者办理基金份额登记以及现金替代的交收；日间未完成 RTGS 交收部分，登记机 构在 T 日日终为该投资者办理基金份额登记以及现金替代的交收，并将结果发送给基金管 理人、申购赎回代理券商和基金托管人。基金管理人在 T+1 日办理现金差额的清算，在 T+2 日办理现金差额的,不买入或不卖出部分被替代证券，或者不进行任何买入或卖出证券的操作，基 金管理人可能不买入或不卖出被替代证券的情形包括但不限于市场流动性不足、技术系统 无法实现、申购赎回轧差、港股通结算规则以及基金管理人认为不应买入或卖出的其他情 形。 （15）第三方机构服务的风险 本基金的多项服务委托第三方机构办理，存在以下风险： 1）申购赎回代理券商因多种原因，导致代理申购、赎回业务受到限制、暂停或终止， 由此影响对投资者申购赎回服务的风险。 2）登记机构可能调整结算制度，如对投资者基金份额、组合证券及资金的结算方式发 生变化，制度调整可能给投资者带来理解偏差的风险。同样的风险还可能来自于证券交易 所及其他代理机构。 3）第三方机构可能违约，导致基金或投资者利益受损的风险。 （16）港股投资风险 本基金可投资于港股通标的股票，从而面临相应的风险。 1）港股通机制相关风险 港股,申购现金替代保证金的处理程序 对于确认成功的 T 日申购申请，通常情况下 T 日内基金管理人根据申购规模进行组合 证券的代理买入。基金管理人有权在 T 日内任意时刻以收到的申购现金替代保证金代投资 者买入小于等于被替代证券数量的任意数量的被替代证券。基金管理人有权根据基金投资 的需要自主决定不买入部分被替代证券，或者不进行任何买入证券的操作。T 日日终，基 金管理人根据所购入的被替代证券的实际单位购入成本（包括买入价格与相关费用，折算 为人民币）和未买入的被替代证券的 T 日收盘价（折算为人民币，折算汇率采用当天的估 值汇率；T 日在证券交易所无交易的，取最近交易日的收盘价；交易日无收盘价的，取最 后成交价）计算被替代证券的单位结算成本，在此基础上根据替代证券数量和申购现金替 代金额确定基金应退还投资者或投资者应补交的款项。 如遇港股通临时停市、港股通交易每日额度或总额度不足等特殊情况，组合证券的代 理买入及结算价格可依次顺延至下一港股通交易日直至交易正常。如遇证券长期停牌、流 动性不足等可能导致收盘价或最后成交价不公允的特殊情况，可参照证券的估值价格，对 结算价格进行调整，如果基金管理人认为该证券复牌后的价格可能存在较大波动，且可能 对基金资产净值产生较大影响，为了更好的维护持有人利益，该证券对应的现金替代款的 清算交收可在其复牌后按照实际交易成本办理。在此期间若该证券发生除息、送股（转 增）、配股等重要权益变动，则进行相应调整。 ④赎回对应的替代金额 32 赎回时，对于可以现金替代的证券，替代金额为扣除相关费用后的该证券的卖出价值 （或证券实际结算价值） ⑤赎回替代金额的处理程序 对于确认成功的 T 日赎回申请，通常情况下 T 日内基金管理人根据赎回规模进行组合 证券的代理卖出。基金管理人有权在 T 日内任意时刻代投资者卖出小于等于被替代证券数 量的任意数量的被替代证券。基金管理人有权根据基金投资的需要自主决定不卖出部分被 替代证券，或者不进行任何卖出证券的操作。T 日日终，基金管理人根据所卖出的被替代 证券的实际单位卖出金额（扣除相关费用）和未卖出的被替代证券的 T 日收盘价（折算为 人民币，折算汇率采用当 天的估值汇率；被替代证券 T 日在证券交易所无交易的，取最近 交易日的收盘价；交易日无收盘价的，取最后成交价）计算被替代证券的单位结算金额， 在此基础上根据替代证券数量确定赎回替代金额。 如遇港股通临时停市等特殊情况，组合证券的代理卖出及结算价格可依次顺延至下一 港股通交易日直至交易正常。如遇证券长期停牌、流动性不足等可能导致收盘价或最后成 交价不公允的特殊情况，可参照证券的估值价格，对结算价格进行调整，如果基金管理人 认为该证券复牌后的价格可能存在较大波动，且可能对基金资产净值产生较大影响，为了 更好的维护持有人利益，该证券对应的现金替代款的清算,赎回替代金额的处理程序 对于确认成功的 T 日赎回申请，通常情况下 T 日内基金管理人根据赎回规模进行组合 证券的代理卖出。基金管理人有权在 T 日内任意时刻代投资者卖出小于等于被替代证券数 量的任意数量的被替代证券。基金管理人有权根据基金投资的需要自主决定不卖出部分被 替代证券，或者不进行任何卖出证券的操作。T 日日终，基金管理人根据所卖出的被替代 证券的实际单位卖出金额（扣除相关费用）和未卖出的被替代证券的 T 日收盘价（折算为 人民币，折算汇率采用当 天的估值汇率；被替代证券 T 日在证券交易所无交易的，取最近 交易日的收盘价；交易日无收盘价的，取最后成交价）计算被替代证券的单位结算金额， 在此基础上根据替代证券数量确定赎回替代金额。 如遇港股通临时停市等特殊情况，组合证券的代理卖出及结算价格可依次顺延至下一 港股通交易日直至交易正常。如遇证券长期停牌、流动性不足等可能导致收盘价或最后成 交价不公允的特殊情况，可参照证券的估值价格，对结算价格进行调整，如果基金管理人 认为该证券复牌后的价格可能存在较大波动，且可能对基金资产净值产生较大影响，为了 更好的维护持有人利益，该证券对应的现金替代款的清算交收可在其复牌后按照实际交易 成本办理，在此期间若该证券发生除息、送股（转增）、配股等重要权益变动，则进行相 应调整。 ⑥未来如港股通的交易、结算规则发生改变，或深圳证券交易所、登记机构 ETF 申购 赎回交易结算规则发生改变，或基金管理人与基金托管人之间的结算相关安排发生改变， 基金管理人可对可以现金替代处理规则进行调整，并按规定公告。 （3）必须现金替代 ①适用情形：必须现金替代的证券一般是由于标的指数调整，即将被剔除的成份证 券；或因法律法规限制投资的成份证券；或基金管理人出于保护持有人利益等原因认为有 必要实行必须现金替代的成份证券。 ②替代金额：对于必须现金替代的证券，基金管理人将在申购、赎回清单中公告替代 的一定数量的现金，即“固定替代金额”。固定替代金额的计算方法为申购、赎回清单中 该证券的数量乘以其 T 日预计开盘价并按照 T-1 日估值汇率换算或基金管理人认为合理的 其他方法。 5、预估现金相关内容 预估现金部分是指为便于计算基金份额参考净值及申购赎回代理券商预先冻结申请申 购、赎回的投资者的相应资金，由基金管理人计算的现金数额并在 T 日申购、赎回清单中 公布的当日现金差额预估值。其计算公式为： T 日预估现金部分＝T-1 日最小申购、赎回单位的基金资产净值－（申购、赎回清单中 33 必须用现金替代的成份证券的必须替代金额之和+申购、赎回清单中可以用现金替代的成 份证券的数量、T 日预计开盘价以及 T-1 日估值汇率的乘积之和） 若 T 日为基金分红除息日，则预估现金需进行相应的调整。预估现金部分的数值可能 为正、为负或为零。 6、现金差额相,购赎回清单：指由基金管理人编制的用以公告申购对价、赎回对价等信息的文 件 51、申购对价：指投资人申购基金份额时，按基金合同和招募说明书规定应交付的现 金替代、现金差额及其他对价 52、赎回对价：指投资人赎回基金份额时，基金管理人按基金合同和招募说明书规定 应交付给赎回人的现金替代、现金差额及其他对价 53、组合证券：指本基金标的指数所包含的全部或部分证券 54、现金替代：指申购或赎回过程中，投资人按基金合同和招募说明书的规定，用于 替代组合证券中部分证券的一定数量的现金 55、现金差额：指最小申购、赎回单位的资产净值与按当日收盘价计算的最小申购、 赎回单位中的组合证券市值和现金替代之差；投资人申购或赎回时应支付或应获得的现金 9 差额根据最小申购、赎回单位对应的现金差额、申购或赎回的基金份额数计算 56、预估现金差额：指由基金管理人计算并在 T 日申购赎回清单中公布的当日现金差 额预估值，预估现金差额由申购赎回代理券商预先冻结 57、最小申购、赎回单位：指本基金申购份额、赎回份额的最低数量，投资人申购、 赎回的基金份额应为最小申购、赎回单位的整数倍 58、基金份额参考净值：指基金管理人或者基金管理人委托的机构在开市后根据申购 赎回清单和组合证券内各只证券的实时成交数据及汇率数据计算，并通过深圳证券交易所 发布的基金份额参考净值，简称“IOPV” 59、基金份额折算：指基金管理人根据基金运作的需要，在基金资产净值不变的前提 下，按照一定比例调整基金份额总额及基金份额净值的行为 60、收益评价日：指基金管理人计算本基金份额净值增长率与标的指数同期增,/Users/ellis/工具程序开发/港股通逐标的分析/临时数据/159751/159751_更新招募说明书_20260408.txt
43,159269,南方中证港股通科技ETF,南方中证港股通科技交易型开放式指数证券投资基金招募说明书(更新),2026-05-21,证券 仅在境内证券交易所上市的ETF产品存在一定差异。在目前结算规则下，投资者当日申购的 基金份额，清算交收完成后可卖出和赎回，即T日申购的ETF份额且日间完成RTGS（实时 逐笔全额结算）交收，T日可卖出与赎回；T日申购的ETF份额日间未完成交收的，日终完 成逐笔全额非担保交收，T+1日方可卖出和赎回；T日竞价买入的基金份额，T日可以卖出 或赎回；T日大宗买入的基金份额，T日可以大宗卖出，T+1日可以竞价卖出或赎回。 投资人投资本基金时需具有深圳证券交易所A股账户或基金账户。其中，深圳证券交易 所基金账户只能进行基金的现金认购和二级市场交易， 如投资人需要参与基金的申购、 赎回， 则应开立深圳证券交易所A股账户。 投资人在投资本基金之前，请仔细阅读本基金的招募说明书、基金产品资,,替代金额的处理程序 T日， 基金管理人在申购赎回清单中公布现金替代溢价比例， 并据此收取申购替代金额。 正常情况下，对于确认成功的T日（T日为开放日）申购申请，基金管理人根据T日内 所购入的被替代证券的实际单位购入成本（包括买入价格与相关费用，按照汇率折算为人民 币）和未购入的被替代证券的T日收盘价（按照汇率折算为人民币，被替代证券当日在证券 交易所无交易的，取最近交易日的收盘价；交易日无收盘价的，取最后成交价）计算被替代 证券的单位结算成本， 在此基础上根据替代证券数量和申购替代金额确定基金应退还投资者 或投资者应补交的款项，若T日发生除息、收益分配等重要权益变动，则进行相应调整。基 金管理人有权根据基金投资的需要自主决定不买入部分被替代证券， 或者不进行任何买入被 替代证券的操作。 正常情况下，对于确认成功的T日（T日为开放日）赎回申请，基金管理人根据T日内 所卖出的被替代证券的实际单位卖出金额（扣除相关费用，按照汇率折算为人民币）和未卖 出的被替代证券的T日收盘价（按照汇率折算为人民币，被替代证券当日在证券交易所无交 易的，取最近交易日的收盘价；交易日无收盘价的，取最后成交价）计算被替代证券的单位 结算金额，在此基础上根据替代证券数量确定赎回替代金额，若T日发生除息、收益分配等 重要权益变动，则进行相应调整。基金管理人有权根据基金投资的需要自主决定不卖出部分 被替代证券，或者不进行任何卖出被替代证券的操作。 南方中证港股通科技交易型开放式指数证券投资基金招募说明书（更新） 39 上述汇率目前采用汇率公允价。汇率公允价包括但不限于港股通结算汇兑比率、中国 外汇交易中心最新收盘价、中国外汇交易中心参考汇率或交易汇率、中国人民银行或其授权 机构最新公布的人民币汇率中间价、与基金托管人商定的其他公允价格等。 正常情况下，T日后的第5个开放日内， 基金管理人将应退款或补款与相关申购赎回代 理券商办理交收；T日后的第7个开放日内，基金管理人将应支付的赎回替代金额与相关申 购赎回代理券商办理交收。若发生特殊情况，基金管理人可以对交收日期进行相应调整。 如遇港股通临时停市等特殊情况，组合证券的代理卖出及结算价格可依次顺延至下一 港股通交易日直至交易正常，款项交收的日期也可相应顺延。如遇证券长期停牌、流动性不 足等可能导致收盘价或最后成交价不公允的特殊情况，可参照证券的估值价格，对结算价格 进行调整，如果基金管理人认为该证券复牌后的价格可能存在较大波动，且可能对基金资产 净值产生较大影响，为了更好的维护持有人利益，该证券对应的现金替代款的清算交收可在 其复牌后按照实际交易成本或者基金管理人认为合理的价格办理。 在此期间若该证券发生除 息、送股（转增） 、配股等重要权益变动，则进行相应调整。 4） 基金管理人可根据运作情况调整代理申赎投资者买券卖券的相关规则并按规定公告。,替代金额的处理程序 T日， 基金管理人在申购赎回清单中公布现金替代溢价比例， 并据此收取申购替代金额。 正常情况下，对于确认成功的T日（T日为开放日）申购申请，基金管理人根据T日内 所购入的被替代证券的实际单位购入成本（包括买入价格与相关费用，按照汇率折算为人民 币）和未购入的被替代证券的T日收盘价（按照汇率折算为人民币，被替代证券当日在证券 交易所无交易的，取最近交易日的收盘价；交易日无收盘价的，取最后成交价）计算被替代 证券的单位结算成本， 在此基础上根据替代证券数量和申购替代金额确定基金应退还投资者 或投资者应补交的款项，若T日发生除息、收益分配等重要权益变动，则进行相应调整。基 金管理人有权根据基金投资的需要自主决定不买入部分被替代证券， 或者不进行任何买入被 替代证券的操作。 正常情况下，对于确认成功的T日（T日为开放日）赎回申请，基金管理人根据T日内 所卖出的被替代证券的实际单位卖出金额（扣除相关费用，按照汇率折算为人民币）和未卖 出的被替代证券的T日收盘价（按照汇率折算为人民币，被替代证券当日在证券交易所无交 易的，取最近交易日的收盘价；交易日无收盘价的，取最后成交价）计算被替代证券的单位 结算金额，在此基础上根据替代证券数量确定赎回替代金额，若T日发生除息、收益分配等 重要权益变动，则进行相应调整。基金管理人有权根据基金投资的需要自主决定不卖出部分 被替代证券，或者不进行任何卖出被替代证券的操作。 南方中证港股通科技交易型开放式指数证券投资基金招募说明书（更新） 39 上述汇率目前采用汇率公允价。汇率公允价包括但不限于港股通结算汇兑比率、中国 外汇交易中心最新收盘价、中国外汇交易中心参考汇率或交易汇率、中国人民银行或其授权 机构最新公布的人民币汇率中间价、与基金托管人商定的其他公允价格等。 正常情况下，T日后的第5个开放日内， 基金管理人将应退款或补款与相关申购赎回代 理券商办理交收；T日后的第7个开放日内，基金管理人将应支付的赎回替代金额与相关申 购赎回代理券商办理交收。若发生特殊情况，基金管理人可以对交收日期进行相应调整。 如遇港股通临时停市等特殊情况，组合证券的代理卖出及结算价格可依次顺延至下一 港股通交易日直至交易正常，款项交收的日期也可相应顺延。如遇证券长期停牌、流动性不 足等可能导致收盘价或最后成交价不公允的特殊情况，可参照证券的估值价格，对结算价格 进行调整，如果基金管理人认为该证券复牌后的价格可能存在较大波动，且可能对基金资产 净值产生较大影响，为了更好的维护持有人利益，该证券对应的现金替代款的清算交收可在 其复牌后按照实际交易成本或者基金管理人认为合理的价格办理。 在此期间若该证券发生除 息、送股（转增） 、配股等重要权益变动，则进行相应调整。 4） 基金管理人可根据运作情况调整代理申赎投资者买券卖券的相关规则并按规定公告。,申购赎回清单：指由基金管理人编制的用以公告申购对价、赎回对价等信息的文件 48、申购对价：指投资人申购基金份额时，按基金合同和招募说明书规定应交付的现金 替代、现金差额和其他对价 49、赎回对价：指基金份额持有人赎回基金份额时，基金管理人按基金合同和招募说明 书规定应交付给赎回人的现金替代、现金差额和其他对价 50、标的指数：本基金标的指数为中证港股通科技指数 51、组合证券：指本基金标的指数所包含的全部或部分证券 52、最小申购赎回单位：指本基金申购份额、赎回份额的最低数量，投资人申购或赎回 的基金份额数应为最小申购赎回单位的整数倍 53、现金替代：指申购或赎回过程中，投资人按基金合同和招募说明书的规定，用于替 代组合证券中全部或部分证券的一定数量的现金 54、现金差额：指最小申购赎回单位的资产净值与按当日收盘价计算的最小申购赎回单 位中的组合证券市值和现金替代之差；投资人申购或赎回时应支付或应获得的现金差额根据 最小申购赎回单位对应的现金差额、申购或赎回的基金份额数计算 55、元：指人民币元 56、基金利润：指基金利息收入、汇兑损益、投资收益、公允价值变动收益和其他收入 扣除相关费用后的余额 57、基金资产总值：指基金拥有的各类有价证券及票据价值、银行存款本息、基金应收 申购款及其他资产的价值总和 58、基金资产净值：指基金资产总值减去基金负债后的价值 59、基金份额净值：指计算日基金资产净值除以计算日基金份额总数 60、基金资产估值：指计算评估基金资产和负债的价值，以确定基金资产净值和基金份 额净值的过程 61、规定媒介：指符合中国证监会规,/Users/ellis/工具程序开发/港股通逐标的分析/临时数据/159269/159269_更新招募说明书_20260521.txt
44,159251,万家国证港股通科技ETF,万家国证港股通科技交易型开放式指数证券投资基金更新招募说明书(2025年第1号),2025-07-18,规则和参与各方相关协议及其不时修订的有关规定。 本基金申购业务涉及的现金替代采用实时逐笔全额结算（ Real Time Gross Settlement， 简称RTGS） 与日终逐笔全额非担保交收的方式处理模式； 赎回业务 涉及的现金替代可采用代收代付处理； 申购、 赎回业务涉及的现金差额和现金替 代退补款可采用代收代付处理。 投资者 T 日现金申购后，如交易记录已勾单且申购资金足额的，登记机构 万家国证港股通科技交易型开放式指数证券投资基金 更新招募说明书 （2025 年第 1 号） 36 在 T 日日间实时办理基金份额及现金替代的交收；T 日日间未进行勾单确认或日 间资金不足的，登记机构在 T 日日终根据资金是否足额办理基金份额及现金替 代的清算交收，并将结果发送给基金管理人,"标的指数调整， 即将被剔除的 成份证券、 或法律法规限制投资的证券、 或相关交易制度限制交易的证券、 或基 金管理人出于保 护基金份额持有人利益等原因认为有必要实行必须现金替代的 成份证券。 ②替代金额： 对于必须现金替代的证券， 基金管理人将在申购赎回清单中公 告一定数量的现金， 即""固定替代金额""。 固定替代金额的计算方法为申购赎回清 单中该证券的数量乘以其 T 日预计开盘价并按照 T-1 日估值汇率换算或基金管理 人认为合理的其他方法。 （4）对于 T 日的申购赎回申请，基金管理人有权进行轧差处理，针对净申 购， 购入净申购份额对应的组合证券中被替代证券， 针对净赎回， 卖出净赎回份 额对应的组合证券中被替代证券， 基金管理人有权购入或者卖出不等于轧差处理 万家国证港股通科技交易型开放式指数证券投资基金 更新招募说明书 （2025 年第 1 号） 42 后的上述被替代证券的任意数量。 （5）基金管理人可根据运作情况调整代理申赎投资者买券卖券的相关规则 并按规定公告。 （6）未来如港股通的交易、结算规则发生改变，或深圳证券交易所、登记 结算机构有关申购赎回交易结算规则发生改变， 或基金管理人与基金托管人之间 的结算相关安排发生改变等， 基金管理人可对上述相关现金替代处理规则进行调 整，并按规定公告。 5、预估现金差额相关内容 预估现金差额是指为便于计算基金份额参考净值及申购赎回代理机构预先 冻结申请申购、赎回的投资者的相应资金，由基金管理人计算的现金数额。 预估现金差额的计算公式为： T 日预估现金差额＝T-1 日最小申购、赎回单位的基金资产净值－（申购、 赎回清单中可以现金替代成份证券的数量、T 日预计开盘价及 T-1 日估值汇率乘 积之和+申购、赎回清单中必须现金替代的固",申购替代金额的处理程序 T 日， 基金管理人在申购赎回清单中公布申购现金替代保证金率， 并据此收 取申购替代金额。 正常情况下，基金管理人在 T 日根据申购申请代投资者买入被替代证券。 基金管理人有权在 T 日内任意时刻代投资者买入组合证券中被替代证券的任意 数量。 对于确认成功的T 日申购申请，T 日内基金管理人根据申购规模进行组合 证券的代理买入。T 日日终， 基金管理人根据所购入的被替代组合证券的实际单 位购入成本 （包括买入价格与相关费用， 折算为人民币， 折算汇率采用当天的港 万家国证港股通科技交易型开放式指数证券投资基金 更新招募说明书 （2025 年第 1 号） 40 股通结算汇兑比率）、未购入的被替代组合证券的 T 日收盘价（折算为人民币， 折算汇率采用当天的估值汇率；被替代组合证券 T 日无交易的，取最近交易日 的收盘价； 交易日无收盘价的， 取最后成交价） 计算并确定被替代组合证券的单 位结算成本， 在此基础上根据替代组合证券数量和申购现金替代保证金确定基金 应退还投资人的款项或投资人应补交的款项。 未购入部分包含因申购赎回轧差处 理而未实际购入的申购申请对应的被替代组合证券。T 日后的第 2 个港股通交收 日后的 2 个工作日内， 基金管理人将应退款或补款与相关申购赎回代理券商办理 交收。 若发生特殊情况， 基金管理人可以对交收日期进行相应调整。 未来基金管 理人有权视产品运行情况， 经与基金托管人协商一致， 对折算汇率和未购入被替 代证券的计算价格进行调整，并提前公告。 如遇港股通临时停市、 港股通交易每日额度或总额度不足等特殊情况， 组合 证券的代理买入及结算价格可依次顺延至下一港股通交易日直至交易正常。 如遇 证券长期停牌、流动性不足等可能导致收盘价或最后成交价不公允的特殊情况， 可参照证券的估值价格， 对结算成本进行调整。 如果基金管理人认为该证券复牌 后的价格可能存在较大波动， 且可能对基金资产净值产生较大影响， 为了更好的 维护持有人利益， 该证券对应的现金替代款的清算交收可在其复牌后按照实际交 易成本或管理人认为合理的价格办理。 在此期间若该证券发生除息、 送股 （转增） 、 配股等重要权益变动，则进行相应调整。 ④赎回替代金额的处理程序 正常情况下，基金管理人在 T 日根据赎回申请代投资者卖出被替代证券。 基金管理人有权在 T 日内任意时刻代投资者卖出组合证券中被替代证券的任意 数量。 对于确认成功的T 日赎回申请，T 日内基金管理人根据所卖出的被替代组 合证券的实际单位卖出所得 （扣除相关费用， 折算为人民币， 折算汇率采用当天 的港股通结算汇兑比率）、未卖出的被替代组合证券的 T 日收盘价（折算为人 民币，折算汇率采用当天的估值汇率；被替代组合证券 T 日无交易的，取最近 交易日的收盘价； 交易日无收盘价的， 取最后,替代金额的处理程序 T 日， 基金管理人在申购赎回清单中公布申购现金替代保证金率， 并据此收 取申购替代金额。 正常情况下，基金管理人在 T 日根据申购申请代投资者买入被替代证券。 基金管理人有权在 T 日内任意时刻代投资者买入组合证券中被替代证券的任意 数量。 对于确认成功的T 日申购申请，T 日内基金管理人根据申购规模进行组合 证券的代理买入。T 日日终， 基金管理人根据所购入的被替代组合证券的实际单 位购入成本 （包括买入价格与相关费用， 折算为人民币， 折算汇率采用当天的港 万家国证港股通科技交易型开放式指数证券投资基金 更新招募说明书 （2025 年第 1 号） 40 股通结算汇兑比率）、未购入的被替代组合证券的 T 日收盘价（折算为人民币， 折算汇率采用当天的估值汇率；被替代组合证券 T 日无交易的，取最近交易日 的收盘价； 交易日无收盘价的， 取最后成交价） 计算并确定被替代组合证券的单 位结算成本， 在此基础上根据替代组合证券数量和申购现金替代保证金确定基金 应退还投资人的款项或投资人应补交的款项。 未购入部分包含因申购赎回轧差处 理而未实际购入的申购申请对应的被替代组合证券。T 日后的第 2 个港股通交收 日后的 2 个工作日内， 基金管理人将应退款或补款与相关申购赎回代理券商办理 交收。 若发生特殊情况， 基金管理人可以对交收日期进行相应调整。 未来基金管 理人有权视产品运行情况， 经与基金托管人协商一致， 对折算汇率和未购入被替 代证券的计算价格进行调整，并提前公告。 如遇港股通临时停市、 港股通交易每日额度或总额度不足等特殊情况， 组合 证券的代理买入及结算价格可依次顺延至下一港股通交易日直至交易正常。 如遇 证券长期停牌、流动性不足等可能导致收盘价或最后成交价不公允的特殊情况， 可参照证券的估值价格， 对结算成本进行调整。 如果基金管理人认为该证券复牌 后的价格可能存在较大波动， 且可能对基金资产净值产生较大影响， 为了更好的 维护持有人利益， 该证券对应的现金替代款的清算交收可在其复牌后按照实际交 易成本或管理人认为合理的价格办理。 在此期间若该证券发生除息、 送股 （转增） 、 配股等重要权益变动，则进行相应调整。 ④赎回替代金额的处理程序 正常情况下，基金管理人在 T 日根据赎回申请代投资者卖出被替代证券。 基金管理人有权在 T 日内任意时刻代投资者卖出组合证券中被替代证券的任意 数量。 对于确认成功的T 日赎回申请，T 日内基金管理人根据所卖出的被替代组 合证券的实际单位卖出所得 （扣除相关费用， 折算为人民币， 折算汇率采用当天 的港股通结算汇兑比率）、未卖出的被替代组合证券的 T 日收盘价（折算为人 民币，折算汇率采用当天的估值汇率；被替代组合证券 T 日无交易的，取最近 交易日的收盘价； 交易日无收盘价的， 取最后成交,基金的认购、申购、赎回及交易。投资者一旦认购、申购或赎回本基金，即表示 对基金认购、 申购和赎回所涉及的基金份额的证券变更登记方式以及申购赎回所 涉及现金替代、现金差额等相关的交收方式已经认可。 基金管理人提醒投资者基金投资的 “买者自负” 原则， 在投资者作出投资决 策后， 基金运营状况与基金净值变化引致的投资风险， 由投资者自行负责。 此外， 本基金以 1.00 元初始面值进行募集，在市场波动等因素的影响下，存在单位份 额净值跌破 1.00 元初始面值的风险。 基金不同于银行储蓄与债券， 基金投资者有可能获得较高的收益， 也有可能 损失本金。 投资有风险， 投资者在进行投资决策前， 请仔细阅读本基金的招募说 明书、《基金合同》及基金产品资料概要。 基金管理人依照恪尽职守、 诚实信用、 谨慎勤勉的原则管理和运用基金财产， 但不保证基金一定盈利， 也不保证最低收益。 基金的过往业绩并不预示其未来表 现。基金管理人管理的其他基金的业绩不构成对本基金业绩表现的保证。 本招募说明书(更新)所载内容截止日为 2025 年 7 月 14 日。 万家国证港股通科技交易型开放式指数证券投资基金 更新招募说明书 （2025 年第 1 号） 4 目 录 重要提示............................................................ 1 第一部分 绪言...................................................... 5 第二部分 释义....................,/Users/ellis/工具程序开发/港股通逐标的分析/临时数据/159251/159251_更新招募说明书_20250718.txt
45,159271,鹏华恒生ETF,鹏华恒生交易型开放式指数证券投资基金更新的招募说明书(2026年第1号),2026-08-11,用《业务规则》和参与各方相关协议的有关规定。 本基金现金申购业务中的现金替代采用实时逐笔全额结算（ Real Time Gross Settlement，简称 RTGS）模式；赎回业务涉及的现金替代采用代收代付处理；申购、赎回 业务涉及的现金差额和现金替代退补款采用代收代付处理。 （1）申购的清算交收 29 投资者 T 日申购后，如交易记录已勾单且申购资金足额的，登记机构在T 日日间实时 办理基金份额及现金替代的交收；T 日日间未进行勾单确认或日间资金不足的，登记机构 在 T 日日终根据资金是否足额办理基金份额及现金替代的清算交收，并将结果发送给基金 管理人、申购赎回代理券商和基金托管人。登记机构在 T+1 日办理现金差额的清算，并将 结果发送给申购赎回代理券商、基金管理人和基金,,申购现金替代保证金的处理程序 对于确认成功的 T 日申购申请，T 日内基金管理人根据申购规模进行组合证券的代理 买入，通常情况下代理买入在 T 日接近收盘时点完成。基金管理人有权在 T 日内任意时刻 以收到的替代金额代投资者买入小于等于被替代证券数量的任意数量的被替代证券，实际 买入被替代证券的价格可能处于 T 日内较高的位置或处于最高价格，基金管理人对此不承 担责任。基金管理人有权根据基金投资的需要自主决定不买入部分被替代证券，或者不进 行任何买入证券的操作，基金管理人可能不买入被替代证券的情形包括但不限于市场流动 性不足、技术系统无法实现以及基金管理人认为不应买 入的其他情形。T 日日终，基金管 理人根据所购入的被替代证券的实际单位购入成本（包括买入价格与相关费用）和未买入 32 的被替代证券的 T 日收盘价（按估值汇率折算为人民币；T 日在证券交易所无交易的，取 最近交易日的收盘价；交易日无收盘价的，取最后成交价）计算被替代证券的单位结算成 本，在此基础上根据替代证券数量和申购现金替代保证金确定基金应退还投资者或投资者 应补交的款项。在此期间若该部分证券发生除息、送股（转增）、配股等重要权益变动， 则进行相应调整。正常情况下，正常情况下，T 日后的第 2 个港股通交易日后的 2 个工作 日内，基金管理人将应退款或补款与相关申购赎回代理机构办理交收。若发生特殊情况， 基金管理人可以对交收日期进行相应调整。 如遇港股通临时停市、港股通交易每日额度或总额度不足等特殊情况，组合证券的代 理买入及结算价格可依次顺延至下一港股通交易日直至交易正常。如遇证券长期停牌、流 动性不足等可能导致收盘价或最后成交价不公允的特殊情况，可参照证券的估值价格，对 结算价格进行调整，如果基金管理人认为该证券复牌后的价格可能存在较大波动，且可能 对基金资产净值产生较大影响，为了更好的维护持有人利益，该证券对应的现金替代款的 清算交收可在其复牌后按 照实际交易成本办理。在此期间若该证券发生除息、送股（转 增）、配股等重要权益变动，则进行相应调整。 ④赎回对应的替代金额 赎回时，对于可以现金替代的证券，替代金额为扣除相关费用后的该证券的卖出价值 （或证券实际结算价值） ⑤赎回替代金额的处理程序 对于确认成功的 T 日赎回申请，T 日内，基金管理人根据赎回规模进行组合证券的代 理卖出。基金管理人有权在 T 日内任意时刻卖出小于等于被替代证券数量的任意数量的被 替代证券，实际卖出被替代证券的价格可能处于 T 日内较低的位置或处于最低价格，基金 管理人对此不承担责任。基金管理人有权根 据基金投资的需要自主决定不卖出部分被替代 证券，或者不进行任何卖出证券的操作，基金管理人可能不卖出被替代证券的情形包括但 不限于市场流动性不足、技术系统无法实现以及基金管理人认为不应卖出的其他情形。 T 日日终，,赎回替代金额的处理程序 对于确认成功的 T 日赎回申请，T 日内，基金管理人根据赎回规模进行组合证券的代 理卖出。基金管理人有权在 T 日内任意时刻卖出小于等于被替代证券数量的任意数量的被 替代证券，实际卖出被替代证券的价格可能处于 T 日内较低的位置或处于最低价格，基金 管理人对此不承担责任。基金管理人有权根 据基金投资的需要自主决定不卖出部分被替代 证券，或者不进行任何卖出证券的操作，基金管理人可能不卖出被替代证券的情形包括但 不限于市场流动性不足、技术系统无法实现以及基金管理人认为不应卖出的其他情形。 T 日日终，基金管理人根据所卖出的被替代证券的实际单位卖出金额（扣除相关费用）和未 卖出的被替代证券的 T 日收盘价（按估值汇率折算为人民币； T 日在证券交易所无交易 的，取最近交易日的收盘价；交易日无收盘价的，取最后成交价）计算被替代证券的单位 结算金额，在此基础上根据替代证券数量确定赎回替代金额。正常情况下， T 日后的第 3 个港股通交易日后的 2 个工作日内，基金管理人将应支付的赎回替代金额与相关申购赎回 代理机构办理交收。若发生特殊情况，基金管理人可以对交收日期进行相应调整。 如遇港股通临时停市等特殊情况，组合证券的代理卖出及结算价格可依次顺延至下一 港股通交易日直至交易正常。如遇证券长期停牌、流动性不足等可能导致收盘价或最后成 交价不公允的特殊情况，可参照证券的估值价格，对结算价格进行调整，如果基金管理人 认为该证券复牌后的价格可能存在较大波动，且可能对基金资产净值产生较大影响，为了 33 更好的维护持有人利益，该证券对应的现金替代款的清算交收可在 其复牌后按照实际交易 成本办理。在此期间若该证券发生除息、送股（转增）、配股等重要权益变动，则进行相 应调整。 ⑥未来如港股通的交易、结算规则发生改变，或深圳证券交易所、登记机构 ETF 申购 赎回交易结算规则发生改变，或基金管理人与基金托管人之间的结算相关安排发生改变， 基金管理人可对可以现金替代处理规则进行调整，并按规定公告。 （3）必须现金替代 ①适用情形：必须现金替代的证券一般是由于标的指数调整，即将被剔除的成份证 券；或因法律法规限制投资的成份证券；或基金管理人出于保护持有人利益等原因认为有 必要实行必须现金替代的成份证券。 ②替代金额：对于必须现金替代的证券，基金管理人将在申购赎回清单中公告替代的 一定数量的现金。必须替代金额的计算方法为申购赎回清单中该证券的数量乘以其 T 日预 计开盘价并按照T-1 日估值汇率换算或基金管理人认为合理的其他方法。 5、预估现金相关内容 预估现金部分是指为便于计算基金份额参考净值及申购赎回代理券商预先冻结申请申 购、赎回的投资者的相应资金，由基金管理人计算的现金数额并在 T 日申购赎回清单中公 布的当日现金差额预估值。其计算公式为： T 日预估现金部,购赎回清单：指由基金管理人编制的用以公告申购对价、赎回对价等信息的文 件 52、申购对价：指投资人申购基金份额时，按基金合同和招募说明书规定应交付的现 金替代、现金差额和/或其他对价 53、赎回对价：指投资人赎回基金份额时，基金管理人按基金合同和招募说明书规定 应交付给赎回人的现金替代、现金差额和/或其他对价 54、组合证券：指本基金标的指数所包含的全部或部分证券 55、现金替代：指申购或赎回过程中，投资人按基金合同和招募说明书的规定，用于 替代组合证券中全部或部分证券的一定数量的现金 56、现金差额：指 T 日最小申购、赎回单位的资产净值与按当日收盘价计算的最小申 购、赎回单位中的组合证券市值和现金替代之差；投资人申购或赎回时应支付或应获得的 现金差额根据最小申购、赎回单位对应的现金差额、申购或赎回的基金份额数计算 57、预估现金差额：指由基金管理人计算并在 T 日申购赎回清单中公布的当日现金差 额预估值，预估现金差额由申购赎回代理券商预先冻结 58、最小申购、赎回单位：指本基金申购份额、赎回份额的最低数量，投资人申购、 10 赎回的基金份额应为最小申购、赎回单位的整数倍 59、基金份额参考净值：指基金管理人或者基金管理人委托的机构在开市后根据申购 赎回清单和组合证券内各只证券的实时成交数据及汇率数据计算，并通过深圳证券交易所 发布的基金份额参考净值，简称“IOPV” 60、基金份额折算：指基金管理人根据基金运作的需 要，在基金资产净值不变的前提 下，按照一定比例调整基金份额总额及基金份额净值的行为 61、收益评价日：指基金管理人计算本基金基金,/Users/ellis/工具程序开发/港股通逐标的分析/临时数据/159271/159271_更新招募说明书_20260811.txt
46,159712,国泰中证港股通50ETF,国泰中证港股通50交易型开放式指数证券投资基金更新招募说明书(2026年第一号),2026-08-12,定。 国泰中证港股通 50 交易型开放式指数证券投资基金更新招募说明书（2026 年第一号） 32 本基金现金申购业务中的现金替代采用逐笔全额结算（T 日日间 RTGS 交收 +T 日日终逐笔全额非担保交收）处理；现金赎回业务中的现金替代采用代收代 付处理；现金申购、赎回业务涉及的现金差额和现金替代退补款采用代收代付处 理。 投资者 T 日现金申购后，正常情况下，如选择采用 RTGS 交收且申购资金足 额的，登记机构在 T 日日间实时办理基金份额及现金替代的清算交收；T 日日间 资金不足或不选择 RTGS 交收的，登记机构在 T 日收市后办理基金份额及现金替 代的清算交收，并将结果发送给基金管理人、申购赎回代理券商和基金托管人。 基金管理人在 T+1 日办理现金差额的清算，在 T,,替代金额的处理程序如下： 对于确认成功的 T 日申购申请，T 日内基金管理人根据申购规模进行组合证 券的代理买入。T 日日终，基金管理人根据所购入的被替代证券的实际购入成本 （包括买入价格与相关费用，折算为人民币）和未买入的被替代证券的 T 日收 盘价（折算为人民币，折算汇率采用当天的港股通买入结算汇兑比率和卖出结算 汇兑比率的算术平均值；T 日在证券交易所无交易的，取最近交易日的收盘价； 交易日无收盘价的，取最后成交价）计算被替代证券的单位结算成本，在此基础 上根据替代证券数量和申购现金替代金额确定基金应退还投资者或投资者应补 交的款项。T 日后的第 3 个港股通交易日内，基金管理人将应退款或补款与相关 申购赎回代理券商办理交收。若发生特殊情况，基金管理人可以对交收日期进行 相应调整。若发生特殊情况，包括如遇港股通结算异常等，基金管理人可以对折 算汇率进行相应调整。 对于确认成功的 T 日赎回申请，T 日内，基金管理人根据赎回规模进行组合 证券的代理卖出，通常情况下代理卖出在 T 日接近收盘时点完成。T 日日终， 基金管理人根据所卖出的被替代证券的实际卖出金额（扣除相关费用，折算为人 民币）和未卖出的被替代证券的 T 日收盘价（折算为人民币，折算汇率采用当 国泰中证港股通 50 交易型开放式指数证券投资基金更新招募说明书（2026 年第一号） 36 天的港股通买入结算汇兑比率和卖出结算汇兑比率的算术平均值；被替代证券 T 日在证券交易所无交易的，取最近交易日的收盘价；交易日无收盘价的，取最后 成交价）计算被替代证券的单位结算金额，在此基础上根据替代证券数量确定赎 回替代金额。T 日后的第 3 个港股通交收日后的第 2 个沪深交易日内，基金管理 人将应支付的赎回替代金额与相关申购赎回代理券商办理交收。若发生特殊情 况，基金管理人可以对交收日期进行相应调整。若发生特殊情况，包括如遇港股 通结算异常等，基金管理人可以对折算汇率进行相应调整。 如遇港股临时停市等特殊情况，组合证券的代理买入或者卖出及结算价格可 依次顺延至下一港股交易日直至交易正常。如遇证券长期停牌、流动性不足等可 能导致收盘价或最后成交价不公允的特殊情况，可参照证券的估值价格，对结算 价格进行调整，如果基金管理人认为该证券复牌后的价格可能存在较大波动，且 可能对基金资产净值产生较大影响，为了更好的维护基金份额持有人利益，该证 券对应的现金替代款的清算交收可在其复牌后按照实际交易成本办理。在此期间 若该证券发生除息、送股（转增）、配股等重要权益变动，则进行相应调整。 ④未来如港股通的交易、结算规则发生改变，或深圳证券交易所、登记机构 ETF 申购赎回交易结算规则发生改变，或基金管理人与基金托管人之间的结算相 关安排发生改变，基金管理人可对现金替代处理规则进行调整，并按规定公告。 （3）必须现金替代 ,替代金额的处理程序如下： 对于确认成功的 T 日申购申请，T 日内基金管理人根据申购规模进行组合证 券的代理买入。T 日日终，基金管理人根据所购入的被替代证券的实际购入成本 （包括买入价格与相关费用，折算为人民币）和未买入的被替代证券的 T 日收 盘价（折算为人民币，折算汇率采用当天的港股通买入结算汇兑比率和卖出结算 汇兑比率的算术平均值；T 日在证券交易所无交易的，取最近交易日的收盘价； 交易日无收盘价的，取最后成交价）计算被替代证券的单位结算成本，在此基础 上根据替代证券数量和申购现金替代金额确定基金应退还投资者或投资者应补 交的款项。T 日后的第 3 个港股通交易日内，基金管理人将应退款或补款与相关 申购赎回代理券商办理交收。若发生特殊情况，基金管理人可以对交收日期进行 相应调整。若发生特殊情况，包括如遇港股通结算异常等，基金管理人可以对折 算汇率进行相应调整。 对于确认成功的 T 日赎回申请，T 日内，基金管理人根据赎回规模进行组合 证券的代理卖出，通常情况下代理卖出在 T 日接近收盘时点完成。T 日日终， 基金管理人根据所卖出的被替代证券的实际卖出金额（扣除相关费用，折算为人 民币）和未卖出的被替代证券的 T 日收盘价（折算为人民币，折算汇率采用当 国泰中证港股通 50 交易型开放式指数证券投资基金更新招募说明书（2026 年第一号） 36 天的港股通买入结算汇兑比率和卖出结算汇兑比率的算术平均值；被替代证券 T 日在证券交易所无交易的，取最近交易日的收盘价；交易日无收盘价的，取最后 成交价）计算被替代证券的单位结算金额，在此基础上根据替代证券数量确定赎 回替代金额。T 日后的第 3 个港股通交收日后的第 2 个沪深交易日内，基金管理 人将应支付的赎回替代金额与相关申购赎回代理券商办理交收。若发生特殊情 况，基金管理人可以对交收日期进行相应调整。若发生特殊情况，包括如遇港股 通结算异常等，基金管理人可以对折算汇率进行相应调整。 如遇港股临时停市等特殊情况，组合证券的代理买入或者卖出及结算价格可 依次顺延至下一港股交易日直至交易正常。如遇证券长期停牌、流动性不足等可 能导致收盘价或最后成交价不公允的特殊情况，可参照证券的估值价格，对结算 价格进行调整，如果基金管理人认为该证券复牌后的价格可能存在较大波动，且 可能对基金资产净值产生较大影响，为了更好的维护基金份额持有人利益，该证 券对应的现金替代款的清算交收可在其复牌后按照实际交易成本办理。在此期间 若该证券发生除息、送股（转增）、配股等重要权益变动，则进行相应调整。 ④未来如港股通的交易、结算规则发生改变，或深圳证券交易所、登记机构 ETF 申购赎回交易结算规则发生改变，或基金管理人与基金托管人之间的结算相 关安排发生改变，基金管理人可对现金替代处理规则进行调整，并按规定公告。 （3）必须现金替代 ,购赎回清单：指由基金管理人编制的用以公告申购对价、赎回对价等 信息的文件 48、申购对价：指投资人申购基金份额时，按基金合同和招募说明书规定应 交付的现金替代、现金差额及其他对价 49、赎回对价：指基金份额持有人赎回基金份额时，基金管理人按基金合同 和招募说明书规定应交付的现金替代、现金差额及其他对价 50、组合证券：指本基金标的指数所包含的全部或部分证券 51、标的指数：指中证指数有限公司编制并发布的中证港股通 50 指数 52、完全复制法：一种跟踪指数的方法。通过购买标的指数中的所有成份股， 并且按照每种成份股在标的指数中的权重确定购买的比例以构建指数组合，达到 复制指数的目的 53、现金替代：指申购、赎回过程中，投资人按基金合同和招募说明书的规 定，用于替代组合证券中全部或部分证券的一定数量的现金 54、现金差额：指最小申购、赎回单位的资产净值与按当日收盘价计算的最 小申购、赎回单位中的组合证券市值和现金替代之差；投资人申购、赎回时应支 付或应获得的现金差额根据最小申购、赎回单位对应的现金差额和申购或赎回的 最小申购、赎回单位数量计算 55、预估现金部分：指由基金管理人估计并在 T 日申购赎回清单中公布的 当日现金差额的估计值，预估现金部分由申购赎回代理券商预先冻结 56、最小申购、赎回单位：指本基金申购份额、赎回份额的最低数量，投资 人申购、赎回的基金份额应为最小申购、赎回单位的整数倍 国泰中证港股通 50 交易型开放式指数证券投资基金更新招募说明书（2026 年第一号） 9 57、基金份额参考净值：指基金管理人或基金管理人委托的机构在开,/Users/ellis/工具程序开发/港股通逐标的分析/临时数据/159712/159712_更新招募说明书_20260812.txt
47,159126,南方中证港股通50ETF,南方中证港股通50交易型开放式指数证券投资基金招募说明书,2025-10-10,证券 仅在境内证券交易所上市的ETF产品存在一定差异。在目前结算规则下，投资者当日申购的 基金份额，清算交收完成后可卖出和赎回，即T日申购的ETF份额且日间完成RTGS（实时 逐笔全额结算）交收，T日可卖出与赎回；T日申购的ETF份额日间未完成交收的，日终完 成逐笔全额非担保交收，T+1日方可卖出和赎回；T日竞价买入的基金份额，T日可以卖出 或赎回；T日大宗买入的基金份额，T日可以大宗卖出，T+1日可以竞价卖出或赎回。 投资人投资本基金时需具有深圳证券交易所A股账户或基金账户。其中，深圳证券交易 所基金账户只能进行基金的现金认购和二级市场交易， 如投资人需要参与基金的申购、 赎回， 则应开立深圳证券交易所A股账户。 投资人在投资本基金之前，请仔细阅读本基金的招募说明书、基金产品资,,替代金额的处理程序 T日， 基金管理人在申购赎回清单中公布现金替代溢价比例， 并据此收取申购替代金额。 正常情况下，对于确认成功的T日（T日为开放日）申购申请，基金管理人根据T日内 所购入的被替代证券的实际单位购入成本（包括买入价格与相关费用，按照汇率折算为人民 币）和未购入的被替代证券的T日收盘价（按照汇率折算为人民币，被替代证券当日在证券 交易所无交易的，取最近交易日的收盘价；交易日无收盘价的，取最后成交价）计算被替代 证券的单位结算成本， 在此基础上根据替代证券数量和申购替代金额确定基金应退还投资者 或投资者应补交的款项，若T日发生除息、收益分配等重要权益变动，则进行相应调整。基 金管理人有权根据基金投资的需要自主决定不买入部分被替代证券， 或者不进行任何买入被 替代证券的操作。 正常情况下，对于确认成功的T日（T日为开放日）赎回申请，基金管理人根据T日内 所卖出的被替代证券的实际单位卖出金额（扣除相关费用，按照汇率折算为人民币）和未卖 出的被替代证券的T日收盘价（按照汇率折算为人民币，被替代证券当日在证券交易所无交 易的，取最近交易日的收盘价；交易日无收盘价的，取最后成交价）计算被替代证券的单位 结算金额，在此基础上根据替代证券数量确定赎回替代金额，若T日发生除息、收益分配等 重要权益变动，则进行相应调整。基金管理人有权根据基金投资的需要自主决定不卖出部分 被替代证券，或者不进行任何卖出被替代证券的操作。 上述汇率目前采用汇率公允价。汇率公允价包括但不限于港股通结算汇兑比率、中国 外汇交易中心最新收盘价、中国外汇交易中心参考汇率或交易汇率、中国人民银行或其授权 机构最新公布的人民币汇率中间价、与基金托管人商定的其他公允价格等。 正常情况下，T日后的第5个开放日内， 基金管理人将申购应退款或补款与相关申购赎 回代理券商办理交收；T日后的第7个开放日内，基金管理人将应支付的赎回替代金额与相 关申购赎回代理券商办理交收。 若发生特殊情况， 基金管理人可以对交收日期进行相应调整。 39 如遇港股通临时停市等特殊情况，组合证券的代理卖出及结算价格可依次顺延至下一 港股通交易日直至交易正常，款项交收的日期也可相应顺延。如遇证券长期停牌、流动性不 足等可能导致收盘价或最后成交价不公允的特殊情况，可参照证券的估值价格，对结算价格 进行调整，如果基金管理人认为该证券复牌后的价格可能存在较大波动，且可能对基金资产 净值产生较大影响，为了更好的维护持有人利益，该证券对应的现金替代款的清算交收可在 其复牌后按照实际交易成本或者基金管理人认为合理的价格办理。 在此期间若该证券发生除 息、送股（转增） 、配股等重要权益变动，则进行相应调整。 4） 基金管理人可根据运作情况调整代理申赎投资者买券卖券的相关规则并按规定公告。 5）未来如港股通交易、结算规则发生改变，或深圳证券交易所,替代金额的处理程序 T日， 基金管理人在申购赎回清单中公布现金替代溢价比例， 并据此收取申购替代金额。 正常情况下，对于确认成功的T日（T日为开放日）申购申请，基金管理人根据T日内 所购入的被替代证券的实际单位购入成本（包括买入价格与相关费用，按照汇率折算为人民 币）和未购入的被替代证券的T日收盘价（按照汇率折算为人民币，被替代证券当日在证券 交易所无交易的，取最近交易日的收盘价；交易日无收盘价的，取最后成交价）计算被替代 证券的单位结算成本， 在此基础上根据替代证券数量和申购替代金额确定基金应退还投资者 或投资者应补交的款项，若T日发生除息、收益分配等重要权益变动，则进行相应调整。基 金管理人有权根据基金投资的需要自主决定不买入部分被替代证券， 或者不进行任何买入被 替代证券的操作。 正常情况下，对于确认成功的T日（T日为开放日）赎回申请，基金管理人根据T日内 所卖出的被替代证券的实际单位卖出金额（扣除相关费用，按照汇率折算为人民币）和未卖 出的被替代证券的T日收盘价（按照汇率折算为人民币，被替代证券当日在证券交易所无交 易的，取最近交易日的收盘价；交易日无收盘价的，取最后成交价）计算被替代证券的单位 结算金额，在此基础上根据替代证券数量确定赎回替代金额，若T日发生除息、收益分配等 重要权益变动，则进行相应调整。基金管理人有权根据基金投资的需要自主决定不卖出部分 被替代证券，或者不进行任何卖出被替代证券的操作。 上述汇率目前采用汇率公允价。汇率公允价包括但不限于港股通结算汇兑比率、中国 外汇交易中心最新收盘价、中国外汇交易中心参考汇率或交易汇率、中国人民银行或其授权 机构最新公布的人民币汇率中间价、与基金托管人商定的其他公允价格等。 正常情况下，T日后的第5个开放日内， 基金管理人将申购应退款或补款与相关申购赎 回代理券商办理交收；T日后的第7个开放日内，基金管理人将应支付的赎回替代金额与相 关申购赎回代理券商办理交收。 若发生特殊情况， 基金管理人可以对交收日期进行相应调整。 39 如遇港股通临时停市等特殊情况，组合证券的代理卖出及结算价格可依次顺延至下一 港股通交易日直至交易正常，款项交收的日期也可相应顺延。如遇证券长期停牌、流动性不 足等可能导致收盘价或最后成交价不公允的特殊情况，可参照证券的估值价格，对结算价格 进行调整，如果基金管理人认为该证券复牌后的价格可能存在较大波动，且可能对基金资产 净值产生较大影响，为了更好的维护持有人利益，该证券对应的现金替代款的清算交收可在 其复牌后按照实际交易成本或者基金管理人认为合理的价格办理。 在此期间若该证券发生除 息、送股（转增） 、配股等重要权益变动，则进行相应调整。 4） 基金管理人可根据运作情况调整代理申赎投资者买券卖券的相关规则并按规定公告。 5）未来如港股通交易、结算规则发生改变，或深圳证券交易所,申购赎回清单：指由基金管理人编制的用以公告申购对价、赎回对价等信息的文件 49、申购对价：指投资人申购基金份额时，按基金合同和招募说明书规定应交付的现金 替代、现金差额和其他对价 50、赎回对价：指基金份额持有人赎回基金份额时，基金管理人按基金合同和招募说明 书规定应交付给赎回人的现金替代、现金差额和其他对价 51、标的指数：本基金标的指数为中证港股通50指数 52、组合证券：指本基金标的指数所包含的全部或部分证券 53、最小申购赎回单位：指本基金申购份额、赎回份额的最低数量，投资人申购或赎回 的基金份额数应为最小申购赎回单位的整数倍 54、现金替代：指申购或赎回过程中，投资人按基金合同和招募说明书的规定，用于替 代组合证券中全部或部分证券的一定数量的现金 55、现金差额：指最小申购赎回单位的资产净值与按当日收盘价计算的最小申购赎回单 位中的组合证券市值和现金替代之差；投资人申购或赎回时应支付或应获得的现金差额根据 最小申购赎回单位对应的现金差额、申购或赎回的基金份额数计算 56、元：指人民币元 57、基金利润：指基金利息收入、汇兑损益、投资收益、公允价值变动收益和其他收入 扣除相关费用后的余额 58、基金资产总值：指基金拥有的各类有价证券及票据价值、银行存款本息、基金应收 申购款及其他资产的价值总和 59、基金资产净值：指基金资产总值减去基金负债后的价值 60、基金份额净值：指计算日基金资产净值除以计算日基金份额总数 61、基金资产估值：指计算评估基金资产和负债的价值，以确定基金资产净值和基金份 额净值的过程 62、规定媒介：指符合中国证监会规,/Users/ellis/工具程序开发/港股通逐标的分析/临时数据/159126/159126_招募说明书_20251010.txt
48,520940,华安恒指港股通ETF,华安恒指港股通交易型开放式指数证券投资基金更新的招募说明书(2026年第1号),2026-02-27,额的交收适用业务 规则的规定和参与各方相关协议的有关规定。 本基金申购业务采用实时逐笔全额结算（ Real Time Gross Settlement， 简称 RTGS）模式；赎回业务涉及的现金替代采用代收代付处理；申购、赎回业 务涉及的现金差额和现金替代退补款采用代收代付处理。 1）申购的清算交收 投资者 T 日申购后，如交易记录已勾单且申购资金足额的，登记机构在 T 日日间实时办理基金份额及现金替代的交收； T 日日间未进行勾单确认或日间 资金不足的，登记机构在 T 日日终根据资金是否足额办理基金份额及现金替代 的清算交收，并将结果发送给基金管理人、申购赎回代理券商和基金托管人。 基金管理人在 T+1 日办理现金差额的清算，并将结果发送给申购赎回代理券商、 基金管理人和基金托,"理申赎投资者买券卖券的相关规则并 按规定公告。 6）未来如港股通的交易、结算规则发生改变，或上海证券交易所、登记机 构有关申购赎回交易结算规则发生改变，或基金管理人与基金托管人之间的结 算相关安排发生改变等，基金管理人可对上述相关现金替代处理规则进行调整， 并按规定公告。 在系统支持的情况下，对于 T 日的申购赎回申请，基金管理人有权进行轧 差处理，针对净申购，购入净申购份额对应的组合证券中被替代的股票，针对 净赎回，卖出净赎回份额对应的组合证券中被替代的股票，基金管理人有权购 入或者卖出不等于轧差处理后的上述被替代的股票的任意数量。 （3）必须现金替代 1）适用情形：必须现金替代的证券一般是由于标的指数调整，即将被剔除 的成份股；或法律法规限制投资的证券；或基金管理人出于保护基金份额持有 人利益等原因认为有必要实行必须现金替代的成份股。 2）替代金额：对于必须现金替代的证券，基金管理人将在申购、赎回清单 中公告替代的一定数量的现金，即 ""固定替代金额""。固定替代金额的计算方法 为申购、赎回清单中该证券的数量乘以其 T 日预计开盘价并按照 T-1 日汇率换 算或基金管理人认为合理的其他方法。 4、预估现金部分相关内容 预估现金部分是指，为便于申购赎回代理券商预先冻结申请申购、赎回 的 投资人的相应资金，由基金管理人计算的现金数额。 第 50 页 共 146 页 T 日申购、赎回清单中公告 T 日预估现金部分。其计算公式为： T 日预估现金部分＝T-1 日最小申购赎回单位的基金资产净值－（申购、赎 回清单中必须现金替代成份股的替代金额＋申购、赎回清单中可以现金替代的 成份股的数量与其T 日预计开盘价（港元计价）及 T-1 日汇率的乘积之和） 其中，T 日预计开盘价主要根据指数公司提",申购现金替代保证金的处理程序 T 日，基金管理人在申购、赎回清单中公布现金替代溢价比率，并据此收 取申购现金替代保证金。 对于确认成功的 T 日申购申请，基金管理人在收到申购确认信息后，根据 申购申请代理买入被替代证券。基金管理人有权在 T 日内任意时刻以收到的申 购现金替代保证金代投资者买入小于或等于被替代证券数量的任意数量的被替 代证券。基金管理人有权根据基金投资的需要自主决定不买入部分被替代证 券， 第 48 页 共 146 页 或者不进行任何买入证券的操作。 T 日日终，基金管理人根据所购入的被替代 证券的实际单位购入成本（包括买入价格与相关费用）和未买入的被替代证券 的 T 日收盘价（折算为人民币，目前折算汇率采用 T 日估值汇率，基金管理人 可根据情况调整所使用的折算汇率，并及时公告；被替代证券 T 日在证券交易 所无交易的，取最近交易日的收盘价，交易日无收盘价的，取最后成交价）计 算被替代证券的单位结算成本，在此基础上根据替代证券数量和申购现金替代 保证金确定基金应退还投资者或投资者应补交的款项。T 日后的 3 个港股通交 易日内，基金管理人将应退款或补款 与相关申购赎回代理券商办理交收。若发 生特殊情况，基金管理人可以对交收日期进行相应调整。 如遇港股通临时停市、港股通交易当日额度使用完毕而暂停或停止接受买 入申报等特殊情况，基金管理人可考虑根据实际情况将港市组合证券的代理买 入及结算价格顺延至下一港股通交易日直至交易正常。如遇港市成份证券长期 停牌、流动性不足等可能导致收盘价或最后成交价不公允的特殊情况，可参照 证券的估值价格，对结算价格进行调整，如果基金管理人认为该证券复牌后的 价格可能存在较大波动，且可能对基金资产净值产生较大影响，为了更好的维 护持有人利益，该证券对应的现金替代退补款的清算交收可在其复牌后按照实 际交易成本办理。在此期间若该证券发生除息、送股（转增）、配股等重要权 益变动，则进行相应调整。 4）赎回替代金额的处理程序 对于确认成功的 T 日赎回申请，基金管理人在收到赎回确认信息后，根据 赎回申请代理卖出被替代证券。基金管理人有权在 T 日内任意时刻代投资者卖 出小于或等于被替代证券数量的任意数量的被替代证券。基金管理人有权根据 基金投资的需要自主决定不卖出部分被替代证券，或者不进行任何卖出证券的 操作。T 日日终，基金管理人根据所卖出的被替代证券的实际单位卖出金额 （扣除相关费用）和未卖出的被替代证券的 T 日收盘价（折算为人民币，目前 折算汇率采用 T 日估值汇率，基金管理人可根据情况调整所使用的折算汇率， 并及时公告，被替代证券 T 日在证券交易所无交易的，取最近交易日的收盘价， 交易日无收盘价的，取最后成交价）计算被替代证券的单位结算金额，在此基 础上根据替代证券数量确定赎回替代金额。T 日后的第 2 个港股通交,"赎回替代金额的处理程序 对于确认成功的 T 日赎回申请，基金管理人在收到赎回确认信息后，根据 赎回申请代理卖出被替代证券。基金管理人有权在 T 日内任意时刻代投资者卖 出小于或等于被替代证券数量的任意数量的被替代证券。基金管理人有权根据 基金投资的需要自主决定不卖出部分被替代证券，或者不进行任何卖出证券的 操作。T 日日终，基金管理人根据所卖出的被替代证券的实际单位卖出金额 （扣除相关费用）和未卖出的被替代证券的 T 日收盘价（折算为人民币，目前 折算汇率采用 T 日估值汇率，基金管理人可根据情况调整所使用的折算汇率， 并及时公告，被替代证券 T 日在证券交易所无交易的，取最近交易日的收盘价， 交易日无收盘价的，取最后成交价）计算被替代证券的单位结算金额，在此基 础上根据替代证券数量确定赎回替代金额。T 日后的第 2 个港股通交收日后的 第 2 个工作日内，基金管理人将应支付的赎回替代金额与相关申购赎回代理券 第 49 页 共 146 页 商办理交收。若发生特殊情况，基金管理人可以对交收日期进行相应调整。 如遇港股通临时停市等特殊情况，港市组合证券 的代理卖出及结算价格可 依次顺延至下一港股通交易日直至交易正常。如遇港市成份证券长期停牌、流 动性不足等可能导致收盘价或最后成交价不公允的特殊情况，可参照证券的估 值价格，对结算价格进行调整，如果基金管理人认为该证券复牌后的价格可能 存在较大波动，且可能对基金资产净值产生较大影响，为了更好的维护持有人 利益，该证券对应的现金替代款的清算交收可在其复牌后按照实际交易成本办 理。在此期间若该证券发生除息、送股（转增）、配股等重要权益变动，则进 行相应调整。 5）基金管理人可根据运作情况调整代理申赎投资者买券卖券的相关规则并 按规定公告。 6）未来如港股通的交易、结算规则发生改变，或上海证券交易所、登记机 构有关申购赎回交易结算规则发生改变，或基金管理人与基金托管人之间的结 算相关安排发生改变等，基金管理人可对上述相关现金替代处理规则进行调整， 并按规定公告。 在系统支持的情况下，对于 T 日的申购赎回申请，基金管理人有权进行轧 差处理，针对净申购，购入净申购份额对应的组合证券中被替代的股票，针对 净赎回，卖出净赎回份额对应的组合证券中被替代的股票，基金管理人有权购 入或者卖出不等于轧差处理后的上述被替代的股票的任意数量。 （3）必须现金替代 1）适用情形：必须现金替代的证券一般是由于标的指数调整，即将被剔除 的成份股；或法律法规限制投资的证券；或基金管理人出于保护基金份额持有 人利益等原因认为有必要实行必须现金替代的成份股。 2）替代金额：对于必须现金替代的证券，基金管理人将在申购、赎回清单 中公告替代的一定数量的现金，即 ""固定替代金额""。固定替代金额的计算方法 为申购、赎回清单中该证券的数量乘以其 T 日预计开盘",单：指由基金管理人编制的用以公告场内申购对价、场 内赎回对价等信息的文件 52、申购对价：指投资者申购基金份额时，按基金合同和招募说明书规定 应交付的现金替代、现金差额和/或其他对价 53、赎回对价：指基金份额持有人赎回基金份额时，基金管理人按基金合 同和招募说明书规定应交付给该基金份额持有人的现金替代、现金差额和/或其 他对价 54、标的指数：指本基金跟踪的基准指数，是由恒生指数有限公司发布的 恒指港股通指数 55、最小申购、赎回单位：指本基金申购份额、赎回份额的最低数量，投 资者申购、赎回的基金份额应为最小申购、赎回单位的整数倍 56、组合证券：指本基金标的指数所包含的全部或部分证券 57、现金替代：指申购、赎回过程中，投资者按基金合同和招募说明书的 规定，用于替代组合证券的一定数量的现金 58、现金差额：指申购、赎回过程中，最小申购、赎回单位的资产净值与 按当日收盘价计算的最小申购、赎回单位中的组合证券市值和现金替代之差； 第 11 页 共 146 页 投资者申购、赎回时应支付或应获得的现金差额根据最小申购、赎回单位对应 的现金差额、申购或赎回的基金份额数计算 59、基金份额参考净值：指基金管理人或基金管理人委托的机构在开市后 根据申购、赎回清单、组合证券内各证券的实时成交数据、汇率等数据计算并 通过上海证券交易所在交易时间内发布的基金份额参考净值，简称“IOPV” 60、预估现金部分：指申购、赎回过程中，为便于计算基金份额参考净 值 及申购赎回代理券商预先冻结申请申购、赎回的投资者的相应资金，由基金管 理人计算并公布的现金数额 61、基金,/Users/ellis/工具程序开发/港股通逐标的分析/临时数据/520940/520940_更新招募说明书_20260227.txt
49,513550,华泰柏瑞中证港股通50ETF,华泰柏瑞中证港股通50交易型开放式指数证券投资基金更新的招募说明书2025年第5号,2025-12-24,参与各方相关协议及其不时修订的有关规定。 本基金现金申购业务中的现金替代采用实时逐笔全额结算（Real Time Gross Settlement， 以下简称 RTGS）模式处理；现金赎回业务中的现金替代采用代收代付处理；现金申购、赎回 业务涉及的现金差额和现金替代退补款采用代收代付处理。 投资者 T 日现金申购后，如交易记录已勾单且申购资金足额的，登记结算机构在 T 日日 间实时办理基金份额及现金替代的交收；T日日间未进行勾单确认或日间资金不足的，登记结 算机构在 T 日日终根据资金是否足额办理基金份额及现金替代的清算交收，并将结果发送给 基金管理人、申购赎回代理券商和基金托管人。登记机构在 T+1 日办理现金差额的清算，并 华泰柏瑞中证港股通 50 交易型开放式指数证券投资基,,申购替代金额的处理程序 对于确认成功的 T 日申购申请，在 T 日（指上海证券交易所与香港交易所的共同交易日） 内，基金管理人以收到的申购替代金额代投资者买入被替代证券。基金管理人有权在 T 日 （指上海证券交易所与香港交易所的共同交易日）内任意时刻以收到的申购替代金额代投资 者买入小于等于被替代证券数量的任意数量的被替代证券。基金管理人有权根据基金投资的 需要自主决定不买入部分被替代证券，或者不进行任何买入证券的操作。 在 T 日（指上海证券交易所与香港交易所的共同交易日）日终，基金管理人已买入的证 券，依据申购的替代金额与被替代证券的实际买入成本（包括 买入价格与相关交易费用）的 差额，确定基金应退还投资者或投资者应补交的款项；未买入的证券，依据申购的替代金额 与被替代证券 T 日（指上海证券交易所与香港交易所的共同交易日）收盘价（需用汇率公允 价折算为人民币，当日在证券交易所无交易的，取最近交易日的收盘价，当日无收盘价的， 取最后成交价）的差额，确定基金应退还投资者或投资者应补交的款项。 在此期间若该部分证券发生除息、送股（转增）、配股等重要权益变动，则进行相应调 整。正常情况下，T日后的第2个港股通交收日后的第2个工作日内，基金管理人将应退款或 补款与相关申购赎回代理机构办理交收。若发生特殊情况，基金管理人可以对交收日期进行 相应调整。 如遇港股通临时停市、港股通交易每日额度或总额度不足等特殊情况，组合证券的代理 买入及结算价格可依次顺延至下一港股通交易日直至交易正常。如遇证券长期停牌、流动性 不足等可能导致收盘价或最后成交价不公允的特殊情况，可参照证券的估值价格，对结算价 格进行调整，如果基金管理人认为该证券复牌后的价格可能存在较大波动，且可能对基金资 产净值产生较大影响，为了更好的维护持有人利益，该证券对应的现金替代款的清算交收可 在其复牌后按照实际交易成本办理。在此期间若该证 券发生除息、送股（转增）、配股等重 要权益变动，则进行相应调整。 上述汇率目前采用汇率公允价。汇率公允价包括中国人民银行或其授权机构最新公布的 人民币汇率中间价、中国外汇交易中心公布的人民币对主要货币参考汇率、与基金托管人商 定的其他公允价格（如：中国人民银行或国家外汇管理局或中国外汇交易中心正式对外发文 后公布的人民币兑主要外汇当日收盘价）等。 ④赎回替代金额的处理程序 对于确认成功的 T 日赎回申请，在 T 日（指上海证券交易所与香港交易所的共同交易日） 内，基金管理人根据赎回申请代投资者卖出被替代证券。基金管理人有权在 T 日（指上海证 券交易所与香港交易所的共同交易日）内任意时刻代投资者卖出小于等于被替代证券数量的 华泰柏瑞中证港股通 50 交易型开放式指数证券投资基金 36 任意数量的被替代证券。基金管理人有权根据基金投资的需要自主决定不卖出部分被替代证 券，或,替代金额的处理程序 对于确认成功的 T 日申购申请，在 T 日（指上海证券交易所与香港交易所的共同交易日） 内，基金管理人以收到的申购替代金额代投资者买入被替代证券。基金管理人有权在 T 日 （指上海证券交易所与香港交易所的共同交易日）内任意时刻以收到的申购替代金额代投资 者买入小于等于被替代证券数量的任意数量的被替代证券。基金管理人有权根据基金投资的 需要自主决定不买入部分被替代证券，或者不进行任何买入证券的操作。 在 T 日（指上海证券交易所与香港交易所的共同交易日）日终，基金管理人已买入的证 券，依据申购的替代金额与被替代证券的实际买入成本（包括 买入价格与相关交易费用）的 差额，确定基金应退还投资者或投资者应补交的款项；未买入的证券，依据申购的替代金额 与被替代证券 T 日（指上海证券交易所与香港交易所的共同交易日）收盘价（需用汇率公允 价折算为人民币，当日在证券交易所无交易的，取最近交易日的收盘价，当日无收盘价的， 取最后成交价）的差额，确定基金应退还投资者或投资者应补交的款项。 在此期间若该部分证券发生除息、送股（转增）、配股等重要权益变动，则进行相应调 整。正常情况下，T日后的第2个港股通交收日后的第2个工作日内，基金管理人将应退款或 补款与相关申购赎回代理机构办理交收。若发生特殊情况，基金管理人可以对交收日期进行 相应调整。 如遇港股通临时停市、港股通交易每日额度或总额度不足等特殊情况，组合证券的代理 买入及结算价格可依次顺延至下一港股通交易日直至交易正常。如遇证券长期停牌、流动性 不足等可能导致收盘价或最后成交价不公允的特殊情况，可参照证券的估值价格，对结算价 格进行调整，如果基金管理人认为该证券复牌后的价格可能存在较大波动，且可能对基金资 产净值产生较大影响，为了更好的维护持有人利益，该证券对应的现金替代款的清算交收可 在其复牌后按照实际交易成本办理。在此期间若该证 券发生除息、送股（转增）、配股等重 要权益变动，则进行相应调整。 上述汇率目前采用汇率公允价。汇率公允价包括中国人民银行或其授权机构最新公布的 人民币汇率中间价、中国外汇交易中心公布的人民币对主要货币参考汇率、与基金托管人商 定的其他公允价格（如：中国人民银行或国家外汇管理局或中国外汇交易中心正式对外发文 后公布的人民币兑主要外汇当日收盘价）等。 ④赎回替代金额的处理程序 对于确认成功的 T 日赎回申请，在 T 日（指上海证券交易所与香港交易所的共同交易日） 内，基金管理人根据赎回申请代投资者卖出被替代证券。基金管理人有权在 T 日（指上海证 券交易所与香港交易所的共同交易日）内任意时刻代投资者卖出小于等于被替代证券数量的 华泰柏瑞中证港股通 50 交易型开放式指数证券投资基金 36 任意数量的被替代证券。基金管理人有权根据基金投资的需要自主决定不卖出部分被替代证 券，或者不,信息的文 件 49、组合证券：指标的指数所包含的全部或部分证券 50、申购对价：指投资者申购基金份额时，按基金合同和招募说明书规定应交付的组合 证券、现金替代、现金差额及其他对价 51、赎回对价：指投资者赎回基金份额时，基金管理人按基金合同和招募说明书规定应 交付给赎回人的组合证券、现金替代、现金差额及其他对价 52、标的指数：指中证指数有限公司编制并发布的中证港股通50 指数及其未来可能发生 的变更 53、完全复制法：指一种跟踪指数的方法。通过购买标的指数中的所有成份证券，并且 按照每种成份证券在标的指数中的权重确定购买的比例以构建指数组合，达到复制指数的目 的 54、现金替代：指申购、赎回过程中，投资者按基金合同和招募说明书的规定，用于替 代组合证券中全部或部分证券的一定数量的现金 55、现金差额：指最小申购、赎回单位的资产净值与按当日收盘价计算的最小申购、赎 回单位中的组合证券市值和现金替代之差；投资者申购、赎回时应支付或应获得的现金差额 根据最小申购、赎回单位对应的现金差额、申购或赎回的基金份额数计算 56、预估现金差额：指由基金管理人计算并在 T 日申购赎回清单中公布的当日现金差额 预估值，预估现金差额由申购赎回代理券商预先冻结 华泰柏瑞中证港股通 50 交易型开放式指数证券投资基金 5 57、基金份额参考净值：指基金管理人或者基金管理人委托的指数服务机构根据 申购赎 回清单和组合证券内各只证券的实时成交数据 和汇率数据计算并由上海证券交易所在交易时 间内发布的基金份额参考净值，简称IOPV 58、最小申购、赎回单位：指申购份额、赎回份,/Users/ellis/工具程序开发/港股通逐标的分析/临时数据/513550/513550_更新招募说明书_20251224.txt
50,159266,永赢中证港股通央企红利ETF,永赢中证港股通央企红利交易型开放式指数证券投资基金更新招募说明书(2026年第1号),2026-06-30,替代、现金差额及其他对价的 清算交收适用深圳证券交易所、中国证券登记结算有限责任公司相关业务规则和参 与各方相关协议及其不时修订的有关规定。 本基金申购业务采用RTGS（实时逐笔全额结算）模式；赎回业务涉及的现金替 代采用代收代付处理；申购、赎回业务涉及的现金差额和现金替代退补款可采用代 收代付处理。 投资者T日现金申购后，如交易记录已勾单且申购资金足额的，登记机构在T日 日间实时办理基金份额及现金替代的交收；T日日间未进行勾单确认或日间资金不 足的，登记机构在T日日终根据资金是否足额办理基金份额及现金替代的清算交 收，并将结果发送给基金管理人、申购赎回代理机构和基金托管人。基金管理人与 申购赎回代理机构在T+2日办理现金差额的交收。 投资者T日赎回申请受理后，登记机构在T日收市,,申购替代金额的处理程序 对于确认成功的T日申购申请，T日内基金管理人根据申购规模进行组合证券的 代理买入。T日日终，基金管理人根据所购入的被替代证券的实际单位购入成本、 实际购入的相关费用、未购入的被替代证券的T日收盘价（折算为人民币，折算汇 率采用当天的估值汇率；被替代证券T日无交易的，取最近交易日的收盘价；交易 42 永赢中证港股通央企红利交易型开放式指数证券投资基金 更新招募说明书(2026 年第 1 号) 日无收盘价的，取最后成交价）计算并确定被替代证券的单位结算成本，在此基础 上根据替代证券数量和申购现金替代金额确定基金应退还投资人的款项或投资人应 补交的款项。T日后的3个港股通交易日内，基金管理人将应退款或补款与相关申购 赎回代理机构办理交收。若发生特殊情况，基金管理人可以对交收日期进行相应调 整。 如遇港股通临时停市、港股通交易每日额度或总额度不足等特殊情况，组合证 券的代理买入及结算价格可依次顺延至下一港股通交易日直至交易正常。如遇证券 长期停牌、流动性不足等可能导致收盘价或最后成交价不公允的特殊情况，可参照 证券的估值价格，对结算价格进行调整。如果基金管理人认为该证券复牌后的价格 可能存在较大波动，且可能对基金资产净值产生较大影响，为了更好的维护基金份 额持有人利益，该证券对应的现金替代款的清算交收可在其复牌后按照实际交易成 本办理。在此期间若该证券发生除息、送股（转增） 、配股等重要权益变动，则进 行相应调整。 ④赎回替代金额的处理程序 对于确认成功的T日赎回申请，T日内基金管理人根据所卖出的被替代证券的实 际单位卖出成本、实际卖出的相关费用、未卖出的被替代证券的T日收盘价（折算 为人民币，折算汇率采用当天的估值汇率；被替代证券T日无交易的，取最近交易 日的收盘价；交易日无收盘价的，取最后成交价）计算并确定被替代证券的单位结 算成本，在此基础上根据替代组合证券数量确定赎回替代金额。T日后的第3个港股 通交收日后的2个工作日内，基金管理人将应支付的赎回现金替代款与相关申购赎 回代理机构办理交收。若发生特殊情况，基金管理人可以对交收日期进行相应调 整。 如遇港股通临时停市等特殊情况，组合证券的代理卖出及结算价格可依次顺延 至下一港股通交易日直至交易正常。如遇证券长期停牌、流动性不足等可能导致收 盘价或最后成交价不公允的特殊情况，可参照证券的估值价格，对结算价格进行调 整。如果基金管理人认为该证券复牌后的价格可能存在较大波动，且可能对基金资 产净值产生较大影响，为了更好的维护基金份额持有人利益，该证券对应的现金替 代款的清算交收可在其复牌后按照实际交易成本办理。在此期间若该证券发生除 息、送股（转增） 、配股等重要权益变动，则进行相应调整。 ⑤基金管理人有权根据实际情况对上述申购和赎回的现金替代处理程序进行调 43 永赢中证港股通央企红利交易型,替代金额的处理程序 对于确认成功的T日申购申请，T日内基金管理人根据申购规模进行组合证券的 代理买入。T日日终，基金管理人根据所购入的被替代证券的实际单位购入成本、 实际购入的相关费用、未购入的被替代证券的T日收盘价（折算为人民币，折算汇 率采用当天的估值汇率；被替代证券T日无交易的，取最近交易日的收盘价；交易 42 永赢中证港股通央企红利交易型开放式指数证券投资基金 更新招募说明书(2026 年第 1 号) 日无收盘价的，取最后成交价）计算并确定被替代证券的单位结算成本，在此基础 上根据替代证券数量和申购现金替代金额确定基金应退还投资人的款项或投资人应 补交的款项。T日后的3个港股通交易日内，基金管理人将应退款或补款与相关申购 赎回代理机构办理交收。若发生特殊情况，基金管理人可以对交收日期进行相应调 整。 如遇港股通临时停市、港股通交易每日额度或总额度不足等特殊情况，组合证 券的代理买入及结算价格可依次顺延至下一港股通交易日直至交易正常。如遇证券 长期停牌、流动性不足等可能导致收盘价或最后成交价不公允的特殊情况，可参照 证券的估值价格，对结算价格进行调整。如果基金管理人认为该证券复牌后的价格 可能存在较大波动，且可能对基金资产净值产生较大影响，为了更好的维护基金份 额持有人利益，该证券对应的现金替代款的清算交收可在其复牌后按照实际交易成 本办理。在此期间若该证券发生除息、送股（转增） 、配股等重要权益变动，则进 行相应调整。 ④赎回替代金额的处理程序 对于确认成功的T日赎回申请，T日内基金管理人根据所卖出的被替代证券的实 际单位卖出成本、实际卖出的相关费用、未卖出的被替代证券的T日收盘价（折算 为人民币，折算汇率采用当天的估值汇率；被替代证券T日无交易的，取最近交易 日的收盘价；交易日无收盘价的，取最后成交价）计算并确定被替代证券的单位结 算成本，在此基础上根据替代组合证券数量确定赎回替代金额。T日后的第3个港股 通交收日后的2个工作日内，基金管理人将应支付的赎回现金替代款与相关申购赎 回代理机构办理交收。若发生特殊情况，基金管理人可以对交收日期进行相应调 整。 如遇港股通临时停市等特殊情况，组合证券的代理卖出及结算价格可依次顺延 至下一港股通交易日直至交易正常。如遇证券长期停牌、流动性不足等可能导致收 盘价或最后成交价不公允的特殊情况，可参照证券的估值价格，对结算价格进行调 整。如果基金管理人认为该证券复牌后的价格可能存在较大波动，且可能对基金资 产净值产生较大影响，为了更好的维护基金份额持有人利益，该证券对应的现金替 代款的清算交收可在其复牌后按照实际交易成本办理。在此期间若该证券发生除 息、送股（转增） 、配股等重要权益变动，则进行相应调整。 ⑤基金管理人有权根据实际情况对上述申购和赎回的现金替代处理程序进行调 43 永赢中证港股通央企红利交易型开放,购赎回清单：指由基金管理人编制的用以公告申购对价、赎回对价等信 息的文件 47、申购对价：指投资人申购基金份额时，按基金合同和招募说明书规定应交 付的现金替代、现金差额及其他对价 48、赎回对价：指基金份额持有人赎回基金份额时，基金管理人按基金合同和 招募说明书规定应交付给赎回人的现金替代、现金差额及其他对价 49、标的指数：指中证港股通央企红利指数 50、组合证券：指本基金标的指数所包含的全部或部分证券 51、完全复制法：指一种构建跟踪指数的投资组合的方法。通过购买标的指数 中的所有成份证券，并且按照每种成份证券在标的指数中的权重确定购买的比例以 构建指数组合，以达到复制指数的目的 52、最小申购、赎回单位：指本基金申购份额、赎回份额的最低数量，投资人 申购、赎回的基金份额数应为最小申购、赎回单位的整数倍 53、现金替代：指申购、赎回过程中，投资人按基金合同和招募说明书的规 定，用于替代组合证券中全部或部分证券的一定数量的现金 54、现金差额：指最小申购、赎回单位的资产净值与按T日收盘价计算的最小 申购、赎回单位中的组合证券市值和现金替代之差；投资人申购、赎回时应支付或 应获得的现金差额根据最小申购、赎回单位对应的现金差额和申购或赎回的最小申 购、赎回单位数量计算 12 永赢中证港股通央企红利交易型开放式指数证券投资基金 更新招募说明书(2026 年第 1 号) 55、现金替代退补款：指投资者支付的现金替代与基金购入被替代成份证券的 成本及相关费用的差额。若现金替代大于本基金购入被替代成份证券的成本及相关 费用，则本基金需向投资者退还差额，若现,/Users/ellis/工具程序开发/港股通逐标的分析/临时数据/159266/159266_更新招募说明书_20260630.txt
51,510900,易方达恒生国企(QDII-ETF),易方达恒生中国企业交易型开放式指数证券投资基金更新的招募说明书,2026-01-08,投资顾问。 基金的过往业绩并不预示其未来表现。 在目前结算规则下，投资者当日申购的基金份额，清算交收完成后方可卖出和赎回， 即 T 日申购的基金份额且日间完成 RTGS(实时逐笔全额结算)交收的，T 日可卖出和赎回， 而 T 日申购的基金份额且日终完成逐笔全额非担保交收的，T+1 日方可卖出和赎回。当日 买入的基金份额，同日可以赎回或卖出。由于登记结算机构对现金替代采取非净额结算交 收模式，当投资者赎回申请被登记结算机构确认后，被赎回的基金份额即被记减，但此时 投资者尚未收到赎回现金替代款。投资者投资本基金时需具有证券账户，证券账户是指上 海证券交易所 A 股账户或上海证券交易所证券投资基金账户。 投资者投资于本基金前请认真阅读证券交易所和登记结算机构关于 ETF 的相关业务规,"一般是由于标的指数调整,即将被剔除的成份证券； 或法律法规限制投资的证券；或基金管理人出于保护基金份额持有人利益等原因认为有必 要实行必须现金替代的成份证券。 2）替代金额：对于必须现金替代的证券,基金管理人将在申购、赎回清单中公告替代 的一定数量的现金,即""固定替代金额""。 固定替代金额的计算方法为申购、 赎回清单中该证 券的数量乘以其 T 日预计开盘价并按照 T-1 日估值汇率换算或基金管理人认为合理的其他 方法。 （4） 在系统支持的情况下， 对于T 日的申购赎回申请， 基金管理人有权进行轧差处理， 针对净申购，购入净申购份额对应的组合证券中被替代的香港证券，针对净赎回，卖出净 赎回份额对应的组合证券中被替代的香港证券，基金管理人有权购入或者卖出不等于轧差 处理后的上述被替代的香港证券的任意数量。 （5） 基金管理人可根据运作情况调整代理申赎投资者买券卖券的相关规则并按规定公 告。 （6） 未来如相关证券的交易、 结算规则发生改变， 或上海证券交易所、 登记结算机构 有关申购赎回交易结算规则发生改变，或基金管理人与基金托管人之间的结算相关安排发 生改变等，基金管理人可对上述相关现金替代处理规则进行调整，并按规定公告。 4、预估现金部分相关内容 预估现金部分是指为便于计算基金份额参考净值及申购赎回代理券商预先冻结申请申 购、赎回的投资者的相应资金，由基金管理人计算的现金数额。 T 日申购、赎回清单中公告 T 日预估现金部分。其计算公式为： T 日预估现金部分＝T-1 日最小申购、赎回单位的基金资产净值－（申购、赎回清单 中必须现金替代成份证券的替代金额＋申购、赎回清单中可以现金替代成份证券的数量、T 日预计开盘价以及 T-1 日估值汇率的相乘之和） 如果 T 日前一香港证券交","申购现金替代保证金的处理程序 T 日，基金管理人在申购、 赎回清单中公布申购现金替代溢价比例,并据此收取申购现 金替代保证金。 基金管理人在 T+1 日内购入组合证券中被替代的香港证券。基金管理人有权在 T+1 日 内任意时刻，以收到的申购替代金额代投资者购入组合证券中被替代的香港证券的任意数 量。对于确认成功的 T 日申购申请，基金管理人可以通过在香港市场交易或港股通等方式 代投资者买入相关证券。 正常情况下， 对于确认成功的T 日申购申请， 基金管理人根据T+1 日所购入的被替代证券的实际单位购入成本（包括买入价格与相关费用，折算为人民币， 折算汇率采用基金管理人和基金托管人商定的汇率公允价，汇率公允价包括中国人民银行 53 或其授权机构公布的人民币汇率中间价、中国外汇交易中心参考汇率、中国外汇交易中心 收盘价、与基金托管人商定的其他公允价格等）和未购入的被替代证券 T+1 日收盘价（折 算为人民币，折算汇率采用基金管理人和基金托管人商定的汇率公允价，汇率公允价包括 中国人民银行或其授权机构公布的人民币汇率中间价、中国外汇交易中心参考汇率、中国 外汇交易中心收盘价、与基金托管人商定的其他公允价格等；被替代证券 T+1 日在证券交 易所无交易的，取最近交易日的收盘价）计算被替代证券的单位结算成本，在此基础上根 据替代证券数量和申购现金替代保证金确定基金应退还投资者或投资者应补交的款项，若 T 日后至 T+1 日期间发生除息、送股（转增）、配股等重要权益变动，则进行相应调整。 正常情况下，T+1 日后的第 3 个港股通交易日内，基金管理人将香港证券的应退款或补款 与相关申购赎回代理券商办理交收。当交收期间出现港股通交易日为非港股通交收日时， 款项交收日期顺延。若发生特殊情况，基金管理人可以对交收日期进行相应调整。 如遇证券长期停牌、流动性不足等可能导致收盘价或最后成交价不公允的特殊情况， 可参照证券的估值价格，对结算价格进行调整，如果基金管理人认为该证券复牌后的价格 可能存在较大波动，且可能对基金资产净值产生较大影响，为了更好的维护持有人利益， 该证券对应的现金替代退补款的清算交收可按照其复牌后实际交易成本或者基金管理人认 为合理的价格办理。在此期间若该证券发生除息、送股（转增）、配股等重要权益变动， 则进行相应调整。 4）赎回替代金额的处理程序 基金管理人在 T+1 日内卖出组合证券中被替代的香港证券。基金管理人有权在 T+1 日 内任意时刻代投资者卖出组合证券中被替代的香港证券的任意数量。对于确认成功的 T 日 赎回申请，基金管理人可以通过在香港市场交易或港股通等方式代投资者卖出相关证券。 正常情况下，对于确认成功的 T 日赎回申请，基金管理人根据 T+1 日所卖出的被替代证券 的实际单位卖出金额（扣除相关费用，折算为人民币，折算汇率采用基金管理人和基金","赎回替代金额的处理程序 基金管理人在 T+1 日内卖出组合证券中被替代的香港证券。基金管理人有权在 T+1 日 内任意时刻代投资者卖出组合证券中被替代的香港证券的任意数量。对于确认成功的 T 日 赎回申请，基金管理人可以通过在香港市场交易或港股通等方式代投资者卖出相关证券。 正常情况下，对于确认成功的 T 日赎回申请，基金管理人根据 T+1 日所卖出的被替代证券 的实际单位卖出金额（扣除相关费用，折算为人民币，折算汇率采用基金管理人和基金托 管人商定的汇率公允价，汇率公允价包括中国人民银行或其授权机构公布的人民币汇率中 间价、中国外汇交易中心参考汇率、中国外汇交易中心收盘价、与基金托管人商定的其他 公允价格等）和未卖出的被替代证券 T+1 日收盘价（折算为人民币，折算汇率采用基金管 理人和基金托管人商定的汇率公允价，汇率公允价包括中国人民银行或其授权机构公布的 人民币汇率中间价、中国外汇交易中心参考汇率、中国外汇交易中心收盘价、与基金托管 人商定的其他公允价格等；被替代证券 T+1 日在证券交易所无交易的，取最近交易日的收 盘价） 计算被替代证券的单位结算金额， 在此基础上根据替代证券数量确定赎回替代金额， 若 T 日后至 T+1 日期间发生除息、 送股 （转增） 、 配股等重要权益变动， 则进行相应调整。 正常情况下，T+1 日后的第 3 个港股通交易日内，基金管理人将应支付的赎回替代金额与 相关申购赎回代理券商办理交收。当交收期间出现港股通交易日为非港股通交收日时，款 项交收日期顺延。若发生特殊情况，基金管理人可以对交收日期进行相应调整。 54 如遇证券长期停牌、流动性不足等可能导致收盘价或最后成交价不公允的特殊情况， 可参照证券的估值价格，对结算价格进行调整，如果基金管理人认为该证券复牌后的价格 可能存在较大波动，且可能对基金资产净值产生较大影响，为了更好的维护持有人利益， 该证券对应的现金替代款的清算交收可按照其复牌后实际交易成本或者基金管理人认为合 理的价格办理。在此期间若该证券发生除息、送股（转增）、配股等重要权益变动，则进 行相应调整。 （3）必须现金替代 1）适用情形： 必须现金替代的证券一般是由于标的指数调整,即将被剔除的成份证券； 或法律法规限制投资的证券；或基金管理人出于保护基金份额持有人利益等原因认为有必 要实行必须现金替代的成份证券。 2）替代金额：对于必须现金替代的证券,基金管理人将在申购、赎回清单中公告替代 的一定数量的现金,即""固定替代金额""。 固定替代金额的计算方法为申购、 赎回清单中该证 券的数量乘以其 T 日预计开盘价并按照 T-1 日估值汇率换算或基金管理人认为合理的其他 方法。 （4） 在系统支持的情况下， 对于T 日的申购赎回申请， 基金管理人有权进行轧差处理， 针对净申购，购入净申购份额对应的组合证券中被替代的香",了解相关规则流程后方可参与本基金的 申购、赎回及交易。投资者一旦申购或赎回本基金，即表示对基金申购和赎回所涉及的登 记方式以及申购赎回所涉及组合证券、现金替代、现金差额等相关的交收方式及业务规则 已经认可。 本基金本次更新招募说明书对基金份额的交易章节相关信息进行更新，更新截止日为 2026 年 1 月 5 日，并更新了基金管理人相关信息，更新截止日为 2026 年 1 月 7 日。本基 金有关财务数据截止日为 2025 年9 月 30 日，净值表现截止日为 2025 年9 月 30 日，产品 申购赎回清单版本相关内容更新截止日为 2025 年 11 月 17 日， 除非另有说明， 本招募说明 书其他所载内容截止日为 2025 年 11 月 16 日。（本报告中财务数据未经审计） I 目 录 第一节 绪 言 ................................................... 1 第二节 释 义 ................................................... 2 第三节 风险揭示 ................................................. 7 一、 本基金特有的风险................................ ................................ ........ 7 二、 投资风险................................ ....................,/Users/ellis/工具程序开发/港股通逐标的分析/临时数据/510900/510900_更新招募说明书_20260108.txt
52,520890,华泰柏瑞恒生港股通高股息低波动ETF,华泰柏瑞恒生港股通高股息低波动交易型开放式指数证券投资基金更新的招募说明书2026年第1号,2026-08-13,方相关协议及其不时修订的有关规定。 本基金现金申购业务中的申购份额和现金替代采用实时逐笔全额结算（Real Time Gross Settlement，以下简称RTGS）模式处理；现金赎回业务中的现金替代采用代收代付处理；现 金申购、赎回业务涉及的现金差额和现金替代退补款采用代收代付处理。 投资者T日现金申购后，如交易记录已勾单且申购资金足额的，登记机构在T日日间实时 办理基金份额及现金替代的交收；T日日间未进行勾单确认或日间资金不足的，登记机构在T 日日终根据资金是否足额办理基金份额及现金替代的清算交收，并将结果发送给基金管理人、 申购赎回代理券商和基金托管人。登记机构在T+1日办理现金差额的清算，并将结果发送给 申购赎回代理券商、基金管理人和基金托管人。基金管理人与申购赎回代,,申购替代金额的处理程序 对于确认成功的T日申购申请，在T日（指上海证券交易所与香港交易所的共同交易日） 内，基金管理人以收到的申购替代金额代投资者买入被替代证券。基金管理人有权在T日 （指上海证券交易所与香港交易所的共同交易日）内任意时刻以收到的申购替代金额代投资 者买入小于等于被替代证券数量的任意数量的被替代证券。基金管理人有权根据基金投资的 需要自主决定不买入部分被替代证券，或者不进行任何买入证券的操作。 在T日（指上海证券交易所与香港交易所的共同交易日）日终，基金管理人已买入的证 券，依据申购的替代金额与被替代证券的实际买入成本（包括买入价格与相关交易费用）的 差额，确定基金应退还投资者或投资者应补交的款项；未买入的证券，依据申购的替代金额 与被替代证券T日（指上海证券交易所与香港交易所的共同交易日）收盘价（需用汇率公允 价折算为人民币，当日在证券交易所无交易的，取最近交易日的收盘价，当日无收盘价的， 取最后成交价）的差额，确定基金应退还投资者或投资者应补交的款项。 在此期间若该部分证券发生除息、送股（转增）、配股等重要权益变动，则进行相应调 整。正常情况下，T日后的第2个港股通交收日后的第2个工作日内，基金管理人将应退款或 补款与相关申购赎回代理机构办理交收。若发生特殊情况，基金管理人可以对交收日期进行 相应调整。 如遇港股通临时停市、港股通交易每日额度或总额度不足等特殊情况，组合证券的代理 买入及结算价格可依次顺延至下一港股通交易日直至交易正常。如遇证券长期停牌、流动性 不足等可能导致收盘价或最后成交价不公允的特殊情况，可参照证券的估值价格，对结算价 格进行调整，如果基金管理人认为该证券复牌后的价格可能存在较大波动，且可能对基金资 产净值产生较大影响，为了更好的维护持有人利益，该证券对应的现金替代款的清算交收可 在其复牌后按照实际交易成本办理。在此期间若该证券发生除息、送股（转增）、配股等重 要权益变动，则进行相应调整。 上述汇率目前采用汇率公允价。汇率公允价包括中国人民银行或其授权机构最新公布的 人民币汇率中间价、中国外汇交易中心公布的人民币对主要货币参考汇率、与基金托管人商 定的其他公允价格（如：中国人民银行或国家外汇管理局或中国外汇交易中心正式对外发文 后公布的人民币兑主要外汇当日收盘价）等。 ④赎回替代金额的处理程序 对于确认成功的T日赎回申请，在T日（指上海证券交易所与香港交易所的共同交易日） 内，基金管理人根据赎回申请代投资者卖出被替代证券。基金管理人有权在T日（指上海证 券交易所与香港交易所的共同交易日）内任意时刻代投资者卖出小于等于被替代证券数量的 任意数量的被替代证券。基金管理人有权根据基金投资的需要自主决定不卖出部分被替代证 券，或者不进行任何卖出证券的操作。 在T日（指上海证券交易所与香港交易所的共同交易日）日终，基金管理人已,替代金额的处理程序 对于确认成功的T日申购申请，在T日（指上海证券交易所与香港交易所的共同交易日） 内，基金管理人以收到的申购替代金额代投资者买入被替代证券。基金管理人有权在T日 （指上海证券交易所与香港交易所的共同交易日）内任意时刻以收到的申购替代金额代投资 者买入小于等于被替代证券数量的任意数量的被替代证券。基金管理人有权根据基金投资的 需要自主决定不买入部分被替代证券，或者不进行任何买入证券的操作。 在T日（指上海证券交易所与香港交易所的共同交易日）日终，基金管理人已买入的证 券，依据申购的替代金额与被替代证券的实际买入成本（包括买入价格与相关交易费用）的 差额，确定基金应退还投资者或投资者应补交的款项；未买入的证券，依据申购的替代金额 与被替代证券T日（指上海证券交易所与香港交易所的共同交易日）收盘价（需用汇率公允 价折算为人民币，当日在证券交易所无交易的，取最近交易日的收盘价，当日无收盘价的， 取最后成交价）的差额，确定基金应退还投资者或投资者应补交的款项。 在此期间若该部分证券发生除息、送股（转增）、配股等重要权益变动，则进行相应调 整。正常情况下，T日后的第2个港股通交收日后的第2个工作日内，基金管理人将应退款或 补款与相关申购赎回代理机构办理交收。若发生特殊情况，基金管理人可以对交收日期进行 相应调整。 如遇港股通临时停市、港股通交易每日额度或总额度不足等特殊情况，组合证券的代理 买入及结算价格可依次顺延至下一港股通交易日直至交易正常。如遇证券长期停牌、流动性 不足等可能导致收盘价或最后成交价不公允的特殊情况，可参照证券的估值价格，对结算价 格进行调整，如果基金管理人认为该证券复牌后的价格可能存在较大波动，且可能对基金资 产净值产生较大影响，为了更好的维护持有人利益，该证券对应的现金替代款的清算交收可 在其复牌后按照实际交易成本办理。在此期间若该证券发生除息、送股（转增）、配股等重 要权益变动，则进行相应调整。 上述汇率目前采用汇率公允价。汇率公允价包括中国人民银行或其授权机构最新公布的 人民币汇率中间价、中国外汇交易中心公布的人民币对主要货币参考汇率、与基金托管人商 定的其他公允价格（如：中国人民银行或国家外汇管理局或中国外汇交易中心正式对外发文 后公布的人民币兑主要外汇当日收盘价）等。 ④赎回替代金额的处理程序 对于确认成功的T日赎回申请，在T日（指上海证券交易所与香港交易所的共同交易日） 内，基金管理人根据赎回申请代投资者卖出被替代证券。基金管理人有权在T日（指上海证 券交易所与香港交易所的共同交易日）内任意时刻代投资者卖出小于等于被替代证券数量的 任意数量的被替代证券。基金管理人有权根据基金投资的需要自主决定不卖出部分被替代证 券，或者不进行任何卖出证券的操作。 在T日（指上海证券交易所与香港交易所的共同交易日）日终，基金管理人已卖出,赎回对价等信息的文 件 47、组合证券：指标的指数所包含的全部或部分证券 48、申购对价：指投资者申购基金份额时，按基金合同和招募说明书规定应交付的现金 替代、现金差额及其他对价 49、赎回对价：指投资者赎回基金份额时，基金管理人按基金合同和招募说明书规定应 交付给赎回人的现金替代、现金差额及其他对价 50、标的指数：指恒生指数有限公司编制并发布的恒生港股通高股息低波动指数及其未 来可能发生的变更 51、完全复制法：指一种跟踪指数的方法。通过购买标的指数中的所有成份证券，并且 按照每种成份证券在标的指数中的权重确定购买的比例以构建指数组合，达到复制指数的目 的 52、现金替代：指申购、赎回过程中，投资者按基金合同和招募说明书的规定，用于替 代组合证券中全部或部分证券的一定数量的现金 53、现金差额：指最小申购、赎回单位的资产净值与按当日收盘价计算的最小申购、赎 回单位中的组合证券市值和现金替代之差；投资者申购、赎回时应支付或应获得的现金差额 根据最小申购、赎回单位对应的现金差额、申购或赎回的基金份额数计算 54、预估现金差额：指由基金管理人计算并在T日申购赎回清单中公布的当日现金差额 预估值，预估现金差额由申购赎回代理券商预先冻结 55、基金份额参考净值：指基金管理人或者基金管理人委托的指数服务机构根据申购赎 回清单和组合证券内各只证券的实时成交数据和汇率数据计算并由上海证券交易所在交易时 间内发布的基金份额参考净值，简称IOPV 华泰柏瑞恒生港股通高股息低波动交易型开放式指数证券投资基金 6 56、最小申购、赎回单位：指申购份额、赎回份额的最低,/Users/ellis/工具程序开发/港股通逐标的分析/临时数据/520890/520890_更新招募说明书_20260813.txt
53,159131,华宝中证港股通信息技术综合ETF,华宝中证港股通信息技术综合交易型开放式指数证券投资基金招募说明书(更新),2026-09-04,，投资者当日申购的基金份额，清算交收完成后方可卖出和赎回。本基金申购 业务采用实时逐笔全额结算（Real Time Gross Settlement，以下简称 RTGS）模式，投资者 T 日申购 后，如交易记录已勾单且申购资金足额的，登记机构在 T 日日间实时办理基金份额及现金替代的交 华宝中证港股通信息技术综合交易型开放式指数证券投资基金招募说明书（更新） 收；T 日日间未进行勾单确认或日间资金不足的，登记机构在 T 日日终根据资金是否足额办理基金份 额及现金替代的清算交收。 在目前的业务规则下，投资者投资本基金时需具有深圳证券交易所 A 股账户或基金账户。其中， 深圳证券交易所基金账户只能进行基金的现金认购和二级市场交易，如投资人需要参与基金的申购、 赎回，则应开立深圳证券交,,替代金额的处理程序 对于确认成功的 T 日申购申请，T+1 日内基金管理人根据申购规模进行组合证券的代理买入。基 金管理人有权根据基金投资的需要自主决定不买入部分被替代证券，或者不进行任何买入被替代证券 的操作。基金管理人根据所购入的被替代证券的实际单位购入成本（包括买入价格与相关费用）和未 买入的被替代证券的 T 日收盘价（折算为人民币，折算汇率采用当天的估值汇率；T 日在证券交易所 无交易的，取最近交易日的收盘价；交易日无收盘价的，取最后成交价）计算被替代证券的单位结算 成本，在此基础上根据替代证券数量和申购现金替代保证金确定基金应退还投资者或投资者应补交的 款项。正常情况下，T 日后的第 2 个港股通交收日后的第 1 个工作日内，基金管理人将应退款或补款 与相关申购赎回代理机构办理交收。若发生特殊情况，基金管理人可以对交收日期进行相应调整。 如遇港股通临时停市、港股通交易每日额度或总额度不足等特殊情况，组合证券的代理买入及结 算价格可依次顺延至下一港股通交易日直至交易正常。如遇证券长期停牌、流动性不足等可能导致收 盘价或最后成交价不公允的特殊情况，可参照证券的估值价格，对结算价格进行调整，如果基金管理 人认为该证券复牌后的价格可能存在较大波动，且可能对基金资产净值产生较大影响，为了更好的维 护持有人利益，该证券对应的现金替代款的清算交收可在其复牌后按照实际交易成本办理。在此期间 若该证券发生除息、送股（转增）、配股等重要权益变动，则进行相应调整。 对于确认成功的 T 日赎回申请，T+1 日内，基金管理人根据赎回规模进行组合证券的代理卖出。 基金管理人有权根据基金投资的需要自主决定不卖出部分被替代证券，或者不进行任何卖出被替代证 券的操作。基金管理人根据所卖出的被替代证券的实际单位卖出金额（扣除相关费用）和未卖出的被 替代证券的 T 日收盘价（折算为人民币，折算汇率采用当天的估值汇率；被替代证券 T 日在证券交易 所无交易的，取最近交易日的收盘价；交易日无收盘价的，取最后成交价）计算被替代证券的单位结 算金额，在此基础上根据替代证券数量确定赎回替代金额。 正常情况下，T 日后的第 3 个港股通交收日后的第 1 个工作日内，基金管理人将应支付的赎回替 代金额与相关申购赎回代理机构办理交收。若发生特殊情况，基金管理人可以对交收日期进行相应调 整。 华宝中证港股通信息技术综合交易型开放式指数证券投资基金招募说明书（更新） 35 如遇港股通临时停市、港股通交易每日额度或总额度不足等特殊情况，组合证券的代理卖出及结 算价格可依次顺延至下一港股通交易日直至交易正常。如遇证券长期停牌、流动性不足等可能导致收 盘价或最后成交价不公允的特殊情况，可参照证券的估值价格，对结算价格进行调整，如果基金管理 人认为该证券复牌后的价格可能存在较大波动，且可能对基金资产净值产生较大影,替代金额的处理程序 对于确认成功的 T 日申购申请，T+1 日内基金管理人根据申购规模进行组合证券的代理买入。基 金管理人有权根据基金投资的需要自主决定不买入部分被替代证券，或者不进行任何买入被替代证券 的操作。基金管理人根据所购入的被替代证券的实际单位购入成本（包括买入价格与相关费用）和未 买入的被替代证券的 T 日收盘价（折算为人民币，折算汇率采用当天的估值汇率；T 日在证券交易所 无交易的，取最近交易日的收盘价；交易日无收盘价的，取最后成交价）计算被替代证券的单位结算 成本，在此基础上根据替代证券数量和申购现金替代保证金确定基金应退还投资者或投资者应补交的 款项。正常情况下，T 日后的第 2 个港股通交收日后的第 1 个工作日内，基金管理人将应退款或补款 与相关申购赎回代理机构办理交收。若发生特殊情况，基金管理人可以对交收日期进行相应调整。 如遇港股通临时停市、港股通交易每日额度或总额度不足等特殊情况，组合证券的代理买入及结 算价格可依次顺延至下一港股通交易日直至交易正常。如遇证券长期停牌、流动性不足等可能导致收 盘价或最后成交价不公允的特殊情况，可参照证券的估值价格，对结算价格进行调整，如果基金管理 人认为该证券复牌后的价格可能存在较大波动，且可能对基金资产净值产生较大影响，为了更好的维 护持有人利益，该证券对应的现金替代款的清算交收可在其复牌后按照实际交易成本办理。在此期间 若该证券发生除息、送股（转增）、配股等重要权益变动，则进行相应调整。 对于确认成功的 T 日赎回申请，T+1 日内，基金管理人根据赎回规模进行组合证券的代理卖出。 基金管理人有权根据基金投资的需要自主决定不卖出部分被替代证券，或者不进行任何卖出被替代证 券的操作。基金管理人根据所卖出的被替代证券的实际单位卖出金额（扣除相关费用）和未卖出的被 替代证券的 T 日收盘价（折算为人民币，折算汇率采用当天的估值汇率；被替代证券 T 日在证券交易 所无交易的，取最近交易日的收盘价；交易日无收盘价的，取最后成交价）计算被替代证券的单位结 算金额，在此基础上根据替代证券数量确定赎回替代金额。 正常情况下，T 日后的第 3 个港股通交收日后的第 1 个工作日内，基金管理人将应支付的赎回替 代金额与相关申购赎回代理机构办理交收。若发生特殊情况，基金管理人可以对交收日期进行相应调 整。 华宝中证港股通信息技术综合交易型开放式指数证券投资基金招募说明书（更新） 35 如遇港股通临时停市、港股通交易每日额度或总额度不足等特殊情况，组合证券的代理卖出及结 算价格可依次顺延至下一港股通交易日直至交易正常。如遇证券长期停牌、流动性不足等可能导致收 盘价或最后成交价不公允的特殊情况，可参照证券的估值价格，对结算价格进行调整，如果基金管理 人认为该证券复牌后的价格可能存在较大波动，且可能对基金资产净值产生较大影,易所上市。由于本基金的标的 指数组合证券为港股通标的股票，本基金采用现金申购赎回方式，即全现金替代，基金管理人代买代 卖的模式，申购对价、赎回对价包括现金替代、现金差额及其他对价。未来在深圳证券交易所和登记 机构系统允许的情况下，本基金可采用部分或全部组合证券申购赎回方式，申购对价、赎回对价包括 组合证券、现金替代、现金差额及其他对价，并在实施前依照有关规定在规定媒介上予以公告。 在目前结算规则下，投资者当日申购的基金份额，清算交收完成后方可卖出和赎回。本基金申购 业务采用实时逐笔全额结算（Real Time Gross Settlement，以下简称 RTGS）模式，投资者 T 日申购 后，如交易记录已勾单且申购资金足额的，登记机构在 T 日日间实时办理基金份额及现金替代的交 华宝中证港股通信息技术综合交易型开放式指数证券投资基金招募说明书（更新） 收；T 日日间未进行勾单确认或日间资金不足的，登记机构在 T 日日终根据资金是否足额办理基金份 额及现金替代的清算交收。 在目前的业务规则下，投资者投资本基金时需具有深圳证券交易所 A 股账户或基金账户。其中， 深圳证券交易所基金账户只能进行基金的现金认购和二级市场交易，如投资人需要参与基金的申购、 赎回，则应开立深圳证券交易所 A 股账户。 投资者在进行投资决策前，请仔细阅读本基金的招募说明书、基金合同及基金产品资料概要等信 息披露文件，并根据自身的投资目的、投资期限、投资经验、资产状况等判断基金是否和投资者的风 险承受能力相适应，自主判断基金的投资价值，自主做出投资决策，自行承担投资风险。 基金,/Users/ellis/工具程序开发/港股通逐标的分析/临时数据/159131/159131_更新招募说明书_20260904.txt
54,159312,广发恒指港股通ETF,广发恒指港股通交易型开放式指数证券投资基金更新的招募说明书,2026-07-06,交收方式已经认可。 根据本基金现行适用的清算交收和申赎处理规则，投资者当日申购的基金份额，清算交 收完成后方可卖出和赎回，即T 日申购的ETF 份额且日间完成 RTGS（实时逐笔全额结算）交 收，T 日可卖出与赎回， 而T 日申购的 ETF 份额且日终完成逐笔全额非担保交收的，T+1 日方 可卖出和赎回；T 日竞价买入的基金份额，T 日可以卖出或赎回。 由于登记结算机构对现金替 代采取非净额结算交收模式，当投资者赎回申请被登记结算机构确认后，被赎回的基金份额 即被记减，但此时投资者尚未收到赎回现金替代款。 投资者投资本基金时需具有证券账户，证券账户是指深圳证券交易所 A 股账户或深圳证 券交易所证券投资基金账户。 本基金以 1 元初始面值进行募集，在市场波动等因素的影响下，存在单,,申购替代金额的处理程序 T 日，基金管理人在申购赎回清单中公布现金替代溢价比例，并据此收取替代金额。对 于确认成功的 T 日申购申请，在 T 日内，基金管理人以收到的替代金额代投资者买入被替代 证券。在 T 日日终，基金管理人已买入的证券，依据替代金额与被替代证券的实际买入成本 36 （包括买入价格与相关交易费用）的差额，确定基金应退还投资者或投资者应补交的款项； 未买入的证券，依据替代金额与被替代证券 T 日收盘价（需用最新汇率折算为人民币，当日 在证券交易所无交易的，取最近交易日的收盘价，当日无收盘价的，取最后成交价）的差 额，确定基金应退还投资者或投资者应补交的款项。 正常情况下，T+3 日（指港股通交易日）内，基金管理人将应退款和补款的明细及汇总 数据发送给相关申购赎回代理机构和基金托管人，相关款项的清算交收将于此后 3 个工作日 内完成。 如遇港股通临时停市、港股通交易每日额度或总额度不足等特殊情况，组合证券的代理 买入及结算价格可依次顺延至下一港股通交易日直至交易正常。如遇证券长期停牌、流动性 不足等特殊情况，可参照证券的估值价格对结算价格进行调整，如果基金管理人认为该证券 复牌后的价格可能存在较大波动，且可能对基金资产净值产生较大影响，为了更好的维护持 有人利益，该证券对应的现金替代退补款的清算交收可在其复牌后按照实际交易成本办理。 在此期间若该证券发生除息、送股（转增）、配股等重要权益变动，则进行相应调整。 上述汇率目前采用汇率公允价。汇率公允价包括中国人民银行或其授权机构最新公布的 人民币汇率中间价、 中国外汇交易中心最新收盘价、 与基金托管人商定的其他公允价格 （如： 中国人民银行或国家外汇管理局或中国外汇交易中心正式对外发文后公布的人民币兑主要外 汇当日收盘价）等。 ④赎回对应的替代金额的处理程序 对于确认成功的 T 日赎回申请，在 T 日内，基金管理人根据赎回申请代投资者卖出被替 代证券。在 T 日日终，基金管理人已卖出的证券，按照被替代证券的实际卖出金额（扣除相 关费用）确定基金应支付的替代金额；未卖出的证券，按照被替代证券 T 日收盘价（需用最 新汇率折算为人民币，当日在证券交易所无交易的，取最近交易日的收盘价，当日无收盘价 的，取最后成交价）确定基金应支付给投资者的替代金额。 正常情况下，T+7 日（指港股通交易日）内，基金管理人将应支付的替代金额的明细及 汇总数据发送给登记结算机构，登记结算机构办理现金替代资金的清算，并将结果发送给相 关申购赎回代理机构和基金托管人，相关款项的清算交收将于此后 3 个工作日内完成。 如遇港股通临时停市等特殊情况，组合证券的代理卖出及结算价格可依次顺延至下一港 股通交易日直至交易正常。如遇证券长期停牌、流动性不足等特殊情况，可参照证券的估值 价格，对结算价格进行调整，如果基金管理人认为该证券复牌,替代金额的处理程序 T 日，基金管理人在申购赎回清单中公布现金替代溢价比例，并据此收取替代金额。对 于确认成功的 T 日申购申请，在 T 日内，基金管理人以收到的替代金额代投资者买入被替代 证券。在 T 日日终，基金管理人已买入的证券，依据替代金额与被替代证券的实际买入成本 36 （包括买入价格与相关交易费用）的差额，确定基金应退还投资者或投资者应补交的款项； 未买入的证券，依据替代金额与被替代证券 T 日收盘价（需用最新汇率折算为人民币，当日 在证券交易所无交易的，取最近交易日的收盘价，当日无收盘价的，取最后成交价）的差 额，确定基金应退还投资者或投资者应补交的款项。 正常情况下，T+3 日（指港股通交易日）内，基金管理人将应退款和补款的明细及汇总 数据发送给相关申购赎回代理机构和基金托管人，相关款项的清算交收将于此后 3 个工作日 内完成。 如遇港股通临时停市、港股通交易每日额度或总额度不足等特殊情况，组合证券的代理 买入及结算价格可依次顺延至下一港股通交易日直至交易正常。如遇证券长期停牌、流动性 不足等特殊情况，可参照证券的估值价格对结算价格进行调整，如果基金管理人认为该证券 复牌后的价格可能存在较大波动，且可能对基金资产净值产生较大影响，为了更好的维护持 有人利益，该证券对应的现金替代退补款的清算交收可在其复牌后按照实际交易成本办理。 在此期间若该证券发生除息、送股（转增）、配股等重要权益变动，则进行相应调整。 上述汇率目前采用汇率公允价。汇率公允价包括中国人民银行或其授权机构最新公布的 人民币汇率中间价、 中国外汇交易中心最新收盘价、 与基金托管人商定的其他公允价格 （如： 中国人民银行或国家外汇管理局或中国外汇交易中心正式对外发文后公布的人民币兑主要外 汇当日收盘价）等。 ④赎回对应的替代金额的处理程序 对于确认成功的 T 日赎回申请，在 T 日内，基金管理人根据赎回申请代投资者卖出被替 代证券。在 T 日日终，基金管理人已卖出的证券，按照被替代证券的实际卖出金额（扣除相 关费用）确定基金应支付的替代金额；未卖出的证券，按照被替代证券 T 日收盘价（需用最 新汇率折算为人民币，当日在证券交易所无交易的，取最近交易日的收盘价，当日无收盘价 的，取最后成交价）确定基金应支付给投资者的替代金额。 正常情况下，T+7 日（指港股通交易日）内，基金管理人将应支付的替代金额的明细及 汇总数据发送给登记结算机构，登记结算机构办理现金替代资金的清算，并将结果发送给相 关申购赎回代理机构和基金托管人，相关款项的清算交收将于此后 3 个工作日内完成。 如遇港股通临时停市等特殊情况，组合证券的代理卖出及结算价格可依次顺延至下一港 股通交易日直至交易正常。如遇证券长期停牌、流动性不足等特殊情况，可参照证券的估值 价格，对结算价格进行调整，如果基金管理人认为该证券复牌后的,可参与本基金的申购、赎回及交易。投资者一旦认购、申购或赎回本基 金，即表示对基金认购、申购和赎回所涉及的基金份额的证券变更登记方式以及申购赎回所 涉及现金替代、现金差额等相关的交收方式已经认可。 根据本基金现行适用的清算交收和申赎处理规则，投资者当日申购的基金份额，清算交 收完成后方可卖出和赎回，即T 日申购的ETF 份额且日间完成 RTGS（实时逐笔全额结算）交 收，T 日可卖出与赎回， 而T 日申购的 ETF 份额且日终完成逐笔全额非担保交收的，T+1 日方 可卖出和赎回；T 日竞价买入的基金份额，T 日可以卖出或赎回。 由于登记结算机构对现金替 代采取非净额结算交收模式，当投资者赎回申请被登记结算机构确认后，被赎回的基金份额 即被记减，但此时投资者尚未收到赎回现金替代款。 投资者投资本基金时需具有证券账户，证券账户是指深圳证券交易所 A 股账户或深圳证 券交易所证券投资基金账户。 本基金以 1 元初始面值进行募集，在市场波动等因素的影响下，存在单位份额净值跌破 1 元初始面值的风险。 基金管理人提醒投资人基金投资的 “买者自负” 原则， 在投资人作出投 资决策后，基金运营状况与基金净值变化引致的投资风险，由投资人自行负责。 投资人在进行投资决策前， 请仔细阅读本基金的 《招募说明书》 、 基金产品资料概要及 《基 金合同》 ，自主判断基金的投资价值，自主做出投资决策，自行承担投资风险。 基金的过往业绩并不预示其未来表现，基金管理人管理的其他基金的业绩并不构成对本 基金表现的保证。 本次更新的招募说明书主要对基金管理人、基金托管人、财务数据、,/Users/ellis/工具程序开发/港股通逐标的分析/临时数据/159312/159312_更新招募说明书_20260706.txt
55,513750,广发中证港股通非银ETF,广发中证港股通非银行金融主题交易型开放式指数证券投资基金更新的招募说明书,2026-08-26,交收方式已经认可。 根据本基金现行适用的清算交收和申赎处理规则，投资者当日申购的基金份额，清算交 收完成后方可卖出和赎回，即T 日申购的ETF 份额且日间完成 RTGS（实时逐笔全额结算）交 收，T 日可卖出与赎回， 而T 日申购的 ETF 份额且日终完成逐笔全额非担保交收的，T+1 日方 可卖出和赎回；T 日买入的基金份额，T 日可以赎回或卖出。 由于登记结算机构对现金替代采 取非净额结算交收模式，当投资者赎回申请被登记结算机构确认后，被赎回的基金份额即被 记减，但此时投资者尚未收到赎回现金替代款。投资者投资本基金时需具有证券账户 ，证券 账户是指上海证券交易所 A 股账户或上海证券交易所证券投资基金账户。 本基金以 1 元初始面值进行募集，在市场波动等因素的影响下，存在单位份,,申购替代金额的处理程序 T 日，基金管理人根据申购赎回清单收取申购现金替代保证金。 对于确认成功的 T 日申购申请，在 T 日内，基金管理人以收到的申购现金替代保证金代 投资者买入被替代证券。在 T 日日终，基金管理人已买入的证券，依据申购现金替代保证金 与被替代证券的实际买入成本（包括买入价格与相关交易费用）的差额，确定基金应退还投 资者或投资者应补交的款项；未买入的证券，依据申购现金替代保证金与被替代证券 T 日收 盘价（需用最新汇率折算为人民币，当日在证券交易所无交易的，取最近交易日的收盘价， 当日无收盘价的，取最后成交价）的差额，确定基金应退还投资者或投资者应补交的款项。 正常情况下，T+3 日（指港股通交易日）内，基金管理人将应退款和补款的明细及汇总 31 数据发送给相关申购赎回代理机构和基金托管人，相关款项的清算交收将于此后 3 个工作日 内完成。 如遇证券长期停牌、流动性不足等特殊情况，可参照证券的估值价格对结算价格进行调 整，如果基金管理人认为该证券复牌后的价格可能存在较大波动，且可能对基金资产净值产 生较大影响，为了更好的维护持有人利益，该证券对应的现金替代退补款的清算交收可在其 复牌后按照实际交易成本办理。在此期间若该证券发生除息、送股（转增） 、配股等重要权益 变动，则进行相应调整。上述汇率目前采用汇率公允价。汇率公允价包括中国人民银行或其 授权机构最新公布的人民币汇率中间价、中国外汇交易中心最新收盘价、与基金托管人商定 的其他公允价格（如：中国人民银行或国家外汇管理局或中国外汇交易中心正式对外发文后 公布的人民币兑主要外汇当日收盘价）等。 ④赎回对应的替代金额的处理程序 对于确认成功的 T 日赎回申请，在 T 日内，基金管理人根据赎回申请代投资者卖出被替 代证券。在 T 日日终，基金管理人已卖出的证券，按照被替代证券的实际卖出金额（扣除相 关费用）确定基金应支付的替代金额；未卖出的证券，按照被替代证券 T 日收盘价（需用最 新汇率折算为人民币，当日在证券交易所无交易的，取最近交易日的收盘价， 当日无收盘价 的，取最后成交价）确定基金应支付给投资者的替代金额。 正常情况下，T+7 日（指港股通交易日）内，基金管理人将应支付的替代金额的明细及 汇总数据发送给登记结算机构，登记结算机构办理现金替代资金的清算，并将结果发送给相 关申购赎回代理机构和基金托管人，相关款项的清算交收将于此后 3 个工作日内完成。如遇 证券长期停牌、流动性不足等特殊情况，可参照证券的估值价格，对结算价格进行调整，如 果基金管理人认为该证券复牌后的价格可能存在较大波动，且可能对基金资产净值产生较大 影响，为了更好的维护持有人利益，该证券对应的现金替代款的清算交收可在其复牌后按照 实际交易成本办理。 在此期间若该证券发生除息、送股（转增） 、配股等重要权益变动，则进行相,替代金额的处理程序 T 日，基金管理人根据申购赎回清单收取申购现金替代保证金。 对于确认成功的 T 日申购申请，在 T 日内，基金管理人以收到的申购现金替代保证金代 投资者买入被替代证券。在 T 日日终，基金管理人已买入的证券，依据申购现金替代保证金 与被替代证券的实际买入成本（包括买入价格与相关交易费用）的差额，确定基金应退还投 资者或投资者应补交的款项；未买入的证券，依据申购现金替代保证金与被替代证券 T 日收 盘价（需用最新汇率折算为人民币，当日在证券交易所无交易的，取最近交易日的收盘价， 当日无收盘价的，取最后成交价）的差额，确定基金应退还投资者或投资者应补交的款项。 正常情况下，T+3 日（指港股通交易日）内，基金管理人将应退款和补款的明细及汇总 31 数据发送给相关申购赎回代理机构和基金托管人，相关款项的清算交收将于此后 3 个工作日 内完成。 如遇证券长期停牌、流动性不足等特殊情况，可参照证券的估值价格对结算价格进行调 整，如果基金管理人认为该证券复牌后的价格可能存在较大波动，且可能对基金资产净值产 生较大影响，为了更好的维护持有人利益，该证券对应的现金替代退补款的清算交收可在其 复牌后按照实际交易成本办理。在此期间若该证券发生除息、送股（转增） 、配股等重要权益 变动，则进行相应调整。上述汇率目前采用汇率公允价。汇率公允价包括中国人民银行或其 授权机构最新公布的人民币汇率中间价、中国外汇交易中心最新收盘价、与基金托管人商定 的其他公允价格（如：中国人民银行或国家外汇管理局或中国外汇交易中心正式对外发文后 公布的人民币兑主要外汇当日收盘价）等。 ④赎回对应的替代金额的处理程序 对于确认成功的 T 日赎回申请，在 T 日内，基金管理人根据赎回申请代投资者卖出被替 代证券。在 T 日日终，基金管理人已卖出的证券，按照被替代证券的实际卖出金额（扣除相 关费用）确定基金应支付的替代金额；未卖出的证券，按照被替代证券 T 日收盘价（需用最 新汇率折算为人民币，当日在证券交易所无交易的，取最近交易日的收盘价， 当日无收盘价 的，取最后成交价）确定基金应支付给投资者的替代金额。 正常情况下，T+7 日（指港股通交易日）内，基金管理人将应支付的替代金额的明细及 汇总数据发送给登记结算机构，登记结算机构办理现金替代资金的清算，并将结果发送给相 关申购赎回代理机构和基金托管人，相关款项的清算交收将于此后 3 个工作日内完成。如遇 证券长期停牌、流动性不足等特殊情况，可参照证券的估值价格，对结算价格进行调整，如 果基金管理人认为该证券复牌后的价格可能存在较大波动，且可能对基金资产净值产生较大 影响，为了更好的维护持有人利益，该证券对应的现金替代款的清算交收可在其复牌后按照 实际交易成本办理。 在此期间若该证券发生除息、送股（转增） 、配股等重要权益变动，则进行相应调,可参与本基金的申购、赎回及交易。投资者一旦认购、申购或赎回本基 金，即表示对基金认购、申购和赎回所涉及的基金份额的证券变更登记方式以及申购赎回所 涉及现金替代、现金差额等相关的交收方式已经认可。 根据本基金现行适用的清算交收和申赎处理规则，投资者当日申购的基金份额，清算交 收完成后方可卖出和赎回，即T 日申购的ETF 份额且日间完成 RTGS（实时逐笔全额结算）交 收，T 日可卖出与赎回， 而T 日申购的 ETF 份额且日终完成逐笔全额非担保交收的，T+1 日方 可卖出和赎回；T 日买入的基金份额，T 日可以赎回或卖出。 由于登记结算机构对现金替代采 取非净额结算交收模式，当投资者赎回申请被登记结算机构确认后，被赎回的基金份额即被 记减，但此时投资者尚未收到赎回现金替代款。投资者投资本基金时需具有证券账户 ，证券 账户是指上海证券交易所 A 股账户或上海证券交易所证券投资基金账户。 本基金以 1 元初始面值进行募集，在市场波动等因素的影响下，存在单位份额净值跌破 1 元初始面值的风险。 基金管理人提醒投资人基金投资的 “买者自负” 原则， 在投资人作出投 资决策后，基金运营状况与基金净值变化引致的投资风险，由投资人自行负责。 投资人在进行投资决策前， 请仔细阅读本基金的 《招募说明书》 、 基金产品资料概要及 《基 金合同》 ，自主判断基金的投资价值，自主做出投资决策，自行承担投资风险。 基金的过往业绩并不预示其未来表现，基金管理人管理的其他基金 的业绩并不构成对本 基金表现的保证。 本次更新的招募说明书主要对本基金基金经理和基金管理人的相关信息,/Users/ellis/工具程序开发/港股通逐标的分析/临时数据/513750/513750_更新招募说明书_20260826.txt
56,159892,华夏恒生生物科技ETF(QDII),华夏恒生生物科技交易型开放式指数证券投资基金(QDII)招募说明书(更新),2026-07-20,招募书未直接出现 RTGS；按适用的交易所/中国结算跨境 ETF 规则，日间 RTGS 交收，按项目口径 PASS,不买入或不卖出部分被替代证券，或者不进行任何买入或卖出证券的操作，基 金管理人可能不买入或不卖出被替代证券的情形包括但不限于市场流动性不足、技术系统 无法实现、申购赎回轧差以及基金管理人认为不应买入或卖出的其他情形。 14、基金收益分配后基金份额净值低于面值的风险 本基金收益分配原则为使收益分配后基金累计报酬率尽可能贴近标的指数同期累计报 酬率。基于本基金的性质和特点，本基金收益分配不以弥补亏损为前提，收益分配后可能 存在基金份额净值低于面值的风险。 15、第三方机构服务的风险 基金的多项服务委托第三方机构办理，存在以下风险： （1）申购赎回代理券商因多种原因，导致代理申购、赎回业务受到限制、暂停或终止， 由此影响对投资者申购赎回服务的风险。 华夏恒生生物科技交易型开放式指数证券投资基金（QDII）招募说明书（更新） 17 （2）登记机构可能调整结算制度，如实施,申购替代金额的处理程序 T 日，基金管理人根据申购赎回清单收取替代金额。 在 T+1 日（指深圳证券交易所和香港交易所的共同交易日）内，基金管理人以收到的 替代金额代投资者买入被替代证券。基金管理人有权在 T+1 日（指深圳证券交易所和香港 交易所的共同交易日）内任意时刻以收到的替代金额代投资者买入小于等于被替代证券数量 的任意数量的被替代证券。基金管理人有权根据基金投资的需要自主决定不买入部分被替代 证券，或者不进行任何买入证券的操作。在 T+1 日（指深圳证券交易所和香港交易所的共 同交易日）日终，基金管理人已买入的证券，依据替代金额与被替代证券的实际买入成本（包 括买入价格与相关交易费用）的差额，确定基金应退还投资者或投资者应补交的款项；未买 入的证券，依据替代金额与被替代证券 T+1 日（指深圳证券交易所和香港交易所的共同交 易日）收盘价（需用最新汇率折算为人民币，当日在证券交易所无交易的，取最近交易日的 收盘价，当日无收盘价的，取最后成交价）的差额，确定基金应退还投资者或投资者应补交 的款项。 在此期间若该部分证券发生除息、送股（转增）、配股等重要权益变动，则进行相应调 整。正常情况下，T+3 日（指深圳证券交易所和香港交易所的共同交易日）内，基金管理人 将应退款和补款的明细及汇总数据发送给登记结算机构，登记结算机构办理现金替代多退少 补资金的清算，并将结果发送给相关申购赎回代理机构和基金托管人。当交收期间出现深圳 证券交易所和香港交易所的共同交易日为非港股交收日或非港股通交收日时，款项交收日期 可顺延。若发生特殊情况，基金管理人可以对交收日期进行相应调整。 如遇证券长期停牌、流动性不足等特殊情况，可参照证券的估值价格对结算价格进行调 整，如果基金管理人认为该证券复牌后的价格可能存在较大波动，且可能对基金资产净值产 生较大影响，为了更好的维护持有人利益，该证券对应的现金替代退补款的清算交收可在其 复牌后按照实际交易成本办理。在此期间若该证券发生除息、送股（转增）、配股等重要权 益变动，则进行相应调整。上述汇率目前采用汇率公允价。汇率公允价包括中国人民银行或 其授权机构最新公布的人民币汇率中间价、中国外汇交易中心最新收盘价、与基金托管人商 华夏恒生生物科技交易型开放式指数证券投资基金（QDII）招募说明书（更新） 48 定的其他公允价格（如：中国人民银行或国家外汇管理局或中国外汇交易中心正式对外发文 后公布的人民币兑主要外汇当日收盘价）等。 ③赎回对应的替代金额 赎回时，对于可以现金替代的证券，替代金额为扣除相关费用后的该证券的卖出价值（或 证券实际结算价值）。 ④赎回对应的替代金额的处理程序 在 T+1 日（指深圳证券交易所和香港交易所的共同交易日）内，基金管理人根据赎回 申请代投资者卖出被替代证券。基金管理人有权在 T+1 日（指深圳证券交易所和,替代金额的处理程序 T 日，基金管理人根据申购赎回清单收取替代金额。 在 T+1 日（指深圳证券交易所和香港交易所的共同交易日）内，基金管理人以收到的 替代金额代投资者买入被替代证券。基金管理人有权在 T+1 日（指深圳证券交易所和香港 交易所的共同交易日）内任意时刻以收到的替代金额代投资者买入小于等于被替代证券数量 的任意数量的被替代证券。基金管理人有权根据基金投资的需要自主决定不买入部分被替代 证券，或者不进行任何买入证券的操作。在 T+1 日（指深圳证券交易所和香港交易所的共 同交易日）日终，基金管理人已买入的证券，依据替代金额与被替代证券的实际买入成本（包 括买入价格与相关交易费用）的差额，确定基金应退还投资者或投资者应补交的款项；未买 入的证券，依据替代金额与被替代证券 T+1 日（指深圳证券交易所和香港交易所的共同交 易日）收盘价（需用最新汇率折算为人民币，当日在证券交易所无交易的，取最近交易日的 收盘价，当日无收盘价的，取最后成交价）的差额，确定基金应退还投资者或投资者应补交 的款项。 在此期间若该部分证券发生除息、送股（转增）、配股等重要权益变动，则进行相应调 整。正常情况下，T+3 日（指深圳证券交易所和香港交易所的共同交易日）内，基金管理人 将应退款和补款的明细及汇总数据发送给登记结算机构，登记结算机构办理现金替代多退少 补资金的清算，并将结果发送给相关申购赎回代理机构和基金托管人。当交收期间出现深圳 证券交易所和香港交易所的共同交易日为非港股交收日或非港股通交收日时，款项交收日期 可顺延。若发生特殊情况，基金管理人可以对交收日期进行相应调整。 如遇证券长期停牌、流动性不足等特殊情况，可参照证券的估值价格对结算价格进行调 整，如果基金管理人认为该证券复牌后的价格可能存在较大波动，且可能对基金资产净值产 生较大影响，为了更好的维护持有人利益，该证券对应的现金替代退补款的清算交收可在其 复牌后按照实际交易成本办理。在此期间若该证券发生除息、送股（转增）、配股等重要权 益变动，则进行相应调整。上述汇率目前采用汇率公允价。汇率公允价包括中国人民银行或 其授权机构最新公布的人民币汇率中间价、中国外汇交易中心最新收盘价、与基金托管人商 华夏恒生生物科技交易型开放式指数证券投资基金（QDII）招募说明书（更新） 48 定的其他公允价格（如：中国人民银行或国家外汇管理局或中国外汇交易中心正式对外发文 后公布的人民币兑主要外汇当日收盘价）等。 ③赎回对应的替代金额 赎回时，对于可以现金替代的证券，替代金额为扣除相关费用后的该证券的卖出价值（或 证券实际结算价值）。 ④赎回对应的替代金额的处理程序 在 T+1 日（指深圳证券交易所和香港交易所的共同交易日）内，基金管理人根据赎回 申请代投资者卖出被替代证券。基金管理人有权在 T+1 日（指深圳证券交易所和香港,购赎回清单：指由基金管理人编制的用以公告申购对价、赎回对价等信息的文件。 51、申购对价：指投资者申购基金份额时，按基金合同和招募说明书规定应交付的现金 替代、现金差额和/或其他对价。 华夏恒生生物科技交易型开放式指数证券投资基金（QDII）招募说明书（更新） 8 52、赎回对价：指投资者赎回基金份额时，基金管理人按基金合同和招募说明书规定应 交付给赎回人的现金替代、现金差额和/或其他对价。 53、标的指数：指恒生指数有限公司编制并发布的恒生生物科技指数及其未来可能发生 的变更，或基金管理人根据需要更换的其他指数。 54、现金替代：指申购、赎回过程中，投资人按基金合同和招募说明书的规定，用于替 代组合证券中部分证券的一定数量的现金。 55、最小申购赎回单位：指基金申购份额、赎回份额的最低数量，投资者申购、赎回的 基金份额应为最小申购、赎回单位的整数倍。 56、元：指人民币元。 57、基金收益：指基金投资所得红利、股息、债券利息、买卖证券价差、银行存款利息、 已实现的其他合法收入及因运用基金财产带来的成本和费用的节约。 58、基金资产总值：指基金拥有的各类有价证券、银行存款本息、基金应收申购款、基 金及其他资产的价值总和。 59、基金资产净值：指基金资产总值减去基金负债后的价值。 60、基金份额净值：指计算日基金资产净值除以计算日基金份额总数。 61、基金资产估值：指计算评估基金资产和负债的价值，以确定基金资产净值和基金份 额净值的过程。 62、规定媒介：指符合中国证监会规定条件的用以进行信息披露的全国性报刊及《信息 披露办法》规定的互联网网站（包,/Users/ellis/工具程序开发/港股通逐标的分析/临时数据/159892/159892_更新招募说明书_20260720.txt
57,513860,海富通中证港股通科技ETF,海富通中证港股通科技交易型开放式指数证券投资基金更新招募说明书(2026年第1号),2026-03-12,适用相关业务规则和参与各方相关协议及其不时修订的有关规定。 本基金申购业务采用实时逐笔全额结算（Real Time Gross Settlement，以 下简称RTGS） 模式； 赎回业务涉及的现金替代可采用代收代付处理； 申购、 赎回 业务涉及的现金差额和现金替代退补款可采用代收代付处理。 1）申购的清算交收 投资者 T 日现金申购后， 如交易记录已勾单且申购资金足额的， 登记结算机 构在T 日日间实时办理基金份额及现金替代的交收；T 日日间未进行勾单确认或 日间资金不足的， 登记结算机构在T 日日终根据资金是否足额办理基金份额及现 金替代的清算交收， 并将结果发送给基金管理人、 申购赎回代理券商和基金托管 人。 基金管理人在T+1 日内办理现金差额的清算， 在T+2 日内办理,资产净值产生较大影响， 为了更好的维护持有人利益， 该证券对应的现金 替代款的清算交收可在其复牌后按照实际交易成本办理。 在此期间若该证券发生除息、送股（转增）、配股等重要权益变动，则进行 相应调整。 5）未来如港股通的交易、结算规则发生改变，或上海证券交易所、登记机 构ETF 申购赎回交易结算规则发生改变， 或基金管理人与基金托管人之间的结算 相关安排发生改变， 基金管理人可对可以现金替代处理规则进行调整， 并按规定 公告。 在系统支持的情况下， 对于T 日的申购赎回申请， 基金管理人有权进行轧差 处理， 针对净申购， 购入净申购份额对应的组合证券中被替代的成份证券， 针对 净赎回， 卖出净赎回份额对应的组合证券中被替代的成份证券， 基金管理人有权 购入或者卖出不等于轧差处理后的上述被替代的成份证券的任意数量。 （3）必须现金替代 1）适用情形：必须现金替代的证券一般是由于标的指数调整，即将被剔除 的成份证券； 或法律法规限制投资的证券； 或基金管理人出于保护基金份额持有 人利益等原因认为有必要实行必须现金替代的成份证券。 2） 替代金额： 对于必须现金替代的证券， 基金管理人将在申购赎回清单 中公告替代的一定数量的现金，即“固定替代金额”。固定替代金额的计算 方法为申购赎回清单中该证券的数量乘以其T 日预计开盘价并按照T-1 日估 值汇率换算或基金管理人认为合理的其他方法。 4、预估现金部分相关内容 预估现金部分是指为便于计算基金份额参考净值及申购赎回代理机构预先 冻结申请申购、赎回的投资者的相应资金，由基金管理人计算的现金数额。 预估现金部分是指为便于计算基金份额参考净值及申购赎回代理机构预先 冻结申请申购、赎回的投资者的相应资金，由基金管理人计算的现金数额。 T 日申购赎,申购现金替代保证金的处理程序 T 日，基金管理人在申购赎回清单中公布现金替代溢价比例，并据此收取申 购替代保证金。 对于确认成功的 T 日申购申请， 基金管理人有权在T 日内任意时刻以收到的 申购替代金额代投资者买入小于等于被替代证券数量的任意数量的被替代证券。 基金管理人有权根据基金投资的需要自主决定不买入部分被替代证券， 或者不进 行任何买入证券的操作。 T 日日终，基金管理人根据 T 日所购入的被替代证券的实际单位购入成本 （包括买入价格与相关费用） 和未买入的被替代证券的T 日收盘价 （折算为人民 海富通中证港股通科技交易型开放式指数证券投资基金 更新招募说明书 52 币，折算汇率采用当天的估值汇率；T 日在证券交易所无交易的，取最近交易日 的收盘价； 交易日无收盘价的， 取最后成交价） 计算被替代证券的单位结算成本， 在此基础上根据替代证券数量和申购现金替代保证金确定基金应退还投资者或 投资者应补交的款项。T 日后的第2 个工作日内，基金管理人将应退款或补款与 相关申购赎回代理机构办理交收。 若发生特殊情况， 基金管理人可以对交收日期 进行相应调整。 如遇港股通临时停市、 港股通交易每日额度或总额度不足等特殊情况， 组合 证券的代理买入及结算价格可依次顺延至下一港股通交易日直至交易正常。 如遇 证券长期停牌、流动性不足等可能导致收盘价或最后成交价不公允的特殊情况， 可参照证券的估值价格， 对结算价格进行调整， 如果基金管理人认为该证券复牌 后的价格可能存在较大波动， 且可能对基金资产净值产生较大影响， 为了更好的 维护持有人利益， 该证券对应的现金替代款的清算交收可在其复牌后按照实际交 易成本办理。 在此期间若该证券发生除息、 送股 （转增） 、 配股等重要权益变动， 则进行相应调整。 4）赎回替代金额的处理程序 对于确认成功的 T 日赎回申请， 基金管理人有权在T 日内任意时刻代投资者 卖出小于等于被替代证券数量的任意数量的被替代证券。 基金管理人有权根据基 金投资的需要自主决定不卖出部分被替代证券， 或者不进行任何卖出证券的操作。 T 日日终，基金管理人根据T 日所卖出的被替代证券的实际单位卖出金额（扣除 相关费用） 和未卖出的被替代证券的T 日收盘价 （折算为人民币， 折算汇率采用 当天的估值汇率； 被替代证券T 日在证券交易所无交易的， 取最近交易日的收盘 价； 交易日无收盘价的， 取最后成交价） 计算被替代证券的单位结算金额， 在此 基础上根据替代证券数量确定赎回替代金额。 T 日后的第 2 个港股通交收日后的第 2 个工作日内， 基金管理人将应支付的 赎回替代金额与相关申购赎回代理机构办理交收。 若发生特殊情况， 基金管理人 可以对交收日期进行相应调整。 如遇港股通临时停市等特殊情况， 组合证券的代理卖出及结算价格可依次顺 延至下一港股,赎回替代金额的处理程序 对于确认成功的 T 日赎回申请， 基金管理人有权在T 日内任意时刻代投资者 卖出小于等于被替代证券数量的任意数量的被替代证券。 基金管理人有权根据基 金投资的需要自主决定不卖出部分被替代证券， 或者不进行任何卖出证券的操作。 T 日日终，基金管理人根据T 日所卖出的被替代证券的实际单位卖出金额（扣除 相关费用） 和未卖出的被替代证券的T 日收盘价 （折算为人民币， 折算汇率采用 当天的估值汇率； 被替代证券T 日在证券交易所无交易的， 取最近交易日的收盘 价； 交易日无收盘价的， 取最后成交价） 计算被替代证券的单位结算金额， 在此 基础上根据替代证券数量确定赎回替代金额。 T 日后的第 2 个港股通交收日后的第 2 个工作日内， 基金管理人将应支付的 赎回替代金额与相关申购赎回代理机构办理交收。 若发生特殊情况， 基金管理人 可以对交收日期进行相应调整。 如遇港股通临时停市等特殊情况， 组合证券的代理卖出及结算价格可依次顺 延至下一港股通交易日直至交易正常。 如遇证券长期停牌、 流动性不足等可能导 致收盘价或最后成交价不公允的特殊情况， 可参照证券的估值价格， 对结算价格 进行调整， 如果基金管理人认为该证券复牌后的价格可能存在较大波动， 且可能 海富通中证港股通科技交易型开放式指数证券投资基金 更新招募说明书 53 对基金资产净值产生较大影响， 为了更好的维护持有人利益， 该证券对应的现金 替代款的清算交收可在其复牌后按照实际交易成本办理。 在此期间若该证券发生除息、送股（转增）、配股等重要权益变动，则进行 相应调整。 5）未来如港股通的交易、结算规则发生改变，或上海证券交易所、登记机 构ETF 申购赎回交易结算规则发生改变， 或基金管理人与基金托管人之间的结算 相关安排发生改变， 基金管理人可对可以现金替代处理规则进行调整， 并按规定 公告。 在系统支持的情况下， 对于T 日的申购赎回申请， 基金管理人有权进行轧差 处理， 针对净申购， 购入净申购份额对应的组合证券中被替代的成份证券， 针对 净赎回， 卖出净赎回份额对应的组合证券中被替代的成份证券， 基金管理人有权 购入或者卖出不等于轧差处理后的上述被替代的成份证券的任意数量。 （3）必须现金替代 1）适用情形：必须现金替代的证券一般是由于标的指数调整，即将被剔除 的成份证券； 或法律法规限制投资的证券； 或基金管理人出于保护基金份额持有 人利益等原因认为有必要实行必须现金替代的成份证券。 2） 替代金额： 对于必须现金替代的证券， 基金管理人将在申购赎回清单 中公告替代的一定数量的现金，即“固定替代金额”。固定替代金额的计算 方法为申购赎回清单中该证券的数量乘以其T 日预计开盘价并按照T-1 日估 值汇率换算或基金管理人认为合理的其他方法。 4、预估现金部分相关内容 预估现金,： 指由基金管理人编制的用以公告申购对价、 赎回对价等 信息的文件 50、 申购对价： 指投资人申购基金份额时， 按基金合同和招募说明书规定应 交付的现金替代、现金差额及其他对价 51、 赎回对价： 指基金份额持有人赎回基金份额时， 基金管理人按基金合同 和招募说明书规定应交付给赎回人的现金替代、现金差额及其他对价 海富通中证港股通科技交易型开放式指数证券投资基金 更新招募说明书 11 52、组合证券：指本基金标的指数所包含的全部或部分证券 53、 标的指数： 指中证指数有限公司编制并发布的中证港股通科技指数及其 未来可能发生的变更 54、 现金替代： 指申购、 赎回过程中， 投资人按基金合同和招募说明书的规 定，用于替代组合证券中部分证券的一定数量的现金 55、 现金差额： 指最小申购、 赎回单位的资产净值与按基金合同约定的估值 方法计算的最小申购、 赎回单位中的组合证券价值和现金替代之差； 投资人申购、 赎回时应支付或应获得的现金差额根据最小申购、 赎回单位对应的现金差额、 申 购或赎回的基金份额数计算 56、最小申购、赎回单位：指本基金申购份额、赎回份额的最低数量，投资 人申购、赎回的基金份额应为最小申购、赎回单位的整数倍 57、 现金替代退补款： 指投资人支付的现金替代与基金购入被替代成份证券 的成本及相关费用的差额。 若现金替代大于本基金购入被替代成份证券的成本及 相关费用， 则本基金需向投资人退还差额， 若现金替代小于本基金购入被替代成 份证券的成本及相关费用，则投资人需向本基金补缴差额 58、 基金份额参考净值： 指基金管理人或基金,/Users/ellis/工具程序开发/港股通逐标的分析/临时数据/513860/513860_更新招募说明书_20260312.txt
58,526010,汇添富中证港股通医疗主题ETF,汇添富中证港股通医疗主题交易型开放式指数证券投资基金更新招募说明书(2026年8月14日更新),2026-08-14,金替代、 现金差额及其他对价的 清算交收适用上海证券交易所、 中国证券登记结算有限责任公司发布的相关业务 规则和参与各方相关协议的有关规定。 本基金申购业务采用实时逐笔全额结算（Real Time Gross Settlement）模 式； 赎回业务涉及的现金替代采用代收代付处理； 申购、 赎回业务涉及的现金差 额和现金替代退补款采用代收代付处理。 投资者 T 日申购成功后， 如交易记录已勾单且申购资金足额的， 登记机构在 T 日日间实时办理基金份额及现金替代的交收；T 日日间未进行勾单确认或日间 资金不足的， 登记机构在T 日日终根据资金是否足额办理基金份额及现金替代的 清算交收， 并将结果发送给基金管理人、 申购赎回代理券商和基金托管人。 基金 管理人在T+1 日内办理现金差额的,交收的日期也顺延。 如遇证券长期停牌、 流 动性不足等可能导致收盘价或最后成交价不公允的特殊情况， 可参照证券的估值 价格， 对结算价格进行调整， 如果基金管理人认为该证券复牌后的价格可能存在 较大波动， 且可能对基金资产净值产生较大影响， 为了更好的维护基金份额持有 人利益， 该证券对应的现金替代款的清算交收可在其复牌后按照实际交易成本办 理。在此期间若该证券发生除息、送股（转增）、配股等重要权益变动，则进行 相应调整。 5）在系统支持的情况下，对于 T 日的申购赎回申请，基金管理人有权进行 轧差处理，针对净申购，购入净申购份额对应的组合证券中被替代的成份证券， 针对净赎回， 卖出净赎回份额对应的组合证券中被替代的成份证券， 基金管理人 有权购入或者卖出不等于轧差处理后的上述被替代的成份证券的任意数量。 汇添富中证港股通医疗主题交易型开放式指数证券投资基金 更新招募说明书 49 6）基金管理人可以根据具体情况，调整上述 2）-5）的申购、赎回替代金 额的处理程序、规则等，并在招募说明书更新或其他公告中披露。 （2）关于必须现金替代 1）适用情形：必须现金替代的证券一般是由于标的指数调整将被剔除的成 份证券； 或处于停牌的成份证券； 或因法律法规限制投资的成份证券； 或出于保 护基金份额持有人利益等目的基金管理人认为有必要实行必须现金替代的成份 证券。 2）替代金额：对于必须现金替代的证券，基金管理人将在申购赎回清单中 公告替代的一定数量的现金， 即“固定替代金额”。 固定替代金额的计算方法为： 固定替代金额为替代证券数量乘以其经调整后的T 日开盘参考价并按照T-1 日估值汇率换算或基金管理人认为合理的其他方法。 4、预估现金部分相关内容 预估现金部分是指， 为便于计算基金份额参,申购替代金额的处理程序 在 T 日（指港股通交易日） 内， 基金管理人以收到的替代金额代投资者买入 被替代证券。 基金管理人有权在T 日 （指港股通交易日） 内任意时刻以收到的替 代金额代投资者买入小于等于被替代证券数量的任意数量的被替代证券。 基金管 理人有权根据基金投资的需要自主决定不买入部分被替代证券， 或者不进行任何 买入证券的操作。T 日（指港股通交易日）日终，基金管理人根据所购入的被替 代证券的实际单位购入成本 （包括买入价格与相关费用） 和未买入的被替代证券 的 T 日（指港股通交易日）收盘价（折算为人民币）；T 日（指港股通交易日） 在证券交易所无交易的， 取最近交易日的收盘价； 交易日无收盘价的， 取最后成 交价） 计算被替代证券的单位结算成本， 在此基础上根据替代证券数量和申购现 金替代保证金确定基金应退还投资者或投资者应补交的款项。T 日（指港股通交 易日） 后的第3 个港股通交收日后的 2 个工作日内， 基金管理人将应退款或补款 与相关申购赎回代理券商办理交收。 在此期间若该证券发生除息、 送股 （转增） 、 配股等重要权益变动， 则进行相应调整。 出现半日港股通交易日、临时停市或港 股通每日额度不足等特殊情况时， 计算并确定被替代证券的单位结算成本的时间 将顺延， 款项交收的日期也顺延。 如遇证券长期停牌、 流动性不足等可能导致收 盘价或最后成交价不公允的特殊情况， 可参照证券的估值价格， 对结算价格进行 汇添富中证港股通医疗主题交易型开放式指数证券投资基金 更新招募说明书 48 调整， 如果基金管理人认为该证券复牌后的价格可能存在较大波动， 且可能对基 金资产净值产生较大影响， 为了更好的维护基金份额持有人利益， 该证券对应的 现金替代款的清算交收可在其复牌后按照实际交易成本办理。 在此期间若该证券 发生除息、送股（转增）、配股等重要权益变动，则进行相应调整。 4）赎回替代金额的处理程序 在 T 日 （指港股通交易日） 内， 基金管理人根据赎回申请代投资者卖出被替 代证券。 基金管理人有权在T 日 （指港股通交易日） 内任意时刻代投资者卖出小 于等于被替代证券数量的任意数量的被替代证券。 基金管理人有权根据基金投资 的需要自主决定不卖出部分被替代证券，或者不进行任何卖出证券的操作。T 日 （指港股通交易日） 日终， 基金管理人根据所卖出的被替代证券的实际单位卖出 金额 （扣除相关费用） 和未卖出的被替代证券的T 日 （指港股通交易日） 收盘价 （折算为人民币） ； 被替代证券T 日 （指港股通交易日） 在证券交易所无交易的， 取最近交易日的收盘价； 交易日无收盘价的， 取最后成交价） 计算被替代证券的 单位结算金额，在此基础上根据替代证券数量确定赎回替代金额。T 日（指港股 通交易日） 后的第3 个港股通交收日后的2 个工作日内，,替代金额的处理程序 在 T 日（指港股通交易日） 内， 基金管理人以收到的替代金额代投资者买入 被替代证券。 基金管理人有权在T 日 （指港股通交易日） 内任意时刻以收到的替 代金额代投资者买入小于等于被替代证券数量的任意数量的被替代证券。 基金管 理人有权根据基金投资的需要自主决定不买入部分被替代证券， 或者不进行任何 买入证券的操作。T 日（指港股通交易日）日终，基金管理人根据所购入的被替 代证券的实际单位购入成本 （包括买入价格与相关费用） 和未买入的被替代证券 的 T 日（指港股通交易日）收盘价（折算为人民币）；T 日（指港股通交易日） 在证券交易所无交易的， 取最近交易日的收盘价； 交易日无收盘价的， 取最后成 交价） 计算被替代证券的单位结算成本， 在此基础上根据替代证券数量和申购现 金替代保证金确定基金应退还投资者或投资者应补交的款项。T 日（指港股通交 易日） 后的第3 个港股通交收日后的 2 个工作日内， 基金管理人将应退款或补款 与相关申购赎回代理券商办理交收。 在此期间若该证券发生除息、 送股 （转增） 、 配股等重要权益变动， 则进行相应调整。 出现半日港股通交易日、临时停市或港 股通每日额度不足等特殊情况时， 计算并确定被替代证券的单位结算成本的时间 将顺延， 款项交收的日期也顺延。 如遇证券长期停牌、 流动性不足等可能导致收 盘价或最后成交价不公允的特殊情况， 可参照证券的估值价格， 对结算价格进行 汇添富中证港股通医疗主题交易型开放式指数证券投资基金 更新招募说明书 48 调整， 如果基金管理人认为该证券复牌后的价格可能存在较大波动， 且可能对基 金资产净值产生较大影响， 为了更好的维护基金份额持有人利益， 该证券对应的 现金替代款的清算交收可在其复牌后按照实际交易成本办理。 在此期间若该证券 发生除息、送股（转增）、配股等重要权益变动，则进行相应调整。 4）赎回替代金额的处理程序 在 T 日 （指港股通交易日） 内， 基金管理人根据赎回申请代投资者卖出被替 代证券。 基金管理人有权在T 日 （指港股通交易日） 内任意时刻代投资者卖出小 于等于被替代证券数量的任意数量的被替代证券。 基金管理人有权根据基金投资 的需要自主决定不卖出部分被替代证券，或者不进行任何卖出证券的操作。T 日 （指港股通交易日） 日终， 基金管理人根据所卖出的被替代证券的实际单位卖出 金额 （扣除相关费用） 和未卖出的被替代证券的T 日 （指港股通交易日） 收盘价 （折算为人民币） ； 被替代证券T 日 （指港股通交易日） 在证券交易所无交易的， 取最近交易日的收盘价； 交易日无收盘价的， 取最后成交价） 计算被替代证券的 单位结算金额，在此基础上根据替代证券数量确定赎回替代金额。T 日（指港股 通交易日） 后的第3 个港股通交收日后的2 个工作日内， 基,金的申购、 赎回及交易。 投资者一旦认购、 申购或赎回本基金， 即表 示对基金认购、 申购和赎回所涉及的基金份额的证券变更登记方式以及申购赎回 所涉及现金替代、现金差额等相关的交收方式已经认可。 投资有风险， 投资者在进行投资决策前， 请仔细阅读本基金的 《招募说明书》 、 《基金合同》 、 基金产品资料概要等信息披露文件， 并根据自身的投资目的、 投 汇添富中证港股通医疗主题交易型开放式指数证券投资基金 更新招募说明书 3 资期限、投资经验、资产状况等判断基金是否和投资者的风险承受能力相适应， 自主判断基金的投资价值，自主做出投资决策，自行承担投资风险。 基金的过往业绩并不预示其未来表现， 基金管理人管理的其他基金的业绩也 不构成对本基金业绩表现的保证。 基金管理人依照恪尽职守、 诚实信用、 谨慎勤勉的原则管理和运用基金财产， 但不保证投资于本基金一定盈利，也不保证最低收益。 基金管理人提醒投资者基金投资的“买者自负”原则， 在投资者作出投资决 策后，基金运营状况与基金净值变化导致的投资风险，由投资者自行负担。 本次招募说明书更新主要涉及基金管理人、 基金托管人、 相关服务机构、 基 金的募集、 基金备案、基金份额的上市交易、基金份额的申购与赎回、 财务数据 和净值表现、 其他应披露事项等， 更新所载内容截止日为2026 年 8 月 13 日， 有 关财务数据和净值表现截止日为 2026 年 6 月 30 日。 汇添富中证港股通医疗主题交易型开放式指数证券投资基金 更新招募说明书 4 第一部分 绪言 本招募说明书依据 《中华人民共和国证券投资基,/Users/ellis/工具程序开发/港股通逐标的分析/临时数据/526010/526010_更新招募说明书_20260814.txt
59,159615,南方恒生生物科技ETF(QDII),南方恒生生物科技交易型开放式指数证券投资基金(QDII)招募说明书(更新),2026-01-14,"与标的指数组合证券仅在 境内上市的ETF产品有所差异。在目前结算规则下，投资者当日申购的基金份额，清算交收 完成后可卖出和赎回，即T日申购的ETF份额且日间完成RTGS（实时逐笔全额结算）交收， T日可卖出与赎回；T日申购的ETF份额日间未完成交收的，日终完成逐笔全额非担保交收， T+1日方可卖出和赎回；T日买入的基金份额，T日可以赎回。 本基金投资范围包括国内依法发行上市的存托凭证（“中国存托凭证”）,存在中国存 托凭证价格大幅波动甚至出现较大亏损的风险、与中国存托凭证发行机制相关的风险等。 本基金跟踪恒生生物科技指数，存在跟踪误差控制未达约定目标、指数编制机构停止服 务、成份股停牌、摘牌等潜在风险。 投资人在投资本基金之前，请仔细阅读本基金的基金合同、招募说明书和基金产品资料",,替代金额的处理程序 T日，基金管理人在申购赎回清单中公布现金替代溢价比例和现金替代折价比例，并据 此收取申购替代金额和支付赎回替代金额。 正常情况下，对于确认成功的T日（T日为开放日）申购申请，基金管理人根据T日内 所购入的被替代证券的实际单位购入成本（包括买入价格与相关费用，按照汇率折算为人民 币）和未购入的被替代证券的T日收盘价（按照汇率折算为人民币，被替代证券当日在证券 交易所无交易的，取最近交易日的收盘价；交易日无收盘价的，取最后成交价）计算被替代 证券的单位结算成本， 在此基础上根据替代证券数量和申购替代金额确定基金应退还投资者 或投资者应补交的款项，若T日发生除息、收益分配等重要权益变动，则进行相应调整。基 金管理人有权根据基金投资的需要自主决定不买入部分被替代证券， 或者不进行任何买入被 替代证券的操作。 正常情况下，对于确认成功的T日（T日为开放日）赎回申请，基金管理人根据T日内 所卖出的被替代证券的实际单位卖出金额（扣除相关费用，按照汇率折算为人民币）和未卖 出的被替代证券的T日收盘价（按照汇率折算为人民币，被替代证券当日在证券交易所无交 南方恒生生物科技交易型开放式指数证券投资基金（QDII）招募说明书（更新） 39 易的，取最近交易日的收盘价；交易日无收盘价的，取最后成交价）计算被替代证券的单位 结算金额，在此基础上根据替代证券数量确定赎回替代金额，若T日发生除息、收益分配等 重要权益变动，则进行相应调整。基金管理人有权根据基金投资的需要自主决定不卖出部分 被替代证券，或者不进行任何卖出被替代证券的操作。 上述汇率目前采用汇率公允价。汇率公允价包括但不限于港股通结算汇兑比率、中国外 汇交易中心最新收盘价、中国外汇交易中心参考汇率或交易汇率、中国人民银行或其授权机 构最新公布的人民币汇率中间价、与基金托管人商定的其他公允价格等。 正常情况下，T日后的第5个开放日内，基金管理人将应退款或补款与相关申购赎回代 理机构办理交收；T日后的第8个开放日内，基金管理人将应支付的赎回替代金额与相关申 购赎回代理券商办理交收。当T日为半日港股通交易日或因为风球等因素引发临时停市时， 计算并确定被替代组合证券的单位结算成本的时间将顺延，款项交收的日期也顺延。若发生 特殊情况，基金管理人可以对以上交收日期进行相应调整。 如遇境外主要投资市场或港股通临时停市、 港股通交易每日额度或总额度不足等特殊情 况，组合证券的代理买入及结算价格可依次顺延至下一港股通、深圳证券交易所和本基金的 境外主要投资市场的共同交易日直至交易正常，款项交收的日期也顺延。若发生特殊情况， 基金管理人可以对以上交收日期进行相应调整。如遇证券长期停牌、流动性不足等可能导致 收盘价或最后成交价不公允的特殊情况，可参照证券的估值价格，对结算价格进行调整，如 果基金管理人认为该证券复牌后的价格可能,替代金额的处理程序 T日，基金管理人在申购赎回清单中公布现金替代溢价比例和现金替代折价比例，并据 此收取申购替代金额和支付赎回替代金额。 正常情况下，对于确认成功的T日（T日为开放日）申购申请，基金管理人根据T日内 所购入的被替代证券的实际单位购入成本（包括买入价格与相关费用，按照汇率折算为人民 币）和未购入的被替代证券的T日收盘价（按照汇率折算为人民币，被替代证券当日在证券 交易所无交易的，取最近交易日的收盘价；交易日无收盘价的，取最后成交价）计算被替代 证券的单位结算成本， 在此基础上根据替代证券数量和申购替代金额确定基金应退还投资者 或投资者应补交的款项，若T日发生除息、收益分配等重要权益变动，则进行相应调整。基 金管理人有权根据基金投资的需要自主决定不买入部分被替代证券， 或者不进行任何买入被 替代证券的操作。 正常情况下，对于确认成功的T日（T日为开放日）赎回申请，基金管理人根据T日内 所卖出的被替代证券的实际单位卖出金额（扣除相关费用，按照汇率折算为人民币）和未卖 出的被替代证券的T日收盘价（按照汇率折算为人民币，被替代证券当日在证券交易所无交 南方恒生生物科技交易型开放式指数证券投资基金（QDII）招募说明书（更新） 39 易的，取最近交易日的收盘价；交易日无收盘价的，取最后成交价）计算被替代证券的单位 结算金额，在此基础上根据替代证券数量确定赎回替代金额，若T日发生除息、收益分配等 重要权益变动，则进行相应调整。基金管理人有权根据基金投资的需要自主决定不卖出部分 被替代证券，或者不进行任何卖出被替代证券的操作。 上述汇率目前采用汇率公允价。汇率公允价包括但不限于港股通结算汇兑比率、中国外 汇交易中心最新收盘价、中国外汇交易中心参考汇率或交易汇率、中国人民银行或其授权机 构最新公布的人民币汇率中间价、与基金托管人商定的其他公允价格等。 正常情况下，T日后的第5个开放日内，基金管理人将应退款或补款与相关申购赎回代 理机构办理交收；T日后的第8个开放日内，基金管理人将应支付的赎回替代金额与相关申 购赎回代理券商办理交收。当T日为半日港股通交易日或因为风球等因素引发临时停市时， 计算并确定被替代组合证券的单位结算成本的时间将顺延，款项交收的日期也顺延。若发生 特殊情况，基金管理人可以对以上交收日期进行相应调整。 如遇境外主要投资市场或港股通临时停市、 港股通交易每日额度或总额度不足等特殊情 况，组合证券的代理买入及结算价格可依次顺延至下一港股通、深圳证券交易所和本基金的 境外主要投资市场的共同交易日直至交易正常，款项交收的日期也顺延。若发生特殊情况， 基金管理人可以对以上交收日期进行相应调整。如遇证券长期停牌、流动性不足等可能导致 收盘价或最后成交价不公允的特殊情况，可参照证券的估值价格，对结算价格进行调整，如 果基金管理人认为该证券复牌后的价格可能,单：指由基金管理人编制的用以公告申购对价、赎回对价等信息的文件 54、申购对价：指投资人申购基金份额时，按基金合同和招募说明书规定应交付的组合 证券、现金替代、现金差额和其他对价或现金替代、现金差额和其他对价 55、赎回对价：指基金份额持有人赎回基金份额时，基金管理人按基金合同和招募说明 书规定应交付给赎回人的组合证券、现金替代、现金差额和其他对价或现金替代、现金差额 和其他对价 56、标的指数：本基金标的指数为恒生生物科技指数，及其未来可能发生的变更 57、组合证券：指本基金标的指数所包含的全部或部分证券 58、最小申购赎回单位：指本基金申购份额、赎回份额的最低数量，投资人申购或赎回 的基金份额数应为最小申购赎回单位的整数倍 59、现金替代：指申购或赎回过程中，投资人按基金合同和招募说明书的规定，用于替 代组合证券中全部或部分证券的一定数量的现金 60、现金差额：指最小申购赎回单位的资产净值与按当日收盘价计算的最小申购赎回单 位中的组合证券市值和现金替代之差；投资人申购或赎回时应支付或应获得的现金差额根据 最小申购赎回单位对应的现金差额、申购或赎回的基金份额数计算 61、元：指人民币元 62、基金利润：指基金利息收入、投资收益、公允价值变动收益和其他收入扣除相关费 用后的余额 63、基金资产总值：指基金拥有的各类有价证券、银行存款本息、基金应收申购款及其 他资产的价值总和 64、基金资产净值：指基金资产总值减去基金负债后的价值 65、基金份额净值：指计算日基金资产净值除以计算日基金份额总数 66、基金资产估值：指计算评估基金资产和负债的价值，以,/Users/ellis/工具程序开发/港股通逐标的分析/临时数据/159615/159615_更新招募说明书_20260114.txt
60,159167,港股通医疗ETF工银,工银瑞信中证港股通医疗主题交易型开放式指数证券投资基金招募说明书,2026-01-16,替代、 现金差额及其他对价的清算交收适 用深圳证券交易所、登记机构的相关规定和参与各方相关协议的有关规定。 本基金现金申购业务中的现金替代采用实时逐笔全额结算（RTGS）与日终逐笔全额非 担保交收的方式处理； 现金赎回业务涉及的现金替代采用代收代付处理； 现金申购、 赎回业 务涉及的现金差额和现金替代退补款采用代收代付处理。 投资者 T 日提交的现金申购申请受理后，日间完成 RTGS 交收部分，登记机构在 T 日 日间实时为该投资者办理基金份额登记以及现金替代的交收；日间未完成 RTGS 交收部分， 登记机构在 T 日日终根据勾单情况及资金是否足额为投资者办理基金份额登记与现金替代 的交收， 并将结果发送给申购赎回代理券商、 基金管理人和基金托管人。 基金管理人在T+2 日办理现,,申购替代金额的处理程序 基金管理人在T 日以收到的替代金额代投资者买入被替代证券。 基金管理人有权根据基 金投资的需要自主决定不买入部分被替代证券， 或者不进行任何买入被替代证券的操作。正 常情况下， 对于确认成功的T 日申购申请，基金管理人根据T 日所购入的被替代证券的实际 单位购入成本 （包括买入价格与相关费用， 折算为人民币） 和未买入的被替代证券T 日收盘 价 （折算为人民币， 被替代证券当日在证券交易所无交易的， 取最近交易日的收盘价； 交易 日无收盘价的， 取最后成交价） 计算被替代证券的单位结算成本， 在此基础上根据替代证券 数量和申购替代金额确定基金应退还投资者或投资者应补交的款项。T+6 日 （指开放日） 内， 基金管理人将应退款或补款的明细及汇总数据发送给登记机构， 登记机构办理现金替代多退 少补资金的清算， 并将结果发送给申购赎回代理券商和结算参与人， 由相关申购赎回代理券 商和结算参与人办理交收。基金管理人可以对交收日期进行相应调整。 如遇港股通临时停市、 港股通交易每日额度不足等特殊情况， 组合证券的代理买入及结 算价格可依次顺延至下一港股通交易日直至交易正常。 如遇证券长期停牌、 流动性不足等可 能导致收盘价或最后成交价不公允的特殊情况， 可参照证券的估值价格， 对结算价格进行调 整， 如果基金管理人认为该证券复牌后的价格可能存在较大波动， 且可能对基金资产净值产 生较大影响， 为了更好的维护基金份额持有人利益， 该证券对应的现金替代退补款的清算交 收可按照其复牌后实际交易成本或者基金管理人认为合理的价格办理。 在此期间若该证券发 生除息、送股（转增）、配股等重要权益变动，则进行相应调整。 3）赎回替代金额的处理程序 基金管理人在 T 日根据赎回申请代投资者卖出被替代证券。基金管理人有权根据基金 工银瑞信中证港股通医疗主题交易型开放式指数证券投资基金 招募说明书 40 投资的需要自主决定不卖出部分被替代证券， 或者不进行任何卖出被替代证券的操作。正常 情况下， 对于确认成功的T 日赎回申请， 基金管理人根据T 日所卖出的被替代证券的实际单 位卖出金额 （扣除相关费用， 折算为人民币） 和未卖出的被替代证券的T 日收盘价 （折算为 人民币， 被替代证券当日在证券交易所无交易的， 取最近交易日的收盘价； 交易日无收盘价 的， 取最后成交价） 计算被替代证券的单位结算金额， 在此基础上根据替代证券数量确定赎 回替代金额。T+6 日（指开放日）内，基金管理人将应支付的赎回替代金额的明细及汇总数 据发送给登记机构， 登记机构办理赎回现金替代款的清算， 并将结果发送给申购赎回代理券 商和结算参与人， 由相关申购赎回代理券商和结算参与人办理交收， 当交收期间出现港股通 交易日为非港股通交收日时， 款项交收日期顺延。 基金管理人可以对交收日期进行,替代金额的处理程序 基金管理人在T 日以收到的替代金额代投资者买入被替代证券。 基金管理人有权根据基 金投资的需要自主决定不买入部分被替代证券， 或者不进行任何买入被替代证券的操作。正 常情况下， 对于确认成功的T 日申购申请，基金管理人根据T 日所购入的被替代证券的实际 单位购入成本 （包括买入价格与相关费用， 折算为人民币） 和未买入的被替代证券T 日收盘 价 （折算为人民币， 被替代证券当日在证券交易所无交易的， 取最近交易日的收盘价； 交易 日无收盘价的， 取最后成交价） 计算被替代证券的单位结算成本， 在此基础上根据替代证券 数量和申购替代金额确定基金应退还投资者或投资者应补交的款项。T+6 日 （指开放日） 内， 基金管理人将应退款或补款的明细及汇总数据发送给登记机构， 登记机构办理现金替代多退 少补资金的清算， 并将结果发送给申购赎回代理券商和结算参与人， 由相关申购赎回代理券 商和结算参与人办理交收。基金管理人可以对交收日期进行相应调整。 如遇港股通临时停市、 港股通交易每日额度不足等特殊情况， 组合证券的代理买入及结 算价格可依次顺延至下一港股通交易日直至交易正常。 如遇证券长期停牌、 流动性不足等可 能导致收盘价或最后成交价不公允的特殊情况， 可参照证券的估值价格， 对结算价格进行调 整， 如果基金管理人认为该证券复牌后的价格可能存在较大波动， 且可能对基金资产净值产 生较大影响， 为了更好的维护基金份额持有人利益， 该证券对应的现金替代退补款的清算交 收可按照其复牌后实际交易成本或者基金管理人认为合理的价格办理。 在此期间若该证券发 生除息、送股（转增）、配股等重要权益变动，则进行相应调整。 3）赎回替代金额的处理程序 基金管理人在 T 日根据赎回申请代投资者卖出被替代证券。基金管理人有权根据基金 工银瑞信中证港股通医疗主题交易型开放式指数证券投资基金 招募说明书 40 投资的需要自主决定不卖出部分被替代证券， 或者不进行任何卖出被替代证券的操作。正常 情况下， 对于确认成功的T 日赎回申请， 基金管理人根据T 日所卖出的被替代证券的实际单 位卖出金额 （扣除相关费用， 折算为人民币） 和未卖出的被替代证券的T 日收盘价 （折算为 人民币， 被替代证券当日在证券交易所无交易的， 取最近交易日的收盘价； 交易日无收盘价 的， 取最后成交价） 计算被替代证券的单位结算金额， 在此基础上根据替代证券数量确定赎 回替代金额。T+6 日（指开放日）内，基金管理人将应支付的赎回替代金额的明细及汇总数 据发送给登记机构， 登记机构办理赎回现金替代款的清算， 并将结果发送给申购赎回代理券 商和结算参与人， 由相关申购赎回代理券商和结算参与人办理交收， 当交收期间出现港股通 交易日为非港股通交收日时， 款项交收日期顺延。 基金管理人可以对交收日期进行相应,信息的文件 46、组合证券：指本基金标的指数所包含的全部或部分证券 47、 申购对价： 指投资者申购基金份额时， 按基金合同和招募说明书规定应交付的现金 替代、现金差额及其他对价 48、 赎回对价： 指基金份额持有人赎回基金份额时， 基金管理人按基金合同和招募说明 书规定应交付给赎回人的现金替代、现金差额及其他对价 49、标的指数：本基金标的指数为中证港股通医疗主题指数 50、现金替代：指申购、赎回过程中，投资人按基金合同和招募说明书的规定，用于替 代组合证券中全部或部分证券的一定数量的现金 51、 现金差额： 指最小申购赎回单位的资产净值与按当日收盘价计算的最小申购赎回单 位中的组合证券市值和现金替代之差； 投资人申购或赎回时应支付或应获得的现金差额根据 最小申购赎回单位对应的现金差额、申购或赎回的基金份额数计算 52、 预估现金差额： 指由基金管理人估计并在T 日申购赎回清单中公布的当日现金差额 的估计值，预估现金差额由申购赎回代理券商预先冻结 53、 最小申购赎回单位： 指本基金申购份额、 赎回份额的最低数量， 投资者申购或赎回 的基金份额应为最小申购赎回单位的整数倍 54、 基金份额参考净值： 指基金管理人或基金管理人委托的其他机构在相关证券交易所 开市后， 根据申购赎回清单、 人民币汇率和组合证券内各只证券的行情数据计算并通过深圳 证券交易所发布的基金份额参考净值，简称IOPV 55、 基金份额折算： 指基金管理人根据基金运作的需要， 在基金资产净值不变的前提下， 按照一定比例调整基金份额总额及基金份额净值的行为 56、元：指人民币元,/Users/ellis/工具程序开发/港股通逐标的分析/临时数据/159167/159167_招募说明书_20260116.txt
61,520750,华富中证港股通信息技术综合ETF,华富中证港股通信息技术综合交易型开放式指数证券投资基金更新招募说明书,2026-08-28,差额及其他对价 的清算交收适用上海证券交易所、登记机构相关业务规则以及参与各方相关协 议及其不时修订的有关规定。 本基金申购业务采用实时逐笔全额结算 （RealRTGS）模式；赎回业务涉及的现金替 代采用代收代付处理；申购、赎回 业务涉及的现金差额和现金替代退补款采用代收代付处理。 1）申购的清算交收 投资者T日申购后，如交易记录已勾单且申购资金足额的，登记机构在T日 日间实时办理基金份额及现金替代的交收；T日日间未进行勾单确认或日间资金 不足的，登记机构在 T 日日终根据资金是否足额办理基金份额及现金替代的清 算交收，并将结果发送给基金管理人、申购赎回代理机构和基金托管人。基金 管理人在T+2 日内办理现金差额的清算交收。 2）赎回的清算交收 投资人 T 日提交的赎回申请受理后,,申购现金替代保证金的处理程序 T日，基金管理人在申购赎回清单中公布申购现金替代溢价比例，并据此收 取申购现金替代保证金。 正常情况下，对于确认成功的T日申购申请，T日内基金管理人根据申购规 模进行组合证券的代理买入。基金管理人有权根据基金投资的需要自主决定不 买入部分被替代证券，或者不进行任何买入被替代证券的操作。基金管理人根 据所购入的被替代成份证券的实际单位购入成本（包括买入价格与相关费用， 折算为人民币）和未买入的被替代成份证券 T 日收盘价（折算为人民币，被替 代证券当日在证券交易所无交易的，取最近交易日的收盘价；交易日无收盘价 华富中证港股通信息技术综合交易型开放式指数证券投资基金更新招募说明书 43 的，取最后成交价）计算被替代成份证券的单位结算成本，在此基础上根据替 代成份证券数量和申购现金替代保证金确定基金应退还投资者或投资者应补交 的款项。正常情况下，T日后的3个港股通交收日内，基金管理人将应退款或补 款与相关申购赎回代理机构办理交收。若发生特殊情况，基金管理人可以对交 收日期进行相应调整。 如遇港股通临时停市、港股通交易当日额度使用完毕而暂停或停止接受买 入申报等特殊情况，基金管理人可考虑根据实际情况将成份证券 的代理买入及 结算价格顺延至下一港股通交易日直至交易正常。如遇成份证券长期停牌、流 动性不足等可能导致收盘价或最后成交价不公允的特殊情况，可参照证券的估 值价格，对结算价格进行调整，如果基金管理人认为该证券复牌后的价格可能 存在较大波动，且可能对基金资产净值产生较大影响，为了更好的维护持有人 利益，该证券对应的现金替代退补款的清算交收可按照其复牌后实际交易成本 或者基金管理人认为合理的价格办理。在此期间若该证券发生除息、送股（转 增）、配股等重要权益变动，则进行相应调整。 4）赎回替代金额的处理程序 正常情况下，对于确认成功的T日赎回申请，T日内，基金管理人根据赎回 规模进行组合证券的代理卖出。基金管理人有权根据基金投资的需要自主决定 不卖出部分被替代证券，或者不进行任何卖出被替代证券的操作。基金管理人 根据所卖出的被替代证券的实际单位卖出金额（扣除相关费用，折算为人民币） 和未卖出的被替代证券的 T 日收盘价（折算为人民币；被替代证券 T 日在证券 交易所无交易的，取最近交易日的收盘价；交易日无收盘价的，取最后成交价） 计算被替代证券的单位结算金额，在此基础上根据替代证券数量确定赎回替代 金额。正常情况下，T日后的4个港股通交收日内，基金管理人将应支付的赎回 替代金额与相关申购赎回代理机构办理交收。若发生特殊情况，基金管理人可 以对交收日期进行相应调整。如遇港股通临时停市、港股通交易每日额度或总 额度不足等特殊情况，组合证券的代理卖出及结算价格可依次顺延至下一港股 通交易日直至交易正常。 如遇证券长期停牌、流动性不足等可能导致收,赎回替代金额的处理程序 正常情况下，对于确认成功的T日赎回申请，T日内，基金管理人根据赎回 规模进行组合证券的代理卖出。基金管理人有权根据基金投资的需要自主决定 不卖出部分被替代证券，或者不进行任何卖出被替代证券的操作。基金管理人 根据所卖出的被替代证券的实际单位卖出金额（扣除相关费用，折算为人民币） 和未卖出的被替代证券的 T 日收盘价（折算为人民币；被替代证券 T 日在证券 交易所无交易的，取最近交易日的收盘价；交易日无收盘价的，取最后成交价） 计算被替代证券的单位结算金额，在此基础上根据替代证券数量确定赎回替代 金额。正常情况下，T日后的4个港股通交收日内，基金管理人将应支付的赎回 替代金额与相关申购赎回代理机构办理交收。若发生特殊情况，基金管理人可 以对交收日期进行相应调整。如遇港股通临时停市、港股通交易每日额度或总 额度不足等特殊情况，组合证券的代理卖出及结算价格可依次顺延至下一港股 通交易日直至交易正常。 如遇证券长期停牌、流动性不足等可能导致收盘价或最后成交价不公允的 特殊情况，可参照证券的估值价格，对结算价格进行调整，如果基金管理人认 华富中证港股通信息技术综合交易型开放式指数证券投资基金更新招募说明书 44 为该证券复牌后的价格可能存在较大波动，且可能对基金资产净值产生较大影 响，为了更好的维护持有人利益，该证券对应的现金替代款的清算交收可在其 复牌后按照实际交易成本或者基金管理人认为合理的价格办理。在此期间若该 证券发生除息、送股（转增）、配股等重要权益变动，则进行相应调整。 基金管理人可根据运作情况调整代理申赎投资者买券卖券的相关规则并按 规定公告。 未来如港股通的交易、结算规则发生改变，或证券交易所、登记机构 ETF 申购赎回交易结算规则发生改变，或基金管理人与基金托管人之间的结算相关 安排发生改变，基金管理人可对可以现金替代处理规则进行调整。 （3）必须现金替代 1）适用情形：必须现金替代的证券一般是由于标的指数调整，即将被剔除 的成份证券；或处于停牌的成份证券；或法律法规限制投资的成份证券；或出 于保护基金份额持有人利益等目的基金管理人认为有必要实行必须现金替代的 成份证券。 2）替代金额：对于必须现金替代的证券，基金管理人将在申购赎回清单中 公告替代的一定数量的现金，即 “固定替代金额”。固定替代金额的计算方法 为申购赎回清单中该证券的数量乘以其调整后 T 日开盘参考价并按照 T-1 日估 值汇率换算或基金管理人认为合理的其他方法。 如未来本基金采用部分或全部组合证券申购赎回方式，基金管理人可依据 证券交易所或者登记机构的相关业务规则增加其他现金替代类型，并在招募说 明书中进行更新。 未来如港股通的交易、结算规则发生改变，或上海证券交易所、登记结算 机构有关申购赎回交易结算规则发生改变，或基金管理人与基金托管人之间的 结算相关安,购赎回清单：指由基金管理人编制的用以公告申购对价、赎回对价 等信息的文件 48、申购对价：指投资人申购基金份额时，按基金合同和招募说明书规定 应交付的现金替代、现金差额及其他对价 49、赎回对价：指投资人赎回基金份额时，基金管理人按基金合同和招募 说明书规定应交付给赎回人的现金替代、现金差额及其他对价 50、标的指数：指中证港股通信息技术综合指数及其未来可能发生的变更 51、组合证券：指本基金标的指数所包含的全部或部分证券 52、最小申购赎回单位：指本基金申购份额、赎回份额的最低数量，投资 人申购、赎回的基金份额数应为最小申购赎回单位的整数倍 53、现金替代：指申购、赎回过程中，投资人按基金合同和招募说明书的 规定，用于替代组合证券中部分证券的一定数量的现金 华富中证港股通信息技术综合交易型开放式指数证券投资基金更新招募说明书 9 54、现金差额：指最小申购赎回单位的资产净值与按当日收盘价计算的最 小申购赎回单位中的组合证券市值和现金替代之差；投资人申购、赎回时应支 付或应获得的现金差额根据最小申购赎回单位对应的现金差额、申购或赎回的 基金份额数计算 55、基金份额参考净值：指基金管理人或者基金管理 人委托的其他机构在 交易时间内根据基金管理人提供的申购赎回清单和组合证券内各只证券的实时 成交数据计算并由上海证券交易所在交易时间内发布的基金份额参考净值，简 称IOPV 56、预估现金部分：指由基金管理人计算并在 T 日申购赎回清单中公布的 当日现金差额的预估值，预估现金部分由申购赎回代理机构预先冻结 57、基金份额折算：指基金管理人根据基金运作的,/Users/ellis/工具程序开发/港股通逐标的分析/临时数据/520750/520750_更新招募说明书_20260828.txt
62,513780,景顺长城中证港股通创新药ETF,景顺长城中证港股通创新药交易型开放式指数证券投资基金2026年第3号更新招募说明书,2026-06-30,规则和参与各方相关协议的有关规定及其不时修订的有关规定。 本基金申购业务采用实时逐笔全额结算（Real Time Gross Settlement ，以下简称 RTGS）模式；赎回业务涉及的现金替代可采用代收代付处理；申购、赎回业务涉及的现金 差额和现金替代退补款可采用代收代付处理。 （1）申购的清算交收 投资者T 日现金申购后， 如交易记录已勾单且申购资金足额的， 登记机构在T 日日间 景顺长城中证港股通创新药交易型开放式指数证券投资基金更新招募说明书 41 实时办理基金份额及现金替代的交收；T 日日间未进行勾单确认或日间资金不足的，登记 机构在 T 日日终根据资金是否足额办理基金份额及现金替代的清算交收。基金管理人在 T+1 日内办理现金差额的清算，在T+2 日内办理现金差额,买入或者不卖出部分被替代证券，或者不进行任 何买入或卖出证券的操作，基金管理人可能不买入或不卖出被替代证券的情形包括但不限于市场流动性 不足、技术系统无法实现、申购赎回轧差以及基金管理人认为不应该买入或卖出的其他情形。 （十六）本基金的标的指数为中证港股通创新药指数。 标的指数相关信息请详见本招募说明书“二十五、标的指数的编制方案及指数信息查阅方式”。 （十七）基金管理人深知个人信息对投资者的重要性，致力于投资者个人信息的保护。基金管理人 承诺按照法律法规和相关监管要求的规定处理投资者的个人信息，包括通过基金管理人直销、销售机构 或场内经纪机构购买景顺长城基金管理有限公司旗下基金产品的所有个人投资者。基金管理人需处理的 机构投资者信息中可能涉及其法定代表人、受益所有人、经办人等个人信息，也将遵守上述承诺进行处 理。 （十八）为充分维护投资者利益，本基金管理人已对,申购替代金额的处理程序 对于确认成功的 T 日申购申请，基金管理人有权在 T 日内任意时刻以收到的申购替 代金额代投资者买入小于等于被替代组合证券数量的任意数量的被替代组合证券。 基金管 理人有权根据基金投资运作情况自主决定不买入部分被替代组合证券， 或者不进行任何买 入证券的操作。T 日， 基金管理人在申购赎回清单中公布现金替代溢价比例， 并据此收取 申购替代金额。正常情况下，对于确认成功的 T 日申购申请，基金管理人根据 T 日所购 入的被替代证券的实际单位购入成本 （包括买入价格与相关费用，折算为人民币）和未买 入的被替代证券 T 日收盘价 （折算为人民币， 折算汇率采用当天的估值汇率； 被替代证券 当日在证券交易所无交易的， 取最近交易日的收盘价； 交易日无收盘价的， 取最后成交价） 计算被替代证券的单位结算成本， 在此基础上根据替代证券数量和申购替代金额确定基金 应退还投资人或投资人应补交的款项。T 日后的三个港股通交易日内，基金管理人将应退 款或补款与相关申购赎回代理券商办理交收， 当交收期间出现港股通交易日为非港股通交 收日时， 款项交收日期顺延。 若发生特殊情况， 基金管理人可以对交收日期进行相应调整。 如遇港股通临时停市、 港股通交易每日额度等特殊情况， 基金管理人可考虑根据实际 情况将组合证券的代理买入及结算价格顺延至下一港股通交易日直至交易正常。 如遇证券 长期停牌、 流动性不足等可能导致收盘价或最后成交价不公允的特殊情况， 可参照证券的 估值价格， 对结算价格进行调整， 如果基金管理人认为该证券复牌后的价格可能存在较大 波动，且可能对基金资产净值产生较大影响，为了更好的维护持有人利益， 该证券对应的 现金替代退补款的清算交收可在其复牌后按照实际交易成本办理。 在此期间若该证券发生 除息、送股（转增）、配股等重要权益变动，则进行相应调整。 4）赎回替代金额的处理程序 对于确认成功的 T 日赎回申请，基金管理人有权在 T 日内任意时刻代投资者卖出小 于等于被替代证券数量的任意数量的被替代证券。 基金管理人有权根据基金投资的需要自 主决定不卖出部分被替代组合证券，或者不进行任何卖出证券的操作。正常情况下， 对于 确认成功的 T 日赎回申请，基金管理人根据 T 日所卖出的被替代证券的实际单位卖出金 额 （扣除相关费用， 折算为人民币） 和未卖出的被替代证券的T 日收盘价 （折算为人民币， 折算汇率采用当天的估值汇率； 被替代证券当日在证券交易所无交易的， 取最近交易日的 收盘价；交易日无收盘价的，取最后成交价）计算被替代证券的单位结算金额，在此基础 上根据替代证券数量确定赎回替代金额。T 日后的第三个港股通交易日后的两个工作日内， 基金管理人将应支付的赎回替代金额与相关申购赎回代理券商办理交收， 当交收期间出现 港股通交易日为非港股通交收日时,替代金额的处理程序 对于确认成功的 T 日申购申请，基金管理人有权在 T 日内任意时刻以收到的申购替 代金额代投资者买入小于等于被替代组合证券数量的任意数量的被替代组合证券。 基金管 理人有权根据基金投资运作情况自主决定不买入部分被替代组合证券， 或者不进行任何买 入证券的操作。T 日， 基金管理人在申购赎回清单中公布现金替代溢价比例， 并据此收取 申购替代金额。正常情况下，对于确认成功的 T 日申购申请，基金管理人根据 T 日所购 入的被替代证券的实际单位购入成本 （包括买入价格与相关费用，折算为人民币）和未买 入的被替代证券 T 日收盘价 （折算为人民币， 折算汇率采用当天的估值汇率； 被替代证券 当日在证券交易所无交易的， 取最近交易日的收盘价； 交易日无收盘价的， 取最后成交价） 计算被替代证券的单位结算成本， 在此基础上根据替代证券数量和申购替代金额确定基金 应退还投资人或投资人应补交的款项。T 日后的三个港股通交易日内，基金管理人将应退 款或补款与相关申购赎回代理券商办理交收， 当交收期间出现港股通交易日为非港股通交 收日时， 款项交收日期顺延。 若发生特殊情况， 基金管理人可以对交收日期进行相应调整。 如遇港股通临时停市、 港股通交易每日额度等特殊情况， 基金管理人可考虑根据实际 情况将组合证券的代理买入及结算价格顺延至下一港股通交易日直至交易正常。 如遇证券 长期停牌、 流动性不足等可能导致收盘价或最后成交价不公允的特殊情况， 可参照证券的 估值价格， 对结算价格进行调整， 如果基金管理人认为该证券复牌后的价格可能存在较大 波动，且可能对基金资产净值产生较大影响，为了更好的维护持有人利益， 该证券对应的 现金替代退补款的清算交收可在其复牌后按照实际交易成本办理。 在此期间若该证券发生 除息、送股（转增）、配股等重要权益变动，则进行相应调整。 4）赎回替代金额的处理程序 对于确认成功的 T 日赎回申请，基金管理人有权在 T 日内任意时刻代投资者卖出小 于等于被替代证券数量的任意数量的被替代证券。 基金管理人有权根据基金投资的需要自 主决定不卖出部分被替代组合证券，或者不进行任何卖出证券的操作。正常情况下， 对于 确认成功的 T 日赎回申请，基金管理人根据 T 日所卖出的被替代证券的实际单位卖出金 额 （扣除相关费用， 折算为人民币） 和未卖出的被替代证券的T 日收盘价 （折算为人民币， 折算汇率采用当天的估值汇率； 被替代证券当日在证券交易所无交易的， 取最近交易日的 收盘价；交易日无收盘价的，取最后成交价）计算被替代证券的单位结算金额，在此基础 上根据替代证券数量确定赎回替代金额。T 日后的第三个港股通交易日后的两个工作日内， 基金管理人将应支付的赎回替代金额与相关申购赎回代理券商办理交收， 当交收期间出现 港股通交易日为非港股通交收日时，款,的基金份额享受基金收益，同时承担相应的投资风险。基金合同生效后，本基金的申购、赎回采用全现 金替代、基金管理人代买代卖的模式，申购对价、赎回对价包括现金替代、现金差额及其他对价。 （八）基金合同生效后，若上海证券交易所和中国证券登记结算有限责任公司针对交易型开放式指 数证券投资基金调整现有的清算交收与登记模式或推出新的清算交收与登记模式并引入新的申购、赎回 方式，本基金管理人有权调整本基金的清算交收与登记模式及申购、赎回方式，或新增本基金的清算交 收与登记模式并引入新的申购、赎回方式，届时将发布公告予以披露并在招募说明书及其更新中予以更 新，无须召开基金份额持有人大会审议。 （九）投资人在投资本基金前，请认真阅读本招募说明书，全面认识本基金产品的风险收益特征和 产品特性，充分考虑自身的风险承受能力，理性判断市场，对认购和/或申购基金的意愿、时机、数量 等投资行为作出独立决策，获得基金投资收益，亦承担基金投资中出现的各类风险。投资本基金可能遇 到的风险包括但不限于：市场风险、信用风险、管理风险、流动性风险、操作或技术风险、合规风险、 本基金的特有风险和其他风险等。本基金特有风险包括：标的指数回报与股票市场平均回报偏离的风 险、标的指数波动的风险、基金投资组合回报与标的指数回报偏离的风险及跟踪误差控制未达约定目标 的风险、标的指数变更的风险、指数编制机构停止服务风险、成份股停牌的风险、招募说明书中指数编 制方案简述未及时更新的风险、基金份额二级市场交易价格折溢价的风险、参考 IOPV 决策和 IOPV 计 算错误的风险、退市风险、投资者申购失败的风,/Users/ellis/工具程序开发/港股通逐标的分析/临时数据/513780/513780_更新招募说明书_20260630.txt
63,159185,鹏华中证港股通信息技术综合ETF,鹏华中证港股通信息技术综合交易型开放式指数证券投资基金招募说明书,2026-03-13,基 金 现 金 申 购 业 务 中 的 现 金 替 代 采 用 实 时 逐 笔 全 额 结 算 （ Real Time Gross Settlement，简称RTGS）模式；赎回业务涉及的现金替代采用代收代付处理；申购、赎回业 务涉及的现金差额和现金替代退补款采用代收代付处理。 （1）申购的清算交收 投资者T日提交的申购申请受理后，如交易记录已勾单且申购资金足额的，登记机构在T 日日间实时办理基金份额及现金替代的交收；T日日间未进行勾单确认或日间资金不足的， 登记机构在T日日终根据资金是否足额办理基金份额及现金替代的清算交收，并将结果发送 鹏华中证港股通信息技术综合交易型开放式指数证券投资基金招募说明书 38 给基金管理人、申购赎回代理券商和基金托管人。基金管理人与申购赎回代理,不买入或不卖出部分被替代证券，或者不进行任何买入或卖出证券的操作，基金管理人 可能不买入或不卖出被替代证券的情形包括但不限于市场流动性不足、技术系统无法实现、 申购赎回轧差以及基金管理人认为不应买入或卖出的其他情形。 （9）第三方机构服务的风险 本基金的多项服务委托第三方机构办理，存在以下风险： 鹏华中证港股通信息技术综合交易型开放式指数证券投资基金招募说明书 78 1）申购赎回代理券商因多种原因，导致代理申购、赎回业务受到限制、暂停或终止， 由此影响对投资者申购赎回服务的风险。 2）登记机构可能调整结算制度，如对投资者基金份额、组合证券及资金的结算方式发 生变化，制度调整可能给投资者带来理解偏差的风险。同样的风险还可能来自于证券交易所 及其他代理机构。 3）第三方机构可能违约，导致基金或投资者利益受损的风险。 3、港股通机制下港股通标的股票的投资风险 本基金投,申购替代金额的处理程序 T日，基金管理人在申购赎回清单中公布申购现金替代保证金率，并据此收取申购替代 金额。 对于确认成功的T日申购申请，通常情况下T日内基金管理人根据申购规模进行组合证券 的代理买入。基金管理人有权在T日内任意时刻以收到的替代金额代投资者买入小于等于被 替代证券数量的任意数量的被替代证券。基金管理人有权根据基金投资的需要自主决定不买 鹏华中证港股通信息技术综合交易型开放式指数证券投资基金招募说明书 41 入部分被替代证券，或者不进行任何买入证券的操作，基金管理人可能不买入被替代证券的 情形包括但不限于市场流动性不足、技术系统无法实现以及基金管理人认为不应买入的其他 情形。T日日终，基金管理人根据所购入的被替代证券的实际单位购入成本（包括买入价格 与相关费用，折算为人民币）和未买入的被替代证券的T日收盘价（折算为人民币，折算汇 率采用基金管理人和基金托管人商定的汇率公允价，汇率公允价包括中国人民银行或其授权 机构公布的人民币汇率中间价、中国外汇交易中心参考汇率、中国外汇交易中心收盘价、与 基金托管人商定的其他公允价格等；当日在证券交易所无交易的，取最近交易日的收盘价； 当日无收盘价的，取最后成交价）计算被替代证券的单位结算成本，在此基础上根据替代证 券数量和申购替代金额确定基金应退还投资者或投资者应补交的款项。 正常情况下，T+3日（指港股通交易日）内，基金管理人将应退款和补款的明细及汇总 数据发送给登记机构，登记机构办理现金替代多退少补资金的清算，并将结果发送给相关申 购赎回代理券商和基金托管人。 如遇港股通临时停市、港股通交易每日额度或总额度不足等特殊情况，组合证券的代理 买入及结算价格可依次顺延至下一港股通交易日直至交易正常。如遇证券长期停牌、流动性 不足等可能导致收盘价或最后成交价不公允的特殊情况，可参照证券的估值价格，对结算价 格进行调整，如果基金管理人认为该证券复牌后的价格可能存在较大波动，且可能对基金资 产净值产生较大影响，为了更好的维护基金份额持有人利益，该证券对应的现金替代款的清 算交收可在其复牌后按照实际交易成本办理。在此期间若该证券发生除息、送股（转增）、 配股等重要权益变动，则进行相应调整。 ④赎回对应的替代金额 赎回时，对于可以现金替代的证券，替代金额为扣除相关费用后的该证券的卖出价值（或 证券实际结算价值） ⑤赎回替代金额的处理程序 对于确认成功的T日赎回申请，通常情况下T日内基金管理人根据赎回规模进行组合证券 的代理卖出。基金管理人有权在T日内任意时刻卖出小于等于被替代证券数量的任意数量的 被替代证券。基金管理人有权根据基金投资的需要自主决定不卖出部分被替代证券，或者不 进行任何卖出证券的操作，基金管理人可能不卖出被替代证券的情形包括但不限于市场流动 性不足、技术系统无法实现以及基金管理人认为不应卖出的其他情形。,替代金额的处理程序 T日，基金管理人在申购赎回清单中公布申购现金替代保证金率，并据此收取申购替代 金额。 对于确认成功的T日申购申请，通常情况下T日内基金管理人根据申购规模进行组合证券 的代理买入。基金管理人有权在T日内任意时刻以收到的替代金额代投资者买入小于等于被 替代证券数量的任意数量的被替代证券。基金管理人有权根据基金投资的需要自主决定不买 鹏华中证港股通信息技术综合交易型开放式指数证券投资基金招募说明书 41 入部分被替代证券，或者不进行任何买入证券的操作，基金管理人可能不买入被替代证券的 情形包括但不限于市场流动性不足、技术系统无法实现以及基金管理人认为不应买入的其他 情形。T日日终，基金管理人根据所购入的被替代证券的实际单位购入成本（包括买入价格 与相关费用，折算为人民币）和未买入的被替代证券的T日收盘价（折算为人民币，折算汇 率采用基金管理人和基金托管人商定的汇率公允价，汇率公允价包括中国人民银行或其授权 机构公布的人民币汇率中间价、中国外汇交易中心参考汇率、中国外汇交易中心收盘价、与 基金托管人商定的其他公允价格等；当日在证券交易所无交易的，取最近交易日的收盘价； 当日无收盘价的，取最后成交价）计算被替代证券的单位结算成本，在此基础上根据替代证 券数量和申购替代金额确定基金应退还投资者或投资者应补交的款项。 正常情况下，T+3日（指港股通交易日）内，基金管理人将应退款和补款的明细及汇总 数据发送给登记机构，登记机构办理现金替代多退少补资金的清算，并将结果发送给相关申 购赎回代理券商和基金托管人。 如遇港股通临时停市、港股通交易每日额度或总额度不足等特殊情况，组合证券的代理 买入及结算价格可依次顺延至下一港股通交易日直至交易正常。如遇证券长期停牌、流动性 不足等可能导致收盘价或最后成交价不公允的特殊情况，可参照证券的估值价格，对结算价 格进行调整，如果基金管理人认为该证券复牌后的价格可能存在较大波动，且可能对基金资 产净值产生较大影响，为了更好的维护基金份额持有人利益，该证券对应的现金替代款的清 算交收可在其复牌后按照实际交易成本办理。在此期间若该证券发生除息、送股（转增）、 配股等重要权益变动，则进行相应调整。 ④赎回对应的替代金额 赎回时，对于可以现金替代的证券，替代金额为扣除相关费用后的该证券的卖出价值（或 证券实际结算价值） ⑤赎回替代金额的处理程序 对于确认成功的T日赎回申请，通常情况下T日内基金管理人根据赎回规模进行组合证券 的代理卖出。基金管理人有权在T日内任意时刻卖出小于等于被替代证券数量的任意数量的 被替代证券。基金管理人有权根据基金投资的需要自主决定不卖出部分被替代证券，或者不 进行任何卖出证券的操作，基金管理人可能不卖出被替代证券的情形包括但不限于市场流动 性不足、技术系统无法实现以及基金管理人认为不应卖出的其他情形。T日,申购赎回清单：指由基金管理人编制的用以公告申购对价、赎回对价等信息的文件 51、申购对价：指投资人申购基金份额时，按基金合同和招募说明书规定应交付的现金 替代、现金差额和/或其他对价 鹏华中证港股通信息技术综合交易型开放式指数证券投资基金招募说明书 9 52、赎回对价：指投资人赎回基金份额时，基金管理人按基金合同和招募说明书规定应 交付给赎回人的现金替代、现金差额和/或其他对价 53、组合证券：指本基金标的指数所包含的全部或部分证券 54、现金替代：指申购或赎回过程中，投资人按基金合同和招募说明书的规定，用于替 代组合证券中全部或部分证券的一定数量的现金 55、现金差额：指 T 日最小申购、赎回单位的资产净值与按当日收盘价计算的最小申 购、赎回单位中的组合证券市值和现金替代之差；投资人申购或赎回时应支付或应获得的现 金差额根据最小申购、赎回单位对应的现金差额、申购或赎回的基金份额数计算 56、预估现金差额：指由基金管理人计算并在 T 日申购赎回清单中公布的当日现金差 额预估值，预估现金差额由申购赎回代理券商预先冻结 57、最小申购、赎回单位：指本基金申购份额、赎回份额的最低数量，投资人申购、赎 回的基金份额应为最小申购、赎回单位的整数倍 58、基金份额参考净值：指基金管理人或者基金管理人委托的机构在开市后根据申购赎 回清单和组合证券内各只证券的实时成交数据及汇率数据计算，并通过深圳证券交易所发布 的基金份额参考净值，简称“IOPV” 59、基金份额折算：指基金管理人根据基金运作的需要，在基金资产净值不变的前提下， 按照一定比例调整基金份额总额及基,/Users/ellis/工具程序开发/港股通逐标的分析/临时数据/159185/159185_招募说明书_20260313.txt
64,513980,景顺长城中证港股通科技ETF,景顺长城中证港股通科技交易型开放式指数证券投资基金2026年第2号更新招募说明书,2026-06-30,关业务规则和参与各方相关协议及其不时修订的有关规定。 本基金申购业务采用实时逐笔全额结算 （Real Time Gross Settlement， 以下 简称 RTGS）模式；赎回业务涉及的现金替代可采用代收代付处理；申购、赎 回业务涉及的现金差额和现金替代退补款可采用代收代付处理。 （1）申购的清算交收 投资者T日现金申购后，如交易记录已勾单且申购资金足额的，登记机构 在T日日间实时办理基金份额及现金替代的交收；T日日间未进行勾单确认或 日间资金不足的，登记机构在T日日终根据资金是否足额办理基金份额及现金 替代的清算交收，并将结果发送给基金管理人、申购赎回代理券商和基金托 管人。基金管理人在T+1日内办理现金差额的清算，在T+2日内办理现金差额 的交收。若发生特殊情况，基金管理,或者不卖出部分被替代证券， 或者不进行任何买入或卖出证券的操 作， 基金管理人可能不买入或不卖出被替代证券的情形包括但不限于市场流动 性不足、技术系统无法实现、申购赎回轧差以及基金管理人认为不应该买入或 卖出的其他情形。 （十三）基金管理人深知个人信息对投资者的重要性，致力于投资者个 人信息的保护。基金管理人承诺按照法律法规和相关监管要求的规定处理投 资者的个人信息，包括通过基金管理人直销、销售机构或场内经纪机构购买 景顺长城基金管理有限公司旗下基金产品的所有个人投资者。基金管理人需 处理的机构投资者信息中可能涉及其法定代表人、受益所有人、经办人等个 人信息，也将遵守上述承诺进行处理。 （十四）为充分维护投资者利益， 本基金管理人已对文件所载重要提示 （如 有）及风险揭示章节相关内容予以补充说明。除此之外，本招募说明书所载内 容截止日为2025 年 9 月 30,申购替代金额的处理程序 对于确认成功的 T 日申购申请， 基金管理人有权在T 日内任意时刻以收到 的申购替代金额代投资者买入小于等于被替代组合证券数量的任意数量的被 替代组合证券。 基金管理人有权根据基金投资运作情况自主决定不买入部分被 替代组合证券，或者不进行任何买入证券的操作。 T 日， 基金管理人在申购赎回清单中公布现金替代溢价比例， 并据此收取 申购替代金额。 正常情况下， 对于确认成功的T 日申购申请， 基金管理人根据 T 日所购入的被替代证券的实际单位购入成本（包括买入价格与相关费用，折 算为人民币）和未买入的被替代证券 T 日收盘价（折算为人民币，折算汇率采 用当天的估值汇率；被替代证券当日在证券交易所无交易的，取最近交易日的 收盘价； 交易日无收盘价的，取最后成交价） 计算被替代证券的单位结算成本， 在此基础上根据替代证券数量和申购替代金额确定基金应退还投资人 或投资 人应补交的款项。T 日后的三个港股通交易日内，基金管理人将应退款或补款 与相关申购赎回代理券商办理交收， 当交收期间出现港股通交易日为非港股通 交收日时，款项交收日期顺延。若发生特殊情况，基金管理人可以对交收日期 进行相应调整。 如遇港股通临时停市、港股通交易每日额度等特殊情况，基金管理人可考 虑根据实际情况将组合证券的代理买入及结算价格顺延至下一港股通交易日 景顺长城中证港股通科技交易型开放式指数证券投资基金招募说明书更新 56 直至交易正常。如遇证券长期停牌、流动性不足等可能导致收盘价或最后成交 价不公允的特殊情况，可参照证券的估值价格，对结算价格进行调整，如果基 金管理人认为该证券复牌后的价格可能存在较大波动， 且可能对基金资产净值 产生较大影响，为了更好的维护持有人利益，该证券对应的现金替代退补款的 清算交收可在其复牌后按照实际交易成本办理。在此期间若该证券发生除息、 送股（转增） 、配股等重要权益变动，则进行相应调整。 4）赎回替代金额的处理程序 对于确认成功的 T 日赎回申请，基金管理人有权在 T 日内任意时刻代投 资者卖出小于等于被替代证券数量的任意数量的被替代证券。 基金管理人有权 根据基金投资的需要自主决定不卖出部分被替代组合证券， 或者不进行任何卖 出证券的操作。正常情况下，对于确认成功的 T 日赎回申请，基金管理人根据 T 日所卖出的被替代证券的实际单位卖出金额 （扣除相关费用， 折算为人民币） 和未卖出的被替代证券的 T 日收盘价 （折算为人民币，折算汇率采用当天的估 值汇率；被替代证券当日在证券交易所无交易的，取最近交易日的收盘价；交 易日无收盘价的，取最后成交价）计算被替代证券的单位结算金额，在此基础 上根据替代证券数量确定赎回替代金额。T 日后的第三个港股通交易日后的两 个工作日内， 基金管理人将应支付的赎回替代金额与相关申购赎回代理券商办 理交收,替代金额的处理程序 对于确认成功的 T 日申购申请， 基金管理人有权在T 日内任意时刻以收到 的申购替代金额代投资者买入小于等于被替代组合证券数量的任意数量的被 替代组合证券。 基金管理人有权根据基金投资运作情况自主决定不买入部分被 替代组合证券，或者不进行任何买入证券的操作。 T 日， 基金管理人在申购赎回清单中公布现金替代溢价比例， 并据此收取 申购替代金额。 正常情况下， 对于确认成功的T 日申购申请， 基金管理人根据 T 日所购入的被替代证券的实际单位购入成本（包括买入价格与相关费用，折 算为人民币）和未买入的被替代证券 T 日收盘价（折算为人民币，折算汇率采 用当天的估值汇率；被替代证券当日在证券交易所无交易的，取最近交易日的 收盘价； 交易日无收盘价的，取最后成交价） 计算被替代证券的单位结算成本， 在此基础上根据替代证券数量和申购替代金额确定基金应退还投资人 或投资 人应补交的款项。T 日后的三个港股通交易日内，基金管理人将应退款或补款 与相关申购赎回代理券商办理交收， 当交收期间出现港股通交易日为非港股通 交收日时，款项交收日期顺延。若发生特殊情况，基金管理人可以对交收日期 进行相应调整。 如遇港股通临时停市、港股通交易每日额度等特殊情况，基金管理人可考 虑根据实际情况将组合证券的代理买入及结算价格顺延至下一港股通交易日 景顺长城中证港股通科技交易型开放式指数证券投资基金招募说明书更新 56 直至交易正常。如遇证券长期停牌、流动性不足等可能导致收盘价或最后成交 价不公允的特殊情况，可参照证券的估值价格，对结算价格进行调整，如果基 金管理人认为该证券复牌后的价格可能存在较大波动， 且可能对基金资产净值 产生较大影响，为了更好的维护持有人利益，该证券对应的现金替代退补款的 清算交收可在其复牌后按照实际交易成本办理。在此期间若该证券发生除息、 送股（转增） 、配股等重要权益变动，则进行相应调整。 4）赎回替代金额的处理程序 对于确认成功的 T 日赎回申请，基金管理人有权在 T 日内任意时刻代投 资者卖出小于等于被替代证券数量的任意数量的被替代证券。 基金管理人有权 根据基金投资的需要自主决定不卖出部分被替代组合证券， 或者不进行任何卖 出证券的操作。正常情况下，对于确认成功的 T 日赎回申请，基金管理人根据 T 日所卖出的被替代证券的实际单位卖出金额 （扣除相关费用， 折算为人民币） 和未卖出的被替代证券的 T 日收盘价 （折算为人民币，折算汇率采用当天的估 值汇率；被替代证券当日在证券交易所无交易的，取最近交易日的收盘价；交 易日无收盘价的，取最后成交价）计算被替代证券的单位结算金额，在此基础 上根据替代证券数量确定赎回替代金额。T 日后的第三个港股通交易日后的两 个工作日内， 基金管理人将应支付的赎回替代金额与相关申购赎回代理券商办 理交收，当,数证券投资基金（ETF），将在上海证券 交易所上市。本基金的申购赎回采用全现金替代模式，即基金管理人代买代卖 的运作模式， 申购对价、 赎回对价包括现金替代、 现金差额和/或其他对价。 未 来在上海证券交易所和登记机构允许的情况下， 本基金将采用港股通股票申购 景顺长城中证港股通科技交易型开放式指数证券投资基金招募说明书更新 赎回模式， 申购对价、 赎回对价包括组合证券、 现金替代、 现金差额和/或其他 对价。 投资人当日申购的基金份额，清算交收完成后方可卖出和赎回。在目前的 结算规则下， 如投资人交易记录已勾单且申购资金足额的， 登记机构在T 日日 间实时办理基金份额及现金替代的交收，则 T 日日间交收成功后，T 日可卖出 和赎回。T 日日间未进行勾单确认或日间资金不足的，T 日日终交收成功后， T+1 日可卖出和赎回。T 日买入的基金份额，T 日可以赎回或卖出。本基金的 申购赎回遵守相关业务规则。上海证券交易所、登记机构、基金管理人及销售 机构对相关业务规则不时做出修订。 投资人认购本基金时需具有上海证券账户，上海证券账户是指上海证券 交易所A 股账户或基金账户。上海证券交易所证券投资基金账户只能进行基金 份额的现金认购和二级市场交易，如投资人需要参与基金的申购、赎回，则应 开立上海证券交易所 A 股账户。 （七） 本基金投资中证港股通科技指数成份股及备选成份股的资产不低于 基金资产净值的 90%且不低于非现金基金资产的 80％，其投资目标为紧密跟 踪标的指数，追求跟踪偏离度和跟踪误差最小化，以期获得与标的指数收益相 似的回报。本基金投资于证,/Users/ellis/工具程序开发/港股通逐标的分析/临时数据/513980/513980_更新招募说明书_20260630.txt
65,520510,华夏中证港股通医疗主题ETF,华夏中证港股通医疗主题交易型开放式指数证券投资基金招募说明书(更新),2026-06-30,用相关业务规则和参与各方相关协议及其不时修订的有关规定。 本基金申购业务采用实时逐笔全额结算（Real Time Gross Settlement，以下简称 RTGS） 模式； 赎回业务涉及的现金替代可采用代收代付处理； 申购、 赎回业务涉及的现金差额和现 金替代退补款可采用代收代付处理。 1）申购的清算交收 投资者 T 日现金申购后，如交易记录已勾单且申购资金足额的，登记机构在 T 日日间 实时办理基金份额及现金替代的交收；T 日日间未进行勾单确认或日间资金不足的， 登记机 构在 T 日日终根据资金是否足额办理基金份额及现金替代的清算交收，并将结果发送给基 金管理人、 申购赎回代理机构和基金托管人。 基金管理人在T+2 日内办理现金差额的交收。 2）赎回的清算交收 投资者 T,或不卖出部分被替代证券， 或者不进行任何买入或卖出证券的操作， 基金管 理人可能不买入或不卖出被替代证券的情形包括但不限于市场流动性不足、技术系统无法 实现、 申购赎回轧差以及基金管理人认为不应买入或卖出的其他情形，因此投资者需承受可 能当天无法完成所有证券买卖、未完成买卖部分按收盘价结算等风险。 14、基金收益分配后基金份额净值低于面值的风险 基于本基金的性质和特点， 本基金收益分配不以弥补亏损为前提， 收益分配后可能存在 基金份额净值低于面值的风险。 15、第三方机构服务的风险 基金的多项服务委托第三方机构办理，存在以下风险： （1） 申购赎回代理机构因多种原因， 导致代理申购、 赎回业务受到限制、 暂停或终止， 由此影响对投资者申购赎回服务的风险。 （2）登记机构可能调整结算制度，如实施货银对付制度，对投资者基金份额、组合证 券及资金的结算方式发生变化，,替代金额的处理程序 【1】申购替代金额的处理程序 基金管理人在 T 日内以收到的替代金额代投资者买入被替代证券。T 日日终， 基金管理 人根据所购入的被替代证券的实际单位购入成本 （包括买入价格与相关费用） 和未买入的被 替代证券的 T 日收盘价 （折算为人民币， 折算汇率采用当天的估值汇率；T 日在证券交易所 无交易的， 取最近交易日的收盘价； 交易日无收盘价的， 取最后成交价） 计算被替代证券的 单位结算成本， 在此基础上根据替代证券数量和申购现金替代金额确定基金应退还投资者或 投资者应补交的款项。 正常情况下，T 日后的第2 个港股通交易日后的 2 个工作日内， 基金管理人将应退款或 补款与相关申购赎回代理机构办理交收。若发生特殊情况， 基金管理人可以对交收日期进行 相应调整。 如遇港股通临时停市、 港股通交易每日额度或总额度不足等特殊情况， 组合证券的代理 买入及结算价格可依次顺延至下一港股通交易日直至交易正常。 如遇证券长期停牌、 流动性 不足等可能导致收盘价或最后成交价不公允的特殊情况， 可参照证券的估值价格， 对结算价 格进行调整， 如果基金管理人认为该证券复牌后的价格可能存在较大波动， 且可能对基金资 产净值产生较大影响， 为了更好的维护持有人利益， 该证券对应的现金替代款的清算交收可 在其复牌后按照实际交易成本办理。在此期间若该证券发生除息、送股（转增） 、配股等重 要权益变动，则进行相应调整。 【2】赎回替代金额的处理程序 T 日内，基金管理人根据赎回规模进行被替代证券的代理卖出。T 日日终，基金管理人 根据所卖出的被替代证券的实际单位卖出金额 （扣除相关费用） 和未卖出的被替代证券的T 华夏中证港股通医疗主题交易型开放式指数证券投资基金招募说明书（更新） 45 日收盘价（折算为人民币，折算汇率采用当天的估值汇率；T 日在证券交易所无交易的，取 最近交易日的收盘价； 交易日无收盘价的， 取最后成交价） 计算被替代证券的单位结算金额， 在此基础上根据替代证券数量确定赎回替代金额。 正常情况下，T 日后的第 3 个港股通交易日后的第 2 个工作日内， 基金管理人将应支付 的赎回替代金额与相关申购赎回代理机构办理交收。 若发生特殊情况， 基金管理人可以对交 收日期进行相应调整。 如遇港股通临时停市等特殊情况，组合证券的代理卖出及结算价格可依次顺延至下一 港股通交易日直至交易正常。 如遇证券长期停牌、 流动性不足等可能导致收盘价或最后成交 价不公允的特殊情况， 可参照证券的估值价格， 对结算价格进行调整， 如果基金管理人认为 该证券复牌后的价格可能存在较大波动， 且可能对基金资产净值产生较大影响， 为了更好的 维护持有人利益，该证券对应的现金替代款的清算交收可在其复牌后按照实际交易成本办 理。在此期间若该证券发生除息、送股（转增） 、配股等重要权,替代金额的处理程序 【1】申购替代金额的处理程序 基金管理人在 T 日内以收到的替代金额代投资者买入被替代证券。T 日日终， 基金管理 人根据所购入的被替代证券的实际单位购入成本 （包括买入价格与相关费用） 和未买入的被 替代证券的 T 日收盘价 （折算为人民币， 折算汇率采用当天的估值汇率；T 日在证券交易所 无交易的， 取最近交易日的收盘价； 交易日无收盘价的， 取最后成交价） 计算被替代证券的 单位结算成本， 在此基础上根据替代证券数量和申购现金替代金额确定基金应退还投资者或 投资者应补交的款项。 正常情况下，T 日后的第2 个港股通交易日后的 2 个工作日内， 基金管理人将应退款或 补款与相关申购赎回代理机构办理交收。若发生特殊情况， 基金管理人可以对交收日期进行 相应调整。 如遇港股通临时停市、 港股通交易每日额度或总额度不足等特殊情况， 组合证券的代理 买入及结算价格可依次顺延至下一港股通交易日直至交易正常。 如遇证券长期停牌、 流动性 不足等可能导致收盘价或最后成交价不公允的特殊情况， 可参照证券的估值价格， 对结算价 格进行调整， 如果基金管理人认为该证券复牌后的价格可能存在较大波动， 且可能对基金资 产净值产生较大影响， 为了更好的维护持有人利益， 该证券对应的现金替代款的清算交收可 在其复牌后按照实际交易成本办理。在此期间若该证券发生除息、送股（转增） 、配股等重 要权益变动，则进行相应调整。 【2】赎回替代金额的处理程序 T 日内，基金管理人根据赎回规模进行被替代证券的代理卖出。T 日日终，基金管理人 根据所卖出的被替代证券的实际单位卖出金额 （扣除相关费用） 和未卖出的被替代证券的T 华夏中证港股通医疗主题交易型开放式指数证券投资基金招募说明书（更新） 45 日收盘价（折算为人民币，折算汇率采用当天的估值汇率；T 日在证券交易所无交易的，取 最近交易日的收盘价； 交易日无收盘价的， 取最后成交价） 计算被替代证券的单位结算金额， 在此基础上根据替代证券数量确定赎回替代金额。 正常情况下，T 日后的第 3 个港股通交易日后的第 2 个工作日内， 基金管理人将应支付 的赎回替代金额与相关申购赎回代理机构办理交收。 若发生特殊情况， 基金管理人可以对交 收日期进行相应调整。 如遇港股通临时停市等特殊情况，组合证券的代理卖出及结算价格可依次顺延至下一 港股通交易日直至交易正常。 如遇证券长期停牌、 流动性不足等可能导致收盘价或最后成交 价不公允的特殊情况， 可参照证券的估值价格， 对结算价格进行调整， 如果基金管理人认为 该证券复牌后的价格可能存在较大波动， 且可能对基金资产净值产生较大影响， 为了更好的 维护持有人利益，该证券对应的现金替代款的清算交收可在其复牌后按照实际交易成本办 理。在此期间若该证券发生除息、送股（转增） 、配股等重要权,： 指由基金管理人编制的用以公告申购对价、 赎回对价等信息的文件。 50、 申购对价： 指投资者申购基金份额时， 按基金合同和招募说明书规定应交付的现金 替代、现金差额和/或其他对价。 51、 赎回对价： 指投资者赎回基金份额时， 基金管理人按基金合同和招募说明书规定应 交付给赎回人的现金替代、现金差额和/或其他对价。 华夏中证港股通医疗主题交易型开放式指数证券投资基金招募说明书（更新） 8 52、最小申购赎回单位： 指基金申购份额、赎回份额的最低数量， 投资者申购、赎回的 基金份额应为最小申购、赎回单位的整数倍。 53、元：指人民币元。 54、 基金收益： 指基金投资所得红利、 股息、 债券利息、 买卖证券价差、 银行存款利息、 已实现的其他合法收入及因运用基金财产带来的成本和费用的节约。 55、 基金资产总值： 指基金拥有的各类有价证券、 银行存款本息、 基金应收款项及其他 资产的价值总和。 56、基金资产净值：指基金资产总值减去基金负债后的价值。 57、基金份额净值：指计算日基金资产净值除以计算日基金份额总数。 58、 基金资产估值： 指计算评估基金资产和负债的价值， 以确定基金资产净值和基金份 额净值的过程。 59、 规定媒介： 指符合中国证监会规定条件的用以进行信息披露的全国性报刊及《信息 披露办法》 规定的互联网网站 （包括基金管理人网站、 基金托管人网站、 中国证监会基金电 子披露网站）等媒介。 60、 流动性受限资产： 指由于法律法规、 监管、 合同或操作障碍等原因无法以合理价格 予以变现的资产，包括但不限于到期日在 10 个交易,/Users/ellis/工具程序开发/港股通逐标的分析/临时数据/520510/520510_更新招募说明书_20260630.txt
66,159169,广发恒生生物科技ETF,广发恒生生物科技交易型开放式指数证券投资基金更新的招募说明书,2026-07-06,相关的交收方式已经认可。 根据本基金现行适用的清算交收和申赎处理规则，投资者当日申购的基金份额，清算交 收完成后方可卖出和赎回，即T日申购的ETF份额且日间完成RTGS（实时逐笔全额结算）交 收，T日可卖出与赎回， 而T日申购的ETF份额且日终完成逐笔全额非担保交收的，T+1日方可 卖出和赎回；T日竞价买入的基金份额，T日可以卖出或赎回。由于登记结算机构对现金替代 采取非净额结算交收模式，当投资者赎回申请被登记结算机构确认后，被赎回的基金份额即 被记减，但此时投资者尚未收到赎回现金替代款。 投资者投资本基金时需具有证券账户，证券账户是指深圳证券交易所 A股账户或深圳证 券交易所证券投资基金账户。 本基金以1元初始面值进行募集，在市场波动等因素的影响下，存在单位份额净值跌破 1 元,,申购替代金额的处理程序 T 日，基金管理人在申购赎回清单中公布现金替代溢价比例，并据此收取替代金额。对 于确认成功的 T 日申购申请，在 T 日内，基金管理人以收到的替代金额代投资者买入被替代 证券。在 T 日日终，基金管理人已买入的证券，依据替代金额与被替代证券的实际买入成本 （包括买入价格与相关交易费用）的差额，确定基金应退还投资者或投资者应补交的款项； 未买入的证券，依据替代金额与被替代证券 T 日收盘价（需用最新汇率折算为人民币，当日 在证券交易所无交易的， 取最近交易日的收盘价， 当日无收盘价的， 取最后成交价） 的差额， 33 确定基金应退还投资者或投资者应补交的款项。 正常情况下，T+3 日（指港股通交易日）内，基金管理人将应退款和补款的明细及汇总 数据发送给相关申购赎回代理机构和基金托管人，相关款项的清算交收将于此后 3 个工作日 内完成。 如遇港股通临时停市、港股通交易每日额度或总额度不足等特殊情况，组合证券的代理 买入及结算价格可依次顺延至下一港股通交易日直至交易正常。如遇证券长期停牌、流动性 不足等特殊情况，可参照证券的估值价格对结算价格进行调整，如果基金管理人认为该证券 复牌后的价格可能存在较大波动，且可能对基金资产净值产生较大影响，为了更 好的维护持 有人利益，该证券对应的现金替代退补款的清算交收可在其复牌后按照实际交易成本办理。 在此期间若该证券发生除息、送股（转增） 、配股等重要权益变动，则进行相应调整。 上述汇率目前采用汇率公允价。汇率公允价包括中国人民银行或其授权机构最新公布的 人民币汇率中间价、 中国外汇交易中心最新收盘价、 与基金托管人商定的其他公允价格 （如： 中国人民银行或国家外汇管理局或中国外汇交易中心正式对外发文后公布的人民币兑主要外 汇当日收盘价）等。 ④赎回对应的替代金额的处理程序 对于确认成功的 T 日赎回申请，在 T 日内，基金管理人根据赎回申请代投资者卖出被替 代证券。在 T 日日终，基金管理人已卖出的证券，按照被替代证券的实际卖出金额（扣除相 关费用）确定基金应支付的替代金额；未卖出的证券，按照被替代证券 T 日收盘价（需用最 新汇率折算为人民币，当日在证券交易所无交易的，取最近交易日的收盘价，当日无收盘价 的，取最后成交价）确定基金应支付给投资者的替代金额。 正常情况下，T+7 日（指港股通交易日）内，基金管理人将应支付的替代金额的明细及 汇总数据发送给登记结算机构，登记结算机构办理现金替代资金的清算，并将结果发送给相 关申购赎回代理机构和基金托管人，相关款项的清算交收将于此后 3 个工作日内完成。 如遇港股通临时停市等特殊情况，组合证券的代理卖出及结算价格可依次顺延至下一港 股通交易日直至交易正常。如遇证券长期停牌、流动性不足等特殊情况，可参照证券的估值 价格，对结算价格进行调整，如果基金管理人认,替代金额的处理程序 T 日，基金管理人在申购赎回清单中公布现金替代溢价比例，并据此收取替代金额。对 于确认成功的 T 日申购申请，在 T 日内，基金管理人以收到的替代金额代投资者买入被替代 证券。在 T 日日终，基金管理人已买入的证券，依据替代金额与被替代证券的实际买入成本 （包括买入价格与相关交易费用）的差额，确定基金应退还投资者或投资者应补交的款项； 未买入的证券，依据替代金额与被替代证券 T 日收盘价（需用最新汇率折算为人民币，当日 在证券交易所无交易的， 取最近交易日的收盘价， 当日无收盘价的， 取最后成交价） 的差额， 33 确定基金应退还投资者或投资者应补交的款项。 正常情况下，T+3 日（指港股通交易日）内，基金管理人将应退款和补款的明细及汇总 数据发送给相关申购赎回代理机构和基金托管人，相关款项的清算交收将于此后 3 个工作日 内完成。 如遇港股通临时停市、港股通交易每日额度或总额度不足等特殊情况，组合证券的代理 买入及结算价格可依次顺延至下一港股通交易日直至交易正常。如遇证券长期停牌、流动性 不足等特殊情况，可参照证券的估值价格对结算价格进行调整，如果基金管理人认为该证券 复牌后的价格可能存在较大波动，且可能对基金资产净值产生较大影响，为了更 好的维护持 有人利益，该证券对应的现金替代退补款的清算交收可在其复牌后按照实际交易成本办理。 在此期间若该证券发生除息、送股（转增） 、配股等重要权益变动，则进行相应调整。 上述汇率目前采用汇率公允价。汇率公允价包括中国人民银行或其授权机构最新公布的 人民币汇率中间价、 中国外汇交易中心最新收盘价、 与基金托管人商定的其他公允价格 （如： 中国人民银行或国家外汇管理局或中国外汇交易中心正式对外发文后公布的人民币兑主要外 汇当日收盘价）等。 ④赎回对应的替代金额的处理程序 对于确认成功的 T 日赎回申请，在 T 日内，基金管理人根据赎回申请代投资者卖出被替 代证券。在 T 日日终，基金管理人已卖出的证券，按照被替代证券的实际卖出金额（扣除相 关费用）确定基金应支付的替代金额；未卖出的证券，按照被替代证券 T 日收盘价（需用最 新汇率折算为人民币，当日在证券交易所无交易的，取最近交易日的收盘价，当日无收盘价 的，取最后成交价）确定基金应支付给投资者的替代金额。 正常情况下，T+7 日（指港股通交易日）内，基金管理人将应支付的替代金额的明细及 汇总数据发送给登记结算机构，登记结算机构办理现金替代资金的清算，并将结果发送给相 关申购赎回代理机构和基金托管人，相关款项的清算交收将于此后 3 个工作日内完成。 如遇港股通临时停市等特殊情况，组合证券的代理卖出及结算价格可依次顺延至下一港 股通交易日直至交易正常。如遇证券长期停牌、流动性不足等特殊情况，可参照证券的估值 价格，对结算价格进行调整，如果基金管理人认为该,可参与本基金的申购、赎回及交易。投资者一旦认购、申购或赎回本基 金，即表示对基金认购、申购和赎回所涉及的基金份额的证券变更登记方式以及申购赎回所 涉及现金替代、现金差额等相关的交收方式已经认可。 根据本基金现行适用的清算交收和申赎处理规则，投资者当日申购的基金份额，清算交 收完成后方可卖出和赎回，即T日申购的ETF份额且日间完成RTGS（实时逐笔全额结算）交 收，T日可卖出与赎回， 而T日申购的ETF份额且日终完成逐笔全额非担保交收的，T+1日方可 卖出和赎回；T日竞价买入的基金份额，T日可以卖出或赎回。由于登记结算机构对现金替代 采取非净额结算交收模式，当投资者赎回申请被登记结算机构确认后，被赎回的基金份额即 被记减，但此时投资者尚未收到赎回现金替代款。 投资者投资本基金时需具有证券账户，证券账户是指深圳证券交易所 A股账户或深圳证 券交易所证券投资基金账户。 本基金以1元初始面值进行募集，在市场波动等因素的影响下，存在单位份额净值跌破 1 元初始面值的风险。基金管理人提醒投资人基金投资的“买者自负”原则，在投资人作出投 资决策后，基金运营状况与基金净值变化引致的投资风险，由投资人自行负责。 投资人在进行投资决策前，请仔细阅读本基金的《招募说明书》、基金产品资料概要及 《基金合同》，自主判断基金的投资价值，自主做出投资决策，自行承担投资风险。 基金的过往业绩并不预示其未来表现，基金管理人管理的其他基金的业绩并不构成对本 基金表现的保证。 本次更新的招募说明书主要对基金管理人、基金托管人、其他应披露事项等信息进行修 订，更新内容截止日为 2026,/Users/ellis/工具程序开发/港股通逐标的分析/临时数据/159169/159169_更新招募说明书_20260706.txt
67,513120,广发中证香港创新药(QDII-ETF),广发中证香港创新药交易型开放式指数证券投资基金(QDII)更新的招募说明书,2026-07-06,价格折溢价的风险。 根据本基金现行适用的清算交收和申赎处理规则，投资者当日申购的基金份额，清算交 收完成后方可卖出和赎回，即T 日申购的ETF 份额且日间完成 RTGS（实时逐笔全额结算）交 收，T 日可卖出与赎回， 而T 日申购的 ETF 份额且日终完成逐笔全额非担保交收的，T+1 日方 可卖出和赎回；T 日买入的基金份额，T 日可以赎回或卖出。 投资者投资本基金时需具有证券 账户，证券账户是指上海证券交易所 A 股账户或上海证券交易所证券投资基金账户。 本基金以 1 元初始面值进行募集，在市场波动等因素的影响下，存在单位份额净值跌破 1 元初始面值的风险。 基金管理人提醒投资人基金投资的 “买者自负” 原则， 在投资人作出投 资决策后，基金运营状况与基金净值变化引致的投资风险,,申购替代金额的处理程序 T 日，基金管理人根据申购赎回清单收取申购现金替代保证金。 67 对于确认成功的 T 日申购申请，在 T 日（指香港交易所交易日）内，基金管理人以收到 的申购现金替代保证金代投资者买入被替代证券。在 T 日（指香港交易所交易日）日终，基 金管理人已买入的证券，依据申购现金替代保证金与被替代证券的实际买入成本（包括买入 价格与相关交易费用）的差额，确定基金应退还投资者或投资者应补交的款项；未买入的证 券，依据申购现金替代保证金与被替代证券 T 日（指香港交易所交易日）收盘价（需用最新 汇率折算为人民币， 当日在证券交易所无交易的， 取最近交易日的收盘价， 当日无收盘价的， 取最后成交价）的差额，确定基金应退还投资者或投资者应补交的款项。 正常情况下，T+3 日（指上海证券交易所与香港交易所的共同交易日）内，基金管理人 将应退款和补款的明细及汇总数据发送给登记结算机构，登记结算机构办理现金替代多退少 补资金的清算，并将结果发送给相关申购赎回代理机构和基金托管人。 如遇证券长期停牌、流动性不足等特殊情况，可参照证券的估值价格对结算价格进行调 整，如果基金管理人认为该证券复牌后的价格可能存在较大波动，且可能对基金资产净值产 生较大影响，为了更好的维护持有人利益，该证券对应的现金替代退补款的清算交收可在其 复牌后按照实际交易成本办理。在此期间若该证券发生除息、送股（转增） 、配股等重要权益 变动，则进行相应调整。上述汇率目前采用汇率公允价。汇率公允价包括中国人民银行或其 授权机构最新公布的人民币汇率中间价、中国外汇交易中心最新收盘价、与基金托管人商定 的其他公允价格（如：中国人民银行或国家外汇管理局或中国外汇交易中心正式对外发文后 公布的人民币兑主要外汇当日收盘价）等。 ④赎回对应的替代金额的处理程序 对于确认成功的 T 日赎回申请，在 T 日（指香港交易所交易日）内，基金管理人根据赎 回申请代投资者卖出被替代证券。在 T 日（指香港交易所交易日）日终，基金管理人已卖出 的证券，按照被替代证券的实际卖出金额（扣除相关费用）确定基金应支付的替代金额；未 卖出的证券，按照被替代证券 T 日（指香港交易所交易日）收盘价（需用最新汇率折算为人 民币，当日在证券交易所无交易的，取最近交易日的收盘价，当日无收盘价的，取最后成交 价）确定基金应支付给投资者的替代金额。 正常情况下，T+7 日（指上海证券交易所与香港交易所的共同交易日）内，基金管理人 将应支付的替代金额的明细及汇总数据发送给登记结算机构，登记结算机构办理现金替代资 金的清算，并将结果发送给相关申购赎回代理机构和基金托管人。如遇证券长期停牌、流动 性不足等特殊情况，可参照证券的估值价格，对结算价格进行调整，如果基金管理人认为该 68 证券复牌后的价格可能存在较大波动，且可能对基金资产净值产生较大,替代金额的处理程序 T 日，基金管理人根据申购赎回清单收取申购现金替代保证金。 67 对于确认成功的 T 日申购申请，在 T 日（指香港交易所交易日）内，基金管理人以收到 的申购现金替代保证金代投资者买入被替代证券。在 T 日（指香港交易所交易日）日终，基 金管理人已买入的证券，依据申购现金替代保证金与被替代证券的实际买入成本（包括买入 价格与相关交易费用）的差额，确定基金应退还投资者或投资者应补交的款项；未买入的证 券，依据申购现金替代保证金与被替代证券 T 日（指香港交易所交易日）收盘价（需用最新 汇率折算为人民币， 当日在证券交易所无交易的， 取最近交易日的收盘价， 当日无收盘价的， 取最后成交价）的差额，确定基金应退还投资者或投资者应补交的款项。 正常情况下，T+3 日（指上海证券交易所与香港交易所的共同交易日）内，基金管理人 将应退款和补款的明细及汇总数据发送给登记结算机构，登记结算机构办理现金替代多退少 补资金的清算，并将结果发送给相关申购赎回代理机构和基金托管人。 如遇证券长期停牌、流动性不足等特殊情况，可参照证券的估值价格对结算价格进行调 整，如果基金管理人认为该证券复牌后的价格可能存在较大波动，且可能对基金资产净值产 生较大影响，为了更好的维护持有人利益，该证券对应的现金替代退补款的清算交收可在其 复牌后按照实际交易成本办理。在此期间若该证券发生除息、送股（转增） 、配股等重要权益 变动，则进行相应调整。上述汇率目前采用汇率公允价。汇率公允价包括中国人民银行或其 授权机构最新公布的人民币汇率中间价、中国外汇交易中心最新收盘价、与基金托管人商定 的其他公允价格（如：中国人民银行或国家外汇管理局或中国外汇交易中心正式对外发文后 公布的人民币兑主要外汇当日收盘价）等。 ④赎回对应的替代金额的处理程序 对于确认成功的 T 日赎回申请，在 T 日（指香港交易所交易日）内，基金管理人根据赎 回申请代投资者卖出被替代证券。在 T 日（指香港交易所交易日）日终，基金管理人已卖出 的证券，按照被替代证券的实际卖出金额（扣除相关费用）确定基金应支付的替代金额；未 卖出的证券，按照被替代证券 T 日（指香港交易所交易日）收盘价（需用最新汇率折算为人 民币，当日在证券交易所无交易的，取最近交易日的收盘价，当日无收盘价的，取最后成交 价）确定基金应支付给投资者的替代金额。 正常情况下，T+7 日（指上海证券交易所与香港交易所的共同交易日）内，基金管理人 将应支付的替代金额的明细及汇总数据发送给登记结算机构，登记结算机构办理现金替代资 金的清算，并将结果发送给相关申购赎回代理机构和基金托管人。如遇证券长期停牌、流动 性不足等特殊情况，可参照证券的估值价格，对结算价格进行调整，如果基金管理人认为该 68 证券复牌后的价格可能存在较大波动，且可能对基金资产净值产生较大影响,参与本基金的申购、赎回及交易。投 资者一旦认购、申购或赎回本基 金，即表示对基金认购、申购和赎回所涉及的基金份额的证券变更登记方式以及申购赎回所 涉及现金替代、现金差额等相关的交收方式已经认可。 当基金资产规模接近或达到外汇额度使用上限时，基金管理人有权暂停基金的申购，届 时投资者可能面临申购失败的风险和基金份额二级市场交易价格折溢价的风险。 根据本基金现行适用的清算交收和申赎处理规则，投资者当日申购的基金份额，清算交 收完成后方可卖出和赎回，即T 日申购的ETF 份额且日间完成 RTGS（实时逐笔全额结算）交 收，T 日可卖出与赎回， 而T 日申购的 ETF 份额且日终完成逐笔全额非担保交收的，T+1 日方 可卖出和赎回；T 日买入的基金份额，T 日可以赎回或卖出。 投资者投资本基金时需具有证券 账户，证券账户是指上海证券交易所 A 股账户或上海证券交易所证券投资基金账户。 本基金以 1 元初始面值进行募集，在市场波动等因素的影响下，存在单位份额净值跌破 1 元初始面值的风险。 基金管理人提醒投资人基金投资的 “买者自负” 原则， 在投资人作出投 资决策后，基金运营状况与基金净值变化引致的投资风险，由投资人自行负责。 本基金由广发基金管理有限公司独立管理，未聘请境外投资顾问。 投资人在进行投资决策前， 请仔细阅读本基金的 《招募说明书》 、 基金产品资料概要及 《基 金合同》 ，自主判断基金的投资价值，自主做出投资决策，自行承担投资风险。 基金的过往业绩并不预示其未来表现，基金管理人管理的其他基金的业绩并不构成对本 基金表现的保证。 本次更新的,/Users/ellis/工具程序开发/港股通逐标的分析/临时数据/513120/513120_更新招募说明书_20260706.txt
68,513280,汇添富恒生生物科技ETF(QDII),汇添富恒生生物科技交易型开放式指数证券投资基金(QDII)更新招募说明书(2026年8月6日更新),2026-08-06,本基金申购赎回过程中涉及的基金份额、 现金替代、 现金差额及其他对价的 清算交收适用相关业务规则和参与各方相关协议及其不时修订的有关规定。 本基金申购业务采用实时逐笔全额结算（Real Time Gross Settlement）模式； 赎回业务涉及的现金替代采用代收代付处理； 申购、 赎回业务涉及的现金差额和 现金替代退补款采用代收代付处理。 投资者 T 日申购成功后， 如交易记录已勾单且申购资金足额的， 登记机构在 T 日日间实时办理基金份额及现金替代的交收；T 日日间未进行勾单确认或日间 资金不足的， 登记机构在T 日日终根据资金是否足额办理基金份额及现金替代的 清算交收， 并将结果发送给基金管理人、 申购赎回代理券商和基金托管人。 基金 汇添富恒生生物科技交易型开放式指数证,收盘价）等。 如遇证券长期停牌、 流动性不足等可能导致收盘价或最后成交价不公允的特 殊情况， 可参照证券的估值价格， 对结算价格进行调整， 如果基金管理人认为该 证券复牌后的价格可能存在较大波动， 且可能对基金资产净值产生较大影响， 为 了更好的维护基金份额持有人利益， 该证券对应的现金替代款的清算交收可在其 复牌后按照实际交易成本办理。在此期间若该证券发生除息、送股（转增） 、配 股等重要权益变动，则进行相应调整。 5） 在系统支持的情况下， 对于 T 日的申购赎回申请， 基金管理人有权进行 轧差处理，针对净申购，购入净申购份额对应的组合证券中被替代的成份证券， 针对净赎回， 卖出净赎回份额对应的组合证券中被替代的成份证券， 基金管理人 有权购入或者卖出不等于轧差处理后的上述被替代的成份证券的任意数量。 6）基金管理人可以根据具体情况，调整上述 2）—5）的申购、赎回替代金 额的处理程序、规则等，并在招募说明书更新及其他公告中披露。 （2）关于必须现金替代 1）适用情形：必须现金替代的证券一般是由于标的指数调整将被剔除或因 法律法规限制投资的成份证券， 或基金管理人出于保护基金份额持有人利益原则 汇添富恒生生物科技交易型开放式指数证券投资基金（QDII） 更新招募说明书 73 等原因认为有必要实行必须现金替代的成份证券。 2）替代金额：对于必须现金替代的证券，基金管理人将在申购赎回清单中 公告替代的一定数量的现金， 即 “固定替代金额” 。 固定替代金额的计算方法为： 固定替代金额为替代证券数量乘以其经调整后的 T-1 日收盘价并按照 T-1 日 估值汇率换算或基金管理人认为合理的其他方法。 4、预估现金部分相关内容 预估现金部分是指， 为便于计算基金份额参考净值及申购赎回代理,申购替代金额的处理程序 对于确认成功的 T 日申购申请， 基金管理人可以通过在香港市场交易或港股 通等方式以收到的替代金额代投资者买入被替代证券。 基金管理人有权在T 日内 任意时刻以收到的替代金额代投资者买入小于等于被 替代证券数量的任意数量 汇添富恒生生物科技交易型开放式指数证券投资基金（QDII） 更新招募说明书 71 的被替代证券。 基金管理人有权根据基金投资的需要自主决定不买入部分被替代 证券，或者不进行任何买入证券的操作。T 日日终，基金管理人根据所购入的被 替代证券的实际单位购入成本 （包括买入价格与相关费用， 按照汇率折算为人民 币） 和未买入的被替代证券的T 日收盘价 （按照汇率折算为人民币；T 日在证券 交易所无交易的，取最近交易日的收盘价；交易日无收盘价的，取最后成交价） 计算被替代证券的单位结算成本， 在此基础上根据替代证券数量和申购现金替代 保证金确定基金应退还投资者或投资者应补交的款项。 正常情况下，T 日后的第 3 个港股通交易日内， 基金管理人将应退款或补款与相关申购赎回代理券商办理 交收。在此期间若该证券发生除息、送股（转增） 、配股等重要权益变动，则进 行相应调整。 当交收期间出现港股通交易日为非港股通交收日时， 款项交收日期 顺延。 基金管理人可以对交收日期进行相应调整。 未来基金管理人有权视基金运 行情况， 经与基金托管人协商一致， 对折算汇率和计算未购入被替代证券成本的 价格进行调整，并提前公告。 上述汇率是指汇率公允价。 汇率公允价包括中国人民银行或其授权机构最新 公布的人民币汇率中间价、中国外汇交易中心公布的人民币对主要货币参考汇 率、 主流资讯商公布的人民币对主要货币参考汇率、 与基金托管人商定的其他公 允价格 （如： 中国人民银行或国家外汇管理局或中国外汇交易中心正式对外发文 后公布的人民币兑主要外汇当日收盘价）等。 如遇证券长期停牌、 流动性不足等可能导致收盘价或最后成交价不公允的特 殊情况， 可参照证券的估值价格， 对结算价格进行调整， 如果基金管理人认为该 证券复牌后的价格可能存在较大波动， 且可能对基金资产净值产生较大影响， 为 了更好的维护基金份额持有人利益， 该证券对应的现金替代款的清算交收可在其 复牌后按照实际交易成本办理。在此期间若该证券发生除息、送股（转增） 、配 股等重要权益变动，则进行相应调整。 4）赎回替代金额的处理程序 对于确认成功的 T 日赎回申请，在 T 日内，基金管理人可以通过在香港市 场交易或港股通等方式代投资者卖出被替代证券。 基金管理人有权在T 日内任意 时刻代投资者卖出小于等于被替代证券数量的任意数量的被替代证券。 基金管理 人有权根据基金投资的需要自主决定不卖出部分被替代证券， 或者不进行任何卖 出证券的操作。T 日日终， 基金管理人根据所卖出的被替代证券的实际单位卖,替代金额的处理程序 对于确认成功的 T 日申购申请， 基金管理人可以通过在香港市场交易或港股 通等方式以收到的替代金额代投资者买入被替代证券。 基金管理人有权在T 日内 任意时刻以收到的替代金额代投资者买入小于等于被 替代证券数量的任意数量 汇添富恒生生物科技交易型开放式指数证券投资基金（QDII） 更新招募说明书 71 的被替代证券。 基金管理人有权根据基金投资的需要自主决定不买入部分被替代 证券，或者不进行任何买入证券的操作。T 日日终，基金管理人根据所购入的被 替代证券的实际单位购入成本 （包括买入价格与相关费用， 按照汇率折算为人民 币） 和未买入的被替代证券的T 日收盘价 （按照汇率折算为人民币；T 日在证券 交易所无交易的，取最近交易日的收盘价；交易日无收盘价的，取最后成交价） 计算被替代证券的单位结算成本， 在此基础上根据替代证券数量和申购现金替代 保证金确定基金应退还投资者或投资者应补交的款项。 正常情况下，T 日后的第 3 个港股通交易日内， 基金管理人将应退款或补款与相关申购赎回代理券商办理 交收。在此期间若该证券发生除息、送股（转增） 、配股等重要权益变动，则进 行相应调整。 当交收期间出现港股通交易日为非港股通交收日时， 款项交收日期 顺延。 基金管理人可以对交收日期进行相应调整。 未来基金管理人有权视基金运 行情况， 经与基金托管人协商一致， 对折算汇率和计算未购入被替代证券成本的 价格进行调整，并提前公告。 上述汇率是指汇率公允价。 汇率公允价包括中国人民银行或其授权机构最新 公布的人民币汇率中间价、中国外汇交易中心公布的人民币对主要货币参考汇 率、 主流资讯商公布的人民币对主要货币参考汇率、 与基金托管人商定的其他公 允价格 （如： 中国人民银行或国家外汇管理局或中国外汇交易中心正式对外发文 后公布的人民币兑主要外汇当日收盘价）等。 如遇证券长期停牌、 流动性不足等可能导致收盘价或最后成交价不公允的特 殊情况， 可参照证券的估值价格， 对结算价格进行调整， 如果基金管理人认为该 证券复牌后的价格可能存在较大波动， 且可能对基金资产净值产生较大影响， 为 了更好的维护基金份额持有人利益， 该证券对应的现金替代款的清算交收可在其 复牌后按照实际交易成本办理。在此期间若该证券发生除息、送股（转增） 、配 股等重要权益变动，则进行相应调整。 4）赎回替代金额的处理程序 对于确认成功的 T 日赎回申请，在 T 日内，基金管理人可以通过在香港市 场交易或港股通等方式代投资者卖出被替代证券。 基金管理人有权在T 日内任意 时刻代投资者卖出小于等于被替代证券数量的任意数量的被替代证券。 基金管理 人有权根据基金投资的需要自主决定不卖出部分被替代证券， 或者不进行任何卖 出证券的操作。T 日日终， 基金管理人根据所卖出的被替代证券的实际单位卖出 ,： 指由基金管理人编制的用以公告申购对价、 赎回对价等 信息的文件 53、 申购对价： 指投资人申购基金份额时， 按基金合同和招募说明书规定应 交付的现金替代、现金差额及其他对价 54、 赎回对价： 指基金份额持有人赎回基金份额时，基金管理人按基金合同 和招募说明书规定应交付给赎回人的现金替代、现金差额及其他对价 汇添富恒生生物科技交易型开放式指数证券投资基金（QDII） 更新招募说明书 9 55、组合证券：指本基金标的指数所包含的全部或部分证券 56、 现金替代： 指申购或赎回过程中， 投资人按基金合同和招募说明书的规 定，用于替代组合证券中部分证券的一定数量的现金 57、 现金差额： 指最小申购、 赎回单位的资产净值与按当日收盘价计算的最 小申购、 赎回单位中的组合证券市值和现金替代之差； 投资人申购或赎回时应支 付或应获得的现金差额根据最小申购、 赎回单位对应的现金差额、 申购或赎回的 基金份额数计算 58、 预估现金部分： 指由基金管理人估计并在 T 日申购赎回清单中公布的当 日现金差额的估计值， 预估现金部分由申购赎回代理券商 （代办证券公司） 预先 冻结 59、最小申购、赎回单位：指本基金申购份额、赎回份额的最低数量，投资 人申购、赎回的基金份额应为最小申购、赎回单位的整数倍 60、 基金份额参考净值： 指基金管理人或者基金管理人委托的机构在开市后 根据申购赎回清单和组合证券内各只证券的实时成交数据计算， 并通过上海证券 交易所发布的基金份额参考净值，简称 IOPV 61、 基金份额折算： 指基金管理人根据基金运作的需要， 在基金资产,/Users/ellis/工具程序开发/港股通逐标的分析/临时数据/513280/513280_更新招募说明书_20260806.txt
69,159506,富国恒生港股通创新药及医疗保健ETF,富国恒生港股通创新药及医疗保健交易型开放式指数证券投资基金招募说明书(更新),2026-06-11,持 有人大会审议。 根据本基金现行适用的清算交收和申赎处理规则， 投资者当日申购的基金份 额，清算交收完成后方可卖出和赎回，即 T 日申购的基金份额且日间完成 RTGS （实时逐笔全额结算）交收的，T 日可卖出和赎回，而T 日申购的基金份额且日 终完成逐笔全额非担保交收的，T+1 日方可卖出和赎回；T 日竞价买入的基金份 额，T 日可以卖出或赎回；T 日大宗买入的基金份额，T 日可以大宗卖出，T+1 日 可以竞价卖出或赎回。 投资有风险， 投资者认购 （或申购） 基金时应认真阅读本招募说明书、 基金 合同、 基金产品资料概要等信息披露文件， 自主判断基金的投资价值， 自主做出 投资决策，自行承担投资风险。基金管理人提醒投资者基金投资的“买者自负” 原则， 在投资者作出投资决策后，,,申购替代金额的处理程序 对于确认成功的 T 日申购申请，T 日内基金管理人根据申购规模进行组合证 券的代理买入。 基金管理人有权根据基金投资的需要自主决定不买入部分被替代 证券，或者不进行任何买入证券的操作。T 日日终，基金管理人根据所购入的被 替代组合证券的实际单位购入成本、 实际购入的相关费用 （实际购入金额根据港 股通相关业务规则按当天的港股通卖出结算汇兑比率结算为人民币） 、未购入的 被替代组合证券的 T 日收盘价 （折算为人民币， 折算汇率采用基金管理人和基金 托管人商定的汇率公允价， 包括中国外汇交易中心公布的北京时间16:00 参考汇 率、 港股通买入结算汇兑比率和卖出结算汇兑比率的算术平均值、 中国人民银行 或其授权机构公布的人民币汇率中间价、与基金托管人商定的其他公允价格等； 被替代组合证券 T 日无交易的， 取最近交易日的收盘价； 交易日无收盘价的， 取 最后收盘价） 计算并确定被替代组合证券的单位结算成本， 在此基础上根据替代 组合证券数量和申购现金替代保证金确定基金应退还投资人的 款项或投资人应 补交的款项。 若发生特殊情况， 包括如遇港股通结算异常等， 基金管理人可以对 折算汇率和结算成本进行相应调整。T 日后的 5 个工作日内， 基金管理人将应退 款或补款与相关申购赎回代理机构办理交收。 若发生特殊情况， 基金管理人可以 对交收日期进行相应调整。 如遇港股通临时停市、 港股通交易每日额度或总额度不足等特殊情况， 组合 证券的代理买入及结算价格可依次顺延至下一港股通交易日直至交易正常。 如遇 招募说明书（更新） 51 证券长期停牌、流动性不足等可能导致收盘价或最后成交价不公允的特殊情况， 可参照证券的估值价格， 对结算成本进行调整。 如果基金管理人认为该证券复牌 后的价格可能存在较大波动， 且可能对基金资产净值产生较大影响， 为了更好的 维护持有人利益， 该证券对应的现金替代款的清算交收可在其复牌后按照实际交 易成本办理。 在此期间若该证券发生除息、 送股 （转增） 、 配股等重要权益变动， 则进行相应调整。 ④赎回替代金额的处理程序 对于确认成功的 T 日赎回申请，T 日内基金管理人根据赎回规模进行组合证 券的代理卖出。 基金管理人有权根据基金投资的需要自主决定不卖出部分被替代 证券， 或者不进行任何卖出证券的操作。T 日内基金管理人根据所卖出的被替代 组合证券的实际单位卖出金额、 实际卖出的相关费用（实际卖出金额根据港股通 相关业务规则按当天的港股通买入结算汇兑比率结算为人民币） 、未卖出的被替 代组合证券的 T 日收盘价 （折算为人民币， 折算汇率采用基金管理人和基金托管 人商定的汇率公允价，包括中国外汇交易中心公布的北京时间 16:00 参考汇率、 港股通买入结算汇兑比率和卖出结算汇兑比率的算术平均值、 中国人民银行或其 授,替代金额的处理程序 对于确认成功的 T 日申购申请，T 日内基金管理人根据申购规模进行组合证 券的代理买入。 基金管理人有权根据基金投资的需要自主决定不买入部分被替代 证券，或者不进行任何买入证券的操作。T 日日终，基金管理人根据所购入的被 替代组合证券的实际单位购入成本、 实际购入的相关费用 （实际购入金额根据港 股通相关业务规则按当天的港股通卖出结算汇兑比率结算为人民币） 、未购入的 被替代组合证券的 T 日收盘价 （折算为人民币， 折算汇率采用基金管理人和基金 托管人商定的汇率公允价， 包括中国外汇交易中心公布的北京时间16:00 参考汇 率、 港股通买入结算汇兑比率和卖出结算汇兑比率的算术平均值、 中国人民银行 或其授权机构公布的人民币汇率中间价、与基金托管人商定的其他公允价格等； 被替代组合证券 T 日无交易的， 取最近交易日的收盘价； 交易日无收盘价的， 取 最后收盘价） 计算并确定被替代组合证券的单位结算成本， 在此基础上根据替代 组合证券数量和申购现金替代保证金确定基金应退还投资人的 款项或投资人应 补交的款项。 若发生特殊情况， 包括如遇港股通结算异常等， 基金管理人可以对 折算汇率和结算成本进行相应调整。T 日后的 5 个工作日内， 基金管理人将应退 款或补款与相关申购赎回代理机构办理交收。 若发生特殊情况， 基金管理人可以 对交收日期进行相应调整。 如遇港股通临时停市、 港股通交易每日额度或总额度不足等特殊情况， 组合 证券的代理买入及结算价格可依次顺延至下一港股通交易日直至交易正常。 如遇 招募说明书（更新） 51 证券长期停牌、流动性不足等可能导致收盘价或最后成交价不公允的特殊情况， 可参照证券的估值价格， 对结算成本进行调整。 如果基金管理人认为该证券复牌 后的价格可能存在较大波动， 且可能对基金资产净值产生较大影响， 为了更好的 维护持有人利益， 该证券对应的现金替代款的清算交收可在其复牌后按照实际交 易成本办理。 在此期间若该证券发生除息、 送股 （转增） 、 配股等重要权益变动， 则进行相应调整。 ④赎回替代金额的处理程序 对于确认成功的 T 日赎回申请，T 日内基金管理人根据赎回规模进行组合证 券的代理卖出。 基金管理人有权根据基金投资的需要自主决定不卖出部分被替代 证券， 或者不进行任何卖出证券的操作。T 日内基金管理人根据所卖出的被替代 组合证券的实际单位卖出金额、 实际卖出的相关费用（实际卖出金额根据港股通 相关业务规则按当天的港股通买入结算汇兑比率结算为人民币） 、未卖出的被替 代组合证券的 T 日收盘价 （折算为人民币， 折算汇率采用基金管理人和基金托管 人商定的汇率公允价，包括中国外汇交易中心公布的北京时间 16:00 参考汇率、 港股通买入结算汇兑比率和卖出结算汇兑比率的算术平均值、 中国人民银行或其 授权机,较大的风险、流动性风险、退市风险等。 基金合同生效后， 本基金的申购、 赎回采用全现金替代、 基金管理人代买代 卖的模式， 申购对价、 赎回对价包括现金替代、 现金差额及其他对价。 未来在条 件允许的情况下， 在履行适当程序后， 基金管理人可以在场内开通现金申购、 赎 回以外的方式办理申购、 赎回业务， 或开通场外申购、 赎回相关业务， 相应的业 务规则、 申购赎回原则等相关事项届时将另行约定并公告， 无需召开基金份额持 有人大会审议。 根据本基金现行适用的清算交收和申赎处理规则， 投资者当日申购的基金份 额，清算交收完成后方可卖出和赎回，即 T 日申购的基金份额且日间完成 RTGS （实时逐笔全额结算）交收的，T 日可卖出和赎回，而T 日申购的基金份额且日 终完成逐笔全额非担保交收的，T+1 日方可卖出和赎回；T 日竞价买入的基金份 额，T 日可以卖出或赎回；T 日大宗买入的基金份额，T 日可以大宗卖出，T+1 日 可以竞价卖出或赎回。 投资有风险， 投资者认购 （或申购） 基金时应认真阅读本招募说明书、 基金 合同、 基金产品资料概要等信息披露文件， 自主判断基金的投资价值， 自主做出 投资决策，自行承担投资风险。基金管理人提醒投资者基金投资的“买者自负” 原则， 在投资者作出投资决策后， 基金运营状况与基金净值变化引致的投资风险， 由投资者自行负责。 招募说明书（更新） 3 未来若出现标的指数不符合要求 （因成份股价格波动等指数编制方法变动之 外的因素致使标的指数不符合要求的情形除外） 、指数编制机构退出等情形，基 金管理人召集基金份额持有,/Users/ellis/工具程序开发/港股通逐标的分析/临时数据/159506/159506_更新招募说明书_20260611.txt
70,520690,博时恒生港股通创新药精选ETF,博时恒生港股通创新药精选交易型开放式指数证券投资基金更新招募说明书,2025-11-28,和参与各方相关协议的有关规定。 博时恒生港股通创新药精选交易型开放式指数证券投资基金更新招募说明书 第 45页 共 139页 本基金现金申购业务中的现金替代采用实时逐笔全额结算 （Real Time Gross Settlement）模式；现金赎回业务中的现金替代采用代收代付处理； 现金申购、赎回业务涉及的现金差额和现金替代退补款采用代收代付处理。 投资者 T 日申购成功后，登记机构在 T 日收市后为投资者办理基金份额的交收登记以及 现金替代的清算和交收；在 T+2 日内办理现金差额的清算交收，并将结果发送给申购赎回代 理券商、基金管理人和基金托管人。若发生特殊情况，基金管理人可以对清算交收日期进行 相应调整。 投资者 T 日赎回成功后，登记机构在 T 日收市后办理基金份额的注销；在,,替代金额的处理程序 对可以现金替代而言，申购时收取现金替代溢价的原因是，基金管理人需要在收到申购 确认信息后，在香港市场买入组合证券，结算成本与替代金额可能有所差异。对于使用现金 替代的证券，基金管理人将买入该证券，实际买入价格加上相关交易费用并折算为人民币后 与该证券调整后 T 日开盘参考价，按照汇率折算后的金额，可能有所差异。为便于操作，基 金管理人在申购赎回清单中预先确定现金替代溢价比例，并据此收取替代金额。如果预先收 取的金额高于基金购入该部分证券的实际成本，则基金管理人将退还多收取的差额；如果预 先收取的金额低于基金购入该部分证券的实际成本，则基金管理人将向投资者收取欠缺的差 额。 对于确认成功的 T 日申购申请，T 日（指开放日）内基金管理人根据申购规模进行组 合证券的代理买入。T 日（指开放日）日终，基金管理人根据所购入的被替代组合证券的实 际单位购入成本、实际购入的相关费用、未购入的被替代组合证券的 T 日（指开放日）收盘 价（折算为人民币，折算汇率包括但不限于中国外汇交易中心公布的北京时间 16:00 主要货 币兑人民币参考汇率、中国人民银行或其授权机构最新公布的人民币汇率中间价、与基金托 管人商定的其他公允价格等；被替代组合证券 T 日（指开放日）无交易的，取最近交易日的 收盘价）计算并确定被替代组合证券的单位结算成本，在此基础上根据替代组合证券数量和 现金替代保证金确定基金应退还投资人的款项或投资人应补交的款项。T 日后的两个工作日 内，基金管理人将应退款或补款与相关申购赎回代理机构办理交收。若发生特殊情况，基金 管理人可以对交收日期进行相应调整。 博时恒生港股通创新药精选交易型开放式指数证券投资基金更新招募说明书 第 49页 共 139页 如遇港股通临时停市、港股通交易每日额度或总额度不足等特殊情况，组合证券的代理 买入及结算价格可依次顺延至下一港股通交易日直至交易正常。如遇证券长期停牌、流动性 不足等可能导致收盘价或最后成交价不公允的特殊情况，可参照证券的估值价格，对结算成 本进行调整。如果基金管理人认为该证券复牌后的价格可能存在较大波动，且可能对基金资 产净值产生较大影响，为了更好的维护持有人利益，该证券对应的现金替代款的清算交收可 在其复牌后按照实际交易成本办理。在此期间若该证券发生除息、送股（转增）、配股等重 要权益变动，则进行相应调整。 对于确认成功的 T 日赎回申请，T 日（指开放日）内基金管理人根据所卖出的被替代 组合证券的实际单位卖出成本、实际卖出的相关费用、未卖出的被替代组合证券的 T 日（指 开放日）收盘价（折算为人民币，折算汇率包括但不限于中国外汇交易中心公布的北京时间 16:00 主要货币兑人民币参考汇率、中国人民银行或其授权机构最新公布的人民币汇率中间 价、与基金托管人商定的其他公允价格等；被替代组合证券 T,替代金额的处理程序 对可以现金替代而言，申购时收取现金替代溢价的原因是，基金管理人需要在收到申购 确认信息后，在香港市场买入组合证券，结算成本与替代金额可能有所差异。对于使用现金 替代的证券，基金管理人将买入该证券，实际买入价格加上相关交易费用并折算为人民币后 与该证券调整后 T 日开盘参考价，按照汇率折算后的金额，可能有所差异。为便于操作，基 金管理人在申购赎回清单中预先确定现金替代溢价比例，并据此收取替代金额。如果预先收 取的金额高于基金购入该部分证券的实际成本，则基金管理人将退还多收取的差额；如果预 先收取的金额低于基金购入该部分证券的实际成本，则基金管理人将向投资者收取欠缺的差 额。 对于确认成功的 T 日申购申请，T 日（指开放日）内基金管理人根据申购规模进行组 合证券的代理买入。T 日（指开放日）日终，基金管理人根据所购入的被替代组合证券的实 际单位购入成本、实际购入的相关费用、未购入的被替代组合证券的 T 日（指开放日）收盘 价（折算为人民币，折算汇率包括但不限于中国外汇交易中心公布的北京时间 16:00 主要货 币兑人民币参考汇率、中国人民银行或其授权机构最新公布的人民币汇率中间价、与基金托 管人商定的其他公允价格等；被替代组合证券 T 日（指开放日）无交易的，取最近交易日的 收盘价）计算并确定被替代组合证券的单位结算成本，在此基础上根据替代组合证券数量和 现金替代保证金确定基金应退还投资人的款项或投资人应补交的款项。T 日后的两个工作日 内，基金管理人将应退款或补款与相关申购赎回代理机构办理交收。若发生特殊情况，基金 管理人可以对交收日期进行相应调整。 博时恒生港股通创新药精选交易型开放式指数证券投资基金更新招募说明书 第 49页 共 139页 如遇港股通临时停市、港股通交易每日额度或总额度不足等特殊情况，组合证券的代理 买入及结算价格可依次顺延至下一港股通交易日直至交易正常。如遇证券长期停牌、流动性 不足等可能导致收盘价或最后成交价不公允的特殊情况，可参照证券的估值价格，对结算成 本进行调整。如果基金管理人认为该证券复牌后的价格可能存在较大波动，且可能对基金资 产净值产生较大影响，为了更好的维护持有人利益，该证券对应的现金替代款的清算交收可 在其复牌后按照实际交易成本办理。在此期间若该证券发生除息、送股（转增）、配股等重 要权益变动，则进行相应调整。 对于确认成功的 T 日赎回申请，T 日（指开放日）内基金管理人根据所卖出的被替代 组合证券的实际单位卖出成本、实际卖出的相关费用、未卖出的被替代组合证券的 T 日（指 开放日）收盘价（折算为人民币，折算汇率包括但不限于中国外汇交易中心公布的北京时间 16:00 主要货币兑人民币参考汇率、中国人民银行或其授权机构最新公布的人民币汇率中间 价、与基金托管人商定的其他公允价格等；被替代组合证券 T,、赎回清单：指由基金管理人编制的用以公告申购对价、赎回对价等信息的文 件 45.申购对价：指投资人申购基金份额时，按基金合同和招募说明书规定应交付的现金 替代、现金差额及其他对价 46.赎回对价：指投资人赎回基金份额时，基金管理人按基金合同和招募说明书规定应 交付给赎回人的现金替代、现金差额和/或其他对价 47.组合证券：指本基金标的指数所包含的全部或部分证券 48.标的指数：指恒生指数有限公司编制并发布的恒生港股通创新药精选指数及其未来 可能发生的变更 49.完全复制法：指一种跟踪指数的方法。通过购买标的指数中的所有成份证券，并且 按照每种成份证券在标的指数中的权重确定购买的比例以构建指数组合，达到复制指数的目 的 50.现金替代：指申购、赎回过程中，投资人按基金合同和招募说明书的规定，用于替 代组合证券中部分证券的一定数量的现金 51.现金替代退补款：指投资人支付的现金替代与基金购入被替代成份证券的成本及相 关费用的差额。若现金替代大于本基金购入被替代成份证券的成本及相关费用，则本基金需 向投资人退还差额，若现金替代小于本基金购入被替代成份证券的成本及相关费用，则投资 人需向本基金补缴差额 52.现金差额：指最小申购、赎回单位的资产净值与按当日收盘价计算的最小申购、赎 回单位中的组合证券市值和现金替代之差；投资人申购、赎回时应支付或应获得的现金差额 根据最小申购、赎回单位对应的现金差额、申购或赎回的基金份额数计算 53.最小申购、赎回单位：指本基金申购、赎回份额的最低数量，投资人申购、赎回的 基金份额应为最小申购、赎回单位的整数倍 54.基金,/Users/ellis/工具程序开发/港股通逐标的分析/临时数据/520690/520690_更新招募说明书_20251128.txt
71,520810,易方达中证港股通高股息投资ETF,易方达中证港股通高股息投资交易型开放式指数证券投资基金招募说明书,2025-11-28,息泄露的风险等。 7、根据本基金现行适用的清算交收和申赎处理规则，投资者当日申购的基金份额， 清算交收完成后方可卖出和赎回，即 T 日申购的基金份额且日间完成 RTGS（实时逐笔全额 结算）交收，T 日可卖出和赎回，而 T 日申购的基金份额且日终完成逐笔全额非担保交收， T+1 日方可卖出和赎回；T 日买入的基金份额，T 日可以赎回或卖出。 投资者投资于本基金前请认真阅读证券交易所和登记结算机构关于 ETF 的相关业务规 则及其不时的更新，确保具备相关专业知识、清楚了解相关规则流程后方可参与本基金的 认购、申购、赎回及交易。投资者一旦认购、申购或赎回本基金，即表示对基金认购、申 购和赎回所涉及的登记方式以及申购赎回所涉及现金替代、现金差额等相关的交收方式及 业务规则已经认可。 8,即将被剔除的成份证券； 或处于停牌的成份证券；或法律法规限制投资的成份证券；或基金管理人出于保护持 有人 利益原则等原因认为有必要实行必须现金替代的成份证券。 2）替代金额：对于必须现金替代的证券，基金管理人将在申购赎回清单中公告替代的 一定数量的现金，即“固定替代金额”。固定替代金额的计算方法为申购赎回清单中 该证 券的数量乘以该证券调整后 T 日开盘参考价并按照 T-1 日估值汇率换算或基金管理人认为 合理的其他方法。 （4）在系统支持的情况下，对于 T 日的申购赎回申请，基金管理人有权进行轧差处理， 针对净申购，购入净申购份额对应的组合证券中被替代的成份证券，针对净赎回，卖 出净 赎回份额对应的组合证券中被替代的成份证券，基金管理人有权购入或者卖出不等于 轧差 处理后的上述被替代的成份证券的任意数量。 （5）基金管理人可根据运作情况调整代理申赎投资者买券卖券的相关规则并按规定公 告。 （6）未来如相关证券的交易、结算规则发生改变，或上海证券交易所、登记结算机构 有关申购赎回交易结算规则发生改变，或基金管理人与基金托管人之间的结算相关安 排发 生改变等，基金管理人可对上述相关现金替代处理规则进行调整，并按规定公告。 4、预估现金部分相关内容 预估现金部分是指为便于计算基金份额参考净值及申购赎回代理券商预先冻结申 请申 46 购、赎回的投资者的相应资金，由基金管理人计算的现金数额。 T 日申购赎回清单中公告 T 日预估现金部分。其计算公式为： T 日预估现金部分＝T-1 日最小申购、赎回单位的基金资产净值－（申购赎回清单中必 须现金替代成份证券的替代金额+申购赎回清单中可以现金替代成份证券的数量、该证券调 整后 T 日开盘参考价以及 T-1 日估值汇率的相乘之和） 其中，该证券,申购现金替代保证金的处理程序 T 日，基金管理人在申购赎回清单中公布申购现金替代溢价比例，并据此收取 申 购现 金替代保证金。 基金管理人在 T 日内购入组合证券中被替代的成份证券。基金管理人有权在 T 日内任 意时刻，以收到的申购替代金额代投资者购入组合证券中被替代的成份证券的任意数 量。 正常情况下，对于确认成功的 T 日申购申请，基金管理人根据 T 日所购入的被替代证券的 实际单位购入成本（包括买入价格与相关费用，折算为人民币）和未 购入的被替代 证券 T 日收盘价（折算为人民币，被替代证券当日在证券交易所无交易的，取最近交易日的 收盘 价；交易日无收盘价的，取最后成交价）计算被替代证券的单位结算成本，在此基础 上根 据替代证券数量和申购现金替代保证金确定基金应退还 投资者或投资者应补交的款项 。 T 日后的 3 个港股通交易日内，基金管理人将成份证券的应退款或补款与相关申购赎回代理 券商办理交收，当交收期间出现港股通交易日为非港股通交收日时，款项交收日期顺 延。 若发生特殊情况，基金管理人可以对交收日期进行相应调整。 如遇港股通临时停市、港股通交易当日额度使用完毕而暂停或停止接受买入申报 等特 殊情况，基金管理人可考虑根据实际情况将成份证券的代理买入及结算价格顺延至下 一港 股通交易日直至交易正常。如遇成份证券长期停牌、流动性不足等可能导致收盘价或 最后 成交价不公允的特殊情况，可参照证券的估值价格，对结算价格进行调整，如果基金 管理 人认为该证券复牌后的价格可能存在较大波动，且可能对基金资产净值产生较大影响 ，为 了更好的维护持有人利益，该证券对应的现金替代退补款的清算交收可按照其复牌后 实际 交易成本或者基金管理人认为合理的价格办理。在此期间若该证券发生除息、送股（转 增）、配股等重要权益变动，则进行相应调整。 4）赎回替代金额的处理程序 基金管理人在 T 日内卖出组合证券中被替代的成份证券。基金管理人有权在 T 日内任 意时刻代投资者卖出组合证券中被替代的成份证券的任意数量。正常情况下，对于确 认成 功的 T 日赎回申请，基金管理人根据 T 日所卖出的被替代证券的实际单位卖出金额（扣除 相关费用，折算为人民币）和未卖出的被替代证券 T 日收盘价（折算为人民币，被替代证 券当日在证券交易所无交易的，取最近交易日的收盘价；交易日无收盘价的，取最后 成交 价）计算被替代证券的单位结算金额，在此基础上根据替代证券数量确定赎回替代金额。T 45 日后的第 3 个港股通交易日后的 1 个工作日内，基金管理人将应支付的成份证券赎回替代 金额与相关申购赎回代理券商办理交收，当交收期间出现港股通交易日为非港股通交 收日 时，款项交收日期顺延。若发生特殊情况，基金管理人可以对交收日期进行相应调整。 如遇港股通临时停市等特殊情况，成份证券的代理卖出及结算价格可依次顺,赎回替代金额的处理程序 基金管理人在 T 日内卖出组合证券中被替代的成份证券。基金管理人有权在 T 日内任 意时刻代投资者卖出组合证券中被替代的成份证券的任意数量。正常情况下，对于确 认成 功的 T 日赎回申请，基金管理人根据 T 日所卖出的被替代证券的实际单位卖出金额（扣除 相关费用，折算为人民币）和未卖出的被替代证券 T 日收盘价（折算为人民币，被替代证 券当日在证券交易所无交易的，取最近交易日的收盘价；交易日无收盘价的，取最后 成交 价）计算被替代证券的单位结算金额，在此基础上根据替代证券数量确定赎回替代金额。T 45 日后的第 3 个港股通交易日后的 1 个工作日内，基金管理人将应支付的成份证券赎回替代 金额与相关申购赎回代理券商办理交收，当交收期间出现港股通交易日为非港股通交 收日 时，款项交收日期顺延。若发生特殊情况，基金管理人可以对交收日期进行相应调整。 如遇港股通临时停市等特殊情况，成份证券的代理卖出及结算价格可依次顺延至 下一 港股通交易日直至交易正常。如遇成份证券长期停牌、流动性不足等可能导致收盘价 或最 后成交价不公允的特殊情况，可参照证券的估值价格，对结算价格进行调整，如果基 金管 理人认为该证券复牌后的价格可能存在较大波动，且可能对基金资产净值产生较大影 响， 为了更好的维护持有人利益，该证券对应的现金替代款的清算交收可按照其复牌后实 际交 易成本或者基金管理人认为合理的价格办理。在此期间若该证券发生除息、送股（转增 ）、 配股等重要权益变动，则进行相应调整。 （3）必须现金替代 1）适用情形：必须现金替代的证券一般是由于标的指数调整，即将被剔除的成份证券； 或处于停牌的成份证券；或法律法规限制投资的成份证券；或基金管理人出于保护持 有人 利益原则等原因认为有必要实行必须现金替代的成份证券。 2）替代金额：对于必须现金替代的证券，基金管理人将在申购赎回清单中公告替代的 一定数量的现金，即“固定替代金额”。固定替代金额的计算方法为申购赎回清单中 该证 券的数量乘以该证券调整后 T 日开盘参考价并按照 T-1 日估值汇率换算或基金管理人认为 合理的其他方法。 （4）在系统支持的情况下，对于 T 日的申购赎回申请，基金管理人有权进行轧差处理， 针对净申购，购入净申购份额对应的组合证券中被替代的成份证券，针对净赎回，卖 出净 赎回份额对应的组合证券中被替代的成份证券，基金管理人有权购入或者卖出不等于 轧差 处理后的上述被替代的成份证券的任意数量。 （5）基金管理人可根据运作情况调整代理申赎投资者买券卖券的相关规则并按规定公 告。 （6）未来如相关证券的交易、结算规则发生改变，或上海证券交易所、登记结算机构 有关申购赎回交易结算规则发生改变，或基金管理人与基金托管人之间的结算相关安 排发 生改变等，基金管理人可对上述相关现金替代处理规则进行调,规则流程后方可参与本基金的 认购、申购、赎回及交易。投资者一旦认购、申购或赎回本基金，即表示对基金认购、申 购和赎回所涉及的登记方式以及申购赎回所涉及现金替代、现金差额等相关的交收方式及 业务规则已经认可。 8、基金管理人提醒投资者基金投资的“买者自负”原则，在投资者作出投资决策后， 基金运营状况与基金净值变化引致的投资风险，由投资者自行负责。此外，本基金以 1 元 初始面值进行募集，在市场波动等因素的影响下，存在单位份额净值跌破 1 元初始面值的 风险。 9、基金不同于银行储蓄，基金投资人投资于基金有可能获得较高的收益，也有可能 损失本金。投资有风险，投资人在进行投资决策前，请仔细阅读本基金的《招募说明书》 及《基金合同》。 10 、基金的过往业绩并不预示其未来表现，基金管理人管理的其他基金的业绩并不构 成对本基金表现的保证。 目 录 第一部分 绪 言..................................................... 1 第二部分 释 义..................................................... 2 第三部分 基金管理人................................................. 7 第四部分 基金托管人................................................ 20 第五部分 相关服务机构..............................................,/Users/ellis/工具程序开发/港股通逐标的分析/临时数据/520810/520810_招募说明书_20251128.txt
72,159545,易方达恒生港股通高股息低波动ETF,易方达恒生港股通高股息低波动交易型开放式指数证券投资基金更新的招募说明书,2026-01-14,结算风险、基金投资非公开信息泄露的风险等。 6、在目前结算规则下，投资者当日申购的基金份额，清算交收完成后方可卖出和赎 回，即 T 日申购的基金份额且日间完成 RTGS（实时逐笔全额结算）交收的，T 日可卖出和 赎回，而 T 日申购的基金份额且日终完成逐笔全额非担保交收的，T+1 日方可卖出和赎回； T 日竞价买入的基金份额，T 日可以卖出或赎回；T 日大宗买入的基金份额，T 日可以大宗 卖出，T+1 日可以竞价卖出或赎回。 投资者投资于本基金前请认真阅读证券交易所和登记结算机构关于 ETF 的相关业务规 则及其不时的更新，确保具备相关专业知识、清楚了解相关规则流程后方可参与本基金的 认购、申购、赎回及交易。投资者一旦认购、申购或赎回本基金，即表示对基金认购、申 购和赎回所涉及的,,申购替代金额的处理程序 T 日，基金管理人在申购赎回清单中公布申购现金替代保证金率，并据此收取申 购替 39 代金额。 正常情况下，对于确认成功的 T 日申购申请，基金管理人根据 T 日所购入的被替代证 券的实际单位购入成本（包括买入价格与相关费用，折算为人民币）和未买入的被替 代证 券 T 日收盘价（折算为人民币，折算汇率采用当天的估值汇率，被替代证券当日在证券交 易所无交易的，取最近交易日的收盘价；交易日无收盘价的，取最后成交价）计算被 替代 证券的单位结算成本，在此基础上根据替代证券数量和申购替代金额确定基金应退还 投资 者或投资者应补交的款项。T 日后的三个港股通交易日内，基金管理人将应退款或补 款与 相关申购赎回代理券商办理交收，当交收期间出现港股通交易日为非港股通交收日时 ，款 项交收日期顺延。若发生特殊情况，基金管理人可以对交收日期进行相应调整。 如遇港股通临时停市、港股通交易当日额度使用完毕而暂停或停止接受买入申报 等特 殊情况，基金管理人可考虑根据实际情况将港市组合证券的代理买入及结算价格顺延 至下 一港股通交易日直至交易正常。如遇港市成份证券长期停牌、流动性不足等可能导致 收盘 价或最后成交价不公允的特殊情况，可参照证券的估值价格，对结算价格进行调整， 如果 基金管理人认为该证券复牌后的价格可能存在较大波动，且可能对基金资产净值产生 较大 影响，为了更好的维护持有人利益，该证券对应的现金替代退补款的清算交收可按照 其复 牌后实际交易成本或者基金管理人认为合理的价格办理。在此期间若该证券发生除息 、送 股（转增）、配股等重要权益变动，则进行相应调整。 4）赎回替代金额的处理程序 正常情况下，对于确认成功的 T 日赎回申请，基金管理人根据 T 日所卖出的被替代港 市成份证券的实际单位卖出金额（扣除相关费用，折算为人民币）和未卖出的被替代 港市 成份证券的 T 日收盘价（折算为人民币，折算汇率采用当天的估值汇率，被替代证券当日 在证券交易所无交易的，取最近交易日的收盘价；交易日无收盘价的，取最后成交价 ）计 算被替代港市成份证券的单位结算金额，在此基础上根据替代港市成份证券数量确定 赎回 替代金额。T 日后的第3 个港股通交易日后的1 个工作日内，基金管理人将应支付的港市组 合证券赎回替代金额与相关申购赎回代理券商办理交收，当交收期间出现港股通交易 日为 非港股通交收日时，款项交收日期顺延。若发生特殊情况，基金管理人可以对交收日 期进 行相应调整。 如遇港股通临时停市等特殊情况，组合证券的代理卖出及结算价格可依次顺延至 下一 港股通交易日直至交易正常。如遇证券长期停牌、流动性不足等可能导致收盘价或最 后成 40 交价不公允的特殊情况，可参照证券的估值价格，对结算价格进行调整，如果基金管 理人 认为该证券复牌后的价格可能存在较大波动，且可能对基金,替代金额的处理程序 T 日，基金管理人在申购赎回清单中公布申购现金替代保证金率，并据此收取申 购替 39 代金额。 正常情况下，对于确认成功的 T 日申购申请，基金管理人根据 T 日所购入的被替代证 券的实际单位购入成本（包括买入价格与相关费用，折算为人民币）和未买入的被替 代证 券 T 日收盘价（折算为人民币，折算汇率采用当天的估值汇率，被替代证券当日在证券交 易所无交易的，取最近交易日的收盘价；交易日无收盘价的，取最后成交价）计算被 替代 证券的单位结算成本，在此基础上根据替代证券数量和申购替代金额确定基金应退还 投资 者或投资者应补交的款项。T 日后的三个港股通交易日内，基金管理人将应退款或补 款与 相关申购赎回代理券商办理交收，当交收期间出现港股通交易日为非港股通交收日时 ，款 项交收日期顺延。若发生特殊情况，基金管理人可以对交收日期进行相应调整。 如遇港股通临时停市、港股通交易当日额度使用完毕而暂停或停止接受买入申报 等特 殊情况，基金管理人可考虑根据实际情况将港市组合证券的代理买入及结算价格顺延 至下 一港股通交易日直至交易正常。如遇港市成份证券长期停牌、流动性不足等可能导致 收盘 价或最后成交价不公允的特殊情况，可参照证券的估值价格，对结算价格进行调整， 如果 基金管理人认为该证券复牌后的价格可能存在较大波动，且可能对基金资产净值产生 较大 影响，为了更好的维护持有人利益，该证券对应的现金替代退补款的清算交收可按照 其复 牌后实际交易成本或者基金管理人认为合理的价格办理。在此期间若该证券发生除息 、送 股（转增）、配股等重要权益变动，则进行相应调整。 4）赎回替代金额的处理程序 正常情况下，对于确认成功的 T 日赎回申请，基金管理人根据 T 日所卖出的被替代港 市成份证券的实际单位卖出金额（扣除相关费用，折算为人民币）和未卖出的被替代 港市 成份证券的 T 日收盘价（折算为人民币，折算汇率采用当天的估值汇率，被替代证券当日 在证券交易所无交易的，取最近交易日的收盘价；交易日无收盘价的，取最后成交价 ）计 算被替代港市成份证券的单位结算金额，在此基础上根据替代港市成份证券数量确定 赎回 替代金额。T 日后的第3 个港股通交易日后的1 个工作日内，基金管理人将应支付的港市组 合证券赎回替代金额与相关申购赎回代理券商办理交收，当交收期间出现港股通交易 日为 非港股通交收日时，款项交收日期顺延。若发生特殊情况，基金管理人可以对交收日 期进 行相应调整。 如遇港股通临时停市等特殊情况，组合证券的代理卖出及结算价格可依次顺延至 下一 港股通交易日直至交易正常。如遇证券长期停牌、流动性不足等可能导致收盘价或最 后成 40 交价不公允的特殊情况，可参照证券的估值价格，对结算价格进行调整，如果基金管 理人 认为该证券复牌后的价格可能存在较大波动，且可能对基金资产,规则流程后方可参与本基金的 认购、申购、赎回及交易。投资者一旦认购、申购或赎回本基金，即表示对基金认购、申 购和赎回所涉及的登记方式以及申购赎回所涉及现金替代、现金差额等相关的交收方式及 业务规则已经认可。 7、基金管理人提醒投资者基金投资的“买者自负”原则，在投资者作出投资决策后， 基金运营状况与基金净值变化引致的投资风险，由投资者自行负责。此外，本基金以 1 元 初始面值进行募集，在市场波动等因素的影响下，存在单位份额净值跌破 1 元初始面值的 风险。 8、基 金不同于银行储蓄，基金投资人投资于基金有可能获得较高的收益，也有可能 损失本金。投资有风险，投资人在进行投资决策前，请仔细阅读本基金的《招募说明书》 及《基金合同》。 9、基金的过往业绩并不预示其未来表现，基金管理人管理的其他基金的业绩并不构 成对本基金表现的保证。 本基金本次更新招募说明书对基金管理人相关信息进行更新，更新截止日为 2026 年 1 月 13 日。本基金有关财务数据截止日为 2025 年 9 月 30 日，净值表现截止日为 2025 年 9 月 30 日，基金份额的上市交易章节相关信息更新截止日为 2026 年 1 月 5 日，除非另有说 明， 本招募说明书其他所载内容截止日为 2025 年10 月16 日。（本报告中财务数据未经审 计） I 目 录 第一部分 绪 言..................................................... 1 第二部分 释 义......................................,/Users/ellis/工具程序开发/港股通逐标的分析/临时数据/159545/159545_更新招募说明书_20260114.txt
73,513800,南方顶峰TOPIX(ETF-QDII),南方顶峰TOPIX交易型开放式指数证券投资基金(QDII)招募说明书(20260812更新),2026-08-12,用相关《业务规则》和参与各方相关协议及其不时修订的有关规定。本基金申购业务采用实 时逐笔全额结算（Real Time Gross Settlement，以下简称RTGS）模式；赎回业务涉及的 现金替代可采用代收代付处理；申购、赎回业务涉及的现金差额和现金替代退补款可采用代 收代付处理。 投资者T日现金申购后，如交易记录已勾单且申购资金足额的，登记机构在T日日间实 时办理基金份额及现金替代的交收；T日日间未进行勾单确认或日间资金不足的，登记机构 在T日日终根据资金是否足额办理基金份额及现金替代的清算交收， 在T+1日办理现金差额 的清算，并将结果发送给基金管理人、申购赎回代理券商和基金托管人。基金管理人与申购 赎回代理券商在T+2日办理现金差额的交收。 投资者T 日赎回申请受理后，,,"申购现金替代保证金的处理程序 T日，基金管理人将在现金申购赎回清单中公布申购现金替代溢价比率,并据此收取申 购现金替代保证金。 对于确认成功的T日现金申购申请， 基金管理人将在T+1日内， 买入被替代的成份证券。 T+1日终, 若基金管理人已买入全部被替代的证券，则以替代金额与被替代证券的实际买入 成本（包括买入价格与交易费用）按照汇率折算后的差额，确定基金应退还投资人或投资人 应补交的款项；若基金管理人未能买入全部被替代的证券，则以替代金额与所买入的部分被 替代证券实际买入成本 （包括买入价格与交易费用） 加上按照T+1日收盘价 （被替代证券T+1 日无交易的，取最近交易日的收盘价）计算的未买入的部分被替代证券价值按照汇率折算后 的差额，确定基金应退还投资人或投资人应补交的款项。 上述汇率目前采用汇率公允价。 汇率公允价包括但不限于中国外汇交易中心最新收盘价、 中国外汇交易中心参考汇率、中国人民银行或其授权机构最新公布的人民币汇率中间价、与 基金托管人商定的其他公允价格等。 若T日后至T+1日期间被替代的证券发生重要权益变动，则进行相应调整。 T+1日后的第3个上海证券交易所和东京证券交易所的共同交易日内，基金管理人将应 退款或补款与相关申购赎回代理券商办理交收。若发生特殊情况，基金管理人可以对交收日 期进行相应调整。 南方顶峰TOPIX交易型开放式指数证券投资基金（QDII）招募说明书（20260812更新） 50 ④赎回替代金额的处理程序 对于确认成功的T日现金赎回申请，基金管理人将在T+1日内，卖出相应的成份证券。 T+1日终, 若基金管理人已卖出全部被替代的证券，则以实际卖出所得（卖出价格扣减相应 的交易费用）按照汇率折算后的差额，确定基金应交付给投资人的赎回现金替代金额；若基 金管理人未能卖出全部被替代的证券，则以实际卖出所得（卖出价格扣减相应的交易费用） 加上按照T+1日收盘价（被替代证券T+1日无交易的，取最近交易日的收盘价）计算的未卖 出的部分被替代证券价值按照汇率折算后的差额， 确定基金应交付给投资人的赎回现金替代 金额。 上述汇率目前采用汇率公允价。 汇率公允价包括但不限于中国外汇交易中心最新收盘价、 中国外汇交易中心参考汇率、中国人民银行或其授权机构最新公布的人民币汇率中间价、与 基金托管人商定的其他公允价格等。 若T日后至T+1日期间被替代的证券发生重要权益变动，则进行相应调整。 T+1日后的第5个上海证券交易所和东京证券交易所的共同交易日，基金管理人将应支 付的赎回替代金额与相关申购赎回代理券商办理交收。若发生特殊情况，基金管理人可以对 交收日期进行相应调整。 （3）必须现金替代 ①适用情形：必须现金替代的证券一般是由于标的指数调整,即将被剔除的成份证券； 或法律法规限制投资的证券；或基金管理人出于保护基金份额持有人利益等原因认为","赎回替代金额的处理程序 对于确认成功的T日现金赎回申请，基金管理人将在T+1日内，卖出相应的成份证券。 T+1日终, 若基金管理人已卖出全部被替代的证券，则以实际卖出所得（卖出价格扣减相应 的交易费用）按照汇率折算后的差额，确定基金应交付给投资人的赎回现金替代金额；若基 金管理人未能卖出全部被替代的证券，则以实际卖出所得（卖出价格扣减相应的交易费用） 加上按照T+1日收盘价（被替代证券T+1日无交易的，取最近交易日的收盘价）计算的未卖 出的部分被替代证券价值按照汇率折算后的差额， 确定基金应交付给投资人的赎回现金替代 金额。 上述汇率目前采用汇率公允价。 汇率公允价包括但不限于中国外汇交易中心最新收盘价、 中国外汇交易中心参考汇率、中国人民银行或其授权机构最新公布的人民币汇率中间价、与 基金托管人商定的其他公允价格等。 若T日后至T+1日期间被替代的证券发生重要权益变动，则进行相应调整。 T+1日后的第5个上海证券交易所和东京证券交易所的共同交易日，基金管理人将应支 付的赎回替代金额与相关申购赎回代理券商办理交收。若发生特殊情况，基金管理人可以对 交收日期进行相应调整。 （3）必须现金替代 ①适用情形：必须现金替代的证券一般是由于标的指数调整,即将被剔除的成份证券； 或法律法规限制投资的证券；或基金管理人出于保护基金份额持有人利益等原因认为有必要 实行必须现金替代的成份证券。 ②替代金额：对于必须现金替代的证券,基金管理人将在申购赎回清单中公告替代的一 定数量的现金,即""固定替代金额""。固定替代金额的计算方法为申购赎回清单中该证券的数 量乘以其T日预计开盘价并按照最新估值汇率换算或基金管理人认为合理的其他方法。 4、预估现金差额相关内容 预估现金差额是指由基金管理人估计并在T日申购赎回清单中公布的当日现金差额的 估计值，预估现金差额由申购赎回代理券商预先冻结。 预估现金差额的计算公式为： T日预估现金差额＝T-1日最小申购赎回单位的基金资产净值－(申购赎回清单中必须用 现金替代的固定替代金额＋申购赎回清单中可以现金替代成份证券的数量、T日预计开盘价 及最新估值汇率乘积之和) 其中，若T日为基金分红除息日，则计算公式中的“T-1日最小申购赎回单位的基金资 产净值”需扣减相应的收益分配数额。如果T-1日至T日期间有东京证券交易所交易日且非 申赎开放日， 则基金管理人可对T-1日最小申购赎回单位的基金资产净值等进行调整， 下同。 预估现金差额的数值可能为正、为负或为零。 5、现金差额相关内容 南方顶峰TOPIX交易型开放式指数证券投资基金（QDII）招募说明书（20260812更新） 51 T日现金差额在T+1日的申购赎回清单中公告，其计算公式为： T日现金差额＝T日最小申购赎回单位的基金资产净值－（申购赎回清单中必须用现金 替代的固定替代金额＋申购赎回清单中可以",申购赎回清单：指由基金管理人编制的用以公告申购对价、赎回对价等信息的文件 54、申购对价：指投资人申购基金份额时，按基金合同和招募说明书规定应交付的现金 替代、现金差额及其他对价 55、赎回对价：指基金份额持有人赎回基金份额时，基金管理人按基金合同和招募说明 书规定应交付给赎回人的现金替代、现金差额及其他对价 56、标的指数：指东京证券交易所编制并发布的东证指数（Tokyo Stock Price Index， “TOPIX”）及其未来可能发生的变更 57、组合证券：指本基金标的指数所包含的全部或部分证券 58、最小申购赎回单位：指本基金申购份额、赎回份额的最低数量，投资人申购或赎回 的基金份额数应为最小申购赎回单位的整数倍 59、现金替代：指申购或赎回过程中，投资人按基金合同和招募说明书的规定，用于替 代组合证券中证券的一定数量的现金 60、现金差额：指最小申购赎回单位的资产净值与按T日收盘价计算的最小申购赎回单 位中的组合证券市值和现金替代之差；投资人申购或赎回时应支付或应获得的现金差额根据 最小申购赎回单位对应的现金差额、申购或赎回的基金份额数计算 61、基金份额参考净值：指基金管理人或基金管理人委托的机构可以在开市后根据当日 的申购赎回清单和组合证券内各只证券的实时成交数据及汇率数据， 计算并通过上海证券交 易所发布的基金份额参考净值，简称IOPV 62、预估现金部分:指由基金管理人估计并在T日申购赎回清单中公布的当日现金差额 的估计值，预估现金部分由申购赎回代理券商（代办证券公司）预先冻结 63、基金份额折算：指基金管理人根据基金合同的,/Users/ellis/工具程序开发/港股通逐标的分析/临时数据/513800/513800_更新招募说明书_20260812.txt
74,159130,鹏华恒生生物科技ETF,鹏华恒生生物科技交易型开放式指数证券投资基金更新的招募说明书,2026-08-06,与基金的申购、赎回，则应开立深圳 A 股账户。 在目前结算规则下，投资者当日申购的基金份额，清算交收完成后方可卖出和赎回， 即 T 日申购的基金份额且日间完成 RTGS（实时逐笔全额结算）交收的，T 日可卖出和赎 回，而 T 日申购的基金份额且日终完成逐笔全额非担保交收的，T+1 日方可卖出和赎回。T 日竞价买入的基金份额，T 日可以卖出或赎回；T 日大宗买入的基金份额，T 日可以大宗卖 出，T+1 日可以竞价卖出或赎回。由于登记机构对赎回的现金替代采取非净额结算交收模 式，当投资者赎回申请被登记机构确认后，被赎回的基金份额即被记减，但此时投资者尚 未收到赎回现金替代款。 5 基金的过往业绩并不预示其未来表现，基金管理人管理的其他基金的业绩并不构成对 本基金表现的保证。 基金管理,不买入或不卖出部分被替代证券，或者不进行任何买入或卖出证券的操作，基 金管理人可能不买入或不卖出被替代证券的情形包括但不限于市场流动性不足、技术系统 无法实现、申购赎回轧差以及基金管理人认为不应买入或卖出的其他情形。 （9）第三方机构服务的风险 本基金的多项服务委托第三方机构办理，存在以下风险： 1）申购赎回代理券商因多种原因，导致代理申购、赎回业务受到限制、暂停或终止， 由此影响对投资者申购赎回服务的风险。 2）登记机构可能调整结算制度，如对投资者基金份额、组合证券及资金的结算方式发 生变化，制度调整可能给投资者带来理解偏差的风险。同样的风险还可能来自于证券交易 所及其他代理机构。 3）第三方机构可能违约，导致基金或投资者利益受损的风险。 3、港股通机制下港股通标的股票的投资风险 70 本基金投资港股通标的股票，除了需要承担与境内证券投资基金类似的市场波动风险,申购替代金额的处理程序 T 日，基金管理人在申购赎回清单中公布申购现金替代保证金率，并据此收取申购替 代金额。 对于确认成功的 T 日申购申请，通常情况下 T 日内基金管理人根据申购规模进行组合 证券的代理买入。基金管理人有权在 T 日内任意时刻以收到的替代金额代投资者买入小于 等于被替代证券数量的任意数量的被替代证券，实际买入被替代证券的价格可能为 T 日内 的任意成交价。基金管理人有权根据基金投资的需要自主决定不买入部分被替代证券，或 者不进行任何买入证券的操作，基金管理人可能不买入被替代证券的情形包括但不限于市 场流动性不足、技术系统无法实现以及基金管理人认为不应买入的其他情形。T 日日终， 基金管理人根据所购入的被替代证券的实际单位购入成本（包括买入价格与相关费用，折 算为人民币）和未买入的被替代证券的 T 日收盘价（折算为人民币，折算汇率采用基金管 34 理人和基金托管人商定的汇率公允价，汇率公允价包括中国人民银行或其授权机构公布的 人民币汇率中间价、中国外汇交易中心参考汇率、中国外汇交易中心收盘价、基金管理人 与基金托管人商定的其他公允价格等；当日在证券交易所无交易的，取最近交易日的收盘 价；当日无收盘价的，取最后成交价）计算被替代证券的单位结算成本，在此基础上根据 替代证券数量和申购替代金额确定基金应退还投资者或投资者应补交的款项。 正常情况下，T+3 日（指港股通交易日）内，基金管理人将应退款和补款的明细及汇 总数据发送给登记机构，登记机构办理现金替代多退少补资金的清算，并将结果发送给相 关申购赎回代理券商和基金托管人。 如遇港股通临时停市、港股通交易每日额度或总额度不足等特殊情况，组合证券的代 理买入及结算价格可依次顺延至下一港股通交易日直至交易正常。如遇证券长期停牌、流 动性不足等可能导致收盘价或最后成交价不公允的特殊情况，可参照证券的估值价格，对 结算价格进行调整，如果基金管理人认为该证券复牌后的价格可能存在较大波动，且可能 对基金资产净值产生较大影响，为了更好的维护基金份额持有人利益，该证券对应的现金 替代款的清算交收可在其复牌后按照实际交易成本办理。在此期间若该证券发生除息、送 股（转增）、配股等重要权益变动，则进行相应调整。 ④赎回对应的替代金额 赎回时，对于可以现金替代的证券，替代金额为扣除相关费用后的该证券的卖出价值 （或证券实际结算价值） ⑤赎回替代金额的处理程序 对于确认成功的 T 日赎回申请，通常情况下 T 日内基金管理人根据赎回规模进行组合 证券的代理卖出。基金管理人有权在 T 日内任意时刻卖出小于等于被替代证券数量的任意 数量的被替代证券，实际卖出被替代证券的价格可能为 T 日内的任意成交价。基金管理人 有权根据基金投资的需要自主决定不卖出部分被替代证券，或者不进行任何卖出证券的操 作，基金管理人可能不卖出被替代证券,替代金额的处理程序 T 日，基金管理人在申购赎回清单中公布申购现金替代保证金率，并据此收取申购替 代金额。 对于确认成功的 T 日申购申请，通常情况下 T 日内基金管理人根据申购规模进行组合 证券的代理买入。基金管理人有权在 T 日内任意时刻以收到的替代金额代投资者买入小于 等于被替代证券数量的任意数量的被替代证券，实际买入被替代证券的价格可能为 T 日内 的任意成交价。基金管理人有权根据基金投资的需要自主决定不买入部分被替代证券，或 者不进行任何买入证券的操作，基金管理人可能不买入被替代证券的情形包括但不限于市 场流动性不足、技术系统无法实现以及基金管理人认为不应买入的其他情形。T 日日终， 基金管理人根据所购入的被替代证券的实际单位购入成本（包括买入价格与相关费用，折 算为人民币）和未买入的被替代证券的 T 日收盘价（折算为人民币，折算汇率采用基金管 34 理人和基金托管人商定的汇率公允价，汇率公允价包括中国人民银行或其授权机构公布的 人民币汇率中间价、中国外汇交易中心参考汇率、中国外汇交易中心收盘价、基金管理人 与基金托管人商定的其他公允价格等；当日在证券交易所无交易的，取最近交易日的收盘 价；当日无收盘价的，取最后成交价）计算被替代证券的单位结算成本，在此基础上根据 替代证券数量和申购替代金额确定基金应退还投资者或投资者应补交的款项。 正常情况下，T+3 日（指港股通交易日）内，基金管理人将应退款和补款的明细及汇 总数据发送给登记机构，登记机构办理现金替代多退少补资金的清算，并将结果发送给相 关申购赎回代理券商和基金托管人。 如遇港股通临时停市、港股通交易每日额度或总额度不足等特殊情况，组合证券的代 理买入及结算价格可依次顺延至下一港股通交易日直至交易正常。如遇证券长期停牌、流 动性不足等可能导致收盘价或最后成交价不公允的特殊情况，可参照证券的估值价格，对 结算价格进行调整，如果基金管理人认为该证券复牌后的价格可能存在较大波动，且可能 对基金资产净值产生较大影响，为了更好的维护基金份额持有人利益，该证券对应的现金 替代款的清算交收可在其复牌后按照实际交易成本办理。在此期间若该证券发生除息、送 股（转增）、配股等重要权益变动，则进行相应调整。 ④赎回对应的替代金额 赎回时，对于可以现金替代的证券，替代金额为扣除相关费用后的该证券的卖出价值 （或证券实际结算价值） ⑤赎回替代金额的处理程序 对于确认成功的 T 日赎回申请，通常情况下 T 日内基金管理人根据赎回规模进行组合 证券的代理卖出。基金管理人有权在 T 日内任意时刻卖出小于等于被替代证券数量的任意 数量的被替代证券，实际卖出被替代证券的价格可能为 T 日内的任意成交价。基金管理人 有权根据基金投资的需要自主决定不卖出部分被替代证券，或者不进行任何卖出证券的操 作，基金管理人可能不卖出被替代证券的情,购赎回清单：指由基金管理人编制的用以公告申购对价、赎回对价等信息的文 件 51、申购对价：指投资人申购基金份额时，按基金合同和招募说明书规定应交付的现 金替代、现金差额和/或其他对价 52、赎回对价：指投资人赎回基金份额时，基金管理人按基金合同和招募说明书规定 应交付给赎回人的现金替代、现金差额和/或其他对价 53、组合证券：指本基金标的指数所包含的全部或部分证券 54、现金替代：指申购或赎回过程中，投资人按基金合同和招募说明书的规定，用于 替代组合证券中全部或部分证券的一定数量的现金 55、现金差额：指 T 日最小申购、赎回单位的资产净值与按当日收盘价计算的最小申 购、赎回单位中的组合证券市值和现金替代之差；投资人申购或赎回时应支付或应获得的 现金差额根据最小申购、赎回单位对应的现金差额、申购或赎回的基金份额数计算 56、预估现金差额：指由基金管理人计算并在 T 日申购赎回清单中公布的当日现金差 额预估值，预估现金差额由申购赎回代理券商预先冻结 11 57、最小申购、赎回单位：指本基金申购份额、赎回份额的最低数量，投资人申购、 赎回的基金份额应为最小申购、赎回单位的整数倍 58、基金份额参考净值：指基金管理人或者基金管理人委托的机构在开市后根据申购 赎回清单和组合证券内各只证券的实时成交数据及汇率数据计算，并通过深圳证券交易所 发布的基金份额参考净值，简称“IOPV” 59、基金份额折算：指基金管理人根据基金运作的需要，在基金资产净值不变的前提 下，按照一定比例调整基金份额总额及基金份额净值的行为 60、转托管：指基金份额持有人在本基金的不同销,/Users/ellis/工具程序开发/港股通逐标的分析/临时数据/159130/159130_更新招募说明书_20260806.txt
75,520930,国泰恒生生物科技ETF,国泰恒生生物科技交易型开放式指数证券投资基金招募说明书,2026-01-08,机构相关业务规则以及参与各方相关协议及 其不时修订的有关规定。 本基金申购业务采用实时逐笔全额结算（Real Time Gross Settlement，简称 RTGS）模式；赎回业务涉及的现金替代采用代收代付处理；申购、赎回业务涉 及的现金差额和现金替代退补款采用代收代付处理。 投资者 T 日申购后，如交易记录已勾单且申购资金足额的，登记机构在 T 日日间实时办理基金份额及现金替代的交收；T 日日间未进行勾单确认或日间资 金不足的，登记机构在 T 日日终根据资金是否足额办理基金份额及现金替代的 清算交收；在 T+1 日内办理现金差额的清算，并将结果发送给申购赎回代理券 商、基金管理人和基金托管人。基金管理人与申购赎回代理券商在 T+2 日内办 理现金差额的交收。 投资者 T 日,,申购替代金额的处理程序 T 日，基金管理人在申购赎回清单中公布现金替代溢价比例，并据此收取申 购替代金额。 对于确认成功的 T 日申购申请，基金管理人在 T 日内购入组合证券中被替 代证券。基金管理人有权在 T 日内任意时刻，以收到的申购替代金额代投资者 购入组合证券中被替代证券的任意数量。基金管理人有权根据基金投资的需要自 主决定不买入部分被替代证券，或者不进行任何买入证券的操作。T 日日终，基 金管理人根据 T 日所购入被替代证券实际单位购入成本（包括买入价格与相关 费用，折算为人民币）和未购入的被替代证券的 T 日收盘价（折算为人民币， 折算汇率采用当天的港股通买入结算汇兑比率和卖出结算汇兑比率的算术平均 值；被替代组合证券当日无交易的，取最近交易日的收盘价；交易日无收盘价的， 取最后成交价）计算被替代证券的单位结算成本，在此基础上根据替代证券数量 和申购现金替代金额确定基金应退还投资人或投资人应补交的款项。若发生特殊 情况，包括如遇港股通结算异常等，基金管理人可以对折算汇率和结算成本进行 相应调整。 T 日后的 3 个港股通交收日内，基金管理人将应退款或补款与相关机构办理 交收。若发生特殊情况，基金管理人可以对交收日期进行相应调整。 如遇港股通临时停市、港股通交易额度不足等特殊情况，组合证券的代理买 入及结算价格可依次顺延至下一港股通交易日直至交易正常。如遇证券长期停牌、 流动性不足等可能导致收盘价或最后成交价不公允的特殊情况，可参照证券的估 值价格，对结算价格进行调整，如果基金管理人认为该证券复牌后的价格可能存 在较大波动，且可能对基金资产净值产生较大影响，为了更好的维护持有人利益， 该证券对应的现金替代款的清算交收可在其复牌后按照实际交易成本或基金管 理人认为合理的价格办理。在此期间若该证券发生除息、送股（转增）、配股等 重要权益变动，则进行相应调整。 4）赎回替代金额的处理程序 对于确认成功的 T 日赎回申请，基金管理人在 T 日内卖出组合证券中被替 44 代证券。基金管理人有权在 T 日内任意时刻代投资者卖出组合证券中被替代证 券的任意数量。基金管理人有权自主决定不卖出部分被替代证券，或者不进行任 何卖出证券的操作。T 日日终，基金管理人根据 T 日所卖出的被替代证券的实际 单位卖出金额（扣除相关费用，折算为人民币）和未卖出的被替代证券的 T 日 收盘价（折算为人民币，折算汇率采用当天的港股通买入结算汇兑比率和卖出结 算汇兑比率的算术平均值；被替代证券当日无交易的，取最近交易日的收盘价； 交易日无收盘价的，取最后成交价）计算被替代证券的单位结算金额，在此基础 上根据替代证券数量确定赎回替代金额。若发生特殊情况，包括如遇港股通结算 异常等，基金管理人可以对折算汇率和结算金额进行相应调整。 T 日后的第 3 个港股通交收日后的 2 个工作日内，基,替代金额的处理程序 T 日，基金管理人在申购赎回清单中公布现金替代溢价比例，并据此收取申 购替代金额。 对于确认成功的 T 日申购申请，基金管理人在 T 日内购入组合证券中被替 代证券。基金管理人有权在 T 日内任意时刻，以收到的申购替代金额代投资者 购入组合证券中被替代证券的任意数量。基金管理人有权根据基金投资的需要自 主决定不买入部分被替代证券，或者不进行任何买入证券的操作。T 日日终，基 金管理人根据 T 日所购入被替代证券实际单位购入成本（包括买入价格与相关 费用，折算为人民币）和未购入的被替代证券的 T 日收盘价（折算为人民币， 折算汇率采用当天的港股通买入结算汇兑比率和卖出结算汇兑比率的算术平均 值；被替代组合证券当日无交易的，取最近交易日的收盘价；交易日无收盘价的， 取最后成交价）计算被替代证券的单位结算成本，在此基础上根据替代证券数量 和申购现金替代金额确定基金应退还投资人或投资人应补交的款项。若发生特殊 情况，包括如遇港股通结算异常等，基金管理人可以对折算汇率和结算成本进行 相应调整。 T 日后的 3 个港股通交收日内，基金管理人将应退款或补款与相关机构办理 交收。若发生特殊情况，基金管理人可以对交收日期进行相应调整。 如遇港股通临时停市、港股通交易额度不足等特殊情况，组合证券的代理买 入及结算价格可依次顺延至下一港股通交易日直至交易正常。如遇证券长期停牌、 流动性不足等可能导致收盘价或最后成交价不公允的特殊情况，可参照证券的估 值价格，对结算价格进行调整，如果基金管理人认为该证券复牌后的价格可能存 在较大波动，且可能对基金资产净值产生较大影响，为了更好的维护持有人利益， 该证券对应的现金替代款的清算交收可在其复牌后按照实际交易成本或基金管 理人认为合理的价格办理。在此期间若该证券发生除息、送股（转增）、配股等 重要权益变动，则进行相应调整。 4）赎回替代金额的处理程序 对于确认成功的 T 日赎回申请，基金管理人在 T 日内卖出组合证券中被替 44 代证券。基金管理人有权在 T 日内任意时刻代投资者卖出组合证券中被替代证 券的任意数量。基金管理人有权自主决定不卖出部分被替代证券，或者不进行任 何卖出证券的操作。T 日日终，基金管理人根据 T 日所卖出的被替代证券的实际 单位卖出金额（扣除相关费用，折算为人民币）和未卖出的被替代证券的 T 日 收盘价（折算为人民币，折算汇率采用当天的港股通买入结算汇兑比率和卖出结 算汇兑比率的算术平均值；被替代证券当日无交易的，取最近交易日的收盘价； 交易日无收盘价的，取最后成交价）计算被替代证券的单位结算金额，在此基础 上根据替代证券数量确定赎回替代金额。若发生特殊情况，包括如遇港股通结算 异常等，基金管理人可以对折算汇率和结算金额进行相应调整。 T 日后的第 3 个港股通交收日后的 2 个工作日内，基金管,购赎回清单：指由基金管理人编制的用以公告申购对价、赎回对价等 信息的文件 50、申购对价：指投资人申购基金份额时，按基金合同和招募说明书规定应 交付的现金替代、现金差额及其他对价 51、赎回对价：指基金份额持有人赎回基金份额时，基金管理人按基金合同 和招募说明书规定应交付给赎回人的现金替代、现金差额及其他对价 52、组合证券：指本基金标的指数所包含的全部或部分证券 53、标的指数：指恒生生物科技指数 54、现金替代：指申购、赎回过程中，投资人按基金合同和招募说明书的规 定，用于替代组合证券中全部或部分证券的一定数量的现金 55、现金差额：指最小申购、赎回单位的资产净值与按当日收盘价计算的最 小申购、赎回单位中的组合证券市值和现金替代之差；投资人申购、赎回时应支 付或应获得的现金差额根据最小申购、赎回单位对应的现金差额和申购或赎回的 最小申购、赎回单位数量计算 56、预估现金部分：指由基金管理人估计并在 T 日申购赎回清单中公布的 当日现金差额的估计值，预估现金部分由申购赎回代理券商预先冻结 57、最小申购、赎回单位：指本基金申购、赎回份额的最低数量，投资人申 购、赎回的基金份额应为最小申购、赎回单位的整数倍 58、基金份额参考净值：指基金管理人或基金管理人委托的机构在开市后根 9 据申购赎回清单和组合证券内各只证券的实时成交数据及汇率数据计算，并通过 上海证券交易所发布的基金份额参考净值，简称“IOPV” 59、基金份额折算：指基金管理人根据基金运作的需要，在基金资产净值不 变的前提下，按照一定比例调整基金份额总额及基金份额净值，并根据基金合同,/Users/ellis/工具程序开发/港股通逐标的分析/临时数据/520930/520930_招募说明书_20260108.txt
76,159316,易方达恒生港股通创新药ETF,易方达恒生港股通创新药交易型开放式指数证券投资基金更新的招募说明书,2026-03-06,交易互联互通机制投资的风险详见招募说明书。 6、在目前结算规则下，投资者当日申购的基金份额，清算交收完成后方可卖出和赎 回，即 T 日申购的基金份额且日间完成 RTGS（实时逐笔全额结算）交收的，T 日可卖出和 赎回，而 T 日申购的基金份额且日终完成逐笔全额非担保交收的，T+1 日方可卖出和赎回； T 日竞价买入的基金份额，T 日可以卖出或赎回；T 日大宗买入的基金份额，T 日可以大宗 卖出，T+1 日可以竞价卖出或赎回。 投资者投资于本基金前请认真阅读证券交易所和登记结算机构关于 ETF 的相关业务规 则及其不时的更新，确保具备相关专业知识、清楚了解相关规则流程后方可参与本基金的 申购、赎回及交易。投资者一旦申购或赎回本基金，即表示对基金申购和赎回所涉及的登 记方式以及申购赎,行必须现金替代的成份证券。 2）替代金额：对于必须现金替代的证券，基金管理人将在申购赎回清单中公告 替代 的一定数量的现金。必须替代金额的计算方法为申购赎回清单中该证券的数量乘以调 整后 T 日开盘参考价并按照 T-1 日估值汇率换算或基金管理人认为合理的其他方法。 （4）在系统支持的情况下，对于 T 日的申购赎回申请，基金管理人有权进行轧 差处 理， 针对净申购，购入净申购份额对应的组合证券中被替代证券，针对净赎回，卖出 净赎 回份额对应的组合证券中被替代证券，基金管理人有权购入或者卖出不等于轧差处理 后的 上述被替代证券的任意数量。 （5）基金管理人可根据运作情况调整代理申赎投资者买券卖券的相关规则并按 规定 公告。 （6）未来如港股通的交易、结算规则发生改变，或深圳证券交易所、登记结算 机构 有关申购赎回交易结算规则发生改变，或基金管理人与基金托管人之间的结算相关安 排发 生改变等，基金管理人可对上述相关现金替代处理规则进行调整，并按规定公告。 5、预估现金差额相关内容 预估现金差额是指为便于计算基金份额参考净值及申购赎回代理券商预先冻结申 请申 购、赎回的投资者的相应资金，由基金管理人计算的现金数额。 T 日申购赎回清单中公告 T 日预估现金差额。其计算公式为： T 日预估现金差额＝T-1 日最小申购、赎回单位的基金资产净值－（申购赎回清单中必 41 须现金替代成份证券的替代金额＋申购赎回清单中可以现金替代成份证券的数量、调 整后 T 日开盘参考价以及 T-1 日估值汇率的乘积之和） 其中，该证券调整后 T 日开盘参考价主要根据指数公司提供的标的指数成份证券的调 整后开盘参考价确定。另外，若 T-1 日至 T 日期间存在香港证券交易所交易日为非申赎开 放日，则基金管理人可,申购替代金额的处理程序 T 日，基金管理人在申购赎回清单中公布申购现金替代保证金率，并据此收取申 购替 39 代金额。 基金管理人在T 日内购入组合证券中被替代证券。基金管理人有权在T 日内任意时刻， 以收到的申购替代金额代投资者购入组合证券中被替代证券的任意数量。 正常情况下 ，对 于确认成功的 T 日申购申请，基金管理人根据 T 日所购入的被替代证券的实际单位购入成 本（包括买入价格与相关费用，折算为人民币）和未买入的被替代证券 T 日收盘价（折算 为人民币，被替代证券当日在证券交易所无交易的，取最近交易日的收盘价；交易日 无收 盘价的，取最后成交价）计算被替代证券的单位结算成本，在此基础上根据替代证券 数量 和申购替代金额确定基金应退还投资者或投资者应补交的款项。T 日后的三个港股通 交易 日内，基金管理人将应退款或补款与相关申购赎回代理券商办理交收，当交收期间出 现 港 股通交易日为非港股通交收日时，款项交收日期顺延。若发生特殊情况，基金管理人 可以 对交收日期进行相应调整。 如遇港股通临时停市、港股通交易当日额度使用完毕而暂停或停止接受买入申报 等特 殊情况，基金管理人可考虑根据实际情况将组合证券的代理买入及结算价格顺延至下 一港 股通交易日直至交易正常。如遇证券长期停牌、流动性不足等可能导致收盘价或最后 成交 价不公允的特殊情况，可参照证券的估值价格，对结算价格进行调整，如果基金管理 人认 为该证券复牌后的价格可能存在较大波动，且可能对基金资产净值产生较大影响，为 了更 好的维护持有人利益，该证券对应的现金替代退补款的清算交收可按照其复牌后实际 交易 成本或者基金管理人认为合理的价格办理。在此期间若该证券发生除息、送股（转增 ）、 配股等重要权益变动，则进行相应调整。 4）赎回替代金额的处理程序 基金管理人在 T 日内卖出组合证券中被替代证券。基金管理人有权在 T 日内任意时刻 代投资者卖出组合证券中被替代证券的任意数量。正常情况下，对于确认成功的 T 日赎回 申请，基金管理人根据 T 日所卖出的被替代证券的实际单位卖出金额（扣除相关费用，折 算为人民币）和未卖出的被替代证券的 T 日收盘价（折算为人民币，被替代证券当日在证 券交易所无交易的，取最近交易日的收盘价；交易日无收盘价的，取最后成交价）计 算被 替代证券的单位结算金额，在此基础上根据替代证券数量确定赎回替代金额。T 日后的第 3 个港股通交易日后的 1 个工作日内，基金管理人将应支付的赎回替代金额与相关申购赎回 代理券商办理交收，当交收期间出现港股通交易日为非港股通交收日时，款项交收日 期顺 延。若发生特殊情况，基金管理人可以对交收日期进行相应调整。 40 如遇港股通临时停市等特殊情况，组合证券的代理卖出及结算价格可依次顺延至 下一 港股通交易日直至交易正常。如遇证券长期停牌、流动性不,替代金额的处理程序 T 日，基金管理人在申购赎回清单中公布申购现金替代保证金率，并据此收取申 购替 39 代金额。 基金管理人在T 日内购入组合证券中被替代证券。基金管理人有权在T 日内任意时刻， 以收到的申购替代金额代投资者购入组合证券中被替代证券的任意数量。 正常情况下 ，对 于确认成功的 T 日申购申请，基金管理人根据 T 日所购入的被替代证券的实际单位购入成 本（包括买入价格与相关费用，折算为人民币）和未买入的被替代证券 T 日收盘价（折算 为人民币，被替代证券当日在证券交易所无交易的，取最近交易日的收盘价；交易日 无收 盘价的，取最后成交价）计算被替代证券的单位结算成本，在此基础上根据替代证券 数量 和申购替代金额确定基金应退还投资者或投资者应补交的款项。T 日后的三个港股通 交易 日内，基金管理人将应退款或补款与相关申购赎回代理券商办理交收，当交收期间出 现 港 股通交易日为非港股通交收日时，款项交收日期顺延。若发生特殊情况，基金管理人 可以 对交收日期进行相应调整。 如遇港股通临时停市、港股通交易当日额度使用完毕而暂停或停止接受买入申报 等特 殊情况，基金管理人可考虑根据实际情况将组合证券的代理买入及结算价格顺延至下 一港 股通交易日直至交易正常。如遇证券长期停牌、流动性不足等可能导致收盘价或最后 成交 价不公允的特殊情况，可参照证券的估值价格，对结算价格进行调整，如果基金管理 人认 为该证券复牌后的价格可能存在较大波动，且可能对基金资产净值产生较大影响，为 了更 好的维护持有人利益，该证券对应的现金替代退补款的清算交收可按照其复牌后实际 交易 成本或者基金管理人认为合理的价格办理。在此期间若该证券发生除息、送股（转增 ）、 配股等重要权益变动，则进行相应调整。 4）赎回替代金额的处理程序 基金管理人在 T 日内卖出组合证券中被替代证券。基金管理人有权在 T 日内任意时刻 代投资者卖出组合证券中被替代证券的任意数量。正常情况下，对于确认成功的 T 日赎回 申请，基金管理人根据 T 日所卖出的被替代证券的实际单位卖出金额（扣除相关费用，折 算为人民币）和未卖出的被替代证券的 T 日收盘价（折算为人民币，被替代证券当日在证 券交易所无交易的，取最近交易日的收盘价；交易日无收盘价的，取最后成交价）计 算被 替代证券的单位结算金额，在此基础上根据替代证券数量确定赎回替代金额。T 日后的第 3 个港股通交易日后的 1 个工作日内，基金管理人将应支付的赎回替代金额与相关申购赎回 代理券商办理交收，当交收期间出现港股通交易日为非港股通交收日时，款项交收日 期顺 延。若发生特殊情况，基金管理人可以对交收日期进行相应调整。 40 如遇港股通临时停市等特殊情况，组合证券的代理卖出及结算价格可依次顺延至 下一 港股通交易日直至交易正常。如遇证券长期停牌、流动性不足等,知识、清楚了解相关规则流程后方可参与本基金的 申购、赎回及交易。投资者一旦申购或赎回本基金，即表示对基金申购和赎回所涉及的登 记方式以及申购赎回所涉及现金替代、现金差额等相关的交收方式及业务规则已经认可。 7、基金管理人提醒投资者基金投资的“买者自负”原则，在投资者作出 投资决策后， 基金运营状况与基金净值变化引致的投资风险，由投资者自行负责。此外，本基金以 1 元 初始面值进行募集，在市场波动等因素的影响下，存在单位份额净值跌破 1 元初始面值的 风险。 8、基金不同于银行储蓄，基金投资人投资于基金有可能获得较高的收益，也有可能 损失本金。投资有风险，投资人在进行投资决策前，请仔细阅读本基金的《招募说明书》 及《基金合同》。 9、基金的过往业绩并不预示其未来表现，基金管理人管理的其他基金的业绩并不构 成对本基金表现的保证。 本基金本次根据基金合同、托管协议的修订对招募说明书进行更新，更新截止 日为 2026 年 3 月 6 日，并更新了基金管理人相关信息，更新截止日为 2026 年 3 月 5 日。本基 金有关财务数据截止日为 2025 年 12 月 31 日，净值表现截止日为 2025 年 12 月 31 日，基 金份额的上市交易章节相关信息更新截止日为 2026 年1 月5 日，除非另有说明，本招募说 明书其他所载内容截止日为 2025 年 12 月 16 日。（本报告中财务数据未经审计） I 目 录 第一部分 绪 言..................................................... 1 第二部分 释,/Users/ellis/工具程序开发/港股通逐标的分析/临时数据/159316/159316_更新招募说明书_20260306.txt
77,159102,华安恒生生物科技ETF,华安恒生生物科技交易型开放式指数证券投资基金更新的招募说明书(2026年第1号),2026-06-26,份额的交收适用业务 规则的规定和参与各方相关协议的有关规定。 本基金申购业务采用实时逐笔全额结算（Real Time Gross Settlement， 简称 RTGS）模式；赎回业务涉及的现金替代采用代收代付处理；申购、赎回业 务涉及的现金差额和现金替代退补款采用代收代付处理。 1）申购的清算交收 投资者 T 日申购后，如交易记录已勾单且申购资金足额的，登记机构在 T 日日间实时办理基金份额及现金替代的交收；T 日日间未进行勾单确认或日间 资金不足的，登记机构在 T 日日终根据资金是否足额办理基金份额及现金替代 的清算交收，并将结果发送给基金管理人、申购赎回代理券商和基金托管人。 基金管理人在 T+1 日办理现金差额的清算，并将结果发送给申购赎回代理券商、 基金管理人和基金托管,买入或不卖出部分 被替代证券，或者不进行任何买入或卖出证券的操作，基金管理人可能不买入 或不卖出被替代证券的情形包括但不限于市场流动性不足、技术系统无法实现、 申购赎回轧差以及基金管理人认为不应买入或卖出的其他情形。 按照目前的证券代理买卖规则，正常情况下，对于 T 日确认成功的申购或 赎回申请，基金管理人正常情况下将在 T 日代理进行相关证券买卖，而对于 T 日未买入或未卖出的部分证券，基金管理人将按该证券 T 日收盘价（折算为人 民币，目前折算汇率采用 T 日估值汇率，基金管理人可根据情况调整所使用的 折算汇率，并及时公告，被替代证券 T 日在证券交易所无交易的，取最近交易 日的收盘价，交易日无收盘价的，取最后成交价）计算被替代证券的单位结算 成本或结算金额，因此投资者需承受可能当天无法完成所有证券买卖、未完成 第 4 页 共 151 页 买卖部分按收盘价结,申购替代金额的处理程序 T 日，基金管理人在申购、赎回清单中公布申购现金替代保证金率，并据 此收取申购替代金额。 对于确认成功的 T 日申购申请，基金管理人在收到申购确认信息后，根据 申购申请代理买入被替代证券。基金管理人有权在 T 日内任意时刻以收到的申 购替代金额代投资者买入小于或等于被替代证券数量的任意数量的被替代证券。 第 49 页 共 151 页 基金管理人有权根据基金投资的需要自主决定不买入部分被替代证券，或者不 进行任何买入证券的操作。T 日日终，基金管理人根据所购入的被替代证券的 实际单位购入成本（包括买入价格与相关费用）和未买入的被替代证券的 T 日 收盘价（折算为人民币，目前折算汇率采用 T 日估值汇率，基金管理人可根据 情况调整所使用的折算汇率，并及时公告；被替代证券 T 日在证券交易所无交 易的，取最近交易日的收盘价，交易日无收盘价的，取最后成交价）计算被替 代证券的单位结算成本，在此基础上根据替代证券数量和申购替代金额确定基 金应退还投资者或投资者应补交的款项。T 日后的 3 个港股通交易日内，基金 管理人将应退款或补款与相关申购赎回代理券商办理交收。若发生特殊情况， 基金管理人可以对交收日期进行相应调整。 如遇港股通临时停市、港股通交易当日额度使用完毕而暂停或停止接受买 入申报等特殊情况，基金管理人可考虑根据实际情况将被替代证券的代理买入 及结算价格顺延至下一港股通交易日直至交易正常。如遇被替代证券长期停牌、 流动性不足等可能导致收盘价或最后成交价不公允的特殊情况，可参照证券的 估值价格，对结算价格进行调整，如果基金管理人认为该证券复牌后的价格可 能存在较大波动，且可能对基金资产净值产生较大影响，为了更好的维护持有 人利益，该证券对应的现金替代退补款的清算交收可在其复牌后按照实际交易 成本办理。在此期间若该证券发生除息、送股（转增）、配股等重要权益变动， 则进行相应调整。 4）赎回替代金额的处理程序 对于确认成功的 T 日赎回申请，基金管理人在收到赎回确认信息后，根据 赎回申请代理卖出被替代证券。基金管理人有权在 T 日内任意时刻代投资者卖 出小于或等于被替代证券数量的任意数量的被替代证券。基金管理人有权根据 基金投资的需要自主决定不卖出部分被替代证券，或者不进行任何卖出证券的 操作。T 日日终，基金管理人根据所卖出的被替代证券的实际单位卖出金额 （扣除相关费用）和未卖出的被替代证券的 T 日收盘价（折算为人民币，目前 折算汇率采用 T 日估值汇率，基金管理人可根据情况调整所使用的折算汇率， 并及时公告，被替代证券 T 日在证券交易所无交易的，取最近交易日的收盘价， 交易日无收盘价的，取最后成交价）计算被替代证券的单位结算金额，在此基 础上根据替代证券数量确定赎回替代金额。T 日后的 5 个港股通交易日内，基 第 50 页 共 1,替代金额的处理程序 T 日，基金管理人在申购、赎回清单中公布申购现金替代保证金率，并据 此收取申购替代金额。 对于确认成功的 T 日申购申请，基金管理人在收到申购确认信息后，根据 申购申请代理买入被替代证券。基金管理人有权在 T 日内任意时刻以收到的申 购替代金额代投资者买入小于或等于被替代证券数量的任意数量的被替代证券。 第 49 页 共 151 页 基金管理人有权根据基金投资的需要自主决定不买入部分被替代证券，或者不 进行任何买入证券的操作。T 日日终，基金管理人根据所购入的被替代证券的 实际单位购入成本（包括买入价格与相关费用）和未买入的被替代证券的 T 日 收盘价（折算为人民币，目前折算汇率采用 T 日估值汇率，基金管理人可根据 情况调整所使用的折算汇率，并及时公告；被替代证券 T 日在证券交易所无交 易的，取最近交易日的收盘价，交易日无收盘价的，取最后成交价）计算被替 代证券的单位结算成本，在此基础上根据替代证券数量和申购替代金额确定基 金应退还投资者或投资者应补交的款项。T 日后的 3 个港股通交易日内，基金 管理人将应退款或补款与相关申购赎回代理券商办理交收。若发生特殊情况， 基金管理人可以对交收日期进行相应调整。 如遇港股通临时停市、港股通交易当日额度使用完毕而暂停或停止接受买 入申报等特殊情况，基金管理人可考虑根据实际情况将被替代证券的代理买入 及结算价格顺延至下一港股通交易日直至交易正常。如遇被替代证券长期停牌、 流动性不足等可能导致收盘价或最后成交价不公允的特殊情况，可参照证券的 估值价格，对结算价格进行调整，如果基金管理人认为该证券复牌后的价格可 能存在较大波动，且可能对基金资产净值产生较大影响，为了更好的维护持有 人利益，该证券对应的现金替代退补款的清算交收可在其复牌后按照实际交易 成本办理。在此期间若该证券发生除息、送股（转增）、配股等重要权益变动， 则进行相应调整。 4）赎回替代金额的处理程序 对于确认成功的 T 日赎回申请，基金管理人在收到赎回确认信息后，根据 赎回申请代理卖出被替代证券。基金管理人有权在 T 日内任意时刻代投资者卖 出小于或等于被替代证券数量的任意数量的被替代证券。基金管理人有权根据 基金投资的需要自主决定不卖出部分被替代证券，或者不进行任何卖出证券的 操作。T 日日终，基金管理人根据所卖出的被替代证券的实际单位卖出金额 （扣除相关费用）和未卖出的被替代证券的 T 日收盘价（折算为人民币，目前 折算汇率采用 T 日估值汇率，基金管理人可根据情况调整所使用的折算汇率， 并及时公告，被替代证券 T 日在证券交易所无交易的，取最近交易日的收盘价， 交易日无收盘价的，取最后成交价）计算被替代证券的单位结算金额，在此基 础上根据替代证券数量确定赎回替代金额。T 日后的 5 个港股通交易日内，基 第 50 页 共 151,单：指由基金管理人编制的用以公告场内申购对价、场 内赎回对价等信息的文件 51、申购对价：指投资者申购基金份额时，按基金合同和招募说明书规定 应交付的现金替代、现金差额和/或其他对价 52、赎回对价：指基金份额持有人赎回基金份额时，基金管理人按基金合 同和招募说明书规定应交付给该基金份额持有人的现金替代、现金差额和/或其 他对价 53、标的指数：指本基金跟踪的基准指数，是由恒生指数有限公司发布的 恒生生物科技指数 54、最小申购、赎回单位：指本基金申购份额、赎回份额的最低数量，投 资者申购、赎回的基金份额应为最小申购、赎回单位的整数倍 55、组合证券：指本基金标的指数所包含的全部或部分证券 56、现金替代：指申购、赎回过程中，投资者按基金合同和招募说明书的 规定，用于替代组合证券的一定数量的现金 57、现金差额：指申购、赎回过程中，最小申购、赎回单位的资产净值与 按当日收盘价计算的最小申购、赎回单位中的组合证券市值和现金替代之差； 投资者申购、赎回时应支付或应获得的现金差额根据最小申购、赎回单位对应 的现金差额、申购或赎回的基金份额数计算 第 12 页 共 151 页 58、基金份额参考净值：指基金管理人或基金管理人委托的机构在开市后 根据申购、赎回清单、组合证券内各证券的实时成交数据、汇率等数据计算并 通过深圳证券交易所在交易时间内发布的基金份额参考净值，简称“IOPV” 59、预估现金差额：指申购、赎回过程中，为便于计算基金份额参考净值 及申购赎回代理券商预先冻结申请申购、赎回的投资者的相应资金，由基金管 理人计算并公布的现金数额 60、基金,/Users/ellis/工具程序开发/港股通逐标的分析/临时数据/159102/159102_更新招募说明书_20260626.txt
78,520500,华泰柏瑞恒生创新药ETF,华泰柏瑞恒生创新药交易型开放式指数证券投资基金(QDII)更新的招募说明书2026年第1号(基金经理变更),2026-01-10,时查询并妥善行使合法权利。 3、申购和赎回的清算交收与登记 本基金申购业务采用实时逐笔全额结算（Real Time Gross Settlement，以下简称 RTGS） 模式；赎回业务涉及的现金替代可采用代收代付处理；申购、赎回业务涉及的现金差额和现 金替代退补款可采用代收代付处理。 （1）申购的清算交收 投资者 T 日现金申购后，如交易记录已勾单且申购资金足额的，登记结算机构在 T 日日 间实时办理基金份额及现金替代的交收；T日日间未进行勾单确认或日间资金不足的，登记结 算机构在 T 日日终根据资金是否足额办理基金份额及现金替代的清算交收，并将结果发送给 基金管理人、申购赎回代理券商和基金托管人。基金管理人通过登记结算机构在 T+1 日办理 现金差额的清算，在T+2日办理现金,,申购替代金额的处理程序 对于确认成功的T日申购申请，在T日（指上海证券交易所与香港交易所的共同交易日） 内，基金管理人以收到的申购替代金额代投资者买入被替代证券。基金管理人有权在 T 日 （指上海证券交易所与香港交易所的共同交易日）内任意时刻以收到的申购替代金额代投资 者买入小于等于被替代证券数量的任意数量的被替代证券。基金管理人有权根据基金投资的 需要自主决定不买入部分被替代证券，或者不进行任何买入证券的操作。在 T 日（指上海证 券交易所与香港交易所的共同交易日）日终，基金管理人已买入的证券，依据申购的替代金 额与被替代证券的实际买入成本（包括买入价格与相关交易费用）的差额，确定基金应退还 投资者或投资者应补交的款项；未买入的证券，依据申购的替代金额与被替代证券 T 日（指 上海证券交易所与香港交易所的共同交易日）收盘价（需用汇率公允价折算为人民币，当日 在证券交易所无交易的，取最近交易日的收盘价，当日无收盘价的，取最后成交价）的差额， 确定基金应退还投资者或投资者应补交的款项。 在此期间若该部分证券发生除息、送股（转增）、配股等重要权益变动，则进行相应调 整。正常情况下，T日后的第2个港股通交收日后的第2个工作日内，基金管理人将应退款或 补款与相关申购赎回代理机构办理交收。若发生特殊情况，基金管理人可以对交收日期 进行 相应调整。 如遇港股通临时停市、港股通交易每日额度或总额度不足等特殊情况，组合证券的代理 买入及结算价格可依次顺延至下一港股通交易日直至交易正常。如遇证券长期停牌、流动性 不足等特殊情况，可参照证券的估值价格对结算价格进行调整，如果基金管理人认为该证券 复牌后的价格可能存在较大波动，且可能对基金资产净值产生较大影响，为了更好的维护持 有人利益，该证券对应的现金替代退补款的清算交收可在其复牌后按照实际交易成本办理。 在此期间若该证券发生除息、送股（转增）、配股等重要权益变动，则进行相应调整。上述 汇率目前采用汇率公允价。汇率公允价包括中国人民银行或其授权机构最新公布的人民币汇 率中间价、中国外汇交易中心公布的人民币对主要货币参考汇率、与基金托管人商定的其他 公允价格（如：中国人民银行或国家外汇管理局或中国外汇交易中心正式对外发文后公布的 人民币兑主要外汇当日收盘价）等。 华泰柏瑞恒生创新药交易型开放式指数证券投资基金（QDII） 41 ④赎回对应的替代金额的处理程序 对于确认成功的T日赎回申请，在T日（指上海证券交易所与香港交易所的共同交易日） 内，基金管理人根据赎回申请代投资者卖出被替代证券。基金管理人有权在 T 日（指上海证 券交易所与香港交易所的共同交易日）内任意时刻代投资者卖出小于等于被替代证券数量的 任意数量的被替代证券。基金管理人有权根据基金投资的需要自主决定不卖出部分被替代证 券，或者不进行任何卖出证券的操作。 在 T 日（,替代金额的处理程序 对于确认成功的T日申购申请，在T日（指上海证券交易所与香港交易所的共同交易日） 内，基金管理人以收到的申购替代金额代投资者买入被替代证券。基金管理人有权在 T 日 （指上海证券交易所与香港交易所的共同交易日）内任意时刻以收到的申购替代金额代投资 者买入小于等于被替代证券数量的任意数量的被替代证券。基金管理人有权根据基金投资的 需要自主决定不买入部分被替代证券，或者不进行任何买入证券的操作。在 T 日（指上海证 券交易所与香港交易所的共同交易日）日终，基金管理人已买入的证券，依据申购的替代金 额与被替代证券的实际买入成本（包括买入价格与相关交易费用）的差额，确定基金应退还 投资者或投资者应补交的款项；未买入的证券，依据申购的替代金额与被替代证券 T 日（指 上海证券交易所与香港交易所的共同交易日）收盘价（需用汇率公允价折算为人民币，当日 在证券交易所无交易的，取最近交易日的收盘价，当日无收盘价的，取最后成交价）的差额， 确定基金应退还投资者或投资者应补交的款项。 在此期间若该部分证券发生除息、送股（转增）、配股等重要权益变动，则进行相应调 整。正常情况下，T日后的第2个港股通交收日后的第2个工作日内，基金管理人将应退款或 补款与相关申购赎回代理机构办理交收。若发生特殊情况，基金管理人可以对交收日期 进行 相应调整。 如遇港股通临时停市、港股通交易每日额度或总额度不足等特殊情况，组合证券的代理 买入及结算价格可依次顺延至下一港股通交易日直至交易正常。如遇证券长期停牌、流动性 不足等特殊情况，可参照证券的估值价格对结算价格进行调整，如果基金管理人认为该证券 复牌后的价格可能存在较大波动，且可能对基金资产净值产生较大影响，为了更好的维护持 有人利益，该证券对应的现金替代退补款的清算交收可在其复牌后按照实际交易成本办理。 在此期间若该证券发生除息、送股（转增）、配股等重要权益变动，则进行相应调整。上述 汇率目前采用汇率公允价。汇率公允价包括中国人民银行或其授权机构最新公布的人民币汇 率中间价、中国外汇交易中心公布的人民币对主要货币参考汇率、与基金托管人商定的其他 公允价格（如：中国人民银行或国家外汇管理局或中国外汇交易中心正式对外发文后公布的 人民币兑主要外汇当日收盘价）等。 华泰柏瑞恒生创新药交易型开放式指数证券投资基金（QDII） 41 ④赎回对应的替代金额的处理程序 对于确认成功的T日赎回申请，在T日（指上海证券交易所与香港交易所的共同交易日） 内，基金管理人根据赎回申请代投资者卖出被替代证券。基金管理人有权在 T 日（指上海证 券交易所与香港交易所的共同交易日）内任意时刻代投资者卖出小于等于被替代证券数量的 任意数量的被替代证券。基金管理人有权根据基金投资的需要自主决定不卖出部分被替代证 券，或者不进行任何卖出证券的操作。 在 T 日（指上,赎回对价等信息的文 件 52、组合证券：指标的指数所包含的全部或部分证券 53、申购对价：指投资者申购基金份额时，按基金合同和招募说明书规定应交付的现金 替代、现金差额及其他对价 54、赎回对价：指投资者赎回基金份额时，基金管理人按基金合同和招募说明书规定应 交付给赎回人的现金替代、现金差额及其他对价 55、标的指数：指恒生创新药指数及其未来可能发生的变更 56、现金替代：指申购、赎回过程中，投资者按基金合同和招募说明书的规定，用于替 代组合证券中全部或部分证券的一定数量的现金 57、现金差额：指最小申购、赎回单位的资产净值与按当日收盘价计算的最小申购、赎 回单位中的组合证券市值和现金替代之差；投资者申购、赎回时应支付或应获得的现金差额 根据最小申购、赎回单位对应的现金差额、申购或赎回的基金份额数计算 华泰柏瑞恒生创新药交易型开放式指数证券投资基金（QDII） 10 58、预估现金差额：指由基金管理人计算并在 T 日申购赎回清单中公布的当日现金差额 预估值，预估现金差额由申购赎回代理券商预先冻结 59、基金份额参考净值：指基金管理人或者基金管理人委托的指数服务机构根据申购赎 回清单、人民币汇率和组合证券内各只证券的实时成交数据计算并由上海证券交易所在交易 时间内发布的基金份额参考净值，简称IOPV 60、最小申购、赎回单位：指申购份额、赎回份额的最低数量，投资者申购、赎回的基 金份额应为最小申购、赎回单位的整数倍 61、基金份额折算：指基金管理人根据基金运作的需要，在基金资产净值不变的前提下， 按照一定比例调整基金份额总额及基金份额净值的行为 6,/Users/ellis/工具程序开发/港股通逐标的分析/临时数据/520500/520500_更新招募说明书_20260110.txt
79,520970,嘉实中证港股通创新药ETF,嘉实中证港股通创新药交易型开放式指数证券投资基金更新招募说明书(2026年06月30日更新),2026-06-30,业务规则和参与各方相关协议及其不时修订的有关规定。 对于本基金的申购业务采用实时逐笔全额结算（Real Time Gross Settlement，以下简 称 RTGS）模式；赎回业务涉及的现金替代采用代收代付处理；申购、赎回业务涉及的现金 差额和现金替代退补款采用代收代付处理。 投资者T 日现金申购后， 如交易记录已勾单且申购资金足额的， 登记结算机构在T 日日 间实时办理基金份额及现金替代的交收；T 日日间未进行勾单确认或日间资金不足的， 登记 结算机构在 T 日日终根据资金是否足额办理基金份额及现金替代的清算交收；在T+1 日内 办理现金差额的清算， 并将结果发送给申购赎回代理券商、 基金管理人和基金托管人。 基金 管理人与申购赎回代理券商在T+3 日内办理现金差额的交收。,,申购现金替代保证金的处理程序 嘉实中证港股通创新药交易型开放式指数证券投资基金更新招募说明书（2026 年 06 月 30 日更新） 49 对于确认成功的T 日申购申请，T 日内基金管理人根据申购规模进行组合证券的代理买 入。T 日日终，基金管理人根据所购入的被替代证券的实际单位购入成本（包括买入价格与 相关费用， 按照汇率折算为人民币） 和未买入的被替代证券的T 日收盘价 （按照汇率折算为 人民币；T 日在证券交易所无交易的，取最近交易日的收盘价；交易日无收盘价的，取最后 成交价） 计算被替代证券的单位结算成本， 在此基础上根据替代证券数量和申购现金替代保 证金确定基金应退还投资者或投资者应补交的款项。T+3 日（指开放日）内，基金管理人将 应退款或补款与相关申购赎回代理券商办理交收， 当交收期间出现港股通交易日为非港股通 交收日时， 款项交收日期可以顺延。 若发生特殊情况， 基金管理人可以对交收日期进行相应 调整。 上述汇率是指汇率公允价。 汇率公允价包括但不限于中国人民银行或其授权机构最新公 布的人民币汇率中间价、 中国外汇交易中心公布的人民币对主要货币参考汇率、 与基金托管 人商定的其他公允价格 （如： 中国人民银行或国家外汇管理局或中国外汇交易中心正式对外 公布的人民币兑主要外汇当日收盘价）等。 如遇港股通临时停市、 港股通交易每日额度不足等特殊情况， 组合证券的代理买入及结 算价格可依次顺延至下一港股通交易日直至交易正常。 如遇证券长期停牌、 流动性不足等可 能导致收盘价或最后成交价不公允的特殊情况， 可参照证券的估值价格， 对结算价格进行调 整， 如果基金管理人认为该证券复牌后的价格可能存在较大波动， 且可能对基金资产净值产 生较大影响， 为了更好的维护持有人利益， 该证券对应的现金替代款的清算交收可在其复牌 后按照实际交易成本办理。在此期间若该证券发生除息、 送股 （转增）、 配股等重要权益变 动，则进行相应调整。 ④赎回替代金额的处理程序 对于确认成功的T 日赎回申请，T 日内， 基金管理人根据赎回规模进行组合证券的代理 卖出。T 日日终， 基金管理人根据所卖出的被替代证券的实际单位卖出金额 （扣除相关费用， 按照汇率折算为人民币） 和未卖出的被替代证券的T 日收盘价 （按照汇率折算为人民币； 被 替代证券T 日在证券交易所无交易的， 取最近交易日的收盘价； 交易日无收盘价的， 取最后 成交价） 计算被替代证券的单位结算金额， 在此基础上根据替代证券数量确定赎回替代金额。 T+7 日（指开放日）内，基金管理人将应支付的赎回替代金额与相关申购赎回代理券商办理 交收， 当交收期间出现港股通交易日为非港股通交收日时， 款项交收日期可以顺延。 若发生 特殊情况，基金管理人可以对交收日期进行相应调整。 上述汇率是指汇率公允价。 汇率公允价包括但不限于,赎回替代金额的处理程序 对于确认成功的T 日赎回申请，T 日内， 基金管理人根据赎回规模进行组合证券的代理 卖出。T 日日终， 基金管理人根据所卖出的被替代证券的实际单位卖出金额 （扣除相关费用， 按照汇率折算为人民币） 和未卖出的被替代证券的T 日收盘价 （按照汇率折算为人民币； 被 替代证券T 日在证券交易所无交易的， 取最近交易日的收盘价； 交易日无收盘价的， 取最后 成交价） 计算被替代证券的单位结算金额， 在此基础上根据替代证券数量确定赎回替代金额。 T+7 日（指开放日）内，基金管理人将应支付的赎回替代金额与相关申购赎回代理券商办理 交收， 当交收期间出现港股通交易日为非港股通交收日时， 款项交收日期可以顺延。 若发生 特殊情况，基金管理人可以对交收日期进行相应调整。 上述汇率是指汇率公允价。 汇率公允价包括但不限于中国人民银行或其授权机构最新公 布的人民币汇率中间价、 中国外汇交易中心公布的人民币对主要货币参考汇率、 与基金托管 人商定的其他公允价格 （如： 中国人民银行或国家外汇管理局或中国外汇交易中心正式对外 公布的人民币兑主要外汇当日收盘价）等。 嘉实中证港股通创新药交易型开放式指数证券投资基金更新招募说明书（2026 年 06 月 30 日更新） 50 如遇港股通临时停市等特殊情况， 组合证券的代理卖出及结算价格可依次顺延至下一港 股通交易日直至交易正常。 如遇证券长期停牌、 流动性不足等可能导致收盘价或最后成交价 不公允的特殊情况， 可参照证券的估值价格， 对结算价格进行调整， 如果基金管理人认为该 证券复牌后的价格可能存在较大波动， 且可能对基金资产净值产生较大影响， 为了更好的维 护持有人利益，该证券对应的现金替代款的清算交收可在其复牌后按照实际交易成本办理。 在此期间若该证券发生除息、送股（转增）、配股等重要权益变动，则进行相应调整。 ⑤基金管理人可根据运作情况调整代理申赎投资者买券卖券的相关规则并按规定公告。 ⑥未来若港股通的交易、 结算规则发生改变， 或上海证券交易所、 登记结算机构有关申 购赎回交易结算规则发生改变，或基金管理人与基金托管人之间的结算相关安排发生改变， 基金管理人可对上述相关现金替代处理规则进行调整，并按规定公告。 4、预估现金部分相关内容 预估现金部分是指为便于计算基金份额参考净值及申购赎回代理券商预先冻结申请申 购赎回的投资者的相应资金，由基金管理人计算的现金数额。 T 日申购赎回清单中公告T 日预估现金部分。其计算公式为： T 日预估现金部分＝T-1 日最小申购赎回单位的基金资产净值－（申购赎回清单中必须 现金替代的固定替代金额＋申购赎回清单中可以现金替代成份证券的数量与相应证券调整 后T 日开盘参考价及T-1 日估值汇率的相乘之和） 其中，该证券调整后 T 日开盘参考价主要根据中证指数有限公司提供的,投资基金更新招募说明书（2026 年 06 月 30 日更新） 9 49、 申购对价： 指投资人申购基金份额时， 按基金合同和招募说明书规定应交付的现金 替代、现金差额及其他对价 50、 赎回对价： 指基金份额持有人赎回基金份额时， 基金管理人按基金合同和招募说明 书规定应交付给赎回申请人的现金替代、现金差额及其他对价 51、 标的指数： 指中证指数有限公司编制并发布的中证港股通创新药指数及其未来可能 发生的变更 52、组合证券：指本基金标的指数所包含的全部或部分证券 53、 完全复制法： 指一种构建跟踪指数的投资组合的方法。 通过购买标的指数中的所有 成份证券， 并且按照每种成份证券在标的指数中的权重确定购买的比例， 以达到复制指数的 目的 54、 最小申购赎回单位： 指本基金申购份额、 赎回份额的最低数量， 投资人申购或赎回 的基金份额数应为最小申购赎回单位的整数倍 55、 现金替代： 指申购或赎回过程中， 投资者按基金合同和招募说明书的规定， 用于替 代申购赎回清单中所规定证券的一定数量的现金 56、 现金差额： 指最小申购赎回单位的资产净值与按当日收盘价计算的最小申购赎回单 位中的组合证券市值和现金替代之差； 投资者申购或赎回时应支付或应获得的现金差额根据 最小申购赎回单位对应的现金差额、申购或赎回的基金份额数计算 57、 预估现金部分： 指由基金管理人计算并在T 日申购赎回清单中公布的当日现金差额 的预估值，预估现金部分由申购赎回代理券商（代办证券公司）预先冻结 58、元：指人民币元 59、 基金资产总值： 指基金拥有的各类有价证券、,/Users/ellis/工具程序开发/港股通逐标的分析/临时数据/520970/520970_更新招募说明书_20260630.txt
80,520760,摩根恒生生物科技ETF,摩根恒生生物科技交易型开放式指数证券投资基金招募说明书(更新),2026-05-14,招募书未直接出现 RTGS；按适用的交易所/中国结算跨境 ETF 规则，日间 RTGS 交收，按项目口径 PASS,,申购替代金额的处理程序 基金管理人可以根据市场情况和实际需要确定和调整申购现金替代溢价比 例，具体的申购现金替代溢价比例以申购赎回清单公告为准。 对于确认成功的 T 日申购申请，T 日内基金管理人根据申购规模进行组合证 摩根恒生生物科技交易型开放式指数证券投资基金－招募说明书（更新） 券的代理买入。T 日日终， 基金管理人根据所购入的被替代组合证券的实际单位 购入成本、 实际购入的相关费用、 未购入的被替代组合证券的T 日收盘价 （折算 为人民币， 折算汇率采用当天的估值汇率； 被替代组合证券T 日无交易的， 取最 近交易日的收盘价； 交易日无收盘价的， 取最后收盘价） 计算并确定被替代组合 证券的单位结算成本， 在此基础上根据替代组合证券数量和申购现金替代保证金 确定基金应退还投资人的款项或投资人应补交的款项。T 日后的第二个港股通交 易日后的两个工作日内， 基金管理人将应退款或补款与相关申购赎回代理机构办 理交收。若发生特殊情况，基金管理人可以对交收日期进行相应调整。 如遇港股通临时停市、 港股通交易每日额度或总额度不足等特殊情况， 组合 证券的代理买入及结算价格可依次顺延至下一港股通交易日直至交易正常。 如遇 证券长期停牌、流动性不足等可能导致收盘价或最后成交价不公允的特殊情况， 可参照证券的估值价格， 对结算成本进行调整。 如果基金管理人认为该证券复牌 后的价格可能存在较大波动， 且可能对基金资产净值产生较大影响， 为了更好的 维护持有人利益， 该证券对应的现金替代款的清算交收可在其复牌后按照实际交 易成本办理。 在此期间若该证券发生除息、 送股 （转增） 、 配股等重要权益变动， 则进行相应调整。 4）赎回对应的替代金额的处理程序 对于确认成功的 T 日赎回申请，T 日日终， 基金管理人根据所卖出的被替代 组合证券的实际单位卖出成本、 实际卖出的相关费用、 未卖出的被替代组合证券 的 T 日收盘价 （折算为人民币， 折算汇率采用当天的估值汇率； 被替代组合证券 T 日无交易的，取最近交易日的收盘价；交易日无收盘价的，取最后收盘价）计 算并确定被替代组合证券的单位结算成本， 在此基础上根据替代组合证券数量确 定赎回替代金额。T 日后的第三个港股通交易日后的两个工作日内， 基金管理人 将应支付的赎回现金替代款与相关申购赎回代理机构办理交收。 若发生特殊情况， 基金管理人可以对交收日期进行相应调整。 对于 T 日因港股通临时停市、 半日交易时长、 停牌或流动性不足等原因未购 入和未卖出的被替代的部分证券，T 日后基金管理人可以依次顺延至下一港股通 交易日继续进行被替代证券的买入和卖出， 按照前述原则确定基金应退还投资者 或投资者应补交的款项。 摩根恒生生物科技交易型开放式指数证券投资基金－招募说明书（更新） 如遇港股通临时停市等特殊情况， 组合证券的代理,替代金额的处理程序 基金管理人可以根据市场情况和实际需要确定和调整申购现金替代溢价比 例，具体的申购现金替代溢价比例以申购赎回清单公告为准。 对于确认成功的 T 日申购申请，T 日内基金管理人根据申购规模进行组合证 摩根恒生生物科技交易型开放式指数证券投资基金－招募说明书（更新） 券的代理买入。T 日日终， 基金管理人根据所购入的被替代组合证券的实际单位 购入成本、 实际购入的相关费用、 未购入的被替代组合证券的T 日收盘价 （折算 为人民币， 折算汇率采用当天的估值汇率； 被替代组合证券T 日无交易的， 取最 近交易日的收盘价； 交易日无收盘价的， 取最后收盘价） 计算并确定被替代组合 证券的单位结算成本， 在此基础上根据替代组合证券数量和申购现金替代保证金 确定基金应退还投资人的款项或投资人应补交的款项。T 日后的第二个港股通交 易日后的两个工作日内， 基金管理人将应退款或补款与相关申购赎回代理机构办 理交收。若发生特殊情况，基金管理人可以对交收日期进行相应调整。 如遇港股通临时停市、 港股通交易每日额度或总额度不足等特殊情况， 组合 证券的代理买入及结算价格可依次顺延至下一港股通交易日直至交易正常。 如遇 证券长期停牌、流动性不足等可能导致收盘价或最后成交价不公允的特殊情况， 可参照证券的估值价格， 对结算成本进行调整。 如果基金管理人认为该证券复牌 后的价格可能存在较大波动， 且可能对基金资产净值产生较大影响， 为了更好的 维护持有人利益， 该证券对应的现金替代款的清算交收可在其复牌后按照实际交 易成本办理。 在此期间若该证券发生除息、 送股 （转增） 、 配股等重要权益变动， 则进行相应调整。 4）赎回对应的替代金额的处理程序 对于确认成功的 T 日赎回申请，T 日日终， 基金管理人根据所卖出的被替代 组合证券的实际单位卖出成本、 实际卖出的相关费用、 未卖出的被替代组合证券 的 T 日收盘价 （折算为人民币， 折算汇率采用当天的估值汇率； 被替代组合证券 T 日无交易的，取最近交易日的收盘价；交易日无收盘价的，取最后收盘价）计 算并确定被替代组合证券的单位结算成本， 在此基础上根据替代组合证券数量确 定赎回替代金额。T 日后的第三个港股通交易日后的两个工作日内， 基金管理人 将应支付的赎回现金替代款与相关申购赎回代理机构办理交收。 若发生特殊情况， 基金管理人可以对交收日期进行相应调整。 对于 T 日因港股通临时停市、 半日交易时长、 停牌或流动性不足等原因未购 入和未卖出的被替代的部分证券，T 日后基金管理人可以依次顺延至下一港股通 交易日继续进行被替代证券的买入和卖出， 按照前述原则确定基金应退还投资者 或投资者应补交的款项。 摩根恒生生物科技交易型开放式指数证券投资基金－招募说明书（更新） 如遇港股通临时停市等特殊情况， 组合证券的代理卖出,基金管理人编制的用以公告场内申购对价、 场内 赎回对价等信息的文件 48、 申购对价： 指投资者申购基金份额时， 按基金合同和招募说明书规定应 交付的现金替代、现金差额和其他对价 49、 赎回对价： 指基金份额持有人赎回基金份额时， 基金管理人按基金合同 和招募说明书规定应交付给该基金份额持有人的现金替代、 现金差额和其他对价 50、 标的指数： 指本基金跟踪的基准指数， 是由恒生指数有限公司编制并发 布的恒生生物科技指数 51、 完全复制法： 指一种构建跟踪指数的投资组合的方法。 通过购买标的指 数中的所有成份证券， 并且按照每种成份证券在标的指数中的权重确定购买的比 例，以达到复制指数的目的 52、最小申购、赎回单位：指本基金申购份额、赎回份额的最低数量，投资 者申购、赎回的基金份额应为最小申购、赎回单位的整数倍 53、组合证券：指本基金标的指数所包含的全部或部分证券 54、 现金替代： 指申购、 赎回过程中， 投资者按基金合同和招募说明书的规 定，用于替代组合证券中全部或部分证券的一定数量的现金 55、现金差额：指申购、赎回过程中，最小申购、赎回单位的资产净值与按 当日收盘价计算的最小申购、 赎回单位中的组合证券市值和现金替代之差； 投资 者申购、 赎回时应支付或应获得的现金差额根据最小申购、 赎回单位对应的现金 差额、申购或赎回的基金份额数计算 56、 预估现金差额： 指由基金管理人计算并在T 日申购赎回清单中公布的当 日现金差额预估值，预估现金差额由申购赎回代理券商预先冻结 57、 基金份额参考净值： 指基金管理人或其委托的机构根据申购,/Users/ellis/工具程序开发/港股通逐标的分析/临时数据/520760/520760_更新招募说明书_20260514.txt
81,513930,华泰柏瑞恒生生物科技ETF,华泰柏瑞恒生生物科技交易型开放式指数证券投资基金招募说明书,2026-02-04,关协议及其不时修订的有关规定。 本基金现金申购业务中的申购份额和现金替代采用实时逐笔全额结算（ Real Time Gross Settlement，以下简称 RTGS）模式处理；现金赎回业务中的现金替代采用代收代付处理；现金 华泰柏瑞恒生生物科技交易型开放式指数证券投资基金 招募说明书 36 申购、赎回业务涉及的现金差额和现金替代退补款采用代收代付处理。 投资者 T 日现金申购后，如交易记录已勾单且申购资金足额的，登记机构在 T 日日间实时 办理基金份额及现金替代的交收；T 日日间未进行勾单确认或日间资金不足的，登记机构在 T 日日终根据资金是否足额办理基金份额及现金替代的清算交收，并将结果发送给基金管理人、 申购赎回代理券商和基金托管人。登记机构在 T+1 日办理现金差额的清,,申购替代金额的处理程序 对于确认成功的 T 日申购申请，在 T 日（指上海证券交易所与香港交易所的共同交易日） 内，基金管理人以收到的申购替代金额代投资者买入被替代证券。基金管理人有权在T 日（指 上海证券交易所与香港交易所的共同交易日）内任意时刻以收到的申购替代金额代投资者买入 小于等于被替代证券数量的任意数量的被替代证券。基金管理人有权根据基金投资的需要自主 决定不买入部分被替代证券，或者不进行任何买入证券的操作。 在 T 日 （指上海证券交易所与香港交易所的共同交易日） 日终， 基金管理人已买入的证券， 依据申购的替代金额与被替代证券的实际买入成本（包括买入价格与相关交易费用）的差额， 确定基金应退还投资者或投资者应补交的款项；未买入的证券，依据申购的替代金额与被替代 证券 T 日（指上海证券交易所与香港交易所的共同交易日）收盘价（需用汇率公允价折算为人 民币， 当日在证券交易所无交易的， 取最近交易日的收盘价， 当日无收盘价的， 取最后成交价） 的差额，确定基金应退还投资者或投资者应补交的款项。 华泰柏瑞恒生生物科技交易型开放式指数证券投资基金 招募说明书 39 在此期间若该部分证券发生除息、 送股 （转增） 、 配股等重要权益变动， 则进行相应调整。 正常情况下，T 日后的第 2 个港股通交收日后的第 2 个工作日内，基金管理人将应退款或补款 与相关申购赎回代理机构办理交收。若发生特殊情况，基金管理人可以对交收日期进行相应调 整。 如遇港股通临时停市、港股通交易每日额度或总额度不足等特殊情况，组合证券的代理买 入及结算价格可依次顺延至下一港股通交易日直至交易正常。如遇证券长期停牌、流动性不足 等可能导致收盘价或最后成交价不公允的特殊情况，可参照证券的估值价格，对结算价格进行 调整，如果基金管理人认为该证券复牌后的价格可能存在较大波动，且可能对基金资产净值产 生较大影响，为了更好的维护持有人利益，该证券对应的现金替代款的清算交收可在其复牌后 按照实际交易成本办理。在此期间若该证券发生除息、送股（转增） 、配股等重要权益变动，则 进行相应调整。 上述汇率目前采用汇率公允价。 汇率公允价包括中国人民银行或其授权机构最新公布的人 民币汇率中间价、中国外汇交易中心公布的人民币对主要货币参考汇率、与基金托管人商定的 其他公允价格（如：中国人民银行或国家外汇管理局或中国外汇交易中心正式对外发文后公布 的人民币兑主要外汇当日收盘价）等。 ④赎回替代金额的处理程序 对于确认成功的 T 日赎回申请，在 T 日（指上海证券交易所与香港交易所的共同交易日） 内，基金管理人根据赎回申请代投资者卖出被替代证券。基金管理人有权在T 日（指上海证券 交易所与香港交易所的共同交易日）内任意时刻代投资者卖出小于等于被替代证券数量的任意 数量的被替代证券。基金管理人有权根据基金投资的需,替代金额的处理程序 对于确认成功的 T 日申购申请，在 T 日（指上海证券交易所与香港交易所的共同交易日） 内，基金管理人以收到的申购替代金额代投资者买入被替代证券。基金管理人有权在T 日（指 上海证券交易所与香港交易所的共同交易日）内任意时刻以收到的申购替代金额代投资者买入 小于等于被替代证券数量的任意数量的被替代证券。基金管理人有权根据基金投资的需要自主 决定不买入部分被替代证券，或者不进行任何买入证券的操作。 在 T 日 （指上海证券交易所与香港交易所的共同交易日） 日终， 基金管理人已买入的证券， 依据申购的替代金额与被替代证券的实际买入成本（包括买入价格与相关交易费用）的差额， 确定基金应退还投资者或投资者应补交的款项；未买入的证券，依据申购的替代金额与被替代 证券 T 日（指上海证券交易所与香港交易所的共同交易日）收盘价（需用汇率公允价折算为人 民币， 当日在证券交易所无交易的， 取最近交易日的收盘价， 当日无收盘价的， 取最后成交价） 的差额，确定基金应退还投资者或投资者应补交的款项。 华泰柏瑞恒生生物科技交易型开放式指数证券投资基金 招募说明书 39 在此期间若该部分证券发生除息、 送股 （转增） 、 配股等重要权益变动， 则进行相应调整。 正常情况下，T 日后的第 2 个港股通交收日后的第 2 个工作日内，基金管理人将应退款或补款 与相关申购赎回代理机构办理交收。若发生特殊情况，基金管理人可以对交收日期进行相应调 整。 如遇港股通临时停市、港股通交易每日额度或总额度不足等特殊情况，组合证券的代理买 入及结算价格可依次顺延至下一港股通交易日直至交易正常。如遇证券长期停牌、流动性不足 等可能导致收盘价或最后成交价不公允的特殊情况，可参照证券的估值价格，对结算价格进行 调整，如果基金管理人认为该证券复牌后的价格可能存在较大波动，且可能对基金资产净值产 生较大影响，为了更好的维护持有人利益，该证券对应的现金替代款的清算交收可在其复牌后 按照实际交易成本办理。在此期间若该证券发生除息、送股（转增） 、配股等重要权益变动，则 进行相应调整。 上述汇率目前采用汇率公允价。 汇率公允价包括中国人民银行或其授权机构最新公布的人 民币汇率中间价、中国外汇交易中心公布的人民币对主要货币参考汇率、与基金托管人商定的 其他公允价格（如：中国人民银行或国家外汇管理局或中国外汇交易中心正式对外发文后公布 的人民币兑主要外汇当日收盘价）等。 ④赎回替代金额的处理程序 对于确认成功的 T 日赎回申请，在 T 日（指上海证券交易所与香港交易所的共同交易日） 内，基金管理人根据赎回申请代投资者卖出被替代证券。基金管理人有权在T 日（指上海证券 交易所与香港交易所的共同交易日）内任意时刻代投资者卖出小于等于被替代证券数量的任意 数量的被替代证券。基金管理人有权根据基金投资的需要自,、赎回对价等信息的文件 47、组合证券：指标的指数所包含的全部或部分证券 48、申购对价：指投资者申购基金份额时，按基金合同和招募说明书规定应交付的现金替 代、现金差额及其他对价 49、赎回对价：指投资者赎回基金份额时，基金管理人按基金合同和招募说明书规定应交 付给赎回人的现金替代、现金差额及其他对价 50、标的指数：指恒生指数有限公司编制并发布的恒生生物科技指数及其未来可能发生的 变更 华泰柏瑞恒生生物科技交易型开放式指数证券投资基金 招募说明书 10 51、完全复制法：指一种跟踪指数的方法。通过购买标的指数中的所有成份证券，并且按 照每种成份证券在标的指数中的权重确定购买的比例以构建指数组合，达到复制指数的目的 52、现金替代：指申购、赎回过程中，投资者按基金合同和招募说明书的规定，用于替代 组合证券中全部或部分证券的一定数量的现金 53、现金差额：指最小申购、赎回单位的资产净值与按当日收盘价计算的最小申购、赎回 单位中的组合证券市值和现金替代之差；投资者申购、赎回时应支付或应获得的现金差额根据 最小申购、赎回单位对应的现金差额、申购或赎回的基金份额数计算 54、预估现金部分：指由基金管理人计算并在 T 日申购赎回清单中公布的当日现金差额预 估值，预估现金部分由申购赎回代理券商预先冻结 55、基金份额参考净值：指基金管理人或者基金管理人委托的指数服务机构根据申购赎回 清单和组合证券内各只证券的实时成交数据和汇率数据计算并由上海证券交易所在交易时间内 发布的基金份额参考净值，简称 IOPV 56、最小申购、赎回单位：指申购份额、赎回份额的最低数,/Users/ellis/工具程序开发/港股通逐标的分析/临时数据/513930/513930_招募说明书_20260204.txt
82,526050,招商中证港股通信息技术综合ETF,招商中证港股通信息技术综合交易型开放式指数证券投资基金招募说明书,2026-04-02,额的交收适用《业务规则》和参与各 方相关协议的有关规定。 本基金申购业务采用实时逐笔全额结算（Real Time Gross Settlement ，以下简称 RTGS）模 式；赎回业务涉及的现金替代可采用代收代付处理；申购、赎回业务涉及的现金差额和现金替代退 补款可采用代收代付处理。 招商中证港股通信息技术综合交易型开放式指数证券投资基金招募说明书 33 投资者T 日现金申购后，如交易记录已勾单且申购资金足额的，登记机构在T 日日间实时办理 基金份额及现金替代的交收；T 日日间未进行勾单确认或日间资金不足的，登记机构在T 日日终根 据资金是否足额办理基金份额及现金替代的清算交收，并将结果发送给基金管理人、申购赎回代理 机构和基金托管人。登记机构在T+1 日内办理现金差额的清算，,,申购现金替代保证金的处理程序 正常情况下，对于确认成功的 T 日申购申请，T 日（指上海证券交易所和香港交易所的共同交 易日）内基金管理人根据申购规模进行组合证券的代理买入。T 日（指上海证券交易所和香港交易 所的共同交易日）日终，基金管理人根据所购入的被替代证券的实际单位购入成本（包括买入价格 与相关费用）和未买入的被替代证券的T 日（指上海证券交易所和香港交易所的共同交易日）收盘 价 （折算为人民币， 折算汇率采用当天汇率；T 日在证券交易所无交易的， 取最近交易日的收盘价； 交易日无收盘价的，取最后成交价）计算被替代证券的单位结算成本，在此基础上根据替代证券数 量和申购现金替代保证金确定基金应退还投资者或投资者应补交的款项。T 日后的3 个工作日内（指 上海证券交易所和香港交易所的共同交易日 ），基金管理人将应退款或补款与相关申购赎回代理机 构办理交收。若发生特殊情况，基金管理人可以对交收日期进行相应调整。 如遇港股通临时停市、港股通交易每日额度或总额度不足等特殊情况，组合证券的代理买入及 结算价格可依次顺延至下一港股通交易日直至交易正常。如遇证券长期停牌、流动性不足等可能导 致收盘价或最后成交价不公允的特殊情况，可参照证券的估值价格，对结算价格进行调整，如果基 金管理人认为该证券复牌后的价格可能存在较大波动，且可能对基金资产净值产生较大影响，为了 更好的维护持有人利益， 该证券对应的现金替代款的清算交收可在其复牌后按照实际交易成本办理。 在此期间若该证券发生除息、送股（转增） 、配股等重要权益变动，则进行相应调整。 4）赎回替代金额的处理程序 正常情况下，对于确认成功的 T 日赎回申请，T 日（指上海证券交易所和香港交易所的共同交 易日）内，基金管理人根据赎回规模进行组合证券的代理卖出。T 日（指上海证券交易所和香港交 易所的共同交易日）日终，基金管理人根据所卖出的被替代证券的实际单位卖出金额（扣除相关费 用）和未卖出的被替代证券的 T 日收盘价（折算为人民币，折算汇率采用当天汇率；被替代证券T 日（指上海证券交易所和香港交易所的共同交易日）在证券交易所无交易的，取最近交易日的收盘 价；交易日无收盘价的，取最后成交价）计算被替代证券的单位结算金额，在此基础上根据替代证 券数量确定赎回替代金额。 T 日后的第 2 个港股通交收日后的 2 个工作日内，基金管理人将应支付的赎回替代金额与相关 申购赎回代理机构办理交收。若发生特殊情况，基金管理人可以对交收日期进行相应调整。 如遇港股通临时停市等特殊情况，组合证券的代理卖出及结算价格可依次顺延至下一港股通交 易日直至交易正常。如遇证券长期停牌、流动性不足等可能导致收盘价或最后成交价不公允的特殊 招商中证港股通信息技术综合交易型开放式指数证券投资基金招募说明书 36 情况，可参照证券的估值价格，对结算价格进行调,赎回替代金额的处理程序 正常情况下，对于确认成功的 T 日赎回申请，T 日（指上海证券交易所和香港交易所的共同交 易日）内，基金管理人根据赎回规模进行组合证券的代理卖出。T 日（指上海证券交易所和香港交 易所的共同交易日）日终，基金管理人根据所卖出的被替代证券的实际单位卖出金额（扣除相关费 用）和未卖出的被替代证券的 T 日收盘价（折算为人民币，折算汇率采用当天汇率；被替代证券T 日（指上海证券交易所和香港交易所的共同交易日）在证券交易所无交易的，取最近交易日的收盘 价；交易日无收盘价的，取最后成交价）计算被替代证券的单位结算金额，在此基础上根据替代证 券数量确定赎回替代金额。 T 日后的第 2 个港股通交收日后的 2 个工作日内，基金管理人将应支付的赎回替代金额与相关 申购赎回代理机构办理交收。若发生特殊情况，基金管理人可以对交收日期进行相应调整。 如遇港股通临时停市等特殊情况，组合证券的代理卖出及结算价格可依次顺延至下一港股通交 易日直至交易正常。如遇证券长期停牌、流动性不足等可能导致收盘价或最后成交价不公允的特殊 招商中证港股通信息技术综合交易型开放式指数证券投资基金招募说明书 36 情况，可参照证券的估值价格，对结算价格进行调整，如果基金管理人认为该证券复牌后的价格可 能存在较大波动，且可能对基金资产净值产生较大影响，为了更好的维护持有人利益，该证券对应 的现金替代款的清算交收可在其复牌后按照实际交易成本办理。在此期间若该证券发生除息、送股 （转增） 、配股等重要权益变动，则进行相应调整。 5） 未来如港股通的交易、 结算规则发生改变， 或上海证券交易所、 登记机构ETF 申购赎回交易 结算规则发生改变，或基金管理人与基金托管人之间的结算相关安排发生改变，基金管理人可对可 以现金替代处理规则进行调整，并按规定公告。 （3）必须现金替代 1） 适用情形： 必须现金替代的证券一般是由于标的指数调整， 即将被剔除的成份证券，或处于 停牌的成份证券，或法律法规限制投资的成份证券；或基金管理人出于保护基金份额持有人利益等 原因认为有必要实行必须现金替代的成份证券。 2） 替代金额： 对于必须现金替代的证券， 基金管理人将在申购赎回清单中公告替代的一定数量 的现金， 即 “固定替代金额” 。 固定替代金额的计算方法为申购赎回清单中该证券的数量乘以其T 日 预计开盘价并按照T-1 日估值汇率换算或基金管理人认为合理的其他方法。如果 T-1 日至T 日期间 存在其他证券交易所交易日为非申赎开放日， 则基金管理人可对 “T 日预计开盘价” 、 “T-1 日估值汇 率”进行调整。 4、预估现金部分相关内容 预估现金部分是指为便于计算基金份额参考净值及申购赎回代理机构预先冻结申请申购、赎回 的投资者的相应资金，由基金管理人计算的现金数额。 T 日申购赎回清单中公告T 日预,申购赎回清单：指由基金管理人编制的用以公告申购对价、赎回对价等信息的文件 47、申购对价：指投资人申购基金份额时，按基金合同和招募说明书规定应交付的现金替代、 现金差额及其他对价 48、赎回对价：指基金份额持有人赎回基金份额时，基金管理人按基金合同和招募说明书规定 应交付给赎回人的现金替代、现金差额及其他对价 49、标的指数：指中证指数有限公司编制并发布的中证港股通信息技术综合指数 50、组合证券：指本基金标的指数所包含的全部或部分证券 51、最小申购赎回单位：指本基金申购、赎回份额的最低数量，投资人申购、赎回的基金份额 应为最小申购赎回单位的整数倍 52、现金替代：指申购、赎回过程中，投资人按基金合同和招募说明书的规定，用于替代组合 证券中部分证券的一定数量的现金 53、现金差额：指最小申购赎回单位的资产净值与按T 日收盘价计算的最小申购赎回单位中的 组合证券市值和现金替代之差；投资人申购或赎回时应支付或应获得的现金差额根据最小申购赎回 单位对应的现金差额、申购或赎回的基金份额计算 54、预估现金差额：指由基金管理人计算并在T 日申购赎回清单中公布的当日现金差额的预估 招商中证港股通信息技术综合交易型开放式指数证券投资基金招募说明书 8 值，预估现金差额由申购赎回代理机构预先冻结 55、基金份额参考净值：指基金管理人或基金管理人委托的机构在开市后根据申购赎回清单和 组合证券内各只证券的实时成交数据计算，并通过上海证券交易所发布的基金份额参考净值，简称 “IOPV” 56、基金份额折算：指基金管理人根据基金运作的需要，在基金资产净值不变的前提下，,/Users/ellis/工具程序开发/港股通逐标的分析/临时数据/526050/526050_招募说明书_20260402.txt
83,159569,景顺长城国证港股通红利低波动率ETF,景顺长城国证港股通红利低波动率交易型开放式指数证券投资基金2026年第1号更新招募说明书,2026-08-27,有人大会审议。 （八）根据本基金现行适用的清算交收和申赎处理规则，投资者当日申购的基金份额，清算交收完 成后方可卖出和赎回，即 T 日申购的基金份额且日间完成 RTGS（实时逐笔全额结算）交收的，T 日可 卖出和赎回，而 T 日申购的基金份额且日终完成逐笔全额非担保交收的，T+1 日方可卖出和赎回；T 日 竞价买入的基金份额，T 日可以卖出或赎回；T 日大宗买入的基金份额，T 日可以大宗卖出，T+1 日可以 竞价卖出或赎回。 （九）投资人在投资本基金前，请认真阅读本招募说明书，全面认识本基金产品的风险收益特征和 产品特性，充分考虑自身的风险承受能力，理性判断市场，对认购和/或申购基金的意愿、时机、数量等 投资行为作出独立决策，获得基金投资收益，亦承担基金投资中出现的各类风险。投资,买入或者不卖出部分被替代证券，或者不进行任 何买入或卖出证券的操作，基金管理人可能不买入或不卖出被替代证券的情形包括但不限于市场流动性 不足、技术系统无法实现、申购赎回轧差以及基金管理人认为不应该买入或卖出的其他情形。 （十六）本基金的标的指数为国证港股通红利低波动率指数。 标的指数相关信息请详见本招募说明书“二十五、标的指数的编制方案及指数信息查阅方式”。 投资者可通过国证指数官网（http://www.cnindex.com.cn）免费查阅指数相关信息。 （十七）基金管理人深知个人信息对投资者的重要性，致力于投资者个人信息的保护。基金管理人 承诺按照法律法规和相关监管要求的规定处理投资者的个人信息，包括通过基金管理人直销、销售机构 或场内经纪机构购买景顺长城基金管理有限公司旗下基金产品的所有个人投资者。基金管理人需处理的 机构投资者信息中可能涉及其法定代表人,申购替代金额的处理程序 对于确认成功的 T 日申购申请，基金管理人有权在 T 日内任意时刻以收到的申购替 代金额代投资者买入小于等于被替代组合证券数量的任意数量的被替代组合证券。 基金管 理人有权根据基金投资运作情况自主决定不买入部分被替代组合证券， 或者不进行任何买 入证券的操作。 T 日日终，基金管理人根据所购入的被替代组合证券的实际单位购入成本、实际购入 的相关费用、 未购入的被替代组合证券的T 日收盘价 （折算为人民币， 折算汇率采用当天 的估值汇率； 被替代组合证券T 日无交易的， 取最近交易日的收盘价； 交易日无收盘价的， 取最后收盘价） 计算并确定被替代组合证券的单位结算成本， 在此基础上根据替代组合证 券数量和申购现金替代保证金确定基金应退还投资人的款项或投资人应补交的款项。T 日 后的第 4 个港股通交收日后的 1 个工作日内， 基金管理人将应退款或补款与相关申购赎回 代理机构办理交收。若发生特殊情况，基金管理人可以对交收日期进行相应调整。 如遇港股通临时停市、 港股通交易每日额度或总额度不足等特殊情况， 组合证券的代 理买入及结算价格可依次顺延至下一港股通交易日直至交易正常。 如遇证券长期停牌、 流 动性不足等可能导致收盘价或最后成交价不公允的特殊情况， 可参照证券的估值价格， 对 结算成本进行调整。 如果基金管理人认为该证券复牌后的价格可能存在较大波动， 且可能 对基金资产净值产生较大影响， 为了更好的维护持有人利益， 该证券对应的现金替代款的 清算交收可在其复牌后按照实际交易成本或基金管理人认为合理的价格办理。 在此期间若 景顺长城国证港股通红利低波动率交易型开放式指数证券投资基金更新招募说明书 50 该证券发生除息、送股（转增） 、配股等重要权益变动，则进行相应调整。 ④赎回替代金额的处理程序 对于确认成功的 T 日赎回申请，基金管理人有权在 T 日内任意时刻代投资者卖出小 于等于被替代证券数量的任意数量的被替代证券。 基金管理人有权根据基金投资的需要自 主决定不卖出部分被替代组合证券，或者不进行任何卖出证券的操作。正常情况下，对于 确认成功的 T 日赎回申请，T 日内基金管理人根据所卖出的被替代组合证券的实际单位卖 出成本、实际卖出的相关费用、未卖出的被替代组合证券的 T 日收盘价（折算为人民币， 折算汇率采用当天的估值汇率；被替代组合证券 T 日无交易的，取最近交易日的收盘价； 交易日无收盘价的，取最后收盘价）计算并确定被替代组合证券的单位结算成本，在此基 础上根据替代组合证券数量确定赎回替代金额。T 日后的第 4 个港股通交收日后的 1 个工 作日内， 基金管理人将应支付的赎回现金替代款与相关申购赎回代理机构办理交收。 若发 生特殊情况，基金管理人可以对交收日期进行相应调整。 如遇港股通临时停市等特殊情况， 组合证券的代理卖出,替代金额的处理程序 对于确认成功的 T 日申购申请，基金管理人有权在 T 日内任意时刻以收到的申购替 代金额代投资者买入小于等于被替代组合证券数量的任意数量的被替代组合证券。 基金管 理人有权根据基金投资运作情况自主决定不买入部分被替代组合证券， 或者不进行任何买 入证券的操作。 T 日日终，基金管理人根据所购入的被替代组合证券的实际单位购入成本、实际购入 的相关费用、 未购入的被替代组合证券的T 日收盘价 （折算为人民币， 折算汇率采用当天 的估值汇率； 被替代组合证券T 日无交易的， 取最近交易日的收盘价； 交易日无收盘价的， 取最后收盘价） 计算并确定被替代组合证券的单位结算成本， 在此基础上根据替代组合证 券数量和申购现金替代保证金确定基金应退还投资人的款项或投资人应补交的款项。T 日 后的第 4 个港股通交收日后的 1 个工作日内， 基金管理人将应退款或补款与相关申购赎回 代理机构办理交收。若发生特殊情况，基金管理人可以对交收日期进行相应调整。 如遇港股通临时停市、 港股通交易每日额度或总额度不足等特殊情况， 组合证券的代 理买入及结算价格可依次顺延至下一港股通交易日直至交易正常。 如遇证券长期停牌、 流 动性不足等可能导致收盘价或最后成交价不公允的特殊情况， 可参照证券的估值价格， 对 结算成本进行调整。 如果基金管理人认为该证券复牌后的价格可能存在较大波动， 且可能 对基金资产净值产生较大影响， 为了更好的维护持有人利益， 该证券对应的现金替代款的 清算交收可在其复牌后按照实际交易成本或基金管理人认为合理的价格办理。 在此期间若 景顺长城国证港股通红利低波动率交易型开放式指数证券投资基金更新招募说明书 50 该证券发生除息、送股（转增） 、配股等重要权益变动，则进行相应调整。 ④赎回替代金额的处理程序 对于确认成功的 T 日赎回申请，基金管理人有权在 T 日内任意时刻代投资者卖出小 于等于被替代证券数量的任意数量的被替代证券。 基金管理人有权根据基金投资的需要自 主决定不卖出部分被替代组合证券，或者不进行任何卖出证券的操作。正常情况下，对于 确认成功的 T 日赎回申请，T 日内基金管理人根据所卖出的被替代组合证券的实际单位卖 出成本、实际卖出的相关费用、未卖出的被替代组合证券的 T 日收盘价（折算为人民币， 折算汇率采用当天的估值汇率；被替代组合证券 T 日无交易的，取最近交易日的收盘价； 交易日无收盘价的，取最后收盘价）计算并确定被替代组合证券的单位结算成本，在此基 础上根据替代组合证券数量确定赎回替代金额。T 日后的第 4 个港股通交收日后的 1 个工 作日内， 基金管理人将应支付的赎回现金替代款与相关申购赎回代理机构办理交收。 若发 生特殊情况，基金管理人可以对交收日期进行相应调整。 如遇港股通临时停市等特殊情况， 组合证券的代理卖出及结,的基金份额享受基金收益，同时承担相应的投资风险。基金合同生效后，本基金的申购、赎回采用全现 金替代、基金管理人代买代卖的模式，申购对价、赎回对价包括现金替代、现金差额及其他对价。若深 圳证券交易所和中国证券登记结算有限责任公司针对跨境交易型开放式指数证 券投资基金修改现有的清 算交收与登记模式、推出新的清算交收与登记模式并引入新的申购、赎回方式，本基金管理人有权调整 本基金的清算交收与登记模式及申购、 赎回方式， 或新增本基金的清算交收与登记模式并引入新的申购、 赎回方式，届时将发布公告予以披露并对本基金的基金合同和招募说明书及其更新中予以更新，无须召 开基金份额持有人大会审议。 （八）根据本基金现行适用的清算交收和申赎处理规则，投资者当日申购的基金份额，清算交收完 成后方可卖出和赎回，即 T 日申购的基金份额且日间完成 RTGS（实时逐笔全额结算）交收的，T 日可 卖出和赎回，而 T 日申购的基金份额且日终完成逐笔全额非担保交收的，T+1 日方可卖出和赎回；T 日 竞价买入的基金份额，T 日可以卖出或赎回；T 日大宗买入的基金份额，T 日可以大宗卖出，T+1 日可以 竞价卖出或赎回。 （九）投资人在投资本基金前，请认真阅读本招募说明书，全面认识本基金产品的风险收益特征和 产品特性，充分考虑自身的风险承受能力，理性判断市场，对认购和/或申购基金的意愿、时机、数量等 投资行为作出独立决策，获得基金投资收益，亦承担基金投资中出现的各类风险。投资本基金可能遇到 的风险包括但不限于：本基金的特有风险、市场风险、流动性风险、管理风险、信用风险、操作风险、,/Users/ellis/工具程序开发/港股通逐标的分析/临时数据/159569/159569_更新招募说明书_20260827.txt
84,520950,摩根恒生港股通50ETF,摩根恒生港股通50交易型开放式指数证券投资基金招募说明书(更新),2026-05-14,招募书未直接出现 RTGS；按适用的交易所/中国结算跨境 ETF 规则，日间 RTGS 交收，按项目口径 PASS,,申购替代金额的处理程序 基金管理人可以根据市场情况和实际需要确定和调整现金替代溢价比例， 具 体的现金替代溢价比例以申购赎回清单公告为准。 摩根恒生港股通 50 交易型开放式指数证券投资基金－招募说明书（更新） 对于确认成功的 T 日申购申请，T 日内基金管理人根据申购规模进行组合证 券的代理买入。T 日日终， 基金管理人根据所购入的被替代组合证券的实际单位 购入成本、 实际购入的相关费用、 未购入的被替代组合证券的T 日收盘价 （折算 为人民币， 折算汇率采用当天的估值汇率； 被替代组合证券T 日无交易的， 取最 近交易日的收盘价； 交易日无收盘价的， 取最后收盘价） 计算并确定被替代组合 证券的单位结算成本， 在此基础上根据替代组合证券数量和申购现金替代保证金 确定基金应退还投资人的款项或投资人应补交的款项。T 日后的第二个港股通交 易日后的两个工作日内， 基金管理人将应退款或补款与相关申购赎回代理机构办 理交收。若发生特殊情况，基金管理人可以对交收日期进行相应调整。 如遇港股通临时停市、 港股通交易每日额度或总额度不足等特殊情况， 组合 证券的代理买入及结算价格可依次顺延至下一港股通交易日直至交易正常。 如遇 证券长期停牌、流动性不足等可能导致收盘价或最后成交价不公允的特殊情况， 可参照证券的估值价格， 对结算成本进行调整。 如果基金管理人认为该证券复牌 后的价格可能存在较大波动， 且可能对基金资产净值产生较大影响， 为了更好的 维护持有人利益， 该证券对应的现金替代款的清算交收可在其复牌后按照实际交 易成本办理。 在此期间若该证券发生除息、 送股 （转增） 、 配股等重要权益变动， 则进行相应调整。 4）赎回对应的替代金额的处理程序 对于确认成功的 T 日赎回申请，T 日日终， 基金管理人根据所卖出的被替代 组合证券的实际单位卖出成本、 实际卖出的相关费用、 未卖出的被替代组合证券 的 T 日收盘价 （折算为人民币， 折算汇率采用当天的估值汇率； 被替代组合证券 T 日无交易的，取最近交易日的收盘价；交易日无收盘价的，取最后收盘价）计 算并确定被替代组合证券的单位结算成本， 在此基础上根据替代组合证券数量确 定赎回替代金额。T 日后的第三个港股通交易日后的两个工作日内， 基金管理人 将应支付的赎回现金替代款与相关申购赎回代理机构办理交收。 若发生特殊情况， 基金管理人可以对交收日期进行相应调整。 对于 T 日因港股通临时停市、 半日交易时长、 停牌或流动性不足等原因未购 入和未卖出的被替代的部分证券，T 日后基金管理人可以依次顺延至下一港股通 交易日继续进行被替代证券的买入和卖出， 按照前述原则确定基金应退还投资者 摩根恒生港股通 50 交易型开放式指数证券投资基金－招募说明书（更新） 或投资者应补交的款项。 如遇港股通临时停市等特殊情况， 组合证券,替代金额的处理程序 基金管理人可以根据市场情况和实际需要确定和调整现金替代溢价比例， 具 体的现金替代溢价比例以申购赎回清单公告为准。 摩根恒生港股通 50 交易型开放式指数证券投资基金－招募说明书（更新） 对于确认成功的 T 日申购申请，T 日内基金管理人根据申购规模进行组合证 券的代理买入。T 日日终， 基金管理人根据所购入的被替代组合证券的实际单位 购入成本、 实际购入的相关费用、 未购入的被替代组合证券的T 日收盘价 （折算 为人民币， 折算汇率采用当天的估值汇率； 被替代组合证券T 日无交易的， 取最 近交易日的收盘价； 交易日无收盘价的， 取最后收盘价） 计算并确定被替代组合 证券的单位结算成本， 在此基础上根据替代组合证券数量和申购现金替代保证金 确定基金应退还投资人的款项或投资人应补交的款项。T 日后的第二个港股通交 易日后的两个工作日内， 基金管理人将应退款或补款与相关申购赎回代理机构办 理交收。若发生特殊情况，基金管理人可以对交收日期进行相应调整。 如遇港股通临时停市、 港股通交易每日额度或总额度不足等特殊情况， 组合 证券的代理买入及结算价格可依次顺延至下一港股通交易日直至交易正常。 如遇 证券长期停牌、流动性不足等可能导致收盘价或最后成交价不公允的特殊情况， 可参照证券的估值价格， 对结算成本进行调整。 如果基金管理人认为该证券复牌 后的价格可能存在较大波动， 且可能对基金资产净值产生较大影响， 为了更好的 维护持有人利益， 该证券对应的现金替代款的清算交收可在其复牌后按照实际交 易成本办理。 在此期间若该证券发生除息、 送股 （转增） 、 配股等重要权益变动， 则进行相应调整。 4）赎回对应的替代金额的处理程序 对于确认成功的 T 日赎回申请，T 日日终， 基金管理人根据所卖出的被替代 组合证券的实际单位卖出成本、 实际卖出的相关费用、 未卖出的被替代组合证券 的 T 日收盘价 （折算为人民币， 折算汇率采用当天的估值汇率； 被替代组合证券 T 日无交易的，取最近交易日的收盘价；交易日无收盘价的，取最后收盘价）计 算并确定被替代组合证券的单位结算成本， 在此基础上根据替代组合证券数量确 定赎回替代金额。T 日后的第三个港股通交易日后的两个工作日内， 基金管理人 将应支付的赎回现金替代款与相关申购赎回代理机构办理交收。 若发生特殊情况， 基金管理人可以对交收日期进行相应调整。 对于 T 日因港股通临时停市、 半日交易时长、 停牌或流动性不足等原因未购 入和未卖出的被替代的部分证券，T 日后基金管理人可以依次顺延至下一港股通 交易日继续进行被替代证券的买入和卖出， 按照前述原则确定基金应退还投资者 摩根恒生港股通 50 交易型开放式指数证券投资基金－招募说明书（更新） 或投资者应补交的款项。 如遇港股通临时停市等特殊情况， 组合证券的代,基金管理人编制的用以公告场内申购对价、 场内 赎回对价等信息的文件 48、 申购对价： 指投资者申购基金份额时， 按基金合同和招募说明书规定应 交付的现金替代、现金差额和其他对价 49、 赎回对价： 指基金份额持有人赎回基金份额时， 基金管理人按基金合同 和招募说明书规定应交付给该基金份额持有人的现金替代、 现金差额和其他对价 50、 标的指数： 指本基金跟踪的基准指数， 是由恒生指数有限公司编制并发 布的恒生港股通 50 指数 51、 完全复制法： 指一种构建跟踪指数的投资组合的方法。 通过购买标的指 数中的所有成份证券， 并且按照每种成份证券在标的指数中的权重确定购买的比 例，以达到复制指数的目的 52、最小申购、赎回单位：指本基金申购份额、赎回份额的最低数量，投资 者申购、赎回的基金份额应为最小申购、赎回单位的整数倍 53、组合证券：指本基金标的指数所包含的全部或部分证券 54、 现金替代： 指申购、 赎回过程中， 投资者按基金合同和招募说明书的规 定，用于替代组合证券中全部或部分证券的一定数量的现金 55、现金差额：指申购、赎回过程中，最小申购、赎回单位的资产净值与按 当日收盘价计算的最小申购、 赎回单位中的组合证券市值和现金替代之差； 投资 者申购、 赎回时应支付或应获得的现金差额根据最小申购、 赎回单位对应的现金 差额、申购或赎回的基金份额数计算 56、 预估现金差额： 指由基金管理人计算并在T 日申购赎回清单中公布的当 日现金差额预估值，预估现金差额由申购赎回代理券商预先冻结 57、 基金份额参考净值： 指基金管理人或其委托的机构根,/Users/ellis/工具程序开发/港股通逐标的分析/临时数据/520950/520950_更新招募说明书_20260514.txt
85,513820,汇添富中证港股通高股息投资ETF,汇添富中证港股通高股息投资交易型开放式指数证券投资基金更新招募说明书(2026年4月17日更新),2026-04-17,金差额及其他对价的 清算交收适用上海证券交易所、 中国证券登记结算有限责任公司发布的相关业务 规则和参与各方相关协议及其不时修订的有关规定。 本基金申购业务采用实时逐笔全额结算（Real Time Gross Settlement）模式； 汇添富中证港股通高股息投资交易型开放式指数证券投资基金 更新招募说明书 40 赎回业务涉及的现金替代采用代收代付处理；申购、赎回业务涉及的现金差额和 现金替代退补款采用代收代付处理。 投资者T日申购成功后，如交易记录已勾单且申购资金足额的，登记机构在 T日日间实时办理基金份额及现金替代的交收；T日日间未进行勾单确认或日间 资金不足的， 登记机构在T日日终根据资金是否足额办理基金份额及现金替代的 清算交收，并将结果发送给基金管理人、申购赎回代理券商和,顺延， 款项交收的日期也顺延。如遇证券长期停牌、流动性不足等可能导致收盘价或最 后成交价不公允的特殊情况，可参照证券的估值价格，对结算价格进行调整，如 果基金管理人认为该证券复牌后的价格可能存在较大波动， 且可能对基金资产净 值产生较大影响，为了更好的维护基金份额持有人利益，该证券对应的现金替代 款的清算交收可在其复牌后按照实际交易成本办理。 在此期间若该证券发生除息、 送股（转增） 、配股等重要权益变动，则进行相应调整。 6）在系统支持的情况下，对于 T 日的申购赎回申请，基金管理人有权进行 轧差处理，针对净申购，购入净申购份额对应的组合证券中被替代的成份证券， 针对净赎回，卖出净赎回份额对应的组合证券中被替代的成份证券，基金管理人 有权购入或者卖出不等于轧差处理后的上述被替代的成份证券的任意数量。 7）基金管理人可以根据具体情况，调整上述申购、赎回替代金额的处理程 序、规则等，并在招募说明书更新及其他公告中披露。 （2）必须现金替代 ①适用情形：必须现金替代的证券一般是由于标的指数调整，即将被剔除的 成份证券；或处于停牌的成份证券；或因法律法规限制投资的成份证券；或基金 管理人出于保护基金份额持有人利益等原因认为有必要实行必须现金替代的成 份证券。 ②替代金额：对于必须现金替代的证券，基金管理人将在申购赎回清单中公 告替代的一定数量的现金，即“固定替代金额”。固定替代金额的计算方法为申 购赎回清单中该证券的数量乘以其调整后T日开盘参考价 （使用T-1日估值汇率 调整） 。 4、预估现金部分相关内容 预估现金部分是指， 为便于计算基金份额参考净值及申购赎回代理券商预先 汇添富中证港股通高股息投资交易型开放式指数证券投资基金 更新招募说明书 45 冻结申请申购、赎回的投资人的相应,申购替代金额的处理程序 在T日（指港股通交易日） 内，基金管理人以收到的替代金额代投资者买入 被替代证券。基金管理人有权在T日（指港股通交易日） 内任意时刻以收到的替 代金额代投资者买入小于等于被替代证券数量的任意数量的被替代证券。 基金管 理人有权根据基金投资的需要自主决定不买入部分被替代证券， 或者不进行任何 买入证券的操作。T日（指港股通交易日） 日终，基金管理人根据所购入的被替 代证券的实际单位购入成本（包括买入价格与相关费用） 和未买入的被替代证券 的T日（指港股通交易日）收盘价（折算为人民币；T日（指港股通交易日）在 证券交易所无交易的，取最近交易日的收盘价；交易日无收盘价的，取最后成交 价） 计算被替代证券的单位结算成本，在此基础上根据替代证券数量和申购现金 替代保证金确定基金应退还投资者或投资者应补交的款项。T日（指港股通交易 日） 后的第3个港股通交收日后的2个工作日内，基金管理人将应退款或补款与 相关申购赎回代理券商办理交收。在此期间若该证券发生除息、送股（转增） 、 配股等重要权益变动，则进行相应调整。出现半日港股通交易日、因为风球等因 素引发临时停市或港股通每日额度不足等特殊情况时， 计算并确定被替代证券的 单位结算成本的时间将顺延，款项交收的日期也顺延。如遇证券长期停牌、流动 性不足等可能导致收盘价或最后成交价不公允的特殊情况， 可参照证券的估值价 格，对结算价格进行调整，如果基金管理人认为该证券复牌后的价格可能存在较 大波动，且可能对基金资产净值产生较大影响，为了更好的维护基金份额持有人 利益， 该证券对应的现金替代款的清算交收可在其复牌后按照实际交易成本办理。 在此期间若该证券发生除息、送股（转增） 、配股等重要权益变动，则进行相应 调整。 4）赎回替代金额的处理程序 在T日（指港股通交易日） 内，基金管理人以收到的替代金额代投资者卖出 被替代证券。基金管理人有权在T日（指港股通交易日） 内任意时刻代投资者卖 出小于等于被替代证券数量的任意数量的被替代证券。 基金管理人有权根据基金 投资的需要自主决定不卖出部分被替代证券，或者不进行任何卖出证券的操作。 T日（指港股通交易日） 日终，基金管理人根据所卖出的被替代证券的实际单位 卖出金额（扣除相关费用） 和未卖出的被替代证券的T日（指港股通交易日） 收 盘价（折算为人民币；被替代证券T日（指港股通交易日） 在证券交易所无交易 汇添富中证港股通高股息投资交易型开放式指数证券投资基金 更新招募说明书 44 的，取最近交易日的收盘价；交易日无收盘价的，取最后成交价） 计算被替代证 券的单位结算金额，在此基础上根据替代证券数量确定赎回替代金额。T日（指 港股通交易日） 后的第3个港股通交收日后的2个工作日内，基金管理人将应支 付的赎回替代金额与相关申购赎回代理机构办理交收。 在此期间若该证,替代金额的处理程序 在T日（指港股通交易日） 内，基金管理人以收到的替代金额代投资者买入 被替代证券。基金管理人有权在T日（指港股通交易日） 内任意时刻以收到的替 代金额代投资者买入小于等于被替代证券数量的任意数量的被替代证券。 基金管 理人有权根据基金投资的需要自主决定不买入部分被替代证券， 或者不进行任何 买入证券的操作。T日（指港股通交易日） 日终，基金管理人根据所购入的被替 代证券的实际单位购入成本（包括买入价格与相关费用） 和未买入的被替代证券 的T日（指港股通交易日）收盘价（折算为人民币；T日（指港股通交易日）在 证券交易所无交易的，取最近交易日的收盘价；交易日无收盘价的，取最后成交 价） 计算被替代证券的单位结算成本，在此基础上根据替代证券数量和申购现金 替代保证金确定基金应退还投资者或投资者应补交的款项。T日（指港股通交易 日） 后的第3个港股通交收日后的2个工作日内，基金管理人将应退款或补款与 相关申购赎回代理券商办理交收。在此期间若该证券发生除息、送股（转增） 、 配股等重要权益变动，则进行相应调整。出现半日港股通交易日、因为风球等因 素引发临时停市或港股通每日额度不足等特殊情况时， 计算并确定被替代证券的 单位结算成本的时间将顺延，款项交收的日期也顺延。如遇证券长期停牌、流动 性不足等可能导致收盘价或最后成交价不公允的特殊情况， 可参照证券的估值价 格，对结算价格进行调整，如果基金管理人认为该证券复牌后的价格可能存在较 大波动，且可能对基金资产净值产生较大影响，为了更好的维护基金份额持有人 利益， 该证券对应的现金替代款的清算交收可在其复牌后按照实际交易成本办理。 在此期间若该证券发生除息、送股（转增） 、配股等重要权益变动，则进行相应 调整。 4）赎回替代金额的处理程序 在T日（指港股通交易日） 内，基金管理人以收到的替代金额代投资者卖出 被替代证券。基金管理人有权在T日（指港股通交易日） 内任意时刻代投资者卖 出小于等于被替代证券数量的任意数量的被替代证券。 基金管理人有权根据基金 投资的需要自主决定不卖出部分被替代证券，或者不进行任何卖出证券的操作。 T日（指港股通交易日） 日终，基金管理人根据所卖出的被替代证券的实际单位 卖出金额（扣除相关费用） 和未卖出的被替代证券的T日（指港股通交易日） 收 盘价（折算为人民币；被替代证券T日（指港股通交易日） 在证券交易所无交易 汇添富中证港股通高股息投资交易型开放式指数证券投资基金 更新招募说明书 44 的，取最近交易日的收盘价；交易日无收盘价的，取最后成交价） 计算被替代证 券的单位结算金额，在此基础上根据替代证券数量确定赎回替代金额。T日（指 港股通交易日） 后的第3个港股通交收日后的2个工作日内，基金管理人将应支 付的赎回替代金额与相关申购赎回代理机构办理交收。 在此期间若该证券发,购赎回清单：指由基金管理人编制的用以公告申购对价、赎回对价等 信息的文件 50、申购对价：指投资者申购基金份额时，按基金合同和招募说明书规定应 交付的现金替代、现金差额及其他对价 51、赎回对价：指基金份额持有人赎回基金份额时，基金管理人按基金合同 和招募说明书规定应交付给赎回人的现金替代、现金差额及其他对价 52、组合证券：指本基金标的指数所包含的全部或部分证券 53、现金替代：指申购或赎回过程中，投资者按基金合同和招募说明书的规 定，用于替代组合证券中全部或部分证券的一定数量的现金 54、现金差额：指最小申购、赎回单位的资产净值与按当日收盘价计算的最 小申购、赎回单位中的组合证券市值和现金替代之差；投资者申购或赎回时应支 付或应获得的现金差额根据最小申购、赎回单位对应的现金差额、申购或赎回的 基金份额数计算 汇添富中证港股通高股息投资交易型开放式指数证券投资基金 更新招募说明书 6 55、预估现金部分：指由基金管理人估计并在T日申购赎回清单中公布的当 日现金差额的估计值，预估现金部分由申购赎回代理券商（代办证券公司） 预先 冻结 56、最小申购、赎回单位：指本基金申购份额、赎回份额的最低数量，投资 者申购、赎回的基金份额应为最小申购、赎回单位的整数倍 57、基金份额参考净值：指基金管理人或者基金管理人委托的机构在开市后 根据申购赎回清单、人民币汇率和组合证券内各只证券的实时成交数据计算，并 通过上海证券交易所发布的基金份额参考净值，简称IOPV 58、基金份额折算：指基金管理人根据基金运作的需要，在基金资产净值不 变的前提下，按照一定比例调整,/Users/ellis/工具程序开发/港股通逐标的分析/临时数据/513820/513820_更新招募说明书_20260417.txt
86,520880,华宝恒生港股通创新药精选ETF,华宝恒生港股通创新药精选交易型开放式指数证券投资基金招募说明书(更新),2025-11-19,投资者当日申购的基金份额， 清算交收完成后方可卖出和赎回。本 基金申购业务采用实时逐笔全额结算（Real Time Gross Settlement ，以下简称RTGS）模 式，投资者T日申购后， 如交易记录已勾单且申购资金足额的， 登记机构在T日日间实时办理 基金份额及现金替代的交收；T日日间未进行勾单确认或日间资金不足的， 登记机构在T日日 终根据资金是否足额办理基金份额及现金替代的清算交收。 在目前的业务规则下， 投资者投资本基金时需具有上海证券交易所A股账户或基金账户。 其中，上海证券交易所基金账户只能进行基金的现金认购和二级市场交易。 本基金可投资股指期货， 可能面临杠杆风险、 基差风险、 股指期货展期时的流动性风险、 期货盯市结算制度带来的现金管理风险、 到期日风险、,,替代金额的处理程序 基金管理人在T日以收到的替代金额代投资者买入被替代证券。基金管理人有权根据基 金投资的需要自主决定不买入部分被替代证券， 或者不进行任何买入被替代证券的操作。 对 于确认成功的T日申购申请，T+1日内基金管理人根据申购规模进行组合证券的代理买入， 通常情况下代理买入在T日完成。基金管理人根据所购入的被替代证券的实际单位购入成本 （包括买入价格与相关费用）和未买入的被替代证券的T日收盘价（折算为人民币，折算汇 率采用当天的估值汇率；T日在证券交易所无交易的，取最近交易日的收盘价；交易日无收 盘价的， 取最后成交价） 计算被替代证券的单位结算成本， 在此基础上根据替代证券数量和 申购现金替代保证金确定基金应退还投资者或投资者应补交的款项。 T日后的第2个港股通 交收日后的第1个工作日内，基金管理人将应退款或补款与相关申购赎回代理机构办 理交 收。若发生特殊情况，基金管理人可以对交收日期进行相应调整。 如遇港股通临时停市、 港股通交易每日额度或总额度不足等特殊情况， 组合证券的代理 买入及结算价格可依次顺延至下一港股通交易日直至交易正常。 如遇证券长期停牌、 流动性 不足等可能导致收盘价或最后成交价不公允的特殊情况， 可参照证券的估值价格， 对结算价 格进行调整， 如果基金管理人认为该证券复牌后的价格可能存在较大波动， 且可能对基金资 产净值产生较大影响， 为了更好的维护持有人利益， 该证券对应的现金替代款的清算交收可 在其复牌后按照实际交易成本办理。在此期间若该证券发生除息、送股（转增） 、配股等重 要权益变动，则进行相应调整。 基金管理人在T日根据赎回申请代投资者卖出被替代证券。基金管理人有权根据基金投 资的需要自主决定不卖出部分被替代证券， 或者不进行任何卖出被替代证券的操作。 对于确 认成功的T日赎回申请，T+1日内，基金管理人根据赎回规模进行组合证券的代理卖出。基 金管理人根据所卖出的被替代证券的实际单位卖出金额 （扣除相关费用） 和未卖出的被替代 证券的T日收盘价 （折算为人民币， 折算汇率采用当天的估值汇率； 被替代证券T日在证券交 华宝恒生港股通创新药精选交易型开放式指数证券投资基金招募说明书 37 易所无交易的， 取最近交易日的收盘价； 交易日无收盘价的， 取最后成交价） 计算被替代证 券的单位结算金额，在此基础上根据替代证券数量确定赎回替代金额。 T日后的第3个港股通交收日后的第1个工作日内，基金管理人将应支付的赎回替代金额 与相关申购赎回代理机构办理交收。 若发生特殊情况， 基金管理人可以对交收日期进行相应 调整。 如遇港股通临时停市、 港股通交易每日额度或总额度不足等特殊情况， 组合证券的代理 卖出及结算价格可依次顺延至下一港股通交易日直至交易正常。 如遇证券长期停牌、 流动性 不足等可能导致收盘价或最后成交价不公允的特,替代金额的处理程序 基金管理人在T日以收到的替代金额代投资者买入被替代证券。基金管理人有权根据基 金投资的需要自主决定不买入部分被替代证券， 或者不进行任何买入被替代证券的操作。 对 于确认成功的T日申购申请，T+1日内基金管理人根据申购规模进行组合证券的代理买入， 通常情况下代理买入在T日完成。基金管理人根据所购入的被替代证券的实际单位购入成本 （包括买入价格与相关费用）和未买入的被替代证券的T日收盘价（折算为人民币，折算汇 率采用当天的估值汇率；T日在证券交易所无交易的，取最近交易日的收盘价；交易日无收 盘价的， 取最后成交价） 计算被替代证券的单位结算成本， 在此基础上根据替代证券数量和 申购现金替代保证金确定基金应退还投资者或投资者应补交的款项。 T日后的第2个港股通 交收日后的第1个工作日内，基金管理人将应退款或补款与相关申购赎回代理机构办 理交 收。若发生特殊情况，基金管理人可以对交收日期进行相应调整。 如遇港股通临时停市、 港股通交易每日额度或总额度不足等特殊情况， 组合证券的代理 买入及结算价格可依次顺延至下一港股通交易日直至交易正常。 如遇证券长期停牌、 流动性 不足等可能导致收盘价或最后成交价不公允的特殊情况， 可参照证券的估值价格， 对结算价 格进行调整， 如果基金管理人认为该证券复牌后的价格可能存在较大波动， 且可能对基金资 产净值产生较大影响， 为了更好的维护持有人利益， 该证券对应的现金替代款的清算交收可 在其复牌后按照实际交易成本办理。在此期间若该证券发生除息、送股（转增） 、配股等重 要权益变动，则进行相应调整。 基金管理人在T日根据赎回申请代投资者卖出被替代证券。基金管理人有权根据基金投 资的需要自主决定不卖出部分被替代证券， 或者不进行任何卖出被替代证券的操作。 对于确 认成功的T日赎回申请，T+1日内，基金管理人根据赎回规模进行组合证券的代理卖出。基 金管理人根据所卖出的被替代证券的实际单位卖出金额 （扣除相关费用） 和未卖出的被替代 证券的T日收盘价 （折算为人民币， 折算汇率采用当天的估值汇率； 被替代证券T日在证券交 华宝恒生港股通创新药精选交易型开放式指数证券投资基金招募说明书 37 易所无交易的， 取最近交易日的收盘价； 交易日无收盘价的， 取最后成交价） 计算被替代证 券的单位结算金额，在此基础上根据替代证券数量确定赎回替代金额。 T日后的第3个港股通交收日后的第1个工作日内，基金管理人将应支付的赎回替代金额 与相关申购赎回代理机构办理交收。 若发生特殊情况， 基金管理人可以对交收日期进行相应 调整。 如遇港股通临时停市、 港股通交易每日额度或总额度不足等特殊情况， 组合证券的代理 卖出及结算价格可依次顺延至下一港股通交易日直至交易正常。 如遇证券长期停牌、 流动性 不足等可能导致收盘价或最后成交价不公允的特,。 由于本基 金的标的指数组合证券为港股通标的股票，本基金采用现金申购赎回方式，即全现金替代， 基金管理人代买代卖的模式， 申购对价、 赎回对价包括现金替代、 现金差额及其他对价。 未 来在上海证券交易所和登记机构系统允许的情况下， 本基金可采用部分或全部组合证券申购 赎回方式， 申购对价、 赎回对价包括组合证券、现金替代、现金差额及其他对价， 并在实施 前依照有关规定在规定媒介上予以公告。 在目前结算规则下， 投资者当日申购的基金份额， 清算交收完成后方可卖出和赎回。本 基金申购业务采用实时逐笔全额结算（Real Time Gross Settlement ，以下简称RTGS）模 式，投资者T日申购后， 如交易记录已勾单且申购资金足额的， 登记机构在T日日间实时办理 基金份额及现金替代的交收；T日日间未进行勾单确认或日间资金不足的， 登记机构在T日日 终根据资金是否足额办理基金份额及现金替代的清算交收。 在目前的业务规则下， 投资者投资本基金时需具有上海证券交易所A股账户或基金账户。 其中，上海证券交易所基金账户只能进行基金的现金认购和二级市场交易。 本基金可投资股指期货， 可能面临杠杆风险、 基差风险、 股指期货展期时的流动性风险、 期货盯市结算制度带来的现金管理风险、 到期日风险、 对手方风险、 连带风险、 未平仓合约 不能继续持有风险等。 本基金的投资范围包括资产支持证券。 资产支持证券存在信用风险、 利率风险、 流动性 风险、提前偿付风险、操作风险和法律风险等。 本基金可参与融资业务。 融资业务存在信用风险、 投资风险和合规风险等风险。,/Users/ellis/工具程序开发/港股通逐标的分析/临时数据/520880/520880_更新招募说明书_20251119.txt
87,159302,银华中证港股高股息ETF,银华中证港股通高股息投资交易型开放式指数证券投资基金招募说明书更新(2026年第2号),2026-08-03,记结算有限责任公司修改或更新上 述规则或新增设相关规则并适用于本基金的，则按照新的规则执行，并在招募说明 书中进行更新。 本基金现金申购业务中的现金替代日间实行RTGS交收，日间未完成交收的，日 终统一进行逐笔全额非担保交收；现金赎回业务中的现金替代采用代收代付处理； 现金申购、赎回业务涉及的现金差额和现金替代退补款采用代收代付处理。 正常情况下，投资者T日提交的现金申购申请受理后，登记机构对ETF申购对应 的份额和现金替代，日间实行RTGS交收，上述份额和现金替代日间未完成交收的， 日终统一进行逐笔全额非担保交收，登记机构在T日办理基金份额及现金替代的清 算交收，并将结果发送给基金管理人、申购赎回代理券商和基金托管人。基金管理 人在T+2日办理现金差额的清算交收。 投资者T日提,买入或不卖出部分被替代证券，或者不进行任何买入或 卖出证券的操作，基金管理人可能不 买入或不卖出被替代证券的情形包括但不限 于市场流动性不足、技术系统无法实现、申购赎回轧差以及基金管理人认为不需 买入或卖出的其他情形。 按照目前的证券代理买卖规则， T日确认成功的申购或赎回申请，基金管理 人T日未买入或未卖出的部分证券，将按该证券T日收盘价（折算为人民币，目前 折算汇率采用T日估值汇率，基金管理人可根据情况调整所使用的折算汇率，并 及时公告，被替代证券T日在证券交易所无交易的，取最近交易日的收盘价，交 易日无收盘价的，取最后成交价）计算被替代证券的单位结算成本或结算金额， 因此投资者需承受可能当天无法完成所有证券买卖、未完成买卖部分按收盘价结 算、结算成本或结算金额不确定（含汇率波动、未完成买卖部分的折算汇率与港 股通结算汇率发生偏离）等风险。由于指数成份股采取,申购替代金额的处理程序 T日，基金管理人在申购赎回清单中公布现金替代溢价比例，并据此收取申购 替代金额。正常情况下，基金管理人有权在T日内任意时刻代申购投资者买入组合 证券中被替代证券的任意数量。T日日终，基金管理人根据所购入的被替代组合证 券的实际单位购入成本（包括买入价格与相关费用，折算为人民币）和未购入的被 替代组合证券的T日收盘价（折算为人民币，折算汇率采用当天的估值汇率，基金 管理人可根据情况调整所使用的折算汇率，并及时公告；被替代组合证券T日无交 易的，取最近交易日的收盘价；交易日无收盘价的，取最后成交价）计算并确定被 替代组合证券的单位结算成本，在此基础上根据替代组合证券数量和申购现金替代 金额确定基金应退还投资人的款项或投资人应补交的款项。T日后的5个工作日内， 基金管理人将应退款或补款与相关申购赎回代理券商办理交收。若发生特殊情况， 基金管理人可以对交收日期进行相应调整。未来基金管理人有权视产品运行情况， 经与基金托管人协商一致，对折算汇率和未购入被替代证券的计算价格进行调整， 并提前公告。 如遇港股通临时停市、港股通交易每日额度或总额度不足等特殊情况，基金管 理人可考虑根据实际情况将组合证券的代理买入及结算价格顺延至下一港股通交易 日直至交易正常。如遇证券长期停牌、流动性不足等可能导致收盘价或最后成交价 不公允的特殊情况，可参照证券的估值价格，对结算价格进行调整，如果基金管理 人认为该证券复牌后的价格可能存在较大波动，且可能对基金资产净值产生较大影 响，为了更好地维护持有人利益，该证券对应的现金替代退补款的清算交收可在其 复牌后按照实际交易成本或管理人认为合理的价格办理。在此期间若该证券发生除 息、送股（转增） 、配股等重要权益变动，则进行相应调整。 ③赎回对应的替代金额 赎回时，对于可以现金替代的证券，替代金额为扣除相关费用后的该证券的卖 出价值（或证券实际结算价值） 。 ④赎回替代金额的处理程序 正常情况下，基金管理人有权在T日内任意时刻代赎回投资者卖出组合证券中 被替代证券的任意数量。T日日终，基金管理人根据T日所卖出的被替代证券的实际 单位卖出金额（扣除相关费用，折算为人民币）和未卖出的被替代组合证券的T日 51 银华中证港股通高股息投资交易型开放式指数证券投资基金招募说明书更新(2026 年第2 号) 收盘价（折算为人民币，折算汇率采用当天的估值汇率，基金管理人可根据情况调 整所使用的折算汇率，并及时公告；被替代组合证券T日无交易的，取最近交易日 的收盘价；交易日无收盘价的，取最后成交价）计算并确定被替代组合证券的单位 结算金额，在此基础上根据替代组合证券数量确定赎回替代金额。T+7日（指开放 日）内，基金管理人将应支付的赎回现金替代款与相关申购赎回代理券商办理交 收。若发生特殊情况，基金管理人可以对交收日期进行相应调整。未来基,替代金额的处理程序 T日，基金管理人在申购赎回清单中公布现金替代溢价比例，并据此收取申购 替代金额。正常情况下，基金管理人有权在T日内任意时刻代申购投资者买入组合 证券中被替代证券的任意数量。T日日终，基金管理人根据所购入的被替代组合证 券的实际单位购入成本（包括买入价格与相关费用，折算为人民币）和未购入的被 替代组合证券的T日收盘价（折算为人民币，折算汇率采用当天的估值汇率，基金 管理人可根据情况调整所使用的折算汇率，并及时公告；被替代组合证券T日无交 易的，取最近交易日的收盘价；交易日无收盘价的，取最后成交价）计算并确定被 替代组合证券的单位结算成本，在此基础上根据替代组合证券数量和申购现金替代 金额确定基金应退还投资人的款项或投资人应补交的款项。T日后的5个工作日内， 基金管理人将应退款或补款与相关申购赎回代理券商办理交收。若发生特殊情况， 基金管理人可以对交收日期进行相应调整。未来基金管理人有权视产品运行情况， 经与基金托管人协商一致，对折算汇率和未购入被替代证券的计算价格进行调整， 并提前公告。 如遇港股通临时停市、港股通交易每日额度或总额度不足等特殊情况，基金管 理人可考虑根据实际情况将组合证券的代理买入及结算价格顺延至下一港股通交易 日直至交易正常。如遇证券长期停牌、流动性不足等可能导致收盘价或最后成交价 不公允的特殊情况，可参照证券的估值价格，对结算价格进行调整，如果基金管理 人认为该证券复牌后的价格可能存在较大波动，且可能对基金资产净值产生较大影 响，为了更好地维护持有人利益，该证券对应的现金替代退补款的清算交收可在其 复牌后按照实际交易成本或管理人认为合理的价格办理。在此期间若该证券发生除 息、送股（转增） 、配股等重要权益变动，则进行相应调整。 ③赎回对应的替代金额 赎回时，对于可以现金替代的证券，替代金额为扣除相关费用后的该证券的卖 出价值（或证券实际结算价值） 。 ④赎回替代金额的处理程序 正常情况下，基金管理人有权在T日内任意时刻代赎回投资者卖出组合证券中 被替代证券的任意数量。T日日终，基金管理人根据T日所卖出的被替代证券的实际 单位卖出金额（扣除相关费用，折算为人民币）和未卖出的被替代组合证券的T日 51 银华中证港股通高股息投资交易型开放式指数证券投资基金招募说明书更新(2026 年第2 号) 收盘价（折算为人民币，折算汇率采用当天的估值汇率，基金管理人可根据情况调 整所使用的折算汇率，并及时公告；被替代组合证券T日无交易的，取最近交易日 的收盘价；交易日无收盘价的，取最后成交价）计算并确定被替代组合证券的单位 结算金额，在此基础上根据替代组合证券数量确定赎回替代金额。T+7日（指开放 日）内，基金管理人将应支付的赎回现金替代款与相关申购赎回代理券商办理交 收。若发生特殊情况，基金管理人可以对交收日期进行相应调整。未来基金管,编制的用以公告申购对价、赎回对价等信 息的文件 50、申购对价：指投资人申购基金份额时，按基金合同和招募说明书规定应交 付的组合证券（如系统支持） 、现金替代、现金差额及其他对价 51、赎回对价：指基金份额持有人赎回基金份额时，基金管理人按基金合同和 招募说明书规定应交付给赎回人的组合证券（如系统支持） 、现金替代、现金差额 及其他对价 52、标的指数：指中证指数有限公司编制并发布的中证港股通高股息投资指数 及其未来可能发生的变更，或基金管理人根据需要更换的其他指数 53、组合证券：指本基金标的指数所包含的全部或部分证券 54、最小申购赎回单位：指本基金申购份额、赎回份额的最低数量，投资人申 购或赎回的基金份额数应为最小申购赎回单位的整数倍 55、现金替代：指申购或赎回过程中，投资人按基金合同和招募说明书的规 定，用于替代组合证券中全部或部分证券的一定数量的现金 56、现金差额：指最小申购赎回单位的资产净值与按当日收盘价计算的最小申 购赎回单位中的组合证券市值和现金替代之差；投资人申购或赎回时应支付或应获 得的现金差额根据最小申购赎回单位对应的现金差额、申购或赎回的基金份额数计 算 57、预估现金差额：指由基金管理人估计并在T日申购赎回清单中公布的当日 现金差额的预估值，预估现金差额由申购赎回代理券商预先冻结 12 银华中证港股通高股息投资交易型开放式指数证券投资基金招募说明书更新(2026 年第2 号) 58、元：指人民币元 59、基金利润：指基金利息收入、投资收益、公允价值变动收益和其他收入扣 除相关费用后的余额 60、基金资产总值：指基金拥,/Users/ellis/工具程序开发/港股通逐标的分析/临时数据/159302/159302_更新招募说明书_20260803.txt
88,159735,银华中证港股通消费主题ETF,银华中证港股通消费主题交易型开放式指数证券投资基金招募说明书更新(2026年第2号),2026-04-30,交易所、中国证券登记结算有限责任公司修改或更新上述规则并适 用于本基金的，则按照新的规则执行，并在招募说明书中进行更新。 本基金现金申购业务中的现金替代日间实行RTGS交收，日间未完成交收的，日 终统一进行逐笔全额非担保交收；现金赎回业务中的现金替代采用代收代付处理； 现金申购、赎回业务涉及的现金差额和现金替代退补款采用代收代付处理。 正常情况下，投资者T日提交的现金申购申请受理后，登记机构对ETF申购对应 的份额和现金替代，日间实行RTGS交收，上述份额和现金替代日间未完成交收的， 日终统一进行逐笔全额非担保交收，并将结果发送给基金管理人、申购赎回代理券 商和基金托管人。登记机构在T+2日办理现金差额的清算，基金管理人与申购赎回 代理券商在T+2日办理现金差额的交收。 投资者T,,申购替代金额的处理程序 对于确认成功的T日现金申购申请，T日（指开放日）内基金管理人根据申购规 模进行组合证券的代理买入，通常情况下代理买入在T日（指开放日）完成。基金 管理人有权根据基金投资的需要自主决定不买入部分被替代证券，或者不进行任何 买入证券的操作。T日（指开放日）日终，基金管理人根据所购入的被替代证券的 实际单位购入成本（包括买入价格与相关费用，折算为人民币）和未买入的被替代 证券的T日（指开放日）收盘价（折算为人民币，折算汇率采用当天的估值汇率；T 日（指开放日）在证券交易所无交易的，取最近交易日的收盘价；交易日无收盘价 的，取最后成交价）计算被替代证券的单位结算成本，在此基础上根据替代证券数 量和申购现金替代金额确定基金应退还投资者或投资者应补交的款项。正常情况 下，T+5日（指开放日）内基金管理人将应退款或补款与相关申购赎回代理券商办 理交收。若发生特殊情况，基金管理人可以对以上交收日期进行相应调整。 如遇港股通临时停市、港股通交易每日额度或总额度不足等特殊情况，组合证 53 银华中证港股通消费主题交易型开放式指数证券投资基金招募说明书更新(2026 年第 2 号) 券的代理买入及结算价格可依次顺延至下一港股通交易日直至交易正常。如遇证券 长期停牌、流动性不足等可能导致收盘价或最后成交价不公允的特殊情况，可参照 证券的估值价格，对结算价格进行调整，如果基金管理人认为该证券复牌后的价格 可能存在较大波动，且可能对基金资产净值产生较大影响，为了更好地维护持有人 利益，该证券对应的现金替代款的清算交收可在其复牌后按照实际交易成本办理。 在此期间若该证券发生除息、送股（转增）、配股等重要权益变动，则进行相应调 整。 ③赎回对应的替代金额 赎回时，对于可以现金替代的证券，替代金额为扣除相关费用后的该证券的卖 出价值（或证券实际结算价值）。 ④赎回替代金额的处理程序 对于确认成功的T日赎回申请，T日（指开放日）内基金管理人根据赎回规模进 行组合证券的代理卖出，通常情况下代理卖出在T日（指开放日）完成。基金管理 人有权根据基金投资的需要自主决定不卖出部分被替代证券，或者不进行任何卖出 证券的操作。T日（指开放日）日终，基金管理人根据所卖出的被替代证券的实际 单位卖出金额（扣除相关费用）和未卖出的被替代证券的T日（指开放日）收盘价 （折算为人民币，折算汇率采用当天的估值汇率；被替代证券T日（指开放日）在 证券交易所无交易的，取最近交易日的收盘价；交易日无收盘价的，取最后成交 价）计算被替代证券的单位结算金额，在此基础上根据替代证券数量确定赎回替代 金额。正常情况下，T+7日（指开放日）内基金管理人将应支付的赎回替代金额与 相关申购赎回代理券商办理交收。若发生特殊情况，基金管理人可以对以上交收日 期进行相应调整。 如遇港股通临时停市等特殊情况，组合证券的代理,替代金额的处理程序 对于确认成功的T日现金申购申请，T日（指开放日）内基金管理人根据申购规 模进行组合证券的代理买入，通常情况下代理买入在T日（指开放日）完成。基金 管理人有权根据基金投资的需要自主决定不买入部分被替代证券，或者不进行任何 买入证券的操作。T日（指开放日）日终，基金管理人根据所购入的被替代证券的 实际单位购入成本（包括买入价格与相关费用，折算为人民币）和未买入的被替代 证券的T日（指开放日）收盘价（折算为人民币，折算汇率采用当天的估值汇率；T 日（指开放日）在证券交易所无交易的，取最近交易日的收盘价；交易日无收盘价 的，取最后成交价）计算被替代证券的单位结算成本，在此基础上根据替代证券数 量和申购现金替代金额确定基金应退还投资者或投资者应补交的款项。正常情况 下，T+5日（指开放日）内基金管理人将应退款或补款与相关申购赎回代理券商办 理交收。若发生特殊情况，基金管理人可以对以上交收日期进行相应调整。 如遇港股通临时停市、港股通交易每日额度或总额度不足等特殊情况，组合证 53 银华中证港股通消费主题交易型开放式指数证券投资基金招募说明书更新(2026 年第 2 号) 券的代理买入及结算价格可依次顺延至下一港股通交易日直至交易正常。如遇证券 长期停牌、流动性不足等可能导致收盘价或最后成交价不公允的特殊情况，可参照 证券的估值价格，对结算价格进行调整，如果基金管理人认为该证券复牌后的价格 可能存在较大波动，且可能对基金资产净值产生较大影响，为了更好地维护持有人 利益，该证券对应的现金替代款的清算交收可在其复牌后按照实际交易成本办理。 在此期间若该证券发生除息、送股（转增）、配股等重要权益变动，则进行相应调 整。 ③赎回对应的替代金额 赎回时，对于可以现金替代的证券，替代金额为扣除相关费用后的该证券的卖 出价值（或证券实际结算价值）。 ④赎回替代金额的处理程序 对于确认成功的T日赎回申请，T日（指开放日）内基金管理人根据赎回规模进 行组合证券的代理卖出，通常情况下代理卖出在T日（指开放日）完成。基金管理 人有权根据基金投资的需要自主决定不卖出部分被替代证券，或者不进行任何卖出 证券的操作。T日（指开放日）日终，基金管理人根据所卖出的被替代证券的实际 单位卖出金额（扣除相关费用）和未卖出的被替代证券的T日（指开放日）收盘价 （折算为人民币，折算汇率采用当天的估值汇率；被替代证券T日（指开放日）在 证券交易所无交易的，取最近交易日的收盘价；交易日无收盘价的，取最后成交 价）计算被替代证券的单位结算金额，在此基础上根据替代证券数量确定赎回替代 金额。正常情况下，T+7日（指开放日）内基金管理人将应支付的赎回替代金额与 相关申购赎回代理券商办理交收。若发生特殊情况，基金管理人可以对以上交收日 期进行相应调整。 如遇港股通临时停市等特殊情况，组合证券的代理卖出,作风险、 本基金特有风险、流动性风险及其它风险等。基金合同生效后，本基金的申购赎 回采用全现金替代，基金管理人代买代卖的模式，申购对价、赎回对价包括现金 替代、现金差额及其他对价。未来在深圳证券交易所和登记机构系统允许的情况 下，在履行适当程序后，本基金将采用港股通标的股票申购赎回模式，申购对 价、赎回对价包括组合证券、现金替代、现金差额及其他对价。本基金为投资香 港市场的交易型开放式基金，除面临港股通标的股票投资风险外，还面临其他特 有风险包括：指数化投资的风险、标的指数波动的风险、基金投资组合回报与标 的指数回报偏离的风险、基金交易价格与基金份额净值发生偏离的风险、参考 IOPV决策和IOPV计算错误的风险、退市风险、终止基金合同风险、申购、赎回风 险、申购赎回清单差错风险、二级市场流动性风险、第三方机构服务的风险、投 资股指期货的风险、投资资产支持证券的风险、投资股票期权风险、参与融资交 易风险、参与转融通证券出借业务的风险、基金资产投资港股通标的股票带来的 特有风险、投资存托凭证可能的风险、跟踪误差控制未达约定目标的风险、指数 编制机构停止服务的风险、成份股停牌风险及标的指数不再符合要求的风险等。 具体详见本招募说明书中“风险揭示”章节。 本基金基金合同生效后，因本基金不再符合深圳证券交易所上市条件被终止 上市，或者连续50个工作日出现基金份额持有人数量不满200人或者基金资产净 值低于5000万元情形的，或者出现标的指数不符合要求（因成份股价格波动等指 数编制方法变动之外的因素致使标的指数不符合要求的情形除外）、指数编制机 构退出等情形,/Users/ellis/工具程序开发/港股通逐标的分析/临时数据/159735/159735_更新招募说明书_20260430.txt
89,159331,国泰中证港股通高股息投资ETF,国泰中证港股通高股息投资交易型开放式指数证券投资基金更新招募说明书(2026年第一号),2026-08-12,登记机构的相关规定和参与各方相关协议及其不 时修订的有关规定。 本基金申购业务采用实时逐笔全额结算（Real Time Gross Settlement，简称 RTGS）模式；赎回业务涉及的现金替代采用代收代付处理；申购、赎回业务涉 及的现金差额和现金替代退补款采用代收代付处理。 国泰中证港股通高股息投资交易型开放式指数证券投资基金更新招募说明书（2026 年第一号） 36 投资者 T 日申购成功后，正常情况下，登记机构在 T 日为投资者办理基金 份额与现金替代等的交收，在 T+1 日办理现金差额的清算，并将结果发送给申 购赎回代理券商、基金管理人和基金托管人。基金管理人与申购赎回代理券商在 T+2 日办理现金差额的交收。 投资者 T 日赎回成功后，正常情况下，登记机构在 T 日,,替代金额的处理程序 T 日，基金管理人在申购赎回清单中公布现金替代溢价比例，并据此收取 替代金额。 正常情况下，对于确认成功的 T 日申购申请，基金管理人根据 T 日所购入 的被替代证券的实际单位购入成本（包括买入价格与相关费用，折算为人民币） 和未买入的被替代证券 T 日收盘价（折算为人民币，折算汇率采用当天的港股 通买入结算汇兑比率和卖出结算汇兑比率的算术平均值，被替代证券当日在证券 交易所无交易的，取最近交易日的收盘价；交易日无收盘价的，取最后成交价） 计算被替代证券的单位结算成本，在此基础上根据替代证券数量和申购替代金额 确定基金应退还投资者或投资者应补交的款项。T 日后的三个工作日内，基金管 理人将应退款或补款与相关申购赎回代理券商办理交收，当交收期间出现港股通 交易日为非港股通交收日时，款项交收日期顺延。若发生特殊情况，基金管理人 国泰中证港股通高股息投资交易型开放式指数证券投资基金更新招募说明书（2026 年第一号） 40 可以对交收日期进行相应调整。若发生特殊情况，包括如遇港股通结算异常等， 基金管理人可以对折算汇率进行相应调整。 正常情况下，对于确认成功的 T 日赎回申请，基金管理人根据 T 日所卖出 的被替代证券的实际单位卖出金额（扣除相关费用，折算为人民币）和未卖出的 被替代证券的 T 日收盘价（折算为人民币，折算汇率采用当天的港股通买入结 算汇兑比率和卖出结算汇兑比率的算术平均值，被替代证券当日在证券交易所无 交易的，取最近交易日的收盘价；交易日无收盘价的，取最后成交价）计算被替 代证券的单位结算金额，在此基础上根据替代证券数量确定赎回替代金额。T 日 后的第 3 个港股通交收日后的 1 个工作日内，基金管理人将应支付的赎回替代金 额与相关申购赎回代理券商办理交收。若发生特殊情况，基金管理人可以对交收 日期进行相应调整。若发生特殊情况，包括如遇港股通结算异常等，基金管理人 可以对折算汇率进行相应调整。 如遇港股通临时停市、港股通交易每日额度或总额度不足等特殊情况，组合 证券的代理买入或者卖出及结算价格可依次顺延至下一港股通交易日直至交易 正常。如遇证券长期停牌、流动性不足等可能导致收盘价或最后成交价不公允的 特殊情况，可参照证券的估值价格，对结算价格进行调整，如果基金管理人认为 该证券复牌后的价格可能存在较大波动，且可能对基金资产净值产生较大影响， 为了更好的维护基金份额持有人利益，该证券对应的现金替代退补款的清算交收 可按照其复牌后实际交易成本或者基金管理人认为合理的价格办理。在此期间若 该证券发生除息、送股（转增）、配股等重要权益变动，则进行相应调整。 4）基金管理人可根据运作情况调整代理申赎投资者买券卖券的相关规则并 按规定公告。 5）未来如港股通的交易、结算规则发生改变，或深圳证券交易所、登记机 构有关申购赎回交易结算规则发生,替代金额的处理程序 T 日，基金管理人在申购赎回清单中公布现金替代溢价比例，并据此收取 替代金额。 正常情况下，对于确认成功的 T 日申购申请，基金管理人根据 T 日所购入 的被替代证券的实际单位购入成本（包括买入价格与相关费用，折算为人民币） 和未买入的被替代证券 T 日收盘价（折算为人民币，折算汇率采用当天的港股 通买入结算汇兑比率和卖出结算汇兑比率的算术平均值，被替代证券当日在证券 交易所无交易的，取最近交易日的收盘价；交易日无收盘价的，取最后成交价） 计算被替代证券的单位结算成本，在此基础上根据替代证券数量和申购替代金额 确定基金应退还投资者或投资者应补交的款项。T 日后的三个工作日内，基金管 理人将应退款或补款与相关申购赎回代理券商办理交收，当交收期间出现港股通 交易日为非港股通交收日时，款项交收日期顺延。若发生特殊情况，基金管理人 国泰中证港股通高股息投资交易型开放式指数证券投资基金更新招募说明书（2026 年第一号） 40 可以对交收日期进行相应调整。若发生特殊情况，包括如遇港股通结算异常等， 基金管理人可以对折算汇率进行相应调整。 正常情况下，对于确认成功的 T 日赎回申请，基金管理人根据 T 日所卖出 的被替代证券的实际单位卖出金额（扣除相关费用，折算为人民币）和未卖出的 被替代证券的 T 日收盘价（折算为人民币，折算汇率采用当天的港股通买入结 算汇兑比率和卖出结算汇兑比率的算术平均值，被替代证券当日在证券交易所无 交易的，取最近交易日的收盘价；交易日无收盘价的，取最后成交价）计算被替 代证券的单位结算金额，在此基础上根据替代证券数量确定赎回替代金额。T 日 后的第 3 个港股通交收日后的 1 个工作日内，基金管理人将应支付的赎回替代金 额与相关申购赎回代理券商办理交收。若发生特殊情况，基金管理人可以对交收 日期进行相应调整。若发生特殊情况，包括如遇港股通结算异常等，基金管理人 可以对折算汇率进行相应调整。 如遇港股通临时停市、港股通交易每日额度或总额度不足等特殊情况，组合 证券的代理买入或者卖出及结算价格可依次顺延至下一港股通交易日直至交易 正常。如遇证券长期停牌、流动性不足等可能导致收盘价或最后成交价不公允的 特殊情况，可参照证券的估值价格，对结算价格进行调整，如果基金管理人认为 该证券复牌后的价格可能存在较大波动，且可能对基金资产净值产生较大影响， 为了更好的维护基金份额持有人利益，该证券对应的现金替代退补款的清算交收 可按照其复牌后实际交易成本或者基金管理人认为合理的价格办理。在此期间若 该证券发生除息、送股（转增）、配股等重要权益变动，则进行相应调整。 4）基金管理人可根据运作情况调整代理申赎投资者买券卖券的相关规则并 按规定公告。 5）未来如港股通的交易、结算规则发生改变，或深圳证券交易所、登记机 构有关申购赎回交易结算规则发生,购赎回清单：指由基金管理人编制的用以公告申购对价、赎回对价等 信息的文件 48、申购对价：指投资人申购基金份额时，按基金合同和招募说明书规定应 交付的现金替代、现金差额及其他对价 49、赎回对价：指基金份额持有人赎回基金份额时，基金管理人按基金合同 和招募说明书规定应交付给赎回人的现金替代、现金差额及其他对价 50、组合证券：指本基金标的指数所包含的全部或部分证券 51、标的指数：指中证指数有限公司编制并发布的中证港股通高股息投资指 数 52、完全复制法：指一种跟踪指数的方法。通过购买标的指数中的所有成份 股，并且按照每种成份股在标的指数中的权重确定购买的比例以构建指数组合， 达到复制指数的目的 53、现金替代：指申购、赎回过程中，投资人按基金合同和招募说明书的规 定，用于替代组合证券中全部或部分证券的一定数量的现金 54、现金差额：指最小申购、赎回单位的资产净值与按当日收盘价计算的最 小申购、赎回单位中的组合证券市值和现金替代之差；投资人申购、赎回时应支 付或应获得的现金差额根据最小申购、赎回单位对应的现金差额和申购或赎回的 最小申购、赎回单位数量计算 55、预估现金部分：指由基金管理人估计并在 T 日申购赎回清单中公布的 当日现金差额的估计值，预估现金部分由申购赎回代理券商预先冻结 56、最小申购、赎回单位：指本基金申购份额、赎回份额的最低数量，投资 国泰中证港股通高股息投资交易型开放式指数证券投资基金更新招募说明书（2026 年第一号） 9 人申购、赎回的基金份额应为最小申购、赎回单位的整数倍 57、基金份额参考净值：指基金管理人或基金管理,/Users/ellis/工具程序开发/港股通逐标的分析/临时数据/159331/159331_更新招募说明书_20260812.txt
90,520900,广发中证国新港股通央企红利ETF,广发中证国新港股通央企红利交易型开放式指数证券投资基金更新的招募说明书,2026-06-22,交收方式已经认可。 根据本基金现行适用的清算交收和申赎处理规则，投资者当日申购的基金份额，清算交 收完成后方可卖出和赎回，即T 日申购的ETF 份额且日间完成 RTGS（实时逐笔全额结算）交 收，T 日可卖出与赎回， 而T 日申购的 ETF 份额且日终完成逐笔全额非担保交收的，T+1 日方 可卖出和赎回；T 日买入的基金份额，T 日可以赎回或卖出。 由于登记结算机构对现金替代采 取非净额结算交收模式，当投资者赎回申请被登记结算机构确认后，被赎回的基金份额即被 记减，但此时投资者尚未收到赎回现金替代款。投资者投资本基金时需具有证券账户，证券 账户是指上海证券交易所 A 股账户或上海证券交易所证券投资基金账户。 本基金以 1 元初始面值进行募集，在市场波动等因素的影响下，存在单位份额,,申购替代金额的处理程序 T 日，基金管理人根据申购赎回清单收取申购现金替代保证金。 对于确认成功的 T 日申购申请，在 T 日内，基金管理人以收到的申购现金替代保证金代 投资者买入被替代证券。在 T 日日终，基金管理人已买入的证券，依据申购现金替代保证金 与被替代证券的实际买入成本（包括买入价格与相关交易费用）的差额，确定基金应退还投 资者或投资者应补交的款项；未买入的证券，依据申购现金替代保证金与被替代证券 T 日收 盘价（需用最新汇率折算为人民币，当日在证券交易所无交易的，取最近交易日的收盘价， 当日无收盘价的，取最后成交价）的差额，确定基金应退还投资者或投资者应补交的款项。 正常情况下，T+3 日（指港股通交易日）内，基金管理人将应退款和补款的明细及汇总 36 数据发送给相关申购赎回代理机构和基金托管人，相关款项的清算交收将于此后 3 个工作日 内完成。 如遇证券长期停牌、流动性不足等特殊情况，可参照证券的估值价格对结算价格进行调 整，如果基金管理人认为该证券复牌后的价格可能存在较大波动，且可能对基金资产净值产 生较大影响，为了更好的维护持有人利益，该证券对应的现金替代退补款的清算交收可在其 复牌后按照实际交易成本办理。在此期间若该证券发生除息、送股（转增） 、配股等重要权益 变动，则进行相应调整。上述汇率目前采用汇率公允价。汇率公允价包括中国人民银行或其 授权机构最新公布的人民币汇率中间价、中国外汇交易中心最新收盘价、与基金托管人商定 的其他公允价格（如：中国人民银行或国家外汇管理局或中国外汇交易中心正式对外发文后 公布的人民币兑主要外汇当日收盘价）等。 ④赎回对应的替代金额的处理程序 对于确认成功的 T 日赎回申请，在 T 日内，基金管理人根据赎回申请代投资者卖出被替 代证券。在 T 日日终，基金管理人已卖出的证券，按照被替代证券的实际卖出金额（扣除相 关费用）确定基金应支付的替代金额；未卖出的证券，按照被替代证券 T 日收盘价（需用最 新汇率折算为人民币，当日在证券交易所无交易的，取最近交易日的收盘价，当日无收盘价 的，取最后成交价）确定基金应支付给投资者的替代金额。 正常情况下，T+7 日（指港股通交易日）内，基金管理人将应支付的替代金额的明细及 汇总数据发送给登记结算机构，登记结算机构办理现金替代资金的清算，并将结果发送给相 关申购赎回代理机构和基金托管人，相关款项的清算交收将于此后 3 个工作日内完成。如遇 证券长期停牌、流动性不足等特殊情况，可参照证券的估值价格，对结算价格进行调整，如 果基金管理人认为该证券复牌后的价格可能存在较大波动，且可能对基金资产净值产生较大 影响，为了更好的维护持有人利益，该证券对应的现金替代款的清算交收可在其复牌后按照 实际交易成本办理。 在此期间若该证券发生除息、送股（转增） 、配股等重要权益变动，则进行相应,替代金额的处理程序 T 日，基金管理人根据申购赎回清单收取申购现金替代保证金。 对于确认成功的 T 日申购申请，在 T 日内，基金管理人以收到的申购现金替代保证金代 投资者买入被替代证券。在 T 日日终，基金管理人已买入的证券，依据申购现金替代保证金 与被替代证券的实际买入成本（包括买入价格与相关交易费用）的差额，确定基金应退还投 资者或投资者应补交的款项；未买入的证券，依据申购现金替代保证金与被替代证券 T 日收 盘价（需用最新汇率折算为人民币，当日在证券交易所无交易的，取最近交易日的收盘价， 当日无收盘价的，取最后成交价）的差额，确定基金应退还投资者或投资者应补交的款项。 正常情况下，T+3 日（指港股通交易日）内，基金管理人将应退款和补款的明细及汇总 36 数据发送给相关申购赎回代理机构和基金托管人，相关款项的清算交收将于此后 3 个工作日 内完成。 如遇证券长期停牌、流动性不足等特殊情况，可参照证券的估值价格对结算价格进行调 整，如果基金管理人认为该证券复牌后的价格可能存在较大波动，且可能对基金资产净值产 生较大影响，为了更好的维护持有人利益，该证券对应的现金替代退补款的清算交收可在其 复牌后按照实际交易成本办理。在此期间若该证券发生除息、送股（转增） 、配股等重要权益 变动，则进行相应调整。上述汇率目前采用汇率公允价。汇率公允价包括中国人民银行或其 授权机构最新公布的人民币汇率中间价、中国外汇交易中心最新收盘价、与基金托管人商定 的其他公允价格（如：中国人民银行或国家外汇管理局或中国外汇交易中心正式对外发文后 公布的人民币兑主要外汇当日收盘价）等。 ④赎回对应的替代金额的处理程序 对于确认成功的 T 日赎回申请，在 T 日内，基金管理人根据赎回申请代投资者卖出被替 代证券。在 T 日日终，基金管理人已卖出的证券，按照被替代证券的实际卖出金额（扣除相 关费用）确定基金应支付的替代金额；未卖出的证券，按照被替代证券 T 日收盘价（需用最 新汇率折算为人民币，当日在证券交易所无交易的，取最近交易日的收盘价，当日无收盘价 的，取最后成交价）确定基金应支付给投资者的替代金额。 正常情况下，T+7 日（指港股通交易日）内，基金管理人将应支付的替代金额的明细及 汇总数据发送给登记结算机构，登记结算机构办理现金替代资金的清算，并将结果发送给相 关申购赎回代理机构和基金托管人，相关款项的清算交收将于此后 3 个工作日内完成。如遇 证券长期停牌、流动性不足等特殊情况，可参照证券的估值价格，对结算价格进行调整，如 果基金管理人认为该证券复牌后的价格可能存在较大波动，且可能对基金资产净值产生较大 影响，为了更好的维护持有人利益，该证券对应的现金替代款的清算交收可在其复牌后按照 实际交易成本办理。 在此期间若该证券发生除息、送股（转增） 、配股等重要权益变动，则进行相应调整,可参与本基金的申购、赎回及交易。投资者一旦认购、申购或赎回本基 金，即表示对基金认购、申购和赎回所涉及的基金份额的证券变更登记方式以及申购赎回所 涉及现金替代、现金差额等相关的交收方式已经认可。 根据本基金现行适用的清算交收和申赎处理规则，投资者当日申购的基金份额，清算交 收完成后方可卖出和赎回，即T 日申购的ETF 份额且日间完成 RTGS（实时逐笔全额结算）交 收，T 日可卖出与赎回， 而T 日申购的 ETF 份额且日终完成逐笔全额非担保交收的，T+1 日方 可卖出和赎回；T 日买入的基金份额，T 日可以赎回或卖出。 由于登记结算机构对现金替代采 取非净额结算交收模式，当投资者赎回申请被登记结算机构确认后，被赎回的基金份额即被 记减，但此时投资者尚未收到赎回现金替代款。投资者投资本基金时需具有证券账户，证券 账户是指上海证券交易所 A 股账户或上海证券交易所证券投资基金账户。 本基金以 1 元初始面值进行募集，在市场波动等因素的影响下，存在单位份额净值跌破 1 元初始面值的风险。 基金管理人提醒投资人基金投资的 “买者自负” 原则， 在投资人作出投 资决策后，基金运营状况与基金净值变化引致的投资风险，由投资人自行负责。 投资人在进行投资决策前， 请仔细阅读本基金的 《招募说明书》 、 基金产品资料概要及 《基 金合同》 ，自主判断基金的投资价值，自主做出投资决策，自行承担投资风险。 基金的过往业绩并不预示其未来表现，基金管理人管理的其他基金的业绩并不构成对本 基金表现的保证。 本次更新的招募说明书主要对本基金基金经理、基金管理人、基金托管人、,/Users/ellis/工具程序开发/港股通逐标的分析/临时数据/520900/520900_更新招募说明书_20260622.txt
91,520660,南方中证国新港股通央企红利ETF,南方中证国新港股通央企红利交易型开放式指数证券投资基金招募说明书(更新),2026-01-20,券 仅在境内证券交易所上市的ETF产品存在一定差异，在目前结算规则下，投资者当日申购的 基金份额，清算交收完成后方可卖出和赎回，即T日申购的ETF份额且日间完成RTGS（实 时逐笔全额结算）交收，T日可卖出与赎回；T日申购的ETF份额日间未完成交收的，日终 完成逐笔全额非担保交收，T+1日方可卖出和赎回；T日买入的基金份额，T日可以赎回。 投资人投资本基金时需具有上海证券交易所A股账户或基金账户。其中，上海证券交易 所基金账户只能进行基金的现金认购和二级市场交易， 如投资人需要参与基金的申购、 赎回， 则应开立并使用上海证券交易所A股账户。 投资人在投资本基金之前，请仔细阅读本基金的招募说明书、基金产品资料概要和基金 合同等信息披露文件，自主判断基金的投资价值，自主做出投资决策，,,申购现金替代保证金的处理程序 T日， 基金管理人在申购赎回清单中公布申购现金替代溢价比例， 并据此收取申购现金 替代保证金。 正常情况下，对于确认成功的T日申购申请，基金管理人根据T日实际单位购入成本 （包括买入价格与相关费用，折算为人民币） 、被替代证券的T日收盘价（按照汇率折算为 人民币，被替代证券当日在证券交易所无交易的，取最近交易日的收盘价；交易日无收盘价 的，取最后成交价）计算被替代证券的单位结算成本，在此基础上根据替代证券数量和申购 现金替代保证金确定基金应退还投资者或投资者应补交的款项。 上述汇率目前采用汇率公允 价。汇率公允价包括但不限于中国外汇交易中心最新收盘价、中国外汇交易中心参考汇率、 中国人民银行或其授权机构最新公布的人民币汇率中间价、 与基金托管人商定的其他公允价 格等。 正常情况下，T日后的第5个开放日内， 基金管理人将应退款或补款与相关申购赎回代 理券商办理交收。若发生特殊情况，基金管理人可以对交收日期进行相应调整。 南方中证国新港股通央企红利交易型开放式指数证券投资基金招募说明书（更新） 36 如遇港股通临时停市、港股通交易每日额度或总额度不足等特殊情况，组合证券的代 理买入及结算价格可依次顺延至下一港股通交易日直至交易正常， 款项交收的日期也可相应 顺延。如遇证券长期停牌、流动性不足等可能导致收盘价或最后成交价不公允的特殊情况， 可参照证券的估值价格，对结算价格进行调整，如果基金管理人认为该证券复牌后的价格可 能存在较大波动，且可能对基金资产净值产生较大影响，为了更好的维护持有人利益，该证 券对应的现金替代退补款的清算交收可在其复牌后按照实际交易成本或者基金管理人认为 合理的价格办理。在此期间若该证券发生除息、送股（转增） 、配股等重要权益变动，则进 行相应调整。基金管理人有权根据基金投资的需要自主决定不买入部分被替代证券，或者不 进行任何买入被替代证券的操作。 D.赎回替代金额的处理程序 正常情况下，对于确认成功的 T 日赎回申请，基金管理人根据T日实际单位卖出金额 （扣除相关费用，折算为人民币） 、被替代证券的T日收盘价（按照汇率折算为人民币，被 替代证券当日在证券交易所无交易的，取最近交易日的收盘价；交易日无收盘价的，取最后 成交价）计算被替代证券的单位结算金额，在此基础上根据替代证券数量确定基金应交付给 投资人的赎回现金替代金额。上述汇率目前采用汇率公允价。汇率公允价包括但不限于中国 外汇交易中心最新收盘价、中国外汇交易中心参考汇率、中国人民银行或其授权机构最新公 布的人民币汇率中间价、与基金托管人商定的其他公允价格等。 正常情况下，T日后的第7个开放日内， 基金管理人将应支付的赎回替代金额与相关申 购赎回代理券商办理交收。若发生特殊情况，基金管理人可以对交收日期进行相应调整。 如遇港股通临时停市等特殊情况，组合证券,赎回替代金额的处理程序 正常情况下，对于确认成功的 T 日赎回申请，基金管理人根据T日实际单位卖出金额 （扣除相关费用，折算为人民币） 、被替代证券的T日收盘价（按照汇率折算为人民币，被 替代证券当日在证券交易所无交易的，取最近交易日的收盘价；交易日无收盘价的，取最后 成交价）计算被替代证券的单位结算金额，在此基础上根据替代证券数量确定基金应交付给 投资人的赎回现金替代金额。上述汇率目前采用汇率公允价。汇率公允价包括但不限于中国 外汇交易中心最新收盘价、中国外汇交易中心参考汇率、中国人民银行或其授权机构最新公 布的人民币汇率中间价、与基金托管人商定的其他公允价格等。 正常情况下，T日后的第7个开放日内， 基金管理人将应支付的赎回替代金额与相关申 购赎回代理券商办理交收。若发生特殊情况，基金管理人可以对交收日期进行相应调整。 如遇港股通临时停市等特殊情况，组合证券的代理卖出及结算价格可依次顺延至下一 港股通交易日直至交易正常，款项交收的日期也可相应顺延。如遇证券长期停牌、流动性不 足等可能导致收盘价或最后成交价不公允的特殊情况，可参照证券的估值价格，对结算价格 进行调整，如果基金管理人认为该证券复牌后的价格可能存在较大波动，且可能对基金资产 净值产生较大影响，为了更好的维护持有人利益，该证券对应的现金替代款的清算交收可在 其复牌后按照实际交易成本或者基金管理人认为合理的价格办理。 在此期间若该证券发生除 息、送股（转增） 、配股等重要权益变动，则进行相应调整。基金管理人有权根据基金投资 的需要自主决定不卖出部分被替代证券，或者不进行任何卖出被替代证券的操作。 E.基金管理人可根据运作情况调整代理申赎投资者买券卖券的相关规则并按规定公告。 F.未来如港股通交易、结算规则发生改变，或上海证券交易所、登记机构有关申购赎 回交易结算规则发生改变，或基金管理人与基金托管人之间的结算相关安排发生改变等，基 金管理人可对上述相关现金替代处理规则进行调整，并按规定公告。 ②必须现金替代 南方中证国新港股通央企红利交易型开放式指数证券投资基金招募说明书（更新） 37 A.适用情形：必须现金替代的证券一般是由于标的指数调整，即将被剔除的成份证券； 或处于停牌的成份证券；或因法律法规限制投资的成份证券；或基金管理人出于保护持有人 利益等原因认为有必要实行必须现金替代的成份证券。 B.替代金额：对于必须现金替代的证券，基金管理人将在申购赎回清单中公告替代的 一定数量的现金，即“固定替代金额”。固定替代金额的计算方法为申购赎回清单中该证券 的数量乘以其T日预计开盘价并按照T-1日估值汇率（如需）换算或基金管理人认为合理的 其他方法。 （3）预估现金差额相关内容 预估现金差额是指为便于计算基金份额参考净值及申购赎回代理券商预先冻结申请申 购、赎回的投资人的相应资金，由基金管理人计算的现金,通央企红利交易型开放式指数证券投资基金招募说明书（更新） 10 48、申购对价：指投资人申购基金份额时，按基金合同和招募说明书规定应交付的组合 证券、现金替代、现金差额和其他对价或现金替代、现金差额和其他对价 49、赎回对价：指基金份额持有人赎回基金份额时，基金管理人按基金合同和招募说明 书规定应交付给赎回人的组合证券、现金替代、现金差额和其他对价或现金替代、现金差额 和其他对价 50、标的指数：本基金标的指数为中证国新港股通央企红利指数 51、组合证券：指本基金标的指数所包含的全部或部分证券 52、最小申购赎回单位：指本基金申购份额、赎回份额的最低数量，投资人申购或赎回 的基金份额数应为最小申购赎回单位的整数倍 53、现金替代：指申购或赎回过程中，投资人按基金合同和招募说明书的规定，用于替 代组合证券中全部或部分证券的一定数量的现金 54、现金差额：指最小申购赎回单位的资产净值与按当日收盘价计算的最小申购赎回单 位中的组合证券市值和现金替代之差；投资人申购或赎回时应支付或应获得的现金差额根据 最小申购赎回单位对应的现金差额、申购或赎回的基金份额数计算 55、元：指人民币元 56、基金利润：指基金利息收入、汇兑损益、投资收益、公允价值变动收益和其他收入 扣除相关费用后的余额 57、基金资产总值：指基金拥有的各类有价证券及票据价值、银行存款本息、基金应收 申购款及其他资产的价值总和 58、基金资产净值：指基金资产总值减去基金负债后的价值 59、基金份额净值：指计算日基金资产净值除以计算日基金份额总数 60、基金资产估值：指计算评估基金资产和负债的价,/Users/ellis/工具程序开发/港股通逐标的分析/临时数据/520660/520660_更新招募说明书_20260120.txt
92,159091,易方达中证港股通内地金融ETF,易方达中证港股通内地金融交易型开放式指数证券投资基金招募说明书,2026-06-17,算风险、基金投资非公开信息泄露的风险等。 7、在目前结算规则 下，投资者当日申购的基金份额，清算交收完成后方可卖出和赎 回，即 T 日申购的基金份额且日间完成 RTGS（实时逐笔全额结算）交收的，T 日可卖出和 赎回，而 T 日申购的基金份额且日终完成逐笔全额非担保交收的，T+1 日方可卖出和赎回； T 日竞价买入的基金份额，T 日可以卖出或赎回；T 日大宗买入的基金份额，T 日可以大宗 卖出，T+1 日可以竞价卖出或赎回。 投资者投资于本基金前请认真阅读证券交易所和登记结算机构关于 ETF 的相关业务规 则及其不时的更新，确保具备相关专业知识、清楚了解相关规则流程后方可参与本基金的 认购、申购、赎回及交易。投资者一旦认购、申购或赎回本基金，即表示对基金认购、申 购和赎回所涉及的,是由于标的指数调整，即将被剔除的成份证券； 或处于停牌的成份证券；或法律法规限制投资的成份证券；或基金管理人出于保护持 有人 利益原则等原因认为有必要实行必须现金替代的成份证券。 2）替代金额：对于必须现金替代的证券，基金管理人将在申购赎回清单中公告替代的 一定数量的现金。必须替代金额的计算方法为申购赎回清单中该证券的数量乘以 该证 券调 整后 T 日开盘参考价并按照 T-1 日估值汇率换算或基金管理人认为合理的其他方法。 （4）在系统支持的情况下，对于 T 日的申购赎回申请，基金管理人有权进行轧差处理， 针对净申购，购入净申购份额对应的组合证券中被替代的成份证券，针对净赎回，卖 出净 赎回份额对应的组合证券中被替代的成份证券，基金管理人有权购入或者卖出不等于 轧差 处理后的上述被替代的成份证券的任意数量。 （5）基金管理人可根据运作情况调整代理申赎投资者买券卖券的相关规则并按规定公 告。 （6）未来如相关证券的交易、结算规则发生改变，或深圳证券交易所、登记结算机构 有关申购赎回交易结算规则发生改变，或基金管理人与基金托管人之间的结算相关安 排发 39 生改变等，基金管理人可对上述相关现金替代处理规则进行调整，并按规定公告。 5、预估现金差额相关内容 预估现金差额是指为便于计算基金份额参考净值及申购赎回代理券商预先冻结申 请申 购、赎回的投资者的相应资金，由基金管理人计算的现金数额。 T 日申购赎回清单中公告 T 日预估现金差额。其计算公式为： T 日预估现金差额＝T-1 日最小申购、赎回单位的基金资产净值－（申购赎回清单中必 须现金替代成份证券的替代金额+申购赎回清单中可以现金替代成份证券的数量、该证券调 整后 T 日开盘参考价以及 T-1 日估值汇率的相乘之和） 其中，该证券,申购替代金额的处理程序 T 日，基金管理人在申购赎回清单中公布申购现金替代保证金率，并据此收取替 代金 额。 基金管理人在 T 日内购入组合证券中被替代的成份证券。基金管理人有权在 T 日内任 意时刻，以收到的申购替代金额代投资者购入组合证券中被替代的成份证券的任意数 量。 正常情况下，对于确认成功的 T 日申购申请，基金管理人根据 T 日所购入的被替代证券的 实际单位购入成本（包括买入价格与相关费用，折算为人民币）和未购入的被替代 证券 T 日收盘价（折算为人民币，被替代证券当日在证券交易所无交易的，取最近交易日的 收盘 价；交易日无收盘价的，取最后成交价）计算被替代证券的单位结算成本，在此基础 上根 据替代证券数量和申购替代金额确定基金应退还投资者或投资者应补交的款项。T 日后的 3 个港股通交易日内，基金管理人将成份证券的应退款或补款与相关申购赎回代理券商 办理 交收，当交收期间出现港股通交易日为非港股通交收日时，款项交收日期顺延。若发 生特 殊情况，基金管理人可以对交收日期进行相应调整。 如遇港股通临时停市、港股通交易当日额度使用完毕而暂停或停止接受买入申报 等特 殊情况，基金管理人可考虑根据实际情况将成份证券的代理买入及结算价格顺延至下 一港 股通交易日直至交易正常。如遇成份证券长期停牌、流动性不足等可能导致收盘价或 最后 成交价不公允的特殊情况，可参照证券的估值价格，对结算价格进行调整，如果基金 管理 人认为该证券复牌后的价格可能存在较大波动，且可能对基金资产净值产生较大影响 ，为 了更好的维护持有人利益，该证券对应的现金替代退补款的清算交收可按照其复牌后 实际 交易成本 或者基金管理人认为合理的价格 办理。在此期间若该证券发生除息、送股（转 增）、配股等重要权益变动，则进行相应调整。 4）赎回替代金额的处理程序 基金管理人在 T 日内卖出组合证券中被替代的成份证券。基金管理人有权在 T 日内任 意时刻代投资者卖出组合证券中被替代的成份证券的任意数量。正常情况下，对于确 认成 38 功的 T 日赎回申请，基金管理人根据 T 日所卖出的被替代证券的实际单位卖出金额（扣除 相关费用，折算为人民币）和未卖出的被替代证券 T 日收盘价（折算为人民币，被替代证 券当日在证券交易所无交易的，取最近交易日的收盘价；交易日无收盘价的，取最后 成交 价）计算被替代证券的单位结算金额，在此基础上根据替代证券数量确定赎回替代金额。T 日后的第 3 个港股通交易日后的 1 个工作日内，基金管理人将应支付的成份证券赎回替代 金额与相关申购赎回代理券商办理交收，当交收期间出现港股通交易日为非港股通交 收日 时，款项交收日期顺延。若发生特殊情况，基金管理人可以对交收日期进行相应调整。 如遇港股通临时停市等特殊情况，成份证券的代理卖出及结算价格可依次顺延至 下一 港股通交易日直,替代金额的处理程序 T 日，基金管理人在申购赎回清单中公布申购现金替代保证金率，并据此收取替 代金 额。 基金管理人在 T 日内购入组合证券中被替代的成份证券。基金管理人有权在 T 日内任 意时刻，以收到的申购替代金额代投资者购入组合证券中被替代的成份证券的任意数 量。 正常情况下，对于确认成功的 T 日申购申请，基金管理人根据 T 日所购入的被替代证券的 实际单位购入成本（包括买入价格与相关费用，折算为人民币）和未购入的被替代 证券 T 日收盘价（折算为人民币，被替代证券当日在证券交易所无交易的，取最近交易日的 收盘 价；交易日无收盘价的，取最后成交价）计算被替代证券的单位结算成本，在此基础 上根 据替代证券数量和申购替代金额确定基金应退还投资者或投资者应补交的款项。T 日后的 3 个港股通交易日内，基金管理人将成份证券的应退款或补款与相关申购赎回代理券商 办理 交收，当交收期间出现港股通交易日为非港股通交收日时，款项交收日期顺延。若发 生特 殊情况，基金管理人可以对交收日期进行相应调整。 如遇港股通临时停市、港股通交易当日额度使用完毕而暂停或停止接受买入申报 等特 殊情况，基金管理人可考虑根据实际情况将成份证券的代理买入及结算价格顺延至下 一港 股通交易日直至交易正常。如遇成份证券长期停牌、流动性不足等可能导致收盘价或 最后 成交价不公允的特殊情况，可参照证券的估值价格，对结算价格进行调整，如果基金 管理 人认为该证券复牌后的价格可能存在较大波动，且可能对基金资产净值产生较大影响 ，为 了更好的维护持有人利益，该证券对应的现金替代退补款的清算交收可按照其复牌后 实际 交易成本 或者基金管理人认为合理的价格 办理。在此期间若该证券发生除息、送股（转 增）、配股等重要权益变动，则进行相应调整。 4）赎回替代金额的处理程序 基金管理人在 T 日内卖出组合证券中被替代的成份证券。基金管理人有权在 T 日内任 意时刻代投资者卖出组合证券中被替代的成份证券的任意数量。正常情况下，对于确 认成 38 功的 T 日赎回申请，基金管理人根据 T 日所卖出的被替代证券的实际单位卖出金额（扣除 相关费用，折算为人民币）和未卖出的被替代证券 T 日收盘价（折算为人民币，被替代证 券当日在证券交易所无交易的，取最近交易日的收盘价；交易日无收盘价的，取最后 成交 价）计算被替代证券的单位结算金额，在此基础上根据替代证券数量确定赎回替代金额。T 日后的第 3 个港股通交易日后的 1 个工作日内，基金管理人将应支付的成份证券赎回替代 金额与相关申购赎回代理券商办理交收，当交收期间出现港股通交易日为非港股通交 收日 时，款项交收日期顺延。若发生特殊情况，基金管理人可以对交收日期进行相应调整。 如遇港股通临时停市等特殊情况，成份证券的代理卖出及结算价格可依次顺延至 下一 港股通交易日直至交,规则流程后方可参与本基金的 认购、申购、赎回及交易。投资者一旦认购、申购或赎回本基金，即表示对基金认购、申 购和赎回所涉及的登记方式以及申购赎回所涉及现金替代、现金差额等相关的交收方式及 业务规则已经认可。 8、基金管理人提醒投资者基金投资的“买者自负”原则，在投资者作出投资决策后， 基金运营状况与基金净值变化引致的投资风险，由投资者自行负责。此外，本基金以 1 元 初始面值进行募集，在市场波动等因素的影响下，存在单位份额净值跌破 1 元初始面值的 风险。 9、基 金不同于银行储蓄，基金投资人投资于基金有可能获得较高的收益，也有可能 损失本金。投资有风险，投资人在进行投资决策前，请仔细阅读本基金的《招募说明书》 及《基金合同》。 10 、基金的过往业绩并不预示其未来表现，基金管理人管理的其他基金的业绩并不构 成对本基金表现的保证。 目 录 第一部分 绪 言..................................................... 1 第二部分 释 义..................................................... 2 第三部分 基金管理人................................................. 7 第四部分 基金托管人................................................ 19 第五部分 相关服务机构..............................................,/Users/ellis/工具程序开发/港股通逐标的分析/临时数据/159091/159091_招募说明书_20260617.txt
93,159691,工银瑞信中证港股通高股息精选ETF,工银瑞信中证港股通高股息精选交易型开放式指数证券投资基金更新的招募说明书(2026年第2号),2026-02-10,、现金替代、现金差额及其他对价的交收适用深 圳证券交易所、登记机构的相关规定和参与各方相关协议的有关规定。 本基金现金申购业务中的现金替代采用实时逐笔全额结算（RTGS）与日终逐笔全额非担 保交收的方式处理；现金赎回业务涉及的现金替代采用代收代付处理；现金申购、赎回业务 涉及的现金差额和现金替代退补款采用代收代付处理。 投资者 T 日提交的现金申购申请受理后，日间完成 RTGS 交收部分，登记机构在 T 日日 间实时为该投资者办理基金份额登记以及现金替代的交收；日间未完成 RTGS 交收部分，登 记机构在 T 日日终为投资者办理基金份额登记与现金替代的交收，并将结果发送给申购赎回 工银瑞信中证港股通高股息精选交易型开放式指数证券投资基金 更新的招募说明书 28 代理券商、基金管理,,申购替代金额的处理程序 对于确认成功的 T 日申购申请，T 日内基金管理人根据申购规模进行组合证券的代理买 入。基金管理人有权根据基金投资的需要自主决定不买入部分被替代证券，或者不进行任何 买入被替代证券的操作。T 日日终，基金管理人根据所购入的被替代证券的实际单位购入成 本（包括买入价格与相关费用）和未买入的被替代证券的 T 日收盘价（折算为人民币，折算 汇率采用当天的估值汇率；T 日在证券交易所无交易的，取最近交易日的收盘价；交易日无 收盘价的，取最后成交价）计算被替代证券的单位结算成本，在此基础上根据替代证券数量 和申购替代金额确定基金应退还投资者或投资者应补交的款项。正常情况下，T+5 日（指开 放日）内，基金管理人将应退款和补款的明细及汇总数据发送给登记机构，登记机构办理现 金替代多退少补资金的清算，并将结果发送给相关申购赎回代理券商和基金托管人办理交收。 如遇港股通临时停市、港股通交易每日额度不足等特殊情况，组合证券的代理买入及结 算价格可依次顺延至下一港股通交易日直至交易正常。如遇证券长期停牌、流动性不足等可 工银瑞信中证港股通高股息精选交易型开放式指数证券投资基金 更新的招募说明书 31 能导致收盘价或最后成交价不公允的特殊情况，可参照证券的估值价格，对结算价格进行调 整，如果基金管理人认为该证券复牌后的价格可能存在较大波动，且可能对基金资产净值产 生较大影响，为了更好的维护基金份额持有人利益，该证券对应的现金替代款的清算交收可 在其复牌后按照实际交易成本办理。在此期间若该证券发生除息、送股（转增）、配股等重 要权益变动，则进行相应调整。 4）赎回替代金额的处理程序 对于确认成功的 T 日赎回申请，T 日内，基金管理人根据赎回规模进行组合证券的代理 卖出。基金管理人有权根据基金投资的需要自主决定不卖出部分被替代证券，或者不进行任 何卖出被替代证券的操作。T 日日终，基金管理人根据所卖出的被替代证券的实际单位卖出 金额（扣除相关费用）和未卖出的被替代证券的 T 日收盘价（折算为人民币，折算汇率采用 当天的估值汇率；T 日在证券交易所无交易的，取最近交易日的收盘价；交易日无收盘价的， 取最后成交价）计算被替代证券的单位结算金额，在此基础上根据替代证券数量确定赎回替 代金额。正常情况下，T+5 日（指开放日）内，基金管理人将应支付的替代金额的明细及汇 总数据发送给登记机构，登记机构办理赎回替代金额的清算，并将结果发送给相关申购赎回 代理券商和基金托管人办理交收。 如遇港股通临时停市等特殊情况，组合证券的代理卖出及结算价格可依次顺延至下一港 股通交易日直至交易正常。如遇证券长期停牌、流动性不足等可能导致收盘价或最后成交价 不公允的特殊情况，可参照证券的估值价格，对结算价格进行调整，如果基金管理人认为该 证券复牌后的价格可能存在较大波动，且可能对基金资,替代金额的处理程序 对于确认成功的 T 日申购申请，T 日内基金管理人根据申购规模进行组合证券的代理买 入。基金管理人有权根据基金投资的需要自主决定不买入部分被替代证券，或者不进行任何 买入被替代证券的操作。T 日日终，基金管理人根据所购入的被替代证券的实际单位购入成 本（包括买入价格与相关费用）和未买入的被替代证券的 T 日收盘价（折算为人民币，折算 汇率采用当天的估值汇率；T 日在证券交易所无交易的，取最近交易日的收盘价；交易日无 收盘价的，取最后成交价）计算被替代证券的单位结算成本，在此基础上根据替代证券数量 和申购替代金额确定基金应退还投资者或投资者应补交的款项。正常情况下，T+5 日（指开 放日）内，基金管理人将应退款和补款的明细及汇总数据发送给登记机构，登记机构办理现 金替代多退少补资金的清算，并将结果发送给相关申购赎回代理券商和基金托管人办理交收。 如遇港股通临时停市、港股通交易每日额度不足等特殊情况，组合证券的代理买入及结 算价格可依次顺延至下一港股通交易日直至交易正常。如遇证券长期停牌、流动性不足等可 工银瑞信中证港股通高股息精选交易型开放式指数证券投资基金 更新的招募说明书 31 能导致收盘价或最后成交价不公允的特殊情况，可参照证券的估值价格，对结算价格进行调 整，如果基金管理人认为该证券复牌后的价格可能存在较大波动，且可能对基金资产净值产 生较大影响，为了更好的维护基金份额持有人利益，该证券对应的现金替代款的清算交收可 在其复牌后按照实际交易成本办理。在此期间若该证券发生除息、送股（转增）、配股等重 要权益变动，则进行相应调整。 4）赎回替代金额的处理程序 对于确认成功的 T 日赎回申请，T 日内，基金管理人根据赎回规模进行组合证券的代理 卖出。基金管理人有权根据基金投资的需要自主决定不卖出部分被替代证券，或者不进行任 何卖出被替代证券的操作。T 日日终，基金管理人根据所卖出的被替代证券的实际单位卖出 金额（扣除相关费用）和未卖出的被替代证券的 T 日收盘价（折算为人民币，折算汇率采用 当天的估值汇率；T 日在证券交易所无交易的，取最近交易日的收盘价；交易日无收盘价的， 取最后成交价）计算被替代证券的单位结算金额，在此基础上根据替代证券数量确定赎回替 代金额。正常情况下，T+5 日（指开放日）内，基金管理人将应支付的替代金额的明细及汇 总数据发送给登记机构，登记机构办理赎回替代金额的清算，并将结果发送给相关申购赎回 代理券商和基金托管人办理交收。 如遇港股通临时停市等特殊情况，组合证券的代理卖出及结算价格可依次顺延至下一港 股通交易日直至交易正常。如遇证券长期停牌、流动性不足等可能导致收盘价或最后成交价 不公允的特殊情况，可参照证券的估值价格，对结算价格进行调整，如果基金管理人认为该 证券复牌后的价格可能存在较大波动，且可能对基金资产净,对价等信息的文件 46、组合证券：指本基金标的指数所包含的全部或部分证券 47、申购对价：指投资者申购基金份额时，按基金合同和招募说明书规定应交付的现金 替代、现金差额及其他对价 48、赎回对价：指基金份额持有人赎回基金份额时，基金管理人按基金合同和招募说明 书规定应交付给赎回人的现金替代、现金差额及其他对价 49、标的指数：本基金标的指数为中证港股通高股息精选指数，及其未来可能发生的变 更 50、现金替代：指申购、赎回过程中，投资人按基金合同和招募说明书的规定，用于替 代组合证券中全部或部分证券的一定数量的现金 51、现金差额：指最小申购赎回单位的资产净值与按当日收盘价计算的最小申购赎回单 位中的组合证券市值和现金替代之差；投资人申购或赎回时应支付或应获得的现金差额根据 最小申购赎回单位对应的现金差额、申购或赎回的基金份额数计算 工银瑞信中证港股通高股息精选交易型开放式指数证券投资基金 更新的招募说明书 8 52、预估现金差额：指由基金管理人估计并在 T 日申购赎回清单中公布的当日现金差额 的估计值，预估现金差额由申购赎回代理券商预先冻结 53、最小申购赎回单位：指本基金申购份额、赎回份额的最低数量，投资者申购或赎回 的基金份额应为最小申购赎回单位的整数倍 54、基金份额参考净值：指基金管理人或基金管理人委托的机构在开市后计算并由深圳 证券交易所发布的基金份额参考净值，简称 IOPV 55、基金份额折算：指基金管理人根据基金运作的需要，在基金资产净值不变的前提下， 按照一定比例调整基金份额总额及基金份额净值的行为 56、元：指人民币元 57、基,/Users/ellis/工具程序开发/港股通逐标的分析/临时数据/159691/159691_更新招募说明书_20260210.txt
94,159198,富国中证港股通信息技术综合ETF,富国中证港股通信息技术综合交易型开放式指数证券投资基金招募说明书(更新)(二0二六年第二号),2026-08-24,有人大会审议。 根据本基金现行适用的清算交收和申赎处理规则， 投资者当日申购的基金份 额， 清算交收完成后方可卖出和赎回， 即T 日申购的基金份额且日间完成 RTGS （实时逐笔全额结算） 交收的，T 日可卖出和赎回， 而T 日申购的基金份额且日 终完成逐笔全额非担保交收的，T+1 日方可卖出和赎回；T 日竞价买入的基金份 额，T 日可以卖出或赎回；T 日大宗买入的基金份额，T 日可以大宗卖出，T+1 日可以竞价卖出或赎回。 投资有风险， 投资者认购 （或申购） 基金时应认真阅读本招募说明书、 基金 合同、 基金产品资料概要等信息披露文件， 自主判断基金的投资价值， 自主做出 投资决策，自行承担投资风险。基金管理人提醒投资者基金投资的“买者自负” 原则， 在投资者作出投资决策后,,申购替代金额的处理程序 对于确认成功的 T 日申购申请，T 日内基金管理人根据申购规模进行组合证 券的代理买入。 基金管理人有权根据基金投资的需要自主决定不买入部分被替代 证券，或者不进行任何买入证券的操作。T 日日终，基金管理人根据所购入的被 替代组合证券的实际单位购入成本、 实际购入的相关费用 （实际购入金额根据港 股通相关业务规则按当天的港股通卖出结算汇兑比率折算为人民币） 、 未购入的 被替代组合证券的 T 日收盘价 （折算为人民币， 折算汇率采用基金管理人和基金 招募说明书（更新） 44 托管人商定的汇率公允价， 包括中国外汇交易中心公布的北京时间16:00 参考汇 率、 港股通买入结算汇兑比率和卖出结算汇兑比率的算术平均值、 中国人民银行 或其授权机构公布的人民币汇率中间价、与基金托管人商定的其他公允价格等； 被替代组合证券 T 日无交易的， 取最近交易日的收盘价； 交易日无收盘价的， 取 最后收盘价） 计算并确定被替代组合证券的单位结算成本， 在此基础上根据替代 组合证券数量和申购现金替代保证金确定基金应退还投资人的款项或投资人应 补交的款项。若发生特殊情况， 包括如遇港股通结算异常等， 基金管理人可以对 折算汇率和结算成本进行相应调整。T 日后的 5 个工作日内， 基金管理人将应退 款或补款与相关申购赎回代理券商办理交收。 若发生特殊情况， 基金管理人可以 对交收日期进行相应调整。 如遇港股通临时停市、 港股通交易每日额度或总额度不足等特殊情况， 组合 证券的代理买入及结算价格可依次顺延至下一港股通交易日直至交易正常。 如遇 证券长期停牌、流动性不足等可能导致收盘价或最后成交价不公允的特殊情况， 可参照证券的估值价格， 对结算成本进行调整。 如果基金管理人认为该证券复牌 后的价格可能存在较大波动， 且可能对基金资产净值产生较大影响， 为了更好的 维护持有人利益， 该证券对应的现金替代款的清算交收可在其复牌后按照实际交 易成本办理。 在此期间若该证券发生除息、 送股 （转增） 、 配股等重要权益变动， 则进行相应调整。 ④赎回替代金额的处理程序 对于确认成功的 T 日赎回申请，T 日内基金管理人根据赎回规模进行组合证 券的代理卖出。 基金管理人有权根据基金投资的需要自主决定不卖出部分被替代 证券， 或者不进行任何卖出证券的操作。T 日内基金管理人根据所卖出的被替代 组合证券的实际单位卖出金额、 实际卖出的相关费用（实际卖出金额根据港股通 相关业务规则按当天的港股通买入结算汇兑比率折算为人民币）、 未卖出的被替 代组合证券的 T 日收盘价 （折算为人民币， 折算汇率采用基金管理人和基金托管 人商定的汇率公允价，包括中国外汇交易中心公布的北京时间 16:00 参考汇率、 港股通买入结算汇兑比率和卖出结算汇兑比率的算术平均值、 中国人民银行或其 授权,替代金额的处理程序 对于确认成功的 T 日申购申请，T 日内基金管理人根据申购规模进行组合证 券的代理买入。 基金管理人有权根据基金投资的需要自主决定不买入部分被替代 证券，或者不进行任何买入证券的操作。T 日日终，基金管理人根据所购入的被 替代组合证券的实际单位购入成本、 实际购入的相关费用 （实际购入金额根据港 股通相关业务规则按当天的港股通卖出结算汇兑比率折算为人民币） 、 未购入的 被替代组合证券的 T 日收盘价 （折算为人民币， 折算汇率采用基金管理人和基金 招募说明书（更新） 44 托管人商定的汇率公允价， 包括中国外汇交易中心公布的北京时间16:00 参考汇 率、 港股通买入结算汇兑比率和卖出结算汇兑比率的算术平均值、 中国人民银行 或其授权机构公布的人民币汇率中间价、与基金托管人商定的其他公允价格等； 被替代组合证券 T 日无交易的， 取最近交易日的收盘价； 交易日无收盘价的， 取 最后收盘价） 计算并确定被替代组合证券的单位结算成本， 在此基础上根据替代 组合证券数量和申购现金替代保证金确定基金应退还投资人的款项或投资人应 补交的款项。若发生特殊情况， 包括如遇港股通结算异常等， 基金管理人可以对 折算汇率和结算成本进行相应调整。T 日后的 5 个工作日内， 基金管理人将应退 款或补款与相关申购赎回代理券商办理交收。 若发生特殊情况， 基金管理人可以 对交收日期进行相应调整。 如遇港股通临时停市、 港股通交易每日额度或总额度不足等特殊情况， 组合 证券的代理买入及结算价格可依次顺延至下一港股通交易日直至交易正常。 如遇 证券长期停牌、流动性不足等可能导致收盘价或最后成交价不公允的特殊情况， 可参照证券的估值价格， 对结算成本进行调整。 如果基金管理人认为该证券复牌 后的价格可能存在较大波动， 且可能对基金资产净值产生较大影响， 为了更好的 维护持有人利益， 该证券对应的现金替代款的清算交收可在其复牌后按照实际交 易成本办理。 在此期间若该证券发生除息、 送股 （转增） 、 配股等重要权益变动， 则进行相应调整。 ④赎回替代金额的处理程序 对于确认成功的 T 日赎回申请，T 日内基金管理人根据赎回规模进行组合证 券的代理卖出。 基金管理人有权根据基金投资的需要自主决定不卖出部分被替代 证券， 或者不进行任何卖出证券的操作。T 日内基金管理人根据所卖出的被替代 组合证券的实际单位卖出金额、 实际卖出的相关费用（实际卖出金额根据港股通 相关业务规则按当天的港股通买入结算汇兑比率折算为人民币）、 未卖出的被替 代组合证券的 T 日收盘价 （折算为人民币， 折算汇率采用基金管理人和基金托管 人商定的汇率公允价，包括中国外汇交易中心公布的北京时间 16:00 参考汇率、 港股通买入结算汇兑比率和卖出结算汇兑比率的算术平均值、 中国人民银行或其 授权机构,较大的风险、流动性风险、退市风险等。 基金合同生效后， 本基金的申购、 赎回采用全现金替代、 基金管理人代买代 卖的模式， 申购对价、 赎回对价包括现金替代、 现金差额及其他对价。 未来在条 件允许的情况下， 在履行适当程序后， 基金管理人可以在场内开通现金申购、 赎 回以外的方式办理申购、 赎回业务， 或开通场外申购、 赎回相关业务， 相应的业 务规则、 申购赎回原则等相关事项届时将另行约定并公告， 无需召开基金份额持 有人大会审议。 根据本基金现行适用的清算交收和申赎处理规则， 投资者当日申购的基金份 额， 清算交收完成后方可卖出和赎回， 即T 日申购的基金份额且日间完成 RTGS （实时逐笔全额结算） 交收的，T 日可卖出和赎回， 而T 日申购的基金份额且日 终完成逐笔全额非担保交收的，T+1 日方可卖出和赎回；T 日竞价买入的基金份 额，T 日可以卖出或赎回；T 日大宗买入的基金份额，T 日可以大宗卖出，T+1 日可以竞价卖出或赎回。 投资有风险， 投资者认购 （或申购） 基金时应认真阅读本招募说明书、 基金 合同、 基金产品资料概要等信息披露文件， 自主判断基金的投资价值， 自主做出 投资决策，自行承担投资风险。基金管理人提醒投资者基金投资的“买者自负” 原则， 在投资者作出投资决策后， 基金运营状况与基金净值变化引致的投资风险， 由投资者自行负责。 未来若出现标的指数不符合要求 （因成份股价格波动等指数编制方法变动之 招募说明书（更新） 4 外的因素致使标的指数不符合要求的情形除外） 、 指数编制机构退出等情形， 基 金管理人召集基金,/Users/ellis/工具程序开发/港股通逐标的分析/临时数据/159198/159198_更新招募说明书_20260824.txt
95,513630,摩根标普港股通低波红利ETF,摩根标普港股通低波红利交易型开放式指数证券投资基金招募说明书(更新),2025-11-24,招募书未直接出现 RTGS；按适用的交易所/中国结算跨境 ETF 规则，日间 RTGS 交收，按项目口径 PASS,,申购替代金额的处理程序 基金管理人可以根据市场情况和实际需要确定和调整现金替代溢价比例， 具 体的现金替代溢价比例以申购赎回清单公告为准。 对于确认成功的 T 日申购申请，T 日内基金管理人根据申购规模进行组合证 券的代理买入。T 日日终，基金管理人根据所购入的被替代组合证券的实际单位 购入成本、实际购入的相关费用、未购入的被替代组合证券的T 日收盘价（折算 为人民币，折算汇率采用当天的估值汇率；被替代组合证券T 日无交易的，取最 近交易日的收盘价；交易日无收盘价的，取最后收盘价）计算并确定被替代组合 证券的单位结算成本， 在此基础上根据替代组合证券数量和申购现金替代保证金 确定基金应退还投资人的款项或投资人应补交的款项。T 日后的五个工作日内， 基金管理人将应退款或补款与相关申购赎回代理机构办理交收。 若发生特殊情况， 基金管理人可以对交收日期进行相应调整。 如遇港股通临时停市、港股通交易每日额度或总额度不足等特殊情况，组合 证券的代理买入及结算价格可依次顺延至下一港股通交易日直至交易正常。 如遇 证券长期停牌、流动性不足等可能导致收盘价或最后成交价不公允的特殊情况， 可参照证券的估值价格，对结算成本进行调整。如果基金管理人认为该证券复牌 后的价格可能存在较大波动，且可能对基金资产净值产生较大影响，为了更好的 维护持有人利益， 该证券对应的现金替代款的清算交收可在其复牌后按照实际交 易成本办理。在此期间若该证券发生除息、送股（转增） 、配股等重要权益变动， 则进行相应调整。 4）赎回对应的替代金额的处理程序 对于确认成功的 T 日赎回申请，T 日日终，基金管理人根据所卖出的被替代 组合证券的实际单位卖出成本、实际卖出的相关费用、未卖出的被替代组合证券 的 T 日收盘价（折算为人民币，折算汇率采用当天的估值汇率；被替代组合证券 摩根标普港股通低波红利交易型开放式指数证券投资基金－招募说明书（更新） 30 T 日无交易的，取最近交易日的收盘价；交易日无收盘价的，取最后收盘价）计 算并确定被替代组合证券的单位结算成本， 在此基础上根据替代组合证券数量确 定赎回替代金额。T 日后的第三个港股通交易日后的两个工作日内，基金管理人 将应支付的赎回现金替代款与相关申购赎回代理机构办理交收。 若发生特殊情况， 基金管理人可以对交收日期进行相应调整。 对于 T 日因港股通临时停市、半日交易时长、停牌或流动性不足等原因未购 入和未卖出的被替代的部分证券，T 日后基金管理人可以依次顺延至下一港股通 交易日继续进行被替代证券的买入和卖出， 按照前述原则确定基金应退还投资者 或投资者应补交的款项。 如遇港股通临时停市等特殊情况， 组合证券的代理卖出及结算价格可依次顺 延至下一港股通交易日直至交易正常。如遇证券长期停牌、流动性不足等可能导 致收盘价或最后成交价不公允的特殊情况，可参照,替代金额的处理程序 基金管理人可以根据市场情况和实际需要确定和调整现金替代溢价比例， 具 体的现金替代溢价比例以申购赎回清单公告为准。 对于确认成功的 T 日申购申请，T 日内基金管理人根据申购规模进行组合证 券的代理买入。T 日日终，基金管理人根据所购入的被替代组合证券的实际单位 购入成本、实际购入的相关费用、未购入的被替代组合证券的T 日收盘价（折算 为人民币，折算汇率采用当天的估值汇率；被替代组合证券T 日无交易的，取最 近交易日的收盘价；交易日无收盘价的，取最后收盘价）计算并确定被替代组合 证券的单位结算成本， 在此基础上根据替代组合证券数量和申购现金替代保证金 确定基金应退还投资人的款项或投资人应补交的款项。T 日后的五个工作日内， 基金管理人将应退款或补款与相关申购赎回代理机构办理交收。 若发生特殊情况， 基金管理人可以对交收日期进行相应调整。 如遇港股通临时停市、港股通交易每日额度或总额度不足等特殊情况，组合 证券的代理买入及结算价格可依次顺延至下一港股通交易日直至交易正常。 如遇 证券长期停牌、流动性不足等可能导致收盘价或最后成交价不公允的特殊情况， 可参照证券的估值价格，对结算成本进行调整。如果基金管理人认为该证券复牌 后的价格可能存在较大波动，且可能对基金资产净值产生较大影响，为了更好的 维护持有人利益， 该证券对应的现金替代款的清算交收可在其复牌后按照实际交 易成本办理。在此期间若该证券发生除息、送股（转增） 、配股等重要权益变动， 则进行相应调整。 4）赎回对应的替代金额的处理程序 对于确认成功的 T 日赎回申请，T 日日终，基金管理人根据所卖出的被替代 组合证券的实际单位卖出成本、实际卖出的相关费用、未卖出的被替代组合证券 的 T 日收盘价（折算为人民币，折算汇率采用当天的估值汇率；被替代组合证券 摩根标普港股通低波红利交易型开放式指数证券投资基金－招募说明书（更新） 30 T 日无交易的，取最近交易日的收盘价；交易日无收盘价的，取最后收盘价）计 算并确定被替代组合证券的单位结算成本， 在此基础上根据替代组合证券数量确 定赎回替代金额。T 日后的第三个港股通交易日后的两个工作日内，基金管理人 将应支付的赎回现金替代款与相关申购赎回代理机构办理交收。 若发生特殊情况， 基金管理人可以对交收日期进行相应调整。 对于 T 日因港股通临时停市、半日交易时长、停牌或流动性不足等原因未购 入和未卖出的被替代的部分证券，T 日后基金管理人可以依次顺延至下一港股通 交易日继续进行被替代证券的买入和卖出， 按照前述原则确定基金应退还投资者 或投资者应补交的款项。 如遇港股通临时停市等特殊情况， 组合证券的代理卖出及结算价格可依次顺 延至下一港股通交易日直至交易正常。如遇证券长期停牌、流动性不足等可能导 致收盘价或最后成交价不公允的特殊情况，可参照证券,单：指由基金管理人编制的用以公告场内申购对价、场内 赎回对价等信息的文件 48、申购对价：指投资者申购基金份额时，按基金合同和招募说明书规定应 交付的现金替代、现金差额和其他对价 49、赎回对价：指基金份额持有人赎回基金份额时，基金管理人按基金合同 和招募说明书规定应交付给该基金份额持有人的现金替代、 现金差额和其他对价 50、标的指数：指本基金跟踪的基准指数，是由标普道琼斯指数公司编制并 发布的标普港股通低波红利指数及其未来可能发生的变更， 或基金管理人根据需 要更换的其他指数 51、完全复制法：指一种构建跟踪指数的投资组合的方法。通过购买标的指 数中的所有成份证券， 并且按照每种成份证券在标的指数中的权重确定购买的比 例，以达到复制指数的目的 52、最小申购、赎回单位：指本基金申购份额、赎回份额的最低数量，投资 者申购、赎回的基金份额应为最小申购、赎回单位的整数倍 53、组合证券：指本基金标的指数所包含的全部或部分证券 54、现金替代：指申购、赎回过程中，投资者按基金合同和招募说明书的规 定，用于替代组合证券中全部或部分证券的一定数量的现金 55、现金差额：指申购、赎回过程中，最小申购、赎回单位的资产净值与按 当日收盘价计算的最小申购、赎回单位中的组合证券市值和现金替代之差；投资 者申购、赎回时应支付或应获得的现金差额根据最小申购、赎回单位对应的现金 差额、申购或赎回的基金份额数计算 56、预估现金部分：指由基金管理人计算并在T 日申购赎回清单中公布的当 日现金差额预估值，预估现金部分由申购赎回代理券商预先冻结 摩根标普港股通低波红利交易型开,/Users/ellis/工具程序开发/港股通逐标的分析/临时数据/513630/513630_更新招募说明书_20251124.txt
96,520850,易方达中证港股通医疗主题ETF,易方达中证港股通医疗主题交易型开放式指数证券投资基金招募说明书,2025-12-09,息泄露的风险等。 7、根据本基金现行适用的清算交收和申赎处理规则，投资者当日申购的基金份额， 清算交收完成后方可卖出和赎回，即 T 日申购的基金份额且日间完成 RTGS（实时逐笔全额 结算）交收，T 日可卖出和赎回，而 T 日申购的基金份额且日终完成逐笔全额非担保交收， T+1 日方可卖出和赎回；T 日买入的基金份额，T 日可以赎回或卖出。 投资者投资于本基金前请认真阅读证券交易所和登记结算机构关于 ETF 的相关业务规 则及其不时的更新，确保具备相关专业知识、清楚了解相关规则流程后方可参与本基金的 认购、申购、赎回及交易。投资者一旦认购、申购或赎回本基金，即表示对基金认购、申 购和赎回所涉及的登记方式以及申购赎回所涉及现金替代、现金差额等相关的交收方式及 业务规则已经认可。 8,整，即将被剔除的成份证券； 或处于停牌的成份证券；或法律法规限制投资的成份证券；或基金管理人出于保护持 有人 利益原则等原因认为有必要实行必须现金替代的成份证券。 2）替代金额：对于必须现金替代的证券，基金管理人将在申购赎回清单中公告替代的 一定数量的现金，即“固定替代金额”。固定替代金额的计算方法为申购赎回清单中 该证 券的数量乘以其调整后 T 日开盘参考价并按照 T-1 日估值汇率换算或基金管理人认为合理 的其他方法。 （4）在系统支持的情况下，对于 T 日的申购赎回申请，基金管理人有权进行轧差处理， 针对净申购，购入净申购份额对应的组合证券中被替代的成份证券，针对净赎回，卖 出净 赎回份额对应的组合证券中被替代的成份证券，基金管理人有权购入或者卖出不等于 轧差 处理后的上述被替代的成份证券的任意数量。 （5）基金管理人可根据运作情况调整代理申赎投资者买券卖券的相关规则并按规定公 告。 （6）未来如港股通的交易、结算规则发生改变，或上海证券交易所、登记结算机构有 关申购赎回交易结算规则发生改变，或基金管理人与基金托管人之间的结算相 关安排 发生 改变等，基金管理人可对上述相关现金替代处理规则进行调整，并按规定公告。 4、预估现金部分相关内容 预估现金部分是指为便于计算基金份额参考净值及申购赎回代理券商预先冻结申 请申 40 购、赎回的投资者的相应资金，由基金管理人计算的现金数额。 T 日申购赎回清单中公告 T 日预估现金部分。其计算公式为： T 日预估现金部分＝T-1 日最小申购、赎回单位的基金资产净值－（申购赎回清单中必 须现金替代成份证券的替代金额+申购赎回清单中可以现金替代成份证券的数量、该证券调 整后 T 日开盘参考价以及 T-1 日估值汇率的相乘之和） 其中，该证券,申购现金替代保证金的处理程序 T 日，基金管理人在申购赎回清单中公布申购现金替代溢价比例，并据此收取申 购现 金替代保证金。 基金管理人在 T 日内购入组合证券中被替代的成份证券。基金管理人有权在 T 日内任 意时刻，以收到的申购替代金额代投资者购入组合证券中被替代的成份证券的任意数 量。 正常情况下，对于确认成功的 T 日申购申请，基金管理人根据 T 日所购入的被替代成份证 券的实际单位购入成本（包括买入价格与相关费用，折算为人民币）和未买入的被替 代成 份证券 T 日收盘价（折算为人民币，被替代证券当日在证券交易所无交易的，取最近交易 日的收盘价；交易日无收盘价的，取最后成交价）计算被替代成份证券的单位结算成 本， 在此基础上根据替代成份证券数量和申购现金替代保证金确定基金应退还投资者或投 资者 应补交的款项。T 日后的三个港股通交易日内，基金管理人将成份证券的应退款或补 款与 相关申购赎回代理券商办理交收，当交收期间出现港股通交易日为非港股通交收日时 ，款 项交收日期顺延。若发生特殊情况，基金管理人可以对交收日期进行相应调整。 如遇港股通临时停市、港股通交易当日额度使用完毕而暂停或停止接受买入申报 等特 殊情况，基金管理人可考虑根据实际情况将成份证券的代理买入及结算价格顺延至下 一港 股通交易日直至交易正常。如遇成份证券长期停牌、流动性不足等可能导致收盘价或 最后 成交价不公允的特殊情况，可参照证券的估值价格，对结算价格进行调整，如果基金 管理 人认为该证券复牌后的价格可能存在较大波动，且可能对基金资产净值产生较大影响 ，为 了更好的维护持有人利益，该证券对应的现金替代退补款的清算交收可按照其复牌后 实际 交易成本或者基金管理人认为合理的价格办理。在此期间若该证券发生除息、送股（转 增）、配股等重要权益变动，则进行相应调整。 4）赎回替代金额的处理程序 基金管理人在 T 日内卖出组合证券中被替代的成份证券。基金管理人有权在 T 日内任 意时刻代投资者卖出组合证券中被替代的成份证券的任意数量。正常情况下，对于确 认成 功的T 日赎回申请，基金管理人根据T 日所卖出的被替代成份证券的实际单位卖出金额（扣 除相关费用，折算为人民币）和未卖出的被替代成份证券的 T 日收盘价（折算为人民币， 被替代证券当日在证券交易所无交易的，取最近交易日的收盘价；交易日无收盘价的 ，取 最后成交价）计算被替代成份证券的单位结算金额，在此基础上根据替代成份证券数 量确 定赎回替代金额。T 日后的第3 个港股通交易日后的1 个工作日内，基金管理人将应支付的 39 成份证券赎回替代金额与相关申购赎回代理券商办理交收，当交收期间出现港股通交 易日 为非港股通交收日时，款项交收日期顺延。若发生特殊情况，基金管理人可以对交收 日期 进行相应调整。 如遇港股通临时停市等特殊情况，成份证券的,赎回替代金额的处理程序 基金管理人在 T 日内卖出组合证券中被替代的成份证券。基金管理人有权在 T 日内任 意时刻代投资者卖出组合证券中被替代的成份证券的任意数量。正常情况下，对于确 认成 功的T 日赎回申请，基金管理人根据T 日所卖出的被替代成份证券的实际单位卖出金额（扣 除相关费用，折算为人民币）和未卖出的被替代成份证券的 T 日收盘价（折算为人民币， 被替代证券当日在证券交易所无交易的，取最近交易日的收盘价；交易日无收盘价的 ，取 最后成交价）计算被替代成份证券的单位结算金额，在此基础上根据替代成份证券数 量确 定赎回替代金额。T 日后的第3 个港股通交易日后的1 个工作日内，基金管理人将应支付的 39 成份证券赎回替代金额与相关申购赎回代理券商办理交收，当交收期间出现港股通交 易日 为非港股通交收日时，款项交收日期顺延。若发生特殊情况，基金管理人可以对交收 日期 进行相应调整。 如遇港股通临时停市等特殊情况，成份证券的代理卖出及结算价格可依次顺延至 下一 港股通交易日直至交易正常。如遇成份证券长期停牌、流动性不足等可能导致收盘价 或最 后成交价不公允的特殊情况，可参照证券的估值价格，对结算价格进行调整，如果基 金管 理人认为该证券复牌后的价格可能存在较大波动，且可能对基金资产净值产生较大影 响， 为了更好的维护持有人利益，该证券对应的现金替代款的清算交收可按照其复牌后实 际交 易成本或者基金管理人认为合理的价格办理。在此期间若该证券发生除息、送股（转 增 ）、 配股等重要权益变动，则进行相应调整。 （3）必须现金替代 1）适用情形：必须现金替代的证券一般是由于标的指数调整，即将被剔除的成份证券； 或处于停牌的成份证券；或法律法规限制投资的成份证券；或基金管理人出于保护持 有人 利益原则等原因认为有必要实行必须现金替代的成份证券。 2）替代金额：对于必须现金替代的证券，基金管理人将在申购赎回清单中公告替代的 一定数量的现金，即“固定替代金额”。固定替代金额的计算方法为申购赎回清单中 该证 券的数量乘以其调整后 T 日开盘参考价并按照 T-1 日估值汇率换算或基金管理人认为合理 的其他方法。 （4）在系统支持的情况下，对于 T 日的申购赎回申请，基金管理人有权进行轧差处理， 针对净申购，购入净申购份额对应的组合证券中被替代的成份证券，针对净赎回，卖 出净 赎回份额对应的组合证券中被替代的成份证券，基金管理人有权购入或者卖出不等于 轧差 处理后的上述被替代的成份证券的任意数量。 （5）基金管理人可根据运作情况调整代理申赎投资者买券卖券的相关规则并按规定公 告。 （6）未来如港股通的交易、结算规则发生改变，或上海证券交易所、登记结算机构有 关申购赎回交易结算规则发生改变，或基金管理人与基金托管人之间的结算相 关安排 发生 改变等，基金管理人可对上述相关现金替,规则流程后方可参与本基金的 认购、申购、赎回及交易。投资者一旦认购、申购或赎回本基金，即表示对基金认购、申 购和赎回所涉及的登记方式以及申购赎回所涉及现金替代、现金差额等相关的交收方式及 业务规则已经认可。 8、基金管理人提醒投资者基金投 资的“买者自负”原则，在投资者作出投资决策后， 基金运营状况与基金净值变化引致的投资风险，由投资者自行负责。此外，本基金以 1 元 初始面值进行募集，在市场波动等因素的影响下，存在单位份额净值跌破 1 元初始面值的 风险。 9、基金不同于银行储蓄，基金投资人投资于基金有可能获得较高的收益，也有可能 损失本金。投资有风险，投资人在进行投资决策前，请仔细阅读本基金的《招募说明书》 及《基金合同》。 10 、基金的过往业绩并不预示其未来表现，基金管理人管理的其他基金的业绩并不构 成对本基金表现的保证。 目 录 第一部分 绪 言..................................................... 1 第二部分 释 义..................................................... 2 第三部分 基金管理人................................................. 7 第四部分 基金托管人................................................ 19 第五部分 相关服务机构..............................................,/Users/ellis/工具程序开发/港股通逐标的分析/临时数据/520850/520850_招募说明书_20251209.txt
97,513620,银华中证港股通医疗主题ETF,银华中证港股通医疗主题交易型开放式指数证券投资基金招募说明书,2026-04-08,则执行，并依 照《信息披露办法》的有关规定在规定媒介上公告。 本基金申购业务采用实时逐笔全额结算（Real Time Gross Settlement，简 称 RTGS）模式；赎回业务涉及的现金替代采用代收代付处理；申购、赎回业务 涉及的现金差额和现金替代退补款采用代收代付处理。 1）申购的清算交收 投资者 T 日申购后，如交易记录已勾单且申购资金足额的，登记机构在 T 日日间实时办理基金份额及现金替代的交收；T 日日间未进行勾单确认或日间资 金不足的， 登记机构在T 日日终根据资金是否足额办理基金份额及现金替代的清 算交收，并将结果发送给基金管理人、申购赎回代理券商和基金托管人。在 T+1 日内办理现金差额的清算，并将结果发送给申购赎回代理券商、基金管理人和基 金托管人。基金管,入或不卖出部分被替代证券，或者不进行任何买 入或卖出证券的操作，基金管理人可能不买入或不卖出被替代证券的情形包括 但不限于市场流动性不足、 技术系统无法实现、 申购赎回轧差以及基金管理人认 为不需买入或卖出的其他情形。 按照目前的证券代理买卖规则，T 日确认成功的申购或赎回申请，基金管理 人 T 日未买入或未卖出的部分证券，将按该证券T 日收盘价（折算为人民币，目 前折算汇率采用 T日估值汇率， 基金管理人可根据情况调整所使用的折算汇率， 并及时公告， 被替代证券T 日在证券交易所无交易的， 取最近交易日的收盘价， 交易日无收盘价的， 取最后成交价） 计算被替代证券的单位结算成本或结算金额， 因此投资者需承受可能当天无法完成所有证券买卖、未完成买卖部分按收盘价 结算、结算成本或结算金额不确定（含汇率波动、未完成买卖部分的折算汇率与 港股通结算汇率发生偏离） 等风,申购替代金额的处理程序 T 日，基金管理人在申购赎回清单中公布现金替代溢价比例，并据此收取申 购替代金额。正常情况下，基金管理人有权在T 日内任意时刻代申购投资者买入 组合证券中被替代证券的任意数量。T 日日终，基金管理人根据所购入的被替代 组合证券的实际单位购入成本（包括买入价格与相关费用，折算为人民币）和未 购入的被替代组合证券的 T 日收盘价（折算为人民币，折算汇率采用当天的估值 汇率，基金管理人可根据情况调整所使用的折算汇率，并及时公告；被替代组合 证券T 日无交易的， 取最近交易日的收盘价； 交易日无收盘价的， 取最后成交价） 计算并确定被替代组合证券的单位结算成本， 在此基础上根据替代组合证券数量 和申购现金替代保证金确定基金应退还投资人的款项或投资人应补交的款项。T 日后的5 个工作日内， 基金管理人将应退款或补款与相关申购赎回代理券商办理 银华中证港股通医疗主题交易型开放式指数证券投资基金 招募说明书 51 交收。若发生特殊情况，基金管理人可以对交收日期进行相应调整。未来基金管 理人有权视产品运行情况，经与基金托管人协商一致，对折算汇率和未购入被替 代证券的计算价格进行调整，并提前公告。 如遇港股通临时停市、港股通交易每日额度或总额度不足等特殊情况，基金 管理人可考虑根据实际情况将组合证券的代理买入及结算价格顺延至下一港股 通交易日直至交易正常。如遇证券长期停牌、流动性不足等可能导致收盘价或最 后成交价不公允的特殊情况，可参照证券的估值价格，对结算价格进行调整，如 果基金管理人认为该证券复牌后的价格可能存在较大波动， 且可能对基金资产净 值产生较大影响，为了更好地维护持有人利益，该证券对应的现金替代退补款的 清算交收可在其复牌后按照实际交易成本或管理人认为合理的价格办理。 在此期 间若该证券发生除息、送股（转增）、配股等重要权益变动，则进行相应调整。 4）赎回替代金额的处理程序 正常情况下， 基金管理人有权在T 日内任意时刻代赎回投资者卖出组合证券 中被替代证券的任意数量。T 日日终，基金管理人根据T 日所卖出的被替代证券 的实际单位卖出金额（扣除相关费用，折算为人民币）和未卖出的被替代组合证 券的T 日收盘价（折算为人民币，折算汇率采用当天的估值汇率，基金管理人可 根据情况调整所使用的折算汇率，并及时公告；被替代组合证券 T 日无交易的， 取最近交易日的收盘价；交易日无收盘价的，取最后成交价）计算并确定被替代 组合证券的单位结算金额， 在此基础上根据替代组合证券数量确定赎回替代金额。 T+7日（指开放日）内，基金管理人将应支付的赎回现金替代款与相关申购赎回 代理券商办理交收。 若发生特殊情况， 基金管理人可以对交收日期进行相应调整。 未来基金管理人有权视产品运行情况，经与基金托管人协商一致，对折算汇率和 未卖出被替代证券的计算价格进行调整，,替代金额的处理程序 T 日，基金管理人在申购赎回清单中公布现金替代溢价比例，并据此收取申 购替代金额。正常情况下，基金管理人有权在T 日内任意时刻代申购投资者买入 组合证券中被替代证券的任意数量。T 日日终，基金管理人根据所购入的被替代 组合证券的实际单位购入成本（包括买入价格与相关费用，折算为人民币）和未 购入的被替代组合证券的 T 日收盘价（折算为人民币，折算汇率采用当天的估值 汇率，基金管理人可根据情况调整所使用的折算汇率，并及时公告；被替代组合 证券T 日无交易的， 取最近交易日的收盘价； 交易日无收盘价的， 取最后成交价） 计算并确定被替代组合证券的单位结算成本， 在此基础上根据替代组合证券数量 和申购现金替代保证金确定基金应退还投资人的款项或投资人应补交的款项。T 日后的5 个工作日内， 基金管理人将应退款或补款与相关申购赎回代理券商办理 银华中证港股通医疗主题交易型开放式指数证券投资基金 招募说明书 51 交收。若发生特殊情况，基金管理人可以对交收日期进行相应调整。未来基金管 理人有权视产品运行情况，经与基金托管人协商一致，对折算汇率和未购入被替 代证券的计算价格进行调整，并提前公告。 如遇港股通临时停市、港股通交易每日额度或总额度不足等特殊情况，基金 管理人可考虑根据实际情况将组合证券的代理买入及结算价格顺延至下一港股 通交易日直至交易正常。如遇证券长期停牌、流动性不足等可能导致收盘价或最 后成交价不公允的特殊情况，可参照证券的估值价格，对结算价格进行调整，如 果基金管理人认为该证券复牌后的价格可能存在较大波动， 且可能对基金资产净 值产生较大影响，为了更好地维护持有人利益，该证券对应的现金替代退补款的 清算交收可在其复牌后按照实际交易成本或管理人认为合理的价格办理。 在此期 间若该证券发生除息、送股（转增）、配股等重要权益变动，则进行相应调整。 4）赎回替代金额的处理程序 正常情况下， 基金管理人有权在T 日内任意时刻代赎回投资者卖出组合证券 中被替代证券的任意数量。T 日日终，基金管理人根据T 日所卖出的被替代证券 的实际单位卖出金额（扣除相关费用，折算为人民币）和未卖出的被替代组合证 券的T 日收盘价（折算为人民币，折算汇率采用当天的估值汇率，基金管理人可 根据情况调整所使用的折算汇率，并及时公告；被替代组合证券 T 日无交易的， 取最近交易日的收盘价；交易日无收盘价的，取最后成交价）计算并确定被替代 组合证券的单位结算金额， 在此基础上根据替代组合证券数量确定赎回替代金额。 T+7日（指开放日）内，基金管理人将应支付的赎回现金替代款与相关申购赎回 代理券商办理交收。 若发生特殊情况， 基金管理人可以对交收日期进行相应调整。 未来基金管理人有权视产品运行情况，经与基金托管人协商一致，对折算汇率和 未卖出被替代证券的计算价格进行调整，并提,人编制的用以公告申购对价、赎回对价等 信息的文件 49、申购对价：指投资人申购基金份额时，按基金合同和招募说明书规定应 交付的组合证券（如系统支持）、现金替代、现金差额及其他对价 50、赎回对价：指基金份额持有人赎回基金份额时，基金管理人按基金合同 和招募说明书规定应交付给赎回人的组合证券（如系统支持）、现金替代、现金 差额及其他对价 51、标的指数：指中证港股通医疗主题指数及其可能的变更 52、组合证券：指本基金标的指数所包含的全部或部分证券 53、最小申购赎回单位：指本基金申购份额、赎回份额的最低数量，投资人 申购或赎回的基金份额数应为最小申购赎回单位的整数倍 54、现金替代：指申购或赎回过程中，投资人按基金合同和招募说明书的规 银华中证港股通医疗主题交易型开放式指数证券投资基金 招募说明书 12 定，用于替代组合证券中全部或部分证券的一定数量的现金 55、现金差额：指最小申购赎回单位的资产净值与按当日收盘价计算的最小 申购赎回单位中的组合证券市值和现金替代之差； 投资人申购或赎回时应支付或 应获得的现金差额根据最小申购赎回单位对应的现金差额、 申购或赎回的基金份 额数计算 56、预估现金部分：指由基金管理人估计并在T 日申购赎回清单中公布的当 日现金差额的估计值，预估现金部分由申购赎回代理券商预先冻结 57、元：指人民币元 58、基金利润：指基金利息收入、投资收益、公允价值变动收益和其他收入 扣除相关费用后的余额 59、基金资产总值：指基金拥有的各类有价证券、银行存款本息、基金应收 款项及其他资产的价值总和 60、基金资产净值：指基金资产总,/Users/ellis/工具程序开发/港股通逐标的分析/临时数据/513620/513620_招募说明书_20260408.txt
98,159726,华夏恒生港股通中国内地企业高股息率ETF,华夏恒生港股通中国内地企业高股息率交易型开放式指数证券投资基金招募说明书(更新),2026-08-18,招募书未直接出现 RTGS；按适用的交易所/中国结算跨境 ETF 规则，日间 RTGS 交收，按项目口径 PASS,不买入或不卖出部分被替代证券，或者不进行任何买入或卖出证券的操作，基 金管理人可能不买入或不卖出被替代证券的情形包括但不限于市场流动性不足、技术系统 无法实现、申购赎回轧差以及基金管理人认为不应买入或卖出的其他情形。 14、基金收益分配后基金份额净值低于面值的风险 基于本基金的性质和特点，本基金收益分配不以弥补亏损为前提，收益分配后可能存 在基金份额净值低于面值的风险。 15、第三方机构服务的风险 基金的多项服务委托第三方机构办理，存在以下风险： 华夏恒生港股通中国内地企业高股息率交易型开放式指数证券投资基金招募说明书（更新） 93 （1）申购赎回代理券商因多种原因，导致代理申购、赎回业务受到限制、暂停或终止， 由此影响对投资者申购赎回服务的风险。 （2）登记机构可能调整结算制度，如实施货银对付制度，对投资者基金份额、组合证 券及资金的结算方式发生变化，制度调整,申购替代金额的处理程序 T 日，基金管理人根据申购赎回清单收取替代金额。 在 T 日内，基金管理人以收到的替代金额代投资者买入被替代证券。基金管理人有权 在 T 日内任意时刻以收到的替代金额代投资者买入小于等于被替代证券数量的任意数量的 被替代证券。基金管理人有权根据基金投资的需要自主决定不买入部分被替代证券，或者不 进行任何买入证券的操作。在 T 日日终，基金管理人已买入的证券，依据替代金额与被替 代证券的实际买入成本（包括买入价格与相关交易费用）的差额，确定基金应退还投资者或 投资者应补交的款项；未买入的证券，依据替代金额与被替代证券 T 日收盘价（需用最新 汇率折算为人民币，当日在证券交易所无交易的，取最近交易日的收盘价，当日无收盘价的， 取最后成交价）的差额，确定基金应退还投资者或投资者应补交的款项。 在此期间若该部分证券发生除息、送股（转增）、配股等重要权益变动，则进行相应调 整。正常情况下，T 日后的第 2 个港股通交易日后的 2 个工作日内，基金管理人将应退款和 补款的明细及汇总数据发送给登记结算机构，登记结算机构办理现金替代多退少补资金的清 算，并将结果发送给相关申购赎回代理机构和基金托管人。 如遇证券长期停牌、流动性不足等特殊情况，可参照证券的估值价格对结算价格进行调 整，如果基金管理人认为该证券复牌后的价格可能存在较大波动，且可能对基金资产净值产 生较大影响，为了更好的维护持有人利益，该证券对应的现金替代退补款的清算交收可在其 复牌后按照实际交易成本办理。在此期间若该证券发生除息、送股（转增）、配股等重要权 益变动，则进行相应调整。上述汇率目前采用汇率公允价。汇率公允价包括中国人民银行或 华夏恒生港股通中国内地企业高股息率交易型开放式指数证券投资基金招募说明书（更新） 47 其授权机构最新公布的人民币汇率中间价、中国外汇交易中心最新收盘价、与基金托管人商 定的其他公允价格（如：中国人民银行或国家外汇管理局或中国外汇交易中心正式对外发文 后公布的人民币兑主要外汇当日收盘价）等。 ③赎回对应的替代金额 赎回时，对于可以现金替代的证券，替代金额为扣除相关费用后的该证券的卖出价值（或 证券实际结算价值）。 ④赎回对应的替代金额的处理程序 在 T 日内，基金管理人根据赎回申请代投资者卖出被替代证券。基金管理人有权在 T 日内任意时刻代投资者卖出小于等于被替代证券数量的任意数量的被替代证券。基金管理人 有权根据基金投资的需要自主决定不卖出部分被替代证券，或者不进行任何卖出证券的操作。 在 T 日日终，基金管理人已卖出的证券，按照被替代证券的实际卖出金额（扣除相关费用） 确定基金应支付的替代金额；未卖出的证券，按照被替代证券 T 日收盘价（需用最新汇率 折算为人民币，当日在证券交易所无交易的，取最近交易日的收盘价，当日无收盘价的，取 最后成交价）确定基,替代金额的处理程序 T 日，基金管理人根据申购赎回清单收取替代金额。 在 T 日内，基金管理人以收到的替代金额代投资者买入被替代证券。基金管理人有权 在 T 日内任意时刻以收到的替代金额代投资者买入小于等于被替代证券数量的任意数量的 被替代证券。基金管理人有权根据基金投资的需要自主决定不买入部分被替代证券，或者不 进行任何买入证券的操作。在 T 日日终，基金管理人已买入的证券，依据替代金额与被替 代证券的实际买入成本（包括买入价格与相关交易费用）的差额，确定基金应退还投资者或 投资者应补交的款项；未买入的证券，依据替代金额与被替代证券 T 日收盘价（需用最新 汇率折算为人民币，当日在证券交易所无交易的，取最近交易日的收盘价，当日无收盘价的， 取最后成交价）的差额，确定基金应退还投资者或投资者应补交的款项。 在此期间若该部分证券发生除息、送股（转增）、配股等重要权益变动，则进行相应调 整。正常情况下，T 日后的第 2 个港股通交易日后的 2 个工作日内，基金管理人将应退款和 补款的明细及汇总数据发送给登记结算机构，登记结算机构办理现金替代多退少补资金的清 算，并将结果发送给相关申购赎回代理机构和基金托管人。 如遇证券长期停牌、流动性不足等特殊情况，可参照证券的估值价格对结算价格进行调 整，如果基金管理人认为该证券复牌后的价格可能存在较大波动，且可能对基金资产净值产 生较大影响，为了更好的维护持有人利益，该证券对应的现金替代退补款的清算交收可在其 复牌后按照实际交易成本办理。在此期间若该证券发生除息、送股（转增）、配股等重要权 益变动，则进行相应调整。上述汇率目前采用汇率公允价。汇率公允价包括中国人民银行或 华夏恒生港股通中国内地企业高股息率交易型开放式指数证券投资基金招募说明书（更新） 47 其授权机构最新公布的人民币汇率中间价、中国外汇交易中心最新收盘价、与基金托管人商 定的其他公允价格（如：中国人民银行或国家外汇管理局或中国外汇交易中心正式对外发文 后公布的人民币兑主要外汇当日收盘价）等。 ③赎回对应的替代金额 赎回时，对于可以现金替代的证券，替代金额为扣除相关费用后的该证券的卖出价值（或 证券实际结算价值）。 ④赎回对应的替代金额的处理程序 在 T 日内，基金管理人根据赎回申请代投资者卖出被替代证券。基金管理人有权在 T 日内任意时刻代投资者卖出小于等于被替代证券数量的任意数量的被替代证券。基金管理人 有权根据基金投资的需要自主决定不卖出部分被替代证券，或者不进行任何卖出证券的操作。 在 T 日日终，基金管理人已卖出的证券，按照被替代证券的实际卖出金额（扣除相关费用） 确定基金应支付的替代金额；未卖出的证券，按照被替代证券 T 日收盘价（需用最新汇率 折算为人民币，当日在证券交易所无交易的，取最近交易日的收盘价，当日无收盘价的，取 最后成交价）确定基金应,购赎回清单：指由基金管理人编制的用以公告申购对价、赎回对价等信息的文件。 49、申购对价：指投资者申购基金份额时，按基金合同和招募说明书规定应交付的现金 替代、现金差额和/或其他对价。 50、赎回对价：指投资者赎回基金份额时，基金管理人按基金合同和招募说明书规定应 交付给赎回人的现金替代、现金差额和/或其他对价。 华夏恒生港股通中国内地企业高股息率交易型开放式指数证券投资基金招募说明书（更新） 8 51、最小申购赎回单位：指基金申购份额、赎回份额的最低数量，投资者申购、赎回的 基金份额应为最小申购、赎回单位的整数倍。 52、元：指人民币元。 53、基金收益：指基金投资所得红利、股息、债券利息、买卖证券价差、银行存款利息、 已实现的其他合法收入及因运用基金财产带来的成本和费用的节约。 54、基金资产总值：指基金拥有的各类有价证券、银行存款本息、基金应收申购款及其 他资产的价值总和。 55、基金资产净值：指基金资产总值减去基金负债后的价值。 56、基金份额净值：指计算日基金资产净值除以计算日基金份额总数。 57、基金资产估值：指计算评估基金资产和负债的价值，以确定基金资产净值和基金份 额净值的过程。 58、规定媒介：指符合中国证监会规定条件的用以进行信息披露的全国性报刊及《信息 披露办法》规定的互联网网站（包括基金管理人网站、基金托管人网站、中国证监会基金电 子披露网站）等媒介。 59、流动性受限资产：指由于法律法规、监管、合同或操作障碍等原因无法以合理价格 予以变现的资产，包括但不限于到期日在 10 个交易日以上的逆回购与银行定期存款（含协 议约定,/Users/ellis/工具程序开发/港股通逐标的分析/临时数据/159726/159726_更新招募说明书_20260818.txt
99,159286,鹏华国证港股通创新药ETF,鹏华国证港股通创新药交易型开放式指数证券投资基金更新的招募说明书,2026-07-03,与基金的申购、赎回，则应开立深圳 A 股账户。 在目前结算规则下，投资者当日申购的基金份额，清算交收完成后方可卖出和赎回， 即 T 日申购的基金份额且日间完成 RTGS（实时逐笔全额结算）交收的，T 日可卖出和赎 回，而 T 日申购的基金份额且日终完成逐笔全额非担保交收的，T+1 日方可卖出和赎回。T 日竞价买入的基金份额， T 日可以卖出或赎回； T 日大宗买入的基金份额，T 日可以大宗卖 出，T+1 日可以竞价卖出或赎回。由于登记机构对赎回的现金替代采取非净额结算交收模 式，当投资者赎回申请被登记机构确认后，被赎回的基金份额即被记减，但此时投资者尚 未收到赎回现金替代款。 基金的过往业绩并不预示其未来表现，基金管理人管理的其他基金的业绩并不构成对 本基金表现的保证。 基金管理,,申购现金替代保证金的处理程序 T 日，基金管理人根据申购赎回清单收取申购现金替代保证金。 对于确认成功的 T 日申购申请，通常情况下 T 日内基金管理人根据申购规模进行组合 证券的代理买入。基金管理人有权在 T 日内任意时刻以收到的替代金额代投资者买入小于 等于被替代证券数量的任意数量的被替代证券，实际买入被替代证券的价格可能处于 T 日 内较高的位置或处于最高价格，基金管理人对此不承担责任。基金管理人有权根据基金投 资的需要自主决定不买入部分被替代证券，或者不进行任何买入证券的操作，基金管理人 可能不买入被替代证券的情形包括但不限于市场流动性不足、技术系统无法实现以及基金 管理人认为不应买入的其他情形。 T 日日终，基金管理人根据所购入的被替代证券的实际 单位购入成本（包括买入价格与相关费用，折算为人民币）和未买入的被替代证券的 T 日 收盘价（折算为人民币，折算汇率采用当天的估值汇率；当日在证券交易所无交易的，取 最近交易日的收盘价；当日无收盘价的，取最后成交价）计算被替代证券的单位结算成 本，在此基础上根据替代证券数量和申购现金替代保证金确定基金应退还投资者或投资者 应补交的款项。 正常情况下， T+3 日（指港股通交易日）内，基金管理人将应退款和补款的明细及汇 总数据发送给登记机构，登记机构办理现金替代多退少补资金的清算，并将结果发送给相 关申购赎回代理券商和基金托管人。 如遇港股通临时停市、港股通交易每日额度或总额度不足等特殊情况，组合证券的代 理买入及结算价格可依次顺延至下一港股通交易日直至交易正常。如遇证券长期停牌、流 动性不足等可能导致收盘价或最后成交价不公允的特殊情况，可参照证券的估值价格，对 结算价格进行调整，如果基金管理人认为该证券复牌后的价格可能存在较大波动，且可能 对基金资产净值产生较大影响，为了更好的维护基金份额持有人利益，该证券对应的现金 替代款的清算交收可在其复牌后按照实际交易成本办理。在此期间若该证券发生除息、送 股（转增）、配股等重要权益变动，则进行相应调整。 ④赎回对应的替代金额 赎回时，对于可以现金替代的证券，替代金额为扣除相关费用后的该证券的卖出价值 （或证券实际结算价值） ⑤赎回替代金额的处理程序 对于确认成功的 T 日赎回申请，通常情况下 T 日内基金管理人根据赎回规模进行组合 证券的代理卖出。基金管理人有权在 T 日内任意时刻卖出小于等于被替代证券数量的任意 34 数量的被替代证券，实际卖出被替代证券的价格可能处于 T 日内较低的位置或处于最低价 格，基金管理人对此不承担责任。基金管理人有权根据基金投资的需要自主决定不卖出部 分被替代证券，或者不进行任何卖出证券的操作，基金管理人可能不卖出被替代证券的情 形包括但不限于市场流动性不足、技术系统无法实现以及基金管理人认为不应卖出的其他 情形。T 日日终，基金管理人,赎回替代金额的处理程序 对于确认成功的 T 日赎回申请，通常情况下 T 日内基金管理人根据赎回规模进行组合 证券的代理卖出。基金管理人有权在 T 日内任意时刻卖出小于等于被替代证券数量的任意 34 数量的被替代证券，实际卖出被替代证券的价格可能处于 T 日内较低的位置或处于最低价 格，基金管理人对此不承担责任。基金管理人有权根据基金投资的需要自主决定不卖出部 分被替代证券，或者不进行任何卖出证券的操作，基金管理人可能不卖出被替代证券的情 形包括但不限于市场流动性不足、技术系统无法实现以及基金管理人认为不应卖出的其他 情形。T 日日终，基金管理人根据所卖出的被替代证券的实际单位卖出金额（扣除相关费 用，折算为人民币）和未卖出的被替代证券的 T 日收盘价（折算为人民币，折算汇率采用 当天的估值汇率；当日在证券交易所无交易的，取最近交易日的收盘价；当日无收盘价 的，取最后成交价）计算被替代证券的单位结算金额，在此基础上根据替代证券数量确定 赎回替代金额。 如遇港股通临时停市等特殊情况，组合证券的代理卖出及结算价格可依次顺延至下一 港股通交易日直至交易正常。如遇证券长期停牌、流动性不足等可能导致收盘价或最后成 交价不公允的特殊情况，可参照证券的估值价格，对结算价格进行调整，如果基金管理人 认为该证券复牌后的价格可能存在较大波动，且可能对基金资产净值产生较大影响，为了 更好的维护基金份额持有人利益，该证券对应的现金替代款的清算交收可在其复牌后按照 实际交易成本办理。在此期间若该证券发生除息、送股（转增）、配股等重要权益变动， 则进行相应调整。 ⑥未来如港股通的交易、结算规则发生改变，或深圳证券交易所、登记机构 ETF 申购 赎回交易结算规则发生改变，或基金管理人与基金托管人之间的结算相关安排发生改变， 基金管理人可对可以现金替代处理规则进行调整，并按规定公告。 （3）必须现金替代 ①适用情形：必须现金替代的证券一般是由于标的指数调整，即将被剔除的成份证 券；或因法律法规限制投资的成份证券；或基金管理人出于保护持有人利益等原因认为有 必要实行必须现金替代的成份证券。 ②替代金额：对于必须现金替代的证券，基金管理人将在申购赎回清单中公告替代的 一定数量的现金。必须替代金额的计算方法为申购赎回清单中该证券的数量乘以其 T 日预 计开盘价并按照 T-1 日估值汇率换算或基金管理人认为合理的其他方法。 5、预估现金差额相关内容 预估现金差额是指为便于计算基金份额参考净值及申购赎回代理券商预先冻结申请申 购、赎回的投资者的相应资金，由基金管理人计算的现金数额并在 T 日申购赎回清单中公 布的当日现金差额预估值。其计算公式为： T 日预估现金差额＝T-1 日最小申购、赎回单位的基金资产净值－（申购赎回清单中必 须用现金替代的成份证券的必须替代金额之和 +申购赎回清单中可以用现金替代,购赎回清单：指由基金管理人编制的用以公告申购对价、赎回对价等信息的文 件 51、申购对价：指投资人申购基金份额时，按基金合同和招募说明书规定应交付的现 金替代、现金差额和/或其他对价 52、赎回对价：指投资人赎回基金份额时，基金管理人按基金合同和招募说明书规定 应交付给赎回人的现金替代、现金差额和/或其他对价 53、组合证券：指本基金标的指数所包含的全部或部分证券 54、现金替代：指申购或赎回过程中，投资人按基金合同和招募说明书的规定，用于 替代组合证券中全部或部分证券的一定数量的现金 55、现金差额：指 T 日最小申购、赎回单位的资产净值与按当日收盘价计算的最小申 购、赎回单位中的组合证券市值和现金替代之差；投资人申购或赎回时应支付或应获得的 现金差额根据最小申购、赎回单位对应的现金差额、申购或赎回的基金份额数计算 56、预估现金差额：指由基金管理人计算并在 T 日申购赎回清单中公布的当日现金差 额预估值，预估现金差额由申购赎回代理券商预先冻结 57、最小申购、赎回单位：指本基金申购份额、赎回份额的最低数量，投资人申购、 赎回的基金份额应为最小申购、赎回单位的整数倍 10 58、基金份额参考净值：指基金管理人或者基金管理人委托的机构在开市后根据申购 赎回清单和组合证券内各只证券的实时成交数据及汇率数据计算，并通过深圳证券交易所 发布的基金份额参考净值，简称“IOPV” 59、基金份额折算：指基金管理人根据基金运作的需要，在基金资产净值不变的前提 下，按照一定比例调整基金份额总额及基金份额净值的行为 60、收益评价日：指基金管理人计算本基金基金累,/Users/ellis/工具程序开发/港股通逐标的分析/临时数据/159286/159286_更新招募说明书_20260703.txt
100,513950,富国恒生港股通高股息低波动ETF(QDII),富国恒生港股通红利低波动交易型开放式指数证券投资基金(QDII)招募说明书(更新)(2026年第3号),2026-09-09,投资者自行负责。 5、根据本基金现行适用的清算交收和申赎处理规则，投资者当日申购的基 金份额，清算交收完成后方可卖出和赎回，即 T 日申购的基金份额且日间完成 RTGS（实时逐笔全额结算）交收的，T 日可卖出和赎回，而 T 日申购的基金份额 且日终完成逐笔全额非担保交收的，T+1 日可卖出和赎回；T 日买入的基金份额， T 日可以赎回或卖出。 6、投资有风险，投资者认购（或申购）基金时应认真阅读本招募说明书、 基金合同和基金产品资料概要等信息披露文件，全面认识本基金产品的风险收益 特征和产品特性，自主判断基金的投资价值，并根据自身的投资目的、投资期限、 投资经验、资产状况等判断本基金是否和自身的风险承受能力相适；投资者应充 分考虑自身的风险承受能力，理性判断市场，对认购（或申购）,,申购替代金额的处理程序 T 日，基金管理人根据申购赎回清单收取申购现金替代保证金。对于确认成 功的 T 日申购申请，在 T 日（指上海证券交易所和香港联合交易所的共同交易 日）内，基金管理人以收到的申购现金替代保证金代投资者买入被替代证券。基 金管理人有权在 T 日（指上海证券交易所和香港联合交易所的共同交易日）内 任意时刻以收到的申购现金替代保证金代投资者买入小于等于被替代证券数量 的任意数量的被替代证券。基金管理人有权根据基金投资的需要自主决定不买入 部分被替代证券，或者不进行任何买入证券的操作。 在 T 日（指上海证券交易所和香港联合交易所的共同交易日）日终，基金 管理人已买入的证券，依据申购现金替代保证金与被替代证券的实际买入成本 招募说明书（更新） 70 （包括买入价格与相关交易费用）的差额，确定基金应退还投资者或投资者应补 交的款项；未买入的证券，依据申购现金替代保证金与被替代证券 T 日（指上 海证券交易所和香港联合交易所的共同交易日）收盘价（需用最新汇率公允价折 算为人民币，当日在证券交易所无交易的，取最近交易日的收盘价，当日无收盘 价的，取最后成交价）的差额，确定基金应退还投资者或投资者应补交的款项。 在此期间若该部分证券发生除息、送股（转增）、配股等重要权益变动，则 进行相应调整。正常情况下，T+3 日（指上海证券交易所与香港联合交易所的共 同交易日）内，基金管理人将应退款和补款的明细及汇总数据发送给登记机构， 登记机构办理现金替代多退少补资金的清算，并将结果发送给相关申购赎回代理 机构和基金托管人。 如遇基金参与港股通交易且港股通临时停市、港股通每日额度不足、证券长 期停牌、流动性不足等特殊情况，可参照证券的估值价格对结算价格进行调整， 如果基金管理人认为该证券复牌后的价格可能存在较大波动，且可能对基金资产 净值产生较大影响，为了更好地维护持有人利益，该证券对应的现金替代退补款 的清算交收可在其复牌后按照实际交易成本办理。在此期间若该证券发生除息、 送股（转增）、配股等重要权益变动，则进行相应调整。 上述汇率目前采用基金管理人和基金托管人商定的汇率公允价，包括中国外 汇交易中心公布的北京时间 16:00 参考汇率、港股通买入结算汇兑比率和卖出结 算汇兑比率的算术平均值、中国人民银行或其授权机构公布的人民币汇率中间价、 与基金托管人商定的其他公允价格等。 ④赎回替代金额的处理程序 对于确认成功的 T 日赎回申请，在 T 日（指上海证券交易所和香港联合交 易所的共同交易日）内，基金管理人根据赎回申请代投资者卖出被替代证券。基 金管理人有权在 T 日（指上海证券交易所和香港联合交易所的共同交易日）内 任意时刻代投资者卖出小于等于被替代证券数量的任意数量的被替代证券。基金 管理人有权根据基金投资的需要自主决定不卖出部分被替代证券，或者不进行任 ,替代金额的处理程序 T 日，基金管理人根据申购赎回清单收取申购现金替代保证金。对于确认成 功的 T 日申购申请，在 T 日（指上海证券交易所和香港联合交易所的共同交易 日）内，基金管理人以收到的申购现金替代保证金代投资者买入被替代证券。基 金管理人有权在 T 日（指上海证券交易所和香港联合交易所的共同交易日）内 任意时刻以收到的申购现金替代保证金代投资者买入小于等于被替代证券数量 的任意数量的被替代证券。基金管理人有权根据基金投资的需要自主决定不买入 部分被替代证券，或者不进行任何买入证券的操作。 在 T 日（指上海证券交易所和香港联合交易所的共同交易日）日终，基金 管理人已买入的证券，依据申购现金替代保证金与被替代证券的实际买入成本 招募说明书（更新） 70 （包括买入价格与相关交易费用）的差额，确定基金应退还投资者或投资者应补 交的款项；未买入的证券，依据申购现金替代保证金与被替代证券 T 日（指上 海证券交易所和香港联合交易所的共同交易日）收盘价（需用最新汇率公允价折 算为人民币，当日在证券交易所无交易的，取最近交易日的收盘价，当日无收盘 价的，取最后成交价）的差额，确定基金应退还投资者或投资者应补交的款项。 在此期间若该部分证券发生除息、送股（转增）、配股等重要权益变动，则 进行相应调整。正常情况下，T+3 日（指上海证券交易所与香港联合交易所的共 同交易日）内，基金管理人将应退款和补款的明细及汇总数据发送给登记机构， 登记机构办理现金替代多退少补资金的清算，并将结果发送给相关申购赎回代理 机构和基金托管人。 如遇基金参与港股通交易且港股通临时停市、港股通每日额度不足、证券长 期停牌、流动性不足等特殊情况，可参照证券的估值价格对结算价格进行调整， 如果基金管理人认为该证券复牌后的价格可能存在较大波动，且可能对基金资产 净值产生较大影响，为了更好地维护持有人利益，该证券对应的现金替代退补款 的清算交收可在其复牌后按照实际交易成本办理。在此期间若该证券发生除息、 送股（转增）、配股等重要权益变动，则进行相应调整。 上述汇率目前采用基金管理人和基金托管人商定的汇率公允价，包括中国外 汇交易中心公布的北京时间 16:00 参考汇率、港股通买入结算汇兑比率和卖出结 算汇兑比率的算术平均值、中国人民银行或其授权机构公布的人民币汇率中间价、 与基金托管人商定的其他公允价格等。 ④赎回替代金额的处理程序 对于确认成功的 T 日赎回申请，在 T 日（指上海证券交易所和香港联合交 易所的共同交易日）内，基金管理人根据赎回申请代投资者卖出被替代证券。基 金管理人有权在 T 日（指上海证券交易所和香港联合交易所的共同交易日）内 任意时刻代投资者卖出小于等于被替代证券数量的任意数量的被替代证券。基金 管理人有权根据基金投资的需要自主决定不卖出部分被替代证券，或者不进行任 何卖,购赎回清单：指由基金管理人编制的用以公告申购对价、赎回对价等 信息的文件 55、申购对价：指投资者申购基金份额时，按基金合同和招募说明书规定应 交付的现金替代、现金差额及其他对价 56、赎回对价：指基金份额持有人赎回基金份额时，基金管理人按基金合同 和招募说明书规定应交付给赎回人的现金替代、现金差额及其他对价 57、标的指数：指恒生指数有限公司编制并发布的恒生港股通红利低波动指 数及其未来可能发生的变更 58、组合证券：指本基金标的指数所包含的全部或部分证券 59、最小申购赎回单位：指本基金申购份额、赎回份额的最低数量，投资者 申购或赎回的基金份额数应为最小申购赎回单位的整数倍 60、现金替代：指申购或赎回过程中，投资者按基金合同和招募说明书的规 定，用于替代组合证券中部分证券的一定数量的现金 61、现金差额：指最小申购赎回单位的资产净值与按 T 日收盘价计算的最 小申购赎回单位中的组合证券市值和现金替代之差；投资者申购或赎回时应支付 或应获得的现金差额根据最小申购赎回单位对应的现金差额、申购或赎回的基金 份额数计算 62、预估现金部分：指由基金管理人计算并在 T 日申购赎回清单中公布的 当日现金差额的预估值，预估现金部分由申购赎回代理券商预先冻结 63、基金份额参考净值：指基金管理人或者基金管理人委托的机构在交易时 间内根据申购赎回清单、组合证券内各只证券的实时成交数据和汇率等数据计算 并由上海证券交易所在交易时间内发布的基金份额参考净值，简称 IOPV 招募说明书（更新） 7 64、基金份额折算：指基金管理人根据基金运作的需要，在基金资产净值,/Users/ellis/工具程序开发/港股通逐标的分析/临时数据/513950/513950_更新招募说明书_20260909.txt
101,520820,汇添富恒指港股通ETF,汇添富恒指港股通交易型开放式指数证券投资基金更新招募说明书(2026年5月22日更新),2026-05-22,，由此 产生的任何损失由投资者自行承担。 3、申购和赎回的清算交收与登记 汇添富恒指港股通交易型开放式指数证券投资基金 更新招募说明书 41 本基金申购业务采用实时逐笔全额结算 （Real Time Gross Settlement） 模式 ； 赎回业务涉及的现金替代采用代收代付处理；申购、赎回业务涉及的现金差额和 现金替代退补款采用代收代付处理。 投资者T日申购成功后，如交易记录已勾单且申购资金足额的，登记机构在 T日日间实时办理基金份额及现金替代的交收；T日日间未进行勾单确认或日间 资金不足的， 登记机构在T日日终根据资金是否足额办理基金份额及现金替代的 清算交收，并将结果发送给基金管理人、申购赎回代理券商和基金托管人。基金 管理人在T+1日内办理现金差额的清算，在T+2日内办理,顺延，款项交收的日期也顺延。如遇证券长期停牌、流 动性不足等可能导致收盘价或最后成交价不公允的特殊情况， 可参照证券的估值 价格，对结算价格进行调整，如果基金管理人认为该证券复牌后的价格可能存在 较大波动，且可能对基金资产净值产生较大影响，为了更好的维护基金份额持有 人利益， 该证券对应的现金替代款的清算交收可在其复牌后按照实际交易成本办 理。在此期间若该证券发生除息、送股（转增） 、配股等重要权益变动，则进行 相应调整。 5）在系统支持的情况下，对于 T 日的申购赎回申请，基金管理人有权进行 轧差处理，针对净申购，购入净申购份额对应的组合证券中被替代的成份证券， 针对净赎回，卖出净赎回份额对应的组合证券中被替代的成份证券，基金管理人 有权购入或者卖出不等于轧差处理后的上述被替代的成份证券的任意数量。 6）基金管理人可以根据具体情况，调整上述2）-5）的申购、赎回替代金 汇添富恒指港股通交易型开放式指数证券投资基金 更新招募说明书 46 额的处理程序、规则等，并在招募说明书更新或其他公告中披露。 （2）关于必须现金替代 1）适用情形：必须现金替代的证券一般是由于标的指数调整将被剔除的成 份证券；或处于停牌的成份证券；或因法律法规限制投资的成份证券；或出于保 护基金份额持有人利益等目的基金管理人认为有必要实行必须现金替代的成份 证券。 2）替代金额：对于必须现金替代的证券，基金管理人将在申购赎回清单中 公告替代的一定数量的现金，即“固定替代金额”。固定替代金额的计算方法为 ： 固定替代金额为替代证券数量乘以其经调整后的T日开盘参考价并按照T-1 日估值汇率换算或基金管理人认为合理的其他方法。 4、预估现金部分相关内容 预估现金部分是指， 为便于计算基金份额参考净值及申购赎回代理券商,申购替代金额的处理程序 在T日（指港股通交易日）内，基金管理人以收到的替代金额代投资者买入 被替代证券。基金管理人有权在T日（指港股通交易日）内任意时刻以收到的替 代金额代投资者买入小于等于被替代证券数量的任意数量的被替代证券。 基金管 理人有权根据基金投资的需要自主决定不买入部分被替代证券， 或者不进行任何 买入证券的操作。T日（指港股通交易日）日终，基金管理人根据所购入的被替 代证券的实际单位购入成本（包括买入价格与相关费用）和未买入的被替代证券 的T日（指港股通交易日）收盘价（折算为人民币）；T日（指港股通交易日） 在证券交易所无交易的，取最近交易日的收盘价；交易日无收盘价的，取最后成 交价）计算被替代证券的单位结算成本，在此基础上根据替代证券数量和申购现 金替代保证金确定基金应退还投资者或投资者应补交的款项。T日（指港股通交 易日）后的第3个港股通交收日后的2个工作日内，基金管理人将应退款或补款 与相关申购赎回代理券商办理交收。在此期间若该证券发生除息、送股（转增）、 配股等重要权益变动，则进行相应调整。出现半日港股通交易日、临时停市或港 股通每日额度不足等特殊情况时， 计算并确定被替代证券的单位结算成本的时间 将顺延，款项交收的日期也顺延。如遇证券长期停牌、流动性不足等可能导致收 盘价或最后成交价不公允的特殊情况，可参照证券的估值价格，对结算价格进行 调整，如果基金管理人认为该证券复牌后的价格可能存在较大波动，且可能对基 汇添富恒指港股通交易型开放式指数证券投资基金 更新招募说明书 45 金资产净值产生较大影响，为了更好的维护基金份额持有人利益，该证券对应的 现金替代款的清算交收可在其复牌后按照实际交易成本办理。 在此期间若该证券 发生除息、送股（转增）、配股等重要权益变动，则进行相应调整。 4）赎回替代金额的处理程序 在T日（指港股通交易日）内，基金管理人根据赎回申请代投资者卖出被替 代证券。基金管理人有权在T日（指港股通交易日）内任意时刻代投资者卖出小 于等于被替代证券数量的任意数量的被替代证券。 基金管理人有权根据基金投资 的需要自主决定不卖出部分被替代证券，或者不进行任何卖出证券的操作。T日 （指港股通交易日）日终，基金管理人根据所卖出的被替代证券的实际单位卖出 金额（扣除相关费用）和未卖出的被替代证券的T日（指港股通交易日）收盘价 （折算为人民币） ； 被替代证券T日（指港股通交易日）在证券交易所无交易的， 取最近交易日的收盘价；交易日无收盘价的，取最后成交价）计算被替代证券的 单位结算金额，在此基础上根据替代证券数量确定赎回替代金额。T日（指港股 通交易日）后的第3个港股通交收日后的2个工作日内，基金管理人将应支付的 赎回替代金额与相关申购赎回代理券商办理交收。在此期间若该证券发生除息、 送股（转增）、配股等重要权益变动，则进行相应调整,替代金额的处理程序 在T日（指港股通交易日）内，基金管理人以收到的替代金额代投资者买入 被替代证券。基金管理人有权在T日（指港股通交易日）内任意时刻以收到的替 代金额代投资者买入小于等于被替代证券数量的任意数量的被替代证券。 基金管 理人有权根据基金投资的需要自主决定不买入部分被替代证券， 或者不进行任何 买入证券的操作。T日（指港股通交易日）日终，基金管理人根据所购入的被替 代证券的实际单位购入成本（包括买入价格与相关费用）和未买入的被替代证券 的T日（指港股通交易日）收盘价（折算为人民币）；T日（指港股通交易日） 在证券交易所无交易的，取最近交易日的收盘价；交易日无收盘价的，取最后成 交价）计算被替代证券的单位结算成本，在此基础上根据替代证券数量和申购现 金替代保证金确定基金应退还投资者或投资者应补交的款项。T日（指港股通交 易日）后的第3个港股通交收日后的2个工作日内，基金管理人将应退款或补款 与相关申购赎回代理券商办理交收。在此期间若该证券发生除息、送股（转增）、 配股等重要权益变动，则进行相应调整。出现半日港股通交易日、临时停市或港 股通每日额度不足等特殊情况时， 计算并确定被替代证券的单位结算成本的时间 将顺延，款项交收的日期也顺延。如遇证券长期停牌、流动性不足等可能导致收 盘价或最后成交价不公允的特殊情况，可参照证券的估值价格，对结算价格进行 调整，如果基金管理人认为该证券复牌后的价格可能存在较大波动，且可能对基 汇添富恒指港股通交易型开放式指数证券投资基金 更新招募说明书 45 金资产净值产生较大影响，为了更好的维护基金份额持有人利益，该证券对应的 现金替代款的清算交收可在其复牌后按照实际交易成本办理。 在此期间若该证券 发生除息、送股（转增）、配股等重要权益变动，则进行相应调整。 4）赎回替代金额的处理程序 在T日（指港股通交易日）内，基金管理人根据赎回申请代投资者卖出被替 代证券。基金管理人有权在T日（指港股通交易日）内任意时刻代投资者卖出小 于等于被替代证券数量的任意数量的被替代证券。 基金管理人有权根据基金投资 的需要自主决定不卖出部分被替代证券，或者不进行任何卖出证券的操作。T日 （指港股通交易日）日终，基金管理人根据所卖出的被替代证券的实际单位卖出 金额（扣除相关费用）和未卖出的被替代证券的T日（指港股通交易日）收盘价 （折算为人民币） ； 被替代证券T日（指港股通交易日）在证券交易所无交易的， 取最近交易日的收盘价；交易日无收盘价的，取最后成交价）计算被替代证券的 单位结算金额，在此基础上根据替代证券数量确定赎回替代金额。T日（指港股 通交易日）后的第3个港股通交收日后的2个工作日内，基金管理人将应支付的 赎回替代金额与相关申购赎回代理券商办理交收。在此期间若该证券发生除息、 送股（转增）、配股等重要权益变动，则进行相应调整。 ,参与本基金的申购、赎回及交易。投资者一旦认购、申购或赎回本基金，即表 示对基金认购、 申购和赎回所涉及的基金份额的证券变更登记方式以及申购赎回 所涉及现金替代、现金差额等相关的交收方式已经认可。 投资有风险，投资者在进行投资决策前，请仔细阅读本基金的《招募说明 书》、《基金合同》、基金产品资料概要等信息披露文件，并根据自身的投资目 的、投资期限、投资经验、资产状况等判断基金是否和投资者的风险承受能力相 汇添富恒指港股通交易型开放式指数证券投资基金 更新招募说明书 3 适应，自主判断基金的投资价值，自主做出投资决策，自行承担投资风险。 基金的过往业绩并不预示其未来表现， 基金管理人管理的其他基金的业绩也 不构成对本基金业绩表现的保证。 基金管理人依照恪尽职守、 诚实信用、 谨慎勤勉的原则管理和运用基金财产， 但不保证投资于本基金一定盈利，也不保证最低收益。 基金管理人提醒投资者基金投资的“买者自负”原则，在投资者作出投资决 策后，基金运营状况与基金净值变化导致的投资风险，由投资者自行负担。 本次招募说明书更新主要涉及基金管理人、基金托管人、相关服务机构、基 金份额的上市交易、基金份额的申购与赎回、财务数据和净值表现、其他应披露 事项等，更新所载内容截止日为2026年5月21日，有关财务数据和净值表现截 止日为2026年3月31日。 汇添富恒指港股通交易型开放式指数证券投资基金 更新招募说明书 4 第一部分 绪言 本招募说明书依据《中华人民共和国证券投资基金法》(以下简称“《基金 法》”)、《公开募集证券投资基金运作管理办法》(以下简称“《运作办 法,/Users/ellis/工具程序开发/港股通逐标的分析/临时数据/520820/520820_更新招募说明书_20260522.txt
102,159132,富国恒生生物科技ETF,富国恒生生物科技交易型开放式指数证券投资基金招募说明书(更新)(二〇二六年第一号),2026-06-17,有人大会审议。 根据本基金现行适用的清算交收和申赎处理规则， 投资者当日申购的基金份 额， 清算交收完成后方可卖出和赎回， 即T 日申购的基金份额且日间完成 RTGS （实时逐笔全额结算） 交收的，T 日可卖出和赎回， 而T 日申购的基金份额且日 终完成逐笔全额非担保交收的，T+1 日方可卖出和赎回；T 日竞价买入的基金份 额，T 日可以卖出或赎回；T 日大宗买入的基金份额，T 日可以大宗卖出，T+1 日可以竞价卖出或赎回。 投资有风险， 投资者认购 （或申购） 基金时应认真阅读本招募说明书、 基金 合同、 基金产品资料概要等信息披露文件， 自主判断基金的投资价值， 自主做出 投资决策，自行承担投资风险。基金管理人提醒投资者基金投资的“买者自负” 原则， 在投资者作出投资决策后,,申购替代金额的处理程序 对于确认成功的 T 日申购申请，T 日内基金管理人根据申购规模进行组合证 券的代理买入。 基金管理人有权根据基金投资的需要自主决定不买入部分被替代 证券，或者不进行任何买入证券的操作。T 日日终，基金管理人根据所购入的被 替代组合证券的实际单位购入成本、 实际购入的相关费用 （实际购入金额根据港 股通相关业务规则按当天的港股通卖出结算汇兑比率折算为人民币） 、 未购入的 被替代组合证券的 T 日收盘价 （折算为人民币， 折算汇率采用基金管理人和基金 托管人商定的汇率公允价， 包括中国外汇交易中心公布的北京时间16:00 参考汇 率、 港股通买入结算汇兑比率和卖出结算汇兑比率的算术平均值、 中国人民银行 富国恒生生物科技交易型开放式指数证券投资基金 招募说明书 47 或其授权机构公布的人民币汇率中间价、与基金托管人商定的其他公允价格等； 被替代组合证券 T 日无交易的， 取最近交易日的收盘价； 交易日无收盘价的， 取 最后收盘价） 计算并确定被替代组合证券的单位结算成本， 在此基础上根据替代 组合证券数量和申购现金替代保证金确定基金应退还投资人的款项或投资人应 补交的款项。若发生特殊情况， 包括如遇港股通结算异常等， 基金管理人可以对 折算汇率和结算成本进行相应调整。T 日后的 5 个工作日内， 基金管理人将应退 款或补款与相关申购赎回代理券商办理交收。 若发生特殊情况， 基金管理人可以 对交收日期进行相应调整。 如遇港股通临时停市、 港股通交易每日额度或总额度不足等特殊情况， 组合 证券的代理买入及结算价格可依次顺延至下一港股通交易日直至交易正常。 如遇 证券长期停牌、流动性不足等可能导致收盘价或最后成交价不公允的特殊情况， 可参照证券的估值价格， 对结算成本进行调整。 如果基金管理人认为该证券复牌 后的价格可能存在较大波动， 且可能对基金资产净值产生较大影响， 为了更好的 维护持有人利益， 该证券对应的现金替代款的清算交收可在其复牌后按照实际交 易成本办理。 在此期间若该证券发生除息、 送股 （转增） 、 配股等重要权益变动， 则进行相应调整。 ④赎回替代金额的处理程序 对于确认成功的 T 日赎回申请，T 日内基金管理人根据赎回规模进行组合证 券的代理卖出。 基金管理人有权根据基金投资的需要自主决定不卖出部分被替代 证券， 或者不进行任何卖出证券的操作。T 日内基金管理人根据所卖出的被替代 组合证券的实际单位卖出金额、 实际卖出的相关费用（实际卖出金额根据港股通 相关业务规则按当天的港股通买入结算汇兑比率折算为人民币）、 未卖出的被替 代组合证券的 T 日收盘价 （折算为人民币， 折算汇率采用基金管理人和基金托管 人商定的汇率公允价，包括中国外汇交易中心公布的北京时间 16:00 参考汇率、 港股通买入结算汇兑比率和卖出结算汇兑比率,替代金额的处理程序 对于确认成功的 T 日申购申请，T 日内基金管理人根据申购规模进行组合证 券的代理买入。 基金管理人有权根据基金投资的需要自主决定不买入部分被替代 证券，或者不进行任何买入证券的操作。T 日日终，基金管理人根据所购入的被 替代组合证券的实际单位购入成本、 实际购入的相关费用 （实际购入金额根据港 股通相关业务规则按当天的港股通卖出结算汇兑比率折算为人民币） 、 未购入的 被替代组合证券的 T 日收盘价 （折算为人民币， 折算汇率采用基金管理人和基金 托管人商定的汇率公允价， 包括中国外汇交易中心公布的北京时间16:00 参考汇 率、 港股通买入结算汇兑比率和卖出结算汇兑比率的算术平均值、 中国人民银行 富国恒生生物科技交易型开放式指数证券投资基金 招募说明书 47 或其授权机构公布的人民币汇率中间价、与基金托管人商定的其他公允价格等； 被替代组合证券 T 日无交易的， 取最近交易日的收盘价； 交易日无收盘价的， 取 最后收盘价） 计算并确定被替代组合证券的单位结算成本， 在此基础上根据替代 组合证券数量和申购现金替代保证金确定基金应退还投资人的款项或投资人应 补交的款项。若发生特殊情况， 包括如遇港股通结算异常等， 基金管理人可以对 折算汇率和结算成本进行相应调整。T 日后的 5 个工作日内， 基金管理人将应退 款或补款与相关申购赎回代理券商办理交收。 若发生特殊情况， 基金管理人可以 对交收日期进行相应调整。 如遇港股通临时停市、 港股通交易每日额度或总额度不足等特殊情况， 组合 证券的代理买入及结算价格可依次顺延至下一港股通交易日直至交易正常。 如遇 证券长期停牌、流动性不足等可能导致收盘价或最后成交价不公允的特殊情况， 可参照证券的估值价格， 对结算成本进行调整。 如果基金管理人认为该证券复牌 后的价格可能存在较大波动， 且可能对基金资产净值产生较大影响， 为了更好的 维护持有人利益， 该证券对应的现金替代款的清算交收可在其复牌后按照实际交 易成本办理。 在此期间若该证券发生除息、 送股 （转增） 、 配股等重要权益变动， 则进行相应调整。 ④赎回替代金额的处理程序 对于确认成功的 T 日赎回申请，T 日内基金管理人根据赎回规模进行组合证 券的代理卖出。 基金管理人有权根据基金投资的需要自主决定不卖出部分被替代 证券， 或者不进行任何卖出证券的操作。T 日内基金管理人根据所卖出的被替代 组合证券的实际单位卖出金额、 实际卖出的相关费用（实际卖出金额根据港股通 相关业务规则按当天的港股通买入结算汇兑比率折算为人民币）、 未卖出的被替 代组合证券的 T 日收盘价 （折算为人民币， 折算汇率采用基金管理人和基金托管 人商定的汇率公允价，包括中国外汇交易中心公布的北京时间 16:00 参考汇率、 港股通买入结算汇兑比率和卖出结算汇兑比率的算,较大的风险、流动性风险、退市风险等。 基金合同生效后， 本基金的申购、 赎回采用全现金替代、 基金管理人代买代 卖的模式， 申购对价、 赎回对价包括现金替代、 现金差额及其他对价。 未来在条 件允许的情况下， 在履行适当程序后， 基金管理人可以在场内开通现金申购、 赎 回以外的方式办理申购、 赎回业务， 或开通场外申购、 赎回相关业务， 相应的业 务规则、 申购赎回原则等相关事项届时将另行约定并公告， 无需召开基金份额持 有人大会审议。 根据本基金现行适用的清算交收和申赎处理规则， 投资者当日申购的基金份 额， 清算交收完成后方可卖出和赎回， 即T 日申购的基金份额且日间完成 RTGS （实时逐笔全额结算） 交收的，T 日可卖出和赎回， 而T 日申购的基金份额且日 终完成逐笔全额非担保交收的，T+1 日方可卖出和赎回；T 日竞价买入的基金份 额，T 日可以卖出或赎回；T 日大宗买入的基金份额，T 日可以大宗卖出，T+1 日可以竞价卖出或赎回。 投资有风险， 投资者认购 （或申购） 基金时应认真阅读本招募说明书、 基金 合同、 基金产品资料概要等信息披露文件， 自主判断基金的投资价值， 自主做出 投资决策，自行承担投资风险。基金管理人提醒投资者基金投资的“买者自负” 原则， 在投资者作出投资决策后， 基金运营状况与基金净值变化引致的投资风险， 由投资者自行负责。 未来若出现标的指数不符合要求 （因成份股价格波动等指数编制方法变动之 外的因素致使标的指数不符合要求的情形除外） 、 指数编制机构退出等情形， 基 富国恒生生物科技交易型开放式指数证券投资,/Users/ellis/工具程序开发/港股通逐标的分析/临时数据/159132/159132_更新招募说明书_20260617.txt
103,159127,南方中证港股通高股息投资ETF,南方中证港股通高股息投资交易型开放式指数证券投资基金招募说明书,2025-10-24,证券 仅在境内证券交易所上市的ETF产品存在一定差异。在目前结算规则下，投资者当日申购的 基金份额，清算交收完成后可卖出和赎回，即T日申购的ETF份额且日间完成RTGS（实时 逐笔全额结算）交收，T日可卖出与赎回；T日申购的ETF份额日间未完成交收的，日终完 成逐笔全额非担保交收，T+1日方可卖出和赎回；T日竞价买入的基金份额，T日可以卖出 或赎回；T日大宗买入的基金份额，T日可以大宗卖出，T+1日可以竞价卖出或赎回。 投资人投资本基金时需具有深圳证券交易所A股账户或基金账户。其中，深圳证券交易 所基金账户只能进行基金的现金认购和二级市场交易， 如投资人需要参与基金的申购、 赎回， 则应开立深圳证券交易所A股账户。 投资人在投资本基金之前，请仔细阅读本基金的招募说明书、基金产品资,,替代金额的处理程序 T日， 基金管理人在申购赎回清单中公布现金替代溢价比例， 并据此收取申购替代金额。 正常情况下，对于确认成功的T日（T日为开放日）申购申请，基金管理人根据T日内 所购入的被替代证券的实际单位购入成本（包括买入价格与相关费用，按照汇率折算为人民 币）和未购入的被替代证券的T日收盘价（按照汇率折算为人民币，被替代证券当日在证券 交易所无交易的，取最近交易日的收盘价；交易日无收盘价的，取最后成交价）计算被替代 证券的单位结算成本， 在此基础上根据替代证券数量和申购替代金额确定基金应退还投资者 或投资者应补交的款项，若T日发生除息、收益分配等重要权益变动，则进行相应调整。基 金管理人有权根据基金投资的需要自主决定不买入部分被替代证券， 或者不进行任何买入被 替代证券的操作。 正常情况下，对于确认成功的T日（T日为开放日）赎回申请，基金管理人根据T日内 所卖出的被替代证券的实际单位卖出金额（扣除相关费用，按照汇率折算为人民币）和未卖 出的被替代证券的T日收盘价（按照汇率折算为人民币，被替代证券当日在证券交易所无交 易的，取最近交易日的收盘价；交易日无收盘价的，取最后成交价）计算被替代证券的单位 结算金额，在此基础上根据替代证券数量确定赎回替代金额，若T日发生除息、收益分配等 重要权益变动，则进行相应调整。基金管理人有权根据基金投资的需要自主决定不卖出部分 被替代证券，或者不进行任何卖出被替代证券的操作。 上述汇率目前采用汇率公允价。汇率公允价包括但不限于港股通结算汇兑比率、中国 外汇交易中心最新收盘价、中国外汇交易中心参考汇率或交易汇率、中国人民银行或其授权 机构最新公布的人民币汇率中间价、与基金托管人商定的其他公允价格等。 正常情况下，T日后的第5个开放日内， 基金管理人将申购应退款或补款与相关申购赎 回代理券商办理交收；T日后的第7个开放日内，基金管理人将应支付的赎回替代金额与相 关申购赎回代理券商办理交收。 若发生特殊情况， 基金管理人可以对交收日期进行相应调整。 35 如遇港股通临时停市等特殊情况，组合证券的代理卖出及结算价格可依次顺延至下一 港股通交易日直至交易正常，款项交收的日期也可相应顺延。如遇证券长期停牌、流动性不 足等可能导致收盘价或最后成交价不公允的特殊情况，可参照证券的估值价格，对结算价格 进行调整，如果基金管理人认为该证券复牌后的价格可能存在较大波动，且可能对基金资产 净值产生较大影响，为了更好的维护持有人利益，该证券对应的现金替代款的清算交收可在 其复牌后按照实际交易成本或者基金管理人认为合理的价格办理。 在此期间若该证券发生除 息、送股（转增） 、配股等重要权益变动，则进行相应调整。 4） 基金管理人可根据运作情况调整代理申赎投资者买券卖券的相关规则并按规定公告。 5）未来如港股通交易、结算规则发生改变，或深圳证券交易所,替代金额的处理程序 T日， 基金管理人在申购赎回清单中公布现金替代溢价比例， 并据此收取申购替代金额。 正常情况下，对于确认成功的T日（T日为开放日）申购申请，基金管理人根据T日内 所购入的被替代证券的实际单位购入成本（包括买入价格与相关费用，按照汇率折算为人民 币）和未购入的被替代证券的T日收盘价（按照汇率折算为人民币，被替代证券当日在证券 交易所无交易的，取最近交易日的收盘价；交易日无收盘价的，取最后成交价）计算被替代 证券的单位结算成本， 在此基础上根据替代证券数量和申购替代金额确定基金应退还投资者 或投资者应补交的款项，若T日发生除息、收益分配等重要权益变动，则进行相应调整。基 金管理人有权根据基金投资的需要自主决定不买入部分被替代证券， 或者不进行任何买入被 替代证券的操作。 正常情况下，对于确认成功的T日（T日为开放日）赎回申请，基金管理人根据T日内 所卖出的被替代证券的实际单位卖出金额（扣除相关费用，按照汇率折算为人民币）和未卖 出的被替代证券的T日收盘价（按照汇率折算为人民币，被替代证券当日在证券交易所无交 易的，取最近交易日的收盘价；交易日无收盘价的，取最后成交价）计算被替代证券的单位 结算金额，在此基础上根据替代证券数量确定赎回替代金额，若T日发生除息、收益分配等 重要权益变动，则进行相应调整。基金管理人有权根据基金投资的需要自主决定不卖出部分 被替代证券，或者不进行任何卖出被替代证券的操作。 上述汇率目前采用汇率公允价。汇率公允价包括但不限于港股通结算汇兑比率、中国 外汇交易中心最新收盘价、中国外汇交易中心参考汇率或交易汇率、中国人民银行或其授权 机构最新公布的人民币汇率中间价、与基金托管人商定的其他公允价格等。 正常情况下，T日后的第5个开放日内， 基金管理人将申购应退款或补款与相关申购赎 回代理券商办理交收；T日后的第7个开放日内，基金管理人将应支付的赎回替代金额与相 关申购赎回代理券商办理交收。 若发生特殊情况， 基金管理人可以对交收日期进行相应调整。 35 如遇港股通临时停市等特殊情况，组合证券的代理卖出及结算价格可依次顺延至下一 港股通交易日直至交易正常，款项交收的日期也可相应顺延。如遇证券长期停牌、流动性不 足等可能导致收盘价或最后成交价不公允的特殊情况，可参照证券的估值价格，对结算价格 进行调整，如果基金管理人认为该证券复牌后的价格可能存在较大波动，且可能对基金资产 净值产生较大影响，为了更好的维护持有人利益，该证券对应的现金替代款的清算交收可在 其复牌后按照实际交易成本或者基金管理人认为合理的价格办理。 在此期间若该证券发生除 息、送股（转增） 、配股等重要权益变动，则进行相应调整。 4） 基金管理人可根据运作情况调整代理申赎投资者买券卖券的相关规则并按规定公告。 5）未来如港股通交易、结算规则发生改变，或深圳证券交易所,赎回清单：指由基金管理人编制的用以公告申购对价、赎回对价等信息的文件 5 48、申购对价：指投资人申购基金份额时，按基金合同和招募说明书规定应交付的现金 替代、现金差额和其他对价 49、赎回对价：指基金份额持有人赎回基金份额时，基金管理人按基金合同和招募说明 书规定应交付给赎回人的现金替代、现金差额和其他对价 50、标的指数：本基金标的指数为中证港股通高股息投资指数 51、组合证券：指本基金标的指数所包含的全部或部分证券 52、最小申购赎回单位：指本基金申购份额、赎回份额的最低数量，投资人申购或赎回 的基金份额数应为最小申购赎回单位的整数倍 53、现金替代：指申购或赎回过程中，投资人按基金合同和招募说明书的规定，用于替 代组合证券中全部或部分证券的一定数量的现金 54、现金差额：指最小申购赎回单位的资产净值与按当日收盘价计算的最小申购赎回单 位中的组合证券市值和现金替代之差；投资人申购或赎回时应支付或应获得的现金差额根据 最小申购赎回单位对应的现金差额、申购或赎回的基金份额数计算 55、元：指人民币元 56、基金利润：指基金利息收入、汇兑损益、投资收益、公允价值变动收益和其他收入 扣除相关费用后的余额 57、基金资产总值：指基金拥有的各类有价证券及票据价值、银行存款本息、基金应收 申购款及其他资产的价值总和 58、基金资产净值：指基金资产总值减去基金负债后的价值 59、基金份额净值：指计算日基金资产净值除以计算日基金份额总数 60、基金资产估值：指计算评估基金资产和负债的价值，以确定基金资产净值和基金份 额净值的过程 61、规定媒介：指符合中国证,/Users/ellis/工具程序开发/港股通逐标的分析/临时数据/159127/159127_招募说明书_20251024.txt
104,520960,嘉实恒指港股通ETF,嘉实恒指港股通交易型开放式指数证券投资基金更新招募说明书(2026年01月23日更新),2026-01-23,业务规 则和参与各方相关协议及其不时修订的有关规定。 对于本基金的申购业务采用实时逐笔全额结算（Real Time Gross Settlement，以下简称 RTGS）模式； 赎回业务涉及的现金替代采用代收代付处理；申购、赎回业务涉及的现金差额和现金替代退补款采用代收 代付处理。 投资者 T 日现金申购后，如交易记录已勾单且申购资金足额的，登记结算机构在 T 日日间实时办理基 金份额及现金替代的交收；T 日日间未进行勾单确认或日间资金不足的，登记结算机构在 T 日日终根据资金 嘉实恒指港股通交易型开放式指数证券投资基金更新招募说明书（2026 年 01 月 23 日更新） 是否足额办理基金份额及现金替代的清算交收；在 T+1 日内办理现金差额的清算，并将结果发送给申购赎 回代理,,申购现金替代保证金的处理程序 对于确认成功的 T 日申购申请，T 日内基金管理人根据申购规模进行组合证券的代理买入。T 日日终， 基金管理人根据所购入的被替代证券的实际单位购入成本（包括买入价格与相关费用，按照汇率折算为人 民币）和未买入的被替代证券的 T 日收盘价（按照汇率折算为人民币；T 日在证券交易所无交易的，取最近 交易日的收盘价；交易日无收盘价的，取最后成交价）计算被替代证券的单位结算成本，在此基础上根据 替代证券数量和申购现金替代保证金确定基金应退还投资者或投资者应补交的款项。T+3 日（指开放日）内， 基金管理人将应退款或补款与相关申购赎回代理券商办理交收，当交收期间出现港股通交易日为非港股通 交收日时，款项交收日期可以顺延。若发生特殊情况，基金管理人可以对交收日期进行相应调整。 上述汇率是指汇率公允价。汇率公允价包括但不限于中国人民银行或其授权机构最新公布的人民币汇 率中间价、中国外汇交易中心公布的人民币对主要货币参考汇率、与基金托管人商定的其他公允价格（如： 中国人民银行或国家外汇管理局或中国外汇交易中心正式对外公布的人民币兑主要外汇当日收盘价）等。 如遇港股通临时停市、港股通交易每日额度不足等特殊情况，组合证券的代理买入及结算价格可依次 顺延至下一港股通交易日直至交易正常。如遇证券长期停牌、流动性不足等可能导致收盘价或最后成交价 不公允的特殊情况，可参照证券的估值价格，对结算价格进行调整，如果基金管理人认为该证券复牌后的 价格可能存在较大波动，且可能对基金资产净值产生较大影响，为了更好的维护持有人利益，该证券对应 的现金替代款的清算交收可在其复牌后按照实际交易成本办理。在此期间若该证券发生除息、送股（转增）、 配股等重要权益变动，则进行相应调整。 ④赎回替代金额的处理程序 对于确认成功的 T 日赎回申请，T 日内，基金管理人根据赎回规模进行组合证券的代理卖出。T 日日终， 基金管理人根据所卖出的被替代证券的实际单位卖出金额（扣除相关费用，按照汇率折算为人民币）和未 卖出的被替代证券的 T 日收盘价（按照汇率折算为人民币；被替代证券 T 日在证券交易所无交易的，取最 近交易日的收盘价；交易日无收盘价的，取最后成交价）计算被替代证券的单位结算金额，在此基础上根 据替代证券数量确定赎回替代金额。T+7 日（指开放日）内，基金管理人将应支付的赎回替代金额与相关申 购赎回代理券商办理交收，当交收期间出现港股通交易日为非港股通交收日时，款项交收日期可以顺延。 嘉实恒指港股通交易型开放式指数证券投资基金更新招募说明书（2026 年 01 月 23 日更新） 若发生特殊情况，基金管理人可以对交收日期进行相应调整。 上述汇率是指汇率公允价。汇率公允价包括但不限于中国人民银行或其授权机构最新公布的人民币汇 率中间价、中国外汇交易中心公布的人民币对主要货币参考,赎回替代金额的处理程序 对于确认成功的 T 日赎回申请，T 日内，基金管理人根据赎回规模进行组合证券的代理卖出。T 日日终， 基金管理人根据所卖出的被替代证券的实际单位卖出金额（扣除相关费用，按照汇率折算为人民币）和未 卖出的被替代证券的 T 日收盘价（按照汇率折算为人民币；被替代证券 T 日在证券交易所无交易的，取最 近交易日的收盘价；交易日无收盘价的，取最后成交价）计算被替代证券的单位结算金额，在此基础上根 据替代证券数量确定赎回替代金额。T+7 日（指开放日）内，基金管理人将应支付的赎回替代金额与相关申 购赎回代理券商办理交收，当交收期间出现港股通交易日为非港股通交收日时，款项交收日期可以顺延。 嘉实恒指港股通交易型开放式指数证券投资基金更新招募说明书（2026 年 01 月 23 日更新） 若发生特殊情况，基金管理人可以对交收日期进行相应调整。 上述汇率是指汇率公允价。汇率公允价包括但不限于中国人民银行或其授权机构最新公布的人民币汇 率中间价、中国外汇交易中心公布的人民币对主要货币参考汇率、与基金托管人商定的其他公允价格（如： 中国人民银行或国家外汇管理局或中国外汇交易中心正式对外公布的人民币兑主要外汇当日收盘价）等。 如遇港股通临时停市等特殊情况，组合证券的代理卖出及结算价格可依次顺延至下一港股通交易日直 至交易正常。如遇证券长期停牌、流动性不足等可能导致收盘价或最后成交价不公允的特殊情况，可参照 证券的估值价格，对结算价格进行调整，如果基金管理人认为该证券复牌后的价格可能存在较大波动，且 可能对基金资产净值产生较大影响，为了更好的维护持有人利益，该证券对应的现金替代款的清算交收可 在其复牌后按照实际交易成本办理。在此期间若该证券发生除息、送股（转增）、配股等重要权益变动，则 进行相应调整。 ⑤基金管理人可根据运作情况调整代理申赎投资者买券卖券的相关规则并按规定公告。 ⑥未来若港股通的交易、结算规则发生改变，或上海证券交易所、登记结算机构有关申购赎回交易结 算规则发生改变，或基金管理人与基金托管人之间的结算相关安排发生改变，基金管理人可对上述相关现 金替代处理规则进行调整，并按规定公告。 4、预估现金部分相关内容 预估现金部分是指为便于计算基金份额参考净值及申购赎回代理券商预先冻结申请申购赎回的投资者 的相应资金，由基金管理人计算的现金数额。 T 日申购赎回清单中公告 T 日预估现金部分。其计算公式为： T 日预估现金部分＝T-1 日最小申购赎回单位的基金资产净值－（申购赎回清单中必须现金替代的固定 替代金额＋申购赎回清单中可以现金替代成份证券的数量与相应证券调整后 T 日开盘参考价及 T-1 日估值 汇率的相乘之和） 其中，该证券调整后 T 日开盘参考价主要根据恒生指数有限公司提供的标的指数成份证券的调整后开 盘参考价确定。另外，若 T 日为基金,、申购赎回清单：指由基金管理人编制的用以公告申购对价、赎回对价等信息的文件 48、申购对价：指投资人申购基金份额时，按基金合同和招募说明书规定应交付的现金替代、现金差额 及其他对价 49、赎回对价：指基金份额持有人赎回基金份额时，基金管理人按基金合同和招募说明书规定应交付给 赎回申请人的现金替代、现金差额及其他对价 50、标的指数：指恒指港股通指数及其未来可能发生的变更 51、组合证券：指本基金标的指数所包含的全部或部分证券 52、完全复制法：指一种构建跟踪指数的投资组合的方法。通过购买标的指数中的所有成份证券，并且 按照每种成份证券在标的指数中的权重确定购买的比例，以达到复制指数的目的 53、最小申购赎回单位：指本基金申购份额、赎回份额的最低数量，投资人申购或赎回的基金份额数应 为最小申购赎回单位的整数倍 54、现金替代：指申购或赎回过程中，投资者按基金合同和招募说明书的规定，用于替代申购赎回清单 中所规定证券的一定数量的现金 嘉实恒指港股通交易型开放式指数证券投资基金更新招募说明书（2026 年 01 月 23 日更新） 55、现金差额：指最小申购赎回单位的资产净值与按当日收盘价计算的最小申购赎回单位中的组合证券 市值和现金替代之差；投资者申购或赎回时应支付或应获得的现金差额根据最小申购赎回单位对应的现金 差额、申购或赎回的基金份额数计算 56、预估现金部分：指由基金管理人计算并在 T 日申购赎回清单中公布的当日现金差额的预估值，预估 现金部分由申购赎回代理券商（代办证券公司）预先冻结 57、元：指人民币元 58、基金资产总值：指基金拥有的各,/Users/ellis/工具程序开发/港股通逐标的分析/临时数据/520960/520960_更新招募说明书_20260123.txt
105,513690,博时恒生高股息ETF,博时恒生港股通高股息率交易型开放式指数证券投资基金更新招募说明书,2026-06-01,的清算交收与登记 本基金申购赎回过程中涉及的基金份额、现金替代、现金差额及其他对价的清算交收适 用相关业务规则和参与各方相关协议的有关规定。 本基金申购业务采用实时逐笔全额结算（Real Time Gross Settlement）模式；赎回 业务涉及的现金替代可采用代收代付处理；申购、赎回业务涉及的现金差额和现金替代退补 款可采用代收代付处理。 投资者 T 日申购成功后，如交易记录已勾单且申购资金足额的，登记结算机构在 T 日日 间实时办理基金份额及现金替代的交收；T 日日间未进行勾单确认或日间资金不足的，登记 结算机构在 T 日日终根据资金是否足额办理基金份额及现金替代的清算交收，并将结果发送 给基金管理人、申购赎回代理券商和基金托管人。登记结算机构在 T+1 日内办理现金差额的,,替代金额的处理程序 对可以现金替代而言，申购时收取现金替代溢价的原因是，基金管理人需要在收到申购 确认信息后，在香港市场买入组合证券，结算成本与替代金额可能有所差异。对于使用现金 替代的证券，基金管理人将买入该证券，实际买入价格加上相关交易费用并折算为人民币后 与该证券调整后 T 日开盘参考价，按照汇率折算后的金额，可能有所差异。为便于操作，基 金管理人在申购赎回清单中预先确定现金替代溢价比例，并据此收取替代金额。如果预先收 取的金额高于基金购入该部分证券的实际成本，则基金管理人将退还多收取的差额；如果预 先收取的金额低于基金购入该部分证券的实际成本，则基金管理人将向投资者收取欠缺的差 额。 对于确认成功的 T 日申购申请，T+1 日（指开放日）内基金管理人根据申购规模进行组 合证券的代理买入。T+1 日（指开放日）日终，基金管理人根据所购入的被替代组合证券的 博时恒生港股通高股息率交易型开放式指数证券投资基金更新招募说明书 第 59页 共 161页 实际单位购入成本、实际购入的相关费用、未购入的被替代组合证券的 T+1 日（指开放日） 收盘价（折算为人民币，折算汇率包括但不限于中国外汇交易中心公布的北京时间 16:00 主要货币兑人民币参考汇率、中国人民银行或其授权机构最新公布的人民币汇率中间价、与 基金托管人商定的其他公允价格等；被替代组合证券 T+1 日（指开放日）无交易的，取最近 交易日的收盘价）计算并确定被替代组合证券的单位结算成本，在此基础上根据替代组合证 券数量和现金替代保证金确定基金应退还投资人的款项或投资人应补交的款项。T+1 日（在 特殊情况下则为 T 日起的第 21 个交易日后）后的两个工作日内，基金管理人将应退款或补 款与相关申购赎回代理机构办理交收。若发生特殊情况，基金管理人可以对交收日期进行相 应调整。 如遇港股通临时停市、港股通交易每日额度或总额度不足等特殊情况，组合证券的代理 买入及结算价格可依次顺延至下一港股通交易日直至交易正常。如遇证券长期停牌、流动性 不足等可能导致收盘价或最后成交价不公允的特殊情况，可参照证券的估值价格，对结算成 本进行调整。如果基金管理人认为该证券复牌后的价格可能存在较大波动，且可能对基金资 产净值产生较大影响，为了更好的维护持有人利益，该证券对应的现金替代款的清算交收可 在其复牌后按照实际交易成本办理。在此期间若该证券发生除息、送股（转增）、配股等重 要权益变动，则进行相应调整。 特殊情况：若自 T 日起，香港证券交易所正常交易日已达 20 日而该部分证券的正常交 易日低于 1 日，则以替代金额与所购入的部分被替代证券的实际购入成本加上按照最近一次 收盘价计算的未购入的部分被替代证券价值的差额（折算为人民币，折算汇率包括但不限于 中国外汇交易中心公布的北京时间 16:00 主要货币兑人民币参考汇率、,替代金额的处理程序 对可以现金替代而言，申购时收取现金替代溢价的原因是，基金管理人需要在收到申购 确认信息后，在香港市场买入组合证券，结算成本与替代金额可能有所差异。对于使用现金 替代的证券，基金管理人将买入该证券，实际买入价格加上相关交易费用并折算为人民币后 与该证券调整后 T 日开盘参考价，按照汇率折算后的金额，可能有所差异。为便于操作，基 金管理人在申购赎回清单中预先确定现金替代溢价比例，并据此收取替代金额。如果预先收 取的金额高于基金购入该部分证券的实际成本，则基金管理人将退还多收取的差额；如果预 先收取的金额低于基金购入该部分证券的实际成本，则基金管理人将向投资者收取欠缺的差 额。 对于确认成功的 T 日申购申请，T+1 日（指开放日）内基金管理人根据申购规模进行组 合证券的代理买入。T+1 日（指开放日）日终，基金管理人根据所购入的被替代组合证券的 博时恒生港股通高股息率交易型开放式指数证券投资基金更新招募说明书 第 59页 共 161页 实际单位购入成本、实际购入的相关费用、未购入的被替代组合证券的 T+1 日（指开放日） 收盘价（折算为人民币，折算汇率包括但不限于中国外汇交易中心公布的北京时间 16:00 主要货币兑人民币参考汇率、中国人民银行或其授权机构最新公布的人民币汇率中间价、与 基金托管人商定的其他公允价格等；被替代组合证券 T+1 日（指开放日）无交易的，取最近 交易日的收盘价）计算并确定被替代组合证券的单位结算成本，在此基础上根据替代组合证 券数量和现金替代保证金确定基金应退还投资人的款项或投资人应补交的款项。T+1 日（在 特殊情况下则为 T 日起的第 21 个交易日后）后的两个工作日内，基金管理人将应退款或补 款与相关申购赎回代理机构办理交收。若发生特殊情况，基金管理人可以对交收日期进行相 应调整。 如遇港股通临时停市、港股通交易每日额度或总额度不足等特殊情况，组合证券的代理 买入及结算价格可依次顺延至下一港股通交易日直至交易正常。如遇证券长期停牌、流动性 不足等可能导致收盘价或最后成交价不公允的特殊情况，可参照证券的估值价格，对结算成 本进行调整。如果基金管理人认为该证券复牌后的价格可能存在较大波动，且可能对基金资 产净值产生较大影响，为了更好的维护持有人利益，该证券对应的现金替代款的清算交收可 在其复牌后按照实际交易成本办理。在此期间若该证券发生除息、送股（转增）、配股等重 要权益变动，则进行相应调整。 特殊情况：若自 T 日起，香港证券交易所正常交易日已达 20 日而该部分证券的正常交 易日低于 1 日，则以替代金额与所购入的部分被替代证券的实际购入成本加上按照最近一次 收盘价计算的未购入的部分被替代证券价值的差额（折算为人民币，折算汇率包括但不限于 中国外汇交易中心公布的北京时间 16:00 主要货币兑人民币参考汇率、,赎回清单：指由基金管理人编制的用以公告申购对价、赎回对价等信息的 文件 46. 申购对价：指投资人申购基金份额时，按基金合同和招募说明书规定应交付的现 金替代、现金差额及其他对价 47. 赎回对价：指投资人赎回基金份额时，基金管理人按基金合同和招募说明书规定 应交付给赎回人的现金替代、现金差额及其他对价 48. 组合证券：指本基金标的指数所包含的全部或部分证券 49. 标的指数：指恒生指数有限公司编制并发布的恒生港股通高股息率指数及其未来 可能发生的变更 50. 完全复制法：指一种跟踪指数的方法。通过购买标的指数中的所有成份证券，并 且按照每种成份证券在标的指数中的权重确定购买的比例以构建指数组合，达到复制指数的 目的 51. 现金替代：指申购、赎回过程中，投资人按基金合同和招募说明书的规定，用于 替代组合证券中部分证券的一定数量的现金 52. 现金替代退补款：指投资人支付的现金替代与基金购入被替代成份证券的成本及 相关费用的差额。若现金替代大于本基金购入被替代成份证券的成本及相关费用，则本基金 需向投资人退还差额，若现金替代小于本基金购入被替代成份证券的成本及相关费用，则投 资人需向本基金补缴差额 53. 现金差额：指最小申购、赎回单位的资产净值与按当日收盘价计算的最小申购、 赎回单位中的组合证券市值和现金替代之差；投资人申购、赎回时应支付或应获得的现金差 额根据最小申购、赎回单位对应的现金差额、申购或赎回的基金份额数计算 54. 最小申购、赎回单位：指本基金申购、赎回份额的最低数量，投资人申购、赎回 的基金份额应为最小申购、赎回单位的整数倍,/Users/ellis/工具程序开发/港股通逐标的分析/临时数据/513690/513690_更新招募说明书_20260601.txt
106,513700,鹏华中证港股通医药卫生综合交易ETF,鹏华中证港股通医药卫生综合交易型开放式指数证券投资基金更新的招募说明书,2026-04-08,算交收 适用《业务规则》和参与各方相关协议的有关规定。 本基金申购业务采用实时逐笔全额结算（ Real Time Gross Settlement ，以下简称 RTGS）模式；赎回业务涉及的现金替代可采用代收代付处理；申购、赎回业务涉及的现金 差额和现金替代退补款可采用代收代付处理。 投资者 T 日现金申购后，如交易记录已勾单且申购资金足额的，登记机构在 T 日日间 实时办理基金份额及现金替代的交收； T 日日间未进行勾单确认或日间资金不足的，登记 机构在 T 日日终根据资金是否足额办理基金份额及现金替代的清算交收，并将结果发送给 基金管理人、申购赎回代理券商和基金托管人。基金管理人在 T+1 日内办理现金差额的清 算，在 T+2 日内办理现金差额的交收。 投资者 T 日赎回成功,依次顺延至下一 32 港股通交易日直至交易正常。如遇证券长期停牌、流动性不足等可能导致收盘价或最后成 交价不公允的特殊情况，可参照证券的估值价格，对结算价格进行调整，如果基金管理人 认为该证券复牌后的价格可能存在较大波动，且可能对基金资产净值产生较大影响，为了 更好的维护持有人利益，该证券对应的现金替代款的清算交收可在其复牌后按照实际交易 成本办理。在此期间若该证券发生除息、送股（转增）、配股等重要权益变动，则进行相 应调整。 ⑤在系统支持的情况下，对于 T 日的申购赎回申请，基金管理人有权进行轧差处理， 针对净申购，购入净申购份额对应的组合证券中被替代的成份证券，针对净赎回，卖出净 赎回份额对应的组合证券中被替代的成份证券，基金管理人有权购入或者卖出不等于轧差 处理后的上述被替代的成份证券的任意数量。 ⑥基金管理人可根据运作情况调整代理申赎投资者买券卖券的相关规则并按规定公 告。 ⑦未来如港股通的交易、结算规则发生改变，或上海证券交易所、登记机构有关申购 赎回交易结算规则发生改变，或基金管理人与基金托管人之间的结算相关安排发生改变， 基金管理人可对上述相关现金替代处理规则进行调整，并按规定公告。 4、预估现金部分相关内容 预估现金部分是指为便于计算基金份额参考净值及申购赎回代理券商预先冻结申请申 购、赎回的投资者的相应资金，由基金管理人计算的现金数额。 T 日申购、赎回清单中公告 T 日预估现金部分。其计算公式为： T 日预估现金部分＝T-1 日最小申购、赎回单位的基金资产净值－（申购、赎回清单 中必须现金替代的固定替代金额＋申购、赎回清单中可以现金替代成份证券的数量与该证 券调整后 T 日开盘参考价以及 T-1 日估值汇率相乘之和） 若 T 日为基金分红除息日，则计算公式中的,申购替代金额的处理程序 对于确认成功的 T 日申购申请，通常情况下 T 日内基金管理人根据申购规模进行组合 证券的代理买入。基金管理人有权在 T 日内任意时刻以收到的申购替代金额代投资者买入 小于等于被替代证券数量的任意数量的被替代证券。基金管理人有权根据基金投资的需要 自主决定不买入部分被替代证券，或者不进行任何买入证券的操作。T 日日终，基金管理 人根据所购入的被替代证券的实际单位购入成本（包括买入价格与相关费用，折算为人民 币）和未买入的被替代证券的 T 日收盘价（折算为人民币，折算汇率采用当天的估值汇 率；T 日在证券交易所无交易的，取最近交易日的收盘价；交易日无收盘价的，取最后成 交价）计算被替代证券的单位结算成本，在此基础上根据替代证券数量和申购现金替代金 额确定基金应退还投资者或投资者应补交的款项。若发生特殊情况，基金管理人可以对交 收日期进行相应调整。 如遇港股通临时停市、港股通交易每日额度等特殊情况，组合证券的代理买入及结算 价格可依次顺延至下一港股通交易日直至交易正常。如遇证券长期停牌、流动性不足等可 能导致收盘价或最后成交价不公允的特殊情况，可参照证券的估值价格，对结算价格进行 调整，如果基金管理人认为该证券复牌后的价格可能存在较大波动，且可能对基金资产净 值产生较大影响，为了更好的维护持有人利益，该证券对应的现金替代款的清算交收可在 其复牌后按照实际交易成本办理。在此期间若该证券发生除息、送股（转增）、配股等重 要权益变动，则进行相应调整。 ④赎回替代金额的处理程序 对于确认成功的 T 日赎回申请，通常情况下 T 日内基金管理人根据赎回规模进行组合 证券的代理卖出。基金管理人有权在 T 日内任意时刻代投资者卖出小于等于被替代证券数 量的任意数量的被替代证券。基金管理人有权根据基金投资的需要自主决定不卖出部分被 替代证券，或者不进行任何卖出证券的操作。T 日日终，基金管理人根据所卖出的被替代 证券的实际单位卖出金额（扣除相关费用）和未卖出的被替代证券的 T 日收盘价（折算为 人民币，折算汇率采用当 天的估值汇率；被替代证券 T 日在证券交易所无交易的，取最近 交易日的收盘价；交易日无收盘价的，取最后成交价）计算被替代证券的单位结算金额， 在此基础上根据替代证券数量确定赎回替代金额。若发生特殊情况，基金管理人可以对交 收日期进行相应调整。 如遇港股通临时停市等特殊情况，组合证券的代理卖出及结算价格可依次顺延至下一 32 港股通交易日直至交易正常。如遇证券长期停牌、流动性不足等可能导致收盘价或最后成 交价不公允的特殊情况，可参照证券的估值价格，对结算价格进行调整，如果基金管理人 认为该证券复牌后的价格可能存在较大波动，且可能对基金资产净值产生较大影响，为了 更好的维护持有人利益，该证券对应的现金替代款的清算交收可在其复牌后按照实际交易 成本,替代金额的处理程序 对于确认成功的 T 日申购申请，通常情况下 T 日内基金管理人根据申购规模进行组合 证券的代理买入。基金管理人有权在 T 日内任意时刻以收到的申购替代金额代投资者买入 小于等于被替代证券数量的任意数量的被替代证券。基金管理人有权根据基金投资的需要 自主决定不买入部分被替代证券，或者不进行任何买入证券的操作。T 日日终，基金管理 人根据所购入的被替代证券的实际单位购入成本（包括买入价格与相关费用，折算为人民 币）和未买入的被替代证券的 T 日收盘价（折算为人民币，折算汇率采用当天的估值汇 率；T 日在证券交易所无交易的，取最近交易日的收盘价；交易日无收盘价的，取最后成 交价）计算被替代证券的单位结算成本，在此基础上根据替代证券数量和申购现金替代金 额确定基金应退还投资者或投资者应补交的款项。若发生特殊情况，基金管理人可以对交 收日期进行相应调整。 如遇港股通临时停市、港股通交易每日额度等特殊情况，组合证券的代理买入及结算 价格可依次顺延至下一港股通交易日直至交易正常。如遇证券长期停牌、流动性不足等可 能导致收盘价或最后成交价不公允的特殊情况，可参照证券的估值价格，对结算价格进行 调整，如果基金管理人认为该证券复牌后的价格可能存在较大波动，且可能对基金资产净 值产生较大影响，为了更好的维护持有人利益，该证券对应的现金替代款的清算交收可在 其复牌后按照实际交易成本办理。在此期间若该证券发生除息、送股（转增）、配股等重 要权益变动，则进行相应调整。 ④赎回替代金额的处理程序 对于确认成功的 T 日赎回申请，通常情况下 T 日内基金管理人根据赎回规模进行组合 证券的代理卖出。基金管理人有权在 T 日内任意时刻代投资者卖出小于等于被替代证券数 量的任意数量的被替代证券。基金管理人有权根据基金投资的需要自主决定不卖出部分被 替代证券，或者不进行任何卖出证券的操作。T 日日终，基金管理人根据所卖出的被替代 证券的实际单位卖出金额（扣除相关费用）和未卖出的被替代证券的 T 日收盘价（折算为 人民币，折算汇率采用当 天的估值汇率；被替代证券 T 日在证券交易所无交易的，取最近 交易日的收盘价；交易日无收盘价的，取最后成交价）计算被替代证券的单位结算金额， 在此基础上根据替代证券数量确定赎回替代金额。若发生特殊情况，基金管理人可以对交 收日期进行相应调整。 如遇港股通临时停市等特殊情况，组合证券的代理卖出及结算价格可依次顺延至下一 32 港股通交易日直至交易正常。如遇证券长期停牌、流动性不足等可能导致收盘价或最后成 交价不公允的特殊情况，可参照证券的估值价格，对结算价格进行调整，如果基金管理人 认为该证券复牌后的价格可能存在较大波动，且可能对基金资产净值产生较大影响，为了 更好的维护持有人利益，该证券对应的现金替代款的清算交收可在其复牌后按照实际交易 成本办理,购赎回清单：指由基金管理人编制的用以公告申购对价、赎回对价等信息的文 件 51、申购对价：指投资人申购基金份额时，按基金合同和招募说明书规定应交付的现 金替代、现金差额及其他对价 52、赎回对价：指投资人赎回基金份额时，基金管理人按基金合同和招募说明书规定 应交付给赎回人的现金替代、现金差额及其他对价 53、组合证券：指本基金标的指数所包含的全部或部分证券 54、现金替代：指申购或赎回过程中，投资人按基金合同和招募说明书的规定，用于 替代组合证券中部分证券的一定数量的现金 55、现金差额：指最小申购、赎回单位的资产净值与按当日收盘价计算的最小申购、 赎回单位中的组合证券市值和现金替代之差；投资人申购或赎回时应支付或应获得的现金 差额根据最小申购、赎回单位对应的现金差额、申购或赎回的基金份额数计算 56、预估现金部分：指由基金管理人计算并在 T 日申购赎回清单中公布的当日现金差 额预估值，预估现金部分由申购赎回代理券商预先冻结 9 57、最小申购、赎回单位：指本基金申购份额、赎回份额的最低数量，投资人申购、 赎回的基金份额应为最小申购、赎回单位的整数倍 58、基金份额参考净值：指基金管理人或者基金管理人委托的机构在开市后根据申购 赎回清单和组合证券内各只证券的实时成交数据及汇率数据计算，并通过上海证券交易所 发布的基金份额参考净值，简称“IOPV” 59、基金份额折算：指基金管理人根据基金运作的需要，在基金资产净值不变的前提 下，按照一定比例调整基金份额总额及基金份额净值的行为 60、收益评价日：指基金管理人计算本基金份额净值增长率与标的指数同期增,/Users/ellis/工具程序开发/港股通逐标的分析/临时数据/513700/513700_更新招募说明书_20260408.txt
107,520520,华泰柏瑞恒生消费ETF(QDII),华泰柏瑞恒生消费交易型开放式指数证券投资基金(QDII)更新的招募说明书2026年第1号,2026-07-25,时查询并妥善行使合法权利。 3、申购和赎回的清算交收与登记 本基金申购业务采用实时逐笔全额结算（Real Time Gross Settlement，以下简称 RTGS）模 式；赎回业务涉及的现金替代可采用代收代付处理；申购、赎回业务涉及的现金差额和现金替代 退补款可采用代收代付处理。 （1）申购的清算交收 投资者T日现金申购后，如交易记录已勾单且申购资金足额的，登记结算机构在T日日间实 时办理基金份额及现金替代的交收；T日日间未进行勾单确认或日间资金不足的，登记结算机构在 T日日终根据资金是否足额办理基金份额及现金替代的清算交收，并将结果发送给基金管理人、申 购赎回代理券商和基金托管人。基金管理人通过登记结算机构在T+1日办理现金差额的清算， 在T+2日办理现金差额的交收。 （,,申购替代金额的处理程序 对于确认成功的T日申购申请，在T日（指上海证券交易所与香港交易所的共同交易 日）内，基金管理人以收到的申购替代金额代投资者买入被替代证券。基金管理人有权在T 日（指上海证券交易所与香港交易所的共同交易日）内任意时刻以收到的申购替代金额代投 资者买入小于等于被替代证券数量的任意数量的被替代证券。基金管理人有权根据基金投资 的需要自主决定不买入部分被替代证券，或者不进行任何买入证券的操作。 在T日（指上海证券交易所与香港交易所的共同交易日）日终，基金管理人已买入的证 券，依据申购的替代金额与被替代证券的实际买入成本（包括买入价格与相关交易费用）的 差额，确定基金应退还投资者或投资者应补交的款项；未买入的证券，依据申购的替代金额 与被替代证券T日（指上海证券交易所与香港交易所的共同交易日）收盘价（需用汇率公允 价折算为人民币，当日在证券交易所无交易的，取最近交易日的收盘价，当日无收盘价的， 取最后成交价）的差额，确定基金应退还投资者或投资者应补交的款项。 在此期间若该部分证券发生除息、送股（转增）、配股等重要权益变动，则进行相应调 整。正常情况下，T日后的第2个港股通交收日后的第2个工作日内，基金管理人将应退款或 补款与相关申购赎回代理机构办理交收。若发生特殊情况，基金管理人可以对交收日期进行 相应调整。 如遇港股通临时停市、港股通交易每日额度或总额度不足等特殊情况，组合证券的代理 买入及结算价格可依次顺延至下一港股通交易日直至交易正常。如遇证券长期停牌、流动性 不足等特殊情况，可参照证券的估值价格对结算价格进行调整，如果基金管理人认为该证券 复牌后的价格可能存在较大波动，且可能对基金资产净值产生较大影响，为了更好的维护持 有人利益，该证券对应的现金替代退补款的清算交收可在其复牌后按照实际交易成本办理。 在此期间若该证券发生除息、送股（转增）、配股等重要权益变动，则进行相应调整。 上述汇率目前采用汇率公允价。汇率公允价包括中国人民银行或其授权机构最新公布的 人民币汇率中间价、中国外汇交易中心公布的人民币对主要货币参考汇率、与基金托管人商 定的其他公允价格（如：中国人民银行或国家外汇管理局或中国外汇交易中心正式对外发文 后公布的人民币兑主要外汇当日收盘价）等。 华泰柏瑞恒生消费交易型开放式指数证券投资基金（QDII） 43 ④赎回对应的替代金额的处理程序 对于确认成功的T日赎回申请，在T日（指上海证券交易所与香港交易所的共同交易 日）内，基金管理人根据赎回申请代投资者卖出被替代证券。基金管理人有权在T日（指上 海证券交易所与香港交易所的共同交易日）内任意时刻代投资者卖出小于等于被替代证券数 量的任意数量的被替代证券。基金管理人有权根据基金投资的需要自主决定不卖出部分被替 代证券，或者不进行任何卖出证券的操作。 在T日（指上海证券交易所与香港交,替代金额的处理程序 对于确认成功的T日申购申请，在T日（指上海证券交易所与香港交易所的共同交易 日）内，基金管理人以收到的申购替代金额代投资者买入被替代证券。基金管理人有权在T 日（指上海证券交易所与香港交易所的共同交易日）内任意时刻以收到的申购替代金额代投 资者买入小于等于被替代证券数量的任意数量的被替代证券。基金管理人有权根据基金投资 的需要自主决定不买入部分被替代证券，或者不进行任何买入证券的操作。 在T日（指上海证券交易所与香港交易所的共同交易日）日终，基金管理人已买入的证 券，依据申购的替代金额与被替代证券的实际买入成本（包括买入价格与相关交易费用）的 差额，确定基金应退还投资者或投资者应补交的款项；未买入的证券，依据申购的替代金额 与被替代证券T日（指上海证券交易所与香港交易所的共同交易日）收盘价（需用汇率公允 价折算为人民币，当日在证券交易所无交易的，取最近交易日的收盘价，当日无收盘价的， 取最后成交价）的差额，确定基金应退还投资者或投资者应补交的款项。 在此期间若该部分证券发生除息、送股（转增）、配股等重要权益变动，则进行相应调 整。正常情况下，T日后的第2个港股通交收日后的第2个工作日内，基金管理人将应退款或 补款与相关申购赎回代理机构办理交收。若发生特殊情况，基金管理人可以对交收日期进行 相应调整。 如遇港股通临时停市、港股通交易每日额度或总额度不足等特殊情况，组合证券的代理 买入及结算价格可依次顺延至下一港股通交易日直至交易正常。如遇证券长期停牌、流动性 不足等特殊情况，可参照证券的估值价格对结算价格进行调整，如果基金管理人认为该证券 复牌后的价格可能存在较大波动，且可能对基金资产净值产生较大影响，为了更好的维护持 有人利益，该证券对应的现金替代退补款的清算交收可在其复牌后按照实际交易成本办理。 在此期间若该证券发生除息、送股（转增）、配股等重要权益变动，则进行相应调整。 上述汇率目前采用汇率公允价。汇率公允价包括中国人民银行或其授权机构最新公布的 人民币汇率中间价、中国外汇交易中心公布的人民币对主要货币参考汇率、与基金托管人商 定的其他公允价格（如：中国人民银行或国家外汇管理局或中国外汇交易中心正式对外发文 后公布的人民币兑主要外汇当日收盘价）等。 华泰柏瑞恒生消费交易型开放式指数证券投资基金（QDII） 43 ④赎回对应的替代金额的处理程序 对于确认成功的T日赎回申请，在T日（指上海证券交易所与香港交易所的共同交易 日）内，基金管理人根据赎回申请代投资者卖出被替代证券。基金管理人有权在T日（指上 海证券交易所与香港交易所的共同交易日）内任意时刻代投资者卖出小于等于被替代证券数 量的任意数量的被替代证券。基金管理人有权根据基金投资的需要自主决定不卖出部分被替 代证券，或者不进行任何卖出证券的操作。 在T日（指上海证券交易所与香港交易所,赎回对价等信息的文 件 52、组合证券：指标的指数所包含的全部或部分证券 53、申购对价：指投资者申购基金份额时，按基金合同和招募说明书规定应交付的现金 替代、现金差额及其他对价 54、赎回对价：指投资者赎回基金份额时，基金管理人按基金合同和招募说明书规定应 交付给赎回人的现金替代、现金差额及其他对价 55、标的指数：指恒生消费指数及其未来可能发生的变更 华泰柏瑞恒生消费交易型开放式指数证券投资基金（QDII） 11 56、现金替代：指申购、赎回过程中，投资者按基金合同和招募说明书的规定，用于替 代组合证券中全部或部分证券的一定数量的现金 57、现金差额：指最小申购、赎回单位的资产净值与按当日收盘价计算的最小申购、赎 回单位中的组合证券市值和现金替代之差；投资者申购、赎回时应支付或应获得的现金差额 根据最小申购、赎回单位对应的现金差额、申购或赎回的基金份额数计算 58、预估现金差额：指由基金管理人计算并在T日申购赎回清单中公布的当日现金差额 预估值，预估现金差额由申购赎回代理券商预先冻结 59、基金份额参考净值：指基金管理人或者基金管理人委托的指数服务机构根据申购赎 回清单、人民币汇率和组合证券内各只证券的实时成交数据计算并由上海证券交易所在交易 时间内发布的基金份额参考净值，简称IOPV 60、最小申购、赎回单位：指申购份额、赎回份额的最低数量，投资者申购、赎回的基 金份额应为最小申购、赎回单位的整数倍 61、基金份额折算：指基金管理人根据基金运作的需要，在基金资产净值不变的前提 下，按照一定比例调整基金份额总额及基金份额净值的行为 62、基金,/Users/ellis/工具程序开发/港股通逐标的分析/临时数据/520520/520520_更新招募说明书_20260725.txt
108,513970,景顺长城恒生消费ETF(QDII),景顺长城恒生消费交易型开放式指数证券投资基金(QDII)2026年第2号更新招募说明书,2026-06-30,交易所上市。根据本基金现行适用的清算交收和申赎处理规则，投资者当日申 购的基金份额，清算交收完成后方可卖出和赎回，即 T 日申购的 ETF 份额且 日间完成 RTGS（实时逐笔全额结算）交收，T 日可卖出与赎回，而 T 日申购 的 ETF 份额且日终完成逐笔全额非担保交收的，T+1 日方可卖出和赎回；T 日 买入的基金份额，T 日可以赎回或卖出。由于登记机构对现金替代采取非净额 结算交收模式，当投资者赎回申请被登记机构确认后，被赎回的基金份额即被 记减，但此时投资者尚未收到赎回现金替代款。投资者投资本基金时需具有证 券账户， 证券账户是指上海证券交易所A 股账户或上海证券交易所证券投资基 金账户。 （七） 本基金投资恒生消费指数成份股及备选成份股的资产不低于基金资 产净值的 9,入或者不卖出部分被替代证券， 或者不进行任何买入或卖出证券的操作， 基金管理人可能不买入或不卖出被替代证券的情形包括但不限于市场流动性 不足、技术系统无法实现、申购赎回轧差以及基金管理人认为不应该买入或卖 出的其他情形。 （十六）基金管理人深知个人信息对投资者的重要性，致力于投资者个人 信息的保护。 基金管理人承诺按照法律法规和相关监管要求的规定处理投资者 的个人信息，包括通过基金管理人直销、销售机构或场内经纪机构购买景顺长 城基金管理有限公司旗下基金产品的所有个人投资者。 基金管理人需处理的机 构投资者信息中可能涉及其法定代表人、受益所有人、经办人等个人信息，也 将遵守上述承诺进行处理。 （十七）为充分维护投资者利益， 本基金管理人已对文件所载重要提示 （如 有）及风险揭示章节相关内容予以补充说明。除上述事项外，本招募说明书所 载内容截止日为 2025 年 9,申购替代金额的处理程序 对于确认成功的 T 日申购申请， 基金管理人有权在T 日内任意时刻以收到 的申购替代金额代投资者买入小于等于被替代组合证券数量的任意数量的被 替代组合证券。 基金管理人有权根据基金投资运作情况自主决定不买入部分被 替代组合证券，或者不进行任何买入证券的操作。 T 日，基金管理人在申购赎回清单中公布申购现金替代溢价比例，并据此 收取申购替代金额。 正常情况下， 对于确认成功的T 日申购申请， 基金管理人根据T 日所购入 的被替代证券的实际单位购入成本 （包括买入价格与相关费用， 折算为人民币， 通过港交所交易的被替代证券的购入成本折算汇率采用当天的估值汇率， 通过 港股通机制交易的 被替代证券 的购入成本 折算汇率以 登记机构 当日结算汇率 为准）和未买入的被替代证券 T 日收盘价（折算为人民币，折算汇率采用当天 的估值汇率， 被替代证券当日在证券交易所无交易的， 取最近交易日的收盘价； 交易日无收盘价的，取最后成交价）计算被替代证券的单位结算成本，在此基 础上根据替代证券数量和申购替代金额确定基金应退还投资人或投资人应补 交的款项。T 日后的三个港股通交易日内，基金管理人将应退款或补款与相关 申购赎回代理券商办理交收 。在此期间若该证券发生除息、送股（转增） 、配 股等重要权益变动，则进行相应调整。当交收期间出现港股通交易日为非港股 通交收日时，款项交收日期顺延。若发生特殊情况，基金管理人可以对交收日 期进行相应调整。未来基金管理人有权视基金运行情况，经与基金托管人协商 一致， 对折算汇率和计算未购入被替代证券成本的价格进行调整， 并提前公告。 景顺长城恒生消费交易型开放式指数证券投资基金（QDII）更新招募说明书 60 如遇证券长期停牌、流动性不足等可能导致收盘价或最后成交价不公允的 特殊情况，可参照证券的估值价格对结算价格进行调整，如果基金管理人认为 该证券复牌后的价格可能存在较大波动， 且可能对基金资产净值产生较大影响， 为了更好的维护持有人利益， 该证券对应的现金替代退补款的清算交收可在其 复牌后按照实际交易成本办理。 4）赎回替代金额的处理程序 对于确认成功的 T 日赎回申请，基金管理人有权在 T 日内任意时刻代投 资者卖出小于等于被替代证券数量的任意数量的被替代证券。 基金管理人有权 根据基金投资的需要自主决定不卖出部分被替代组合证券， 或者不进行任何卖 出证券的操作。正常情况下，对于确认成功的 T 日赎回申请，在 T 日（指香港 交易所交易日）内，基金管理人根据赎回申请通过香港市场交易或港股通等方 式代投资者卖出被替代证券。在 T 日（指香港交易所交易日）日终，基金管理 人已卖出的证券，按照被替代证券的实际卖出金额（ 卖出价格扣除相关费用， 折算为人民币，通过港交所交易的被替代证券的卖出金额折算汇率采用当天的 估值汇率，,替代金额的处理程序 对于确认成功的 T 日申购申请， 基金管理人有权在T 日内任意时刻以收到 的申购替代金额代投资者买入小于等于被替代组合证券数量的任意数量的被 替代组合证券。 基金管理人有权根据基金投资运作情况自主决定不买入部分被 替代组合证券，或者不进行任何买入证券的操作。 T 日，基金管理人在申购赎回清单中公布申购现金替代溢价比例，并据此 收取申购替代金额。 正常情况下， 对于确认成功的T 日申购申请， 基金管理人根据T 日所购入 的被替代证券的实际单位购入成本 （包括买入价格与相关费用， 折算为人民币， 通过港交所交易的被替代证券的购入成本折算汇率采用当天的估值汇率， 通过 港股通机制交易的 被替代证券 的购入成本 折算汇率以 登记机构 当日结算汇率 为准）和未买入的被替代证券 T 日收盘价（折算为人民币，折算汇率采用当天 的估值汇率， 被替代证券当日在证券交易所无交易的， 取最近交易日的收盘价； 交易日无收盘价的，取最后成交价）计算被替代证券的单位结算成本，在此基 础上根据替代证券数量和申购替代金额确定基金应退还投资人或投资人应补 交的款项。T 日后的三个港股通交易日内，基金管理人将应退款或补款与相关 申购赎回代理券商办理交收 。在此期间若该证券发生除息、送股（转增） 、配 股等重要权益变动，则进行相应调整。当交收期间出现港股通交易日为非港股 通交收日时，款项交收日期顺延。若发生特殊情况，基金管理人可以对交收日 期进行相应调整。未来基金管理人有权视基金运行情况，经与基金托管人协商 一致， 对折算汇率和计算未购入被替代证券成本的价格进行调整， 并提前公告。 景顺长城恒生消费交易型开放式指数证券投资基金（QDII）更新招募说明书 60 如遇证券长期停牌、流动性不足等可能导致收盘价或最后成交价不公允的 特殊情况，可参照证券的估值价格对结算价格进行调整，如果基金管理人认为 该证券复牌后的价格可能存在较大波动， 且可能对基金资产净值产生较大影响， 为了更好的维护持有人利益， 该证券对应的现金替代退补款的清算交收可在其 复牌后按照实际交易成本办理。 4）赎回替代金额的处理程序 对于确认成功的 T 日赎回申请，基金管理人有权在 T 日内任意时刻代投 资者卖出小于等于被替代证券数量的任意数量的被替代证券。 基金管理人有权 根据基金投资的需要自主决定不卖出部分被替代组合证券， 或者不进行任何卖 出证券的操作。正常情况下，对于确认成功的 T 日赎回申请，在 T 日（指香港 交易所交易日）内，基金管理人根据赎回申请通过香港市场交易或港股通等方 式代投资者卖出被替代证券。在 T 日（指香港交易所交易日）日终，基金管理 人已卖出的证券，按照被替代证券的实际卖出金额（ 卖出价格扣除相关费用， 折算为人民币，通过港交所交易的被替代证券的卖出金额折算汇率采用当天的 估值汇率， 通,购赎回清单：指由基金管理人编制的用以公告申购对价、赎回对价 等信息的文件 56、申购对价：指投资人申购基金份额时，按基金合同和招募说明书规定 应交付的现金替代、现金差额及其他对价 57、赎回对价：指基金份额持有人赎回基金份额时，基金管理人按基金合 同和招募说明书规定应交付给赎回人的现金替代、现金差额及其他对价 58、标的指数：指恒生指数有限公司编制并发布的恒生消费指数及其未来 可能发生的变更 59、组合证券：指本基金标的指数所包含的全部或部分证券 60、完全复制法：指一种构建跟踪指数的投资组合的方法。通过购买标的 指数中的所有成份证券， 并且按照每种成份证券在标的指数中的权重确定购买 的比例，以达到复制指数的目的 61、最小申购赎回单位：指本基金申购份额、赎回份额的最低数量，投资 人申购或赎回的基金份额数应为最小申购赎回单位的整数倍 62、现金替代：指申购或赎回过程中，投资人按基金合同和招募说明书的 规定，用于替代组合证券中全部或部分证券的一定数量的现金 63、现金差额：指最小申购赎回单位的资产净值与按当日收盘价计算的最 景顺长城恒生消费交易型开放式指数证券投资基金（QDII）更新招募说明书 7 小申购赎回单位中的组合证券市值和现金替代之差； 投资人申购或赎回时应支 付或应获得的现金差额根据最小申购赎回单位对应的现金差额、 申购或赎回的 基金份额数计算 64、预估现金部分：指由基金管理人计算并在T 日申购赎回清单中公布的 当日现金差额预估值，预估现金部分由申购赎回代理券商预先冻结 65、基金份额参考净值：指基金管理人或其委托的机构根据申购赎回清单,/Users/ellis/工具程序开发/港股通逐标的分析/临时数据/513970/513970_更新招募说明书_20260630.txt
109,159237,工银瑞信中证港股通汽车产业ETF,工银瑞信中证港股通汽车产业主题交易型开放式指数证券投资基金更新的招募说明书(2025年第2号),2025-11-28,金替代、现金差额及其他对价的清算交收适 用深圳证券交易所、登记机构的相关规定和参与各方相关协议的有关规定。 本基金现金申购业务中的现金替代采用实时逐笔全额结算（RTGS）与日终逐笔全额非担 保交收的方式处理；现金赎回业务涉及的现金替代可采用代收代付处理；现金申购、赎回业 工银瑞信中证港股通汽车产业主题交易型开放式指数证券投资基金 更新的招募说明书 29 务涉及的现金差额和现金替代退补款采用代收代付处理。 投资者 T 日提交的现金申购申请受理后，日间完成 RTGS 交收部分，登记机构在 T 日为 该投资者办理基金份额登记以及现金替代的交收；日间未完成 RTGS 交收部分，登记机构在 T 日日终根据勾单情况及资金是否足额为投资者办理基金份额登记与现金替代的交收，并将 结果发送给申购赎,,申购替代金额的处理程序 基金管理人在 T 日以收到的替代金额代投资者买入被替代证券。基金管理人有权根据基 金投资的需要自主决定不买入部分被替代证券，或者不进行任何买入被替代证券的操作。正 常情况下，对于确认成功的 T 日申购申请，基金管理人根据 T 日所购入的被替代证券的实际 单位购入成本（包括买入价格与相关费用，折算为人民币）和未买入的被替代证券 T 日收盘 价（折算为人民币，被替代证券当日在证券交易所无交易的，取最近交易日的收盘价；交易 日无收盘价的，取最后成交价）计算被替代证券的单位结算成本，在此基础上根据替代证券 数量和申购替代金额确定基金应退还投资者或投资者应补交的款项。T+6 日（指开放日）内， 基金管理人将应退款或补款的明细及汇总数据发送给登记机构，登记机构办理现金替代多退 工银瑞信中证港股通汽车产业主题交易型开放式指数证券投资基金 更新的招募说明书 32 少补资金的清算，并将结果发送给申购赎回代理券商和结算参与人，由相关申购赎回代理券 商和结算参与人办理交收。基金管理人可以对交收日期进行相应调整。 如遇港股通临时停市、港股通交易每日额度等特殊情况，组合证券的代理买入及结算价 格可依次顺延至下一港股通交易日直至交易正常。如遇证券长期停牌、流动性不足等可能导 致收盘价或最后成交价不公允的特殊情况，可参照证券的估值价格，对结算价格进行调整， 如果基金管理人认为该证券复牌后的价格可能存在较大波动，且可能对基金资产净值产生较 大影响，为了更好的维护基金份额持有人利益，该证券对应的现金替代退补款的清算交收可 按照其复牌后实际交易成本或者基金管理人认为合理的价格办理。在此期间若该证券发生除 息、送股（转增）、配股等重要权益变动，则进行相应调整。 3）赎回替代金额的处理程序 基金管理人在 T 日根据赎回申请代投资者卖出被替代证券。基金管理人有权根据基金 投资的需要自主决定不卖出部分被替代证券，或者不进行任何卖出被替代证券的操作。正常 情况下，对于确认成功的 T 日赎回申请，基金管理人根据 T 日所卖出的被替代证券的实际单 位卖出金额（扣除相关费用，折算为人民币）和未卖出的被替代证券的 T 日收盘价（折算为 人民币，被替代证券当日在证券交易所无交易的，取最近交易日的收盘价；交易日无收盘价 的，取最后成交价）计算被替代证券的单位结算金额，在此基础上根据替代证券数量确定赎 回替代金额。T+6 日（指开放日）内，基金管理人将应支付的赎回替代金额的明细及汇总数 据发送给登记机构，登记机构办理赎回现金替代款的清算，并将结果发送给申购赎回代理券 商和结算参与人，由与相关申购赎回代理券商和结算参与人办理交收，当交收期间出现港股 通交易日为非港股通交收日时，款项交收日期顺延。基金管理人可以对交收日期进行相应调 整。 如遇港股通临时停市等特殊情况，组合证券的代理卖出及结算价格可,替代金额的处理程序 基金管理人在 T 日以收到的替代金额代投资者买入被替代证券。基金管理人有权根据基 金投资的需要自主决定不买入部分被替代证券，或者不进行任何买入被替代证券的操作。正 常情况下，对于确认成功的 T 日申购申请，基金管理人根据 T 日所购入的被替代证券的实际 单位购入成本（包括买入价格与相关费用，折算为人民币）和未买入的被替代证券 T 日收盘 价（折算为人民币，被替代证券当日在证券交易所无交易的，取最近交易日的收盘价；交易 日无收盘价的，取最后成交价）计算被替代证券的单位结算成本，在此基础上根据替代证券 数量和申购替代金额确定基金应退还投资者或投资者应补交的款项。T+6 日（指开放日）内， 基金管理人将应退款或补款的明细及汇总数据发送给登记机构，登记机构办理现金替代多退 工银瑞信中证港股通汽车产业主题交易型开放式指数证券投资基金 更新的招募说明书 32 少补资金的清算，并将结果发送给申购赎回代理券商和结算参与人，由相关申购赎回代理券 商和结算参与人办理交收。基金管理人可以对交收日期进行相应调整。 如遇港股通临时停市、港股通交易每日额度等特殊情况，组合证券的代理买入及结算价 格可依次顺延至下一港股通交易日直至交易正常。如遇证券长期停牌、流动性不足等可能导 致收盘价或最后成交价不公允的特殊情况，可参照证券的估值价格，对结算价格进行调整， 如果基金管理人认为该证券复牌后的价格可能存在较大波动，且可能对基金资产净值产生较 大影响，为了更好的维护基金份额持有人利益，该证券对应的现金替代退补款的清算交收可 按照其复牌后实际交易成本或者基金管理人认为合理的价格办理。在此期间若该证券发生除 息、送股（转增）、配股等重要权益变动，则进行相应调整。 3）赎回替代金额的处理程序 基金管理人在 T 日根据赎回申请代投资者卖出被替代证券。基金管理人有权根据基金 投资的需要自主决定不卖出部分被替代证券，或者不进行任何卖出被替代证券的操作。正常 情况下，对于确认成功的 T 日赎回申请，基金管理人根据 T 日所卖出的被替代证券的实际单 位卖出金额（扣除相关费用，折算为人民币）和未卖出的被替代证券的 T 日收盘价（折算为 人民币，被替代证券当日在证券交易所无交易的，取最近交易日的收盘价；交易日无收盘价 的，取最后成交价）计算被替代证券的单位结算金额，在此基础上根据替代证券数量确定赎 回替代金额。T+6 日（指开放日）内，基金管理人将应支付的赎回替代金额的明细及汇总数 据发送给登记机构，登记机构办理赎回现金替代款的清算，并将结果发送给申购赎回代理券 商和结算参与人，由与相关申购赎回代理券商和结算参与人办理交收，当交收期间出现港股 通交易日为非港股通交收日时，款项交收日期顺延。基金管理人可以对交收日期进行相应调 整。 如遇港股通临时停市等特殊情况，组合证券的代理卖出及结算价格可依次,对价等信息的文件 46、组合证券：指本基金标的指数所包含的全部或部分证券 47、申购对价：指投资者申购基金份额时，按基金合同和招募说明书规定应交付的现金 替代、现金差额及其他对价 48、赎回对价：指基金份额持有人赎回基金份额时，基金管理人按基金合同和招募说明 书规定应交付给赎回人的现金替代、现金差额及其他对价 49、标的指数：本基金标的指数为中证港股通汽车产业主题指数 50、现金替代：指申购、赎回过程中，投资人按基金合同和招募说明书的规定，用于替 代组合证券中全部或部分证券的一定数量的现金 51、现金差额：指最小申购赎回单位的资产净值与按当日收盘价计算的最小申购赎回单 位中的组合证券市值和现金替代之差；投资人申购或赎回时应支付或应获得的现金差额根据 最小申购赎回单位对应的现金差额、申购或赎回的基金份额数计算 工银瑞信中证港股通汽车产业主题交易型开放式指数证券投资基金 更新的招募说明书 8 52、预估现金差额：指由基金管理人估计并在 T 日申购赎回清单中公布的当日现金差额 的估计值，预估现金差额由申购赎回代理券商预先冻结 53、最小申购赎回单位：指本基金申购份额、赎回份额的最低数量，投资者申购或赎回 的基金份额应为最小申购赎回单位的整数倍 54、基金份额参考净值：指基金管理人或基金管理人委托的其他机构在相关证券交易所 开市后，根据申购赎回清单、人民币汇率和组合证券内各只证券的行情数据计算并通过深圳 证券交易所发布的基金份额参考净值，简称 IOPV 55、基金份额折算：指基金管理人根据基金运作的需要，在基金资产净值不变的前提下， 按照一定比例调整基金,/Users/ellis/工具程序开发/港股通逐标的分析/临时数据/159237/159237_更新招募说明书_20251128.txt
110,520910,华夏中证港股通互联网ETF,华夏中证港股通互联网交易型开放式指数证券投资基金招募说明书(更新),2026-06-30,用相关业务规则和参与各方相关协议及其不时修订的有关规定。 本基金申购业务采用实时逐笔全额结算（Real Time Gross Settlement，以下简称 RTGS） 模式； 赎回业务涉及的现金替代可采用代收代付处理； 申购、 赎回业务涉及的现金差额和现 金替代退补款可采用代收代付处理。 1）申购的清算交收 投资者 T 日现金申购后，如交易记录已勾单且申购资金足额的，登记机构在 T 日日间 实时办理基金份额及现金替代的交收；T 日日间未进行勾单确认或日间资金不足的， 登记机 构在 T 日日终根据资金是否足额办理基金份额及现金替代的清算交收，并将结果发送给基 金管理人、 申购赎回代理机构和基金托管人。 基金管理人在T+2 日内办理现金差额的交收。 2）赎回的清算交收 投资者 T,或不卖出部分被替代证券， 或者不进行任何买入或卖出证券的操作， 基金管 理人可能不买入或不卖出被替代证券的情形包括但不限于市场流动性不足、技术系统无法 实现、 申购赎回轧差以及基金管理人认为不应买入或卖出的其他情形， 因此投资者需承受可 能当天无法完成所有证券买卖、未完成买卖部分按收盘价结算等风险。 14、基金收益分配后基金份额净值低于面值的风险 基于本基金的性质和特点， 本基金收益分配不以弥补亏损为前提， 收益分配后可能存在 基金份额净值低于面值的风险。 15、第三方机构服务的风险 基金的多项服务委托第三方机构办理，存在以下风险： （1） 申购赎回代理机构因多种原因， 导致代理申购、 赎回业务受到限制、 暂停或终止， 由此影响对投资者申购赎回服务的风险。 （2）登记机构可能调整结算制度，如实施货银对付制度，对投资者基金份额、组合证 券及资金的结算方式发生变化，,替代金额的处理程序 【1】申购替代金额的处理程序 基金管理人在 T 日内以收到的替代金额代投资者买入被替代证券。基金管理人有权在 T 日内任意时刻，以收到的申购替代金额代投资者购入组合证券中被替代证券的任意数量。 正常情况下，T 日日终， 基金管理人根据所购入的被替代证券的实际单位购入成本 （包括买 入价格与相关费用） 和未买入的被替代证券的T 日收盘价 （折算为人民币， 折算汇率采用当 天的估值汇率；T 日在证券交易所无交易的，取最近交易日的收盘价；交易日无收盘价的， 取最后成交价） 计算被替代证券的单位结算成本， 在此基础上根据替代证券数量和申购现金 替代金额确定基金应退还投资者或投资者应补交的款项。 正常情况下，T 日后的第 2 个港股通交易日后的 2 个工作日内， 基金管理人将应退款或 补款与相关申购赎回代理机构办理交收。 若发生特殊情况， 基金管理人可以对交收日期进行 相应调整。 如遇港股通临时停市、 港股通交易每日额度或总额度不足等特殊情况， 组合证券的代理 买入及结算价格可依次顺延至下一港股通交易日直至交易正常。 如遇证券长期停牌、 流动性 不足等可能导致收盘价或最后成交价不公允的特殊情况， 可参照证券的估值价格， 对结算价 格进行调整， 如果基金管理人认为该证券复牌后的价格可能存在较大波动， 且可能对基金资 产净值产生较大影响， 为了更好的维护持有人利益， 该证券对应的现金替代款的清算交收可 在其复牌后按照实际交易成本办理。在此期间若该证券发生除息、送股（转增） 、配股等重 要权益变动，则进行相应调整。 【2】赎回替代金额的处理程序 T 日内， 基金管理人根据赎回规模进行被替代证券的代理卖出。 基金管理人有权在T 日 华夏中证港股通互联网交易型开放式指数证券投资基金招募说明书（更新） 47 内任意时刻代投资者卖出组合证券中被替代证券的任意数量。 正常情况下，T 日日终， 基金 管理人根据所卖出的被替代证券的实际单位卖出金额 （扣除相关费用） 和未卖出的被替代证 券的 T 日收盘价 （折算为人民币， 折算汇率采用当天的估值汇率；T 日在证券交易所无交易 的， 取最近交易日的收盘价； 交易日无收盘价的， 取最后成交价） 计算被替代证券的单位结 算金额，在此基础上根据替代证券数量确定赎回替代金额。 正常情况下，T 日后的第 3 个港股通交易日后的第 2 个工作日内， 基金管理人将应支付 的赎回替代金额与相关申购赎回代理机构办理交收。 若发生特殊情况， 基金管理人可以对交 收日期进行相应调整。 如遇港股通临时停市等特殊情况，组合证券的代理卖出及结算价格可依次顺延至下一 港股通交易日直至交易正常。 如遇证券长期停牌、 流动性不足等可能导致收盘价或最后成交 价不公允的特殊情况， 可参照证券的估值价格， 对结算价格进行调整， 如果基金管理人认为 该证券复牌,替代金额的处理程序 【1】申购替代金额的处理程序 基金管理人在 T 日内以收到的替代金额代投资者买入被替代证券。基金管理人有权在 T 日内任意时刻，以收到的申购替代金额代投资者购入组合证券中被替代证券的任意数量。 正常情况下，T 日日终， 基金管理人根据所购入的被替代证券的实际单位购入成本 （包括买 入价格与相关费用） 和未买入的被替代证券的T 日收盘价 （折算为人民币， 折算汇率采用当 天的估值汇率；T 日在证券交易所无交易的，取最近交易日的收盘价；交易日无收盘价的， 取最后成交价） 计算被替代证券的单位结算成本， 在此基础上根据替代证券数量和申购现金 替代金额确定基金应退还投资者或投资者应补交的款项。 正常情况下，T 日后的第 2 个港股通交易日后的 2 个工作日内， 基金管理人将应退款或 补款与相关申购赎回代理机构办理交收。 若发生特殊情况， 基金管理人可以对交收日期进行 相应调整。 如遇港股通临时停市、 港股通交易每日额度或总额度不足等特殊情况， 组合证券的代理 买入及结算价格可依次顺延至下一港股通交易日直至交易正常。 如遇证券长期停牌、 流动性 不足等可能导致收盘价或最后成交价不公允的特殊情况， 可参照证券的估值价格， 对结算价 格进行调整， 如果基金管理人认为该证券复牌后的价格可能存在较大波动， 且可能对基金资 产净值产生较大影响， 为了更好的维护持有人利益， 该证券对应的现金替代款的清算交收可 在其复牌后按照实际交易成本办理。在此期间若该证券发生除息、送股（转增） 、配股等重 要权益变动，则进行相应调整。 【2】赎回替代金额的处理程序 T 日内， 基金管理人根据赎回规模进行被替代证券的代理卖出。 基金管理人有权在T 日 华夏中证港股通互联网交易型开放式指数证券投资基金招募说明书（更新） 47 内任意时刻代投资者卖出组合证券中被替代证券的任意数量。 正常情况下，T 日日终， 基金 管理人根据所卖出的被替代证券的实际单位卖出金额 （扣除相关费用） 和未卖出的被替代证 券的 T 日收盘价 （折算为人民币， 折算汇率采用当天的估值汇率；T 日在证券交易所无交易 的， 取最近交易日的收盘价； 交易日无收盘价的， 取最后成交价） 计算被替代证券的单位结 算金额，在此基础上根据替代证券数量确定赎回替代金额。 正常情况下，T 日后的第 3 个港股通交易日后的第 2 个工作日内， 基金管理人将应支付 的赎回替代金额与相关申购赎回代理机构办理交收。 若发生特殊情况， 基金管理人可以对交 收日期进行相应调整。 如遇港股通临时停市等特殊情况，组合证券的代理卖出及结算价格可依次顺延至下一 港股通交易日直至交易正常。 如遇证券长期停牌、 流动性不足等可能导致收盘价或最后成交 价不公允的特殊情况， 可参照证券的估值价格， 对结算价格进行调整， 如果基金管理人认为 该证券复牌,： 指由基金管理人编制的用以公告申购对价、 赎回对价等信息的文件。 50、 申购对价： 指投资者申购基金份额时， 按基金合同和招募说明书规定应交付的现金 替代、现金差额和/或其他对价。 51、 赎回对价： 指投资者赎回基金份额时， 基金管理人按基金合同和招募说明书规定应 交付给赎回人的现金替代、现金差额和/或其他对价。 华夏中证港股通互联网交易型开放式指数证券投资基金招募说明书（更新） 8 52、最小申购赎回单位： 指基金申购份额、赎回份额的最低数量， 投资者申购、赎回的 基金份额应为最小申购、赎回单位的整数倍。 53、元：指人民币元。 54、 基金收益： 指基金投资所得红利、 股息、 债券利息、 买卖证券价差、 银行存款利息、 已实现的其他合法收入及因运用基金财产带来的成本和费用的节约。 55、 基金资产总值： 指基金拥有的各类有价证券、 银行存款本息、 基金应收款项及其他 资产的价值总和。 56、基金资产净值：指基金资产总值减去基金负债后的价值。 57、基金份额净值：指计算日基金资产净值除以计算日基金份额总数。 58、 基金资产估值： 指计算评估基金资产和负债的价值， 以确定基金资产净值和基金份 额净值的过程。 59、 规定媒介： 指符合中国证监会规定条件的用以进行信息披露的全国性报刊及 《信息 披露办法》 规定的互联网网站 （包括基金管理人网站、 基金托管人网站、 中国证监会基金电 子披露网站）等媒介。 60、 流动性受限资产： 指由于法律法规、 监管、 合同或操作障碍等原因无法以合理价格 予以变现的资产，包括但不限于到期日在 10 个交易,/Users/ellis/工具程序开发/港股通逐标的分析/临时数据/520910/520910_更新招募说明书_20260630.txt
111,513260,汇添富恒生科技ETF(QDII),汇添富恒生科技交易型开放式指数证券投资基金(QDII)更新招募说明书(2026年8月14日更新),2026-08-14,本基金申购赎回过程中涉及的基金份额、 现金替代、 现金差额及其他对价的 清算交收适用相关业务规则和参与各方相关协议及其不时修订的有关规定。 本基金申购业务采用实时逐笔全额结算（Real Time Gross Settlement）模式； 赎回业务涉及的现金替代采用代收代付处理； 申购、 赎回业务涉及的现金差额和 现金替代退补款采用代收代付处理。 投资者 T 日申购成功后， 如交易记录已勾单且申购资金足额的， 登记机构在 T 日日间实时办理基金份额及现金替代的交收；T 日日间未进行勾单确认或日间 资金不足的， 登记机构在T 日日终根据资金是否足额办理基金份额及现金替代的 清算交收， 并将结果发送给基金管理人、 申购赎回代理券商和基金托管人。 基金 汇添富恒生科技交易型开放式指数证券投,收盘价）等。 如遇证券长期停牌、 流动性不足等可能导致收盘价或最后成交价不公允的特 殊情况， 可参照证券的估值价格， 对结算价格进行调整， 如果基金管理人认为该 证券复牌后的价格可能存在较大波动， 且可能对基金资产净值产生较大影响， 为 了更好的维护基金份额持有人利益， 该证券对应的现金替代款的清算交收可在其 复牌后按照实际交易成本办理。在此期间若该证券发生除息、送股（转增） 、配 股等重要权益变动，则进行相应调整。 5） 在系统支持的情况下， 对于 T 日的申购赎回申请， 基金管理人有权进行 轧差处理，针对净申购，购入净申购份额对应的组合证券中被替代的成份证券， 针对净赎回， 卖出净赎回份额对应的组合证券中被替代的成份证券， 基金管理人 有权购入或者卖出不等于轧差处理后的上述被替代的成份证券的任意数量。 6）基金管理人可以根据具体情况，调整上述 2）—5）的申购、赎回替代金 额的处理程序、规则等，并在招募说明书更新及其他公告中披露。 （2）关于必须现金替代 1）适用情形：必须现金替代的证券一般是由于标的指数调整将被剔除或因 法律法规限制投资的成份证券， 或基金管理人出于保护基金份额持有人利益原则 汇添富恒生科技交易型开放式指数证券投资基金 （QDII） 更新招募说明书 71 等原因认为有必要实行必须现金替代的成份证券。 2）替代金额：对于必须现金替代的证券，基金管理人将在申购赎回清单中 公告替代的一定数量的现金， 即 “固定替代金额” 。 固定替代金额的计算方法为： 固定替代金额为替代证券数量乘以其经调整后的 T-1 日收盘价并按照 T-1 日 估值汇率换算或基金管理人认为合理的其他方法。 4、预估现金部分相关内容 预估现金部分是指， 为便于计算基金份额参考净值及申购赎回代理券,申购替代金额的处理程序 对于确认成功的 T 日申购申请， 基金管理人可以通过在香港市场交易或港股 通等方式以收到的替代金额代投资者买入被替代证券。 基金管理人有权在T 日内 任意时刻以收到的替代金额代投资者买入小于等于被替代证券数量的任意数量 汇添富恒生科技交易型开放式指数证券投资基金 （QDII） 更新招募说明书 69 的被替代证券。 基金管理人有权根据基金投资的需要自主决定不买入部分被替代 证券，或者不进行任何买入证券的操作。T 日日终，基金管理人根据所购入的被 替代证券的实际单位购入成本 （包括买入价格与相关费用， 按照汇率折算为人民 币） 和未买入的被替代证券的T 日收盘价 （按照汇率折算为人民币；T 日在证券 交易所无交易的，取最近交易日的收盘价；交易日无收盘价的，取最后成交价） 计算被替代证券的单位结算成本， 在此基础上根据替代证券数量和申购现金替代 保证金确定基金应退还投资者或投资者应补交的款项。 正常情况下，T 日后的第 3 个港股通交易日内， 基金管理人将应退款或补款与相关申购赎回代理券商办理 交收。在此期间若该证券发生除息、送股（转增） 、配股等重要权益变动，则进 行相应调整。 当交收期间出现港股通交易日为非港股通交收日时， 款项交收日期 顺延。 基金管理人可以对交收日期进行相应调整。 未来基金管理人有权视基金运 行情况， 经与基金托管人协商一致， 对折算汇率和计算未购入被替代证券成本的 价格进行调整，并提前公告。 上述汇率是指汇率公允价。 汇率公允价包括中国人民银行或其授权机构最新 公布的人民币汇率中间价、中国外汇交易中心公布的人民币对主要货币参考汇 率、 主流咨询商公布的人民币对主要货币参考汇率、 与基金托管人商定的其他公 允价格 （如： 中国人民银行或国家外汇管理局或中国外汇交易中心正式对外发文 后公布的人民币兑主要外汇当日收盘价）等。 如遇证券长期停牌、 流动性不足等可能导致收盘价或最后成交价不公允的特 殊情况， 可参照证券的估值价格， 对结算价格进行调整， 如果基金管理人认为该 证券复牌后的价格可能存在较大波动， 且可能对基金资产净值产生较大影响， 为 了更好的维护基金份额持有人利益， 该证券对应的现金替代款的清算交收可在其 复牌后按照实际交易成本办理。在此期间若该证券发生除息、送股（转增） 、配 股等重要权益变动，则进行相应调整。 4）赎回替代金额的处理程序 对于确认成功的 T 日赎回申请，在 T 日内，基金管理人可以通过在香港市 场交易或港股通等方式代投资者卖出被替代证券。 基金管理人有权在T 日内任意 时刻代投资者卖出小于等于被替代证券数量的任意数量的被替代证券。 基金管理 人有权根据基金投资的需要自主决定不卖出部分被替代证券， 或者不进行任何卖 出证券的操作。T 日日终， 基金管理人根据所卖出的被替代证券的实际单位卖出 ,替代金额的处理程序 对于确认成功的 T 日申购申请， 基金管理人可以通过在香港市场交易或港股 通等方式以收到的替代金额代投资者买入被替代证券。 基金管理人有权在T 日内 任意时刻以收到的替代金额代投资者买入小于等于被替代证券数量的任意数量 汇添富恒生科技交易型开放式指数证券投资基金 （QDII） 更新招募说明书 69 的被替代证券。 基金管理人有权根据基金投资的需要自主决定不买入部分被替代 证券，或者不进行任何买入证券的操作。T 日日终，基金管理人根据所购入的被 替代证券的实际单位购入成本 （包括买入价格与相关费用， 按照汇率折算为人民 币） 和未买入的被替代证券的T 日收盘价 （按照汇率折算为人民币；T 日在证券 交易所无交易的，取最近交易日的收盘价；交易日无收盘价的，取最后成交价） 计算被替代证券的单位结算成本， 在此基础上根据替代证券数量和申购现金替代 保证金确定基金应退还投资者或投资者应补交的款项。 正常情况下，T 日后的第 3 个港股通交易日内， 基金管理人将应退款或补款与相关申购赎回代理券商办理 交收。在此期间若该证券发生除息、送股（转增） 、配股等重要权益变动，则进 行相应调整。 当交收期间出现港股通交易日为非港股通交收日时， 款项交收日期 顺延。 基金管理人可以对交收日期进行相应调整。 未来基金管理人有权视基金运 行情况， 经与基金托管人协商一致， 对折算汇率和计算未购入被替代证券成本的 价格进行调整，并提前公告。 上述汇率是指汇率公允价。 汇率公允价包括中国人民银行或其授权机构最新 公布的人民币汇率中间价、中国外汇交易中心公布的人民币对主要货币参考汇 率、 主流咨询商公布的人民币对主要货币参考汇率、 与基金托管人商定的其他公 允价格 （如： 中国人民银行或国家外汇管理局或中国外汇交易中心正式对外发文 后公布的人民币兑主要外汇当日收盘价）等。 如遇证券长期停牌、 流动性不足等可能导致收盘价或最后成交价不公允的特 殊情况， 可参照证券的估值价格， 对结算价格进行调整， 如果基金管理人认为该 证券复牌后的价格可能存在较大波动， 且可能对基金资产净值产生较大影响， 为 了更好的维护基金份额持有人利益， 该证券对应的现金替代款的清算交收可在其 复牌后按照实际交易成本办理。在此期间若该证券发生除息、送股（转增） 、配 股等重要权益变动，则进行相应调整。 4）赎回替代金额的处理程序 对于确认成功的 T 日赎回申请，在 T 日内，基金管理人可以通过在香港市 场交易或港股通等方式代投资者卖出被替代证券。 基金管理人有权在T 日内任意 时刻代投资者卖出小于等于被替代证券数量的任意数量的被替代证券。 基金管理 人有权根据基金投资的需要自主决定不卖出部分被替代证券， 或者不进行任何卖 出证券的操作。T 日日终， 基金管理人根据所卖出的被替代证券的实际单位卖出 汇添,： 指由基金管理人编制的用以公告申购对价、 赎回对价等 信息的文件 52、 申购对价： 指投资人申购基金份额时， 按基金合同和招募说明书规定应 交付的现金替代、现金差额及其他对价 53、 赎回对价： 指基金份额持有人赎回基金份额时，基金管理人按基金合同 和招募说明书规定应交付给赎回人的现金替代、现金差额及其他对价 54、组合证券：指本基金标的指数所包含的全部或部分证券 55、 现金替代： 指申购或赎回过程中， 投资人按基金合同和招募说明书的规 定，用于替代组合证券中部分证券的一定数量的现金 汇添富恒生科技交易型开放式指数证券投资基金 （QDII） 更新招募说明书 9 56、 现金差额： 指最小申购、 赎回单位的资产净值与按当日收盘价计算的最 小申购、 赎回单位中的组合证券市值和现金替代之差； 投资人申购或赎回时应支 付或应获得的现金差额根据最小申购、 赎回单位对应的现金差额、 申购或赎回的 基金份额数计算 57、 预估现金部分： 指由基金管理人估计并在 T 日申购赎回清单中公布的当 日现金差额的估计值， 预估现金部分由申购赎回代理券商 （代办证券公司） 预先 冻结 58、最小申购、赎回单位：指本基金申购份额、赎回份额的最低数量，投资 人申购、赎回的基金份额应为最小申购、赎回单位的整数倍 59、 基金份额参考净值： 指基金管理人或者基金管理人委托的机构在开市后 根据申购赎回清单和组合证券内各只证券的实时成交数据计算， 并通过上海证券 交易所发布的基金份额参考净值，简称 IOPV 60、 基金份额折算： 指基金管理人根据基金运作的需要， 在基金资产净,/Users/ellis/工具程序开发/港股通逐标的分析/临时数据/513260/513260_更新招募说明书_20260814.txt
112,520590,鹏华恒生科技ETF(QDII),鹏华恒生科技交易型开放式指数证券投资基金(QDII)更新的招募说明书,2026-08-06,售、基金投资等运作环节中的任何汇率 变动风险。 在目前结算规则下，投资者当日申购的基金份额，清算交收完成后方可卖出和赎回， 即 T 日申购的基金份额且日间完成 RTGS（实时逐笔全额结算）交收的，T 日可卖出和赎 回，而 T 日申购的基金份额且日终完成逐笔全额非担保交收的，T+1 日方可卖出和赎回。 当日买入的基金份额，同日可以赎回或卖出。由于登记机构对赎回现金替代采取非净额结 算交收模式，当投资者赎回申请被登记机构确认后，被赎回的基金份额即被记减，但此时 投资者尚未收到赎回现金替代款。 基金的过往业绩并不预示其未来表现，基金管理人管理的其他基金的业绩并不构成对 本基金表现的保证。 基金管理人依照恪尽职守、诚实信用、谨慎勤勉的原则管理和运用基金财产，但不保 证基金一定盈利，也不保,不买入或不卖出部分被替代证券，或者不进行任何买入或卖出证券的操作，基 金管理人可能不买入或不卖出被替代证券的情形包括但不限于市场流动性不足、技术系统 无法实现、申购赎回轧差以及基金管理人认为不应买入或卖出的其他情形。 （15）本基金为境内募集和上市交易、投资于境内外证券/期货市场、跟踪特定指数的 交易型开放式指数基金，涉及到境内、境外的证券/期货市场，境外证券交易所、期货交易 所、证券与期货登记机构的交易规则、业务规则和市场惯例与境内有较大差异，相关市场 参与主体涉及跨境业务的处理能力、经验、系统等有待验证，从而导致本基金的运作可能 受到影响而带来风险。 2、港股投资风险 本基金可通过港股通投资于港股，也可通过合格境内机构投资者（QDII）境外投资额 度投资于港股，会面临因投资环境、投资标的、市场制度以及交易规则等差异带来的特有 风险，包括港股市场股价波动较大的,申购替代金额的处理程序 T 日，基金管理人根据申购赎回清单收取申购现金替代保证金。 对于确认成功的 T 日申购申请，在 T 日（指上海证券交易所与香港交易所的共同交易 日，下同）内，基金管理人以收到的申购现金替代保证金代投资者买入被替代证券。基金 管理人有权以收到的申购现金替代保证金代投资者买入小于等于被替代证券数量的任意数 量的被替代证券。基金管理人有权根据基金投资的需要自主决定不买入部分被替代证券， 或者不进行任何买入证券的操作。在 T 日日终，基金管理人已买入的证券，依据申购现金 替代保证金与被替代证券的实际买入成本（包括买入价格与相关交易费用，按汇率公允价 折算为人民币）的差额，确定基金应退还投资者或投资者应补交的款项；未买入的证券， 依据申购现金替代保证金与被替代证券 T 日收盘价（按汇率公允价折算为人民币，当日在 证券交易所无交易的，取最近交易日的收盘价，当日无收盘价的，取最后成交价）的差 额，确定基金应退还投资者或投资者应补交的款项。 正常情况下，T+3 日内，基金管理人将应退款和补款的明细及汇总数据发送给登记机 构，登记机构办理现金替代多退少补资金的清算，并将结果发送给相关申购赎回代理券商 和基金托管人。 如遇证券长期停牌、流动性不足等特殊情况，可参照证券的估值价格对结算价格进行 调整，如果基金管理人认为该证券复牌后的价格可能存在较大波动，且可能对基金资产净 值产生较大影响，为了更好的维护持有人利益，该证券对应的现金替代退补款的清算交收 可在其复牌后按照实际交易成本办理。在此期间若该证券发生除息、送股（转增）、配股 等重要权益变动，则进行相应调整。上述汇率目前采用汇率公允价。汇率公允价包括中国 人民银行或其授权机构公布的人民币汇率中间价、中国外汇交易中心参考汇率、中国外汇 交易中心收盘价、与基金托管人商定的其他公允价格等。 ④赎回对应的替代金额的处理程序 对于确认成功的 T 日赎回申请，在 T 日（指上海证券交易所与香港交易所的共同交易 日，下同）内，基金管理人根据赎回申请代投资者卖出被替代证券。基金管理人有权代投 资者卖出小于等于被替代证券数量的任意数量的被替代证券。基金管理人有权根据基金投 资的需要自主决定不卖出部分被替代证券，或者不进行任何卖出证券的操作。在 T 日日 终，基金管理人已卖出的证券，按照被替代证券的实际卖出金额（扣除相关费用，按汇率 50 公允价折算为人民币）确定基金应支付的替代金额；未卖出的证券，按照被替代证券 T 日 收盘价（按汇率公允价折算为人民币，当日在证券交易所无交易的，取最近交易日的收盘 价，当日无收盘价的，取最后成交价）确定基金应支付给投资者的替代金额。 正常情况下，T 日后的第 7 个上海证券交易所与香港交易所的共同交易日内，基金管 理人将应支付的替代金额的明细及汇总数据发送给登记机构，登记机构办理现金替代,替代金额的处理程序 T 日，基金管理人根据申购赎回清单收取申购现金替代保证金。 对于确认成功的 T 日申购申请，在 T 日（指上海证券交易所与香港交易所的共同交易 日，下同）内，基金管理人以收到的申购现金替代保证金代投资者买入被替代证券。基金 管理人有权以收到的申购现金替代保证金代投资者买入小于等于被替代证券数量的任意数 量的被替代证券。基金管理人有权根据基金投资的需要自主决定不买入部分被替代证券， 或者不进行任何买入证券的操作。在 T 日日终，基金管理人已买入的证券，依据申购现金 替代保证金与被替代证券的实际买入成本（包括买入价格与相关交易费用，按汇率公允价 折算为人民币）的差额，确定基金应退还投资者或投资者应补交的款项；未买入的证券， 依据申购现金替代保证金与被替代证券 T 日收盘价（按汇率公允价折算为人民币，当日在 证券交易所无交易的，取最近交易日的收盘价，当日无收盘价的，取最后成交价）的差 额，确定基金应退还投资者或投资者应补交的款项。 正常情况下，T+3 日内，基金管理人将应退款和补款的明细及汇总数据发送给登记机 构，登记机构办理现金替代多退少补资金的清算，并将结果发送给相关申购赎回代理券商 和基金托管人。 如遇证券长期停牌、流动性不足等特殊情况，可参照证券的估值价格对结算价格进行 调整，如果基金管理人认为该证券复牌后的价格可能存在较大波动，且可能对基金资产净 值产生较大影响，为了更好的维护持有人利益，该证券对应的现金替代退补款的清算交收 可在其复牌后按照实际交易成本办理。在此期间若该证券发生除息、送股（转增）、配股 等重要权益变动，则进行相应调整。上述汇率目前采用汇率公允价。汇率公允价包括中国 人民银行或其授权机构公布的人民币汇率中间价、中国外汇交易中心参考汇率、中国外汇 交易中心收盘价、与基金托管人商定的其他公允价格等。 ④赎回对应的替代金额的处理程序 对于确认成功的 T 日赎回申请，在 T 日（指上海证券交易所与香港交易所的共同交易 日，下同）内，基金管理人根据赎回申请代投资者卖出被替代证券。基金管理人有权代投 资者卖出小于等于被替代证券数量的任意数量的被替代证券。基金管理人有权根据基金投 资的需要自主决定不卖出部分被替代证券，或者不进行任何卖出证券的操作。在 T 日日 终，基金管理人已卖出的证券，按照被替代证券的实际卖出金额（扣除相关费用，按汇率 50 公允价折算为人民币）确定基金应支付的替代金额；未卖出的证券，按照被替代证券 T 日 收盘价（按汇率公允价折算为人民币，当日在证券交易所无交易的，取最近交易日的收盘 价，当日无收盘价的，取最后成交价）确定基金应支付给投资者的替代金额。 正常情况下，T 日后的第 7 个上海证券交易所与香港交易所的共同交易日内，基金管 理人将应支付的替代金额的明细及汇总数据发送给登记机构，登记机构办理现金替代资金,清单：指由基金管理人编制的用以公告申购对价、赎回对价等信息的文 件 10 56、申购对价：指投资人申购基金份额时，按基金合同和招募说明书规定应交付的现 金替代、现金差额和/或其他对价 57、赎回对价：指投资人赎回基金份额时，基金管理人按基金合同和招募说明书规定 应交付给赎回人的现金替代、现金差额和/或其他对价 58、组合证券：指本基金标的指数所包含的全部或部分证券 59、现金替代：指申购或赎回过程中，投资人按基金合同和招募说明书的规定，用于 替代组合证券中全部或部分证券的一定数量的现金 60、现金差额：指最小申购、赎回单位的资产净值与按当日收盘价计算的最小申购、 赎回单位中的组合证券市值和现金替代之差；投资人申购或赎回时应支付或应获得的现金 差额根据最小申购、赎回单位对应的现金差额、申购或赎回的基金份额数计算 61、预估现金部分：指由基金管理人计算并在 T 日申购赎回清单中公布的当日现金差 额预估值，预估现金部分由申购赎回代理券商预先冻结 62、最小申购、赎回单位：指本基金申购份额、赎回份额的最低数量，投资人申购、 赎回的基金份额应为最小申购、赎回单位的整数倍 63、基金份额参考净值：指基金管理人或者基金管理人委托的机构在开市后根据申购 赎回清单和组合证券内各只证券的实时成交数据及汇率数据计算，并通过上海证券交易所 发布的基金份额参考净值，简称“IOPV” 64、基金份额折算：指基金管理人根据基金运作的需要，在基金资产净值不变的前提 下，按照一定比例调整基金份额总额及基金份额净值的行为 65、转托管：指基金份额持有人在本基金的不同销售机构之间实施,/Users/ellis/工具程序开发/港股通逐标的分析/临时数据/520590/520590_更新招募说明书_20260806.txt
113,159323,华夏中证港股通汽车产业主题ETF,华夏中证港股通汽车产业主题交易型开放式指数证券投资基金招募说明书(更新),2026-05-29,业主题交易型开放式指数证券投资基金招募说明书（更新） 41 本基金申购业务采用实时逐笔全额结算（Real Time Gross Settlement，以下简称 RTGS） 模式；赎回业务涉及的现金替代可采用代收代付处理；申购、赎回业务涉及的现金差额和现 金替代退补款可采用代收代付处理。 （1）申购的清算交收 投资者 T 日现金申购后，如交易记录已勾单且申购资金足额的，登记机构在 T 日日间 实时办理基金份额及现金替代的交收；T 日日间未进行勾单确认或日间资金不足的，登记机 构在 T 日日终根据资金是否足额办理基金份额及现金替代的清算交收，并将结果发送给基 金管理人、申购赎回代理机构和基金托管人。基金管理人在 T+2 日内办理现金差额的交收。 （2）赎回的清算交收 投资者 T 日赎,不买入或不卖出部分被替代证券，或者不进行任何买入或卖出证券的操作，基 金管理人可能不买入或不卖出被替代证券的情形包括但不限于市场流动性不足、技术系统 无法实现、申购赎回轧差以及基金管理人认为不应买入或卖出的其他情形。 14、基金收益分配后基金份额净值低于面值的风险 基于本基金的性质和特点，本基金收益分配不以弥补亏损为前提，收益分配后可能存 在基金份额净值低于面值的风险。 15、第三方机构服务的风险 基金的多项服务委托第三方机构办理，存在以下风险： （1）申购赎回代理机构因多种原因，导致代理申购、赎回业务受到限制、暂停或终止， 由此影响对投资者申购赎回服务的风险。 （2）登记机构可能调整结算制度，如实施货银对付制度，对投资者基金份额、组合证 券及资金的结算方式发生变化，制度调整可能给投资者带来理解偏差的风险。同样的风险 还可能来自于证券交易所及其他代理机构。 （3,申购替代金额的处理程序 华夏中证港股通汽车产业主题交易型开放式指数证券投资基金招募说明书（更新） 44 对于确认成功的 T 日申购申请，T 日内基金管理人根据申购规模进行组合证券的代理买 入。T 日日终，基金管理人根据所购入的被替代证券的实际单位购入成本（包括买入价格与 相关费用）和未买入的被替代证券的 T 日收盘价（折算为人民币，折算汇率采用当天的估 值汇率；T 日在证券交易所无交易的，取最近交易日的收盘价；交易日无收盘价的，取最后 成交价）计算被替代证券的单位结算成本，在此基础上根据替代证券数量和申购现金替代金 额确定基金应退还投资者或投资者应补交的款项。正常情况下，T 日后的第 2 个港股通交易 日后的 2 个工作日内，基金管理人将应退款或补款与相关申购赎回代理机构办理交收。若发 生特殊情况，基金管理人可以对交收日期进行相应调整。 如遇港股通临时停市、港股通交易每日额度或总额度不足等特殊情况，组合证券的代 理买入及结算价格可依次顺延至下一港股通交易日直至交易正常。如遇证券长期停牌、流动 性不足等可能导致收盘价或最后成交价不公允的特殊情况，可参照证券的估值价格，对结算 价格进行调整，如果基金管理人认为该证券复牌后的价格可能存在较大波动，且可能对基金 资产净值产生较大影响，为了更好的维护持有人利益，该证券对应的现金替代款的清算交收 可在其复牌后按照实际交易成本办理。在此期间若该证券发生除息、送股（转增）、配股等 重要权益变动，则进行相应调整。 ③赎回替代金额的处理程序 对于确认成功的 T 日赎回申请，T 日内，基金管理人根据赎回规模进行组合证券的代理 卖出。T 日日终，基金管理人根据所卖出的被替代证券的实际单位卖出金额（扣除相关费用） 和未卖出的被替代证券的 T 日收盘价（折算为人民币，折算汇率采用当天的估值汇率；T 日 在证券交易所无交易的，取最近交易日的收盘价；交易日无收盘价的，取最后成交价）计算 被替代证券的单位结算金额，在此基础上根据替代证券数量确定赎回替代金额。正常情况下， T 日后的第 3 个港股通交易日后的 2 个工作日内，基金管理人将应支付的赎回替代金额与相 关申购赎回代理机构办理交收。若发生特殊情况，基金管理人可以对交收日期进行相应调整。 如遇港股通临时停市等特殊情况，组合证券的代理卖出及结算价格可依次顺延至下一港股通 交易日直至交易正常。如遇证券长期停牌、流动性不足等可能导致收盘价或最后成交价不公 允的特殊情况，可参照证券的估值价格，对结算价格进行调整，如果基金管理人认为该证券 复牌后的价格可能存在较大波动，且可能对基金资产净值产生较大影响，为了更好的维护持 有人利益，该证券对应的现金替代款的清算交收可在其复牌后按照实际交易成本办理。在此 期间若该证券发生除息、送股（转增）、配股等重要权益变动，则进行相应调整。 华夏中证港股通汽车产业主,替代金额的处理程序 华夏中证港股通汽车产业主题交易型开放式指数证券投资基金招募说明书（更新） 44 对于确认成功的 T 日申购申请，T 日内基金管理人根据申购规模进行组合证券的代理买 入。T 日日终，基金管理人根据所购入的被替代证券的实际单位购入成本（包括买入价格与 相关费用）和未买入的被替代证券的 T 日收盘价（折算为人民币，折算汇率采用当天的估 值汇率；T 日在证券交易所无交易的，取最近交易日的收盘价；交易日无收盘价的，取最后 成交价）计算被替代证券的单位结算成本，在此基础上根据替代证券数量和申购现金替代金 额确定基金应退还投资者或投资者应补交的款项。正常情况下，T 日后的第 2 个港股通交易 日后的 2 个工作日内，基金管理人将应退款或补款与相关申购赎回代理机构办理交收。若发 生特殊情况，基金管理人可以对交收日期进行相应调整。 如遇港股通临时停市、港股通交易每日额度或总额度不足等特殊情况，组合证券的代 理买入及结算价格可依次顺延至下一港股通交易日直至交易正常。如遇证券长期停牌、流动 性不足等可能导致收盘价或最后成交价不公允的特殊情况，可参照证券的估值价格，对结算 价格进行调整，如果基金管理人认为该证券复牌后的价格可能存在较大波动，且可能对基金 资产净值产生较大影响，为了更好的维护持有人利益，该证券对应的现金替代款的清算交收 可在其复牌后按照实际交易成本办理。在此期间若该证券发生除息、送股（转增）、配股等 重要权益变动，则进行相应调整。 ③赎回替代金额的处理程序 对于确认成功的 T 日赎回申请，T 日内，基金管理人根据赎回规模进行组合证券的代理 卖出。T 日日终，基金管理人根据所卖出的被替代证券的实际单位卖出金额（扣除相关费用） 和未卖出的被替代证券的 T 日收盘价（折算为人民币，折算汇率采用当天的估值汇率；T 日 在证券交易所无交易的，取最近交易日的收盘价；交易日无收盘价的，取最后成交价）计算 被替代证券的单位结算金额，在此基础上根据替代证券数量确定赎回替代金额。正常情况下， T 日后的第 3 个港股通交易日后的 2 个工作日内，基金管理人将应支付的赎回替代金额与相 关申购赎回代理机构办理交收。若发生特殊情况，基金管理人可以对交收日期进行相应调整。 如遇港股通临时停市等特殊情况，组合证券的代理卖出及结算价格可依次顺延至下一港股通 交易日直至交易正常。如遇证券长期停牌、流动性不足等可能导致收盘价或最后成交价不公 允的特殊情况，可参照证券的估值价格，对结算价格进行调整，如果基金管理人认为该证券 复牌后的价格可能存在较大波动，且可能对基金资产净值产生较大影响，为了更好的维护持 有人利益，该证券对应的现金替代款的清算交收可在其复牌后按照实际交易成本办理。在此 期间若该证券发生除息、送股（转增）、配股等重要权益变动，则进行相应调整。 华夏中证港股通汽车产业主题交,购赎回清单：指由基金管理人编制的用以公告申购对价、赎回对价等信息的文件。 50、申购对价：指投资者申购基金份额时，按基金合同和招募说明书规定应交付的现金 替代、现金差额和/或其他对价。 51、赎回对价：指投资者赎回基金份额时，基金管理人按基金合同和招募说明书规定应 交付给赎回人的现金替代、现金差额和/或其他对价。 华夏中证港股通汽车产业主题交易型开放式指数证券投资基金招募说明书（更新） 8 52、最小申购赎回单位：指基金申购份额、赎回份额的最低数量，投资者申购、赎回的 基金份额应为最小申购、赎回单位的整数倍。 53、元：指人民币元。 54、基金收益：指基金投资所得红利、股息、债券利息、买卖证券价差、银行存款利息、 已实现的其他合法收入及因运用基金财产带来的成本和费用的节约。 55、基金资产总值：指基金拥有的各类有价证券、银行存款本息、基金应收款项及其他 资产的价值总和。 56、基金资产净值：指基金资产总值减去基金负债后的价值。 57、基金份额净值：指计算日基金资产净值除以计算日基金份额总数。 58、基金资产估值：指计算评估基金资产和负债的价值，以确定基金资产净值和基金份 额净值的过程。 59、规定媒介：指符合中国证监会规定条件的用以进行信息披露的全国性报刊及《信息 披露办法》规定的互联网网站（包括基金管理人网站、基金托管人网站、中国证监会基金电 子披露网站）等媒介。 60、流动性受限资产：指由于法律法规、监管、合同或操作障碍等原因无法以合理价格 予以变现的资产，包括但不限于到期日在 10 个交易日以上的逆回购与银行定期存款（含协 议约定有条件提前,/Users/ellis/工具程序开发/港股通逐标的分析/临时数据/159323/159323_更新招募说明书_20260529.txt
114,513010,易方达恒生科技ETF(QDII),易方达恒生科技交易型开放式指数证券投资基金(QDII)更新的招募说明书,2025-11-27,投资者自行负责。 5、根据本基金现行适用的清算交收和申赎处理规则，投资者当日申购的基 金份额，清算交收完成后方可卖出和赎回，即 T 日申购的基金份额且日间完成 RTGS( 实时逐笔全额结算)交收的，T 日可卖出和赎回， 而T 日申购的基金份额且 日终完成逐笔全额非担保交收的，T+1 日方可卖出和赎回；T 日买入的基金份额， T 日可以赎回或卖出。 由于登记结算机构对现金替代采取非净额结算交收模式，当投资者赎回申 请被登记结算机构确认后， 被赎回的基金份额即被记减， 但此时投资者尚未收到 赎回现金替代款。 投资者投资本基金时需具有证券账户， 证券账户是指上海证券 交易所 A 股账户或上海证券交易所证券投资基金账户。 投资者投资于本基金前请认真阅读证券交易所和登记结算机构关于 ETF,券；或处于停牌的成份证券； 或法律法规限制投资的成份证券； 或基金 管理人出于保护基金份额持有人利益等原因认为有必要实行必须现金替 代的 成 份证券。 2）替代金额：对于必须现金替代的证券，基金管理人将在申购赎回清单中 公告替代的一定数量的现金， 即 “固定替代金额” 。 固定替代金额的计算方法为 申购赎回清单中该证券的数量乘以该证券调整后的 T 日开盘参考价并按照 T-1 日估值汇率换算或基金管理人认为合理的其他方法。 （4）在系统支持的情况下，对于 T 日的申购赎回申请，基金管理人有权进 行轧差处理， 针对净申购， 购入净申购份额对应的组合证券中被替代的香港证券， 针对净赎回， 卖出净赎回份额对应的组合证券中被替代的香港证券， 基金管理人 有权购入或者卖出不等于轧差处理后的上述被替代的香港证券的任意数量。 （5）基金管理人可根据运作情况调整代理申赎投资者买券卖券的相关规则 并按规定公告。 （6）未来如相关证券的交易、结算规则发生改变，或上海证券交易所、登 记结算机构有关申购赎回交易结算规则发生改变， 或基金管理人与基金托管人之 间的结算相关安排发生改变等， 基金管理人可对上述相关现金替代处理规则进行 调整，并按规定公告。 4、预估现金部分相关内容 预估现金部分是指为便于计算基金份额参考净值及申购赎回代理券 商预先 冻结申请申购、赎回的投资者的相应资金，由基金管理人计算的现金数额。 T 日申购赎回清单中公告 T 日预估现金部分。其计算公式为： 62 T 日预估现金部分＝T-1 日最小申购、赎回单位的基金资产净值－（申购赎 回清单中必须现金替代成份证券的替代金额+申购赎回清单中可以现金替代成份 证券的数量、该证券调整后 T 日开盘参考价以及 T-1 日估值汇率的相乘之和） 如果,申购现金替代保证金的处理程序 T 日， 基金管理人在申购赎回清单中公布申购现金替代溢价比例， 并据此收 取申购现金替代保证金。 基金管理人在 T+1 日内购入组合证券中被替代的香港证券。 基金管理人有权 在T+1 日内任意时刻， 以收到的申购替代金额代投资者购入组合证券中被替代的 香港证券的任意数量。对于确认成功的 T 日申购申请， 基金管理人可以通过在香 港市场交易或港股通等方式代投资者买入相关证券。正常情况下， 对于确认成功 的T 日申购申请，基金管理人根据 T+1 日所购入的被替代证券的实际单位购入成 本 （包括买入价格与相关费用， 折算为人民币， 折算汇率采用基金管理人和基金 托管人商定的汇率公允价， 汇率公允价包括中国人民银行或其授权机构公布的人 民币汇率中间价、 中国外汇交易中心参考汇率、中国外汇交易中心收盘价、 与基 金托管人商定的其他公允价格等） 和未购入的被替代证券 T+1 日收盘价 （折算为 人民币， 折算汇率采用基金管理人和基金托管人商定的汇率公允价， 汇率公允价 包括中国人民银行或其授权机构公布的人民币汇率中间价、 中国外汇交易中心参 考汇率、中国外汇交易中心收盘价、 与基金托管人商定的其他公允价格等； 被替 代证券 T+1 日在证券交易所无交易的， 取最近交易日的收盘价） 计算被替代证券 的单位结算成本， 在此基础上根据替代证券数量和申购现金替代保证金确定基金 应退还投资者或投资者应补交的款项，若 T 日后至 T+1 日期间发生除息、送股 60 （转增）、配股等重要权益变动，则进行相应调整。正常情况下，T+1 日后的第 3 个港股通交易日内， 基金管理人将香港证券的应退款或补款与相关申购赎回代 理券商办理交收。 当交收期间出现港股通交易日为非港股通交收日时， 款项交收 日期顺延。若发生特殊情况，基金管理人可以对交收日期进行相应调整。 如遇证券长期停牌、 流动性不足等可能导致收盘价或最后成交价不公允的特 殊情况， 可参照证券的估值价格， 对结算价格进行调整， 如果基金管理人认为该 证券复牌后的价格可能存在较大波动， 且可能对基金资产净值产生较大影响， 为 了更好的维护持有人利益， 该证券对应的现金替代退补款的清算交收可按照其复 牌后实际交易成本或者基金管理人认为合理的价格办理。 在此期间若该证券发生 除息、送股（转增）、配股等重要权益变动，则进行相应调整。 4）赎回替代金额的处理程序 基金管理人在 T+1 日内卖出组合证券中被替代的香港证券。 基金管理人有权 在T+1 日内任意时刻代投资者卖出组合证券中被替代的香港证券的任意数量。对 于确认成功的 T 日赎回申请， 基金管理人可以通过在香港市场交易或港股通等方 式代投资者卖出相关证券。正常情况下， 对于确认成功的T 日赎回申请，基金管 理人根据 T+1 日所卖出的被替代证券的实际单位卖,"赎回替代金额的处理程序 基金管理人在 T+1 日内卖出组合证券中被替代的香港证券。 基金管理人有权 在T+1 日内任意时刻代投资者卖出组合证券中被替代的香港证券的任意数量。对 于确认成功的 T 日赎回申请， 基金管理人可以通过在香港市场交易或港股通等方 式代投资者卖出相关证券。正常情况下， 对于确认成功的T 日赎回申请，基金管 理人根据 T+1 日所卖出的被替代证券的实际单位卖出金额 （扣除相关费用， 折算 为人民币， 折算汇率采用基金管理人和基金托管人商定的汇率公允价， 汇率公允 价包括中国人民银行或其授权机构公布的人民币汇率中间价、 中国外汇交易中心 参考汇率、中国外汇交易中心收盘价、 与基金托管人商定的其他公允价格等） 和 未卖出的被替代证券 T+1 日收盘价 （折算为人民币， 折算汇率采用基金管理人和 基金托管人商定的汇率公允价， 汇率公允价包括中国人民银行或其授权机构公布 的人民币汇率中间价、中国外汇交易中心参考汇率、中国外汇交易中心收盘价、 与基金托管人商定的其他公允价格等；被替代证券 T+1 日在证券交易所无交易 的， 取最近交易日的收盘价） 计算被替代证券的单位结算金额， 在此基础上根据 替代证券数量确定赎回替代金额，若 T 日后至 T+1 日期间发生除息、送股（转 增） 、 配股等重要权益变动,则进行相应调整。正常情况下，T+1 日后的第 3 个港 股通交易日内， 基金管理人将应支付的赎回替代金额与相关申购赎回代理券商办 理交收。 当交收期间出现港股通交易日为非港股通交收日时， 款项交收日期顺延。 若发生特殊情况，基金管理人可以对交收日期进行相应调整。 61 如遇证券长期停牌、 流动性不足等可能导致收盘价或最后成交价不公允的特 殊情况， 可参照证券的估值价格， 对结算价格进行调整， 如果基金管理人认为该 证券复牌后的价格可能存在较大波动， 且可能对基金资产净值产生较大影响， 为 了更好的维护持有人利益， 该证券对应的现金替代款的清算交收可按照其复牌后 实际交易成本或者基金管理人认为合理的价格办理。 在此期间若该证券发生除息、 送股（转增）、配股等重要权益变动，则进行相应调整。 （3）必须现金替代 1）适用情形：必须现金替代的证券一般是由于标的指数调整、即将被剔除 的成份证券；或处于停牌的成份证券； 或法律法规限制投资的成份证券； 或基金 管理人出于保护基金份额持有人利益等原因认为有必要实行必须现金替 代的 成 份证券。 2）替代金额：对于必须现金替代的证券，基金管理人将在申购赎回清单中 公告替代的一定数量的现金， 即 “固定替代金额” 。 固定替代金额的计算方法为 申购赎回清单中该证券的数量乘以该证券调整后的 T 日开盘参考价并按照 T-1 日估值汇率换算或基金管理人认为合理的其他方法。 （4）在系统支持的情况下，对于 T 日的申购赎回申请",规则流程 后方可参与本基金的申购、 赎回及交易。 投资者一旦申购或赎回本基金， 即表示 对基金申购和赎回所涉及的登记方式以及申购赎回所涉及组合证券、现金替代、 现金差额等相关的交收方式及业务规则已经认可。 6、本基金由易方达基金管理有限公司独立管理，未聘请境外投资顾问。 7、基金不同于银行储蓄，基金投资人投资于基金有可能获得较高的收益， 也有可能损失本金。 投资有风险， 投资人在进行投资决策前， 请仔细阅读本基金 的《招募说明书》及《基金合同》。 8、基金的过往业绩并不预示其未来表现，基金管理人管理的其他基金的业 绩并 不构成对本基金表现的保证。 本基金有关财务数据截止日为 2025 年 9 月 30 日，净值表现截止日为 2025 年 9 月 30 日，主要人员情况截止日为 2025 年 11 月 26 日，产品申购赎回清单 版本相关内容更新截止日为 2025 年 11 月 24 日，除非另有说明，本招募说明书 其他所载内容截止日为 2025 年 10 月 16 日。（本报告中财务数据未经审计） I 目 录 第一部分 绪言....................................................... 1 第二部分 释义....................................................... 2 第三部分 风险揭示................................................... 8 第四部分 基金的投资...................,/Users/ellis/工具程序开发/港股通逐标的分析/临时数据/513010/513010_更新招募说明书_20251127.txt
115,159366,永赢中证港股通医疗主题ETF,永赢中证港股通医疗主题交易型开放式指数证券投资基金更新招募说明书(2026年第1号),2026-06-30,登记 本基金申购赎回过程中涉及的基金份额、现金替代、现金差额及其他对价的清 算交收适用相关业务规则和参与各方相关协议及其不时修订的有关规定。 本基金申购业务采用RTGS（实时逐笔全额结算）模式；赎回业务涉及的现金替 代可采用代收代付处理；申购、赎回业务涉及的现金差额和现金替代退补款可采用 代收代付处理。 投资者T日现金申购后，如交易记录已勾单且申购资金足额的，登记机构在T日 日间实时办理基金份额及现金替代的交收；T日日间未进行勾单确认或日间资金不 足的，登记机构在T日日终根据资金是否足额办理基金份额及现金替代的清算交 收，并将结果发送给基金管理人、申购赎回代理券商和基金托管人。基金管理人在 T+2日办理现金差额的交收。 投资者T日赎回申请受理后，登记机构在T日收市后为投资者办理基,,申购替代金额的处理程序 对于确认成功的T日申购申请，T日内基金管理人根据申购规模进行组合证券的 代理买入。T日日终，基金管理人根据所购入的被替代组合证券的实际单位购入成 本、实际购入的相关费用、未购入的被替代组合证券的T日收盘价（折算为人民 币，折算汇率采用当天的估值汇率；被替代组合证券T日无交易的，取最近交易日 的收盘价；交易日无收盘价的，取最后收盘价）计算并确定被替代组合证券的单位 结算成本，在此基础上根据替代组合证券数量和申购现金替代金额确定基金应退还 投资人的款项或投资人应补交的款项。T日后的3个工作日内，基金管理人将应退款 40 永赢中证港股通医疗主题交易型开放式指数证券投资基金 更新招募说明书(2026 年第 1 号) 或补款与相关申购赎回代理机构办理交收。若发生特殊情况，基金管理人可以对交 收日期进行相应调整。 如遇港股通临时停市、港股通交易每日额度或总额度不足等特殊情况，组合证 券的代理买入及结算价格可依次顺延至下一港股通交易日直至交易正常。如遇证券 长期停牌、流动性不足等可能导致收盘价或最后成交价不公允的特殊情况，可参照 证券的估值价格，对结算成本进行调整。如果基金管理人认为该证券复牌后的价格 可能存在较大波动，且可能对基金资产净值产生较大影响，为了更好的维护持有人 利益，该证券对应的现金替代款的清算交收可在其复牌后按照实际交易成本办理。 在此期间若该证券发生除息、送股（转增） 、配股等重要权益变动，则进行相应调 整。 ④赎回替代金额的处理程序 对于确认成功的T日赎回申请，T日内基金管理人根据所卖出的被替代组合证券 的实际单位卖出成本、实际卖出的相关费用、未卖出的被替代组合证券的T日收盘 价（折算为人民币，折算汇率采用当天的估值汇率；被替代组合证券T日无交易 的，取最近交易日的收盘价；交易日无收盘价的，取最后收盘价）计算并确定被替 代组合证券的单位结算成本，在此基础上根据替代组合证券数量确定赎回替代金 额。T日后的第3个港股通交收日后的2个工作日内，基金管理人将应支付的赎回现 金替代款与相关申购赎回代理机构办理交收。若发生特殊情况，基金管理人可以对 交收日期进行相应调整。 如遇港股通临时停市等特殊情况，组合证券的代理卖出及结算价格可依次顺延 至下一港股通交易日直至交易正常。如遇证券长期停牌、流动性不足等可能导致收 盘价或最后成交价不公允的特殊情况，可参照证券的估值价格，对结算成本进行调 整。如果基金管理人认为该证券复牌后的价格可能存在较大波动，且可能对基金资 产净值产生较大影响，为了更好的维护持有人利益，该证券对应的现金替代款的清 算交收可在其复牌后按照实际交易成本办理。在此期间若该证券发生除息、送股 （转增） 、配股等重要权益变动，则进行相应调整。 ⑤基金管理人有权根据实际情况对上述申购和赎回的现金替代处理程序进行调 整，并在正式实施前在,替代金额的处理程序 对于确认成功的T日申购申请，T日内基金管理人根据申购规模进行组合证券的 代理买入。T日日终，基金管理人根据所购入的被替代组合证券的实际单位购入成 本、实际购入的相关费用、未购入的被替代组合证券的T日收盘价（折算为人民 币，折算汇率采用当天的估值汇率；被替代组合证券T日无交易的，取最近交易日 的收盘价；交易日无收盘价的，取最后收盘价）计算并确定被替代组合证券的单位 结算成本，在此基础上根据替代组合证券数量和申购现金替代金额确定基金应退还 投资人的款项或投资人应补交的款项。T日后的3个工作日内，基金管理人将应退款 40 永赢中证港股通医疗主题交易型开放式指数证券投资基金 更新招募说明书(2026 年第 1 号) 或补款与相关申购赎回代理机构办理交收。若发生特殊情况，基金管理人可以对交 收日期进行相应调整。 如遇港股通临时停市、港股通交易每日额度或总额度不足等特殊情况，组合证 券的代理买入及结算价格可依次顺延至下一港股通交易日直至交易正常。如遇证券 长期停牌、流动性不足等可能导致收盘价或最后成交价不公允的特殊情况，可参照 证券的估值价格，对结算成本进行调整。如果基金管理人认为该证券复牌后的价格 可能存在较大波动，且可能对基金资产净值产生较大影响，为了更好的维护持有人 利益，该证券对应的现金替代款的清算交收可在其复牌后按照实际交易成本办理。 在此期间若该证券发生除息、送股（转增） 、配股等重要权益变动，则进行相应调 整。 ④赎回替代金额的处理程序 对于确认成功的T日赎回申请，T日内基金管理人根据所卖出的被替代组合证券 的实际单位卖出成本、实际卖出的相关费用、未卖出的被替代组合证券的T日收盘 价（折算为人民币，折算汇率采用当天的估值汇率；被替代组合证券T日无交易 的，取最近交易日的收盘价；交易日无收盘价的，取最后收盘价）计算并确定被替 代组合证券的单位结算成本，在此基础上根据替代组合证券数量确定赎回替代金 额。T日后的第3个港股通交收日后的2个工作日内，基金管理人将应支付的赎回现 金替代款与相关申购赎回代理机构办理交收。若发生特殊情况，基金管理人可以对 交收日期进行相应调整。 如遇港股通临时停市等特殊情况，组合证券的代理卖出及结算价格可依次顺延 至下一港股通交易日直至交易正常。如遇证券长期停牌、流动性不足等可能导致收 盘价或最后成交价不公允的特殊情况，可参照证券的估值价格，对结算成本进行调 整。如果基金管理人认为该证券复牌后的价格可能存在较大波动，且可能对基金资 产净值产生较大影响，为了更好的维护持有人利益，该证券对应的现金替代款的清 算交收可在其复牌后按照实际交易成本办理。在此期间若该证券发生除息、送股 （转增） 、配股等重要权益变动，则进行相应调整。 ⑤基金管理人有权根据实际情况对上述申购和赎回的现金替代处理程序进行调 整，并在正式实施前在规定,购赎回清单：指由基金管理人编制的用以公告申购对价、赎回对价等信 息的文件 47、申购对价：指投资人申购基金份额时，按基金合同和招募说明书规定应交 付的现金替代、现金差额及其他对价 48、赎回对价：指基金份额持有人赎回基金份额时，基金管理人按基金合同和 招募说明书规定应交付给赎回人的现金替代、现金差额及其他对价 49、标的指数：指中证港股通医疗主题指数 50、组合证券：指本基金标的指数所包含的全部或部分证券 51、完全复制法：指一种构建跟踪指数的投资组合的方法。通过购买标的指数 中的所有成份证券，并且按照每种成份证券在标的指数中的权重确定购买的比例以 构建指数组合，以达到复制指数的目的 52、最小申购、赎回单位：指本基金申购份额、赎回份额的最低数量，投资人 申购、赎回的基金份额数应为最小申购、赎回单位的整数倍 53、现金替代：指申购、赎回过程中，投资人按基金合同和招募说明书的规 定，用于替代组合证券中全部或部分证券的一定数量的现金 54、现金差额：指最小申购、赎回单位的资产净值与按T日收盘价计算的最小 申购、赎回单位中的组合证券市值和现金替代之差；投资人申购、赎回时应支付或 应获得的现金差额根据最小申购、赎回单位对应的现金差额、申购或赎回的基金份 12 永赢中证港股通医疗主题交易型开放式指数证券投资基金 更新招募说明书(2026 年第 1 号) 额数计算 55、现金替代退补款：指投资者支付的现金替代与基金购入被替代成份证券的 成本及相关费用的差额。若现金替代大于本基金购入被替代成份证券的成本及相关 费用，则本基金需向投资者退还差额，若现金替代小于本,/Users/ellis/工具程序开发/港股通逐标的分析/临时数据/159366/159366_更新招募说明书_20260630.txt
116,520550,招商恒生港股通高股息低波动ETF,招商恒生港股通高股息低波动交易型开放式指数证券投资基金更新的招募说明书(二零二六年第一号),2026-01-14,收适用 《业务规则》 和 参与各方相关协议的有关规定。 本基金申购业务采用实时逐笔全额结算 （Real Time Gross Settlement， 以下简称 RTGS） 模式； 赎回业务涉及的现金替代可采用代收代付处理； 申购、 赎回业务涉及的现金差额和现 金替代退补款可采用代收代付处理。 投资者T 日现金申购后， 如交易记录已勾单且申购资金足额的， 登记机构在T 日日间实 时办理基金份额及现金替代的交收；T 日日间未进行勾单确认或日间资金不足的， 登记机构 在T 日日终根据资金是否足额办理基金份额及现金替代的清算交收， 并将结果发送给基金管 理人、申购赎回代理机构和基金托管人。登记机构在T+1 日内办理现金差额的清算，在T+2 日内办理现金差额的交收。 投资者T 日赎回申请受,,申购现金替代保证金的处理程序 对于确认成功的 T 日申购申请，在 T 日（指上海证券交易所与香港交易所的共同交易 日） 内， 基金管理人以收到的申购替代金额代投资者买入被替代证券。 基金管理人有权在T 日 （指上海证券交易所与香港交易所的共同交易日） 内任意时刻以收到的申购替代金额代投 资者买入小于等于被替代证券数量的任意数量的被替代证券。 基金管理人有权根据基金投资 的需要自主决定不买入部分被替代证券，或者不进行任何买入证券的操作。在 T 日（指上 招商恒生港股通高股息低波动交易型开放式指数证券投资基金更新的招募说明书（二零二六年第一号） 43 海证券交易所与香港交易所的共同交易日） 日终， 基金管理人已买入的证券， 依据申购的替 代金额与被替代证券的实际买入成本 （包括买入价格与相关交易费用） 的差额， 确定基金应 退还投资者或投资者应补交的款项；未买入的证券，依据申购的替代金额与被替代证券 T 日 （指上海证券交易所与香港交易所的共同交易日） 收盘价 （需用汇率公允价折算为人民币， 当日在证券交易所无交易的， 取最近交易日的收盘价， 当日无收盘价的， 取最后成交价） 的 差额，确定基金应退还投资者或投资者应补交的款项。 T 日后的 3 个工作日 （指上海证券交易所和香港交易所的共同交易日） 内， 基金管理人 将应退款或补款与相关申购赎回代理机构办理交收。 若发生特殊情况， 基金管理人可以对交 收日期进行相应调整。 如遇港股通临时停市、 港股通交易每日额度或总额度不足等特殊情况， 组合证券的代理 买入及结算价格可依次顺延至下一港股通交易日直至交易正常。 如遇证券长期停牌、 流动性 不足等可能导致收盘价或最后成交价不公允的特殊情况， 可参照证券的估值价格， 对结算价 格进行调整， 如果基金管理人认为该证券复牌后的价格可能存在较大波动， 且可能对基金资 产净值产生较大影响， 为了更好的维护持有人利益， 该证券对应的现金替代款的清算交收可 在其复牌后按照实际交易成本办理。在此期间若该证券发生除息、送股（转增） 、配股等重 要权益变动，则进行相应调整。 4）赎回替代金额的处理程序 对于确认成功的 T 日赎回申请，在 T 日（指上海证券交易所与香港交易所的共同交易 日）内，基金管理人根据赎回申请代投资者卖出被替代证券。基金管理人有权在 T 日（指 上海证券交易所与香港交易所的共同交易日） 内任意时刻代投资者卖出小于等于被替代证券 数量的任意数量的被替代证券。 基金管理人有权根据基金投资的需要自主决定不卖出部分被 替代证券，或者不进行任何卖出证券的操作。 在 T 日（指上海证券交易所与香港交易所的共同交易日）日终，基金管理人已卖出的 证券， 按照被替代证券的实际卖出金额 （扣除相关费用） 确定基金应支付的替代金额； 未卖 出的证券，按照被替代证券 T 日（指上海证券,赎回替代金额的处理程序 对于确认成功的 T 日赎回申请，在 T 日（指上海证券交易所与香港交易所的共同交易 日）内，基金管理人根据赎回申请代投资者卖出被替代证券。基金管理人有权在 T 日（指 上海证券交易所与香港交易所的共同交易日） 内任意时刻代投资者卖出小于等于被替代证券 数量的任意数量的被替代证券。 基金管理人有权根据基金投资的需要自主决定不卖出部分被 替代证券，或者不进行任何卖出证券的操作。 在 T 日（指上海证券交易所与香港交易所的共同交易日）日终，基金管理人已卖出的 证券， 按照被替代证券的实际卖出金额 （扣除相关费用） 确定基金应支付的替代金额； 未卖 出的证券，按照被替代证券 T 日（指上海证券交易所与香港交易所的共同交易日）收盘价 （需用汇率公允价折算为人民币， 当日在证券交易所无交易的， 取最近交易日的收盘价， 当 日无收盘价的，取最后成交价）确定基金应支付给投资者的替代金额。 T 日后的第 2 个港股通交收日后的 2 个工作日内， 基金管理人将应支付的赎回替代金额 与相关申购赎回代理机构办理交收。 若发生特殊情况， 基金管理人可以对交收日期进行相应 调整。 招商恒生港股通高股息低波动交易型开放式指数证券投资基金更新的招募说明书（二零二六年第一号） 44 如遇港股通临时停市等特殊情况， 组合证券的代理卖出及结算价格可依次顺延至下一港 股通交易日直至交易正常。 如遇证券长期停牌、 流动性不足等可能导致收盘价或最后成交价 不公允的特殊情况， 可参照证券的估值价格， 对结算价格进行调整， 如果基金管理人认为该 证券复牌后的价格可能存在较大波动， 且可能对基金资产净值产生较大影响， 为了更好的维 护持有人利益，该证券对应的现金替代款的清算交收可在其复牌后按照实际交易成本办理。 在此期间若该证券发生除息、送股（转增） 、配股等重要权益变动，则进行相应调整。 4）未来如港股通的交易、结算规则发生改变，或上海证券交易所、登记机构ETF 申购 赎回交易结算规则发生改变， 或基金管理人与基金托管人之间的结算相关安排发生改变， 基 金管理人可对可以现金替代处理规则进行调整，并按规定公告。 （3）必须现金替代 1） 适用情形： 必须现金替代的证券一般是由于标的指数调整， 即将被剔除的成份证券； 或法律法规限制投资的证券； 或基金管理人出于保护基金份额持有人利益等原因认为有必要 实行必须现金替代的成份证券。 2）替代金额：对于必须现金替代的证券，基金管理人将在申购赎回清单中公告替代的 一定数量的现金，即“固定替代金额” 。固定替代金额的计算方法为申购赎回清单中该证券 的数量乘以其 T 日预计开盘价并按照 T-1 日估值汇率换算或基金管理人认为合理的其他方 法。如果T-1 日至T 日期间存在其他证券交易所交易日为非申赎开放日， 则基金管理人可对 “T 日预计开盘价”,单： 指由基金管理人编制的用以公告申购对价、 赎回对价等信息的文件 48、 申购对价： 指投资人申购基金份额时， 按基金合同和招募说明书规定应交付的现金 替代、现金差额及其他对价 49、 赎回对价： 指基金份额持有人赎回基金份额时， 基金管理人按基金合同和招募说明 书规定应交付给赎回人的现金替代、现金差额及其他对价 50、标的指数：指恒生指数有限公司编制并发布的恒生港股通高股息低波动指数 51、组合证券：指本基金标的指数所包含的全部或部分证券 52、最小申购赎回单位： 指本基金申购、 赎回份额的最低数量，投资人申购、赎回的基 金份额应为最小申购赎回单位的整数倍 53、现金替代： 指申购、 赎回过程中，投资人按基金合同和招募说明书的规定，用于替 代组合证券中部分证券的一定数量的现金 招商恒生港股通高股息低波动交易型开放式指数证券投资基金更新的招募说明书（二零二六年第一号） 11 54、 现金差额： 指最小申购赎回单位的资产净值与按T 日收盘价计算的最小申购赎回单 位中的组合证券市值和现金替代之差； 投资人申购或赎回时应支付或应获得的现金差额根据 最小申购赎回单位对应的现金差额、申购或赎回的基金份额计算 55、 预估现金部分： 指由基金管理人计算并在T 日申购赎回清单中公布的当日现金差额 的预估值，预估现金部分由申购赎回代理机构预先冻结 56、 基金份额参考净值： 指基金管理人或基金管理人委托的机构在开市后根据申购赎回 清单和组合证券内各只证券的实时成交数据计算， 并通过上海证券交易所发布的基金份额参 考净值，简称“IOPV” 57、 基金份额折算：,/Users/ellis/工具程序开发/港股通逐标的分析/临时数据/520550/520550_更新招募说明书_20260114.txt
117,159742,博时恒生科技ETF(QDII),博时恒生科技交易型开放式指数证券投资基金(QDII)更新招募说明书,2026-06-01,证券仅在境内上市的 ETF 产品有所差异。在 目前结算规则下，投资者当日申购的基金份额，清算交收完成后可卖出和赎回，即 T 日申购 的 ETF 份额且日间完成 RTGS（实时逐笔全额结算）交收，T 日可卖出与赎回，而 T 日申购的 ETF 份额且日终完成逐笔全额非担保交收，T+1 日方可卖出和赎回；T 日竞价买入的基金份 额，T 日可以赎回，T 日可以卖出。 7、基金合同生效后，连续 50 个工作日出现基金份额持有人数量不满二百人或者基金资 产净值低于五千万元情形的，本基金将根据基金合同的约定进行基金财产清算并终止，且无 需召开基金份额持有人大会。因此本基金有面临自动清算的风险。 8、本基金为指数基金，投资者投资于本基金面临跟踪误差控制未达约定目标、指数编 制机构停止服务、成份股,,"申购替代金额的处理程序 T 日，基金管理人在申购赎回清单中公布现金替代溢价比例，并据此收取申购替代金额。 正常情况下，对于确认成功的 T 日申购申请，T+1 日（指开放日）内（即 T 日及 T+1 日） 基金管理人根据申购规模进行组合证券的代理买入。T+1 日（指开放日）日终，基金管理人 根据所购入的被替代证券的实际单位购入成本（包括买入价格与相关费用,其中通过港股通 买入的交易使用中国证券登记结算有限责任公司代理换汇后的人民币成本）和未买入的被替 代证券的 T+1 日（指开放日）收盘价（折算为人民币，折算汇率包括但不限于中国外汇交易 中心公布的北京时间 16:00 主要货币兑人民币参考汇率、中国人民银行或其授权机构最新公 布的人民币汇率中间价、与基金托管人商定的其他公允价格等；被替代组合证券 T+1 日（指 开放日）无交易的，取最近交易日的收盘价）计算被替代证券的单位结算成本，在此基础上 根据替代证券数量和申购现金替代保证金确定基金应退还投资者或投资者应补交的款项。在 此期间若该部分证券发生除息、送股（转增）、配股等重要权益变动，则进行相应调整。 正常情况下，T+5 日（指开放日）内，基金管理人将应退款和补款的明细及汇总数据发 送给登记机构，登记机构办理现金替代多退少补资金的清算，并将结果发送给相关申购赎回 代理机构和基金托管人，相关款项的交收于数据发送后的第 1 个工作日内完成。 如遇港股通临时停市、港股通交易每日额度不足等特殊情况，组合证券的代理买入及结 算价格可依次顺延至下一港股通交易日直至交易正常。如遇证券长期停牌、流动性不足等可 能导致收盘价或最后成交价不公允的特殊情况，可参照证券的估值价格，对结算价格进行调 整，如果基金管理人认为该证券复牌后的价格可能存在较大波动，且可能对基金资产净值产 生较大影响，为了更好的维护持有人利益，该证券对应的现金替代退补款的清算交收可在其 博时恒生科技交易型开放式指数证券投资基金(QDII)更新招募说明书 第 72页 共 171页 复牌后按照实际交易成本办理。在此期间若该证券发生除息、送股（转增）、配股等重要权 益变动，则进行相应调整。 4）赎回替代金额的处理程序 正常情况下，对于确认成功的 T 日赎回申请，T+1 日（指开放日）内（即 T 日及 T+1 日） 基金管理人根据赎回规模进行组合证券的代理卖出。T+1 日（指开放日）日终，基金管理人 根据所卖出的被替代证券的实际单位卖出金额（扣除相关费用，其中通过港股通卖出的交易 使用中国证券登记结算有限责任公司代理换汇后的人民币金额）和未卖出的被替代证券的 T+1 日（指开放日）收盘价（折算为人民币，折算汇率包括但不限于中国外汇交易中心公布 的北京时间 16:00 主要货币兑人民币参考汇率、中国人民银行或其授权机构最新公布的人民 币汇率中间价、与基金托管人商定的其他公","替代金额的处理程序 T 日，基金管理人在申购赎回清单中公布现金替代溢价比例，并据此收取申购替代金额。 正常情况下，对于确认成功的 T 日申购申请，T+1 日（指开放日）内（即 T 日及 T+1 日） 基金管理人根据申购规模进行组合证券的代理买入。T+1 日（指开放日）日终，基金管理人 根据所购入的被替代证券的实际单位购入成本（包括买入价格与相关费用,其中通过港股通 买入的交易使用中国证券登记结算有限责任公司代理换汇后的人民币成本）和未买入的被替 代证券的 T+1 日（指开放日）收盘价（折算为人民币，折算汇率包括但不限于中国外汇交易 中心公布的北京时间 16:00 主要货币兑人民币参考汇率、中国人民银行或其授权机构最新公 布的人民币汇率中间价、与基金托管人商定的其他公允价格等；被替代组合证券 T+1 日（指 开放日）无交易的，取最近交易日的收盘价）计算被替代证券的单位结算成本，在此基础上 根据替代证券数量和申购现金替代保证金确定基金应退还投资者或投资者应补交的款项。在 此期间若该部分证券发生除息、送股（转增）、配股等重要权益变动，则进行相应调整。 正常情况下，T+5 日（指开放日）内，基金管理人将应退款和补款的明细及汇总数据发 送给登记机构，登记机构办理现金替代多退少补资金的清算，并将结果发送给相关申购赎回 代理机构和基金托管人，相关款项的交收于数据发送后的第 1 个工作日内完成。 如遇港股通临时停市、港股通交易每日额度不足等特殊情况，组合证券的代理买入及结 算价格可依次顺延至下一港股通交易日直至交易正常。如遇证券长期停牌、流动性不足等可 能导致收盘价或最后成交价不公允的特殊情况，可参照证券的估值价格，对结算价格进行调 整，如果基金管理人认为该证券复牌后的价格可能存在较大波动，且可能对基金资产净值产 生较大影响，为了更好的维护持有人利益，该证券对应的现金替代退补款的清算交收可在其 博时恒生科技交易型开放式指数证券投资基金(QDII)更新招募说明书 第 72页 共 171页 复牌后按照实际交易成本办理。在此期间若该证券发生除息、送股（转增）、配股等重要权 益变动，则进行相应调整。 4）赎回替代金额的处理程序 正常情况下，对于确认成功的 T 日赎回申请，T+1 日（指开放日）内（即 T 日及 T+1 日） 基金管理人根据赎回规模进行组合证券的代理卖出。T+1 日（指开放日）日终，基金管理人 根据所卖出的被替代证券的实际单位卖出金额（扣除相关费用，其中通过港股通卖出的交易 使用中国证券登记结算有限责任公司代理换汇后的人民币金额）和未卖出的被替代证券的 T+1 日（指开放日）收盘价（折算为人民币，折算汇率包括但不限于中国外汇交易中心公布 的北京时间 16:00 主要货币兑人民币参考汇率、中国人民银行或其授权机构最新公布的人民 币汇率中间价、与基金托管人商定的其他公允价",申购赎回清单：指由基金管理人编制的用以公告申购对价、赎回对价等信息的文件 52.申购对价：指投资人申购基金份额时，按基金合同和招募说明书规定应交付的现金 替代、现金差额和/或其他对价 53.赎回对价：指投资人赎回基金份额时，基金管理人按基金合同和招募说明书规定应 交付给赎回人的现金替代、现金差额和/或其他对价 54. 组合证券：指本基金标的指数所包含的全部或部分证券 55. 标的指数：指恒生指数有限公司编制并发布的恒生科技指数及其未来可能发生的变 更 56. 完全复制法：指一种跟踪指数的方法。通过购买标的指数中的所有成份证券，并且 按照每种成份证券在标的指数中的权重确定购买的比例以构建指数组合，达到复制指数的目 的 57. 现金替代：指申购、赎回过程中，投资人按基金合同和招募说明书的规定，用于替 代组合证券中部分证券的一定数量的现金 58.现金替代退补款：指投资人支付的现金替代与基金购入被替代成份证券的成本及相 关费用的差额。若现金替代大于本基金购入被替代成份证券的成本及相关费用，则本基金需 博时恒生科技交易型开放式指数证券投资基金(QDII)更新招募说明书 第 12页 共 171页 向投资人退还差额，若现金替代小于本基金购入被替代成份证券的成本及相关费用，则投资 人需向本基金补缴差额 59. 现金差额：指最小申购、赎回单位的资产净值与按当日收盘价计算的最小申购、赎 回单位中的组合证券市值和现金替代之差；投资人申购、赎回时应支付或应获得的现金差额 根据最小申购、赎回单位对应的现金差额、申购或赎回的基金份额数计算 60. 最小申购、赎回单位：指本基,/Users/ellis/工具程序开发/港股通逐标的分析/临时数据/159742/159742_更新招募说明书_20260601.txt
118,513070,易方达中证港股通消费主题ETF,易方达中证港股通消费主题交易型开放式指数证券投资基金更新的招募说明书,2026-06-26,产品资料概要 。 5、根据本基金现行适用的清算交收和申赎处理规则，投资者当日申购的基金份额，清 算交收完成后方可卖出和赎回，即 T 日申购的基金份额且日间完成 RTGS（实时逐笔全额结 算） 交收的，T 日可卖出和赎回， 而T 日申购的基金份额且日终完成逐笔全额非担保交收的， T+1 日方可卖出和赎回；T 日买入的基金份额，T 日可以赎回或卖出。 投资者投资于本基金前请认真阅读证券交易所和登记结算机构关于 ETF 的相关业务规 则及其不时的更新， 确保具备相关专业知识、 清楚了解相关规则流程后方可参与本基金的申 购、 赎回及交易。 投资者一旦申购或赎回本基金， 即表示对基金申购和赎回所涉及的登记方 式以及申购赎回所 涉及现金替代、现金差额等相关的交收方式及业务规则已经认可。 6、,份证券； 39 或处于停牌的成份证券； 或法律法规限制投资的成份证券； 或基金管理人出于保护持有人利 益原则等原因认为有必要实行必须现金替代的成份证券。 2）替代金额：对于必须现金替代的证券，基金管理人将在申购赎回清单中公告替代的 一定数量的现金， 即“固定替代金额”。 固定替代金额的计算方法为申购赎回清单中该证券的 数量乘以该证券调整后 T 日开盘参考价并按照 T-1 日估值汇率换算或基金管理人认为合理 的其他方法。 （4） 在系统支持的情况下， 对于T 日的申购赎回申请， 基金管理人有权进行轧差处理， 针对净申购， 购入净申购份额对应的组合证券中被替代的成份证券， 针对净赎回， 卖出净赎 回份额对应的组合证券中被替代的成份证券， 基金管理人有权购入或者卖出不等于轧差处理 后的上述被替代的成份证券的任意数量。 （5）基金管理人可根据运作情况调整代理申赎投资者买券卖券的相关规则并按规定公 告。 （6）未来如相关证券的交易、结算规则发生改变，或上海证券交易所、登记结算机构 有关申购赎回交易结算规则发生改变， 或基金管理人与基金托管人之间的结算相关安排发生 改变等，基金管理人可对上述相关现金替代处理规则进行调整，并按规定公告。 4、预估现金部分相关内容 预估现金部分是指为便于计算基金份额参考净值及申购赎回代理券商预先冻 结申请申 购、赎回的投资者的相应资金，由基金管理人计算的现金数额。T 日申购赎回清单中公告 T 日预估现金部分。其计算公式为： T 日预估现金部分＝T-1 日最小申购、赎回单位的基金资产净值－（申购赎回清单中必 须现金替代成份证券的替代金额＋申购赎回清单中可以现金替代成份证券的数量、 该证券调 整后 T 日开盘参考价以及 T-1 日估值汇率的相乘之和） 其中，该证券调,申购现金替代保证金的处理程序 T 日， 基金管理人在申购赎回清单中公布申购现金替代溢价比率， 并据此收取申购现金 替代保证金。 基金管理人在 T 日内购入组合证券中被替代的成份证券。基金管理人有权在 T 日内任 意时刻， 以收到的申购替代金额代投资者购入组合证券中被替代的成份证券的任意数量。 正 常情况下， 对于确认成功的T 日申购申请， 基金管理人根据T 日所购入的被替代证券的实际 单位购入成本 （包括买入价格与相关费用， 折算为人民币） 和未购入的被替代证券T 日收盘 价 （折算为人民币， 被替代证券当日在证券交易所无交易的， 取最近交易日的收盘价； 交易 日无收盘价的， 取最后成交价） 计算被替代证券的单位结算成本， 在此基础上根据替代证券 数量和申购现金替代保证金确定基金应退还投资者或投资者应补交的款项。T 日后的三个港 股通交易日内，基金管理人将成份证券的应退款或补款与相关申购赎回代理券商办理交收， 38 当交收期间出现港股通交易日为非港股通交收日时，款项交收日期顺延。若发生特殊情况， 基金管理人可以对交收日期进行相应调整。 如遇港股通临时停市、 港股通交易当日额度使用完毕而暂停或停止接受买入申报等特殊 情况， 基金管理人可考虑根据实际情况将成份证券的代理买入及结算价格顺延至下一港股通 交易日直至交易正常。 如遇成份证券长期停牌、 流动性不足等可能导致收盘价或最后成交价 不公允的特殊情况， 可参照证券的估值价格， 对结算价格进行调整， 如果基金管理人认为该 证券复牌后的价格可能存在较大波动， 且可能对基金资产净值产生较大影响， 为了更好的维 护持有人利益， 该证券对应的现金替代退补款的清算交收可按照其复牌后实际交易成本或者 基金管理人认为合理的价格办理。在此期间若该证券发生除息、送股（转增）、配股等重要 权益变动，则进行相应调整。 4）赎回替代金额的处理程序 基金管理人在 T 日内卖出组合证券中被替代的成份证券。基金管理人有权在 T 日内任 意时刻代投资者卖出组合证券中被替代的成份证券的任意数量。 正常情况下， 对于确认成功 的 T 日赎回申请， 基金管理人根据T 日所卖出的被替代证券的实际单位卖出金额 （扣除相关 费用， 折算为人民币） 和未卖出的被替代证券T 日收盘价 （折算为人民币， 被替代证券当日 在证券交易所无交易的， 取最近交易日的收盘价； 交易日无收盘价的， 取最后成交价） 计算 被替代证券的单位结算金额，在此基础上根据替代证券数量确定赎回替代金额。T 日后的第 三个港股通交易日后的一个工作日内， 基金管理人将应支付的成份证券赎回替代金额与相关 申购赎回代理券商办理交收， 当交收期间出现港股通交易日为非港股通交收日时， 款项交收 日期顺延。若发生特殊情况，基金管理人可以对交收日期进行相应调整。 如遇港股通临时停市等特殊情况， 成份证券,赎回替代金额的处理程序 基金管理人在 T 日内卖出组合证券中被替代的成份证券。基金管理人有权在 T 日内任 意时刻代投资者卖出组合证券中被替代的成份证券的任意数量。 正常情况下， 对于确认成功 的 T 日赎回申请， 基金管理人根据T 日所卖出的被替代证券的实际单位卖出金额 （扣除相关 费用， 折算为人民币） 和未卖出的被替代证券T 日收盘价 （折算为人民币， 被替代证券当日 在证券交易所无交易的， 取最近交易日的收盘价； 交易日无收盘价的， 取最后成交价） 计算 被替代证券的单位结算金额，在此基础上根据替代证券数量确定赎回替代金额。T 日后的第 三个港股通交易日后的一个工作日内， 基金管理人将应支付的成份证券赎回替代金额与相关 申购赎回代理券商办理交收， 当交收期间出现港股通交易日为非港股通交收日时， 款项交收 日期顺延。若发生特殊情况，基金管理人可以对交收日期进行相应调整。 如遇港股通临时停市等特殊情况， 成份证券的代理卖出及结算价格可依次顺延至下一港 股通交易日直至交易正常。 如遇成份证券长期停牌、 流动性不足等可能导致收盘价或最后成 交价不公允的特殊情况， 可参照证券的估值价格， 对结算价格进行调整， 如果基金管理人认 为该证券复牌后的价格可能存在较大波动， 且可能对基金资产净值产生较大影响， 为了更好 的维护持有人利益， 该证券对应的现金替代款的清算交收可按照其复牌后实际交易成本或者 基金管理人认为合理的价格办理。在此期间若该证券发生除息、送股（转增）、配股等重要 权益变动，则进行相应调整。 （3）必须现金替代 1） 适用情形： 必须现金替代的证券一般是由于标的指数调整， 即将被剔除的成份证券； 39 或处于停牌的成份证券； 或法律法规限制投资的成份证券； 或基金管理人出于保护持有人利 益原则等原因认为有必要实行必须现金替代的成份证券。 2）替代金额：对于必须现金替代的证券，基金管理人将在申购赎回清单中公告替代的 一定数量的现金， 即“固定替代金额”。 固定替代金额的计算方法为申购赎回清单中该证券的 数量乘以该证券调整后 T 日开盘参考价并按照 T-1 日估值汇率换算或基金管理人认为合理 的其他方法。 （4） 在系统支持的情况下， 对于T 日的申购赎回申请， 基金管理人有权进行轧差处理， 针对净申购， 购入净申购份额对应的组合证券中被替代的成份证券， 针对净赎回， 卖出净赎 回份额对应的组合证券中被替代的成份证券， 基金管理人有权购入或者卖出不等于轧差处理 后的上述被替代的成份证券的任意数量。 （5）基金管理人可根据运作情况调整代理申赎投资者买券卖券的相关规则并按规定公 告。 （6）未来如相关证券的交易、结算规则发生改变，或上海证券交易所、登记结算机构 有关申购赎回交易结算规则发生改变， 或基金管理人与基金托管人之间的结算相关安排发生 改变等，基金管,楚了解相关规则流程后方可参与本基金的申 购、 赎回及交易。 投资者一旦申购或赎回本基金， 即表示对基金申购和赎回所涉及的登记方 式以及申购赎回所 涉及现金替代、现金差额等相关的交收方式及业务规则已经认可。 6、基金的过往业绩并不预示其未来表现，基金管理人管理的其他基金的业绩并不构成 对本基金表现的保证。 本基金有关财务数据截止日为 2026 年 3 月 31 日，净值表现截止日为 2026 年 3 月 31 日，主要人员情况截止日为 2026 年 6 月 25 日，除非另有说明，本招募说明书其他所载内 容截止日为 2026 年5 月16 日。（本报告中财务数据未经审计） I 目 录 一、绪 言.......................................................... 1 二、释 义.......................................................... 2 三、基金管理人...................................................... 7 四、基金托管人..................................................... 20 五、相关服务机构................................................... 27 六、基金的募集..................................................... 29 七、,/Users/ellis/工具程序开发/港股通逐标的分析/临时数据/513070/513070_更新招募说明书_20260626.txt
119,513180,华夏恒生科技ETF(QDII),华夏恒生科技交易型开放式指数证券投资基金(QDII)招募说明书(更新),2026-07-20,用相关业务规则和参与各方相关协议及其不时修订的有关规定。 本基金申购业务采用实时逐笔全额结算（Real Time Gross Settlement，以下简称 RTGS） 模式； 赎回业务涉及的现金替代可采用代收代付处理； 申购、 赎回业务涉及的现金差额和现 金替代退补款可采用代收代付处理。 1）申购的清算交收 投资者 T 日现金申购后，如交易记录已勾单且申购资金足额的，登记结算机构在 T 日 日间实时办理基金份额及现金替代的交收；T 日日间未进行勾单确认或日间资金不足的， 登 记结算机构在 T 日日终根据资金是否足额办理基金份额及现金替代的清算交收，并将结果 发送给基金管理人、申购赎回代理券商和基金托管人。基金管理人在 T+2 日内办理现金差 额的清算，在 T+3 日内办理现金,不买入或不卖出部分被替代证券，或者不进行任何买入或卖出证券的操作，基 金管理人可能不买入或不卖出被替代证券的情形包括但不限于市场流动性不足、技术系统 无法实现、申购赎回轧差以及基金管理人认为不应买入或卖出的其他情形。 14、基金收益分配后基金份额净值低于面值的风险 本基金收益分配原则为使收益分配后基金累计报酬率尽可能贴近标的指数同期累计报 酬率。基于本基金的性质和特点，本基金收益分配不以弥补亏损为前提，收益分配后可能 存在基金份额净值低于面值的风险。 15、第三方机构服务的风险 华夏恒生科技交易型开放式指数证券投资基金（QDII）招募说明书（更新） 17 基金的多项服务委托第三方机构办理，存在以下风险： （1） 申购赎回代理券商因多种原因， 导致代理申购、 赎回业务受到限制、 暂停或终止， 由此影响对投资者申购赎回服务的风险。 （2）登记机构可能调整结算制度，如,申购替代金额的处理程序 T 日，基金管理人根据申购赎回清单收取申购现金替代保证金。 对于确认成功的 T 日申购申请，在 T+1 日（指上海证券交易所和香港交易所的共同交 易日）内，基金管理人以收到的申购现金替代保证金代投资者买入被替代证券。基金管理人 有权在 T+1 日（指上海证券交易所和香港交易所的共同交易日）内任意时刻以收到的申购 现金替代保证金代投资者买入小于等于被替代证券数量的任意数量的被替代证券。 基金管理 人有权根据基金投资的需要自主决定不买入部分被替代证券， 或者不进行任何买入证券的操 作。在 T+1 日（指上海证券交易所和香港交易所的共同交易日）日终，基金管理人已买入 的证券， 依据申购现金替代保证金与被替代证券的实际买入成本 （包括买入价格与相关交易 费用） 的差额， 确定基金应退还投资者或投资者应补交的款项； 未买入的证券， 依据申购现 金替代保证金与被替代证券 T+1 日（指上海证券交易所和香港交易所的共同交易日）收盘 价 （需用最新汇率折算为人民币， 当日在证券交易所无交易的，取最近交易日的收盘价，当 日无收盘价的，取最后成交价）的差额，确定基金应退还投资者或投资者应补交的款项。 在此期间若该部分证券发生除息、送股（转增） 、配股等重要权益变动，则进行相应调 整。正常情况下，T+3 日（指上海证券交易所与香港交易所的共同交易日）内，基金管理人 将应退款和补款的明细及汇总数据发送给登记结算机构， 登记结算机构办理现金替代多退少 补资金的清算， 并将结果发送给相关申购赎回代理机构和基金托管人。当交收期间出现上海 证券交易所和香港交易所的共同交易日为非港股交收日或非港股通交收日时， 款项交收日期 可顺延。若发生特殊情况，基金管理人可以对交收日期进行相应调整。 如遇证券长期停牌、 流动性不足等特殊情况， 可参照证券的估值价格对结算价格进行调 整， 如果基金管理人认为该证券复牌后的价格可能存在较大波动， 且可能对基金资产净值产 生较大影响， 为了更好的维护持有人利益， 该证券对应的现金替代退补款的清算交收可在其 复牌后按照实际交易成本办理。在此期间若该证券发生除息、送股（转增） 、配股等重要权 益变动， 则进行相应调整。 上述汇率目前采用汇率公允价。 汇率公允价包括中国人民银行或 其授权机构最新公布的人民币汇率中间价、 中国外汇交易中心最新收盘价、 与基金托管人商 定的其他公允价格 （如： 中国人民银行或国家外汇管理局或中国外汇交易中心正式对外发文 后公布的人民币兑主要外汇当日收盘价）等。 ④赎回对应的替代金额的处理程序 华夏恒生科技交易型开放式指数证券投资基金（QDII）招募说明书（更新） 47 对于确认成功的 T 日赎回申请，在 T+1 日（指上海证券交易所和香港交易所的共同交 易日）内，基金管理人根据赎回申请代投资者卖出被替代证券。基金管,替代金额的处理程序 T 日，基金管理人根据申购赎回清单收取申购现金替代保证金。 对于确认成功的 T 日申购申请，在 T+1 日（指上海证券交易所和香港交易所的共同交 易日）内，基金管理人以收到的申购现金替代保证金代投资者买入被替代证券。基金管理人 有权在 T+1 日（指上海证券交易所和香港交易所的共同交易日）内任意时刻以收到的申购 现金替代保证金代投资者买入小于等于被替代证券数量的任意数量的被替代证券。 基金管理 人有权根据基金投资的需要自主决定不买入部分被替代证券， 或者不进行任何买入证券的操 作。在 T+1 日（指上海证券交易所和香港交易所的共同交易日）日终，基金管理人已买入 的证券， 依据申购现金替代保证金与被替代证券的实际买入成本 （包括买入价格与相关交易 费用） 的差额， 确定基金应退还投资者或投资者应补交的款项； 未买入的证券， 依据申购现 金替代保证金与被替代证券 T+1 日（指上海证券交易所和香港交易所的共同交易日）收盘 价 （需用最新汇率折算为人民币， 当日在证券交易所无交易的，取最近交易日的收盘价，当 日无收盘价的，取最后成交价）的差额，确定基金应退还投资者或投资者应补交的款项。 在此期间若该部分证券发生除息、送股（转增） 、配股等重要权益变动，则进行相应调 整。正常情况下，T+3 日（指上海证券交易所与香港交易所的共同交易日）内，基金管理人 将应退款和补款的明细及汇总数据发送给登记结算机构， 登记结算机构办理现金替代多退少 补资金的清算， 并将结果发送给相关申购赎回代理机构和基金托管人。当交收期间出现上海 证券交易所和香港交易所的共同交易日为非港股交收日或非港股通交收日时， 款项交收日期 可顺延。若发生特殊情况，基金管理人可以对交收日期进行相应调整。 如遇证券长期停牌、 流动性不足等特殊情况， 可参照证券的估值价格对结算价格进行调 整， 如果基金管理人认为该证券复牌后的价格可能存在较大波动， 且可能对基金资产净值产 生较大影响， 为了更好的维护持有人利益， 该证券对应的现金替代退补款的清算交收可在其 复牌后按照实际交易成本办理。在此期间若该证券发生除息、送股（转增） 、配股等重要权 益变动， 则进行相应调整。 上述汇率目前采用汇率公允价。 汇率公允价包括中国人民银行或 其授权机构最新公布的人民币汇率中间价、 中国外汇交易中心最新收盘价、 与基金托管人商 定的其他公允价格 （如： 中国人民银行或国家外汇管理局或中国外汇交易中心正式对外发文 后公布的人民币兑主要外汇当日收盘价）等。 ④赎回对应的替代金额的处理程序 华夏恒生科技交易型开放式指数证券投资基金（QDII）招募说明书（更新） 47 对于确认成功的 T 日赎回申请，在 T+1 日（指上海证券交易所和香港交易所的共同交 易日）内，基金管理人根据赎回申请代投资者卖出被替代证券。基金管理人,： 指由基金管理人编制的用以公告申购对价、 赎回对价等信息的文件。 50、 申购对价： 指投资者申购基金份额时， 按基金合同和招募说明书规定应交付的现金 替代、现金差额和/或其他对价。 51、 赎回对价： 指投资者赎回基金份额时， 基金管理人按基金合同和招募说明书规定应 交付给赎回人的现金替代、现金差额和/或其他对价。 52、 标的指数：指恒生指数有限公司编制并发布的恒生科技指数及其未来可能发生的变 更，或基金管理人根据需要更换的其他指数。 华夏恒生科技交易型开放式指数证券投资基金（QDII）招募说明书（更新） 8 53、现金替代： 指申购、 赎回过程中，投资人按基金合同和招募说明书的规定，用于替 代组合证券中部分证券的一定数量的现金。 54、最小申购赎回单位： 指基金申购份额、赎回份额的最低数量， 投资者申购、赎回的 基金份额应为最小申购、赎回单位的整数倍。 55、元：指人民币元。 56、 基金收益： 指基金投资所得红利、 股息、 债券利息、 买卖证券价差、 银行存款利息、 已实现的其他合法收入及因运用基金财产带来的成本和费用的节约。 57、基金资产总值：指基金拥有的各类有价证券、 银行存款本息、 基金应收申购款、基 金及其他资产的价值总和。 58、基金资产净值：指基金资产总值减去基金负债后的价值。 59、基金份额净值：指计算日基金资产净值除以计算日基金份额总数。 60、 基金资产估值： 指计算评估基金资产和负债的价值， 以确定基金资产净值和基金份 额净值的过程。 61、规定媒介：指符合中国证监会规定条件的用以进行信息披露的全国性报刊及《信息,/Users/ellis/工具程序开发/港股通逐标的分析/临时数据/513180/513180_更新招募说明书_20260720.txt
120,513170,鹏华恒生中国央企(QDII),鹏华恒生中国央企交易型开放式指数证券投资基金(QDII)更新的招募说明书,2026-02-05,损的风 险，以及与存托凭证发行机制相关的风险。 在目前结算规则下，投资者当日申购的基金份额，清算交收完成后方可卖出和赎回， 即 T 日申购的基金份额且日间完成 RTGS（实时逐笔全额结算）交收的，T 日可卖出和赎 回，而 T 日申购的基金份额且日终完成逐笔全额非担保交收的，T+1 日方可卖出和赎回。 当日买入的基金份额，同日可以赎回或卖出。由于登记机构对现金替代采取非净额结算交 收模式，当投资者赎回申请被登记机构确认后，被赎回的基金份额即被记减，但此时投资 者尚未收到赎回现金替代款。 基金的过往业绩并不预示其未来表现，基金管理人管理的其他基金的业绩并不构成对 本基金表现的保证。 基金管理人依照恪尽职守、诚实信用、谨慎勤勉的原则管理和运用基金财产，但不保 证基金一定盈利，也不保证最,的维护持有人利益，该证券对应的现金替代款的清算交收可在其复牌后按照实际交易成本 办理。 在此期间若该证券发生除息、送股（转增）、配股等重要权益变动，则进行相应调 整。上述汇率目前采用汇率公允价。汇率公允价包括中国人民银行或其授权机构最新公布 的人民币汇率中间价、中国外汇交易中心最新收盘价、与基金托管人商定的其他公允价格 （如：中国人民银行或国家外汇管理局或中国外汇交易中心正式对外发文后公布的人民币 兑主要外汇当日收盘价）等。 ⑤在系统支持的情况下，对于 T 日的申购赎回申请，基金管理人有权进行轧差处理， 针对净申购，购入净申购份额对应的组合证券中被替代的成份证券，针对净赎回，卖出净 赎回份额对应的组合证券中被替代的成份证券，基金管理人有权购入或者卖出不等于轧差 处理后的上述被替代的成份证券的任意数量。 ⑥基金管理人可以根据具体情况，调整申购、赎回替代金额的处理程序、规则等，并 50 在招募说明书更新及其他公告中披露。 4、预估现金部分相关内容 预估现金部分是指为便于计算基金份额参考净值及申购赎回代理券商预先冻结申请申 购、赎回的投资者的相应资金，由基金管理人计算的现金数额。 T 日申购、赎回清单中公告 T 日预估现金部分。其计算公式为： T 日预估现金部分＝T-1 日最小申购、赎回单位的基金资产净值－（申购、赎回清单中 必须现金替代成份证券的替代金额＋申购、赎回清单中可以现金替代成份证券的数量、T 日预计开盘价以及 T-1 日估值汇率的乘积之和） 若 T 日为基金分红除息日，则预估现金需进行相应的调整。预估现金部分的数值可能 为正、为负或为零。 5、现金差额相关内容 T 日现金差额在 T+1 日的申购赎回清单中公告，其计算公式为： T 日现金差额＝T 日最小申购、赎回单位的基金,申购替代金额的处理程序 T 日，基金管理人根据申购赎回清单收取申购现金替代保证金。 对于确认成功的 T 日申购申请，在 T 日内，基金管理人以收到的申购现金替代保证金 代投资者买入被替代证券。基金管理人有权以收到的申购现金替代保证金代投资者买入小 于等于被替代证券数量的任意数量的被替代证券。基金管理人有权根据基金投资的需要自 主决定不买入部分被替代证券，或者不进行任何买入证券的操作。在 T 日日终，基金管理 人已买入的证券，依据申购现金替代保证金与被替代证券的实际买入成本（包括买入价格 与相关交易费用，按汇率公允价折算为人民币）的差额，确定基金应退还投资者或投资者 应补交的款项；未买入的证券，依据申购现金替代保证金与被替代证券 T 日收盘价（按汇 率公允价折算为人民币，当日在证券交易所无交易的，取最近交易日的收盘价，当日无收 盘价的，取最后成交价）的差额，确定基金应退还投资者或投资者应补交的款项。 正常情况下，T+3 日内，基金管理人将应退款和补款的明细及汇总数据发送给登记机 构，登记机构办理现金替代多退少补资金的清算，并将结果发送给相关申购赎回代理券商 和基金托管人。 49 如遇证券长期停牌、流动性不足等特殊情况，可参照证券的估值价格对结算价格进行 调整，如果基金管理人认为该证券复牌后的价格可能存在较大波动，且可能对基金资产净 值产生较大影响，为了更好的维护持有人利益，该证券对应的现金替代退补款的清算交收 可在其复牌后按照实际交易成本办理。在此期间若该证券发生除息、送股（转增）、配股 等重要权益变动，则进行相应调整。上述汇率目前采用汇率公允价。汇率公允价包括中国 人民银行或其授权机构最新公布的人民币汇率中间价、中国外汇交易中心最新收盘价、与 基金托管人商定的其他公允价格（如：中国人民银行或国家外汇管理局或中国外汇交易中 心正式对外发文后公布的人民币兑主要外汇当日收盘价）等。 ④赎回对应的替代金额的处理程序 对于确认成功的 T 日赎回申请，在 T 日内，基金管理人根据赎回申请代投资者卖出被 替代证券。基金管理人有权代投资者卖出小于等于被替代证券数量的任意数量的被替代证 券。基金管理人有权根据基金投资的需要自主决定不卖出部分被替代证券，或者不进行任 何卖出证券的操作。在 T 日日终，基金管理人已卖出的证券，按照被替代证券的实际卖出 金额（扣除相关费用，按汇率公允价折算为人民币）确定基金应支付的替代金额；未卖出 的证券，按照被替代证券 T 日收盘价（按汇率公允价折算为人民币，当日在证券交易所无 交易的，取最近交易日的收盘价，当日无收盘价的，取最后成交价）确定基金应支付给投 资者的替代金额。 正常情况下，T 日后的第 7 个上海证券交易所与香港交易所的共同交易日内，基金管 理人将应支付的替代金额的明细及汇总数据发送给登记机构，登记机构办理现金替代资金 的清算，并将,替代金额的处理程序 T 日，基金管理人根据申购赎回清单收取申购现金替代保证金。 对于确认成功的 T 日申购申请，在 T 日内，基金管理人以收到的申购现金替代保证金 代投资者买入被替代证券。基金管理人有权以收到的申购现金替代保证金代投资者买入小 于等于被替代证券数量的任意数量的被替代证券。基金管理人有权根据基金投资的需要自 主决定不买入部分被替代证券，或者不进行任何买入证券的操作。在 T 日日终，基金管理 人已买入的证券，依据申购现金替代保证金与被替代证券的实际买入成本（包括买入价格 与相关交易费用，按汇率公允价折算为人民币）的差额，确定基金应退还投资者或投资者 应补交的款项；未买入的证券，依据申购现金替代保证金与被替代证券 T 日收盘价（按汇 率公允价折算为人民币，当日在证券交易所无交易的，取最近交易日的收盘价，当日无收 盘价的，取最后成交价）的差额，确定基金应退还投资者或投资者应补交的款项。 正常情况下，T+3 日内，基金管理人将应退款和补款的明细及汇总数据发送给登记机 构，登记机构办理现金替代多退少补资金的清算，并将结果发送给相关申购赎回代理券商 和基金托管人。 49 如遇证券长期停牌、流动性不足等特殊情况，可参照证券的估值价格对结算价格进行 调整，如果基金管理人认为该证券复牌后的价格可能存在较大波动，且可能对基金资产净 值产生较大影响，为了更好的维护持有人利益，该证券对应的现金替代退补款的清算交收 可在其复牌后按照实际交易成本办理。在此期间若该证券发生除息、送股（转增）、配股 等重要权益变动，则进行相应调整。上述汇率目前采用汇率公允价。汇率公允价包括中国 人民银行或其授权机构最新公布的人民币汇率中间价、中国外汇交易中心最新收盘价、与 基金托管人商定的其他公允价格（如：中国人民银行或国家外汇管理局或中国外汇交易中 心正式对外发文后公布的人民币兑主要外汇当日收盘价）等。 ④赎回对应的替代金额的处理程序 对于确认成功的 T 日赎回申请，在 T 日内，基金管理人根据赎回申请代投资者卖出被 替代证券。基金管理人有权代投资者卖出小于等于被替代证券数量的任意数量的被替代证 券。基金管理人有权根据基金投资的需要自主决定不卖出部分被替代证券，或者不进行任 何卖出证券的操作。在 T 日日终，基金管理人已卖出的证券，按照被替代证券的实际卖出 金额（扣除相关费用，按汇率公允价折算为人民币）确定基金应支付的替代金额；未卖出 的证券，按照被替代证券 T 日收盘价（按汇率公允价折算为人民币，当日在证券交易所无 交易的，取最近交易日的收盘价，当日无收盘价的，取最后成交价）确定基金应支付给投 资者的替代金额。 正常情况下，T 日后的第 7 个上海证券交易所与香港交易所的共同交易日内，基金管 理人将应支付的替代金额的明细及汇总数据发送给登记机构，登记机构办理现金替代资金 的清算，并将结果,回清单：指由基金管理人编制的用以公告申购对价、赎回对价等信息的文 件 56、申购对价：指投资人申购基金份额时，按基金合同和招募说明书规定应交付的现 9 金替代、现金差额及其他对价 57、赎回对价：指投资人赎回基金份额时，基金管理人按基金合同和招募说明书规定 应交付给赎回人的现金替代、现金差额及其他对价 58、组合证券：指本基金标的指数所包含的全部或部分证券 59、现金替代：指申购或赎回过程中，投资人按基金合同和招募说明书的规定，用于 替代组合证券中全部或部分证券的一定数量的现金 60、现金差额：指最小申购、赎回单位的资产净值与按当日收盘价计算的最小申购、 赎回单位中的组合证券市值和现金替代之差；投资人申购或赎回时应支付或应获得的现金 差额根据最小申购、赎回单位对应的现金差额、申购或赎回的基金份额数计算 61、预估现金部分：指由基金管理人计算并在 T 日申购赎回清单中公布的当日现金差 额预估值，预估现金部分由申购赎回代理券商预先冻结 62、最小申购、赎回单位：指本基金申购份额、赎回份额的最低数量，投资人申购、 赎回的基金份额应为最小申购、赎回单位的整数倍 63、基金份额参考净值：指基金管理人或者基金管理人委托的机构在开市后根据申购 赎回清单和组合证券内各只证券的实时成交数据及汇率数据计算，并通过上海证券交易所 发布的基金份额参考净值，简称“IOPV” 64、基金份额折算：指基金管理人根据基金运作的需要，在基金资产净值不变的前提 下，按照一定比例调整基金份额总额及基金份额净值的行为 65、收益评价日：指基金管理人计算本基金累计报酬率与标的指数累计报酬,/Users/ellis/工具程序开发/港股通逐标的分析/临时数据/513170/513170_更新招募说明书_20260205.txt
121,159245,富国国证港股通消费主题ETF,富国国证港股通消费主题交易型开放式指数证券投资基金招募说明书(更新)(二0二六年第四号),2026-08-28,持 有人大会审议。 根据本基金现行适用的清算交收和申赎处理规则， 投资者当日申购的基金份 额，清算交收完成后方可卖出和赎回，即 T 日申购的基金份额且日间完成 RTGS （实时逐笔全额结算）交收的，T 日可卖出和赎回，而T 日申购的基金份额且日 终完成逐笔全额非担保交收的，T+1 日方可卖出和赎回；T 日竞价买入的基金份 额，T 日可以卖出或赎回；T 日大宗买入的基金份额，T 日可以大宗卖出，T+1 日 可以竞价卖出或赎回。 投资有风险， 投资者认购 （或申购） 基金时应认真阅读本招募说明书、 基金 合同、 基金产品资料概要等信息披露文件， 自主判断基金的投资价值， 自主做出 投资决策，自行承担投资风险。基金管理人提醒投资者基金投资的“买者自负” 原则， 在投资者作出投资决策后，,,申购替代金额的处理程序 对于确认成功的 T 日申购申请，T 日内基金管理人根据申购规模进行组合证 券的代理买入。 基金管理人有权根据基金投资的需要自主决定不买入部分被替代 证券，或者不进行任何买入证券的操作。T 日日终，基金管理人根据所购入的被 替代组合证券的实际单位购入成本、 实际购入的相关费用 （实际购入金额根据港 股通相关业务规则按当天的港股通卖出结算汇兑比率折算为人民币） 、未购入的 被替代组合证券的 T 日收盘价 （折算为人民币， 折算汇率采用基金管理人和基金 托管人商定的汇率公允价， 包括中国外汇交易中心公布的北京时间16:00 参考汇 率、 港股通买入结算汇兑比率和卖出结算汇兑比率的算术平均值、 中国人民银行 或其授权机构公布的人民币汇率中间价、与基金托管人商定的其他公允价格等； 被替代组合证券 T 日无交易的， 取最近交易日的收盘价； 交易日无收盘价的， 取 最后收盘价） 计算并确定被替代组合证券的单位结算成本， 在此基础上根据替代 组合证券数量和申购现金替代保证金确定基金应退还投资人的款项或投资人应 补交的款项。若发生特殊情况， 包括如遇港股通结算异常等， 基金管理人可以对 折算汇率和结算成本进行相应调整。T 日后的 5 个工作日内， 基金管理人将应退 招募说明书（更新） 55 款或补款与相关申购赎回代理机构办理交收。 若发生特殊情况， 基金管理人可以 对交收日期进行相应调整。 如遇港股通临时停市、 港股通交易每日额度或总额度不足等特殊情况， 组合 证券的代理买入及结算价格可依次顺延至下一港股通交易日直至交易正常。 如遇 证券长期停牌、流动性不足等可能导致收盘价或最后成交价不公允的特殊情况， 可参照证券的估值价格， 对结算成本进行调整。 如果基金管理人认为该证券复牌 后的价格可能存在较大波动， 且可能对基金资产净值产生较大影响， 为了更好的 维护持有人利益， 该证券对应的现金替代款的清算交收可在其复牌后按照实际交 易成本办理。 在此期间若该证券发生除息、 送股 （转增） 、 配股等重要权益变动， 则进行相应调整。 ④赎回替代金额的处理程序 对于确认成功的 T 日赎回申请，T 日内基金管理人根据赎回规模进行组合证 券的代理卖出。 基金管理人有权根据基金投资的需要自主决定不卖出部分被替代 证券， 或者不进行任何卖出证券的操作。T 日内基金管理人根据所卖出的被替代 组合证券的实际单位卖出金额、 实际卖出的相关费用（实际卖出金额根据港股通 相关业务规则按当天的港股通买入结算汇兑比率折算为人民币）、未卖出的被替 代组合证券的 T 日收盘价 （折算为人民币， 折算汇率采用基金管理人和基金托管 人商定的汇率公允价，包括中国外汇交易中心公布的北京时间 16:00 参考汇率、 港股通买入结算汇兑比率和卖出结算汇兑比率的算术平均值、 中国人民银行或其 授权机构,替代金额的处理程序 对于确认成功的 T 日申购申请，T 日内基金管理人根据申购规模进行组合证 券的代理买入。 基金管理人有权根据基金投资的需要自主决定不买入部分被替代 证券，或者不进行任何买入证券的操作。T 日日终，基金管理人根据所购入的被 替代组合证券的实际单位购入成本、 实际购入的相关费用 （实际购入金额根据港 股通相关业务规则按当天的港股通卖出结算汇兑比率折算为人民币） 、未购入的 被替代组合证券的 T 日收盘价 （折算为人民币， 折算汇率采用基金管理人和基金 托管人商定的汇率公允价， 包括中国外汇交易中心公布的北京时间16:00 参考汇 率、 港股通买入结算汇兑比率和卖出结算汇兑比率的算术平均值、 中国人民银行 或其授权机构公布的人民币汇率中间价、与基金托管人商定的其他公允价格等； 被替代组合证券 T 日无交易的， 取最近交易日的收盘价； 交易日无收盘价的， 取 最后收盘价） 计算并确定被替代组合证券的单位结算成本， 在此基础上根据替代 组合证券数量和申购现金替代保证金确定基金应退还投资人的款项或投资人应 补交的款项。若发生特殊情况， 包括如遇港股通结算异常等， 基金管理人可以对 折算汇率和结算成本进行相应调整。T 日后的 5 个工作日内， 基金管理人将应退 招募说明书（更新） 55 款或补款与相关申购赎回代理机构办理交收。 若发生特殊情况， 基金管理人可以 对交收日期进行相应调整。 如遇港股通临时停市、 港股通交易每日额度或总额度不足等特殊情况， 组合 证券的代理买入及结算价格可依次顺延至下一港股通交易日直至交易正常。 如遇 证券长期停牌、流动性不足等可能导致收盘价或最后成交价不公允的特殊情况， 可参照证券的估值价格， 对结算成本进行调整。 如果基金管理人认为该证券复牌 后的价格可能存在较大波动， 且可能对基金资产净值产生较大影响， 为了更好的 维护持有人利益， 该证券对应的现金替代款的清算交收可在其复牌后按照实际交 易成本办理。 在此期间若该证券发生除息、 送股 （转增） 、 配股等重要权益变动， 则进行相应调整。 ④赎回替代金额的处理程序 对于确认成功的 T 日赎回申请，T 日内基金管理人根据赎回规模进行组合证 券的代理卖出。 基金管理人有权根据基金投资的需要自主决定不卖出部分被替代 证券， 或者不进行任何卖出证券的操作。T 日内基金管理人根据所卖出的被替代 组合证券的实际单位卖出金额、 实际卖出的相关费用（实际卖出金额根据港股通 相关业务规则按当天的港股通买入结算汇兑比率折算为人民币）、未卖出的被替 代组合证券的 T 日收盘价 （折算为人民币， 折算汇率采用基金管理人和基金托管 人商定的汇率公允价，包括中国外汇交易中心公布的北京时间 16:00 参考汇率、 港股通买入结算汇兑比率和卖出结算汇兑比率的算术平均值、 中国人民银行或其 授权机构公布,较大的风险、流动性风险、退市风险等。 基金合同生效后， 本基金的申购、 赎回采用全现金替代、 基金管理人代买代 卖的模式， 申购对价、 赎回对价包括现金替代、 现金差额及其他对价。 未来在条 件允许的情况下， 在履行适当程序后， 基金管理人可以在场内开通现金申购、 赎 回以外的方式办理申购、 赎回业务， 或开通场外申购、 赎回相关业务， 相应的业 务规则、 申购赎回原则等相关事项届时将另行约定并公告， 无需召开基金份额持 有人大会审议。 根据本基金现行适用的清算交收和申赎处理规则， 投资者当日申购的基金份 额，清算交收完成后方可卖出和赎回，即 T 日申购的基金份额且日间完成 RTGS （实时逐笔全额结算）交收的，T 日可卖出和赎回，而T 日申购的基金份额且日 终完成逐笔全额非担保交收的，T+1 日方可卖出和赎回；T 日竞价买入的基金份 额，T 日可以卖出或赎回；T 日大宗买入的基金份额，T 日可以大宗卖出，T+1 日 可以竞价卖出或赎回。 投资有风险， 投资者认购 （或申购） 基金时应认真阅读本招募说明书、 基金 合同、 基金产品资料概要等信息披露文件， 自主判断基金的投资价值， 自主做出 投资决策，自行承担投资风险。基金管理人提醒投资者基金投资的“买者自负” 原则， 在投资者作出投资决策后， 基金运营状况与基金净值变化引致的投资风险， 由投资者自行负责。 未来若出现标的指数不符合要求 （因成份股价格波动等指数编制方法变动之 外的因素致使标的指数不符合要求的情形除外） 、指数编制机构退出等情形，基 金管理人召集基金份额持有人大会对解决方案进行表决,/Users/ellis/工具程序开发/港股通逐标的分析/临时数据/159245/159245_更新招募说明书_20260828.txt
122,159101,华夏国证港股通科技ETF,华夏国证港股通科技交易型开放式指数证券投资基金招募说明书(更新),2026-06-30,及相关证券交易所最新的规则和参与各方相关协议的有 关规定。 本基金申购业务采用实时逐笔全额结算（Real Time Gross Settlement，以下简称 RTGS） 模式；赎回业务涉及的现金替代可采用代收代付处理；申购、赎回业务涉及的现金差额和现 金替代退补款可采用代收代付处理。 （1）申购的清算交收 投资者 T 日现金申购后，如交易记录已勾单且申购资金足额的，登记机构在 T 日日间 实时办理基金份额及现金替代的交收；T 日日间未进行勾单确认或日间资金不足的，登记机 构在 T 日日终根据资金决定是否足额办理基金份额及现金替代的清算交收，并将结果发送 给基金管理人、申购赎回代理机构和基金托管人。基金管理人在 T+2 日内办理现金差额的 交收。 （2）赎回的清算交收 投资者 T,不买入或不卖出部分被替代证券，或者不进行任何买入或卖出证券的操作，基 金管理人可能不买入或不卖出被替代证券的情形包括但不限于市场流动性不足、技术系统 无法实现、申购赎回轧差以及基金管理人认为不应买入或卖出的其他情形。 14、基金收益分配后基金份额净值低于面值的风险 基于本基金的性质和特点，本基金收益分配不以弥补亏损为前提，收益分配后可能存 在基金份额净值低于面值的风险。 15、第三方机构服务的风险 基金的多项服务委托第三方机构办理，存在以下风险： （1）申购赎回代理机构因多种原因，导致代理申购、赎回业务受到限制、暂停或终止， 由此影响对投资者申购赎回服务的风险。 （2）登记机构可能调整结算制度，如实施货银对付制度，对投资者基金份额、组合证 券及资金的结算方式发生变化，制度调整可能给投资者带来理解偏差的风险。同样的风险 还可能来自于证券交易所及其他代理机构。 （3,申购替代金额的处理程序 对于确认成功的 T 日申购申请，T 日内基金管理人根据申购规模进行组合证券的代理买 入。T 日日终，基金管理人根据所购入的被替代证券的实际单位购入成本（包括买入价格与 相关费用）和未买入的被替代证券的 T 日收盘价（折算为人民币，折算汇率采用当天的估 值汇率；T 日在证券交易所无交易的，取最近交易日的收盘价；交易日无收盘价的，取最后 成交价）计算被替代证券的单位结算成本，在此基础上根据替代证券数量和申购现金替代金 额确定基金应退还投资者或投资者应补交的款项。正常情况下，T 日后的第 2 个港股通交易 日后的 2 个工作日内，基金管理人将应退款或补款与相关申购赎回代理机构办理交收。若发 生特殊情况，基金管理人可以对交收日期进行相应调整。 如遇港股通临时停市、港股通交易每日额度或总额度不足等特殊情况，组合证券的代 理买入及结算价格可依次顺延至下一港股通交易日直至交易正常。如遇证券长期停牌、流动 性不足等可能导致收盘价或最后成交价不公允的特殊情况，可参照证券的估值价格，对结算 价格进行调整，如果基金管理人认为该证券复牌后的价格可能存在较大波动，且可能对基金 资产净值产生较大影响，为了更好的维护持有人利益，该证券对应的现金替代款的清算交收 可在其复牌后按照实际交易成本办理。在此期间若该证券发生除息、送股（转增）、配股等 重要权益变动，则进行相应调整。 ③赎回替代金额的处理程序 对于确认成功的 T 日赎回申请，T 日内，基金管理人根据赎回规模进行组合证券的代理 卖出。T 日日终，基金管理人根据所卖出的被替代证券的实际单位卖出金额（扣除相关费用） 华夏国证港股通科技交易型开放式指数证券投资基金招募说明书（更新） 48 和未卖出的被替代证券的 T 日收盘价（折算为人民币，折算汇率采用当天的估值汇率；T 日 在证券交易所无交易的，取最近交易日的收盘价；交易日无收盘价的，取最后成交价）计算 被替代证券的单位结算金额，在此基础上根据替代证券数量确定赎回替代金额。正常情况下， T 日后的第 3 个港股通交易日后的 2 个工作日内，基金管理人将应支付的赎回替代金额与相 关申购赎回代理机构办理交收。若发生特殊情况，基金管理人可以对交收日期进行相应调整。 如遇港股通临时停市等特殊情况，组合证券的代理卖出及结算价格可依次顺延至下一港股通 交易日直至交易正常。如遇证券长期停牌、流动性不足等可能导致收盘价或最后成交价不公 允的特殊情况，可参照证券的估值价格，对结算价格进行调整，如果基金管理人认为该证券 复牌后的价格可能存在较大波动，且可能对基金资产净值产生较大影响，为了更好的维护持 有人利益，该证券对应的现金替代款的清算交收可在其复牌后按照实际交易成本办理。在此 期间若该证券发生除息、送股（转增）、配股等重要权益变动，则进行相应调整。 ④基金管理人可以根据具体情况，对,替代金额的处理程序 对于确认成功的 T 日申购申请，T 日内基金管理人根据申购规模进行组合证券的代理买 入。T 日日终，基金管理人根据所购入的被替代证券的实际单位购入成本（包括买入价格与 相关费用）和未买入的被替代证券的 T 日收盘价（折算为人民币，折算汇率采用当天的估 值汇率；T 日在证券交易所无交易的，取最近交易日的收盘价；交易日无收盘价的，取最后 成交价）计算被替代证券的单位结算成本，在此基础上根据替代证券数量和申购现金替代金 额确定基金应退还投资者或投资者应补交的款项。正常情况下，T 日后的第 2 个港股通交易 日后的 2 个工作日内，基金管理人将应退款或补款与相关申购赎回代理机构办理交收。若发 生特殊情况，基金管理人可以对交收日期进行相应调整。 如遇港股通临时停市、港股通交易每日额度或总额度不足等特殊情况，组合证券的代 理买入及结算价格可依次顺延至下一港股通交易日直至交易正常。如遇证券长期停牌、流动 性不足等可能导致收盘价或最后成交价不公允的特殊情况，可参照证券的估值价格，对结算 价格进行调整，如果基金管理人认为该证券复牌后的价格可能存在较大波动，且可能对基金 资产净值产生较大影响，为了更好的维护持有人利益，该证券对应的现金替代款的清算交收 可在其复牌后按照实际交易成本办理。在此期间若该证券发生除息、送股（转增）、配股等 重要权益变动，则进行相应调整。 ③赎回替代金额的处理程序 对于确认成功的 T 日赎回申请，T 日内，基金管理人根据赎回规模进行组合证券的代理 卖出。T 日日终，基金管理人根据所卖出的被替代证券的实际单位卖出金额（扣除相关费用） 华夏国证港股通科技交易型开放式指数证券投资基金招募说明书（更新） 48 和未卖出的被替代证券的 T 日收盘价（折算为人民币，折算汇率采用当天的估值汇率；T 日 在证券交易所无交易的，取最近交易日的收盘价；交易日无收盘价的，取最后成交价）计算 被替代证券的单位结算金额，在此基础上根据替代证券数量确定赎回替代金额。正常情况下， T 日后的第 3 个港股通交易日后的 2 个工作日内，基金管理人将应支付的赎回替代金额与相 关申购赎回代理机构办理交收。若发生特殊情况，基金管理人可以对交收日期进行相应调整。 如遇港股通临时停市等特殊情况，组合证券的代理卖出及结算价格可依次顺延至下一港股通 交易日直至交易正常。如遇证券长期停牌、流动性不足等可能导致收盘价或最后成交价不公 允的特殊情况，可参照证券的估值价格，对结算价格进行调整，如果基金管理人认为该证券 复牌后的价格可能存在较大波动，且可能对基金资产净值产生较大影响，为了更好的维护持 有人利益，该证券对应的现金替代款的清算交收可在其复牌后按照实际交易成本办理。在此 期间若该证券发生除息、送股（转增）、配股等重要权益变动，则进行相应调整。 ④基金管理人可以根据具体情况，对上述,购赎回清单：指由基金管理人编制的用以公告申购对价、赎回对价等信息的文件。 50、申购对价：指投资者申购基金份额时，按基金合同和招募说明书规定应交付的现金 替代、现金差额和/或其他对价。 51、赎回对价：指投资者赎回基金份额时，基金管理人按基金合同和招募说明书规定应 交付给赎回人的现金替代、现金差额和/或其他对价。 华夏国证港股通科技交易型开放式指数证券投资基金招募说明书（更新） 8 52、最小申购赎回单位：指基金申购份额、赎回份额的最低数量，投资者申购、赎回的 基金份额应为最小申购、赎回单位的整数倍。 53、元：指人民币元。 54、基金收益：指基金投资所得红利、股息、债券利息、买卖证券价差、银行存款利息、 已实现的其他合法收入及因运用基金财产带来的成本和费用的节约。 55、基金资产总值：指基金拥有的各类有价证券、银行存款本息、基金应收款项及其他 资产的价值总和。 56、基金资产净值：指基金资产总值减去基金负债后的价值。 57、基金份额净值：指计算日基金资产净值除以计算日基金份额总数。 58、基金资产估值：指计算评估基金资产和负债的价值，以确定基金资产净值和基金份 额净值的过程。 59、规定媒介：指符合中国证监会规定条件的用以进行信息披露的全国性报刊及《信息 披露办法》规定的互联网网站（包括基金管理人网站、基金托管人网站、中国证监会基金电 子披露网站）等媒介。 60、流动性受限资产：指由于法律法规、监管、合同或操作障碍等原因无法以合理价格 予以变现的资产，包括但不限于到期日在 10 个交易日以上的逆回购与银行定期存款（含协 议约定有条件提前支取的银,/Users/ellis/工具程序开发/港股通逐标的分析/临时数据/159101/159101_更新招募说明书_20260630.txt
123,159519,国泰中证香港内地国有企业ETF(QDII),国泰中证香港内地国有企业交易型开放式指数证券投资基金(QDII)更新招募说明书(2025年第一号),2025-09-30,招募书未直接出现 RTGS；按适用的交易所/中国结算跨境 ETF 规则，日间 RTGS 交收，按项目口径 PASS,,替代金额的处理程序如下： 对于确认成功的 T 日申购申请，T 日日终，基金管理人根据所购入的被替代 证券的实际单位购入成本（包括买入价格与相关费用，折算为人民币）和未买入 的被替代证券的 T 日收盘价（折算为人民币，折算汇率采用当天的港股通买入 结算汇兑比率和卖出结算汇兑比率的算术平均值；T 日在证券交易所无交易的， 取最近交易日的收盘价）计算被替代证券的单位结算成本，在此基础上根据替代 证券数量和申购现金替代金额确定基金应退还投资者或投资者应补交的款项。正 常情况下，T+5 日内，基金管理人将应退款或补款与相关申购赎回代理券商办理 交收。若发生特殊情况，基金管理人可以对交收日期进行相应调整。若发生特殊 情况，包括如遇港股通结算异常等，基金管理人可以对折算汇率进行相应调整。 对于确认成功的 T 日赎回申请，T 日日终，基金管理人根据所卖出的被替代 证券的实际单位卖出金额（扣除相关费用，折算为人民币）和未卖出的被替代证 券的 T 日收盘价（折算为人民币，折算汇率采用当天的港股通买入结算汇兑比 率和卖出结算汇兑比率的算术平均值，被替代证券 T 日在证券交易所无交易的， 取最近交易日的收盘价）计算被替代证券的单位结算金额，在此基础上根据替代 证券数量确定赎回替代金额。正常情况下，T+7 日内，基金管理人将应支付的赎 回替代金额与相关申购赎回代理机构办理交收。若发生特殊情况，基金管理人可 以对交收日期进行相应调整。若发生特殊情况，包括如遇港股通结算异常等，基 金管理人可以对折算汇率进行相应调整。 如遇境外主要投资场所或港股通临时停市、港股通交易每日额度或总额度不 足等特殊情况，组合证券的代理买入或者卖出及结算价格可依次顺延至下一港股 通交易日直至交易正常。如遇证券长期停牌、流动性不足等可能导致收盘价或最 后成交价不公允的特殊情况，可参照证券的估值价格，对结算价格进行调整，如 果基金管理人认为该证券复牌后的价格可能存在较大波动，且可能对基金资产净 值产生较大影响，为了更好的维护基金份额持有人利益，该证券对应的现金替代 款的清算交收可在其复牌后按照实际交易成本办理。在此期间若该证券发生除息、 送股（转增）、配股等重要权益变动，则进行相应调整。 ④未来如本基金境外主要投资场所或港股通交易、结算规则发生改变，或深 圳证券交易所、登记机构 ETF 申购赎回交易结算规则发生改变，或基金管理人 国泰中证香港内地国有企业交易型开放式指数证券投资基金（QDII）更新招募说明书（2025 年第一号） 51 与基金托管人之间的结算相关安排发生改变，基金管理人可对现金替代处理规则 进行调整，并按规定公告。 （3）必须现金替代 ①适用情形：必须现金替代的证券一般是由于标的指数调整，即将被剔除的 成份证券；或处于停牌的成份证券；或因法律法规限制投资的成份证券；或基金 管理人出于保护持有人利益等,替代金额的处理程序如下： 对于确认成功的 T 日申购申请，T 日日终，基金管理人根据所购入的被替代 证券的实际单位购入成本（包括买入价格与相关费用，折算为人民币）和未买入 的被替代证券的 T 日收盘价（折算为人民币，折算汇率采用当天的港股通买入 结算汇兑比率和卖出结算汇兑比率的算术平均值；T 日在证券交易所无交易的， 取最近交易日的收盘价）计算被替代证券的单位结算成本，在此基础上根据替代 证券数量和申购现金替代金额确定基金应退还投资者或投资者应补交的款项。正 常情况下，T+5 日内，基金管理人将应退款或补款与相关申购赎回代理券商办理 交收。若发生特殊情况，基金管理人可以对交收日期进行相应调整。若发生特殊 情况，包括如遇港股通结算异常等，基金管理人可以对折算汇率进行相应调整。 对于确认成功的 T 日赎回申请，T 日日终，基金管理人根据所卖出的被替代 证券的实际单位卖出金额（扣除相关费用，折算为人民币）和未卖出的被替代证 券的 T 日收盘价（折算为人民币，折算汇率采用当天的港股通买入结算汇兑比 率和卖出结算汇兑比率的算术平均值，被替代证券 T 日在证券交易所无交易的， 取最近交易日的收盘价）计算被替代证券的单位结算金额，在此基础上根据替代 证券数量确定赎回替代金额。正常情况下，T+7 日内，基金管理人将应支付的赎 回替代金额与相关申购赎回代理机构办理交收。若发生特殊情况，基金管理人可 以对交收日期进行相应调整。若发生特殊情况，包括如遇港股通结算异常等，基 金管理人可以对折算汇率进行相应调整。 如遇境外主要投资场所或港股通临时停市、港股通交易每日额度或总额度不 足等特殊情况，组合证券的代理买入或者卖出及结算价格可依次顺延至下一港股 通交易日直至交易正常。如遇证券长期停牌、流动性不足等可能导致收盘价或最 后成交价不公允的特殊情况，可参照证券的估值价格，对结算价格进行调整，如 果基金管理人认为该证券复牌后的价格可能存在较大波动，且可能对基金资产净 值产生较大影响，为了更好的维护基金份额持有人利益，该证券对应的现金替代 款的清算交收可在其复牌后按照实际交易成本办理。在此期间若该证券发生除息、 送股（转增）、配股等重要权益变动，则进行相应调整。 ④未来如本基金境外主要投资场所或港股通交易、结算规则发生改变，或深 圳证券交易所、登记机构 ETF 申购赎回交易结算规则发生改变，或基金管理人 国泰中证香港内地国有企业交易型开放式指数证券投资基金（QDII）更新招募说明书（2025 年第一号） 51 与基金托管人之间的结算相关安排发生改变，基金管理人可对现金替代处理规则 进行调整，并按规定公告。 （3）必须现金替代 ①适用情形：必须现金替代的证券一般是由于标的指数调整，即将被剔除的 成份证券；或处于停牌的成份证券；或因法律法规限制投资的成份证券；或基金 管理人出于保护持有人利益等,购赎回清单：指由基金管理人编制的用以公告申购对价、赎回对价等 信息的文件 53、申购对价：指投资人申购基金份额时，按基金合同和招募说明书规定应 交付的现金替代、现金差额及其他对价 54、赎回对价：指基金份额持有人赎回基金份额时，基金管理人按基金合同 和招募说明书规定应交付的现金替代、现金差额及其他对价 55、组合证券：指本基金标的指数所包含的全部或部分证券 56、标的指数：指中证指数有限公司编制并发布的中证香港内地国有企业指 数及其未来可能发生的变更 57、现金替代：指申购、赎回过程中，投资人按基金合同和招募说明书的规 国泰中证香港内地国有企业交易型开放式指数证券投资基金（QDII）更新招募说明书（2025 年第一号） 9 定，用于替代组合证券中全部或部分证券的一定数量的现金 58、现金差额：指最小申购、赎回单位的资产净值与按当日收盘价计算的最 小申购、赎回单位中的组合证券市值和现金替代之差；投资人申购、赎回时应支 付或应获得的现金差额根据最小申购、赎回单位对应的现金差额和申购或赎回的 最小申购、赎回单位数量计算 59、预估现金部分：指由基金管理人估计并在 T 日申购赎回清单中公布的 当日现金差额的估计值，预估现金部分由申购赎回代理券商预先冻结 60、最小申购、赎回单位：指本基金申购份额、赎回份额的最低数量，投资 人申购、赎回的基金份额应为最小申购、赎回单位的整数倍 61、基金份额参考净值：指基金管理人或基金管理人委托的机构在开市后根 据申购赎回清单、人民币汇率和组合证券内各只证券的实时成交数据计算并通过 深圳证券交易所发布的基金份额参考净值，简,/Users/ellis/工具程序开发/港股通逐标的分析/临时数据/159519/159519_更新招募说明书_20250930.txt
124,520620,嘉实恒生消费ETF,嘉实恒生消费交易型开放式指数证券投资基金更新招募说明书(2026年07月15日更新),2026-07-15,务规则和参与各方相关协议及其不时修订的有关规定。 对于本基金的申购业务采用实时逐笔全额结算（Real Time Gross Settlement ，以下 简称 RTGS）模式；赎回业务涉及的现金替代采用代收代付处理；申购、赎回业务涉及的现 金差额和现金替代退补款采用代收代付处理。 投资者 T 日现金申购后，如交易记录已勾单且申购资金足额的，登记结算机构在T 日 日间实时办理基金份额及现金替代的交收；T 日日间未进行勾单确认或日间资金不足的， 登记结算机构在 T 日日终根据资金是否足额办理基金份额及现金替代的清算交收；在 T+1 日内办理现金差额的清算，并将结果发送给申购赎回代理券商、基金管理人和基金托管人。 基金管理人与申购赎回代理券商在T+3 日内办理现金差额的交收。 投资者,,申购现金替代保证金的处理程序 对于确认成功的T 日申购申请，T 日内基金管理人根据申购规模进行组合证券的代理买 入。T 日日终，基金管理人根据所购入的被替代证券的实际单位购入成本 （包括买入价格与 相关费用，按照汇率折算为人民币） 和未买入的被替代证券的T 日收盘价 （按照汇率折算为 人民币；T 日在证券交易所无交易的，取最近交易日的收盘价；交易日无收盘价的，取最 后成交价） 计算被替代证券的单位结算成本，在此基础上根据替代证券数量和申购现金替代 保证金确定基金应退还投资者或投资者应补交的款项。T+3 日 （指开放日） 内，基金管理人 将应退款或补款与相关申购赎回代理券商办理交收，当交 收期间出现港股通交易日为非港 股通交收日时，款项交收日期可以顺延。若发生特殊情况，基金管理人可以对交收日期进 行相应调整。 上述汇率是指汇率公允价。汇率公允价包括但不限于中国人民银行或其授权机构最新 公布的人民币汇率中间价、中国外汇交易中心公布的人民币对主要货币参考汇率、与基金 托管人商定的其他公允价格 （如：中国人民银行或国家外汇管理局或中国外汇交易中心正式 对外公布的人民币兑主要外汇当日收盘价）等。 如遇港股通临时停市、港股通交易每日额度不足等特殊情况，组合证券的代理买入及 结算价格可依次顺延至下一港股通交易日直至交 易正常。如遇证券长期停牌、流动性不足 等可能导致收盘价或最后成交价不公允的特殊情况，可参照证券的估值价格，对结算价格 进行调整，如果基金管理人认为该证券复牌后的价格可能存在较大波动，且可能对基金资 产净值产生较大影响，为了更好的维护持有人利益，该证券对应的现金替代款的清算交收 可在其复牌后按照实际交易成本办理。在此期间若该证券发生除息、送股 （转增） 、配股等 重要权益变动，则进行相应调整。 ④赎回替代金额的处理程序 对于确认成功的T 日赎回申请，T 日内，基金管理人根据赎回规模进行组合证券的代理 卖出。T 日日终，基金管理人根据所卖出的被替代证券的实际单位卖出金额 （扣除相关费用， 按照汇率折算为人民币） 和未卖出的被替代证券的T 日收盘价 （按照汇率折算为人民币；被 替代证券 T 日在证券交易所无交易的，取最近交易日的收盘价；交易日无收盘价的，取最 后成交价） 计算被替代证券的单位结算金额，在此基础上根据替代证券数量确定赎回替代金 额。T+7 日 （指开放日） 内，基金管理人将应支付的赎回替代金额与相关申购赎回代理券商 办理交收，当交收期间出现港股通交易日为非港股通交收日时，款项交收日期可以顺延。 若发生特殊情况，基金管理人可以对交收日期进行相应调整。 嘉实恒生消费交易型开放式指数证券投资基金更新招募说明书（2026 年 07 月 15 日更新） 49 上述汇率是指汇率公允价。汇率公允价包括但不限于中国人民银行或其授权机构最新 公布的人民币汇率中间价、中,赎回替代金额的处理程序 对于确认成功的T 日赎回申请，T 日内，基金管理人根据赎回规模进行组合证券的代理 卖出。T 日日终，基金管理人根据所卖出的被替代证券的实际单位卖出金额 （扣除相关费用， 按照汇率折算为人民币） 和未卖出的被替代证券的T 日收盘价 （按照汇率折算为人民币；被 替代证券 T 日在证券交易所无交易的，取最近交易日的收盘价；交易日无收盘价的，取最 后成交价） 计算被替代证券的单位结算金额，在此基础上根据替代证券数量确定赎回替代金 额。T+7 日 （指开放日） 内，基金管理人将应支付的赎回替代金额与相关申购赎回代理券商 办理交收，当交收期间出现港股通交易日为非港股通交收日时，款项交收日期可以顺延。 若发生特殊情况，基金管理人可以对交收日期进行相应调整。 嘉实恒生消费交易型开放式指数证券投资基金更新招募说明书（2026 年 07 月 15 日更新） 49 上述汇率是指汇率公允价。汇率公允价包括但不限于中国人民银行或其授权机构最新 公布的人民币汇率中间价、中国外汇交易中心公布的人民币对主要货币参考汇率、与基金 托管人商定的其他公允价格 （如：中国人民银行或国家外汇管理局或中国外汇交易中心正式 对外公布的人民币兑主要外汇当日收盘价）等。 如遇港股通临时停市等特殊情况，组合证券的代理卖出及结算价格可依次顺延至下一 港股通交易日直至交易正常。如遇证券长期停牌、流动性不足等可能导致收盘价或最后成 交价不公允的特殊情况，可参照证券的估值价格，对结算价格进行调整，如果基金管理人 认为该证券复牌后的价格可能存在较大波动，且可能对基金资产净值产生较大影响，为了 更好的维护持有人利益，该证券对应的现金替代款的清算交收可在其复牌后按照实际交易 成本办理。在此期间若该证券发生除息、送股 （转增） 、配股等重要权益变动，则进行相应 调整。 ⑤基金管理人可根据运作情况调整代理申赎投资者买券卖券的相关规则并按规定公告。 ⑥未来若港股通的交易、结算规则发生改变，或上海证券交易所、登记结算机构有关 申购赎回交易结算规则发生改变，或基金管理人与基金托管人之间的结算相关安排发生改 变，基金管理人可对上述相关现金替代处理规则进行调整，并按规定公告。 4、预估现金部分相关内容 预估现金部分是指为便于计算基金份额参考净值及申购赎回代理券商预先冻结申请申 购赎回的投资者的相应资金，由基金管理人计算的现金数额。 T 日申购赎回清单中公告T 日预估现金部分。其计算公式为： T 日预估现金部分＝T-1 日最小申购赎回单位的基金资产净值－（申购赎回清单中必须 现金替代的固定替代金额＋申购赎回清单中可以现金替代成份证券的数量与相应证券调整 后T 日开盘参考价及T-1 日估值汇率的相乘之和） 若 T 日为基金分红除息日，则计算公式中的“T-1 日最小申购赎回单位的基金资产净 值”需扣减相应的收益分配数额,购赎回清单：指由基金管理人编制的用以公告申购对价、赎回对价等信息的文 件 49、申购对价：指投资人申购基金份额时，按基金合同和招募说明书规定应交付的现 金替代、现金差额及其他对价 50、赎回对价：指基金份额持有人赎回基金份额时，基金管理人按基金合同和招募说 明书规定应交付给赎回申请人的现金替代、现金差额及其他对价 51、标的指数：指恒生消费指数及其未来可能发生的变更 52、组合证券：指本基金标的指数所包含的全部或部分证券 53、完全复制法：指一种构建跟踪指数的投资组合的方法。通过购买标的指数中的所 有成份证券，并且按照每种成份证券在标的指数中的权重确定购买的比例，以达到复制指 数的目的 54、最小申购赎回单位：指本基金申购份额、赎回份额的最低数量，投资人申购或赎 回的基金份额数应为最小申购赎回单位的整数倍 55、现金替代：指申购或赎回过程中，投资者按基金合同和招募说明书的规定，用于 替代申购赎回清单中所规定证券的一定数量的现金 56、现金差额：指最小申购赎回单位的资产净值与按当日收盘价计算的最小申购赎回 单位中的组合证券市值和现金替代之差；投资者申购或赎回时应支付或应获得的现金差额 根据最小申购赎回单位对应的现金差额、申购或赎回的基金份额数计算 57、预估现金部分：指由基金管理人计算并在 T 日申购赎回清单中公布的当日现金差 额的预估值，预估现金部分由申购赎回代理券商（代办证券公司）预先冻结 58、元：指人民币元 59、基金资产总值：指基金拥有的各类有价证券、银行存款本息、基金应收款项及其 他资产的价值总和 60、基金资产净值：指基金资产总值减去,/Users/ellis/工具程序开发/港股通逐标的分析/临时数据/520620/520620_更新招募说明书_20260715.txt
125,159280,汇添富国证港股通互联网ETF,汇添富国证港股通互联网交易型开放式指数证券投资基金更新招募说明书(2026年8月14日更新),2026-08-14,成风险承受能力与产品风险之间的匹配 检验。 在目前结算规则下， 投资者当日申购的基金份额， 清算交收完成后方可卖出 和赎回， 即T 日申购的基金份额且日间完成 RTGS（实时逐笔全额结算） 交收的， T 日可卖出和赎回，而 T 日申购的基金份额且日终完成逐笔全额非担保交收的， T+1 日方可卖出和赎回；T 日竞价买入的基金份额，T 日可以卖出或赎回；T 日大 宗买入的基金份额，T 日可以大宗卖出，T+1 日可以竞价卖出或赎回。 投资者投资于本基金前请认真阅读证券交易所和登记机构关于 ETF 的相关 业务规则及其不时的更新， 确保具备相关专业知识、 清楚了解相关规则流程后方 可参与本基金的申购、 赎回及交易。 投资者一旦认购、 申购或赎回本基金， 即表 示对基金认购、 申购和赎回所,,申购替代金额的处理程序 在 T 日 （指港股通交易日） 内， 基金管理人以收到的替代金额代投资者买入 被替代证券。 基金管理人有权在T 日 （指港股通交易日） 内任意时刻以收到的替 代金额代投资者买入小于等于被替代证券数量的任意数量的被替代证券。 基金管 理人有权根据基金投资的需要自主决定不买入部分被替代证券， 或者不进行任何 买入证券的操作。T 日（指港股通交易日）日终，基金管理人根据所购入的被替 代证券的实际单位购入成本 （包括买入价格与相关费用） 和未买入的被替代证券 的 T 日（指港股通交易日）收盘价（折算为人民币）；T 日（指港股通交易日） 在证券交易所无交易的， 取最近交易日的收盘价； 交易日无收盘价的， 取最后成 交价） 计算被替代证券的单位结算成本， 在此基础上根据替代证券数量和申购替 代金额确定基金应退还投资者或投资者应补交的款项。T 日（指港股通交易日） 后的第 3 个港股通交易日后的 2 个工作日内， 基金管理人将应退款或补款与相关 申购赎回代理券商办理交收。在此期间若该证券发生除息、送股（转增）、配股 等重要权益变动，则进行相应调整。 当出现半日港股通交易日、临时停市或港股通每日额度不足等特殊情况时， 汇添富国证港股通互联网交易型开放式指数证券投资基金 更新招募说明书 46 计算并确定被替代证券的单位结算成本的时间将顺延，款项交收的日期也顺延。 如遇证券长期停牌、 流动性不足等可能导致收盘价或最后成交价不公允的特殊情 况， 可参照证券的估值价格， 对结算价格进行调整， 如果基金管理人认为该证券 复牌后的价格可能存在较大波动， 且可能对基金资产净值产生较大影响， 为了更 好的维护基金份额持有人利益， 该证券对应的现金替代款的清算交收可在其复牌 后按照实际交易成本办理。在此期间若该证券发生除息、送股（转增）、配股等 重要权益变动，则进行相应调整。 4）赎回替代金额的处理程序 在 T 日 （指港股通交易日） 内， 基金管理人根据赎回申请代投资者卖出被替 代证券。 基金管理人有权在T 日 （指港股通交易日） 内任意时刻代投资者卖出小 于等于被替代证券数量的任意数量的被替代证券。 基金管理人有权根据基金投资 的需要自主决定不卖出部分被替代证券，或者不进行任何卖出证券的操作。T 日 （指港股通交易日） 日终， 基金管理人根据所卖出的被替代证券的实际单位卖出 金额 （扣除相关费用） 和未卖出的被替代证券的T 日 （指港股通交易日） 收盘价 （折算为人民币） ； 被替代证券T 日 （指港股通交易日） 在证券交易所无交易的， 取最近交易日的收盘价； 交易日无收盘价的， 取最后成交价） 计算被替代证券的 单位结算金额，在此基础上根据替代证券数量确定赎回替代金额。T 日（指港股 通交易日） 后的第 3 个港股通交收日后的2 个工作日内， 基金管理人将应支付,替代金额的处理程序 在 T 日 （指港股通交易日） 内， 基金管理人以收到的替代金额代投资者买入 被替代证券。 基金管理人有权在T 日 （指港股通交易日） 内任意时刻以收到的替 代金额代投资者买入小于等于被替代证券数量的任意数量的被替代证券。 基金管 理人有权根据基金投资的需要自主决定不买入部分被替代证券， 或者不进行任何 买入证券的操作。T 日（指港股通交易日）日终，基金管理人根据所购入的被替 代证券的实际单位购入成本 （包括买入价格与相关费用） 和未买入的被替代证券 的 T 日（指港股通交易日）收盘价（折算为人民币）；T 日（指港股通交易日） 在证券交易所无交易的， 取最近交易日的收盘价； 交易日无收盘价的， 取最后成 交价） 计算被替代证券的单位结算成本， 在此基础上根据替代证券数量和申购替 代金额确定基金应退还投资者或投资者应补交的款项。T 日（指港股通交易日） 后的第 3 个港股通交易日后的 2 个工作日内， 基金管理人将应退款或补款与相关 申购赎回代理券商办理交收。在此期间若该证券发生除息、送股（转增）、配股 等重要权益变动，则进行相应调整。 当出现半日港股通交易日、临时停市或港股通每日额度不足等特殊情况时， 汇添富国证港股通互联网交易型开放式指数证券投资基金 更新招募说明书 46 计算并确定被替代证券的单位结算成本的时间将顺延，款项交收的日期也顺延。 如遇证券长期停牌、 流动性不足等可能导致收盘价或最后成交价不公允的特殊情 况， 可参照证券的估值价格， 对结算价格进行调整， 如果基金管理人认为该证券 复牌后的价格可能存在较大波动， 且可能对基金资产净值产生较大影响， 为了更 好的维护基金份额持有人利益， 该证券对应的现金替代款的清算交收可在其复牌 后按照实际交易成本办理。在此期间若该证券发生除息、送股（转增）、配股等 重要权益变动，则进行相应调整。 4）赎回替代金额的处理程序 在 T 日 （指港股通交易日） 内， 基金管理人根据赎回申请代投资者卖出被替 代证券。 基金管理人有权在T 日 （指港股通交易日） 内任意时刻代投资者卖出小 于等于被替代证券数量的任意数量的被替代证券。 基金管理人有权根据基金投资 的需要自主决定不卖出部分被替代证券，或者不进行任何卖出证券的操作。T 日 （指港股通交易日） 日终， 基金管理人根据所卖出的被替代证券的实际单位卖出 金额 （扣除相关费用） 和未卖出的被替代证券的T 日 （指港股通交易日） 收盘价 （折算为人民币） ； 被替代证券T 日 （指港股通交易日） 在证券交易所无交易的， 取最近交易日的收盘价； 交易日无收盘价的， 取最后成交价） 计算被替代证券的 单位结算金额，在此基础上根据替代证券数量确定赎回替代金额。T 日（指港股 通交易日） 后的第 3 个港股通交收日后的2 个工作日内， 基金管理人将应支付的 ,金的申购、 赎回及交易。 投资者一旦认购、 申购或赎回本基金， 即表 示对基金认购、 申购和赎回所涉及的基金份额的证券变更登记方式以及申购赎回 所涉及现金替代、现金差额等相关的交收方式已经认可。 投资有风险， 投资者在进行投资决策前， 请仔细阅读本基金的 《招募说明书》 、 汇添富国证港股通互联网交易型开放式指数证券投资基金 更新招募说明书 4 《基金合同》 、 基金产品资料概要等信息披露文件， 并根据自身的投资目的、 投 资期限、投资经验、资产状况等判断基金是否和投资者的风险承受能力相适应， 自主判断基金的投资价值，自主做出投资决策，自行承担投资风险。 基金的过往业绩并不预示其未来表现， 基金管理人管理的其他基金的业绩也 不构成对本基金业绩表现的保证。 基金管理人依照恪尽职守、 诚实信用、 谨慎勤勉的原则管理和运用基金财产， 但不保证投资于本基金一定盈利，也不保证最低收益。 基金管理人提醒投资者基金投资的“买者自负”原则， 在投资者作出投资决 策后，基金运营状况与基金净值变化导致的投资风险，由投资者自行负担。 本次招募说明书更新主要涉及基金管理人、 基金托管人、 相关服务机构、 财 务数据和净值表现、 托管协议的内容摘要、 其他应披露事项等， 更新所载内容截 止日为 2026 年 8 月 13 日，有关财务数据和净值表现截止日为 2026 年 6 月 30 日。 汇添富国证港股通互联网交易型开放式指数证券投资基金 更新招募说明书 5 第一部分 绪言 本招募说明书依据《中华人民共和国证券投资基金法》(以下简称“《基金 法》”)、 《公开募集证券投,/Users/ellis/工具程序开发/港股通逐标的分析/临时数据/159280/159280_更新招募说明书_20260814.txt
126,159121,易方达恒生港股通汽车主题ETF,易方达恒生港股通汽车主题交易型开放式指数证券投资基金更新的招募说明书,2026-04-16,结算风险、基金投资非公开信息泄露的风险等。 7、在目前结算规则下，投资者当日申购的基金份额，清算交收完成后方可卖出和赎 回，即 T 日申购的基金份额且日间完成 RTGS（实时逐笔全额结算）交收的，T 日可卖出和 赎回，而 T 日申购的基金份额且日终完成逐笔全额非担保交收的，T+1 日方可卖出和赎回； T 日竞价买入的基金份额，T 日可以卖出或赎回；T 日大宗买入的基金份额，T 日可以大宗 卖出，T+1 日可以竞价卖出或赎回。 投资者投资于本基金前请认真阅读证券交易所和登记结算机构关于 ETF 的相关业务规 则及其不时的更新，确保具备相关专业知识、清楚了解相关规则流程后方可参与本基金的 申购、赎 回及交易。投资者一旦申购或赎回本基金，即表示对基金申购和赎回所涉及的登 记方式以及申购,,申购替代金额的处理程序 T 日，基金管理人在申购赎回清单中公布申购现金替代保证金率，并据此收取申 购替 代金额。 基金管理人在 T 日内购入组合证券中被替代的成份证券。基金管理人有权在 T 日内任 意时刻，以收到的申购替代金额代投资者购入组合证券中被替代的成份证券的任意数 量。 正常情况下，对于确认成功的 T 日申购申请，基金管理人根据 T 日所购入的被替代证券的 实际单位购入成本（包括买入价格与相关费用，折算为人民币）和未买入的被替代 证券 T 日收盘价（折算为人民币，被替代证券当日在证券交易所无交易的，取最近交易日的 收盘 价；交易日无收盘价的，取最后成交价）计算被替代证券的单位结算成本，在此基础 上根 据替代证券数量和申购替代金额确定基金应退还投资者或投资者应补交的款项。T 日 后的 三个港股通交易日内，基金管理人将成份证券的应退款或补款与相关申购赎回代理券 商办 理交收，当交收期间出现港股通交易日为非港股通交收日时，款项交收日期顺延。若 发生 特殊情况，基金管理人可以对交收日期进行相应调整。 如遇港股通临时停市、港股通交易当日额度使用完毕而暂停或停止接受买入申报 等特 殊情况，基金管理人可考虑根据实际情况将成份证券的代理买入及结算价格顺延至下 一港 股通交易日直至交易正常。如遇成份证券长期停牌、流动性不足等可能导致收盘价或 最后 成交价不公允的特殊情况，可参照证券的估值价格，对结算价格进行调整，如果基金 管理 人认为该证券复牌后的价格可能存在较大波动，且可能对基金资产净值产生较大影响 ，为 了更好的维护持有人利益，该证券对应的现金替代退补款的清算交收可按照其复牌后 实际 交易成本 或者基金管理 人认为合理的价格 办理。在此期间若该证券发生除息、送股（转 增）、配股等重要权益变动，则进行相应调整。 4）赎回替代金额的处理程序 基金管理人在 T 日内卖出组合证券中被替代的成份证券。基金管理人有权在 T 日内任 意时刻代投资者卖出组合证券中被替代的成份证券的任意数量。正常情况下，对于确 认成 功的T 日赎回申请，基金管理人根据T 日所卖出的被替代成份证券的实际单位卖出金额（扣 除相关费用，折算为人民币）和未卖出的被替代成份证券的 T 日收盘价（折算为人民币， 被替代证券当日在证券交易所无交易的，取最近交易日的收盘价；交易日无收盘价的 ，取 最后成交价）计算被替代成份证券的单位结算金额，在此基础上根据替代 成份证券数 量确 定赎回替代金额。T 日后的第3 个港股通交易日后的1 个工作日内，基金管理人将应支付的 38 成份证券赎回替代金额与相关申购赎回代理券商办理交收，当交收期间出现港股通交 易日 为非港股通交收日时，款项交收日期顺延。若发生特殊情况，基金管理人可以对交收 日期 进行相应调整。 如遇港股通临时停市等特殊情况，组合证券的代理卖出及结算价格可依次顺,替代金额的处理程序 T 日，基金管理人在申购赎回清单中公布申购现金替代保证金率，并据此收取申 购替 代金额。 基金管理人在 T 日内购入组合证券中被替代的成份证券。基金管理人有权在 T 日内任 意时刻，以收到的申购替代金额代投资者购入组合证券中被替代的成份证券的任意数 量。 正常情况下，对于确认成功的 T 日申购申请，基金管理人根据 T 日所购入的被替代证券的 实际单位购入成本（包括买入价格与相关费用，折算为人民币）和未买入的被替代 证券 T 日收盘价（折算为人民币，被替代证券当日在证券交易所无交易的，取最近交易日的 收盘 价；交易日无收盘价的，取最后成交价）计算被替代证券的单位结算成本，在此基础 上根 据替代证券数量和申购替代金额确定基金应退还投资者或投资者应补交的款项。T 日 后的 三个港股通交易日内，基金管理人将成份证券的应退款或补款与相关申购赎回代理券 商办 理交收，当交收期间出现港股通交易日为非港股通交收日时，款项交收日期顺延。若 发生 特殊情况，基金管理人可以对交收日期进行相应调整。 如遇港股通临时停市、港股通交易当日额度使用完毕而暂停或停止接受买入申报 等特 殊情况，基金管理人可考虑根据实际情况将成份证券的代理买入及结算价格顺延至下 一港 股通交易日直至交易正常。如遇成份证券长期停牌、流动性不足等可能导致收盘价或 最后 成交价不公允的特殊情况，可参照证券的估值价格，对结算价格进行调整，如果基金 管理 人认为该证券复牌后的价格可能存在较大波动，且可能对基金资产净值产生较大影响 ，为 了更好的维护持有人利益，该证券对应的现金替代退补款的清算交收可按照其复牌后 实际 交易成本 或者基金管理 人认为合理的价格 办理。在此期间若该证券发生除息、送股（转 增）、配股等重要权益变动，则进行相应调整。 4）赎回替代金额的处理程序 基金管理人在 T 日内卖出组合证券中被替代的成份证券。基金管理人有权在 T 日内任 意时刻代投资者卖出组合证券中被替代的成份证券的任意数量。正常情况下，对于确 认成 功的T 日赎回申请，基金管理人根据T 日所卖出的被替代成份证券的实际单位卖出金额（扣 除相关费用，折算为人民币）和未卖出的被替代成份证券的 T 日收盘价（折算为人民币， 被替代证券当日在证券交易所无交易的，取最近交易日的收盘价；交易日无收盘价的 ，取 最后成交价）计算被替代成份证券的单位结算金额，在此基础上根据替代 成份证券数 量确 定赎回替代金额。T 日后的第3 个港股通交易日后的1 个工作日内，基金管理人将应支付的 38 成份证券赎回替代金额与相关申购赎回代理券商办理交收，当交收期间出现港股通交 易日 为非港股通交收日时，款项交收日期顺延。若发生特殊情况，基金管理人可以对交收 日期 进行相应调整。 如遇港股通临时停市等特殊情况，组合证券的代理卖出及结算价格可依次顺延至,识、清楚了解相关规则流程后方可参与本基金的 申购、赎 回及交易。投资者一旦申购或赎回本基金，即表示对基金申购和赎回所涉及的登 记方式以及申购赎回所涉及现金替代、现金差额等相关的交收方式及业务规则已经认可。 8、基金管理人提醒投资者基金投资的“买者自负”原则，在投资者作出投资决策后， 基金运营状况与基金净值变化引致的投资风险，由投资者自行负责。此外，本基金以 1 元 初始面值进行募集，在市场波动等因素的影响下，存在单位份额净值跌破 1 元初始面值的 风险。 9、基金不同于银行储蓄，基金投资人投资于基金有可能获得较高的收益，也有可能 损失本金。投资有风险，投资人在进行投资决策前，请 仔细阅读本基金的《招募说明书》 及《基金合同》。 10 、基金的过往业绩并不预示其未来表现，基金管理人管理的其他基金的业绩并不构 成对本基金表现的保证。 本基金本次更新招募说明书对指数编制方案相关内容进行更新，更新截止日为 2026 年 4 月 20 日，同时更新了基金管理人相关信息，更新截止日为2026 年 4 月15 日。基金份额 的上市交易章节相关信息更新截止日为 2026 年1 月5 日，除非另有说明，本招募说明书其 他所载内容截止日为 2025 年10 月 28 日。 I 目 录 第一部分 绪 言..................................................... 1 第二部分 释 义..................................................... 2 第三部分 基金管理人.....,/Users/ellis/工具程序开发/港股通逐标的分析/临时数据/159121/159121_更新招募说明书_20260416.txt
127,159281,天弘中证港股通央企红利ETF,天弘中证港股通央企红利交易型开放式指数证券投资基金招募说明书(更新),2026-03-07,、赎回，具体业务的办理时间请参见相关公告。 在目前结算规则下，投资者当日申购的基金份额，清算交收完成后可卖出和 赎回，即 T 日申购的 ETF 份额且日间完成 RTGS（实时逐笔全额结算）交收的，T 日可卖出与赎回，而 T 日申购的 ETF 份额且日终完成逐笔全额非担保交收的，T+1 日方可卖出和赎回；T 日竞价买入的基金份额，T 日可以卖出或赎回；T 日大宗 买入的基金份额，T 日可以大宗卖出，T+1 日可以竞价卖出或赎回。 目前本基金的申购赎回采用全现金替代模式，申购对价、赎回对价包括现金 替代、现金差额及其他对价，即投资人在场内可以现金申购、赎回办理本基金的 申购、赎回业务。未来在条件允许的情况下，基金管理人可以在场内开通本基金 实物申购赎回方式或者其他现金申购、赎回以外的,,申购替代金额的处理程序如下： 对于确认成功的 T 日申购申请，基金管理人有权在 T 日（指港股通交易日） 内任意时刻以收到的申购替代金额代投资者买入小于等于被替代证券数量的任 意数量的被替代证券。基金管理人有权根据基金投资的需要自主决定不买入部分 被替代证券，或者不进行任何买入证券的操作。 T 日（指港股通交易日）日终，基金管理人根据所购入的被替代证券的实际 单位购入成本（包括买入价格与相关费用）和未买入的被替代证券的 T 日（指港 股通交易日）收盘价（折算为人民币，目前折算汇率采用 T 日估值汇率，基金管 理人可根据情况调整所使用的折算汇率，并及时公告；T 日（指港股通交易日） 在证券交易所无交易的，取最近交易日的收盘价；交易日无收盘价的，取最后成 交价）计算被替代证券的单位结算成本，在此基础上根据替代证券数量和申购替 代金额确定基金应退还投资者或投资者应补交的款项。T 日（指港股通交易日） 招募说明书（更新） 42 后的第 2 个港股通交易日后的 3 个工作日内，基金管理人将应退款或补款与相关 申购赎回代理券商办理交收。在此期间若该证券发生除息、送股（转增）、配股 等重要权益变动，则进行相应调整。 当出现半日港股通交易日、临时停市或港股通每日额度不足等特殊情况时， 计算并确定被替代证券的单位结算成本的时间将顺延，款项交收的日期也顺延。 如遇证券长期停牌、流动性不足等可能导致收盘价或最后成交价不公允的特殊情 况，可参照证券的估值价格，对结算价格进行调整，如果基金管理人认为该证券 复牌后的价格可能存在较大波动，且可能对基金资产净值产生较大影响，为了更 好的维护基金份额持有人利益，该证券对应的现金替代款的清算交收可在其复牌 后按照实际交易成本办理。在此期间若该证券发生除息、送股（转增）、配股等 重要权益变动，则进行相应调整。 4）赎回替代金额的处理程序如下： 对于确认成功的 T 日赎回申请，基金管理人有权在 T 日（指港股通交易日） 内任意时刻代投资者卖出小于等于被替代证券数量的任意数量的被替代证券。基 金管理人有权根据基金投资的需要自主决定不卖出部分被替代证券，或者不进行 任何卖出证券的操作。 T 日（指港股通交易日）日终，基金管理人根据所卖出的被替代证券的实际 单位卖出金额（扣除相关费用）和未卖出的被替代证券的 T 日（指港股通交易 日）收盘价（折算为人民币，目前折算汇率采用 T 日估值汇率，基金管理人可 根据情况调整所使用的折算汇率，并及时公告；被替代证券 T 日（指港股通交 易日）在证券交易所无交易的，取最近交易日的收盘价；交易日无收盘价的，取 最后成交价）计算被替代证券的单位结算金额，在此基础上根据替代证券数量确 定赎回替代金额。T 日（指港股通交易日）后的第 2 个港股通交收日后的 3 个工 作日内，基金管理人将应支付的赎回替代金额与相关申购赎回代,替代金额的处理程序如下： 对于确认成功的 T 日申购申请，基金管理人有权在 T 日（指港股通交易日） 内任意时刻以收到的申购替代金额代投资者买入小于等于被替代证券数量的任 意数量的被替代证券。基金管理人有权根据基金投资的需要自主决定不买入部分 被替代证券，或者不进行任何买入证券的操作。 T 日（指港股通交易日）日终，基金管理人根据所购入的被替代证券的实际 单位购入成本（包括买入价格与相关费用）和未买入的被替代证券的 T 日（指港 股通交易日）收盘价（折算为人民币，目前折算汇率采用 T 日估值汇率，基金管 理人可根据情况调整所使用的折算汇率，并及时公告；T 日（指港股通交易日） 在证券交易所无交易的，取最近交易日的收盘价；交易日无收盘价的，取最后成 交价）计算被替代证券的单位结算成本，在此基础上根据替代证券数量和申购替 代金额确定基金应退还投资者或投资者应补交的款项。T 日（指港股通交易日） 招募说明书（更新） 42 后的第 2 个港股通交易日后的 3 个工作日内，基金管理人将应退款或补款与相关 申购赎回代理券商办理交收。在此期间若该证券发生除息、送股（转增）、配股 等重要权益变动，则进行相应调整。 当出现半日港股通交易日、临时停市或港股通每日额度不足等特殊情况时， 计算并确定被替代证券的单位结算成本的时间将顺延，款项交收的日期也顺延。 如遇证券长期停牌、流动性不足等可能导致收盘价或最后成交价不公允的特殊情 况，可参照证券的估值价格，对结算价格进行调整，如果基金管理人认为该证券 复牌后的价格可能存在较大波动，且可能对基金资产净值产生较大影响，为了更 好的维护基金份额持有人利益，该证券对应的现金替代款的清算交收可在其复牌 后按照实际交易成本办理。在此期间若该证券发生除息、送股（转增）、配股等 重要权益变动，则进行相应调整。 4）赎回替代金额的处理程序如下： 对于确认成功的 T 日赎回申请，基金管理人有权在 T 日（指港股通交易日） 内任意时刻代投资者卖出小于等于被替代证券数量的任意数量的被替代证券。基 金管理人有权根据基金投资的需要自主决定不卖出部分被替代证券，或者不进行 任何卖出证券的操作。 T 日（指港股通交易日）日终，基金管理人根据所卖出的被替代证券的实际 单位卖出金额（扣除相关费用）和未卖出的被替代证券的 T 日（指港股通交易 日）收盘价（折算为人民币，目前折算汇率采用 T 日估值汇率，基金管理人可 根据情况调整所使用的折算汇率，并及时公告；被替代证券 T 日（指港股通交 易日）在证券交易所无交易的，取最近交易日的收盘价；交易日无收盘价的，取 最后成交价）计算被替代证券的单位结算金额，在此基础上根据替代证券数量确 定赎回替代金额。T 日（指港股通交易日）后的第 2 个港股通交收日后的 3 个工 作日内，基金管理人将应支付的赎回替代金额与相关申购赎回代理券,赎回；T 日大宗 买入的基金份额，T 日可以大宗卖出，T+1 日可以竞价卖出或赎回。 目前本基金的申购赎回采用全现金替代模式，申购对价、赎回对价包括现金 替代、现金差额及其他对价，即投资人在场内可以现金申购、赎回办理本基金的 申购、赎回业务。未来在条件允许的情况下，基金管理人可以在场内开通本基金 实物申购赎回方式或者其他现金申购、赎回以外的方式办理本基金的申购、赎回 业务，相关业务规则、申购赎回原则等相关事项届时将另行约定并公告。 本基金为股票型基金，其预期风险与预期收益高于混合型基金、债券型基金 与货币市场基金。本基金为指数型基金，采用完全复制法跟踪标的指数的表现， 具有与标的指数以及标的指数所代表的股票市场相似的风险收益特征。 本基金标的指数为中证港股通央企红利指数。 1、样本空间 中证港股通综合指数样本 2、选样方法 （1）对于样本空间内符合流动性筛选条件的证券，选取中央企业实际控制 的上市公司证券； （2）选取过去三年连续分红且过去三年股利支付率的均值和过去一年股利 支付率均大于 0 且小于 1 的上市公司证券作为待选样本； （3）在上述待选样本中，按照过去三年平均股息率由高到低排名，选取排 名靠前的 50 只证券作为指数样本。 有关标的指数具体编制方案及成份股信息详见中证指数有限公司网站，网址： https://www.csindex.com.cn。 本基金为指数基金，投资者投资于本基金面临跟踪误差控制未达约定目标、 指数编制机构停止服务、成份股停牌或退市等潜在风险，详见本基金招募说明书 招募说明书（更新） 3 的“基金的风险提示”章节,/Users/ellis/工具程序开发/港股通逐标的分析/临时数据/159281/159281_更新招募说明书_20260307.txt
128,513380,广发恒生科技(QDII-ETF),广发恒生科技交易型开放式指数证券投资基金(QDII)更新的招募说明书,2026-07-06,价格折溢价的风险。 根据本基金现行适用的清算交收和申赎处理规则，投资者当日申购的基金份额，清算交 收完成后方可卖出和赎回，即T 日申购的ETF 份额且日间完成 RTGS（实时逐笔全额结算）交 收，T 日可卖出与赎回，而T 日申购的 ETF 份额且日终完成逐笔全额非担保交收的，T+1 日方 可卖出和赎回；T 日买入的基金份额，T 日可以赎回或卖出。由于登记结算机构对现金替代采 取非净额结算交收模式，当投资者赎回申请被登记结算机构确认后，被赎回的基金份额即被 记减，但此时投资者尚未收到赎回现金替代款。投资者投资本基金时需具有证券账户，证券 账户是指上海证券交易所 A 股账户或上海证券交易所证券投资基金账户。 本基金以 1 元初始面值进行募集，在市场波动等因素的影响下，存在单位份额净值,,申购替代金额的处理程序 T日，基金管理人根据申购赎回清单收取申购现金替代保证金。 对于确认成功的 T日申购申请，在 T日（指香港交易所交易日）内，基金管理人以收到 67 的申购现金替代保证金代投资者买入被替代证券。在 T 日（指香港交易所交易日）日终，基 金管理人已买入的证券，依据申购现金替代保证金与被替代证券的实际买入成本（包括买入 价格与相关交易费用）的差额，确定基金应退还投资者或投资者应补交的款项；未买入的证 券，依据申购现金替代保证金与被替代证券 T 日（指香港交易所交易日）收盘价（需用最新 汇率折算为人民币， 当日在证券交易所无交易的， 取最近交易日的收盘价， 当日无收盘价的， 取最后成交价）的差额，确定基金应退还投资者或投资者应补交的款项。 正常情况下，T+3 日（指上海证券交易所与香港交易所的共同交易日）内，基金管理人 将应退款和补款的明细及汇总数据发送给登记结算机构，登记结算机构办理现金替代多退少 补资金的清算，并将结果发送给相关申购赎回代理机构和基金托管人。 如遇证券长期停牌、流动性不足等特殊情况，可参照证券的估值价格对结算价格进行调 整，如果基金管理人认为该证券复牌后的价格可能存在较大波动，且可能对基金资产净值产 生较大影响，为了更好的维护持有人利益，该证券对应的现金替代退补款的清算交收可在其 复牌后按照实际交易成本办理。在此期间若该证券发生除息、送股（转增） 、配股等重要权益 变动，则进行相应调整。上述汇率目前采用汇率公允价。汇率公允价包括中国人民银行或其 授权机构最新公布的人民币汇率中间价、中国外汇交易中心最新收盘价、与基金托管人商定 的其他公允价格（如：中国人民银行或国家外汇管理局或中国外汇交易中心正式对外发文后 公布的人民币兑主要外汇当日收盘价）等。 ④赎回对应的替代金额的处理程序 对于确认成功的 T日赎回申请，在 T日（指香港交易所交易日）内，基金管理人根据赎 回申请代投资者卖出被替代证券。在 T 日（指香港交易所交易日）日终，基金管理人已卖出 的证券，按照被替代证券的实际卖出金额（扣除相关费用）确定基金应支付的替代金额；未 卖出的证券，按照被替代证券 T 日（指香港交易所交易日）收盘价（需用最新汇率折算为人 民币，当日在证券交易所无交易的，取最近交易日的收盘价，当日无收盘价的，取最后成交 价）确定基金应支付给投资者的替代金额。 正常情况下，T+7 日（指上海证券交易所与香港交易所的共同交易日）内，基金管理人 将应支付的替代金额的明细及汇总数据发送给登记结算机构，登记结算机构办理现金替代资 金的清算，并将结果发送给相关申购赎回代理机构和基金托管人。如遇证券长期停牌、流动 性不足等特殊情况，可参照证券的估值价格，对结算价格进行调整，如果基金管理人认为该 证券复牌后的价格可能存在较大波动，且可能对基金资产净值产生较大影响，为了更好的,替代金额的处理程序 T日，基金管理人根据申购赎回清单收取申购现金替代保证金。 对于确认成功的 T日申购申请，在 T日（指香港交易所交易日）内，基金管理人以收到 67 的申购现金替代保证金代投资者买入被替代证券。在 T 日（指香港交易所交易日）日终，基 金管理人已买入的证券，依据申购现金替代保证金与被替代证券的实际买入成本（包括买入 价格与相关交易费用）的差额，确定基金应退还投资者或投资者应补交的款项；未买入的证 券，依据申购现金替代保证金与被替代证券 T 日（指香港交易所交易日）收盘价（需用最新 汇率折算为人民币， 当日在证券交易所无交易的， 取最近交易日的收盘价， 当日无收盘价的， 取最后成交价）的差额，确定基金应退还投资者或投资者应补交的款项。 正常情况下，T+3 日（指上海证券交易所与香港交易所的共同交易日）内，基金管理人 将应退款和补款的明细及汇总数据发送给登记结算机构，登记结算机构办理现金替代多退少 补资金的清算，并将结果发送给相关申购赎回代理机构和基金托管人。 如遇证券长期停牌、流动性不足等特殊情况，可参照证券的估值价格对结算价格进行调 整，如果基金管理人认为该证券复牌后的价格可能存在较大波动，且可能对基金资产净值产 生较大影响，为了更好的维护持有人利益，该证券对应的现金替代退补款的清算交收可在其 复牌后按照实际交易成本办理。在此期间若该证券发生除息、送股（转增） 、配股等重要权益 变动，则进行相应调整。上述汇率目前采用汇率公允价。汇率公允价包括中国人民银行或其 授权机构最新公布的人民币汇率中间价、中国外汇交易中心最新收盘价、与基金托管人商定 的其他公允价格（如：中国人民银行或国家外汇管理局或中国外汇交易中心正式对外发文后 公布的人民币兑主要外汇当日收盘价）等。 ④赎回对应的替代金额的处理程序 对于确认成功的 T日赎回申请，在 T日（指香港交易所交易日）内，基金管理人根据赎 回申请代投资者卖出被替代证券。在 T 日（指香港交易所交易日）日终，基金管理人已卖出 的证券，按照被替代证券的实际卖出金额（扣除相关费用）确定基金应支付的替代金额；未 卖出的证券，按照被替代证券 T 日（指香港交易所交易日）收盘价（需用最新汇率折算为人 民币，当日在证券交易所无交易的，取最近交易日的收盘价，当日无收盘价的，取最后成交 价）确定基金应支付给投资者的替代金额。 正常情况下，T+7 日（指上海证券交易所与香港交易所的共同交易日）内，基金管理人 将应支付的替代金额的明细及汇总数据发送给登记结算机构，登记结算机构办理现金替代资 金的清算，并将结果发送给相关申购赎回代理机构和基金托管人。如遇证券长期停牌、流动 性不足等特殊情况，可参照证券的估值价格，对结算价格进行调整，如果基金管理人认为该 证券复牌后的价格可能存在较大波动，且可能对基金资产净值产生较大影响，为了更好的维 ,可参与本基金的申购、赎回及交易。投资者一旦认购、申购或赎回本基 金，即表示对基金认购、申购和赎回所涉及的基金份额的证券变更登记方式以及申购赎回所 涉及现金替代、现金差额等相关的交收方式已经认可。 当基金资产规模接近或达到外汇额度使用上限时，基金管理人有权暂停基金的申购，届 时投资者可能面临申购失败的风险和基金份额二级市场交易价格折溢价的风险。 根据本基金现行适用的清算交收和申赎处理规则，投资者当日申购的基金份额，清算交 收完成后方可卖出和赎回，即T 日申购的ETF 份额且日间完成 RTGS（实时逐笔全额结算）交 收，T 日可卖出与赎回，而T 日申购的 ETF 份额且日终完成逐笔全额非担保交收的，T+1 日方 可卖出和赎回；T 日买入的基金份额，T 日可以赎回或卖出。由于登记结算机构对现金替代采 取非净额结算交收模式，当投资者赎回申请被登记结算机构确认后，被赎回的基金份额即被 记减，但此时投资者尚未收到赎回现金替代款。投资者投资本基金时需具有证券账户，证券 账户是指上海证券交易所 A 股账户或上海证券交易所证券投资基金账户。 本基金以 1 元初始面值进行募集，在市场波动等因素的影响下，存在单位份额净值跌破 1 元初始面值的风险。基金管理人提醒投资人基金投资的“买者自负”原则，在投资人作出投 资决策后，基金运营状况与基金净值变化引致的投资风险，由投资人自行负责。 本基金由广发基金管理有限公司独立管理，未聘请境外投资顾问。 投资人在进行投资决策前，请仔细阅读本基金的《招募说明书》 、 《基金产品资料概要》 及《基金合同》 ，自主判断基金的投资价值，自主,/Users/ellis/工具程序开发/港股通逐标的分析/临时数据/513380/513380_更新招募说明书_20260706.txt
129,520680,南方中证港股通汽车产业主题ETF,南方中证港股通汽车产业主题交易型开放式指数证券投资基金招募说明书,2026-02-24,券 仅在境内证券交易所上市的ETF产品存在一定差异。在目前结算规则下，投资者当日申购的 基金份额，清算交收完成后方可卖出和赎回，即T日申购的ETF份额且日间完成RTGS（实 时逐笔全额结算）交收，T日可卖出与赎回；T日申购的ETF份额日间未完成交收的，日终 完成逐笔全额非担保交收，T+1日方可卖出和赎回；T日买入的基金份额，T日可以赎回。 投资人投资本基金时需具有上海证券交易所A股账户或基金账户。其中，上海证券交易 所基金账户只能进行基金的现金认购和二级市场交易， 如投资人需要参与基金的申购、 赎回， 则应开立并使用上海证券交易所A股账户。 投资人在投资本基金之前，请仔细阅读本基金的招募说明书、基金产品资料概要和基金 合同等信息披露文件，自主判断基金的投资价值，自主做出投资决策，,,申购现金替代保证金的处理程序 T日， 基金管理人在申购赎回清单中公布申购现金替代溢价比例， 并据此收取申购现金 替代保证金。 正常情况下，对于确认成功的T日（T日为开放日）申购申请，基金管理人根据实际单 位购入成本（包括买入价格与相关费用，按照汇率折算为人民币）或被替代证券的T日收盘 价（按照汇率折算为人民币，被替代证券当日在证券交易所无交易的，取最近交易日的收盘 价；交易日无收盘价的，取最后成交价）计算被替代证券的单位结算成本，在此基础上根据 替代证券数量和申购替代金额确定基金应退还投资者或投资者应补交的款项。 上述汇率目前 采用汇率公允价。汇率公允价包括但不限于港股通结算汇兑比率、中国外汇交易中心最新收 盘价、中国外汇交易中心参考汇率或交易汇率、中国人民银行或其授权机构最新公布的人民 币汇率中间价、与基金托管人商定的其他公允价格等。 正常情况下，T日后的第5个港股通交易日内， 基金管理人将应退款或补款与相关申购 赎回代理券商办理交收。若发生特殊情况，基金管理人可以对交收日期进行相应调整。 如遇港股通临时停市、港股通交易每日额度或总额度不足等特殊情况，组合证券的代 理买入及结算价格可依次顺延至下一港股通交易日直至交易正常， 款项交收的日期也可相应 顺延。如遇证券长期停牌、流动性不足等可能导致收盘价或最后成交价不公允的特殊情况， 可参照证券的估值价格，对结算价格进行调整，如果基金管理人认为该证券复牌后的价格可 能存在较大波动，且可能对基金资产净值产生较大影响，为了更好的维护持有人利益，该证 券对应的现金替代退补款的清算交收可在其复牌后按照实际交易成本或者基金管理人认为 合理的价格办理。在此期间若该证券发生除息、送股（转增） 、配股等重要权益变动，则进 南方中证港股通汽车产业主题交易型开放式指数证券投资基金招募说明书 40 行相应调整。基金管理人有权根据基金投资的需要自主决定不买入部分被替代证券，或者不 进行任何买入被替代证券的操作。 D.赎回替代金额的处理程序 正常情况下，对于确认成功的 T 日赎回申请，基金管理人根据实际单位卖出金额（扣 除相关费用， 按照汇率折算为人民币） 或被替代证券的T日收盘价 （按照汇率折算为人民币， 被替代证券当日在证券交易所无交易的，取最近交易日的收盘价；交易日无收盘价的，取最 后成交价）计算被替代证券的单位结算金额，在此基础上根据替代证券数量确定赎回替代金 额。上述汇率目前采用汇率公允价。汇率公允价包括但不限于港股通结算汇兑比率、中国外 汇交易中心最新收盘价、中国外汇交易中心参考汇率或交易汇率、中国人民银行或其授权机 构最新公布的人民币汇率中间价、与基金托管人商定的其他公允价格等。 正常情况下，T 日后的第7个港股通交易日内，基金管理人将应支付的赎回替代金额 与相关申购赎回代理券商办理交收。若发生特殊情况，基金管理人可以对交收,赎回替代金额的处理程序 正常情况下，对于确认成功的 T 日赎回申请，基金管理人根据实际单位卖出金额（扣 除相关费用， 按照汇率折算为人民币） 或被替代证券的T日收盘价 （按照汇率折算为人民币， 被替代证券当日在证券交易所无交易的，取最近交易日的收盘价；交易日无收盘价的，取最 后成交价）计算被替代证券的单位结算金额，在此基础上根据替代证券数量确定赎回替代金 额。上述汇率目前采用汇率公允价。汇率公允价包括但不限于港股通结算汇兑比率、中国外 汇交易中心最新收盘价、中国外汇交易中心参考汇率或交易汇率、中国人民银行或其授权机 构最新公布的人民币汇率中间价、与基金托管人商定的其他公允价格等。 正常情况下，T 日后的第7个港股通交易日内，基金管理人将应支付的赎回替代金额 与相关申购赎回代理券商办理交收。若发生特殊情况，基金管理人可以对交收日期进行相应 调整。 如遇港股通临时停市等特殊情况，组合证券的代理卖出及结算价格可依次顺延至下一 港股通交易日直至交易正常，款项交收的日期也可相应顺延。如遇证券长期停牌、流动性不 足等可能导致收盘价或最后成交价不公允的特殊情况，可参照证券的估值价格，对结算价格 进行调整，如果基金管理人认为该证券复牌后的价格可能存在较大波动，且可能对基金资产 净值产生较大影响，为了更好的维护持有人利益，该证券对应的现金替代款的清算交收可在 其复牌后按照实际交易成本或者基金管理人认为合理的价格办理。 在此期间若该证券发生除 息、送股（转增） 、配股等重要权益变动，则进行相应调整。基金管理人有权根据基金投资 的需要自主决定不卖出部分被替代证券，或者不进行任何卖出被替代证券的操作。 E.基金管理人可根据运作情况调整代理申赎投资者买券卖券的相关规则并按规定公告。 F.未来如港股通交易、结算规则发生改变，或上海证券交易所、登记机构有关申购赎 回交易结算规则发生改变，或基金管理人与基金托管人之间的结算相关安排发生改变等，基 金管理人可对上述相关现金替代处理规则进行调整，并按规定公告。 ②必须现金替代 A.适用情形：必须现金替代的证券一般是由于标的指数调整，即将被剔除的成份证券； 或处于停牌的成份证券；或因法律法规限制投资的成份证券；或基金管理人出于保护持有人 利益等原因认为有必要实行必须现金替代的成份证券。 B.替代金额：对于必须现金替代的证券，基金管理人将在申购赎回清单中公告替代的 一定数量的现金，即“固定替代金额”。固定替代金额的计算方法为申购赎回清单中该证券 的数量乘以其T日预计开盘价并按照T-1日估值汇率（如需）换算或基金管理人认为合理的 其他方法。 （3）预估现金差额相关内容 南方中证港股通汽车产业主题交易型开放式指数证券投资基金招募说明书 41 预估现金差额是指为便于计算基金份额参考净值及申购赎回代理券商预先冻结申请申 购、赎回的投资人的相应资金，由基金管,证港股通汽车产业主题交易型开放式指数证券投资基金招募说明书 8 49、申购对价：指投资人申购基金份额时，按基金合同和招募说明书规定应交付的组合 证券、现金替代、现金差额和其他对价或现金替代、现金差额和其他对价 50、赎回对价：指基金份额持有人赎回基金份额时，基金管理人按基金合同和招募说明 书规定应交付给赎回人的组合证券、现金替代、现金差额和其他对价或现金替代、现金差额 和其他对价 51、标的指数：本基金标的指数为中证港股通汽车产业主题指数 52、组合证券：指本基金标的指数所包含的全部或部分证券 53、最小申购赎回单位：指本基金申购份额、赎回份额的最低数量，投资人申购或赎回 的基金份额数应为最小申购赎回单位的整数倍 54、现金替代：指申购或赎回过程中，投资人按基金合同和招募说明书的规定，用于替 代组合证券中全部或部分证券的一定数量的现金 55、现金差额：指最小申购赎回单位的资产净值与按当日收盘价计算的最小申购赎回单 位中的组合证券市值和现金替代之差；投资人申购或赎回时应支付或应获得的现金差额根据 最小申购赎回单位对应的现金差额、申购或赎回的基金份额数计算 56、元：指人民币元 57、基金利润：指基金利息收入、汇兑损益、投资收益、公允价值变动收益和其他收入 扣除相关费用后的余额 58、基金资产总值：指基金拥有的各类有价证券及票据价值、银行存款本息、基金应收 申购款及其他资产的价值总和 59、基金资产净值：指基金资产总值减去基金负债后的价值 60、基金份额净值：指估值日基金资产净值除以估值日基金份额总数 61、基金资产估值：指计算评估基金资产和负债的价,/Users/ellis/工具程序开发/港股通逐标的分析/临时数据/520680/520680_招募说明书_20260224.txt
130,159152,平安恒生港股通科技主题ETF,平安恒生港股通科技主题交易型开放式指数证券投资基金招募说明书(更新),2026-07-29,现金替代、现金差额及其他对价的 清算交收适用相关业务规则和参与各方相关协议及其不时修订的有关规定。 本基金现金申购业务中的现金替代采用逐笔全额结算（T 日日间 RTGS 交收 +T 日日终逐笔全额非担保交收）处理；现金赎回业务中的现金替代采用代收代付 处理；现金申购、赎回业务涉及的现金差额和现金替代退补款采用代收代付处理。 投资者 T 日现金申购后，正常情况下，如选择采用 RTGS 交收且申购资金足 额的，登记结算机构在 T 日日间实时办理基金份额及现金替代的清算交收；T 日 日间资金不足或不选择 RTGS 交收的，登记结算机构在 T 日收市后办理基金份额 及现金替代的清算交收，并将结果发送给基金管理人、申购赎回代理券商和基金 托管人。基金管理人在 T+1 日办理现金差额的清算，,,替代金额的处理程序如下： 对于确认成功的 T 日申购申请，T 日内基金管理人根据申购规模进行组合证 券的代理买入。基金管理人有权在 T 日内任意时刻以收到的申购替代金额代投资 者买入小于等于被替代证券数量的任意数量的被替代证券。基金管理人有权根据 基金投资的需要自主决定不买入部分被替代证券，或者不进行任何买入证券的操 作。T 日日终，基金管理人根据所购入的被替代证券的实际单位购入成本（包括 买入价格与相关费用，折算为人民币）和未买入的被替代证券的 T 日收盘价（折 算为人民币，T 日在证券交易所无交易的，取最近交易日的收盘价；交易日无收 盘价的，取最后成交价）计算被替代证券的单位结算成本，在此基础上根据替代 证券数量和申购现金替代金额确定基金应退还投资者或投资者应补交的款项。正 常情况下，T+5 日（指开放日）内，基金管理人将应退款或补款与相关申购赎回 代理券商办理交收，当交收期间出现港股通交易日为非港股通交收日时，款项交 收日期顺延。若发生特殊情况，基金管理人可以对交收日期进行相应调整。上述 汇率目前采用汇率公允价。汇率公允价包括但不限于港股通结算汇兑比率、中国 外汇交易中心最新收盘价、中国外汇交易中心参考汇率或交易汇率、中国人民银 行或其授权机构最新公布的人民币汇率中间价、基金管理人与基金托管人商定的 其他公允价格等。 56 对于确认成功的 T 日赎回申请，T 日内，基金管理人根据赎回规模进行组合 证券的代理卖出。基金管理人有权在 T 日内任意时刻代投资者卖出小于等于被替 代证券数量的任意数量的被替代证券。基金管理人有权根据基金投资的需要自主 决定不卖出部分被替代证券，或者不进行任何卖出证券的操作。T 日日终，基金 管理人根据所卖出的被替代证券的实际单位卖出金额（扣除相关费用）和未卖出 的被替代证券的 T 日收盘价（折算为人民币，被替代证券 T 日在证券交易所无交 易的，取最近交易日的收盘价；交易日无收盘价的，取最后成交价）计算被替代 证券的单位结算金额，在此基础上根据替代证券数量确定赎回替代金额。正常情 况下，T+5 日（指开放日）内，基金管理人将应支付的赎回替代金额与相关申购 赎回代理机构办理交收，当交收期间出现港股通交易日为非港股通交收日时，款 项交收日期顺延。若发生特殊情况，基金管理人可以对交收日期进行相应调整。 上述汇率目前采用汇率公允价。汇率公允价包括但不限于港股通结算汇兑比率、 中国外汇交易中心最新收盘价、中国外汇交易中心参考汇率或交易汇率、中国人 民银行或其授权机构最新公布的人民币汇率中间价、基金管理人与基金托管人商 定的其他公允价格等。 如遇港股临时停市等特殊情况，组合证券的代理买入或者卖出及结算价格可 依次顺延至下一港股交易日直至交易正常。如遇证券长期停牌、流动性不足等可 能导致收盘价或最后成交价不公允的特殊情况，可参照证券的估值价格,替代金额的处理程序如下： 对于确认成功的 T 日申购申请，T 日内基金管理人根据申购规模进行组合证 券的代理买入。基金管理人有权在 T 日内任意时刻以收到的申购替代金额代投资 者买入小于等于被替代证券数量的任意数量的被替代证券。基金管理人有权根据 基金投资的需要自主决定不买入部分被替代证券，或者不进行任何买入证券的操 作。T 日日终，基金管理人根据所购入的被替代证券的实际单位购入成本（包括 买入价格与相关费用，折算为人民币）和未买入的被替代证券的 T 日收盘价（折 算为人民币，T 日在证券交易所无交易的，取最近交易日的收盘价；交易日无收 盘价的，取最后成交价）计算被替代证券的单位结算成本，在此基础上根据替代 证券数量和申购现金替代金额确定基金应退还投资者或投资者应补交的款项。正 常情况下，T+5 日（指开放日）内，基金管理人将应退款或补款与相关申购赎回 代理券商办理交收，当交收期间出现港股通交易日为非港股通交收日时，款项交 收日期顺延。若发生特殊情况，基金管理人可以对交收日期进行相应调整。上述 汇率目前采用汇率公允价。汇率公允价包括但不限于港股通结算汇兑比率、中国 外汇交易中心最新收盘价、中国外汇交易中心参考汇率或交易汇率、中国人民银 行或其授权机构最新公布的人民币汇率中间价、基金管理人与基金托管人商定的 其他公允价格等。 56 对于确认成功的 T 日赎回申请，T 日内，基金管理人根据赎回规模进行组合 证券的代理卖出。基金管理人有权在 T 日内任意时刻代投资者卖出小于等于被替 代证券数量的任意数量的被替代证券。基金管理人有权根据基金投资的需要自主 决定不卖出部分被替代证券，或者不进行任何卖出证券的操作。T 日日终，基金 管理人根据所卖出的被替代证券的实际单位卖出金额（扣除相关费用）和未卖出 的被替代证券的 T 日收盘价（折算为人民币，被替代证券 T 日在证券交易所无交 易的，取最近交易日的收盘价；交易日无收盘价的，取最后成交价）计算被替代 证券的单位结算金额，在此基础上根据替代证券数量确定赎回替代金额。正常情 况下，T+5 日（指开放日）内，基金管理人将应支付的赎回替代金额与相关申购 赎回代理机构办理交收，当交收期间出现港股通交易日为非港股通交收日时，款 项交收日期顺延。若发生特殊情况，基金管理人可以对交收日期进行相应调整。 上述汇率目前采用汇率公允价。汇率公允价包括但不限于港股通结算汇兑比率、 中国外汇交易中心最新收盘价、中国外汇交易中心参考汇率或交易汇率、中国人 民银行或其授权机构最新公布的人民币汇率中间价、基金管理人与基金托管人商 定的其他公允价格等。 如遇港股临时停市等特殊情况，组合证券的代理买入或者卖出及结算价格可 依次顺延至下一港股交易日直至交易正常。如遇证券长期停牌、流动性不足等可 能导致收盘价或最后成交价不公允的特殊情况，可参照证券的估值价格,购赎回清单：指由基金管理人编制的用以公告申购对价、赎回对价等 信息的文件 49、申购对价：指投资人申购基金份额时，按基金合同和招募说明书规定应 交付的现金替代、现金差额和/或其他对价 50、赎回对价：指投资人赎回基金份额时，基金管理人按基金合同和招募说 明书规定应交付给投资人的现金替代、现金差额和/或其他对价 51、标的指数：指恒生港股通科技主题指数及其未来可能发生的变更 52、完全复制法：指一种构建跟踪指数的投资组合的方法。通过购买标的指 数中的所有成份证券，并且按照每种成份证券在标的指数中的权重确定购买的比 例，以达到复制指数的目的 53、最小申购、赎回单位：指本基金申购份额、赎回份额的最低数量，投资 12 人申购、赎回的基金份额应为最小申购、赎回单位的整数倍 54、组合证券：指本基金标的指数所包含的全部或部分证券 55、现金替代：指申购、赎回过程中，投资人按基金合同和招募说明书的规 定，用于替代组合证券中全部或部分证券的一定数量的现金 56、现金差额：指最小申购、赎回单位的资产净值与按 T 日收盘价计算的最 小申购、赎回单位中的组合证券市值和现金替代之差；投资人申购、赎回时应支 付或应获得的现金差额根据最小申购、赎回单位对应的现金差额、申购或赎回的 基金份额数计算 57、现金替代退补款：指投资人支付的现金替代与基金购入被替代成份证券 的成本及相关费用的差额。若现金替代大于本基金购入被替代成份证券的成本及 相关费用，则本基金需向投资人退还差额，若现金替代小于本基金购入被替代成 份证券的成本及相关费用，则投资人需向本基金补缴差额 58、预估现金,/Users/ellis/工具程序开发/港股通逐标的分析/临时数据/159152/159152_更新招募说明书_20260729.txt
131,159010,博时恒生港股通科技主题ETF,博时恒生港股通科技主题交易型开放式指数证券投资基金更新招募说明书,2026-05-30,认情况，投资人应及时查询并妥善行使合法权利。 在目前结算规则下，投资者当日申购的基金份额，清算交收完成后可卖出和赎回，即 T 日申购的 ETF 份额且日间完成 RTGS（实时逐笔全额结算）交收，T 日可卖出与赎回，而 T 日申购的 ETF 份额且日终完成逐笔全额非担保交收，T+1 日方可卖出和赎回；T 日竞价买入 的基金份额，T 日可以赎回，T 日可以卖出。 本基金获批后，若深圳证券交易所和中国证券登记结算有限责任公司针对交易型开放式 指数证券投资基金推出新的清算交收与登记模式并引入新的申购、赎回方式，在履行适当程 序后，本基金管理人将根据新的业务规则新增或调整申购和赎回申请的确认方式，届时将发 布公告予以披露并对本基金的招募说明书予以更新，而无需召开基金份额持有人大会审议。 3,,申购替代金额的处理程序 T 日，基金管理人在申购赎回清单中公布现金替代溢价比例，并据此收取申购替代金 额。 正常情况下，对于确认成功的 T 日申购申请，在 T 日（指深圳证券交易所与香港交易所 的共同交易日）内，基金管理人以收到的申购替代金额代投资者买入被替代证券。基金管理 人有权在 T 日（指深圳证券交易所与香港交易所的共同交易日）内任意时刻以收到的申购替 代金额代投资者买入小于等于被替代证券数量的任意数量的被替代证券。基金管理人有权根 据基金投资的需要自主决定不买入部分被替代证券，或者不进行任何买入证券的操作。 T 日日终，基金管理人根据所购入的被替代证券的实际单位购入成本（包括买入价格与 相关费用）和未买入的被替代证券的 T 日收盘价（折算为人民币，折算汇率包括但不限于中 国外汇交易中心参考汇率或交易汇率、中国人民银行或其授权机构最新公布的人民币汇率中 间价、与基金托管人商定的其他公允价格等；T 日在证券交易所无交易的，取最近交易日的 收盘价）计算被替代证券的单位结算成本，在此基础上根据替代证券数量和申购现金替代保 证金确定基金应退还投资者或投资者应补交的款项。在此期间若该部分证券发生除息、送股 （转增）、配股等重要权益变动，则进行相应调整。 正常情况下，T+5 日（指开放日）内，基金管理人将应退款和补款的明细及汇总数据发 送给登记机构，登记机构办理现金替代多退少补资金的清算，并将结果发送给相关申购赎回 博时恒生港股通科技主题交易型开放式指数证券投资基金更新招募说明书 第 39页 共 127页 代理机构和基金托管人，相关款项的交收于数据发送后的第 1 个工作日内完成。若发生特殊 情况，基金管理人可以对交收日期进行相应调整。 如遇港股通临时停市、港股通交易每日额度不足等特殊情况，组合证券的代理买入及结 算价格可依次顺延至下一港股通交易日直至交易正常。如遇证券长期停牌、流动性不足等可 能导致收盘价或最后成交价不公允的特殊情况，可参照证券的估值价格，对结算价格进行调 整，如果基金管理人认为该证券复牌后的价格可能存在较大波动，且可能对基金资产净值产 生较大影响，为了更好的维护持有人利益，该证券对应的现金替代退补款的清算交收可在其 复牌后按照实际交易成本办理。在此期间若该证券发生除息、送股（转增）、配股等重要权 益变动，则进行相应调整。 4）赎回替代金额的处理程序 正常情况下，对于确认成功的 T 日赎回申请，在 T 日（指深圳证券交易所与香港交易所 的共同交易日）内，基金管理人根据赎回申请代投资者卖出被替代证券。基金管理人有权在 T 日（指深圳证券交易所与香港交易所的共同交易日）内任意时刻代投资者卖出小于等于被 替代证券数量的任意数量的被替代证券。基金管理人有权根据基金投资的需要自主决定不卖 出部分被替代证券，或者不进行任何卖出证券的操作。 T 日日终，基金管理,替代金额的处理程序 T 日，基金管理人在申购赎回清单中公布现金替代溢价比例，并据此收取申购替代金 额。 正常情况下，对于确认成功的 T 日申购申请，在 T 日（指深圳证券交易所与香港交易所 的共同交易日）内，基金管理人以收到的申购替代金额代投资者买入被替代证券。基金管理 人有权在 T 日（指深圳证券交易所与香港交易所的共同交易日）内任意时刻以收到的申购替 代金额代投资者买入小于等于被替代证券数量的任意数量的被替代证券。基金管理人有权根 据基金投资的需要自主决定不买入部分被替代证券，或者不进行任何买入证券的操作。 T 日日终，基金管理人根据所购入的被替代证券的实际单位购入成本（包括买入价格与 相关费用）和未买入的被替代证券的 T 日收盘价（折算为人民币，折算汇率包括但不限于中 国外汇交易中心参考汇率或交易汇率、中国人民银行或其授权机构最新公布的人民币汇率中 间价、与基金托管人商定的其他公允价格等；T 日在证券交易所无交易的，取最近交易日的 收盘价）计算被替代证券的单位结算成本，在此基础上根据替代证券数量和申购现金替代保 证金确定基金应退还投资者或投资者应补交的款项。在此期间若该部分证券发生除息、送股 （转增）、配股等重要权益变动，则进行相应调整。 正常情况下，T+5 日（指开放日）内，基金管理人将应退款和补款的明细及汇总数据发 送给登记机构，登记机构办理现金替代多退少补资金的清算，并将结果发送给相关申购赎回 博时恒生港股通科技主题交易型开放式指数证券投资基金更新招募说明书 第 39页 共 127页 代理机构和基金托管人，相关款项的交收于数据发送后的第 1 个工作日内完成。若发生特殊 情况，基金管理人可以对交收日期进行相应调整。 如遇港股通临时停市、港股通交易每日额度不足等特殊情况，组合证券的代理买入及结 算价格可依次顺延至下一港股通交易日直至交易正常。如遇证券长期停牌、流动性不足等可 能导致收盘价或最后成交价不公允的特殊情况，可参照证券的估值价格，对结算价格进行调 整，如果基金管理人认为该证券复牌后的价格可能存在较大波动，且可能对基金资产净值产 生较大影响，为了更好的维护持有人利益，该证券对应的现金替代退补款的清算交收可在其 复牌后按照实际交易成本办理。在此期间若该证券发生除息、送股（转增）、配股等重要权 益变动，则进行相应调整。 4）赎回替代金额的处理程序 正常情况下，对于确认成功的 T 日赎回申请，在 T 日（指深圳证券交易所与香港交易所 的共同交易日）内，基金管理人根据赎回申请代投资者卖出被替代证券。基金管理人有权在 T 日（指深圳证券交易所与香港交易所的共同交易日）内任意时刻代投资者卖出小于等于被 替代证券数量的任意数量的被替代证券。基金管理人有权根据基金投资的需要自主决定不卖 出部分被替代证券，或者不进行任何卖出证券的操作。 T 日日终，基金管理人根,申购赎回清单：指由基金管理人编制的用以公告申购对价、赎回对价等信息的文件 46.申购对价：指投资人申购基金份额时，按基金合同和招募说明书规定应交付的现金 替代、现金差额和/或其他对价 47.赎回对价：指投资人赎回基金份额时，基金管理人按基金合同和招募说明书规定应 交付给赎回人的现金替代、现金差额和/或其他对价 48.组合证券：指本基金标的指数所包含的全部或部分证券 49.标的指数：指恒生港股通科技主题指数及其未来可能发生的变更 50.完全复制法：指一种跟踪指数的方法。通过购买标的指数中的所有成份证券，并且 按照每种成份证券在标的指数中的权重确定购买的比例以构建指数组合，达到复制指数的目 的 51.现金替代：指申购、赎回过程中，投资人按基金合同和招募说明书的规定，用于替 代组合证券中部分证券的一定数量的现金 52.现金替代退补款：指投资人支付的现金替代与基金购入被替代成份证券的成本及相 关费用的差额。若现金替代大于本基金购入被替代成份证券的成本及相关费用，则本基金需 向投资人退还差额，若现金替代小于本基金购入被替代成份证券的成本及相关费用，则投资 人需向本基金补缴差额 53.现金差额：指最小申购、赎回单位的资产净值与按当日收盘价计算的最小申购、赎 回单位中的组合证券市值和现金替代之差；投资人申购、赎回时应支付或应获得的现金差额 根据最小申购、赎回单位对应的现金差额、申购或赎回的基金份额数计算 54.最小申购、赎回单位：指本基金申购、赎回份额的最低数量，投资人申购、赎回的 基金份额应为最小申购、赎回单位的整数倍 55.基金份额参考净值：指基金管理人或,/Users/ellis/工具程序开发/港股通逐标的分析/临时数据/159010/159010_更新招募说明书_20260530.txt
132,159750,招商中证香港科技ETF(QDII),招商中证香港科技交易型开放式指数证券投资基金(QDII)更新的招募说明书(二零二六年第一号),2026-01-23,招募书未直接出现 RTGS；按适用的交易所/中国结算跨境 ETF 规则，日间 RTGS 交收，按项目口径 PASS,,申购替代金额的处理程序 T 日，基金管理人根据申购赎回清单收取替代金额。T 日基金管理人将买入证券。T 日 日终，基金管理人已买入的证券，依据替代金额与经最新汇率调整的证券的实际买入成本的 差额，确定基金应退还投资者或投资者应补交的款项；未买入的证券，T 日（指香港交易所 交易日）日终，依据替代金额与经最新汇率调整的证券 T 日（指香港交易所交易日）收盘价 的差额，确定基金应退还投资者或投资者应补交的款项；未买入且没有 T 日（指香港交易所 交易日）收盘价的证券，依据替代金额与经最新汇率调整的证券最近收盘价的差额，确定基 金应退还投资者或投资者应补交的款项。在此期间若该部分证券发生除息、送股（转增）、 配股等重要权益变动，则进行相应调整。正常情况下，T+5 日（指开放日）内，基金管理人 将应退款和补款的明细及汇总数据发送给登记机构，登记机构办理现金替代多退少补资金的 清算，并将结果发送给相关申购赎回代理机构和基金托管人，相关款项的交收于数据发送后 的第 1 个工作日内完成。如遇证券长期停牌、流动性不足等特殊情况，可参照证券的估值价 格对结算价格进行调整，如果基金管理人认为该证券复牌后的价格可能存在较大波动，且可 能对基金资产净值产生较大影响，为了更好的维护持有人利益，该证券对应的现金替代退补 款的清算交收可在其复牌后按照实际交易成本办理。在此期间若该证券发生除息、送股（转 增）、配股等重要权益变动，则进行相应调整。 4）赎回对应的替代金额 赎回时，对于可以现金替代的证券，替代金额为扣除相关费用后的该证券的卖出价值（或 证券实际结算价值）。 5）赎回对应的替代金额的处理程序 T 日基金管理人将卖出证券。T 日日终，基金管理人已卖出的证券，依据最新汇率调整 的证券的实际卖出价值确定基金应支付的替代金额；未卖出的证券，T 日（指香港交易所交 易日）日终，依据经最新汇率调整的证券 T 日（指香港交易所交易日）收盘价，确定基金应 支付的替代金额；未卖出且没有 T 日（指香港交易所交易日）收盘价的证券，依据经最新汇 招商中证香港科技交易型开放式指数证券投资基金（QDII）更新的招募说明书（二零二六年第一号） 60 率调整的证券最近收盘价，确定基金应支付的替代金额。在此期间若该部分证券发生除息、 送股（转增）、配股等重要权益变动，则进行相应调整。正常情况下，T+5 日（指开放日） 内，基金管理人将应支付的替代金额的明细及汇总数据发送给登记机构，登记机构办理现金 替代资金的清算，并将结果发送给相关申购赎回代理机构和基金托管人，相关款项的交收于 数据发送后的第 1 个工作日内完成。如遇证券长期停牌、流动性不足等特殊情况，可参照证 券的估值价格，对结算价格进行调整，如果基金管理人认为该证券复牌后的价格可能存在较 大波动，且可能对基金资产净值产生较大影响，为了更好的维护持有人利益,替代金额的处理程序 T 日，基金管理人根据申购赎回清单收取替代金额。T 日基金管理人将买入证券。T 日 日终，基金管理人已买入的证券，依据替代金额与经最新汇率调整的证券的实际买入成本的 差额，确定基金应退还投资者或投资者应补交的款项；未买入的证券，T 日（指香港交易所 交易日）日终，依据替代金额与经最新汇率调整的证券 T 日（指香港交易所交易日）收盘价 的差额，确定基金应退还投资者或投资者应补交的款项；未买入且没有 T 日（指香港交易所 交易日）收盘价的证券，依据替代金额与经最新汇率调整的证券最近收盘价的差额，确定基 金应退还投资者或投资者应补交的款项。在此期间若该部分证券发生除息、送股（转增）、 配股等重要权益变动，则进行相应调整。正常情况下，T+5 日（指开放日）内，基金管理人 将应退款和补款的明细及汇总数据发送给登记机构，登记机构办理现金替代多退少补资金的 清算，并将结果发送给相关申购赎回代理机构和基金托管人，相关款项的交收于数据发送后 的第 1 个工作日内完成。如遇证券长期停牌、流动性不足等特殊情况，可参照证券的估值价 格对结算价格进行调整，如果基金管理人认为该证券复牌后的价格可能存在较大波动，且可 能对基金资产净值产生较大影响，为了更好的维护持有人利益，该证券对应的现金替代退补 款的清算交收可在其复牌后按照实际交易成本办理。在此期间若该证券发生除息、送股（转 增）、配股等重要权益变动，则进行相应调整。 4）赎回对应的替代金额 赎回时，对于可以现金替代的证券，替代金额为扣除相关费用后的该证券的卖出价值（或 证券实际结算价值）。 5）赎回对应的替代金额的处理程序 T 日基金管理人将卖出证券。T 日日终，基金管理人已卖出的证券，依据最新汇率调整 的证券的实际卖出价值确定基金应支付的替代金额；未卖出的证券，T 日（指香港交易所交 易日）日终，依据经最新汇率调整的证券 T 日（指香港交易所交易日）收盘价，确定基金应 支付的替代金额；未卖出且没有 T 日（指香港交易所交易日）收盘价的证券，依据经最新汇 招商中证香港科技交易型开放式指数证券投资基金（QDII）更新的招募说明书（二零二六年第一号） 60 率调整的证券最近收盘价，确定基金应支付的替代金额。在此期间若该部分证券发生除息、 送股（转增）、配股等重要权益变动，则进行相应调整。正常情况下，T+5 日（指开放日） 内，基金管理人将应支付的替代金额的明细及汇总数据发送给登记机构，登记机构办理现金 替代资金的清算，并将结果发送给相关申购赎回代理机构和基金托管人，相关款项的交收于 数据发送后的第 1 个工作日内完成。如遇证券长期停牌、流动性不足等特殊情况，可参照证 券的估值价格，对结算价格进行调整，如果基金管理人认为该证券复牌后的价格可能存在较 大波动，且可能对基金资产净值产生较大影响，为了更好的维护持有人利益，该,投资基金（QDII）更新的招募说明书（二零二六年第一号） 10 51、申购对价：指投资人申购基金份额时，按基金合同和招募说明书规定应交付的组合 证券、现金替代、现金差额及其他对价 52、赎回对价：指基金份额持有人赎回基金份额时，基金管理人按基金合同和招募说明 书规定应交付给赎回人的组合证券、现金替代、现金差额及其他对价 53、标的指数：指中证香港科技指数及其未来可能发生的变更，或基金管理人根据需要 更换的其他指数 54、组合证券：指本基金标的指数所包含的全部或部分证券 55、最小申购、赎回单位：指本基金申购份额、赎回份额的最低数量，投资人申购、赎 回的基金份额应为最小申购、赎回单位的整数倍 56、现金替代：指在申购、赎回过程中，投资人按基金合同和招募说明书的规定，用于 替代组合证券的一定数量的现金 57、现金差额：指在申购、赎回过程中，最小申购、赎回单位的资产净值与按 T 日收盘 价计算的最小申购、赎回单位中的组合证券市值和现金替代之差；投资人申购、赎回时应支 付或应获得的现金差额根据最小申购、赎回单位对应的现金差额、申购或赎回的基金份额数 计算 58、预估现金差额：指在申购、赎回过程中，由基金管理人估计并在 T 日申购赎回清单 中公布的当日现金差额的估计值，预估现金差额由申购赎回代理机构预先冻结 59、基金份额参考净值：指基金管理人或基金管理人委托的机构在开市后根据申购赎回 清单和组合证券内各只证券的实时成交数据、汇率数据计算，并通过深圳证券交易所发布的 基金份额参考净值，简称 IOPV 60、基金份额折算：指基金管理人根据基金运作的需要，在基,/Users/ellis/工具程序开发/港股通逐标的分析/临时数据/159750/159750_更新招募说明书_20260123.txt
133,513330,华夏恒生互联网科技业ETF(QDII),华夏恒生互联网科技业交易型开放式指数证券投资基金(QDII)招募说明书(更新),2026-07-20,用相关业务规则和参与各方相关协议及其不时修订的有关规定。 本基金申购业务采用实时逐笔全额结算（Real Time Gross Settlement，以下简称 RTGS） 模式； 赎回业务涉及的现金替代可采用代收代付处理； 申购、 赎回业务涉及的现金差额和现 金替代退补款可采用代收代付处理。 1）申购的清算交收 投资者 T 日现金申购后，如交易记录已勾单且申购资金足额的，登记结算机构在 T 日 日间实时办理基金份额及现金替代的交收；T 日日间未进行勾单确认或日间资金不足的， 登 记结算机构在 T 日日终根据资金是否足额办理基金份额及现金替代的清算交收，并将结果 发送给基金管理人、申购赎回代理券商和基金托管人。基金管理人在 T+2 日内办理现金差 额的清算，在 T+3 日内办理现金,不买入或不卖出部分被替代证券，或者不进行任何买入或卖出证券的操作，基 金管理人可能不买入或不卖出被替代证券的情形包括但不限于市场流动性不足、技术系统 无法实现、申购赎回轧差以及基金管理人认为不应买入或卖出的其他情形。 14、基金收益分配后基金份额净值低于面值的风险 本基金收益分配原则为使收益分配后基金累计报酬率尽可能贴近标的指数同期累计报 酬率。基于本基金的性质和特点，本基 金收益分配不以弥补亏损为前提，收益分配后可能 存在基金份额净值低于面值的风险。 15、第三方机构服务的风险 基金的多项服务委托第三方机构办理，存在以下风险： （1） 申购赎回代理券商因多种原因， 导致代理申购、 赎回业务受到限制、 暂停或终止， 由此影响对投资者申购赎回服务的风险。 （2）登记机构可能调整结算制度，如实施货银对付制度，对投资者基金份额、组合证 券及资金的结算方式发生变化，制度,申购替代金额的处理程序 T 日，基金管理人根据申购赎回清单收取申购现金替代保证金。 对于确认成功的 T 日申购申请，在 T+1 日（指上海证券交易所和香港交易所的共同交 华夏恒生互联网科技业交易型开放式指数证券投资基金（QDII）招募说明书（更新） 45 易日） 内， 基金管理人以收到的申购现金替代保证金代投资者买入被替代证券。 基金管理人 有权在 T+1 日（指上海证券交易所和香港交易所的共同交易日）内任意时刻以收到的申购 现金替代保证金代投资者买入小于等于被替代证券数量的任意数量的被替代证券。 基金管理 人有权根据基金投资的需要自主决定不买入部分被替代证券， 或者不进行任何买入证券的操 作。在 T+1 日（指上海证券交易所和香港交易所的共同交易日）日终，基金管理人已买入 的证券， 依据申购现金替代保证金与被替代证券的实际买入成本 （包括买入价格与相关交易 费用） 的差额， 确定基金应退还投资者或投资者应补交的款项； 未买入的证券， 依据申购现 金替代保证金与被替代证券 T+1 日（指上海证券交易所和香港交易所的共同交易日）收盘 价 （需用最新汇率折算为人民币， 当日在证券交易所无交易的， 取最近交易日的收盘价， 当 日无收盘价的，取最后成交价）的差额，确定基金应退还投资者或投资者应补交的款项。 在此期间若该部分证券发生除息、送股（转增） 、配股等重要权益变动，则进行相应调 整。正常情况下，T+3 日（指上海证券交易所与香港交易所的共同交易日）内，基金管理人 将应退款和补款的明细及汇总数据发送给登记结算机构， 登记结算机构办理现金替代多退少 补资金的清算， 并将结果发送给相关申购赎回代理机构和基金托管人。当交收期间出现上海 证券交易所和香港交易所的共同交易日为非港股交收日或非港股通交收日时， 款项交收日期 可顺延。若发生特殊情况，基金管理人可以对交收日期进行相应调整。 如遇证券长期停牌、 流动性不足等特殊情况， 可参照证券的估值价格对结算价格进行调 整， 如果基金管理人认为该证券复牌后的价格可能存在较大波动， 且可能对基金资产净值产 生较大影响， 为了更好的维护持有人利益， 该证券对应的现金替代退补款的清算交收可在其 复牌后按照实际交易成本办理。在此期间若该证券发生除息、送股（转增） 、配股等重要权 益变动， 则进行相应调整。 上述汇率目前采用汇率公允价。 汇率公允价包括中国人民银行或 其授权机构最新公布的人民币汇率中间价、 中国外汇交易中心最新收盘价、 与基金托管人商 定的其他公允价格 （如： 中国人民银行或国家外汇管理局或中国外汇交易中心正式对外发文 后公布的人民币兑主要外汇当日收盘价）等。 ①赎回对应的替代金额的处理程序 对于确认成功的 T 日赎回申请，在 T+1 日（指上海证券交易所和香港交易所的共同交 易日）内，基金管理人根据赎回申请代投资者卖出,替代金额的处理程序 T 日，基金管理人根据申购赎回清单收取申购现金替代保证金。 对于确认成功的 T 日申购申请，在 T+1 日（指上海证券交易所和香港交易所的共同交 华夏恒生互联网科技业交易型开放式指数证券投资基金（QDII）招募说明书（更新） 45 易日） 内， 基金管理人以收到的申购现金替代保证金代投资者买入被替代证券。 基金管理人 有权在 T+1 日（指上海证券交易所和香港交易所的共同交易日）内任意时刻以收到的申购 现金替代保证金代投资者买入小于等于被替代证券数量的任意数量的被替代证券。 基金管理 人有权根据基金投资的需要自主决定不买入部分被替代证券， 或者不进行任何买入证券的操 作。在 T+1 日（指上海证券交易所和香港交易所的共同交易日）日终，基金管理人已买入 的证券， 依据申购现金替代保证金与被替代证券的实际买入成本 （包括买入价格与相关交易 费用） 的差额， 确定基金应退还投资者或投资者应补交的款项； 未买入的证券， 依据申购现 金替代保证金与被替代证券 T+1 日（指上海证券交易所和香港交易所的共同交易日）收盘 价 （需用最新汇率折算为人民币， 当日在证券交易所无交易的， 取最近交易日的收盘价， 当 日无收盘价的，取最后成交价）的差额，确定基金应退还投资者或投资者应补交的款项。 在此期间若该部分证券发生除息、送股（转增） 、配股等重要权益变动，则进行相应调 整。正常情况下，T+3 日（指上海证券交易所与香港交易所的共同交易日）内，基金管理人 将应退款和补款的明细及汇总数据发送给登记结算机构， 登记结算机构办理现金替代多退少 补资金的清算， 并将结果发送给相关申购赎回代理机构和基金托管人。当交收期间出现上海 证券交易所和香港交易所的共同交易日为非港股交收日或非港股通交收日时， 款项交收日期 可顺延。若发生特殊情况，基金管理人可以对交收日期进行相应调整。 如遇证券长期停牌、 流动性不足等特殊情况， 可参照证券的估值价格对结算价格进行调 整， 如果基金管理人认为该证券复牌后的价格可能存在较大波动， 且可能对基金资产净值产 生较大影响， 为了更好的维护持有人利益， 该证券对应的现金替代退补款的清算交收可在其 复牌后按照实际交易成本办理。在此期间若该证券发生除息、送股（转增） 、配股等重要权 益变动， 则进行相应调整。 上述汇率目前采用汇率公允价。 汇率公允价包括中国人民银行或 其授权机构最新公布的人民币汇率中间价、 中国外汇交易中心最新收盘价、 与基金托管人商 定的其他公允价格 （如： 中国人民银行或国家外汇管理局或中国外汇交易中心正式对外发文 后公布的人民币兑主要外汇当日收盘价）等。 ①赎回对应的替代金额的处理程序 对于确认成功的 T 日赎回申请，在 T+1 日（指上海证券交易所和香港交易所的共同交 易日）内，基金管理人根据赎回申请代投资者卖出被替,： 指由基金管理人编制的用以公告申购对价、 赎回对价等信息的文件。 49、 申购对价： 指投资者申购基金份额时， 按基金合同和招募说明书规定应交付的现金 替代、现金差额和/或其他对价。 50、 赎回对价： 指投资者赎回基金份额时， 基金管理人按基金合同和招募说明书规定应 交付给赎回人的现金替代、现金差额和/或其他对价。 51、 标的指数：指恒生指数有限公司编制并发布的恒生互联网科技业指数及其未来可能 发生的变更，或基金管理人根据需要更换的其他指数。 52、现金替代： 指申购、 赎回过程中，投资人按基金合同和招募说明书的规定，用于替 代组合证券中部分证券的一定数量的现金。 华夏恒生互联网科技业交易型开放式指数证券投资基金（QDII）招募说明书（更新） 8 53、最小申购赎回单位： 指基金申购份额、赎回份额的最低数量， 投资者申购、赎回的 基金份额应为最小申购、赎回单位的整数倍。 54、元：指人民币元。 55、 基金收益： 指基金投资所得红利、 股息、 债券利息、 买卖证券价差、 银行存款利息、 已实现的其他合法收入及因运用基金财产带来的成本和费用的节约。 56、基金资产总值：指基金拥有的各类有价证券、 银行存款本息、 基金应收申购款、基 金及其他资产的价值总和。 57、基金资产净值：指基金资产总值减去基金负债后的价值。 58、基金份额净值：指计算日基金资产净值除以计算日基金份额总数。 59、 基金资产估值： 指计算评估基金资产和负债的价值， 以确定基金资产净值和基金份 额净值的过程。 60、规定媒介：指符合中国证监会规定条件的用以进行信息披露的全国,/Users/ellis/工具程序开发/港股通逐标的分析/临时数据/513330/513330_更新招募说明书_20260720.txt
134,159202,万家恒生互联网科技业ETF(QDII),万家恒生互联网科技业交易型开放式指数证券投资基金(QDII)更新招募说明书(2025年第2号),2025-10-15,险收益特征相似。 根据本基金现行适用的清算交收和申赎处理规则， 投资者当日申购的基金份 额， 清算交收完成后方可卖出和赎回， 即T 日申购的基金份额且日间完成 RTGS （实时逐笔全额结算） 交收，T 日可卖出和赎回， 而T 日申购的基金份额且日终 完成逐笔全额非担保交收，T+1 日方可卖出和赎回；T 日竞价买入的基金份额， T 日可以赎回和卖出。 在本基金存续期间， 基金管理人不承担基金销售、 基金投资等运作环节中的 任何汇率变动风险。 本基金的具体风险详见本招募说明书的“风险揭示”部分。 投资者投资于本基金前请认真阅读证券交易所及登记机构的相关业务规则 及其不时的更新， 确保具备相关专业知识、 清楚了解相关规则流程后方可参与本 基金的认购、申购、赎回及交易。投资者一旦认购、申,"于标的指数调整， 即将被剔除的 成份证券、 或法律法规限制投资的证券、 或相关交易制度限制交易的证券、 或基 金管理人出于保护基金份额持有人利益等原因认为有必要实行必须现金替代的 成份证券。 ②替代金额： 对于必须现金替代的证券， 基金管理人将在申购赎回清单中公 告一定数量的现金， 即""固定替代金额""。 固定替代金额的计算方法为申购赎回清 单中该证券的数量乘以其 T 日预计开盘价并按照 T-1 日估值汇率换算或基金管理 人认为合理的其他方法。 （4）对于 T 日的申购赎回申请，基金管理人有权进行轧差处理，针对净申 万家恒生互联网科技业交易型开放式指数证券投资基金 （QDII） 更新招募说明书（2025 年第 2 号） 71 购， 购入净申购份额对应的组合证券中被替代证券， 针对净赎回， 卖出净赎回份 额对应的组合证券中被替代证券， 基金管理人有权购入或者卖出不等于轧差处理 后的上述被替代证券的任意数量。 （5）基金管理人可根据运作情况调整代理申赎投资者买券卖券的相关规则 并按规定公告。 （6）未来如香港证券市场、港股通的交易、结算规则发生改变，或深圳证 券交易所、 登记机构有关申购赎回交易结算规则发生改变， 或基金管理人与基金 托管人之间的结算相关安排发生改变等， 基金管理人可对上述相关现金替代处理 规则进行调整，并按规定公告。 5、预估现金差额相关内容 预估现金差额是指为便于计算基金份额参考净值及申购赎回代理机构预先 冻结申请申购、赎回的投资者的相应资金，由基金管理人计算的现金数额。 预估现金差额的计算公式为： T 日预估现金差额＝T-1 日最小申购、赎回单位的基金资产净值－（申购、 赎回清单中可以现金替代成分证券的数量、T 日预计开盘价及 T-1 日估值汇率乘 积之和+申购、","申购替代金额的处理程序 T 日， 基金管理人在申购赎回清单中公布申购现金替代保证金率， 并据此收 取申购替代金额。 正常情况下，对于确认成功的 T 日申购申请，T 日内基金管理人根据申购规 模进行组合证券的代理买入。基金管理人有权在 T 日（指深圳证券交易所和香 港联合交易所同时开放的交易日） 内任意时刻代投资者买入组合证券中被替代证 券的任意数量。T 日日终， 基金管理人根据所购入的被替代组合证券的实际单位 购入成本（包括买入价格与相关费用， 折算为人民币， 若通过港股通机制买入港 股，则折算汇率 采用当天的港股通结算汇兑比率 ；若通过合格境内机构投资者 （QDII）境外投资额度买入港股,则折算汇率采用当天中国外汇交易中心公布的 北京时间 16：00 人民币对港币参考汇率）和未购入的被替代组合证券的 T 日收 盘价（折算为人民币，折算汇率采用当天的估值汇率；被替代组合证券 T 日无 交易的， 取最近交易日的收盘价； 交易日无收盘价的， 取最后成交价） 计算并确 万家恒生互联网科技业交易型开放式指数证券投资基金 （QDII） 更新招募说明书（2025 年第 2 号） 69 定被替代组合证券的单位结算成本， 在此基础上根据替代组合证券数量和申购现 金替代保证金确定基金应退还投资人的款项或投资人应补交的款项。未购入部分 包含因申购赎回轧差处理而未实际购入的申购申请对应的被替代组合证券。T+4 日 （指深圳证券交易所和香港联合交易所同时开放的交易日） 内， 基金管理人将 应退款或补款与相关申购赎回代理机构办理交收。 若发生特殊情况， 基金管理人 可以对交收日期进行相应调整。未来基金管理人有权视产品运行情况， 经与基金 托管人协商一致， 对折算汇率和未购入被替代证券的计算价格进行调整， 并提前 公告。 如遇港股临时停市或港股通暂停交易、 港股通交易每日额度或总额度不足等 特殊情况， 组合证券的代理买入及结算价格可依次顺延至下一深圳证券交易所和 香港联合交易所同时开放的交易日或港股通交易日直至交易正常。 如遇证券长期 停牌、 流动性不足等可能导致收盘价或最后成交价不公允的特殊情况， 可参照证 券的估值价格， 对结算成本进行调整。 如果基金管理人认为该证券复牌后的价格 可能存在较大波动， 且可能对基金资产净值产生较大影响， 为了更好的维护持有 人利益， 该证券对应的现金替代款的清算交收可在其复牌后按照实际交易成本办 理。在此期间若该证券发生除息、送股（转增）、配股等重要权益变动，则进行 相应调整。 ④赎回替代金额的处理程序 正常情况下，对于确认成功的 T 日赎回申请，T 日日终基金管理人根据所卖 出的被替代组合证券的实际卖出金额（扣除相关费用， 折算为人民币， 若通过港 股通机制卖出港股， 则折算汇率采用当天的港股通结算汇兑比率； 若通过合格境 内机构投资者（QDII）","替代金额的处理程序 T 日， 基金管理人在申购赎回清单中公布申购现金替代保证金率， 并据此收 取申购替代金额。 正常情况下，对于确认成功的 T 日申购申请，T 日内基金管理人根据申购规 模进行组合证券的代理买入。基金管理人有权在 T 日（指深圳证券交易所和香 港联合交易所同时开放的交易日） 内任意时刻代投资者买入组合证券中被替代证 券的任意数量。T 日日终， 基金管理人根据所购入的被替代组合证券的实际单位 购入成本（包括买入价格与相关费用， 折算为人民币， 若通过港股通机制买入港 股，则折算汇率 采用当天的港股通结算汇兑比率 ；若通过合格境内机构投资者 （QDII）境外投资额度买入港股,则折算汇率采用当天中国外汇交易中心公布的 北京时间 16：00 人民币对港币参考汇率）和未购入的被替代组合证券的 T 日收 盘价（折算为人民币，折算汇率采用当天的估值汇率；被替代组合证券 T 日无 交易的， 取最近交易日的收盘价； 交易日无收盘价的， 取最后成交价） 计算并确 万家恒生互联网科技业交易型开放式指数证券投资基金 （QDII） 更新招募说明书（2025 年第 2 号） 69 定被替代组合证券的单位结算成本， 在此基础上根据替代组合证券数量和申购现 金替代保证金确定基金应退还投资人的款项或投资人应补交的款项。未购入部分 包含因申购赎回轧差处理而未实际购入的申购申请对应的被替代组合证券。T+4 日 （指深圳证券交易所和香港联合交易所同时开放的交易日） 内， 基金管理人将 应退款或补款与相关申购赎回代理机构办理交收。 若发生特殊情况， 基金管理人 可以对交收日期进行相应调整。未来基金管理人有权视产品运行情况， 经与基金 托管人协商一致， 对折算汇率和未购入被替代证券的计算价格进行调整， 并提前 公告。 如遇港股临时停市或港股通暂停交易、 港股通交易每日额度或总额度不足等 特殊情况， 组合证券的代理买入及结算价格可依次顺延至下一深圳证券交易所和 香港联合交易所同时开放的交易日或港股通交易日直至交易正常。 如遇证券长期 停牌、 流动性不足等可能导致收盘价或最后成交价不公允的特殊情况， 可参照证 券的估值价格， 对结算成本进行调整。 如果基金管理人认为该证券复牌后的价格 可能存在较大波动， 且可能对基金资产净值产生较大影响， 为了更好的维护持有 人利益， 该证券对应的现金替代款的清算交收可在其复牌后按照实际交易成本办 理。在此期间若该证券发生除息、送股（转增）、配股等重要权益变动，则进行 相应调整。 ④赎回替代金额的处理程序 正常情况下，对于确认成功的 T 日赎回申请，T 日日终基金管理人根据所卖 出的被替代组合证券的实际卖出金额（扣除相关费用， 折算为人民币， 若通过港 股通机制卖出港股， 则折算汇率采用当天的港股通结算汇兑比率； 若通过合格境 内机构投资者（QDII）境外",基金的认购、申购、赎回及交易。投资者一旦认购、申购或赎回本基金，即表示 对基金认购、 申购和赎回所涉及的基金份额的证券变更登记方式以及申购赎回所 涉及现金替代、现金差额等相关的交收方式已经认可。 基金管理人提醒投资者基金投资的 “买者自负” 原则， 在投资者作出投资决 策后， 基金运营状况与基金净值变化引致的投资风险， 由投资者自行负责。 此外， 本基金以 1.00 元初始面值进行募集，在市场波动等因素的影响下，存在单位份 额净值跌破 1.00 元初始面值的风险。 基金不同于银行储蓄与债券， 基金投资者有可能获得较高的收益， 也有可能 损失本金。 投资有风险， 投资者在进行投资决策前， 请仔细阅读本基金的招募说 明书、《基金合同》及基金产品资料概要。 基金管理人依照恪尽职守、 诚实信用、 谨慎勤勉的原则管理和运用基金财产， 但不保证基金一定盈利， 也不保证最低收益。 基金的过往业绩并不预示其未来表 现。基金管理人管理的其他基金的业绩不构成对本基金业绩表现的保证。 本招募说明书(更新)所载内容截止日为 2025 年 10 月 13 日，有关财务数据 和净值表现数据截止日为 2025 年 06 月 30 日（财务数据未经审计）。 万家恒生互联网科技业交易型开放式指数证券投资基金 （QDII） 更新招募说明书（2025 年第 2 号） 5 目 录 重要提示....................................................................................................,/Users/ellis/工具程序开发/港股通逐标的分析/临时数据/159202/159202_更新招募说明书_20251015.txt
135,159186,鹏华恒生港股通汽车主题ETF,鹏华恒生港股通汽车主题交易型开放式指数证券投资基金更新的招募说明书(2026年第1号),2026-04-23,与基金的申购、赎回，则应开立深圳A 股账户。 在目前结算规则下， 投资者当日申购的基金份额， 清算交收完成后方可卖出和赎回， 即 T 日申购的基金份额且日间完成RTGS（实时逐笔全额结算）交收的，T 日可卖出和赎回，而 T 日申购的基金份额且日终完成逐笔全额非担保交收的，T+1 日方可卖出和赎回。T 日竞价 买入的基金份额，T 日可以卖出或赎回；T 日大宗买入的基金份额，T 日可以大宗卖出，T+1 日可以竞价卖出或赎回。 由于登记机构对赎回的现金替代采取非净额结算交收模式， 当投资 者赎回申请被登记机构确认后， 被赎回的基金份额即被记减， 但此时投资者尚未收到赎回现 金替代款。 基金的过往业绩并不预示其未来表现， 基金管理人管理的其他基金的业绩并不构成对本 基金表现的保证。 基金,入或不卖出部分被替代证券， 或者不进行任何买入或卖出证券的操作， 基金管理人 可能不买入或不卖出被替代证券的情形包括但不限于市场流动性不足、技术系统无法实现、 申购赎回轧差以及基金管理人认为不应买入或卖出的其他情形。 （9）第三方机构服务的风险 本基金的多项服务委托第三方机构办理，存在以下风险： 1）申购赎回代理券商因多种原因，导致代理申购、赎回业务受到限制、暂停或终止， 由此影响对投资者申购赎回服务的风险。 2）登记机构可能调整结算制度，如对投资者基金份额、组合证券及资金的结算方式发 生变化， 制度调整可能给投资者带来理解偏差的风险。 同样的风险还可能来自于证券交易所 及其他代理机构。 3）第三方机构可能违约，导致基金或投资者利益受损的风险。 3、港股通机制下港股通标的股票的投资风险 本基金投资港股通标的股票， 除了需要承担与境内证券投资基金类似的市场波动风险,申购替代金额的处理程序 T日，基金管理人在申购赎回清单中公布申购现金替代保证金率，并据此收取申购替代 金额。 对于确认成功的T日申购申请，通常情况下T日内基金管理人根据申购规模进行组合证券 的代理买入。基金管理人有权在T日内任意时刻以收到的替代金额代投资者买入小于等于被 替代证券数量的任意数量的被替代证券，实际买入被替代证券的价格可能为T日内的任意成 39 交价。 基金管理人有权根据基金投资的需要自主决定不买入部分被替代证券， 或者不进行任 何买入证券的操作，基金管理人可能不买入被替代证券的情形包括但不限于市场流动性不 足、技术系统无法实现以及基金管理人认为不应买入的其他情形。T日日终，基金管理人根 据所购入的被替代证券的实际单位购入成本 （包括买入价格与相关费用， 折算为人民币）和 未买入的被替代证券的T日收盘价（折算为人民币，折算汇率采用基金管理人和基金托管人 商定的汇率公允价，汇率公允价包括中国人民银行或其授权机构公布的人民币汇率中间价、 中国外汇交易中心参考汇率、 中国外汇交易中心收盘价、基金管理人与基金托管人商定的其 他公允价格等； 当日在证券交易所无交易的， 取最近交易日的收盘价；当日无收盘价的， 取 最后成交价） 计算被替代证券的单位结算成本， 在此基础上根据替代证券数量和申购替代金 额确定基金应退还投资者或投资者应补交的款项。 正常情况下，T+3日（指港股通交易日）内，基金管理人将应退款和补款的明细及汇总 数据发送给登记机构， 登记机构办理现金替代多退少补资金的清算， 并将结果发送给相关申 购赎回代理券商和基金托管人。 如遇港股通临时停市、 港股通交易每日额度或总额度不足等特殊情况， 组合证券的代理 买入及结算价格可依次顺延至下一港股通交易日直至交易正常。 如遇证券长期停牌、 流动性 不足等可能导致收盘价或最后成交价不公允的特殊情况， 可参照证券的估值价格， 对结算价 格进行调整， 如果基金管理人认为该证券复牌后的价格可能存在较大波动， 且可能对基金资 产净值产生较大影响， 为了更好的维护基金份额持有人利益， 该证券对应的现金替代款的清 算交收可在其复牌后按照实际交易成本办理。在此期间若该证券发生除息、送股（转增）、 配股等重要权益变动，则进行相应调整。 ④赎回对应的替代金额 赎回时， 对于可以现金替代的证券， 替代金额为扣除相关费用后的该证券的卖出价值 （或 证券实际结算价值） ⑤赎回替代金额的处理程序 对于确认成功的T日赎回申请，通常情况下T日内基金管理人根据赎回规模进行组合证券 的代理卖出。基金管理人有权在T日内任意时刻卖出小于等于被替代证券数量的任意数量的 被替代证券，实际卖出被替代证券的价格可能为T日内的任意成交价。基金管理人有权根据 基金投资的需要自主决定不卖出部分被替代证券， 或者不进行任何卖出证券的操作， 基金管 理人可能不卖,替代金额的处理程序 T日，基金管理人在申购赎回清单中公布申购现金替代保证金率，并据此收取申购替代 金额。 对于确认成功的T日申购申请，通常情况下T日内基金管理人根据申购规模进行组合证券 的代理买入。基金管理人有权在T日内任意时刻以收到的替代金额代投资者买入小于等于被 替代证券数量的任意数量的被替代证券，实际买入被替代证券的价格可能为T日内的任意成 39 交价。 基金管理人有权根据基金投资的需要自主决定不买入部分被替代证券， 或者不进行任 何买入证券的操作，基金管理人可能不买入被替代证券的情形包括但不限于市场流动性不 足、技术系统无法实现以及基金管理人认为不应买入的其他情形。T日日终，基金管理人根 据所购入的被替代证券的实际单位购入成本 （包括买入价格与相关费用， 折算为人民币）和 未买入的被替代证券的T日收盘价（折算为人民币，折算汇率采用基金管理人和基金托管人 商定的汇率公允价，汇率公允价包括中国人民银行或其授权机构公布的人民币汇率中间价、 中国外汇交易中心参考汇率、 中国外汇交易中心收盘价、基金管理人与基金托管人商定的其 他公允价格等； 当日在证券交易所无交易的， 取最近交易日的收盘价；当日无收盘价的， 取 最后成交价） 计算被替代证券的单位结算成本， 在此基础上根据替代证券数量和申购替代金 额确定基金应退还投资者或投资者应补交的款项。 正常情况下，T+3日（指港股通交易日）内，基金管理人将应退款和补款的明细及汇总 数据发送给登记机构， 登记机构办理现金替代多退少补资金的清算， 并将结果发送给相关申 购赎回代理券商和基金托管人。 如遇港股通临时停市、 港股通交易每日额度或总额度不足等特殊情况， 组合证券的代理 买入及结算价格可依次顺延至下一港股通交易日直至交易正常。 如遇证券长期停牌、 流动性 不足等可能导致收盘价或最后成交价不公允的特殊情况， 可参照证券的估值价格， 对结算价 格进行调整， 如果基金管理人认为该证券复牌后的价格可能存在较大波动， 且可能对基金资 产净值产生较大影响， 为了更好的维护基金份额持有人利益， 该证券对应的现金替代款的清 算交收可在其复牌后按照实际交易成本办理。在此期间若该证券发生除息、送股（转增）、 配股等重要权益变动，则进行相应调整。 ④赎回对应的替代金额 赎回时， 对于可以现金替代的证券， 替代金额为扣除相关费用后的该证券的卖出价值 （或 证券实际结算价值） ⑤赎回替代金额的处理程序 对于确认成功的T日赎回申请，通常情况下T日内基金管理人根据赎回规模进行组合证券 的代理卖出。基金管理人有权在T日内任意时刻卖出小于等于被替代证券数量的任意数量的 被替代证券，实际卖出被替代证券的价格可能为T日内的任意成交价。基金管理人有权根据 基金投资的需要自主决定不卖出部分被替代证券， 或者不进行任何卖出证券的操作， 基金管 理人可能不卖出被,指由基金管理人编制的用以公告申购对价、 赎回对价等信息的文件 10 52、 申购对价： 指投资人申购基金份额时， 按基金合同和招募说明书规定应交付的现金 替代、现金差额和/或其他对价 53、 赎回对价： 指投资人赎回基金份额时， 基金管理人按基金合同和招募说明书规定应 交付给赎回人的现金替代、现金差额和/或其他对价 54、组合证券：指本基金标的指数所包含的全部或部分证券 55、 现金替代： 指申购或赎回过程中， 投资人按基金合同和招募说明书的规定， 用于替 代组合证券中全部或部分证券的一定数量的现金 56、现金差额：指 T 日最小申购、赎回单位的资产净值与按当日收盘价计算的最小申 购、 赎回单位中的组合证券市值和现金替代之差； 投资人申购或赎回时应支付或应获得的现 金差额根据最小申购、赎回单位对应的现金差额、申购或赎回的基金份额数计算 57、预估现金差额：指由基金管理人计算并在 T 日申购赎回清单中公布的当日现金差 额预估值，预估现金差额由申购赎回代理券商预先冻结 58、最小申购、赎回单位：指本基金申购份额、赎回份额的最低数量，投资人申购、赎 回的基金份额应为最小申购、赎回单位的整数倍 59、 基金份额参考净值： 指基金管理人或者基金管理人委托的机构在开市后根据申购赎 回清单和组合证券内各只证券的实时成交数据及汇率数据计算， 并通过深圳证券交易所发布 的基金份额参考净值，简称“IOPV” 60、 基金份额折算： 指基金管理人根据基金运作的需要， 在基金资产净值不变的前提下， 按照一定比例调整基金份额总额及基金份额净值的行为 61、 转托管： 指基,/Users/ellis/工具程序开发/港股通逐标的分析/临时数据/159186/159186_更新招募说明书_20260423.txt
136,159960,平安港股通恒生中国企业ETF,平安港股通恒生中国企业交易型开放式指数证券投资基金招募说明书(更新),2026-07-28,现金替代、现金差额及其他对价的清算交收 适用相关业务规则和参与各方相关协议及其不时修订的有关规定。本基金现金申购业务中 的现金替代采用逐笔全额结算（T 日日间 RTGS 交收+T 日日终逐笔全额非担保交收）处理； 现金赎回业务中的现金替代采用代收代付处理；现金申购、赎回业务涉及的现金差额和现 金替代退补款采用代收代付处理。 投资者 T 日提交的现金申购申请受理后，日间完成 RTGS 交收部分，登记机构在 T 日为 该投资者办理基金份额登记以及现金替代的交收；日间未完成 RTGS 交收部分，登记机构在 T 日日终为该投资者办理基金份额登记以及现金替代的交收，并将结果发送给基金管理人、 申购赎回代理券商和基金托管人。基金管理人在 T+2 日内办理现金差额的清算，在 T+3 日 内办理,,申购现金替代保证金的处理程序 对于确认成功的 T 日申购申请，T 日（指开放日）内基金管理人根据申购规模进行组 合证券的代理买入。基金管理人有权在 T 日（指开放日）内任意时刻以收到的申购替代金 额代投资者买入小于等于被替代证券数量的任意数量的被替代证券。基金管理人有权根据 平安港股通恒生中国企业交易型开放式指数证券投资基金招募说明书（更新） 49 基金投资的需要自主决定不买入部分被替代证券，或者不进行任何买入证券的操作。T 日 （指开放日）日终，基金管理人根据所购入的被替代证券的实际单位购入成本（包括买入 价格与相关费用，折算为人民币）和未买入的被替代证券的 T 日（指开放日）收盘价（折 算为人民币，T 日（指开放日）在证券交易所无交易的，取最近交易日的收盘价）计算被 替代证券的单位结算成本，在此基础上根据替代证券数量和申购现金替代保证金确定基金 应退还投资者或投资者应补交的款项。在此期间若该部分证券发生除息、送股（转增）、 配股等重要权益变动，则进行相应调整。正常情况下，T+5 日（指开放日）内，基金管理 人将应退款和补款的明细及汇总数据发送给登记结算机构，登记结算机构办理现金替代多 退少补资金的清算，并将结果发送给相关申购赎回代理机构和基金托管人，相关款项的交 收于数据发送后的第 1 个工作日内完成。若发生特殊情况，基金管理人可以对交收日期进 行相应调整。上述汇率目前采用汇率公允价。汇率公允价包括但不限于港股通结算汇兑比 率、中国外汇交易中心最新收盘价、中国外汇交易中心参考汇率或交易汇率、中国人民银 行或其授权机构最新公布的人民币汇率中间价、基金管理人与基金托管人商定的其他公允 价格等。 ④赎回对应的替代金额 赎回时，对于可以现金替代的证券，替代金额为扣除相关费用后的该证券的卖出价值 （或证券实际结算价值） ⑤赎回替代金额的处理程序 对于确认成功的 T 日赎回申请，T 日（指开放日）基金管理人根据赎回规模进行组合 证券的代理卖出。基金管理人有权在 T 日（指开放日）内任意时刻代投资者卖出小于等于 被替代证券数量的任意数量的被替代证券。基金管理人有权根据基金投资的需要自主决定 不卖出部分被替代证券，或者不进行任何卖出证券的操作。T 日（指开放日）日终，基金 管理人根据所卖出的被替代证券的实际单位卖出金额（扣除相关费用，折算为人民币）和 未卖出的被替代证券的 T 日（指开放日）收盘价（折算为人民币，被替代证券 T 日（指开 放日）在证券交易所无交易的，取最近交易日的收盘价）计算被替代证券的单位结算金 额，在此基础上根据替代证券数量确定赎回替代金额。在此期间若该部分证券发生除息、 送股（转增）、配股等重要权益变动，则进行相应调整。T+5 日（指开放日）内，基金管 理人将应支付的替代金额的明细及汇总数据发送给登记结算机构，登记结算机构办理赎回 替代金额的清算，,赎回替代金额的处理程序 对于确认成功的 T 日赎回申请，T 日（指开放日）基金管理人根据赎回规模进行组合 证券的代理卖出。基金管理人有权在 T 日（指开放日）内任意时刻代投资者卖出小于等于 被替代证券数量的任意数量的被替代证券。基金管理人有权根据基金投资的需要自主决定 不卖出部分被替代证券，或者不进行任何卖出证券的操作。T 日（指开放日）日终，基金 管理人根据所卖出的被替代证券的实际单位卖出金额（扣除相关费用，折算为人民币）和 未卖出的被替代证券的 T 日（指开放日）收盘价（折算为人民币，被替代证券 T 日（指开 放日）在证券交易所无交易的，取最近交易日的收盘价）计算被替代证券的单位结算金 额，在此基础上根据替代证券数量确定赎回替代金额。在此期间若该部分证券发生除息、 送股（转增）、配股等重要权益变动，则进行相应调整。T+5 日（指开放日）内，基金管 理人将应支付的替代金额的明细及汇总数据发送给登记结算机构，登记结算机构办理赎回 替代金额的清算，并将结果发送给相关申购赎回代理机构和基金托管人，相关款项的交收 于数据发送后的第 1 个工作日内完成。上述汇率目前采用汇率公允价。汇率公允价包括但 不限于港股通结算汇兑比率、中国外汇交易中心最新收盘价、中国外汇交易中心参考汇率 或交易汇率、中国人民银行或其授权机构最新公布的人民币汇率中间价、基金管理人与基 金托管人商定的其他公允价格等。 如遇港股通临时停市等特殊情况，组合证券的代理卖出及结算价格可依次顺延至下一 平安港股通恒生中国企业交易型开放式指数证券投资基金招募说明书（更新） 50 港股通交易日直至交易正常。如遇证券长期停牌、流动性不足等可能导致收盘价或最后成 交价不公允的特殊情况，可参照证券的估值价格，对结算价格进行调整，如果基金管理人 认为该证券复牌后的价格可能存在较大波动，且可能对基金资产净值产生较大影响，为了 更好的维护持有人利益，该证券对应的现金替代款的清算交收可在其复牌后按照实际交易 成本办理，在此期间若该证券发生除息、送股（转增）、配股等重要权益变动，则进行相 应调整。 ⑥未来如港股通的交易、结算规则发生改变，或深圳证券交易所、登记机构 ETF 申购 赎回交易结算规则发生改变，或基金管理人与基金托管人之间的结算相关安排发生改变， 基金管理人可对可以现金替代处理规则进行调整，并按规定公告。 （3）必须现金替代 ①适用情形：必须现金替代的证券一般是由于标的指数调整，即将被剔除的成份证 券；或因法律法规限制投资的成份证券；或基金管理人出于保护持有人利益等原因认为有 必要实行必须现金替代的成份证券。 ②替代金额：对于必须现金替代的证券，基金管理人将在申购、赎回清单中公告替代 的一定数量的现金，即“固定替代金额”。固定替代金额的计算方法为申购、赎回清单中 该证券的数量乘以其 T 日预计开盘价并按照 T-1 日,行为作出独立决策，承担基金投资中可 能出现的各类风险。基金合同生效后，本基金的申购赎回采用全现金替代，基金管理人代 买代卖的模式，申购对价、赎回对价包现金替代、现金差额及其他对价。未来在深圳证券 交易所和登记机构系统允许的情况下，在履行适当程序后，本基金将采用港股通股票申购 赎回模式，申购对价、赎回对价包括组合证券、现金替代、现金差额及其他对价。投资本 基金可能遇到的主要风险包括：（1）本基金特有的风险，主要包括投资港股通股票的风险、 指数下跌风险、跟踪偏离风险、跟踪误差控制未达约定目标的风险、流动性风险、参考 IOPV 决策和 IOPV 计算错误的风险、投资人赎回失败的风险、基金份额赎回对价的变现风 险、基金收益分配后基金份额净值低于面值的风险、成份股停牌的风险、标的指数变更的 风险、指数编制机构停止服务的风险、第三方机构服务的风险、操作或技术风险；（2）港 股投资风险，主要包括港股通机制下因投资环境、投资标的、市场制度以及交易规则等差 异带来的特有风险，如港股市场股价波动较大的风险（港股市场实行 T+0 回转交易，且对 个股不设涨跌幅限制，港股股价可能表现出比 A 股更为剧烈的股价波动）、汇率风险（汇 率波动可能对基金的投资收益造成损失）、港股通机制下交易日不连贯可能带来的风险 （在内地开市香港休市的情形下，港股通不能正常交易，港股不能及时卖出，可能带来一 定的流动性风险）等；（3）投资工具的相关风险；（4）政策变更风险；（5）不可抗力风 险等等。 本基金为股票型基金，其风险和预期收益高于货币市场基金、债券型基金和混合型基 金。本基金主要采用,/Users/ellis/工具程序开发/港股通逐标的分析/临时数据/159960/159960_更新招募说明书_20260728.txt
137,520790,兴业中证港股通互联网ETF,兴业中证港股通互联网交易型开放式指数证券投资基金招募说明书,2026-02-02,易型开放式指数证券投资基金 招募说明书 5 目前结算规则下，投资者当日申购的基金份额，清算交收完成后方可卖出和赎回， 即 T 日申购的 ETF 份额且日间完成 RTGS（实时逐笔全额结算）交收，T 日可卖 出与赎回；T 日申购的 ETF 份额日间未完成交收的，日终完成逐笔全额非担保 交收，T+1 日方可卖出和赎回；T 日买入的基金份额，T 日可以赎回。 投资人投资本基金时需具有上海证券交易所 A 股账户或基金账户。其中，上 海证券交易所基金账户只能进行基金的现金认购和二级市场交易，如投资人需要 参与基金的申购、赎回，则应开立并使用上海证券交易所 A 股账户。 投资者投资于本基金前请认真阅读证券交易所和登记结算机构关于 ETF 的 相关业务规则及其不时的更新，确保具备相关专业知识、,券的估值价格，对结算价格进行调整，如果基金管理人认为该证券复牌后的 价格可能存在较大波动，且可能对基金资产净值产生较大影响，为了更好的维护 持有人利益，该证券对应的现金替代款的清算交收可在其复牌后按照实际交易成 本或者基金管理人认为合理的价格办理。在此期间若该证券发生除息、送股（转 增）、配股等重要权益变动，则进行相应调整。基金管理人有权根据基金投资的 需要自主决定不卖出部分被替代证券，或者不进行任何卖出被替代证券的操作。 E.在系统支持的情况下，对于 T 日的申购赎回申请，基金管理人有权进行 轧差处理，针对净申购，购入净申购份额对应的组合证券中被替代的成份证券， 针对净赎回，卖出净赎回份额对应的组合证券中被替代的成份证券，基金管理人 有权购入或者卖出不等于轧差处理后的上述被替代的成份证券的任意数量。 兴业中证港股通互联网交易型开放式指数证券投资基金 招募说明书 41 F.基金管理人可根据运作情况调整代理申赎投资者买券卖券的相关规则并 按规定公告。 G.未来如港股通交易、结算规则发生改变，或上海证券交易所、登记机构有 关申购赎回交易结算规则发生改变，或基金管理人与基金托管人之间的结算相关 安排发生改变等，基金管理人可对上述相关现金替代处理规则进行调整，并按规 定公告。 （2）必须现金替代 A.适用情形：必须现金替代的证券一般是由于标的指数调整，即将被剔除的 成份证券；或处于停牌的成份证券；或因法律法规限制投资的成份证券；或基金 管理人出于保护持有人利益等原因认为有必要实行必须现金替代的成份证券。 B.替代金额：对于必须现金替代的证券，基金管理人将在申购赎回清单中公 告替代的一定数量的现金，即“固定替代金额”。固定替代金额的计算方法为申 购赎回清单中该证券的数量乘以其 T 日预计开,申购现金替代保证金的处理程序 T 日，基金管理人在申购赎回清单中公布申购现金替代溢价比例，并据此收 取申购现金替代保证金。 正常情况下，对于确认成功的 T 日（T 日为开放日）申购申请，基金管理人 根据实际单位购入成本（包括买入价格与相关费用，按照汇率折算为人民币）或 被替代证券的 T 日收盘价（按照汇率折算为人民币，被替代证券当日在证券交 易所无交易的，取最近交易日的收盘价；交易日无收盘价的，取最后成交价）计 算被替代证券的单位结算成本，在此基础上根据替代证券数量和申购替代金额确 定基金应退还投资者或投资者应补交的款项。上述汇率目前采用汇率公允价。汇 率公允价包括但不限于港股通结算汇兑比率、中国外汇交易中心最新收盘价、中 国外汇交易中心参考汇率或交易汇率、中国人民银行或其授权机构最新公布的人 民币汇率中间价、与基金托管人商定的其他公允价格等。 正常情况下，T 日后的第 5 个港股通交易日内，基金管理人将应退款或补款 与相关申购赎回代理券商办理交收。若发生特殊情况，基金管理人可以对交收日 期进行相应调整。 如遇港股通临时停市、港股通交易每日额度或总额度不足等特殊情况，组合 证券的代理买入及结算价格可依次顺延至下一港股通交易日直至交易正常，款项 交收的日期也可相应顺延。如遇证券长期停牌、流动性不足等可能导致收盘价或 最后成交价不公允的特殊情况，可参照证券的估值价格，对结算价格进行调整， 如果基金管理人认为该证券复牌后的价格可能存在较大波动，且可能对基金资产 兴业中证港股通互联网交易型开放式指数证券投资基金 招募说明书 40 净值产生较大影响，为了更好的维护持有人利益，该证券对应的现金替代退补款 的清算交收可在其复牌后按照实际交易成本或者基金管理人认为合理的价格办 理。在此期间若该证券发生除息、送股（转增）、配股等重要权益变动，则进行 相应调整。基金管理人有权根据基金投资的需要自主决定不买入部分被替代证券， 或者不进行任何买入被替代证券的操作。 D.赎回替代金额的处理程序 正常情况下，对于确认成功的 T 日赎回申请，基金管理人根据实际单位卖 出金额（扣除相关费用，按照汇率折算为人民币）或被替代证券的 T 日收盘价 （按照汇率折算为人民币，被替代证券当日在证券交易所无交易的，取最近交易 日的收盘价；交易日无收盘价的，取最后成交价）计算被替代证券的单位结算金 额，在此基础上根据替代证券数量确定赎回替代金额。上述汇率目前采用汇率公 允价。汇率公允价包括但不限于港股通结算汇兑比率、中国外汇交易中心最新收 盘价、中国外汇交易中心参考汇率或交易汇率、中国人民银行或其授权机构最新 公布的人民币汇率中间价、与基金托管人商定的其他公允价格等。 正常情况下，T 日后的第 7 个港股通交易日内，基金管理人将应支付的赎回 替代金额与相关申购赎回代理券商办理交收。若发生特殊情况，基金管理,赎回替代金额的处理程序 正常情况下，对于确认成功的 T 日赎回申请，基金管理人根据实际单位卖 出金额（扣除相关费用，按照汇率折算为人民币）或被替代证券的 T 日收盘价 （按照汇率折算为人民币，被替代证券当日在证券交易所无交易的，取最近交易 日的收盘价；交易日无收盘价的，取最后成交价）计算被替代证券的单位结算金 额，在此基础上根据替代证券数量确定赎回替代金额。上述汇率目前采用汇率公 允价。汇率公允价包括但不限于港股通结算汇兑比率、中国外汇交易中心最新收 盘价、中国外汇交易中心参考汇率或交易汇率、中国人民银行或其授权机构最新 公布的人民币汇率中间价、与基金托管人商定的其他公允价格等。 正常情况下，T 日后的第 7 个港股通交易日内，基金管理人将应支付的赎回 替代金额与相关申购赎回代理券商办理交收。若发生特殊情况，基金管理人可以 对交收日期进行相应调整。 如遇港股通临时停市等特殊情况，组合证券的代理卖出及结算价格可依次顺 延至下一港股通交易日直至交易正常，款项交收的日期也可相应顺延。如遇证券 长期停牌、流动性不足等可能导致收盘价或最后成交价不公允的特殊情况，可参 照证券的估值价格，对结算价格进行调整，如果基金管理人认为该证券复牌后的 价格可能存在较大波动，且可能对基金资产净值产生较大影响，为了更好的维护 持有人利益，该证券对应的现金替代款的清算交收可在其复牌后按照实际交易成 本或者基金管理人认为合理的价格办理。在此期间若该证券发生除息、送股（转 增）、配股等重要权益变动，则进行相应调整。基金管理人有权根据基金投资的 需要自主决定不卖出部分被替代证券，或者不进行任何卖出被替代证券的操作。 E.在系统支持的情况下，对于 T 日的申购赎回申请，基金管理人有权进行 轧差处理，针对净申购，购入净申购份额对应的组合证券中被替代的成份证券， 针对净赎回，卖出净赎回份额对应的组合证券中被替代的成份证券，基金管理人 有权购入或者卖出不等于轧差处理后的上述被替代的成份证券的任意数量。 兴业中证港股通互联网交易型开放式指数证券投资基金 招募说明书 41 F.基金管理人可根据运作情况调整代理申赎投资者买券卖券的相关规则并 按规定公告。 G.未来如港股通交易、结算规则发生改变，或上海证券交易所、登记机构有 关申购赎回交易结算规则发生改变，或基金管理人与基金托管人之间的结算相关 安排发生改变等，基金管理人可对上述相关现金替代处理规则进行调整，并按规 定公告。 （2）必须现金替代 A.适用情形：必须现金替代的证券一般是由于标的指数调整，即将被剔除的 成份证券；或处于停牌的成份证券；或因法律法规限制投资的成份证券；或基金 管理人出于保护持有人利益等原因认为有必要实行必须现金替代的成份证券。 B.替代金额：对于必须现金替代的证券，基金管理人将在申购赎回清单中公 告替代的一定数量的现金，即“固定替代,基金的认购、申购、赎回及交易。投资者一旦认购、申购或赎回本 基金，即表示对基金认购、申购和赎回所涉及的登记方式以及申购赎回所涉及组 合证券（如适用）、现金替代、现金差额等相关的交收方式及业务规则已经认可。 本基金以 1 元初始面值进行募集，在市场波动等因素的影响下，存在单位份 额净值跌破 1 元初始面值的风险。 基金的过往业绩并不代表其未来表现。基金管理人管理的其他基金的业绩不 构成新基金业绩表现的保证。基金管理人依照恪尽职守、诚实信用、谨慎勤勉的 原则管理和运用基金财产，但不保证本基金一定盈利，也不保证最低收益。 兴业中证港股通互联网交易型开放式指数证券投资基金 招募说明书 1 目 录 第一部分 前言 ................................................................................................................................ 1 第二部分 释义 ................................................................................................................................ 2 第三部分 基金管理人 .................................................................................................,/Users/ellis/工具程序开发/港股通逐标的分析/临时数据/520790/520790_招募说明书_20260202.txt
138,513890,摩根恒生科技ETF(QDII),摩根恒生科技交易型开放式指数证券投资基金(QDII)招募说明书(更新),2026-08-26,招募书未直接出现 RTGS；按适用的交易所/中国结算跨境 ETF 规则，日间 RTGS 交收，按项目口径 PASS,,申购替代金额的处理程序：对可以现金替代而言，申购时收取现金替代 溢价的原因是， 对于使用现金替代的证券， 基金管理人将买入该证券， 实际买入 价格加上相关交易费用后与该证券调整后 T 日开盘参考价可能有所差异。为便 于操作， 基金管理人在申购、 赎回清单中预先确定现金替代溢价比例， 并据此收 取替代金额。 如果预先收取的金额高于基金购入该部分证券的实际成本， 则基金 管理人将退还多收取的差额；如果预先收取的金额低于基金购入该部分证券的 实际成本，则基金管理人将向投资者收取欠缺的差额。 其中，调整后 T 日开盘参考价主要根据指数服务机构提供的标的指数成份 证券的调整后开盘参考价确定。 对于确认成功的 T 日申购申请，基金管理人可以通过在香港市场交易或港 股通等方式代投资者买入相关证券。T+1 日（指香港交易所交易日）日终，基金 管理人根据所购入的被替代证券的实际单位买入成本（包含买入价格与交易费 用， 折算为人民币， 折算汇率采用汇率公允价， 汇率公允价包括中国外汇交易中 心收盘价、 与基金托管人商定的其他公允价格等）和未买入的被替代证券的 T+1 日（指香港交易所交易日）收盘价 （折算为人民币， 折算汇率采用当天的汇率公 摩根恒生科技交易型开放式指数证券投资基金（QDII）－招募说明书（更新） 允价；当日在证券交易所无交易的， 取最近交易日的收盘价； 交易日无收盘价的， 取最后成交价）计算被替代证券的实际结算成本， 并依此确定基金应退还投资者 或投资者应补交的申购款项。在此期间若该证券发生除息、送股（转增） 、配股 等重要权益变动，则进行相应调整。 正常情况下，T+5 日（指开放日）内，基金管理人将应退款或补款的明细及 汇总数据发送给登记机构， 登记机构办理现金替代多退少补资金的清算， 并将结 果发送给相关申购赎回代理机构和基金托管人，相关款项的交收于数据发送的 下一个工作日内完成。 D.赎回替代金额的处理程序：对于确认成功的 T 日赎回申请，基金管理人 可以通过在香港市场交易或港股通等方式代投资者卖出相关证券。T+1 日（指香 港交易所交易日）日终， 基金管理人根据所卖出的被替代证券的实际单位卖出金 额 （扣除相关费用） 和未卖出的被替代证券在T+1 日（指香港交易所交易日）收 盘 价（当日在证券交易所无交易的， 取最近交易日的收盘价； 交易日无收盘价的， 取最后成交价） 计算被替代证券的实际结算成本， 并依此确定基金应支付投资者 的赎回替代金额。在此期间若该证券发生除息、送股（转增） 、配股等重要权益 变动，则进行相应调整。 正常情况下，T+7 日（指开放日）内，基金管理人将应支付的赎回替代金额 的明细及汇总数据发送登记机构， 登记机构办理赎回替代金额的清算， 并将结果 发送给相关申购赎回代理机构和基金托管人办理交收。 但如果出现港股暂停交 易或交收、 ,替代金额的处理程序：对可以现金替代而言，申购时收取现金替代 溢价的原因是， 对于使用现金替代的证券， 基金管理人将买入该证券， 实际买入 价格加上相关交易费用后与该证券调整后 T 日开盘参考价可能有所差异。为便 于操作， 基金管理人在申购、 赎回清单中预先确定现金替代溢价比例， 并据此收 取替代金额。 如果预先收取的金额高于基金购入该部分证券的实际成本， 则基金 管理人将退还多收取的差额；如果预先收取的金额低于基金购入该部分证券的 实际成本，则基金管理人将向投资者收取欠缺的差额。 其中，调整后 T 日开盘参考价主要根据指数服务机构提供的标的指数成份 证券的调整后开盘参考价确定。 对于确认成功的 T 日申购申请，基金管理人可以通过在香港市场交易或港 股通等方式代投资者买入相关证券。T+1 日（指香港交易所交易日）日终，基金 管理人根据所购入的被替代证券的实际单位买入成本（包含买入价格与交易费 用， 折算为人民币， 折算汇率采用汇率公允价， 汇率公允价包括中国外汇交易中 心收盘价、 与基金托管人商定的其他公允价格等）和未买入的被替代证券的 T+1 日（指香港交易所交易日）收盘价 （折算为人民币， 折算汇率采用当天的汇率公 摩根恒生科技交易型开放式指数证券投资基金（QDII）－招募说明书（更新） 允价；当日在证券交易所无交易的， 取最近交易日的收盘价； 交易日无收盘价的， 取最后成交价）计算被替代证券的实际结算成本， 并依此确定基金应退还投资者 或投资者应补交的申购款项。在此期间若该证券发生除息、送股（转增） 、配股 等重要权益变动，则进行相应调整。 正常情况下，T+5 日（指开放日）内，基金管理人将应退款或补款的明细及 汇总数据发送给登记机构， 登记机构办理现金替代多退少补资金的清算， 并将结 果发送给相关申购赎回代理机构和基金托管人，相关款项的交收于数据发送的 下一个工作日内完成。 D.赎回替代金额的处理程序：对于确认成功的 T 日赎回申请，基金管理人 可以通过在香港市场交易或港股通等方式代投资者卖出相关证券。T+1 日（指香 港交易所交易日）日终， 基金管理人根据所卖出的被替代证券的实际单位卖出金 额 （扣除相关费用） 和未卖出的被替代证券在T+1 日（指香港交易所交易日）收 盘 价（当日在证券交易所无交易的， 取最近交易日的收盘价； 交易日无收盘价的， 取最后成交价） 计算被替代证券的实际结算成本， 并依此确定基金应支付投资者 的赎回替代金额。在此期间若该证券发生除息、送股（转增） 、配股等重要权益 变动，则进行相应调整。 正常情况下，T+7 日（指开放日）内，基金管理人将应支付的赎回替代金额 的明细及汇总数据发送登记机构， 登记机构办理赎回替代金额的清算， 并将结果 发送给相关申购赎回代理机构和基金托管人办理交收。 但如果出现港股暂停交 易或交收、 流动,开放式指数证券投资基金（QDII）－招募说明书（更新） 信息的文件 54、 申购对价： 指投资人申购基金份额时， 按基金合同和招募说明书规定应 交付的现金替代、现金差额及其他对价 55、 赎回对价： 指基金份额持有人赎回基金份额时， 基金管理人按基金合同 和招募说明书规定应交付给赎回人的现金替代、现金差额及其他对价 56、标的指数：本基金标的指数为恒生科技指数（HSTECH） ，及其未来可 能发生的变更 57、组合证券：指本基金标的指数所包含的全部或部分证券 58、 最小申购赎回单位： 指本基金申购份额、 赎回份额的最低数量， 投资人 申购或赎回的基金份额数应为最小申购赎回单位的整数倍 59、 现金替代： 指申购或赎回过程中， 投资人按基金合同和招募说明书的规 定，用于替代组合证券中全部或部分证券的一定数量的现金 60、 现金差额： 指最小申购赎回单位的资产净值与按当日收盘价计算的最小 申购赎回单位中的组合证券市值和现金替代之差；投资人申购或赎回时应支付 或应获得的现金差额根据最小申购赎回单位对应的现金差额、申购或赎回的基 金份额数计算 61、预估现金差额：指由基金管理人计算并在 T 日申购赎回清单中公布的 当日现金差额预估值，预估现金差额由申购赎回代理券商预先冻结 62、 基金份额参考净值： 指基金管理人或其委托的机构根据申购、 赎回清单 和组合证券内各只证券的实时成交数据计算并由上海证券交易所在交易时间内 发布的基金份额参考净值，简称 IOPV 63、 基金份额折算： 指基金管理人根据基金合同规定在不改变投资者权益的 前提下将投资者的基金份额,/Users/ellis/工具程序开发/港股通逐标的分析/临时数据/513890/513890_更新招募说明书_20260826.txt
139,520780,华宝中证港股通汽车产业主题ETF,华宝中证港股通汽车产业主题交易型开放式指数证券投资基金招募说明书(更新),2025-12-24,，投资者当日申购的基金份额，清算交收完成后方可卖出和赎回。本 基金申购业务采用实时逐笔全额结算（Real Time Gross Settlement ，以下简称RTGS）模 式，投资者T日申购后，如交易记录已勾单且申购资金足额的，登记机构在T日日间实时办理 基金份额及现金替代的交收；T日日间未进行勾单确认或日间资金不足的，登记机构在T日日 终根据资金是否足额办理基金份额及现金替代的清算交收。 在目前的业务规则下， 投资者投资本基金时需具有上海证券交易所A股账户或基金账户。 其中，上海证券交易所基金账户只能进行基金的现金认购和二级市场交易。 本基金可参与股指期货交易，可能面临杠杆风险、基差风险、股指期货展期时的流动性 风险、期货盯市结算制度带来的现金管理风险、到期日风险、对手方风险,,替代金额的处理程序 基金管理人在T日以收到的替代金额代投资者买入被替代证券。基金管理人有权根据 基金投资的需要自主决定不买入部分被替代证券，或者不进行任何买入被替代证券的操 作。对于确认成功的T日申购申请，T+1日内基金管理人根据申购规模进行组合证券的代 理买入，通常情况下代理买入在T日完成。基金管理人根据所购入的被替代证券的实际单 位购入成本（包括买入价格与相关费用）和未买入的被替代证券的T 日收盘价（折算为人 华宝中证港股通汽车产业主题交易型开放式指数证券投资基金招募说明书 38 民币，折算汇率采用当天的估值汇率；T日在证券交易所无交易的，取最近交易日的收盘 价；交易日无收盘价的，取最后成交价）计算被替代证券的单位结算成本，在此基础上根 据替代证券数量和申购现金替代保证金确定基金应退还投资者或投资者应补交的款项。T 日后的第2个港股通交收日后的第1个工作日内，基金管理人将应退款或补款与相关申购 赎回代理机构办理交收。若发生特殊情况，基金管理人可以对交收日期进行相应调整。 如遇港股通临时停市、港股通交易每日额度或总额度不足等特殊情况，组合证券的代 理买入及结算价格可依次顺延至下一港股通交易日直至交易正常。如遇证券长期停牌、流 动性不足等可能导致收盘价或最后成交价不公允的特殊情况，可参照证券的估值价格，对 结算价格进行调整，如果基金管理人认为该证券复牌后的价格可能存在较大波动，且可能 对基金资产净值产生较大影响，为了更好的维护持有人利益，该证券对应的现金替代款的 清算交收可在其复牌后按照实际交易成本办理。在此期间若该证券发生除息、送股（转 增）、配股等重要权益变动，则进行相应调整。 基金管理人在T日根据赎回申请代投资者卖出被替代证券。基金管理人有权根据基金 投资的需要自主决定不卖出部分被替代证券，或者不进行任何卖出被替代证券的操作。对 于确认成功的T日赎回申请，T+1日内，基金管理人根据赎回规模进行组合证券的代理卖 出。基金管理人根据所卖出的被替代证券的实际单位卖出金额（扣除相关费用）和未卖出 的被替代证券的T日收盘价（折算为人民币，折算汇率采用当天的估值汇率；被替代证券 T 日在证券交易所无交易的，取最近交易日的收盘价；交易日无收盘价的，取最后成交 价）计算被替代证券的单位结算金额，在此基础上根据替代证券数量确定赎回替代金额。 T 日后的第3个港股通交收日后的第1个工作日内，基金管理人将应支付的赎回替代 金额与相关申购赎回代理机构办理交收。若发生特殊情况，基金管理人可以对交收日期进 行相应调整。 如遇港股通临时停市、港股通交易每日额度或总额度不足等特殊情况，组合证券的代 理卖出及结算价格可依次顺延至下一港股通交易日直至交易正常。如遇证券长期停牌、流 动性不足等可能导致收盘价或最后成交价不公允的特殊情况，可参照证券的估值价格，对 结算价格进行调整，如果基金管,替代金额的处理程序 基金管理人在T日以收到的替代金额代投资者买入被替代证券。基金管理人有权根据 基金投资的需要自主决定不买入部分被替代证券，或者不进行任何买入被替代证券的操 作。对于确认成功的T日申购申请，T+1日内基金管理人根据申购规模进行组合证券的代 理买入，通常情况下代理买入在T日完成。基金管理人根据所购入的被替代证券的实际单 位购入成本（包括买入价格与相关费用）和未买入的被替代证券的T 日收盘价（折算为人 华宝中证港股通汽车产业主题交易型开放式指数证券投资基金招募说明书 38 民币，折算汇率采用当天的估值汇率；T日在证券交易所无交易的，取最近交易日的收盘 价；交易日无收盘价的，取最后成交价）计算被替代证券的单位结算成本，在此基础上根 据替代证券数量和申购现金替代保证金确定基金应退还投资者或投资者应补交的款项。T 日后的第2个港股通交收日后的第1个工作日内，基金管理人将应退款或补款与相关申购 赎回代理机构办理交收。若发生特殊情况，基金管理人可以对交收日期进行相应调整。 如遇港股通临时停市、港股通交易每日额度或总额度不足等特殊情况，组合证券的代 理买入及结算价格可依次顺延至下一港股通交易日直至交易正常。如遇证券长期停牌、流 动性不足等可能导致收盘价或最后成交价不公允的特殊情况，可参照证券的估值价格，对 结算价格进行调整，如果基金管理人认为该证券复牌后的价格可能存在较大波动，且可能 对基金资产净值产生较大影响，为了更好的维护持有人利益，该证券对应的现金替代款的 清算交收可在其复牌后按照实际交易成本办理。在此期间若该证券发生除息、送股（转 增）、配股等重要权益变动，则进行相应调整。 基金管理人在T日根据赎回申请代投资者卖出被替代证券。基金管理人有权根据基金 投资的需要自主决定不卖出部分被替代证券，或者不进行任何卖出被替代证券的操作。对 于确认成功的T日赎回申请，T+1日内，基金管理人根据赎回规模进行组合证券的代理卖 出。基金管理人根据所卖出的被替代证券的实际单位卖出金额（扣除相关费用）和未卖出 的被替代证券的T日收盘价（折算为人民币，折算汇率采用当天的估值汇率；被替代证券 T 日在证券交易所无交易的，取最近交易日的收盘价；交易日无收盘价的，取最后成交 价）计算被替代证券的单位结算金额，在此基础上根据替代证券数量确定赎回替代金额。 T 日后的第3个港股通交收日后的第1个工作日内，基金管理人将应支付的赎回替代 金额与相关申购赎回代理机构办理交收。若发生特殊情况，基金管理人可以对交收日期进 行相应调整。 如遇港股通临时停市、港股通交易每日额度或总额度不足等特殊情况，组合证券的代 理卖出及结算价格可依次顺延至下一港股通交易日直至交易正常。如遇证券长期停牌、流 动性不足等可能导致收盘价或最后成交价不公允的特殊情况，可参照证券的估值价格，对 结算价格进行调整，如果基金管,易所上市。由于本基 金的标的指数组合证券为港股通标的股票，本基金采用现金申购赎回方式，即全现金替代， 基金管理人代买代卖的模式，申购对价、赎回对价包括现金替代、现金差额及其他对价。未 来在上海证券交易所和登记机构系统允许的情况下， 本基金可采用部分或全部组合证券申购 赎回方式，申购对价、赎回对价包括组合证券、现金替代、现金差额及其他对价，并在实施 前依照有关规定在规定媒介上予以公告。 华宝中证港股通汽车产业主题交易型开放式指数证券投资基金招募说明书 在目前结算规则下，投资者当日申购的基金份额，清算交收完成后方可卖出和赎回。本 基金申购业务采用实时逐笔全额结算（Real Time Gross Settlement ，以下简称RTGS）模 式，投资者T日申购后，如交易记录已勾单且申购资金足额的，登记机构在T日日间实时办理 基金份额及现金替代的交收；T日日间未进行勾单确认或日间资金不足的，登记机构在T日日 终根据资金是否足额办理基金份额及现金替代的清算交收。 在目前的业务规则下， 投资者投资本基金时需具有上海证券交易所A股账户或基金账户。 其中，上海证券交易所基金账户只能进行基金的现金认购和二级市场交易。 本基金可参与股指期货交易，可能面临杠杆风险、基差风险、股指期货展期时的流动性 风险、期货盯市结算制度带来的现金管理风险、到期日风险、对手方风险、连带风险、未平 仓合约不能继续持有风险等。 本基金的投资范围包括资产支持证券。资产支持证券存在信用风险、利率风险、流动性 风险、提前偿付风险、操作风险和法律风险等。 本基金可参与融资业务。融资业务存在信用风险,/Users/ellis/工具程序开发/港股通逐标的分析/临时数据/520780/520780_更新招募说明书_20251224.txt
140,520570,南方恒生科技ETF(QDII),南方恒生科技交易型开放式指数证券投资基金(QDII)招募说明书(2025年11月更新),2025-11-12,券仅在境内证券交易所上市的ETF产品存在一定差异， 在目前结 算规则下，投资者当日申购的基金份额，清算交收完成后方可卖出和赎回，即T日申购的基 金份额且日间完成RTGS(实时逐笔全额结算)交收，T日可卖出和赎回，而T日申购的基金份 额且日终完成逐笔全额非担保交收，T+1日方可卖出和赎回。T日买入的基金份额，T日可 以赎回。 投资人投资本基金时需具有上海证券交易所A股账户或基金账户。其中，上海证券交易 所基金账户只能进行基金的现金认购和二级市场交易， 如投资人需要参与基金的申购、 赎回， 则应开立并使用上海证券交易所A股账户。 投资人在投资本基金之前，请仔细阅读本基金的招募说明书、基金产品资料概要和基 金合同等信息披露文件，自主判断基金的投资价值，自主做出投资决策，全面认识本基金,,"申购现金替代保证金的处理程序 T日， 基金管理人在申购赎回清单中公布现金替代溢价比例， 并据此收取申购现金替代 保证金。 T+1日内， 基金管理人以收到的替代金额代投资者买入被替代证券。 基金管理人有权根 据基金投资的需要自主决定不买入部分被替代证券， 或者不进行任何买入被替代证券的操作。 对于确认成功的T日申购申请，T+1日日终, 若基金管理人已买入全部被替代的证券，则以 申购现金替代保证金与被替代证券的实际买入成本（包括买入价格与相关费用，按照汇率折 算为人民币）的差额，确定基金应退还投资人或投资人应补交的款项；若基金管理人未能买 入全部被替代的证券，则以申购现金替代保证金与所买入的部分被替代证券实际买入成本 （包括买入价格与相关费用，按照汇率折算为人民币）加上按照T+1日收盘价（按照汇率折 算为人民币，被替代证券T+1日无交易的，取最近交易日的收盘价）计算的未买入的部分被 替代证券价值的差额，确定基金应退还投资人或投资人应补交的款项。上述汇率目前采用汇 率公允价。汇率公允价包括中国外汇交易中心公布的人民币对主要货币参考汇率、中国人民 银行或其授权机构最新公布的人民币汇率中间价、与基金托管人商定的其他公允价格（如： 中国人民银行或国家外汇管理局或中国外汇交易中心正式对外公布的人民币兑主要外汇当 日收盘价）等。 正常情况下，T日后的第5个上海证券交易所、香港证券交易所的共同交易日内，基金 管理人将应退款或补款与相关申购赎回代理券商办理交收。 如遇半日港股通交易日或因为风 球等因素引发临时停市、港股通交易每日额度或总额度不足等特殊情况时，计算并确定被替 代组合证券的单位结算成本的时间可相应顺延，款项交收的日期也顺延。若发生特殊情况， 基金管理人可以对交收日期进行相应调整。 如遇证券长期停牌、流动性不足等可能导致收盘价或最后成交价不公允的特殊情况， 可参照证券的估值价格，对结算价格进行调整，如果基金管理人认为该证券复牌后的价格可 能存在较大波动，且可能对基金资产净值产生较大影响，为了更好的维护持有人利益，该证 南方恒生科技交易型开放式指数证券投资基金（QDII）招募说明书（2025年11月更新） 42 券对应的现金替代退补款的清算交收可在其复牌后按照实际交易成本或者基金管理人认为 合理的价格办理。在此期间若该证券发生除息、送股（转增） 、配股等重要权益变动，则进 行相应调整。 D.赎回替代金额的处理程序 T+1日内， 基金管理人根据赎回申请代投资者卖出被替代证券。 基金管理人有权根据基 金投资的需要自主决定不卖出部分被替代证券，或者不进行任何卖出被替代证券的操作。对 于确认成功的T日赎回申请，T+1日日终, 若基金管理人已卖出全部被替代的证券，则以实 际卖出所得（卖出价格扣除相关费用，按照汇率折算为人民币） ，确定基金应交付给投资人 的赎回现金替代金额；若基金","赎回替代金额的处理程序 T+1日内， 基金管理人根据赎回申请代投资者卖出被替代证券。 基金管理人有权根据基 金投资的需要自主决定不卖出部分被替代证券，或者不进行任何卖出被替代证券的操作。对 于确认成功的T日赎回申请，T+1日日终, 若基金管理人已卖出全部被替代的证券，则以实 际卖出所得（卖出价格扣除相关费用，按照汇率折算为人民币） ，确定基金应交付给投资人 的赎回现金替代金额；若基金管理人未能卖出全部被替代的证券，则以实际卖出所得（卖出 价格扣除相关费用，按照汇率折算为人民币）加上按照T+1日收盘价（按照汇率折算为人民 币，被替代证券T+1日无交易的，取最近交易日的收盘价）计算的未卖出的部分被替代证券 价值，确定基金应交付给投资人的赎回现金替代金额。上述汇率目前采用汇率公允价。汇率 公允价包括但不限于中国外汇交易中心最新收盘价、中国外汇交易中心参考汇率、中国人民 银行或其授权机构最新公布的人民币汇率中间价、与基金托管人商定的其他公允价格等。 正常情况下，T日后的第8个上海证券交易所、香港证券交易所的共同交易日内，基金 管理人将应支付的赎回替代金额与相关申购赎回代理券商办理交收。 如遇半日港股通交易日 或因为风球等因素引发临时停市、港股通交易每日额度或总额度不足等特殊情况时，计算并 确定被替代组合证券的单位结算成本的时间可相应顺延，款项交收的日期也顺延。若发生特 殊情况，基金管理人可以对交收日期进行相应调整。 如遇证券长期停牌、流动性不足等可能导致收盘价或最后成交价不公允的特殊情况， 可参照证券的估值价格，对结算价格进行调整，如果基金管理人认为该证券复牌后的价格可 能存在较大波动，且可能对基金资产净值产生较大影响，为了更好的维护持有人利益，该证 券对应的现金替代款的清算交收可在其复牌后按照实际交易成本或者基金管理人认为合理 的价格办理。在此期间若该证券发生除息、送股（转增） 、配股等重要权益变动，则进行相 应调整。 E.基金管理人可根据运作情况调整代理申赎投资者买券卖券的相关规则并按规定公告。 F.未来如本基金境外主要投资市场或港股通的交易、结算规则发生改变，或上海证券 交易所、登记结算机构有关申购赎回交易结算规则发生改变，或基金管理人与基金托管人之 间的结算相关安排发生改变等，基金管理人可对上述相关现金替代处理规则进行调整，并按 规定公告。 ②必须现金替代 A.适用情形：必须现金替代的证券一般是由于标的指数调整，即将被剔除的成份证券； 或处于停牌的成份证券；或因法律法规限制投资的成份证券；或基金管理人出于保护持有人 利益等原因认为有必要实行必须现金替代的成份证券。 南方恒生科技交易型开放式指数证券投资基金（QDII）招募说明书（2025年11月更新） 43 B.替代金额：对于必须现金替代的证券，基金管理人将在申购赎回清单中公告替代的 一定数量的现金，即“固定",申购赎回清单：指由基金管理人编制的用以公告申购对价、赎回对价等信息的文件 54、申购对价：指投资人申购基金份额时，按基金合同和招募说明书规定应交付的现金 替代、现金差额及其他对价 55、赎回对价：指基金份额持有人赎回基金份额时，基金管理人按基金合同和招募说明 书规定应交付给赎回人的现金替代、现金差额及其他对价 56、标的指数：本基金标的指数为恒生科技指数 57、组合证券：指本基金标的指数所包含的全部或部分证券 58、最小申购赎回单位：指本基金申购份额、赎回份额的最低数量，投资人申购或赎回 的基金份额数应为最小申购赎回单位的整数倍 59、现金替代：指申购或赎回过程中，投资人按基金合同和招募说明书的规定，用于替 代组合证券中全部或部分证券的一定数量的现金 60、现金差额：指最小申购赎回单位的资产净值与按当日收盘价计算的最小申购赎回单 位中的组合证券市值和现金替代之差；投资人申购或赎回时应支付或应获得的现金差额根据 最小申购赎回单位对应的现金差额、申购或赎回的基金份额数计算 61、元：指人民币元 62、基金利润：指基金利息收入、汇兑损益、投资收益、公允价值变动收益和其他收入 扣除相关费用后的余额 63、基金资产总值：指基金拥有的各类有价证券及票据价值、银行存款本息、基金应收 申购款及其他资产的价值总和 64、基金资产净值：指基金资产总值减去基金负债后的价值 65、基金份额净值：指计算日基金资产净值除以计算日基金份额总数 66、基金资产估值：指计算评估基金资产和负债的价值，以确定基金资产净值和基金份 额净值的过程 67、规定媒介：指符合中国证监会规定条件,/Users/ellis/工具程序开发/港股通逐标的分析/临时数据/520570/520570_更新招募说明书_20251112.txt
141,159239,富国恒生港股通汽车主题ETF,富国恒生港股通汽车主题交易型开放式指数证券投资基金招募说明书(更新)(二0二六年第五号),2026-08-28,持 有人大会审议。 根据本基金现行适用的清算交收和申赎处理规则， 投资者当日申购的基金份 额，清算交收完成后方可卖出和赎回，即 T 日申购的基金份额且日间完成 RTGS （实时逐笔全额结算）交收的，T 日可卖出和赎回，而T 日申购的基金份额且日 终完成逐笔全额非担保交收的，T+1 日方可卖出和赎回；T 日竞价买入的基金份 额，T 日可以卖出或赎回；T 日大宗买入的基金份额，T 日可以大宗卖出，T+1 日 可以竞价卖出或赎回。 投资有风险， 投资者认购 （或申购） 基金时应认真阅读本招募说明书、 基金 合同、 基金产品资料概要等信息披露文件， 自主判断基金的投资价值， 自主做出 投资决策，自行承担投资风险。基金管理人提醒投资者基金投资的“买者自负” 原则， 在投资者作出投资决策后，,,申购替代金额的处理程序 对于确认成功的 T 日申购申请，T 日内基金管理人根据申购规模进行组合证 券的代理买入。 基金管理人有权根据基金投资的需要自主决定不买入部分被替代 证券，或者不进行任何买入证券的操作。T 日日终，基金管理人根据所购入的被 替代组合证券的实际单位购入成本、 实际购入的相关费用 （实际购入金额根据港 股通相关业务规则按当天的港股通卖出结算汇兑比率折算为人民币） 、未购入的 被替代组合证券的 T 日收盘价 （折算为人民币， 折算汇率采用基金管理人和基金 托管人商定的汇率公允价， 包括中国外汇交易中心公布的北京时间16:00 参考汇 率、 港股通买入结算汇兑比率和卖出结算汇兑比率的算术平均值、 中国人民银行 或其授权机构公布的人民币汇率中间价、与基金托管人商定的其他公允价格等； 被替代组合证券 T 日无交易的， 取最近交易日的收盘价； 交易日无收盘价的， 取 最后收盘价） 计算并确定被替代组合证券的单位结算成本， 在此基础上根据替代 组合证券数量和申购现金替代保证金确定基金应退还投资人的款项或投资人应 补交的款项。 若发生特殊情况， 包括如遇港股通结算异常等， 基金管理人可以对 折算汇率和结算成本进行相应调整。T 日后的 5 个工作日内， 基金管理人将应退 招募说明书（更新） 54 款或补款与相关申购赎回代理机构办理交收。 若发生特殊情况， 基金管理人可以 对交收日期进行相应调整。 如遇港股通临时停市、 港股通交易每日额度或总额度不足等特殊情况， 组合 证券的代理买入及结算价格可依次顺延至下一港股通交易日直至交易正常。 如遇 证券长期停牌、流动性不足等可能导致收盘价或最后成交价不公允的特殊情况， 可参照证券的估值价格， 对结算成本进行调整。 如果基金管理人认为该证券复牌 后的价格可能存在较大波动， 且可能对基金资产净值产生较大影响， 为了更好的 维护持有人利益， 该证券对应的现金替代款的清算交收可在其复牌后按照实际交 易成本办理。 在此期间若该证券发生除息、 送股 （转增） 、 配股等重要权益变动， 则进行相应调整。 ④赎回替代金额的处理程序 对于确认成功的 T 日赎回申请，T 日内基金管理人根据赎回规模进行组合证 券的代理卖出。 基金管理人有权根据基金投资的需要自主决定不卖出部分被替代 证券， 或者不进行任何卖出证券的操作。T 日内基金管理人根据所卖出的被替代 组合证券的实际单位卖出金额、 实际卖出的相关费用（实际卖出金额根据港股通 相关业务规则按当天的港股通买入结算汇兑比率折算为人民币）、未卖出的被替 代组合证券的 T 日收盘价 （折算为人民币， 折算汇率采用基金管理人和基金托管 人商定的汇率公允价，包括中国外汇交易中心公布的北京时间 16:00 参考汇率、 港股通买入结算汇兑比率和卖出结算汇兑比率的算术平均值、 中国人民银行或其 授权机,替代金额的处理程序 对于确认成功的 T 日申购申请，T 日内基金管理人根据申购规模进行组合证 券的代理买入。 基金管理人有权根据基金投资的需要自主决定不买入部分被替代 证券，或者不进行任何买入证券的操作。T 日日终，基金管理人根据所购入的被 替代组合证券的实际单位购入成本、 实际购入的相关费用 （实际购入金额根据港 股通相关业务规则按当天的港股通卖出结算汇兑比率折算为人民币） 、未购入的 被替代组合证券的 T 日收盘价 （折算为人民币， 折算汇率采用基金管理人和基金 托管人商定的汇率公允价， 包括中国外汇交易中心公布的北京时间16:00 参考汇 率、 港股通买入结算汇兑比率和卖出结算汇兑比率的算术平均值、 中国人民银行 或其授权机构公布的人民币汇率中间价、与基金托管人商定的其他公允价格等； 被替代组合证券 T 日无交易的， 取最近交易日的收盘价； 交易日无收盘价的， 取 最后收盘价） 计算并确定被替代组合证券的单位结算成本， 在此基础上根据替代 组合证券数量和申购现金替代保证金确定基金应退还投资人的款项或投资人应 补交的款项。 若发生特殊情况， 包括如遇港股通结算异常等， 基金管理人可以对 折算汇率和结算成本进行相应调整。T 日后的 5 个工作日内， 基金管理人将应退 招募说明书（更新） 54 款或补款与相关申购赎回代理机构办理交收。 若发生特殊情况， 基金管理人可以 对交收日期进行相应调整。 如遇港股通临时停市、 港股通交易每日额度或总额度不足等特殊情况， 组合 证券的代理买入及结算价格可依次顺延至下一港股通交易日直至交易正常。 如遇 证券长期停牌、流动性不足等可能导致收盘价或最后成交价不公允的特殊情况， 可参照证券的估值价格， 对结算成本进行调整。 如果基金管理人认为该证券复牌 后的价格可能存在较大波动， 且可能对基金资产净值产生较大影响， 为了更好的 维护持有人利益， 该证券对应的现金替代款的清算交收可在其复牌后按照实际交 易成本办理。 在此期间若该证券发生除息、 送股 （转增） 、 配股等重要权益变动， 则进行相应调整。 ④赎回替代金额的处理程序 对于确认成功的 T 日赎回申请，T 日内基金管理人根据赎回规模进行组合证 券的代理卖出。 基金管理人有权根据基金投资的需要自主决定不卖出部分被替代 证券， 或者不进行任何卖出证券的操作。T 日内基金管理人根据所卖出的被替代 组合证券的实际单位卖出金额、 实际卖出的相关费用（实际卖出金额根据港股通 相关业务规则按当天的港股通买入结算汇兑比率折算为人民币）、未卖出的被替 代组合证券的 T 日收盘价 （折算为人民币， 折算汇率采用基金管理人和基金托管 人商定的汇率公允价，包括中国外汇交易中心公布的北京时间 16:00 参考汇率、 港股通买入结算汇兑比率和卖出结算汇兑比率的算术平均值、 中国人民银行或其 授权机构公,较大的风险、流动性风险、退市风险等。 基金合同生效后， 本基金的申购、 赎回采用全现金替代、 基金管理人代买代 卖的模式， 申购对价、 赎回对价包括现金替代、 现金差额及其他对价。 未来在条 件允许的情况下， 在履行适当程序后， 基金管理人可以在场内开通现金申购、 赎 回以外的方式办理申购、 赎回业务， 或开通场外申购、 赎回相关业务， 相应的业 务规则、 申购赎回原则等相关事项届时将另行约定并公告， 无需召开基金份额持 有人大会审议。 根据本基金现行适用的清算交收和申赎处理规则， 投资者当日申购的基金份 额，清算交收完成后方可卖出和赎回，即 T 日申购的基金份额且日间完成 RTGS （实时逐笔全额结算）交收的，T 日可卖出和赎回，而T 日申购的基金份额且日 终完成逐笔全额非担保交收的，T+1 日方可卖出和赎回；T 日竞价买入的基金份 额，T 日可以卖出或赎回；T 日大宗买入的基金份额，T 日可以大宗卖出，T+1 日 可以竞价卖出或赎回。 投资有风险， 投资者认购 （或申购） 基金时应认真阅读本招募说明书、 基金 合同、 基金产品资料概要等信息披露文件， 自主判断基金的投资价值， 自主做出 投资决策，自行承担投资风险。基金管理人提醒投资者基金投资的“买者自负” 原则， 在投资者作出投资决策后， 基金运营状况与基金净值变化引致的投资风险， 由投资者自行负责。 未来若出现标的指数不符合要求 （因成份股价格波动等指数编制方法变动之 外的因素致使标的指数不符合要求的情形除外） 、指数编制机构退出等情形，基 金管理人召集基金份额持有人大会对解决方案进行表决,/Users/ellis/工具程序开发/港股通逐标的分析/临时数据/159239/159239_更新招募说明书_20260828.txt
142,513230,华夏中证港股通消费主题ETF,华夏中证港股通消费主题交易型开放式指数证券投资基金招募说明书(更新),2026-08-18,适 用相关业务规则和参与各方相关协议及其不时修订的有关规定。 本基金申购业务采用实时逐笔全额结算（Real Time Gross Settlement，以下简称RTGS） 模式；赎回业务涉及的现金替代可采用代收代付处理；申购、赎回业务涉及的现金差额和现 金替代退补款可采用代收代付处理。 1）申购的清算交收 投资者T日现金申购后，如交易记录已勾单且申购资金足额的，登记结算机构在T日 日间实时办理基金份额及现金替代的交收；T日日间未进行勾单确认或日间资金不足的，登 记结算机构在T日日终根据资金是否足额办理基金份额及现金替代的清算交收，并将结果 发送给基金管理人、申购赎回代理券商和基金托管人。基金管理人在T+2日内办理现金差 额的交收。 2）赎回的清算交收 投资者T日赎回申请受理后，登,不买入或不卖出部分被替代证券，或者不进行任何买入或卖出证券的操作，基 金管理人可能不买入或不卖出被替代证券的情形包括但不限于市场流动性不足、技术系统 无法实现、申购赎回轧差以及基金管理人认为不应买入或卖出的其他情形，投资者需关注 由此引发的相关风险。 14、基金收益分配后基金份额净值低于面值的风险 基于本基金的性质和特点，本基金收益分配不以弥补亏损为前提，收益分配后可能存 在基金份额净值低于面值的风险。 15、第三方机构服务的风险 基金的多项服务委托第三方机构办理，存在以下风险： （1）申购赎回代理券商因多种原因，导致代理申购、赎回业务受到限制、暂停或终止， 由此影响对投资者申购赎回服务的风险。 （2）登记机构可能调整结算制度，如实施货银对付制度，对投资者基金份额、组合证 券及资金的结算方式发生变化，制度调整可能给投资者带来理解偏差的风险。同样的风险 还可能来自,替代金额的处理程序 【1】申购替代金额的处理程序 基金管理人在T日内以收到的替代金额代投资者买入被替代证券。T日日终，基金管理 人根据所购入的被替代证券的实际单位购入成本（包括买入价格与相关费用）和未买入的被 替代证券的T日收盘价（折算为人民币，折算汇率采用当天的估值汇率；T日在证券交易所 无交易的，取最近交易日的收盘价；交易日无收盘价的，取最后成交价）计算被替代证券的 单位结算成本， 在此基础上根据替代证券数量和申购现金替代金额确定基金应退还投资者或 投资者应补交的款项。 正常情况下，T日后的第2个港股通交易日后的2个工作日内，基金管理人将应退款或 补款与相关申购赎回代理机构办理交收。若发生特殊情况，基金管理人可以对交收日期进行 相应调整。 如遇港股通临时停市、港股通交易每日额度或总额度不足等特殊情况，组合证券的代 理买入及结算价格可依次顺延至下一港股通交易日直至交易正常。如遇证券长期停牌、流动 性不足等可能导致收盘价或最后成交价不公允的特殊情况，可参照证券的估值价格，对结算 价格进行调整，如果基金管理人认为该证券复牌后的价格可能存在较大波动，且可能对基金 资产净值产生较大影响，为了更好的维护持有人利益，该证券对应的现金替代款的清算交收 可在其复牌后按照实际交易成本办理。在此期间若该证券发生除息、送股（转增） 、配股等 重要权益变动，则进行相应调整。 【2】赎回替代金额的处理程序 T日内，基金管理人根据赎回规模进行被替代证券的代理卖出。T日日终，基金管理人 根据所卖出的被替代证券的实际单位卖出金额 （扣除相关费用） 和未卖出的被替代证券的T 日收盘价（折算为人民币，折算汇率采用当天的估值汇率；T日在证券交易所无交易的，取 华夏中证港股通消费主题交易型开放式指数证券投资基金招募说明书（更新） 48 最近交易日的收盘价； 交易日无收盘价的， 取最后成交价） 计算被替代证券的单位结算金额， 在此基础上根据替代证券数量确定赎回替代金额。 正常情况下，T日后的第3个港股通交易日后的第2个工作日内，基金管理人将应支付 的赎回替代金额与相关申购赎回代理机构办理交收。若发生特殊情况，基金管理人可以对交 收日期进行相应调整。 如遇港股通临时停市等特殊情况，组合证券的代理卖出及结算价格可依次顺延至下一 港股通交易日直至交易正常。如遇证券长期停牌、流动性不足等可能导致收盘价或最后成交 价不公允的特殊情况，可参照证券的估值价格，对结算价格进行调整，如果基金管理人认为 该证券复牌后的价格可能存在较大波动，且可能对基金资产净值产生较大影响，为了更好的 维护持有人利益， 该证券对应的现金替代款的清算交收可在其复牌后按照实际交易成本办理。 在此期间若该证券发生除息、送股（转增） 、配股等重要权益变动，则进行相应调整。 ④未来如港股通的交易、结算规则发生改变，或上海证券交易所、登记机构ET,替代金额的处理程序 【1】申购替代金额的处理程序 基金管理人在T日内以收到的替代金额代投资者买入被替代证券。T日日终，基金管理 人根据所购入的被替代证券的实际单位购入成本（包括买入价格与相关费用）和未买入的被 替代证券的T日收盘价（折算为人民币，折算汇率采用当天的估值汇率；T日在证券交易所 无交易的，取最近交易日的收盘价；交易日无收盘价的，取最后成交价）计算被替代证券的 单位结算成本， 在此基础上根据替代证券数量和申购现金替代金额确定基金应退还投资者或 投资者应补交的款项。 正常情况下，T日后的第2个港股通交易日后的2个工作日内，基金管理人将应退款或 补款与相关申购赎回代理机构办理交收。若发生特殊情况，基金管理人可以对交收日期进行 相应调整。 如遇港股通临时停市、港股通交易每日额度或总额度不足等特殊情况，组合证券的代 理买入及结算价格可依次顺延至下一港股通交易日直至交易正常。如遇证券长期停牌、流动 性不足等可能导致收盘价或最后成交价不公允的特殊情况，可参照证券的估值价格，对结算 价格进行调整，如果基金管理人认为该证券复牌后的价格可能存在较大波动，且可能对基金 资产净值产生较大影响，为了更好的维护持有人利益，该证券对应的现金替代款的清算交收 可在其复牌后按照实际交易成本办理。在此期间若该证券发生除息、送股（转增） 、配股等 重要权益变动，则进行相应调整。 【2】赎回替代金额的处理程序 T日内，基金管理人根据赎回规模进行被替代证券的代理卖出。T日日终，基金管理人 根据所卖出的被替代证券的实际单位卖出金额 （扣除相关费用） 和未卖出的被替代证券的T 日收盘价（折算为人民币，折算汇率采用当天的估值汇率；T日在证券交易所无交易的，取 华夏中证港股通消费主题交易型开放式指数证券投资基金招募说明书（更新） 48 最近交易日的收盘价； 交易日无收盘价的， 取最后成交价） 计算被替代证券的单位结算金额， 在此基础上根据替代证券数量确定赎回替代金额。 正常情况下，T日后的第3个港股通交易日后的第2个工作日内，基金管理人将应支付 的赎回替代金额与相关申购赎回代理机构办理交收。若发生特殊情况，基金管理人可以对交 收日期进行相应调整。 如遇港股通临时停市等特殊情况，组合证券的代理卖出及结算价格可依次顺延至下一 港股通交易日直至交易正常。如遇证券长期停牌、流动性不足等可能导致收盘价或最后成交 价不公允的特殊情况，可参照证券的估值价格，对结算价格进行调整，如果基金管理人认为 该证券复牌后的价格可能存在较大波动，且可能对基金资产净值产生较大影响，为了更好的 维护持有人利益， 该证券对应的现金替代款的清算交收可在其复牌后按照实际交易成本办理。 在此期间若该证券发生除息、送股（转增） 、配股等重要权益变动，则进行相应调整。 ④未来如港股通的交易、结算规则发生改变，或上海证券交易所、登记机构ET,回清单： 指由基金管理人编制的用以公告申购对价、 赎回对价等信息的文件。 49、申购对价：指投资者申购基金份额时，按基金合同和招募说明书规定应交付的现金 替代、现金差额和/或其他对价。 50、赎回对价：指投资者赎回基金份额时，基金管理人按基金合同和招募说明书规定应 交付给赎回人的现金替代、现金差额和/或其他对价。 华夏中证港股通消费主题交易型开放式指数证券投资基金招募说明书（更新） 8 51、最小申购赎回单位：指基金申购份额、赎回份额的最低数量，投资者申购、赎回的 基金份额应为最小申购、赎回单位的整数倍。 52、元：指人民币元。 53、基金收益：指基金投资所得红利、股息、债券利息、买卖证券价差、银行存款利息、 已实现的其他合法收入及因运用基金财产带来的成本和费用的节约。 54、基金资产总值：指基金拥有的各类有价证券、银行存款本息、基金应收申购款及其 他资产的价值总和。 55、基金资产净值：指基金资产总值减去基金负债后的价值。 56、基金份额净值：指计算日基金资产净值除以计算日基金份额总数。 57、基金资产估值：指计算评估基金资产和负债的价值，以确定基金资产净值和基金份 额净值的过程。 58、规定媒介：指符合中国证监会规定条件的用以进行信息披露的全国性报刊及《信息 披露办法》规定的互联网网站（包括基金管理人网站、基金托管人网站、中国证监会基金电 子披露网站）等媒介。 59、流动性受限资产：指由于法律法规、监管、合同或操作障碍等原因无法以合理价格 予以变现的资产，包括但不限于到期日在10个交易日以上的逆回购与银行定期存款（含协 议约定有条件提前支取的,/Users/ellis/工具程序开发/港股通逐标的分析/临时数据/513230/513230_更新招募说明书_20260818.txt
143,159568,博时港股通互联网ETF,博时中证港股通互联网交易型开放式指数证券投资基金更新招募说明书,2026-06-01,认情况，投资人应及时查询并妥善行使合法权利。 在目前结算规则下，投资者当日申购的基金份额，清算交收完成后可卖出和赎回，即 T 日申购的 ETF 份额且日间完成 RTGS（实时逐笔全额结算）交收，T 日可卖出与赎回，而 T 日申购的 ETF 份额且日终完成逐笔全额非担保交收，T+1 日方可卖出和赎回；T 日竞价买入 的基金份额，T 日可以赎回，T 日可以卖出。 本基金获批后，若深圳证券交易所和中国证券登记结算有限责任公司针对交易型开放式 指数证券投资基金推出新的清算交收与登记模式并引入新的申购、赎回方式，在履行适当程 序后，本基金管理人将根据新的业务规则新增或调整申购和赎回申请的确认方式，届时将发 布公告予以披露并对本基金的招募说明书予以更新，而无需召开基金份额持有人大会审议。 博,,申购替代金额的处理程序 T 日，基金管理人在申购赎回清单中公布现金替代溢价比例，并据此收取申购替代金额。 正常情况下，对于确认成功的 T 日申购申请，T 日内基金管理人根据申购规模进行组合 证券的代理买入。T 日日终，基金管理人根据所购入的被替代证券的实际单位购入成本（包 括买入价格与相关费用）和未买入的被替代证券的 T 日收盘价（折算为人民币，折算汇率包 括但不限于中国外汇交易中心公布的北京时间 16:00 主要货币兑人民币参考汇率、中国人民 银行或其授权机构最新公布的人民币汇率中间价、与基金托管人商定的其他公允价格等；被 替代组合证券 T 日（指开放日）无交易的，取最近交易日的收盘价）计算被替代证券的单位 结算成本，在此基础上根据替代证券数量和申购现金替代保证金确定基金应退还投资者或投 资者应补交的款项。在此期间若该部分证券发生除息、送股（转增）、配股等重要权益变动， 则进行相应调整。 博时中证港股通互联网交易型开放式指数证券投资基金更新招募说明书 第 49页 共 144页 正常情况下，T+5 日（指开放日）内，基金管理人将应退款和补款的明细及汇总数据发 送给登记机构，登记机构办理现金替代多退少补资金的清算，并将结果发送给相关申购赎回 代理机构和基金托管人，相关款项的交收于数据发送后的第 1 个工作日内完成。若发生特殊 情况，基金管理人可以对交收日期进行相应调整。 若自 T 日起，香港证券交易所正常交易日已达 20 日而该部分证券的正常交易日低于 1 日，则以替代金额与所购入的部分被替代证券的实际购入成本加上按照最近一次收盘价计算 的未购入的部分被替代证券价值的差额（折算为人民币，折算汇率包括但不限于中国外汇交 易中心公布的北京时间 16:00 主要货币兑人民币参考汇率、中国人民银行或其授权机构最新 公布的人民币汇率中间价、与基金托管人商定的其他公允价格等），确定基金应退还投资人 或投资人应补交的款项。 如遇港股通临时停市、港股通交易每日额度不足等特殊情况，组合证券的代理买入及结 算价格可依次顺延至下一港股通交易日直至交易正常。如遇证券长期停牌、流动性不足等可 能导致收盘价或最后成交价不公允的特殊情况，可参照证券的估值价格，对结算价格进行调 整，如果基金管理人认为该证券复牌后的价格可能存在较大波动，且可能对基金资产净值产 生较大影响，为了更好的维护持有人利益，该证券对应的现金替代退补款的清算交收可在其 复牌后按照实际交易成本办理。在此期间若该证券发生除息、送股（转增）、配股等重要权 益变动，则进行相应调整。 4）赎回替代金额的处理程序 正常情况下，对于确认成功的 T 日赎回申请，T 日内基金管理人根据赎回规模进行组合 证券的代理卖出。T 日日终，基金管理人根据所卖出的被替代证券的实际单位卖出金额（扣 除相关费用）和未卖出的被替代证券的 T 日收盘价（折算,替代金额的处理程序 T 日，基金管理人在申购赎回清单中公布现金替代溢价比例，并据此收取申购替代金额。 正常情况下，对于确认成功的 T 日申购申请，T 日内基金管理人根据申购规模进行组合 证券的代理买入。T 日日终，基金管理人根据所购入的被替代证券的实际单位购入成本（包 括买入价格与相关费用）和未买入的被替代证券的 T 日收盘价（折算为人民币，折算汇率包 括但不限于中国外汇交易中心公布的北京时间 16:00 主要货币兑人民币参考汇率、中国人民 银行或其授权机构最新公布的人民币汇率中间价、与基金托管人商定的其他公允价格等；被 替代组合证券 T 日（指开放日）无交易的，取最近交易日的收盘价）计算被替代证券的单位 结算成本，在此基础上根据替代证券数量和申购现金替代保证金确定基金应退还投资者或投 资者应补交的款项。在此期间若该部分证券发生除息、送股（转增）、配股等重要权益变动， 则进行相应调整。 博时中证港股通互联网交易型开放式指数证券投资基金更新招募说明书 第 49页 共 144页 正常情况下，T+5 日（指开放日）内，基金管理人将应退款和补款的明细及汇总数据发 送给登记机构，登记机构办理现金替代多退少补资金的清算，并将结果发送给相关申购赎回 代理机构和基金托管人，相关款项的交收于数据发送后的第 1 个工作日内完成。若发生特殊 情况，基金管理人可以对交收日期进行相应调整。 若自 T 日起，香港证券交易所正常交易日已达 20 日而该部分证券的正常交易日低于 1 日，则以替代金额与所购入的部分被替代证券的实际购入成本加上按照最近一次收盘价计算 的未购入的部分被替代证券价值的差额（折算为人民币，折算汇率包括但不限于中国外汇交 易中心公布的北京时间 16:00 主要货币兑人民币参考汇率、中国人民银行或其授权机构最新 公布的人民币汇率中间价、与基金托管人商定的其他公允价格等），确定基金应退还投资人 或投资人应补交的款项。 如遇港股通临时停市、港股通交易每日额度不足等特殊情况，组合证券的代理买入及结 算价格可依次顺延至下一港股通交易日直至交易正常。如遇证券长期停牌、流动性不足等可 能导致收盘价或最后成交价不公允的特殊情况，可参照证券的估值价格，对结算价格进行调 整，如果基金管理人认为该证券复牌后的价格可能存在较大波动，且可能对基金资产净值产 生较大影响，为了更好的维护持有人利益，该证券对应的现金替代退补款的清算交收可在其 复牌后按照实际交易成本办理。在此期间若该证券发生除息、送股（转增）、配股等重要权 益变动，则进行相应调整。 4）赎回替代金额的处理程序 正常情况下，对于确认成功的 T 日赎回申请，T 日内基金管理人根据赎回规模进行组合 证券的代理卖出。T 日日终，基金管理人根据所卖出的被替代证券的实际单位卖出金额（扣 除相关费用）和未卖出的被替代证券的 T 日收盘价（折算为人,申购赎回清单：指由基金管理人编制的用以公告申购对价、赎回对价等信息的文件 47.申购对价：指投资人申购基金份额时，按基金合同和招募说明书规定应交付的现金 替代、现金差额和/或其他对价 48.赎回对价：指投资人赎回基金份额时，基金管理人按基金合同和招募说明书规定应 交付给赎回人的现金替代、现金差额和/或其他对价 49.组合证券：指本基金标的指数所包含的全部或部分证券 50.标的指数：指中证港股通互联网指数及其未来可能发生的变更 51.完全复制法：指一种跟踪指数的方法。通过购买标的指数中的所有成份证券，并且 按照每种成份证券在标的指数中的权重确定购买的比例以构建指数组合，达到复制指数的目 的 52.现金替代：指申购、赎回过程中，投资人按基金合同和招募说明书的规定，用于替 代组合证券中部分证券的一定数量的现金 53.现金替代退补款：指投资人支付的现金替代与基金购入被替代成份证券的成本及相 关费用的差额。若现金替代大于本基金购入被替代成份证券的成本及相关费用，则本基金需 向投资人退还差额，若现金替代小于本基金购入被替代成份证券的成本及相关费用，则投资 人需向本基金补缴差额 54.现金差额：指最小申购、赎回单位的资产净值与按当日收盘价计算的最小申购、赎 回单位中的组合证券市值和现金替代之差；投资人申购、赎回时应支付或应获得的现金差额 根据最小申购、赎回单位对应的现金差额、申购或赎回的基金份额数计算 55.最小申购、赎回单位：指本基金申购、赎回份额的最低数量，投资人申购、赎回的 基金份额应为最小申购、赎回单位的整数倍 56.基金份额参考净值：指基金管理人或基,/Users/ellis/工具程序开发/港股通逐标的分析/临时数据/159568/159568_更新招募说明书_20260601.txt
144,520920,天弘恒生科技ETF,天弘恒生科技交易型开放式指数证券投资基金(QDII)招募说明书(更新),2026-06-26,算交收与登记 本基金申购赎回过程中涉及的基金份额、现金替代、现金差额及其他对价的 清算交收适用相关《业务规则》和参与各方相关协议的有关规定。 本基金申购业务采用实时逐笔全额结算（Real Time Gross Settlement）模 式；赎回业务涉及的现金替代可采用代收代付处理；申购、赎回业务涉及的现金 差额和现金替代退补款可采用代收代付处理。 （1）申购的清算交收 投资者 T 日提交的现金申购申请受理后， 如交易记录已勾单且申购资金足额 的，登记机构在T 日日间实时办理基金份额及现金替代的交收；T 日日间未进行 勾单确认或日间资金不足的， 登记机构在T 日日终根据资金是否足额办理基金份 额及现金替代的清算交收；在T+1日内办理现金差额的清算，并将结果发送给基 金管理人、申购赎回代,券长期停牌、 流动性不足等可能导致收盘价或最后成交价不公允的特 殊情况，可参照证券的估值价格，对结算价格进行调整，如果基金管理人认为该 招募说明书（更新） 49 证券复牌后的价格可能存在较大波动，且可能对基金资产净值产生较大影响，为 了更好的维护基金份额持有人利益， 该证券对应的现金替代退补款的清算交收可 在其复牌后按照实际交易成本办理。 在此期间若该证券发生除息、 送股 （转增） 、 配股等重要权益变动，则进行相应调整。 5）在系统支持的情况下，对于 T 日的申购赎回申请，基金管理人有权进行 轧差处理，针对净申购，购入净申购份额对应的组合证券中被替代的成份证券， 针对净赎回，卖出净赎回份额对应的组合证券中被替代的成份证券，基金管理人 有权购入或者卖出不等于轧差处理后的上述被替代的成份证券的任意数量。 6）基金管理人可以根据具体情况，调整上述2）—5）的申购、赎回替代金 额的处理程序、规则等，并在招募说明书更新及其他公告中披露。 （2）关于必须现金替代 1）适用情形：必须现金替代的证券一般是由于标的指数调整将被剔除或因 法律法规限制投资的成份证券， 或基金管理人出于保护基金份额持有人利益原则 等原因认为有必要实行必须现金替代的成份证券。 2）替代金额：对于必须现金替代的证券，基金管理人将在申购赎回清单中 公告替代的一定数量的现金， 即“固定替代金额”。 固定替代金额的计算方法为： 固定替代金额为替代证券数量乘以其经调整后的T日开盘参考价并按照T-1 日估值汇率换算或基金管理人认为合理的其他方法。 4、预估现金部分相关内容 预估现金部分是指， 为便于计算基金份额参考净值及申购赎回代理券商预先 冻结申请申购、赎回的投资人的相应资金，由基金管理人计算的现金数额。 T 日申购赎回清单中公,申购替代金额的处理程序 对于确认成功的 T 日申购申请， 基金管理人可以通过在香港市场交易或港股 通等方式以收到的替代金额代投资者买入被替代证券。 基金管理人有权在T 日内 任意时刻以收到的替代金额代投资者买入小于等于被替代证券数量的任意数量 的被替代证券。 基金管理人有权根据基金投资的需要自主决定不买入部分被替代 证券，或者不进行任何买入证券的操作。T 日日终，基金管理人根据所购入的被 替代证券的实际单位购入成本（包括买入价格与相关费用，按照汇率折算为人民 币）和未买入的被替代证券的T 日收盘价（按照汇率折算为人民币；T 日在证券 交易所无交易的，取最近交易日的收盘价；交易日无收盘价的，取最后成交价） 计算被替代证券的单位结算成本， 在此基础上根据替代证券数量和申购现金替代 保证金确定基金应退还投资者或投资者应补交的款项。正常情况下，T 日后的第 3 个港股通交易日内，基金管理人将应退款或补款与相关申购赎回代理券商办理 交收。在此期间若该证券发生除息、送股（转增）、配股等重要权益变动，则进 行相应调整。当交收期间出现港股通交易日为非港股通交收日时，款项交收日期 顺延。基金管理人可以对交收日期进行相应调整。未来基金管理人有权视基金运 行情况，经与基金托管人协商一致，对折算汇率和计算未购入被替代证券成本的 价格进行调整，并提前公告。 上述汇率是指汇率公允价。 汇率公允价包括中国人民银行或其授权机构最新 公布的人民币汇率中间价、 中国外汇交易中心公布的人民币对主要货币参考汇率、 主流资讯商公布的人民币对主要货币参考汇率、 与基金托管人商定的其他公允价 格（如：中国人民银行或国家外汇管理局或中国外汇交易中心正式对外发文后公 布的人民币兑主要外汇当日收盘价）等。 如遇证券长期停牌、 流动性不足等可能导致收盘价或最后成交价不公允的特 招募说明书（更新） 48 殊情况，可参照证券的估值价格，对结算价格进行调整，如果基金管理人认为该 证券复牌后的价格可能存在较大波动，且可能对基金资产净值产生较大影响，为 了更好的维护基金份额持有人利益， 该证券对应的现金替代退补款的清算交收可 在其复牌后按照实际交易成本办理。 在此期间若该证券发生除息、 送股 （转增） 、 配股等重要权益变动，则进行相应调整。 4）赎回替代金额的处理程序 对于确认成功的 T 日赎回申请，在T 日内，基金管理人可以通过在香港市场 交易或港股通等方式代投资者卖出被替代证券。 基金管理人有权在T 日内任意时 刻代投资者卖出小于等于被替代证券数量的任意数量的被替代证券。 基金管理人 有权根据基金投资的需要自主决定不卖出部分被替代证券， 或者不进行任何卖出 证券的操作。T 日日终，基金管理人根据所卖出的被替代证券的实际单位卖出金 额（卖出价格扣除相关费用，按照汇率折算为人民币）和未卖出的被替代证券的 T 日收盘价（,替代金额的处理程序 对于确认成功的 T 日申购申请， 基金管理人可以通过在香港市场交易或港股 通等方式以收到的替代金额代投资者买入被替代证券。 基金管理人有权在T 日内 任意时刻以收到的替代金额代投资者买入小于等于被替代证券数量的任意数量 的被替代证券。 基金管理人有权根据基金投资的需要自主决定不买入部分被替代 证券，或者不进行任何买入证券的操作。T 日日终，基金管理人根据所购入的被 替代证券的实际单位购入成本（包括买入价格与相关费用，按照汇率折算为人民 币）和未买入的被替代证券的T 日收盘价（按照汇率折算为人民币；T 日在证券 交易所无交易的，取最近交易日的收盘价；交易日无收盘价的，取最后成交价） 计算被替代证券的单位结算成本， 在此基础上根据替代证券数量和申购现金替代 保证金确定基金应退还投资者或投资者应补交的款项。正常情况下，T 日后的第 3 个港股通交易日内，基金管理人将应退款或补款与相关申购赎回代理券商办理 交收。在此期间若该证券发生除息、送股（转增）、配股等重要权益变动，则进 行相应调整。当交收期间出现港股通交易日为非港股通交收日时，款项交收日期 顺延。基金管理人可以对交收日期进行相应调整。未来基金管理人有权视基金运 行情况，经与基金托管人协商一致，对折算汇率和计算未购入被替代证券成本的 价格进行调整，并提前公告。 上述汇率是指汇率公允价。 汇率公允价包括中国人民银行或其授权机构最新 公布的人民币汇率中间价、 中国外汇交易中心公布的人民币对主要货币参考汇率、 主流资讯商公布的人民币对主要货币参考汇率、 与基金托管人商定的其他公允价 格（如：中国人民银行或国家外汇管理局或中国外汇交易中心正式对外发文后公 布的人民币兑主要外汇当日收盘价）等。 如遇证券长期停牌、 流动性不足等可能导致收盘价或最后成交价不公允的特 招募说明书（更新） 48 殊情况，可参照证券的估值价格，对结算价格进行调整，如果基金管理人认为该 证券复牌后的价格可能存在较大波动，且可能对基金资产净值产生较大影响，为 了更好的维护基金份额持有人利益， 该证券对应的现金替代退补款的清算交收可 在其复牌后按照实际交易成本办理。 在此期间若该证券发生除息、 送股 （转增） 、 配股等重要权益变动，则进行相应调整。 4）赎回替代金额的处理程序 对于确认成功的 T 日赎回申请，在T 日内，基金管理人可以通过在香港市场 交易或港股通等方式代投资者卖出被替代证券。 基金管理人有权在T 日内任意时 刻代投资者卖出小于等于被替代证券数量的任意数量的被替代证券。 基金管理人 有权根据基金投资的需要自主决定不卖出部分被替代证券， 或者不进行任何卖出 证券的操作。T 日日终，基金管理人根据所卖出的被替代证券的实际单位卖出金 额（卖出价格扣除相关费用，按照汇率折算为人民币）和未卖出的被替代证券的 T 日收盘价（按照,而 T 日申 购的基金份额且日终完成逐笔全额非担保交收的，T+1 日方可卖出和赎回。 目前本基金的申购赎回采用全现金替代模式，申购对价、赎回对价包括现金 替代、现金差额及其他对价，即投资人在场内可以现金申购、赎回办理本基金的 申购、赎回业务。未来在条件允许的情况下，基金管理人可以在场内开通本基金 实物申购赎回方式或者其他现金申购、赎回以外的方式办理本基金的申购、赎回 业务，相关业务规则、申购赎回原则等相关事项届时将另行约定并公告。 三、本基金可投资存托凭证，基金净值可能受到存托凭证的境外基础证券价 格波动影响， 存托凭证的境外基础证券的相关风险可能直接或间接成为本基金的 风险。具体风险揭示烦请查阅本基金招募说明书“风险揭示”章节内容。 本基金可根据投资策略需要或市场环境的变化， 选择将部分基金资产投资于 存托凭证或选择不将基金资产投资于存托凭证， 基金资产并非必然投资存托凭证。 四、本基金可投资于科创板股票，科创板股票在发行、上市、交易、退市等 方面的规则与其他板块存在差异， 本基金须承受投资于科创板上市公司相关的特 有风险，详见本基金招募说明书“风险揭示”章节的内容。 五、本基金可投资股指期货、国债期货、股票期权等金融衍生品，金融衍生 招募说明书（更新） 4 产品具有杠杆效应且价格波动剧烈，会放大收益或损失，在某些情况下甚至会导 致投资亏损高于初始投资金额。本基金可根据投资策略需要或市场环境的变化， 选择将部分基金资产投资于金融衍生品或选择不将基金资产投资于金融衍生品， 基金资产并非必然投资金融衍生品。 六、本基金资产主要投资于境外证券，除了需,/Users/ellis/工具程序开发/港股通逐标的分析/临时数据/520920/520920_更新招募说明书_20260626.txt
145,159028,天弘恒生港股通汽车主题ETF,天弘恒生港股通汽车主题交易型开放式指数证券投资基金招募说明书,2026-04-02,、赎回，具体业务的办理时间请参见相关公告。 在目前结算规则下，投资者当日申购的基金份额，清算交收完成后可卖出和 赎回，即 T 日申购的 ETF 份额且日间完成 RTGS（实时逐笔全额结算）交收的，T 日可卖出与赎回，而 T 日申购的 ETF 份额且日终完成逐笔全额非担保交收的，T+1 日方可卖出和赎回；T 日竞价买入的基金份额，T 日可以卖出或赎回；T 日大宗 买入的基金份额，T 日可以大宗卖出，T+1 日可以竞价卖出或赎回。 目前本基金的申购赎回采用全现金替代模式，申购对价、赎回对价包括现金 替代、现金差额及其他对价，即投资人在场内可以现金申购、赎回办理本基金的 申购、赎回业务。未来在条件允许的情况下，基金管理人可以在场内开通本基金 实物申购赎回方式或者其他现金申购、赎回以外的,,申购替代金额的处理程序如下： 招募说明书 46 在 T 日（指港股通交易日）内，基金管理人以收到的申购替代金额代投资者 买入被替代证券。基金管理人有权在 T 日（指港股通交易日）内任意时刻以收到 的申购替代金额代投资者买入小于等于被替代证券数量的任意数量的被替代证 券。基金管理人有权根据基金投资的需要自主决定不买入部分被替代证券，或者 不进行任何买入证券的操作。 T 日（指港股通交易日）日终，基金管理人根据所购入的被替代证券的实际 单位购入成本（包括买入价格与相关费用）和未买入的被替代证券的 T 日（指港 股通交易日）收盘价（折算为人民币；T 日（指港股通交易日）在证券交易所无 交易的，取最近交易日的收盘价；交易日无收盘价的，取最后成交价）计算被替 代证券的单位结算成本，在此基础上根据替代证券数量和申购替代金额确定基金 应退还投资者或投资者应补交的款项。T 日（指港股通交易日）后的第 2 个港股 通交易日后的 3 个工作日内，基金管理人将应退款或补款与相关申购赎回代理券 商办理交收。在此期间若该证券发生除息、送股（转增）、配股等重要权益变动， 则进行相应调整。 当出现半日港股通交易日、临时停市或港股通每日额度不足等特殊情况时， 计算并确定被替代证券的单位结算成本的时间将顺延，款项交收的日期也顺延。 如遇证券长期停牌、流动性不足等可能导致收盘价或最后成交价不公允的特殊情 况，可参照证券的估值价格，对结算价格进行调整，如果基金管理人认为该证券 复牌后的价格可能存在较大波动，且可能对基金资产净值产生较大影响，为了更 好的维护基金份额持有人利益，该证券对应的现金替代款的清算交收可在其复牌 后按照实际交易成本办理。在此期间若该证券发生除息、送股（转增）、配股等 重要权益变动，则进行相应调整。 4）赎回替代金额的处理程序如下： 在 T 日（指港股通交易日）内，基金管理人代投资者卖出被替代证券。基 金管理人有权在 T 日（指港股通交易日）内任意时刻代投资者卖出小于等于被 替代证券数量的任意数量的被替代证券。基金管理人有权根据基金投资的需要自 主决定不卖出部分被替代证券，或者不进行任何卖出证券的操作。 T 日（指港股通交易日）内基金管理人根据所卖出的被替代组合证券的实际 单位卖出金额、实际卖出的相关费用（实际卖出金额根据港股通相关业务规则按 招募说明书 47 当天的港股通买入结算汇兑比率折算为人民币）、未卖出的被替代组合证券的 T 日（指港股通交易日）收盘价（折算为人民币，折算汇率采用当天的估值汇率； 被替代组合证券 T 日（指港股通交易日）无交易的，取最近交易日的收盘价； 交易日无收盘价的，取最后成交价）计算并确定被替代组合证券的单位结算金额， 在此基础上根据替代组合证券数量确定赎回替代金额。T 日（指港股通交易日） 后的第 2 个港股通交收日后的 3 个工作日内，基金管,替代金额的处理程序如下： 招募说明书 46 在 T 日（指港股通交易日）内，基金管理人以收到的申购替代金额代投资者 买入被替代证券。基金管理人有权在 T 日（指港股通交易日）内任意时刻以收到 的申购替代金额代投资者买入小于等于被替代证券数量的任意数量的被替代证 券。基金管理人有权根据基金投资的需要自主决定不买入部分被替代证券，或者 不进行任何买入证券的操作。 T 日（指港股通交易日）日终，基金管理人根据所购入的被替代证券的实际 单位购入成本（包括买入价格与相关费用）和未买入的被替代证券的 T 日（指港 股通交易日）收盘价（折算为人民币；T 日（指港股通交易日）在证券交易所无 交易的，取最近交易日的收盘价；交易日无收盘价的，取最后成交价）计算被替 代证券的单位结算成本，在此基础上根据替代证券数量和申购替代金额确定基金 应退还投资者或投资者应补交的款项。T 日（指港股通交易日）后的第 2 个港股 通交易日后的 3 个工作日内，基金管理人将应退款或补款与相关申购赎回代理券 商办理交收。在此期间若该证券发生除息、送股（转增）、配股等重要权益变动， 则进行相应调整。 当出现半日港股通交易日、临时停市或港股通每日额度不足等特殊情况时， 计算并确定被替代证券的单位结算成本的时间将顺延，款项交收的日期也顺延。 如遇证券长期停牌、流动性不足等可能导致收盘价或最后成交价不公允的特殊情 况，可参照证券的估值价格，对结算价格进行调整，如果基金管理人认为该证券 复牌后的价格可能存在较大波动，且可能对基金资产净值产生较大影响，为了更 好的维护基金份额持有人利益，该证券对应的现金替代款的清算交收可在其复牌 后按照实际交易成本办理。在此期间若该证券发生除息、送股（转增）、配股等 重要权益变动，则进行相应调整。 4）赎回替代金额的处理程序如下： 在 T 日（指港股通交易日）内，基金管理人代投资者卖出被替代证券。基 金管理人有权在 T 日（指港股通交易日）内任意时刻代投资者卖出小于等于被 替代证券数量的任意数量的被替代证券。基金管理人有权根据基金投资的需要自 主决定不卖出部分被替代证券，或者不进行任何卖出证券的操作。 T 日（指港股通交易日）内基金管理人根据所卖出的被替代组合证券的实际 单位卖出金额、实际卖出的相关费用（实际卖出金额根据港股通相关业务规则按 招募说明书 47 当天的港股通买入结算汇兑比率折算为人民币）、未卖出的被替代组合证券的 T 日（指港股通交易日）收盘价（折算为人民币，折算汇率采用当天的估值汇率； 被替代组合证券 T 日（指港股通交易日）无交易的，取最近交易日的收盘价； 交易日无收盘价的，取最后成交价）计算并确定被替代组合证券的单位结算金额， 在此基础上根据替代组合证券数量确定赎回替代金额。T 日（指港股通交易日） 后的第 2 个港股通交收日后的 3 个工作日内，基金管理人,赎回；T 日大宗 买入的基金份额，T 日可以大宗卖出，T+1 日可以竞价卖出或赎回。 目前本基金的申购赎回采用全现金替代模式，申购对价、赎回对价包括现金 替代、现金差额及其他对价，即投资人在场内可以现金申购、赎回办理本基金的 申购、赎回业务。未来在条件允许的情况下，基金管理人可以在场内开通本基金 实物申购赎回方式或者其他现金申购、赎回以外的方式办理本基金的申购、赎回 业务，相关业务规则、申购赎回原则等相关事项届时将另行约定并公告。 三、本基金可投资存托凭证，基金净值可能受到存托凭证的境外基础证券价 格波动影响，存托凭证的境外基础证券的相关风险可能直接或间接成为本基金的 风险。具体风险揭示烦请查阅本基金招募说明书“基金的风险提示”章节内容。 本基金可根据投资策略需要或市场环境的变化，选择将部分基金资产投资于 招募说明书 3 存托凭证或选择不将基金资产投资于存托凭证，基金资产并非必然投资存托凭证。 四、本基金资产投资于港股，会面临港股通机制下因投资环境、投资标的、 市场制度以及交易规则等差异带来的特有风险，包括港股市场股价波动较大的风 险（港股市场实行 T+0 回转交易，且对个股不设涨跌幅限制，港股股价可能表现 出比 A 股更为剧烈的股价波动）、汇率风险（汇率波动可能对基金的投资收益造 成损失）、港股通机制下交易日不连贯可能带来的风险（在内地开市香港休市的 情形下，港股通不能正常交易，港股不能及时卖出，可能带来一定的流动性风险） 等。具体风险烦请查阅本基金招募说明书的“基金的风险提示”章节的具体内容。 五、本基金可投资于科创板股票，科创板股票在发行、,/Users/ellis/工具程序开发/港股通逐标的分析/临时数据/159028/159028_招募说明书_20260402.txt
146,520650,南方中证港股通互联网ETF,南方中证港股通互联网交易型开放式指数证券投资基金招募说明书(20251125更新),2025-11-25,券 仅在境内证券交易所上市的ETF产品存在一定差异。在目前结算规则下，投资者当日申购的 基金份额，清算交收完成后方可卖出和赎回，即T日申购的ETF份额且日间完成RTGS（实 时逐笔全额结算）交收，T日可卖出与赎回；T日申购的ETF份额日间未完成交收的，日终 完成逐笔全额非担保交收，T+1日方可卖出和赎回；T日买入的基金份额，T日可以赎回。 投资人投资本基金时需具有上海证券交易所A股账户或基金账户。其中，上海证券交易 所基金账户只能进行基金的现金认购和二级市场交易， 如投资人需要参与基金的申购、 赎回， 则应开立并使用上海证券交易所A股账户。 投资人在投资本基金之前，请仔细阅读本基金的招募说明书、基金产品资料概要和基金 合同等信息披露文件，自主判断基金的投资价值，自主做出投资决策，,,申购现金替代保证金的处理程序 T日， 基金管理人在申购赎回清单中公布申购现金替代溢价比例， 并据此收取申购现金 替代保证金。 正常情况下，对于确认成功的T日（T日为开放日）申购申请，基金管理人根据实际单 位购入成本（包括买入价格与相关费用，按照汇率折算为人民币）或被替代证券的T日收盘 价（按照汇率折算为人民币，被替代证券当日在证券交易所无交易的，取最近交易日的收盘 价；交易日无收盘价的，取最后成交价）计算被替代证券的单位结算成本，在此基础上根据 替代证券数量和申购替代金额确定基金应退还投资者或投资者应补交的款项。 上述汇率目前 采用汇率公允价。汇率公允价包括但不限于港股通结算汇兑比率、中国外汇交易中心最新收 盘价、中国外汇交易中心参考汇率或交易汇率、中国人民银行或其授权机构最新公布的人民 币汇率中间价、与基金托管人商定的其他公允价格等。 正常情况下，T日后的第5个港股通交易日内， 基金管理人将应退款或补款与相关申购 赎回代理券商办理交收。若发生特殊情况，基金管理人可以对交收日期进行相应调整。 如遇港股通临时停市、港股通交易每日额度或总额度不足等特殊情况，组合证券的代 理买入及结算价格可依次顺延至下一港股通交易日直至交易正常， 款项交收的日期也可相应 顺延。如遇证券长期停牌、流动性不足等可能导致收盘价或最后成交价不公允的特殊情况， 可参照证券的估值价格，对结算价格进行调整，如果基金管理人认为该证券复牌后的价格可 能存在较大波动，且可能对基金资产净值产生较大影响，为了更好的维护持有人利益，该证 券对应的现金替代退补款的清算交收可在其复牌后按照实际交易成本或者基金管理人认为 合理的价格办理。在此期间若该证券发生除息、送股（转增） 、配股等重要权益变动，则进 38 行相应调整。基金管理人有权根据基金投资的需要自主决定不买入部分被替代证券，或者不 进行任何买入被替代证券的操作。 D.赎回替代金额的处理程序 正常情况下，对于确认成功的 T 日赎回申请，基金管理人根据实际单位卖出金额（扣 除相关费用， 按照汇率折算为人民币） 或被替代证券的T日收盘价 （按照汇率折算为人民币， 被替代证券当日在证券交易所无交易的，取最近交易日的收盘价；交易日无收盘价的，取最 后成交价）计算被替代证券的单位结算金额，在此基础上根据替代证券数量确定赎回替代金 额。上述汇率目前采用汇率公允价。汇率公允价包括但不限于港股通结算汇兑比率、中国外 汇交易中心最新收盘价、中国外汇交易中心参考汇率或交易汇率、中国人民银行或其授权机 构最新公布的人民币汇率中间价、与基金托管人商定的其他公允价格等。 正常情况下，T 日后的第7个港股通交易日内，基金管理人将应支付的赎回替代金额 与相关申购赎回代理券商办理交收。若发生特殊情况，基金管理人可以对交收日期进行相应 调整。 如遇港股通临时停市等特殊情况，组合证券的代理,赎回替代金额的处理程序 正常情况下，对于确认成功的 T 日赎回申请，基金管理人根据实际单位卖出金额（扣 除相关费用， 按照汇率折算为人民币） 或被替代证券的T日收盘价 （按照汇率折算为人民币， 被替代证券当日在证券交易所无交易的，取最近交易日的收盘价；交易日无收盘价的，取最 后成交价）计算被替代证券的单位结算金额，在此基础上根据替代证券数量确定赎回替代金 额。上述汇率目前采用汇率公允价。汇率公允价包括但不限于港股通结算汇兑比率、中国外 汇交易中心最新收盘价、中国外汇交易中心参考汇率或交易汇率、中国人民银行或其授权机 构最新公布的人民币汇率中间价、与基金托管人商定的其他公允价格等。 正常情况下，T 日后的第7个港股通交易日内，基金管理人将应支付的赎回替代金额 与相关申购赎回代理券商办理交收。若发生特殊情况，基金管理人可以对交收日期进行相应 调整。 如遇港股通临时停市等特殊情况，组合证券的代理卖出及结算价格可依次顺延至下一 港股通交易日直至交易正常，款项交收的日期也可相应顺延。如遇证券长期停牌、流动性不 足等可能导致收盘价或最后成交价不公允的特殊情况，可参照证券的估值价格，对结算价格 进行调整，如果基金管理人认为该证券复牌后的价格可能存在较大波动，且可能对基金资产 净值产生较大影响，为了更好的维护持有人利益，该证券对应的现金替代款的清算交收可在 其复牌后按照实际交易成本或者基金管理人认为合理的价格办理。 在此期间若该证券发生除 息、送股（转增） 、配股等重要权益变动，则进行相应调整。基金管理人有权根据基金投资 的需要自主决定不卖出部分被替代证券，或者不进行任何卖出被替代证券的操作。 E.基金管理人可根据运作情况调整代理申赎投资者买券卖券的相关规则并按规定公告。 F.未来如港股通交易、结算规则发生改变，或上海证券交易所、登记机构有关申购赎 回交易结算规则发生改变，或基金管理人与基金托管人之间的结算相关安排发生改变等，基 金管理人可对上述相关现金替代处理规则进行调整，并按规定公告。 ②必须现金替代 A.适用情形：必须现金替代的证券一般是由于标的指数调整，即将被剔除的成份证券； 或处于停牌的成份证券；或因法律法规限制投资的成份证券；或基金管理人出于保护持有人 利益等原因认为有必要实行必须现金替代的成份证券。 B.替代金额：对于必须现金替代的证券，基金管理人将在申购赎回清单中公告替代的 一定数量的现金，即“固定替代金额”。固定替代金额的计算方法为申购赎回清单中该证券 的数量乘以其T日预计开盘价并按照T-1日估值汇率（如需）换算或基金管理人认为合理的 其他方法。 （3）预估现金差额相关内容 39 预估现金差额是指为便于计算基金份额参考净值及申购赎回代理券商预先冻结申请申 购、赎回的投资人的相应资金，由基金管理人计算的现金数额。 T日申购赎回清单中公告T日预估现金差额。其计,指由基金管理人编制的用以公告申购对价、赎回对价等信息的文件 48、申购对价：指投资人申购基金份额时，按基金合同和招募说明书规定应交付的组合 8 证券、现金替代、现金差额和其他对价或现金替代、现金差额和其他对价 49、赎回对价：指基金份额持有人赎回基金份额时，基金管理人按基金合同和招募说明 书规定应交付给赎回人的组合证券、现金替代、现金差额和其他对价或现金替代、现金差额 和其他对价 50、标的指数：本基金标的指数为中证港股通互联网指数 51、组合证券：指本基金标的指数所包含的全部或部分证券 52、最小申购赎回单位：指本基金申购份额、赎回份额的最低数量，投资人申购或赎回 的基金份额数应为最小申购赎回单位的整数倍 53、现金替代：指申购或赎回过程中，投资人按基金合同和招募说明书的规定，用于替 代组合证券中全部或部分证券的一定数量的现金 54、现金差额：指最小申购赎回单位的资产净值与按当日收盘价计算的最小申购赎回单 位中的组合证券市值和现金替代之差；投资人申购或赎回时应支付或应获得的现金差额根据 最小申购赎回单位对应的现金差额、申购或赎回的基金份额数计算 55、元：指人民币元 56、基金利润：指基金利息收入、汇兑损益、投资收益、公允价值变动收益和其他收入 扣除相关费用后的余额 57、基金资产总值：指基金拥有的各类有价证券及票据价值、银行存款本息、基金应收 申购款及其他资产的价值总和 58、基金资产净值：指基金资产总值减去基金负债后的价值 59、基金份额净值：指估值日基金资产净值除以估值日基金份额总数 60、基金资产估值：指计算评估基金资产和负债的价值，以,/Users/ellis/工具程序开发/港股通逐标的分析/临时数据/520650/520650_更新招募说明书_20251125.txt
147,159210,汇添富中证港股通汽车产业主题ETF,汇添富中证港股通汽车产业主题交易型开放式指数证券投资基金更新招募说明书(2026年5月22日更新),2026-05-22,构的要求完成风险承受能力与产品风险之间的匹配 检验。 在目前结算规则下，投资者当日申购的基金份额，清算交收完成后方可卖出 和赎回，即T日申购的基金份额且日间完成RTGS（实时逐笔全额结算）交收的， T日可卖出和赎回，而T日申购的基金份额且日终完成逐笔全额非担保交收的， T+1日方可卖出和赎回；T日竞价买入的基金份额，T日可以卖出或赎回；T日大 宗买入的基金份额，T日可以大宗卖出，T+1日可以竞价卖出或赎回。 投资者投资于本基金前请认真阅读证券交易所和登记机构关于 ETF 的相关 业务规则及其不时的更新，确保具备相关专业知识、清楚了解相关规则流程后方 可参与本基金的申购、赎回及交易。投资者一旦认购、申购或赎回本基金，即表 示对基金认购、申购和赎回所涉及的基金份额的证券变更登记方式以,,申购替代金额的处理程序 在 T 日（指港股通交易日）内，基金管理人以收到的替代金额代投资者买入 被替代证券。基金管理人有权在 T 日（指港股通交易日）内任意时刻以收到的替 代金额代投资者买入小于等于被替代证券数量的任意数量的被替代证券。基金管 理人有权根据基金投资的需要自主决定不买入部分被替代证券，或者不进行任何 买入证券的操作。T 日（指港股通交易日）日终，基金管理人根据所购入的被替 代证券的实际单位购入成本（包括买入价格与相关费用）和未买入的被替代证券 的 T 日（指港股通交易日）收盘价（折算为人民币）；T 日（指港股通交易日） 在证券交易所无交易的，取最近交易日的收盘价；交易日无收盘价的，取最后成 交价）计算被替代证券的单位结算成本，在此基础上根据替代证券数量和申购替 代金额确定基金应退还投资者或投资者应补交的款项。T 日（指港股通交易日） 后的第 2 个港股通交易日后的 3 个工作日内，基金管理人将应退款或补款与相关 申购赎回代理券商办理交收。在此期间若该证券发生除息、送股（转增）、配股 等重要权益变动，则进行相应调整。 当出现半日港股通交易日、因为风球等因素引发临时停市或港股通每日额度 不足等特殊情况时，计算并确定被替代证券的单位结算成本的时间将顺延，款项 交收的日期也顺延。如遇证券长期停牌、流动性不足等可能导致收盘价或最后成 交价不公允的特殊情况，可参照证券的估值价格，对结算价格进行调整，如果基 金管理人认为该证券复牌后的价格可能存在较大波动，且可能对基金资产净值产 汇添富中证港股通汽车产业主题交易型开放式指数证券投资基金 更新招募说明书 48 生较大影响，为了更好的维护基金份额持有人利益，该证券对应的现金替代款的 清算交收可在其复牌后按照实际交易成本办理。在此期间若该证券发生除息、送 股（转增）、配股等重要权益变动，则进行相应调整。 4）赎回替代金额的处理程序 在 T 日（指港股通交易日）内，基金管理人根据赎回申请代投资者卖出被替 代证券。基金管理人有权在 T 日（指港股通交易日）内任意时刻代投资者卖出小 于等于被替代证券数量的任意数量的被替代证券。基金管理人有权根据基金投资 的需要自主决定不卖出部分被替代证券，或者不进行任何卖出证券的操作。T 日 （指港股通交易日）日终，基金管理人根据所卖出的被替代证券的实际单位卖出 金额（扣除相关费用）和未卖出的被替代证券的 T 日（指港股通交易日）收盘价 （折算为人民币）；被替代证券 T 日（指港股通交易日）在证券交易所无交易的， 取最近交易日的收盘价；交易日无收盘价的，取最后成交价）计算被替代证券的 单位结算金额，在此基础上根据替代证券数量确定赎回替代金额。T 日（指港股 通交易日）后的第 2 个港股通交收日后的 3 个工作日内，基金管理人将应支付的 赎回替代金额与相关申购赎回代理券商办理交收。在此期间,替代金额的处理程序 在 T 日（指港股通交易日）内，基金管理人以收到的替代金额代投资者买入 被替代证券。基金管理人有权在 T 日（指港股通交易日）内任意时刻以收到的替 代金额代投资者买入小于等于被替代证券数量的任意数量的被替代证券。基金管 理人有权根据基金投资的需要自主决定不买入部分被替代证券，或者不进行任何 买入证券的操作。T 日（指港股通交易日）日终，基金管理人根据所购入的被替 代证券的实际单位购入成本（包括买入价格与相关费用）和未买入的被替代证券 的 T 日（指港股通交易日）收盘价（折算为人民币）；T 日（指港股通交易日） 在证券交易所无交易的，取最近交易日的收盘价；交易日无收盘价的，取最后成 交价）计算被替代证券的单位结算成本，在此基础上根据替代证券数量和申购替 代金额确定基金应退还投资者或投资者应补交的款项。T 日（指港股通交易日） 后的第 2 个港股通交易日后的 3 个工作日内，基金管理人将应退款或补款与相关 申购赎回代理券商办理交收。在此期间若该证券发生除息、送股（转增）、配股 等重要权益变动，则进行相应调整。 当出现半日港股通交易日、因为风球等因素引发临时停市或港股通每日额度 不足等特殊情况时，计算并确定被替代证券的单位结算成本的时间将顺延，款项 交收的日期也顺延。如遇证券长期停牌、流动性不足等可能导致收盘价或最后成 交价不公允的特殊情况，可参照证券的估值价格，对结算价格进行调整，如果基 金管理人认为该证券复牌后的价格可能存在较大波动，且可能对基金资产净值产 汇添富中证港股通汽车产业主题交易型开放式指数证券投资基金 更新招募说明书 48 生较大影响，为了更好的维护基金份额持有人利益，该证券对应的现金替代款的 清算交收可在其复牌后按照实际交易成本办理。在此期间若该证券发生除息、送 股（转增）、配股等重要权益变动，则进行相应调整。 4）赎回替代金额的处理程序 在 T 日（指港股通交易日）内，基金管理人根据赎回申请代投资者卖出被替 代证券。基金管理人有权在 T 日（指港股通交易日）内任意时刻代投资者卖出小 于等于被替代证券数量的任意数量的被替代证券。基金管理人有权根据基金投资 的需要自主决定不卖出部分被替代证券，或者不进行任何卖出证券的操作。T 日 （指港股通交易日）日终，基金管理人根据所卖出的被替代证券的实际单位卖出 金额（扣除相关费用）和未卖出的被替代证券的 T 日（指港股通交易日）收盘价 （折算为人民币）；被替代证券 T 日（指港股通交易日）在证券交易所无交易的， 取最近交易日的收盘价；交易日无收盘价的，取最后成交价）计算被替代证券的 单位结算金额，在此基础上根据替代证券数量确定赎回替代金额。T 日（指港股 通交易日）后的第 2 个港股通交收日后的 3 个工作日内，基金管理人将应支付的 赎回替代金额与相关申购赎回代理券商办理交收。在此期间若该,可参与本基金的申购、赎回及交易。投资者一旦认购、申购或赎回本基金，即表 示对基金认购、申购和赎回所涉及的基金份额的证券变更登记方式以及申购赎回 所涉及现金替代、现金差额等相关的交收方式已经认可。 投资有风险，投资者在进行投资决策前，请仔细阅读本基金的《招募说明书》、 汇添富中证港股通汽车产业主题交易型开放式指数证券投资基金 更新招募说明书 3 《基金合同》、基金产品资料概要等信息披露文件，并根据自身的投资目的、投 资期限、投资经验、资产状况等判断基金是否和投资者的风险承受能力相适应， 自主判断基金的投资价值，自主做出投资决策，自行承担投资风险。 基金的过往业绩并不预示其未来表现，基金管理人管理的其他基金的业绩也 不构成对本基金业绩表现的保证。 基金管理人依照恪尽职守、诚实信用、谨慎勤勉的原则管理和运用基金财产， 但不保证投资于本基金一定盈利，也不保证最低收益。 基金管理人提醒投资者基金投资的“买者自负”原则，在投资者作出投资决 策后，基金运营状况与基金净值变化导致的投资风险，由投资者自行负担。 本次招募说明书更新主要涉及基金管理人、基金托管人、相关服务机构、财 务数据和净值表现、托管协议的内容摘要、其他应披露事项等 ，更新所载内容 截止日为 2026 年 5 月 21 日，有关财务数据和净值表现截止日为 2026 年 3 月 31 日。 汇添富中证港股通汽车产业主题交易型开放式指数证券投资基金 更新招募说明书 4 第一部分 绪言 本招募说明书依据《中华人民共和国证券投资基金法》(以下简称“《基金 法》”)、《公开募集证券投资基金运作管理办法》(以,/Users/ellis/工具程序开发/港股通逐标的分析/临时数据/159210/159210_更新招募说明书_20260522.txt
148,159699,广发恒生消费(QDII-ETF),广发恒生消费交易型开放式指数证券投资基金(QDII)更新的招募说明书,2026-07-06,价格折溢价的风险。 根据本基金现行适用的清算交收和申赎处理规则，投资者当日申购的基金份额，清算交 收完成后方可卖出和赎回，即T 日申购的ETF 份额且日间完成 RTGS（实时逐笔全额结算）交 收，T 日可卖出与赎回，而T 日申购的 ETF 份额且日终完成逐笔全额非担保交收的，T+1 日方 可卖出和赎回；T 日竞价买入的基金份额，T 日可以赎回或卖出。由于登记结算机构对现金替 代采取非净额结算交收模式，当投资者赎回申请被登记结算机构确认后，被赎回的基金份额 即被记减，但此时投资者尚未收到赎回现金替代款。投资者投资本基金时需具有证券账户， 证券账户是指深圳证券交易所 A 股账户或深圳证券交易所证券投资基金账户。 基金管理人提醒投资人基金投资的“买者自负”原则，在投资人作出投资决策后，,,替代金额的处理程序 T日， 基金管理人在申购赎回清单中公布现金替代溢价比例， 并据此收取申购替代金额。 正常情况下，对于确认成功的 T日申购申请，在 T日内，基金管理人以收到的申购现金 替代保证金代投资者买入被替代证券。在 T 日日终，基金管理人已买入的证券，依据被替代 证券的实际购入成本（包括买入价格与相关费用，折算为人民币）计算被替代证券的单位成 本，在此基础上根据替代证券数量和申购替代金额确定基金应退还投资者或投资者应补交的 款项；未买入的证券，依据被替代证券的 T 日收盘价（折算为人民币，被替代证券当日在证 券交易所无交易的，取最近交易日的收盘价）计算被替代证券的单位成本，在此基础上根据 65 替代证券数量和申购替代金额确定基金应退还投资者或投资者应补交的款项。若发生特殊情 况，基金管理人可以对交收日期进行相应调整。 正常情况下，对于确认成功的 T日赎回申请，在 T日内，基金管理人根据赎回申请代投 资者卖出被替代证券。在 T 日日终，基金管理人已卖出的证券，按照实际单位卖出金额（扣 除相关费用，折算为人民币）计算被替代证券的单位结算金额，在此基础上根据替代证券数 量确定赎回替代金额；未卖出的证券，按照被替代证券的 T 日收盘价（折算为人民币，被替 代证券当日在证券交易所无交易的，取最近交易日的收盘价）计算被替代证券的单位结算金 额，在此基础上根据替代证券数量确定赎回替代金额。若发生特殊情况，基金管理人可以对 交收日期进行相应调整。 正常情况下，T 日后的第 5 个开放日内，基金管理人将申购的应退款或补款与相关申购 赎回代理机构办理交收；T 日后的第 8 个开放日内，基金管理人将应支付的赎回替代金额与 相关申购赎回代理券商办理交收。 如遇境外主要投资市场或港股通临时停市、港股通交易每日额度或总额度不足等特殊情 况，组合证券的代理买入及结算价格可依次顺延至下一港股通、深圳证券交易所和本基金的 境外主要投资市场的共同交易日直至交易正常，款项交收的日期也顺延。若发生特殊情况， 基金管理人可以对以上交收日期进行相应调整。如遇证券长期停牌、流动性不足等可能导致 收盘价或最后成交价不公允的特殊情况，可参照证券的估值价格，对结算价格进行调整，如 果基金管理人认为该证券复牌后的价格可能存在较大波动，且可能对基金资产净值产生较大 影响，为了更好的维护持有人利益，该证券对应的现金替代款的清算交收可在其复牌后按照 实际交易成本办理。在此期间若该证券发生除息、送股（转增） 、配股等重要权益变动，则进 行相应调整。 若发生特殊情况，基金管理人可以对交收日期进行相应调整。 基金管理人可根据运作情况调整代理申赎投资者买券卖券的相关规则并按规定公告。 4）未来如境外主要投资市场或港股通的交易、结算规则发生改变，或深圳证券交易所、 登记机构 ETF申购赎回交易结算规则发生改变，或基金管,替代金额的处理程序 T日， 基金管理人在申购赎回清单中公布现金替代溢价比例， 并据此收取申购替代金额。 正常情况下，对于确认成功的 T日申购申请，在 T日内，基金管理人以收到的申购现金 替代保证金代投资者买入被替代证券。在 T 日日终，基金管理人已买入的证券，依据被替代 证券的实际购入成本（包括买入价格与相关费用，折算为人民币）计算被替代证券的单位成 本，在此基础上根据替代证券数量和申购替代金额确定基金应退还投资者或投资者应补交的 款项；未买入的证券，依据被替代证券的 T 日收盘价（折算为人民币，被替代证券当日在证 券交易所无交易的，取最近交易日的收盘价）计算被替代证券的单位成本，在此基础上根据 65 替代证券数量和申购替代金额确定基金应退还投资者或投资者应补交的款项。若发生特殊情 况，基金管理人可以对交收日期进行相应调整。 正常情况下，对于确认成功的 T日赎回申请，在 T日内，基金管理人根据赎回申请代投 资者卖出被替代证券。在 T 日日终，基金管理人已卖出的证券，按照实际单位卖出金额（扣 除相关费用，折算为人民币）计算被替代证券的单位结算金额，在此基础上根据替代证券数 量确定赎回替代金额；未卖出的证券，按照被替代证券的 T 日收盘价（折算为人民币，被替 代证券当日在证券交易所无交易的，取最近交易日的收盘价）计算被替代证券的单位结算金 额，在此基础上根据替代证券数量确定赎回替代金额。若发生特殊情况，基金管理人可以对 交收日期进行相应调整。 正常情况下，T 日后的第 5 个开放日内，基金管理人将申购的应退款或补款与相关申购 赎回代理机构办理交收；T 日后的第 8 个开放日内，基金管理人将应支付的赎回替代金额与 相关申购赎回代理券商办理交收。 如遇境外主要投资市场或港股通临时停市、港股通交易每日额度或总额度不足等特殊情 况，组合证券的代理买入及结算价格可依次顺延至下一港股通、深圳证券交易所和本基金的 境外主要投资市场的共同交易日直至交易正常，款项交收的日期也顺延。若发生特殊情况， 基金管理人可以对以上交收日期进行相应调整。如遇证券长期停牌、流动性不足等可能导致 收盘价或最后成交价不公允的特殊情况，可参照证券的估值价格，对结算价格进行调整，如 果基金管理人认为该证券复牌后的价格可能存在较大波动，且可能对基金资产净值产生较大 影响，为了更好的维护持有人利益，该证券对应的现金替代款的清算交收可在其复牌后按照 实际交易成本办理。在此期间若该证券发生除息、送股（转增） 、配股等重要权益变动，则进 行相应调整。 若发生特殊情况，基金管理人可以对交收日期进行相应调整。 基金管理人可根据运作情况调整代理申赎投资者买券卖券的相关规则并按规定公告。 4）未来如境外主要投资市场或港股通的交易、结算规则发生改变，或深圳证券交易所、 登记机构 ETF申购赎回交易结算规则发生改变，或基金管,可参与本基金的申购、赎回及交易。投资者一旦认购、申购或赎回本基 金，即表示对基金认购、申购和赎回所涉及的基金份额的证券变更登记方式以及申购赎回所 涉及现金替代、现金差额等相关的交收方式已经认可。 当基金资产规模接近或达到外汇额度使用上限时，基金管理人有权暂停基金的申购，届 时投资者可能面临申购失败的风险和基金份额二级市场交易价格折溢价的风险。 根据本基金现行适用的清算交收和申赎处理规则，投资者当日申购的基金份额，清算交 收完成后方可卖出和赎回，即T 日申购的ETF 份额且日间完成 RTGS（实时逐笔全额结算）交 收，T 日可卖出与赎回，而T 日申购的 ETF 份额且日终完成逐笔全额非担保交收的，T+1 日方 可卖出和赎回；T 日竞价买入的基金份额，T 日可以赎回或卖出。由于登记结算机构对现金替 代采取非净额结算交收模式，当投资者赎回申请被登记结算机构确认后，被赎回的基金份额 即被记减，但此时投资者尚未收到赎回现金替代款。投资者投资本基金时需具有证券账户， 证券账户是指深圳证券交易所 A 股账户或深圳证券交易所证券投资基金账户。 基金管理人提醒投资人基金投资的“买者自负”原则，在投资人作出投资决策后，基金 运营状况与基金净值变化引致的投资风险，由投资人自行负责。 本基金由广发基金管理有限公司独立管理，未聘请境外投资顾问。 投资人在进行投资决策前，请仔细阅读本基金的《招募说明书》 、 《基金产品资料概要》 及《基金合同》 ，自主判断基金的投资价值，自主做出投资决策，自行承担投资风险。 基金的过往业绩并不预示其未来表现，基金管理人管理的其他基金的业绩并,/Users/ellis/工具程序开发/港股通逐标的分析/临时数据/159699/159699_更新招募说明书_20260706.txt
149,159135,前海开源恒生港股通科技主题ETF,前海开源恒生港股通科技主题交易型开放式指数证券投资基金招募说明书,2025-12-29,登记机构相关业务规则和参与各方相关协议及其不时修订的有关规定。 本基金申购业务采用实时逐笔全额结算（Real Time Gross Settlement，简称 RTGS）模式； 赎回业务涉及的现金替代采用代收代付处理；申购、赎回业务涉及的现金差额和现金替代退 补款采用代收代付处理。 投资者 T 日申购成功后，正常情况下，登记机构在 T 日为投资者办理基金份额与现金 替代等的交收，并将结果发送给申购赎回代理券商、基金管理人和基金托管人。基金管理人 与申购赎回代理券商在 T+2 日内根据登记机构代收代付业务规则办理现金差额的交收。 投资者 T 日赎回成功后，正常情况下，登记机构在 T 日收市后为投资者办理基金份额 的交收，并将结果发送给申购赎回代理券商、基金管理人和基金托管人。基金管,应调整。 如遇证券长期停牌、流动性不足等可能导致收盘价或最后成交价不公允的特殊情况，可 参照证券的估值价格，对结算价格进行调整，如果基金管理人认为该证券复牌后的价格可能 存在较大波动，且可能对基金资产净值产生较大影响，为了更好的维护基金份额持有人利益， 该证券对应的申购现金替代退补款或赎回现金替代款的清算交收可在其复牌后按照实际交 易成本或者基金管理人认为合理的价格办理。在此期间若该证券发生除息、送股（转增）、 配股等重要权益变动，则进行相应调整。 对于 T 日的申购赎回申请，基金管理人有权进行轧差处理，针对净申购，买入净申购 份额对应的组合证券中被替代证券，针对净赎回，卖出净赎回份额对应的组合证券中被替代 证券，基金管理人有权买入或者卖出不等于轧差处理后的上述被替代证券的任意数量。 基金管理人可根据运作情况调整代理申赎投资者买券卖券的相关规则并按规定公告。 未来如港股通的交易、结算规则发生改变，或深圳证券交易所、登记机构有关申购赎回 交易结算规则发生改变，或基金管理人与基金托管人之间的结算相关安排发生改变，基金管 理人可对现金替代处理规则进行调整，并按规定公告。 （3）必须现金替代 1）适用情形：必须现金替代的证券一般是由于标的指数调整，即将被剔除的成份证券； 或处于停牌的成份证券；或法律法规限制投资的成份证券；或基金管理人出于保护基金份额 持有人利益原则等原因认为有必要实行必须现金替代的成份证券。 2）替代金额：对于必须现金替代的证券，基金管理人将在申购赎回清单中公告替代的 一定数量的现金，即“固定替代金额”。固定替代金额的计算方法为申购赎回清单中该证券 的数量乘以其调整后 T 日开盘参考价并按照 T-1 日估值汇率换算或基金管理人认为合理的其 他方法。 5、预估现金差额相关,申购替代金额的处理程序 T 日，基金管理人在申购赎回清单中公布现金替代溢价比例，并据此收取申购替代金额。 正常情况下，对于确认成功的 T 日申购申请，T 日内基金管理人根据申购规模进行组合 证券的代理买入。基金管理人有权根据投资需要自主决定不买入部分被替代证券，或者不进 行任何买入证券的操作。T 日日终，若已买入全部被替代的证券，则以申购替代金额与被替 招募说明书 43 代证券的实际买入成本（包括买入价格与交易费用，按汇率折算为人民币）的差额，确定基 金应退还投资人或投资人应补交的款项；若未能买入全部被替代的证券，则以申购替代金额 与所买入部分被替代证券实际买入成本（包括买入价格与交易费用，按汇率折算为人民币） 加上按照 T 日收盘价（按汇率折算为人民币；被替代证券当日无交易的，取最近交易日的 收盘价；交易日无收盘价的，取最后成交价）计算的未买入部分被替代证券价值的差额，确 定基金应退还投资人或投资人应补交的款项。在 T 日发生除息、送股（转增）、配股等重要 权益变动，则进行相应调整。未买入部分包含因申购赎回轧差处理而未实际买入的申购申请 对应的被替代组合证券。 上述汇率目前采用汇率公允价。汇率公允价包括但不限于港股通结算汇兑比率、中国人 民银行或其授权机构最新公布的人民币汇率中间价、中国外汇交易中心参考汇率或交易汇率、 中国外汇交易中心最新收盘价、基金管理人与基金托管人商定的其他公允价格等。 T 日后（不含 T 日）的 3 个港股通交收日内，基金管理人将应退款或补款与相关申购赎 回代理券商办理交收。若发生特殊情况，基金管理人可以对交收日期进行相应调整。未来基 金管理人有权视基金运行情况，经与基金托管人协商一致，对折算汇率和未买入被替代证券 的计算价格进行调整，并提前公告。 4）赎回替代金额的处理程序 正常情况下，对于确认成功的 T 日赎回申请，T 日内基金管理人根据赎回规模进行组合 证券的代理卖出。基金管理人有权根据投资需要自主决定不卖出部分被替代证券，或者不进 行任何卖出证券的操作。T 日日终，若已卖出全部被替代的证券，则以被替代证券的实际卖 出收入（卖出价格扣除交易费用，按汇率折算为人民币），确定基金应支付给投资者的赎回 替代金额；若未能卖出全部被替代的证券，则以所卖出部分被替代证券实际卖出收入（卖出 价格扣除交易费用，按汇率折算为人民币）加上按照 T 日收盘价（按汇率折算为人民币； 被替代证券当日无交易的，取最近交易日的收盘价；交易日无收盘价的，取最后成交价）计 算的未卖出部分被替代证券的价值，确定基金应支付给投资者的赎回替代金额。在 T 日发 生除息、送股（转增）、配股等重要权益变动，则进行相应调整。未卖出部分包含因申购赎 回轧差处理而未实际卖出的赎回申请对应的被替代组合证券。 上述汇率目前采用汇率公允价。汇率公允价包括但不限于港股通结算汇兑比率、,替代金额的处理程序 T 日，基金管理人在申购赎回清单中公布现金替代溢价比例，并据此收取申购替代金额。 正常情况下，对于确认成功的 T 日申购申请，T 日内基金管理人根据申购规模进行组合 证券的代理买入。基金管理人有权根据投资需要自主决定不买入部分被替代证券，或者不进 行任何买入证券的操作。T 日日终，若已买入全部被替代的证券，则以申购替代金额与被替 招募说明书 43 代证券的实际买入成本（包括买入价格与交易费用，按汇率折算为人民币）的差额，确定基 金应退还投资人或投资人应补交的款项；若未能买入全部被替代的证券，则以申购替代金额 与所买入部分被替代证券实际买入成本（包括买入价格与交易费用，按汇率折算为人民币） 加上按照 T 日收盘价（按汇率折算为人民币；被替代证券当日无交易的，取最近交易日的 收盘价；交易日无收盘价的，取最后成交价）计算的未买入部分被替代证券价值的差额，确 定基金应退还投资人或投资人应补交的款项。在 T 日发生除息、送股（转增）、配股等重要 权益变动，则进行相应调整。未买入部分包含因申购赎回轧差处理而未实际买入的申购申请 对应的被替代组合证券。 上述汇率目前采用汇率公允价。汇率公允价包括但不限于港股通结算汇兑比率、中国人 民银行或其授权机构最新公布的人民币汇率中间价、中国外汇交易中心参考汇率或交易汇率、 中国外汇交易中心最新收盘价、基金管理人与基金托管人商定的其他公允价格等。 T 日后（不含 T 日）的 3 个港股通交收日内，基金管理人将应退款或补款与相关申购赎 回代理券商办理交收。若发生特殊情况，基金管理人可以对交收日期进行相应调整。未来基 金管理人有权视基金运行情况，经与基金托管人协商一致，对折算汇率和未买入被替代证券 的计算价格进行调整，并提前公告。 4）赎回替代金额的处理程序 正常情况下，对于确认成功的 T 日赎回申请，T 日内基金管理人根据赎回规模进行组合 证券的代理卖出。基金管理人有权根据投资需要自主决定不卖出部分被替代证券，或者不进 行任何卖出证券的操作。T 日日终，若已卖出全部被替代的证券，则以被替代证券的实际卖 出收入（卖出价格扣除交易费用，按汇率折算为人民币），确定基金应支付给投资者的赎回 替代金额；若未能卖出全部被替代的证券，则以所卖出部分被替代证券实际卖出收入（卖出 价格扣除交易费用，按汇率折算为人民币）加上按照 T 日收盘价（按汇率折算为人民币； 被替代证券当日无交易的，取最近交易日的收盘价；交易日无收盘价的，取最后成交价）计 算的未卖出部分被替代证券的价值，确定基金应支付给投资者的赎回替代金额。在 T 日发 生除息、送股（转增）、配股等重要权益变动，则进行相应调整。未卖出部分包含因申购赎 回轧差处理而未实际卖出的赎回申请对应的被替代组合证券。 上述汇率目前采用汇率公允价。汇率公允价包括但不限于港股通结算汇兑比率、中国,申购赎回清单：指由基金管理人编制的用以公告申购对价、赎回对价等信息的文件 48、申购对价：指投资人申购基金份额时，按基金合同和招募说明书规定应交付的现金 替代、现金差额及其他对价 49、赎回对价：指基金份额持有人赎回基金份额时，基金管理人按基金合同和招募说明 书规定应交付给赎回人的现金替代、现金差额及其他对价 50、组合证券：指本基金标的指数所包含的全部或部分证券 51、标的指数：指恒生港股通科技主题指数及其未来可能发生的变更 52、现金替代：指申购、赎回过程中，投资人按基金合同和招募说明书的规定，用于替 代组合证券中全部或部分证券的一定数量的现金 53、现金差额：指最小申购、赎回单位的资产净值与按当日收盘价计算的最小申购、赎 回单位中的组合证券市值和现金替代之差；投资人申购、赎回时应支付或应获得的现金差额 根据最小申购、赎回单位对应的现金差额和申购或赎回的最小申购、赎回单位数量计算 54、预估现金差额：指由基金管理人估计并在 T 日申购赎回清单中公布的当日现金差 额的估计值，预估现金差额由申购赎回代理券商预先冻结 55、最小申购、赎回单位：指本基金申购份额、赎回份额的最低数量，投资人申购、赎 回的基金份额应为最小申购、赎回单位的整数倍 56、基金份额参考净值：指基金管理人或基金管理人委托的机构在开市后根据申购赎回 清单和组合证券内各只证券的实时成交数据及汇率数据计算，并通过深圳证券交易所发布的 基金份额参考净值，简称“IOPV” 57、基金份额折算：指基金管理人根据基金运作的需要，在基金资产净值不变的前提下， 按照一定比例调整基金份额总额及基金,/Users/ellis/工具程序开发/港股通逐标的分析/临时数据/159135/159135_招募说明书_20251229.txt
150,520740,华安中证港股通互联网ETF,华安中证港股通互联网交易型开放式指数证券投资基金招募说明书,2026-06-26,份额的交收适用业务 规则的规定和参与各方相关协议的有关规定。 本基金申购业务采用实时逐笔全额结算（Real Time Gross Settlement ，简称 RTGS）模式；赎回业务涉及的现金替代采用代收代付处理；申购、赎回业务涉 及的现金差额和现金替代退补款采用代收代付处理。 1）申购的清算交收 投资者 T 日申购后， 如交易记录已勾单且申购资金足额的， 登记机构在T 日 日间实时办理基金份额及现金替代的交收；T 日日间未进行勾单确认或日间资金 不足的，登记机构在 T 日日终根据资金是否足额办理基金份额及现金替代的清 算交收， 并将结果发送给基金管理人、 申购赎回代理券商和基金托管人。 基金管 理人在 T+1 日办理现金差额的清算，并将结果发送给申购赎回代理券商、基金 管理人,"可在其复牌后按照实际交易成本办理。 在此期间若 该证券发生除息、送股（转增） 、配股等重要权益变动，则进行相应调整。 5）基金管理人可根据运作情况调整代理申赎投资者买券卖券的相关规则并 按规定公告。 6）未来如港股通的交易、结算规则发生改变，或上海证券交易所、登记机 构有关申购赎回交易结算规则发生改变， 或基金管理人与基金托管人之间的结算 相关安排发生改变等， 基金管理人可对上述相关现金替代处理规则进行调整， 并 按规定公告。 在系统支持的情况下， 对于T 日的申购赎回申请， 基金管理人有权进行轧差 处理， 针对净申购， 购入净申购份额对应的组合证券中被替代的股票， 针对净赎 回， 卖出净赎回份额对应的组合证券中被替代的股票， 基金管理人有权购入或者 卖出不等于轧差处理后的上述被替代的股票的任意数量。 招募说明书 44 （3）必须现金替代 1）适用情形：必须现金替代的证券一般是由于标的指数调整，即将被剔除 的成份股； 或法律法规限制投资的证券； 或基金管理人出于保护基金份额持有人 利益等原因认为有必要实行必须现金替代的成份股。 2）替代金额：对于必须现金替代的证券，基金管理人将在申购、赎回清单 中公告替代的一定数量的现金， 即""固定替代金额""。 固定替代金额的计算方法为 申购、 赎回清单中该证券的数量乘以其T 日预计开盘价并按照 T-1 日汇率换算或 基金管理人认为合理的其他方法。 4、预估现金部分相关内容 预估现金部分是指， 为便于申购赎回代理券商预先冻结申请申购、 赎回的投 资人的相应资金，由基金管理人计算的现金数额。 T 日申购、赎回清单中公告 T 日预估现金部分。其计算公式为： T 日预估现金部分＝T-1 日最小申购赎回单位的基金资产净值－（申购、赎 回清单中必须现金替代",申购现金替代保证金的处理程序 T 日，基金管理人在申购、赎回清单中公布现金替代溢价比率，并据此收取 申购现金替代保证金。 对于确认成功的 T 日申购申请， 基金管理人在收到申购确认信息后， 根据申 购申请代理买入被替代证券。基金管理人有权在 T 日内任意时刻以收到的申购 现金替代保证金代投资者买入小于或等于被替代证券数量的任意数量的被替代 证券。 基金管理人有权根据基金投资的需要自主决定不买入部分被替代证券， 或 者不进行任何买入证券的操作。T 日日终， 基金管理人根据所购入的被替代证券 的实际单位购入成本 （包括买入价格与相关费用） 和未买入的被替代证券的T 日 收盘价 （折算为人民币， 目前折算汇率采用T 日估值汇率， 基金管理人可根据情 况调整所使用的折算汇率，并及时公告；被替代证券 T 日在证券交易所无交易 的， 取最近交易日的收盘价， 交易日无收盘价的， 取最后成交价） 计算被替代证 券的单位结算成本， 在此基础上根据替代证券数量和申购现金替代保证金确定基 金应退还投资者或投资者应补交的款项。T 日后的 3 个港股通交易日内， 基金管 理人将应退款或补款与相关申购赎回代理券商办理交收。 若发生特殊情况， 基金 管理人可以对交收日期进行相应调整。 如遇港股通临时停市、 港股通交易当日额度使用完毕而暂停或停止接受买入 申报等特殊情况， 基金管理人可考虑根据实际情况将港市组合证券的代理买入及 结算价格顺延至下一港股通交易日直至交易正常。如遇港市成份证券长期停牌、 流动性不足等可能导致收盘价或最后成交价不公允的特殊情况， 可参照证券的估 值价格， 对结算价格进行调整， 如果基金管理人认为该证券复牌后的价格可能存 在较大波动， 且可能对基金资产净值产生较大影响， 为了更好的维护持有人利益， 该证券对应的现金替代退补款的清算交收可在其复牌后按照实际交易成本办理。 在此期间若该证券发生除息、送股（转增） 、配股等重要权益变动，则进行相应 调整。 4）赎回替代金额的处理程序 招募说明书 43 对于确认成功的 T 日赎回申请， 基金管理人在收到赎回确认信息后， 根据赎 回申请代理卖出被替代证券。基金管理人有权在 T 日内任意时刻代投资者卖出 小于或等于被替代证券数量的任意数量的被替代证券。 基金管理人有权根据基金 投资的需要自主决定不卖出部分被替代证券，或者不进行任何卖出证券的操作。 T 日日终， 基金管理人根据所卖出的被替代证券的实际单位卖出金额 （扣除相关 费用） 和未卖出的被替代证券的T 日收盘价 （折算为人民币， 目前折算汇率采用 T 日估值汇率，基金管理人可根据情况调整所使用的折算汇率，并及时公告，被 替代证券 T 日在证券交易所无交易的， 取最近交易日的收盘价， 交易日无收盘价 的， 取最后成交价） 计算被替代证券的单位结算金额， 在此基础上根据替代证券,"赎回替代金额的处理程序 招募说明书 43 对于确认成功的 T 日赎回申请， 基金管理人在收到赎回确认信息后， 根据赎 回申请代理卖出被替代证券。基金管理人有权在 T 日内任意时刻代投资者卖出 小于或等于被替代证券数量的任意数量的被替代证券。 基金管理人有权根据基金 投资的需要自主决定不卖出部分被替代证券，或者不进行任何卖出证券的操作。 T 日日终， 基金管理人根据所卖出的被替代证券的实际单位卖出金额 （扣除相关 费用） 和未卖出的被替代证券的T 日收盘价 （折算为人民币， 目前折算汇率采用 T 日估值汇率，基金管理人可根据情况调整所使用的折算汇率，并及时公告，被 替代证券 T 日在证券交易所无交易的， 取最近交易日的收盘价， 交易日无收盘价 的， 取最后成交价） 计算被替代证券的单位结算金额， 在此基础上根据替代证券 数量确定赎回替代金额。T 日后的第 2 个港股通交收日后的第 2 个工作日内， 基 金管理人将应支付的赎回替代金额与相关申购赎回代理券商办理交收。 若发生特 殊情况，基金管理人可以对交收日期进行相应调整。 如遇港股通临时停市等特殊情况， 港市组合证券的代理卖出及结算价格可依 次顺延至下一港股通交易日直至交易正常。 如遇港市成份证券长期停牌、 流动性 不足等可能导致收盘价或最后成交价不公允的特殊情况， 可参照证券的估值价格， 对结算价格进行调整， 如果基金管理人认为该证券复牌后的价格可能存在较大波 动， 且可能对基金资产净值产生较大影响， 为了更好的维护持有人利益， 该证券 对应的现金替代款的清算交收可在其复牌后按照实际交易成本办理。 在此期间若 该证券发生除息、送股（转增） 、配股等重要权益变动，则进行相应调整。 5）基金管理人可根据运作情况调整代理申赎投资者买券卖券的相关规则并 按规定公告。 6）未来如港股通的交易、结算规则发生改变，或上海证券交易所、登记机 构有关申购赎回交易结算规则发生改变， 或基金管理人与基金托管人之间的结算 相关安排发生改变等， 基金管理人可对上述相关现金替代处理规则进行调整， 并 按规定公告。 在系统支持的情况下， 对于T 日的申购赎回申请， 基金管理人有权进行轧差 处理， 针对净申购， 购入净申购份额对应的组合证券中被替代的股票， 针对净赎 回， 卖出净赎回份额对应的组合证券中被替代的股票， 基金管理人有权购入或者 卖出不等于轧差处理后的上述被替代的股票的任意数量。 招募说明书 44 （3）必须现金替代 1）适用情形：必须现金替代的证券一般是由于标的指数调整，即将被剔除 的成份股； 或法律法规限制投资的证券； 或基金管理人出于保护基金份额持有人 利益等原因认为有必要实行必须现金替代的成份股。 2）替代金额：对于必须现金替代的证券，基金管理人将在申购、赎回清单 中公告替代的一定数量的现金， 即""固定替代金额""。 固定",由基金管理人编制的用以公告场内申购对价、场内 赎回对价等信息的文件 53、 申购对价： 指投资者申购基金份额时， 按基金合同和招募说明书规定应 交付的现金替代、现金差额和/或其他对价 54、 赎回对价： 指基金份额持有人赎回基金份额时， 基金管理人按基金合同 和招募说明书规定应交付给该基金份额持有人的现金替代、现金差额和/ 或其他 对价 55、 标的指数： 指本基金跟踪的基准指数， 是由中证指数有限公司发布的中 证港股通互联网指数 56、最小申购、赎回单位：指本基金申购份额、赎回份额的最低数量，投资 者申购、赎回的基金份额应为最小申购、赎回单位的整数倍 57、组合证券：指本基金标的指数所包含的全部或部分证券 招募说明书 6 58、现金替代：指申购、赎回过程中，投资者按基金合同和招募说明书的规 定，用于替代组合证券的一定数量的现金 59、现金差额：指申购、赎回过程中，最小申购、赎回单位的资产净值与按 当日收盘价计算的最小申购、 赎回单位中的组合证券市值和现金替代之差； 投资 者申购、 赎回时应支付或应获得的现金差额根据最小申购、 赎回单位对应的现金 差额、申购或赎回的基金份额数计算 60、 基金份额参考净值： 指基金管理人或基金管理人委托的机构在开市后根 据申购、 赎回清单、 组合证券内各证券的实时成交数据、 汇率等数据计算并通过 上海证券交易所在交易时间内发布的基金份额参考净值，简称“IOPV” 61、预估现金部分：指申购、赎回过程中，为便于计算基金份额参考净值及 申购赎回代理券商预先冻结申请申购、 赎回的投资者的相应资金， 由基金管理人 计算并,/Users/ellis/工具程序开发/港股通逐标的分析/临时数据/520740/520740_招募说明书_20260626.txt
151,159015,国联恒生港股通科技ETF,国联恒生港股通科技主题交易型开放式指数证券投资基金招募说明书,2026-04-08,利，否则，由此产生的任何损失由投资人自行承担。 在目前结算规则下，投资者当日申购的基金份额清算交收完成后可卖出和赎 回，即T 日申购的 ETF 份额且日间完成 RTGS（实时逐笔全额结算）交收，T 日可卖 出与赎回，而T 日申购的 ETF 份额且日终完成逐笔全额非担保交收，T+1 日方可卖 出和赎回；T 日竞价买入的基金份额，T 日可以卖出或赎回；T 日大宗买入的基金 份额，T 日可以大宗卖出，T+1 日可以竞价卖出或赎回。 基金管理人可以在不违反法律法规规定和基金合同约定的情形下，对上述业 务办理规则进行调整，并按照《信息披露办法》的有关规定在规定媒介上公告。 3、申购和赎回的清算交收与登记 本基金申购、赎回过程中涉及的基金份额、组合证券、现金替代、现金差额及 其他对价的清算交,,"申购替代金额的处理程序 对于确认成功的 T 日申购申请， 对于组合证券中需要代为买入的港股， 基金管 理人将在T 日内买入申购被替代的部分证券。T 日（指港股通交易日）日终，基金 管理人根据所购入的被替代证券的实际单位购入成本（包括买入价格与相关费用， 折算为人民币）和未买入的被替代证券的T 日（指港股通交易日）收盘价（折算为 人民币,折算汇率采用基金管理人和基金托管人商定的汇率公允价，汇率公允价包 括中国人民银行或其授权机构公布的人民币汇率中间价、中国外汇交易中心参考 汇率、中国外汇交易中心收盘价、与基金托管人商定的其他公允价格等；T 日（指 港股通交易日）在证券交易所无交易的，取最近交易日的收盘价；交易日无收盘价 的，取最后收盘价）计算被替代证券的单位结算成本，在此基础上根据替代证券数 量和申购替代金额确定基金应退还投资者或投资者应补交的款项。T 日（指港股通 交易日）后的第 2 个港股通交易日后的 3 个工作日内，基金管理人将应退款或补 款与相关申购赎回代理券商办理交收。 在此期间若该证券发生除息、 送股 （转增） 、 配股等重要权益变动，则进行相应调整。 当出现半日港股通交易日、联交所临时停市或港股通每日额度不足等特殊情 况时， 计算并确定被替代证券的单位结算成本的时间将顺延， 款项交收的日期也顺 延。 如遇证券长期停牌、 流动性不足等可能导致收盘价或最后成交价不公允的特殊 情况，可参照证券的估值价格，对结算价格进行调整，如果基金管理人认为该证券 复牌后的价格可能存在较大波动， 且可能对基金资产净值产生较大影响， 为了更好 的维护基金份额持有人利益，该证券对应的现金替代款的清算交收可在其复牌后 按照实际交易成本办理。在此期间若该证券发生除息、送股（转增）、配股等重要 权益变动，则进行相应调整。 国联恒生港股通科技主题交易型开放式指数证券投资基金 招募说明书 45 ④赎回对应的替代金额的处理程序 对于确认成功的 T 日赎回申请，在 T 日内，基金管理人根据赎回申请代投资 者卖出被替代证券。T 日（指港股通交易日）日终，基金管理人根据所卖出的被替 代证券的实际单位卖出金额（卖出价格扣除相关费用，折算为人民币）和未卖出的 被替代证券的T 日（指港股通交易日）收盘价（折算为人民币,折算汇率采用基金 管理人和基金托管人商定的汇率公允价，汇率公允价包括中国人民银行或其授权 机构公布的人民币汇率中间价、 中国外汇交易中心参考汇率、 中国外汇交易中心收 盘价、与基金托管人商定的其他公允价格等；被替代证券T 日（指港股通交易日） 在证券交易所无交易的，取最近交易日的收盘价；交易日无收盘价的，取最后收盘 价） 计算被替代证券的单位结算金额， 在此基础上根据替代证券数量确定赎回替代 金额。T 日（指港股通交易日）后的第2 个港股通交收日后的 3 个工作日内，基金 管理人将","替代金额的处理程序 对于确认成功的 T 日申购申请， 对于组合证券中需要代为买入的港股， 基金管 理人将在T 日内买入申购被替代的部分证券。T 日（指港股通交易日）日终，基金 管理人根据所购入的被替代证券的实际单位购入成本（包括买入价格与相关费用， 折算为人民币）和未买入的被替代证券的T 日（指港股通交易日）收盘价（折算为 人民币,折算汇率采用基金管理人和基金托管人商定的汇率公允价，汇率公允价包 括中国人民银行或其授权机构公布的人民币汇率中间价、中国外汇交易中心参考 汇率、中国外汇交易中心收盘价、与基金托管人商定的其他公允价格等；T 日（指 港股通交易日）在证券交易所无交易的，取最近交易日的收盘价；交易日无收盘价 的，取最后收盘价）计算被替代证券的单位结算成本，在此基础上根据替代证券数 量和申购替代金额确定基金应退还投资者或投资者应补交的款项。T 日（指港股通 交易日）后的第 2 个港股通交易日后的 3 个工作日内，基金管理人将应退款或补 款与相关申购赎回代理券商办理交收。 在此期间若该证券发生除息、 送股 （转增） 、 配股等重要权益变动，则进行相应调整。 当出现半日港股通交易日、联交所临时停市或港股通每日额度不足等特殊情 况时， 计算并确定被替代证券的单位结算成本的时间将顺延， 款项交收的日期也顺 延。 如遇证券长期停牌、 流动性不足等可能导致收盘价或最后成交价不公允的特殊 情况，可参照证券的估值价格，对结算价格进行调整，如果基金管理人认为该证券 复牌后的价格可能存在较大波动， 且可能对基金资产净值产生较大影响， 为了更好 的维护基金份额持有人利益，该证券对应的现金替代款的清算交收可在其复牌后 按照实际交易成本办理。在此期间若该证券发生除息、送股（转增）、配股等重要 权益变动，则进行相应调整。 国联恒生港股通科技主题交易型开放式指数证券投资基金 招募说明书 45 ④赎回对应的替代金额的处理程序 对于确认成功的 T 日赎回申请，在 T 日内，基金管理人根据赎回申请代投资 者卖出被替代证券。T 日（指港股通交易日）日终，基金管理人根据所卖出的被替 代证券的实际单位卖出金额（卖出价格扣除相关费用，折算为人民币）和未卖出的 被替代证券的T 日（指港股通交易日）收盘价（折算为人民币,折算汇率采用基金 管理人和基金托管人商定的汇率公允价，汇率公允价包括中国人民银行或其授权 机构公布的人民币汇率中间价、 中国外汇交易中心参考汇率、 中国外汇交易中心收 盘价、与基金托管人商定的其他公允价格等；被替代证券T 日（指港股通交易日） 在证券交易所无交易的，取最近交易日的收盘价；交易日无收盘价的，取最后收盘 价） 计算被替代证券的单位结算金额， 在此基础上根据替代证券数量确定赎回替代 金额。T 日（指港股通交易日）后的第2 个港股通交收日后的 3 个工作日内，基金 管理人将应支",：指由基金管理人编制的用以公告申购对价、赎回对价等信 息的文件 50、申购对价：指投资人申购基金份额时，按基金合同和招募说明书规定应交 付的组合证券、现金替代、现金差额和/或其他对价 51、赎回对价：指投资人赎回基金份额时，基金管理人按基金合同和招募说明 书规定应交付给投资人的组合证券、现金替代、现金差额和/或其他对价 52、组合证券：指本基金标的指数所包含的全部或部分证券 53、标的指数：指恒生指数有限公司编制并发布的恒生港股通科技主题指数 54、 现金替代： 指申购或赎回过程中， 投资人按基金合同和招募说明书的规定， 用于替代组合证券中部分证券的一定数量的现金 55、现金差额：指最小申购、赎回单位的资产净值与按T 日收盘价计算的最小 申购、 赎回单位中的组合证券市值和现金替代之差； 投资人申购或赎回时应支付或 国联恒生港股通科技主题交易型开放式指数证券投资基金 招募说明书 11 应获得的现金差额根据最小申购、 赎回单位对应的现金差额、 申购或赎回的基金份 额数计算 56、 现金替代退补款： 指投资人支付的现金替代与基金购入被替代成份证券的 成本及相关费用的差额。若现金替代大于本基金购入被替代成份证券的成本及相 关费用， 则本基金需向投资人退还差额， 若现金替代小于本基金购入被替代成份证 券的成本及相关费用，则投资人需向本基金补缴差额 57、最小申购、赎回单位：指本基金申购份额、赎回份额的最低数量，投资人 申购、赎回的基金份额应为最小申购、赎回单位的整数倍 58、 基金份额参考净值： 指基金管理人或基金管理人委托其他机构在相关证券 交易所交易时,/Users/ellis/工具程序开发/港股通逐标的分析/临时数据/159015/159015_招募说明书_20260408.txt
152,159262,广发恒生港股通科技主题ETF,广发恒生港股通科技主题交易型开放式指数证券投资基金更新的招募说明书,2026-07-06,相关的交收方式已经认可。 根据本基金现行适用的清算交收和申赎处理规则，投资者当日申购的基金份额，清算交 收完成后方可卖出和赎回，即T日申购的ETF份额且日间完成RTGS（实时逐笔全额结算）交 收，T日可卖出与赎回， 而T日申购的ETF份额且日终完成逐笔全额非担保交收的，T+1日方可 卖出和赎回；T日竞价买入的基金份额，T日可以卖出或赎回。由于登记结算机构对现金替代 采取非净额结算交收模式，当投资者赎回申请被登记结算机构确认后，被赎回的基金份额即 被记减，但此时投资者尚未收到赎回现金替代款。 投资者投资本基金时需具有证券账户，证券账户是指深圳证券交易所 A股账户或深圳证 券交易所证券投资基金账户。 本基金以1元初始面值进行募集，在市场波动等因素的影响下，存在单位份额净值跌破 1 元,,申购替代金额的处理程序 T 日，基金管理人在申购赎回清单中公布现金替代溢价比例，并据此收取替代金额。对 于确认成功的 T 日申购申请，在 T 日内，基金管理人以收到的替代金额代投资者买入被替代 证券。在 T 日日终，基金管理人已买入的证券，依据替代金额与被替代证券的实际买入成本 （包括买入价格与相关交易费用）的差额，确定基金应退还投资者或投资者应补交的款项； 未买入的证券，依据替代金额与被替代证券 T 日收盘价（需用最新汇率折算为人民币，当日 33 在证券交易所无交易的，取最近交易日的收盘价，当日无收盘价的，取最后成交价）的差 额，确定基金应退还投资者或投资者应补交的款项。 正常情况下，T+3 日（指港股通交易日）内，基金管理人将应退款和补款的明细及汇总 数据发送给相关申购赎回代理机构和基金托管人，相关款项的清算交收将于此后 3 个工作日 内完成。 如遇港股通临时停市、港股通交易每日额度或总额度不足等特殊情况，组合证券的代理 买入及结算价格可依次顺延至下一港股通交易日直至交易正常。如遇证券长期停牌、流动性 不足等特殊情况，可参照证券的估值价格对结算价格进行调整，如果基金管理人认为该证券 复牌后的价格可能存在较大波动，且可能对基金资产净值产生较大影响，为了更好的维护持 有人利益，该证券对应的现金替代退补款的清算交收可在其复牌后按照实际交易成本办理。 在此期间若该证券发生除息、送股（转增）、配股等重要权益变动，则进行相应调整。 上述汇率目前采用汇率公允价。汇率公允价包括中国人民银行或其授权机构最新公布的 人民币汇率中间价、 中国外汇交易中心最新收盘价、 与基金托管人商定的其他公允价格 （如： 中国人民银行或国家外汇管理局或中国外汇交易中心正式对外发文后公布的人民币兑主要外 汇当日收盘价）等。 ④赎回对应的替代金额的处理程序 对于确认成功的 T 日赎回申请，在 T 日内，基金管理人根据赎回申请代投资者卖出被替 代证券。在 T 日日终，基金管理人已卖出的证券，按照被替代证券的实际卖出金额（扣除相 关费用）确定基金应支付的替代金额；未卖出的证券，按照被替代证券 T 日收盘价（需用最 新汇率折算为人民币，当日在证券交易所无交易的，取最近交易日的收盘价，当日无收盘价 的，取最后成交价）确定基金应支付给投资者的替代金额。 正常情况下，T+7 日（指港股通交易日）内，基金管理人将应支付的替代金额的明细及 汇总数据发送给登记结算机构，登记结算机构办理现金替代资金的清算，并将结果发送给相 关申购赎回代理机构和基金托管人，相关款项的清算交收将于此后 3 个工作日内完成。 如遇港股通临时停市等特殊情况，组合证券的代理卖出及结算价格可依次顺延至下一港 股通交易日直至交易正常。如遇证券长期停牌、流动性不足等特殊情况，可参照证券的估值 价格，对结算价格进行调整，如果基金管理人认为该证券复牌,替代金额的处理程序 T 日，基金管理人在申购赎回清单中公布现金替代溢价比例，并据此收取替代金额。对 于确认成功的 T 日申购申请，在 T 日内，基金管理人以收到的替代金额代投资者买入被替代 证券。在 T 日日终，基金管理人已买入的证券，依据替代金额与被替代证券的实际买入成本 （包括买入价格与相关交易费用）的差额，确定基金应退还投资者或投资者应补交的款项； 未买入的证券，依据替代金额与被替代证券 T 日收盘价（需用最新汇率折算为人民币，当日 33 在证券交易所无交易的，取最近交易日的收盘价，当日无收盘价的，取最后成交价）的差 额，确定基金应退还投资者或投资者应补交的款项。 正常情况下，T+3 日（指港股通交易日）内，基金管理人将应退款和补款的明细及汇总 数据发送给相关申购赎回代理机构和基金托管人，相关款项的清算交收将于此后 3 个工作日 内完成。 如遇港股通临时停市、港股通交易每日额度或总额度不足等特殊情况，组合证券的代理 买入及结算价格可依次顺延至下一港股通交易日直至交易正常。如遇证券长期停牌、流动性 不足等特殊情况，可参照证券的估值价格对结算价格进行调整，如果基金管理人认为该证券 复牌后的价格可能存在较大波动，且可能对基金资产净值产生较大影响，为了更好的维护持 有人利益，该证券对应的现金替代退补款的清算交收可在其复牌后按照实际交易成本办理。 在此期间若该证券发生除息、送股（转增）、配股等重要权益变动，则进行相应调整。 上述汇率目前采用汇率公允价。汇率公允价包括中国人民银行或其授权机构最新公布的 人民币汇率中间价、 中国外汇交易中心最新收盘价、 与基金托管人商定的其他公允价格 （如： 中国人民银行或国家外汇管理局或中国外汇交易中心正式对外发文后公布的人民币兑主要外 汇当日收盘价）等。 ④赎回对应的替代金额的处理程序 对于确认成功的 T 日赎回申请，在 T 日内，基金管理人根据赎回申请代投资者卖出被替 代证券。在 T 日日终，基金管理人已卖出的证券，按照被替代证券的实际卖出金额（扣除相 关费用）确定基金应支付的替代金额；未卖出的证券，按照被替代证券 T 日收盘价（需用最 新汇率折算为人民币，当日在证券交易所无交易的，取最近交易日的收盘价，当日无收盘价 的，取最后成交价）确定基金应支付给投资者的替代金额。 正常情况下，T+7 日（指港股通交易日）内，基金管理人将应支付的替代金额的明细及 汇总数据发送给登记结算机构，登记结算机构办理现金替代资金的清算，并将结果发送给相 关申购赎回代理机构和基金托管人，相关款项的清算交收将于此后 3 个工作日内完成。 如遇港股通临时停市等特殊情况，组合证券的代理卖出及结算价格可依次顺延至下一港 股通交易日直至交易正常。如遇证券长期停牌、流动性不足等特殊情况，可参照证券的估值 价格，对结算价格进行调整，如果基金管理人认为该证券复牌后的,可参与本基金的申购、赎回及交易。投资者一旦认购、申购或赎回本基 金，即表示对基金认购、申购和赎回所涉及的基金份额的证券变更登记方式以及申购赎回所 涉及现金替代、现金差额等相关的交收方式已经认可。 根据本基金现行适用的清算交收和申赎处理规则，投资者当日申购的基金份额，清算交 收完成后方可卖出和赎回，即T日申购的ETF份额且日间完成RTGS（实时逐笔全额结算）交 收，T日可卖出与赎回， 而T日申购的ETF份额且日终完成逐笔全额非担保交收的，T+1日方可 卖出和赎回；T日竞价买入的基金份额，T日可以卖出或赎回。由于登记结算机构对现金替代 采取非净额结算交收模式，当投资者赎回申请被登记结算机构确认后，被赎回的基金份额即 被记减，但此时投资者尚未收到赎回现金替代款。 投资者投资本基金时需具有证券账户，证券账户是指深圳证券交易所 A股账户或深圳证 券交易所证券投资基金账户。 本基金以1元初始面值进行募集，在市场波动等因素的影响下，存在单位份额净值跌破 1 元初始面值的风险。基金管理人提醒投资人基金投资的“买者自负”原则，在投资人作出投 资决策后，基金运营状况与基金净值变化引致的投资风险，由投资人自行负责。 投资人在进行投资决策前，请仔细阅读本基金的《招募说明书》、基金产品资料概要及 《基金合同》，自主判断基金的投资价值，自主做出投资决策，自行承担投资风险。 基金的过往业绩并不预示其未来表现，基金管理人管理的其他基金的业绩并不构成对本 基金表现的保证。 本次更新的招募说明书主要对基金管理人、基金托管人、财务数据、净值表现、其他应 披露事项等信息进行修订， 更新,/Users/ellis/工具程序开发/港股通逐标的分析/临时数据/159262/159262_更新招募说明书_20260706.txt
153,520840,华安恒生港股通科技主题ETF,华安恒生港股通科技主题交易型开放式指数证券投资基金更新的招募说明书(2026年第1号),2026-06-26,额的交收适用业务 规则的规定和参与各方相关协议的有关规定。 本基金申购业务采用实时逐笔全额结算（ Real Time Gross Settlement， 简称 RTGS）模式；赎回业务涉及的现金替代采用代收代付处理；申购、赎回业 务涉及的现金差额和现金替代退补款采用代收代付处理。 1）申购的清算交收 投资者 T 日申购后，如交易记录已勾单且申购资金足额的，登记机构在 T 日日间实时办理基金份额及现金替代的交收； T 日日间未进行勾单确认或日间 资金不足的，登记机构在 T 日日终根据资金是否足额办理基金份额及现金替代 的清算交收，并将结果发送给基金管理人、申购赎回代理券商和基金托管人。 基金管理人在 T+1 日办理现金差额的清算，并将结果发送给申购赎回代理券商、 基金管理人和基金托,"理申赎投资者买券卖券的相关规则并 按规定公告。 6）未来如港股通的交易、结算规则发生改变，或上海证券交易所、登记机 构有关申购赎回交易结算规则发生改变，或基金管理人与基金托管人之间的结 算相关安排发生改变等，基金管理人可对上述相关现金替代处理规则进行调整， 并按规定公告。 在系统支持的情况下，对于 T 日的申购赎回申请，基金管理人有权进行轧 差处理，针对净申购，购入净申购份额对应的组合证券中被替代的股票，针对 净赎回，卖出净赎回份额对应的组合证券中被替代的股票，基金管理人有权购 入或者卖出不等于轧差处理后的上述被替代的股票的任意数量。 （3）必须现金替代 1）适用情形：必须现金替代的证券一般是由于标的指数调整，即将被剔除 的成份股；或法律法规限制投资的证券；或基金管理人出于保护基金份额持有 人利益等原因认为有必要实行必须现金替代的成份股。 2）替代金额：对于必须现金替代的证券，基金管理人将在申购、赎回清单 中公告替代的一定数量的现金，即 ""固定替代金额""。固定替代金额的计算方法 为申购、赎回清单中该证券的数量乘以其 T 日预计开盘价并按照 T-1 日汇率换 算或基金管理人认为合理的其他方法。 4、预估现金部分相关内容 预估现金部分是指，为便于申购赎回代理券商预先冻结申请申购、赎回的 投资人的相应资金，由基金管理人计算的现金数额。 T 日申购、赎回清单中公告 T 日预估现金部分。其计算公式为： T 日预估现金部分＝T-1 日最小申购赎回单位的基金资产净值－（申购、赎 回清单中必须现金替代成份股的替代金额＋申购、赎回清单中可以现金替代的 成份股的数量与其T 日预计开盘价（港元计价）及 T-1 日汇率的乘积之和） 其中，T 日预计开盘价主要根据指数公司提供的标的指数成份证券的调整 后开",申购现金替代保证金的处理程序 T 日，基金管理人在申购、赎回清单中公布现金替代溢价比率，并据此收 取申购现金替代保证金。 对于确认成功的 T 日申购申请，基金管理人在收到申购确认信息后，根据 申购申请代理买入被替代证券。基金管理人有权在 T 日内任意时刻以收到的申 购现金替代保证金代投资者买入小于或等于被替代证券数量的任意数量的被替 代证券。基金管理人有权根据基金投资的需要自主决定不买入部分被替代证券， 或者不进行任何买入证券的操作。 T 日日终，基金管理人根据所购入的被替代 证券的实际单位购入成本（包括买入价格与相关费用）和未买入的被替代证券 的 T 日收盘价（折算为人民币，目前折算汇率采用 T 日估值汇率，基金管理人 可根据情况调整所使用的折算汇率，并及时公告；被替代证券 T 日在证券交易 所无交易的，取最近交易日的收盘价，交易日无收盘价的，取最后成交价）计 算被替代证券的单位结算成本，在此基础上根据替代证券数量和申购现金替代 保证金确定基金应退还投资者或投资者应补交的款项。T 日后的 3 个港股通交 易日内，基金管理人将应退款或补款与相关申购赎回代理券商办理交收。若发 第 47 页 共 146 页 生特殊情况，基金管理人可以对交收日期进行相应调整。 如遇港股通临时停市、港股通交易当日额度使用完毕而暂停或停止接受买 入申报等特殊情况，基金管理人可考虑根据实际情况将港市组合证券的代理买 入及结算价格顺延至下一港股通交易日直至交易正常。如遇港市成份证券长期 停牌、流动性不足等可能导致收盘价或最后成交价不公允的特殊情况，可参照 证券的估值价格，对结算价格进行调整，如果基金管理人认为该证券复牌后的 价格可能存在较大波动，且可能对基金资产净值产生较大影响，为了更好的维 护持有人利益，该证券对应的现金替代退补款的清算交收可在其复牌后按照实 际交易成本办理。在此期间若该证券发生除息、送股（转增）、配股等重要权 益变动，则进行相应调整。 4）赎回替代金额的处理程序 对于确认成功的 T 日赎回申请，基金管理人在收到赎回确认信息后，根据 赎回申请代理卖出被替代证券。基金管理人有权在 T 日内任意时刻代投资者卖 出小于或等于被替代证券数量的任意数量的被替代证券。基金管理人有权根据 基金投资的需要自主决定不卖出部分被替代证券，或者不进行任何卖出证券的 操作。T 日日终，基金管理人根据所卖出的被替代证券的实际单位卖出金额 （扣除相关费用）和未卖出的被替代证券的 T 日收盘价（折算为人民币，目前 折算汇率采用 T 日估值汇率，基金管理人可根据情况调整所使用的折算汇率， 并及时公告，被替代证券 T 日在证券交易所无交易的，取最近交易日的收盘价， 交易日无收盘价的，取最后成交价）计算被替代证券的单位结算金额，在此基 础上根据替代证券数量确定赎回替代金额。T 日后的第 2 个港股通交收日,"赎回替代金额的处理程序 对于确认成功的 T 日赎回申请，基金管理人在收到赎回确认信息后，根据 赎回申请代理卖出被替代证券。基金管理人有权在 T 日内任意时刻代投资者卖 出小于或等于被替代证券数量的任意数量的被替代证券。基金管理人有权根据 基金投资的需要自主决定不卖出部分被替代证券，或者不进行任何卖出证券的 操作。T 日日终，基金管理人根据所卖出的被替代证券的实际单位卖出金额 （扣除相关费用）和未卖出的被替代证券的 T 日收盘价（折算为人民币，目前 折算汇率采用 T 日估值汇率，基金管理人可根据情况调整所使用的折算汇率， 并及时公告，被替代证券 T 日在证券交易所无交易的，取最近交易日的收盘价， 交易日无收盘价的，取最后成交价）计算被替代证券的单位结算金额，在此基 础上根据替代证券数量确定赎回替代金额。T 日后的第 2 个港股通交收日后的 第 2 个工作日内，基金管理人将应支付的赎回替代金额与相关申购赎回代理券 商办理交收。若发生特殊情况，基金管理人可以对交收日期进行相应调整。 如遇港股通临时停市等特殊情况，港市组合证券的代理卖出及结算价格可 依次顺延至下一港股通交易日直至交易正常。如遇港市成份证券长期停牌、流 动性不足等可能导致收盘价或最后成交价不公允的特殊情况，可参照证券的估 值价格，对结算价格进行调整，如果基金管理人认为该证券复牌后的价格可能 存在较大波动，且可能对基金资产净值产生较大影响，为了更好的维护持有人 利益，该证券对应的现金替代款的清算交收可在其复牌后按照实际交易成本办 理。在此期间若该证券发生除息、送股（转增）、配股等重要权益变动，则进 第 48 页 共 146 页 行相应调整。 5）基金管理人可根据运作情况调整代理申赎投资者买券卖券的相关规则并 按规定公告。 6）未来如港股通的交易、结算规则发生改变，或上海证券交易所、登记机 构有关申购赎回交易结算规则发生改变，或基金管理人与基金托管人之间的结 算相关安排发生改变等，基金管理人可对上述相关现金替代处理规则进行调整， 并按规定公告。 在系统支持的情况下，对于 T 日的申购赎回申请，基金管理人有权进行轧 差处理，针对净申购，购入净申购份额对应的组合证券中被替代的股票，针对 净赎回，卖出净赎回份额对应的组合证券中被替代的股票，基金管理人有权购 入或者卖出不等于轧差处理后的上述被替代的股票的任意数量。 （3）必须现金替代 1）适用情形：必须现金替代的证券一般是由于标的指数调整，即将被剔除 的成份股；或法律法规限制投资的证券；或基金管理人出于保护基金份额持有 人利益等原因认为有必要实行必须现金替代的成份股。 2）替代金额：对于必须现金替代的证券，基金管理人将在申购、赎回清单 中公告替代的一定数量的现金，即 ""固定替代金额""。固定替代金额的计算方法 为申购、赎回清单中该证券的数量乘以其 T 日预计开盘价",单：指由基金管理人编制的用以公告场内申购对价、场 内赎回对价等信息的文件 52、申购对价：指投资者申购基金份额时，按基金合同和招募说明书规定 应交付的现金替代、现金差额和/或其他对价 53、赎回对价：指基金份额持有人赎回基金份额时，基金管理人按基金合 同和招募说明书规定应交付给该基金份额持有人的现金替代、现金差额和/或其 他对价 54、标的指数：指本基金跟踪的基准指数，是由恒生指数有限公司发布的 恒生港股通科技主题指数 55、最小申购、赎回单位：指本基金申购 份额、赎回份额的最低数量，投 资者申购、赎回的基金份额应为最小申购、赎回单位的整数倍 56、组合证券：指本基金标的指数所包含的全部或部分证券 57、现金替代：指申购、赎回过程中，投资者按基金合同和招募说明书的 规定，用于替代组合证券的一定数量的现金 58、现金差额：指申购、赎回过程中，最小申购、赎回单位的资产净值与 第 12 页 共 146 页 按当日收盘价计算的最小申购、赎回单位中的组合证券市值和现金替代之差； 投资者申购、赎回时应支付或应获得的现金差额根据最小申购、赎回单位对应 的现金差额、申购或赎回的基金份额数计算 59、基金份额参考净值：指基金管理人或基金管理人委托的机构在开市后 根据申购、赎回清单、组合证券内各证券的实时成交数据、汇率等数据计算并 通过上海证券交易所在交易时间内发布的基金份额参考净值，简称“IOPV” 60、预估现金部分：指申购、赎回过程中，为便于计算基金份额参考净值 及申购赎回代理券商预先冻结申请申购、赎回的投资者的相应资金，由基金管 理人计算并公布的现金数额 6,/Users/ellis/工具程序开发/港股通逐标的分析/临时数据/520840/520840_更新招募说明书_20260626.txt
154,159120,国联安港股通科技ETF,国联安恒生港股通科技主题交易型开放式指数证券投资基金招募说明书(更新)(2026年第1号),2026-05-15,况，投资人应及时查询并妥善 行使合法权利。 在目前结算规则下，投资者当日申购的基金份额，清算交收完成后可卖出和 赎回，即 T 日申购的 ETF 份额且日间完成 RTGS（实时逐笔全额结算）交收，T 日 可卖出与赎回，而 T 日申购的 ETF 份额且日终完成逐笔全额非担保交收，T+1 日 国联安恒生港股通科技主题交易型开放式指数证券投资基金招募说明书(更新) 42 方可卖出和赎回；T 日竞价买入的基金份额，T 日可以卖出或赎回。 3、申购与赎回的清算交收与登记 本基金申购、赎回过程中涉及的基金份额、现金替代、现金差额及其他对价 的清算交收适用深圳证券交易所、中国证券登记结算有限责任公司相关业务实施 细则和参与各方相关协议的有关规定。 投资者 T 日申购成功后，正常情况下，登记结算机,,"申购替代金额的处理程序 对于确认成功的 T 日申购申请，对于组合证券中需要代为买入的港股，基金 管理人将在 T 日内买入申购被替代的部分证券。T 日（指港股通交易日）日终， 基金管理人根据所购入的被替代证券的实际单位购入成本（包括买入价格与相关 费用，折算为人民币）和未买入的被替代证券的 T 日（指港股通交易日）收盘价 （折算为人民币,折算汇率采用基金管理人和基金托管人商定的汇率公允价，汇率 公允价包括中国人民银行或其授权机构公布的人民币汇率中间价、中国外汇交易 中心参考汇率、中国外汇交易中心收盘价、与基金托管人商定的其他公允价格等； T 日（指港股通交易日）在证券交易所无交易的，取最近交易日的收盘价）计算 被替代证券的单位结算成本，在此基础上根据替代证券数量和申购替代金额确定 基金应退还投资者或投资者应补交的款项。T 日（指港股通交易日）后的第 2 个 港股通交易日后的 3 个工作日内，基金管理人将应退款或补款与相关申购赎回代 理券商办理交收。在此期间若该证券发生除息、送股（转增）、配股等重要权益变 动，则进行相应调整。 当出现半日港股通交易日、联交所临时停市或港股通每日额度不足等特殊情 国联安恒生港股通科技主题交易型开放式指数证券投资基金招募说明书(更新) 46 况时，计算并确定被替代证券的单位结算成本的时间将顺延，款项交收的日期也 顺延。如遇证券长期停牌、流动性不足等可能导致收盘价或最后成交价不公允的 特殊情况，可参照证券的估值价格，对结算价格进行调整，如果基金管理人认为 该证券复牌后的价格可能存在较大波动，且可能对基金资产净值产生较大影响， 为了更好的维护基金份额持有人利益，该证券对应的现金替代款的清算交收可在 其复牌后按照实际交易成本办理。在此期间若该证券发生除息、送股（转增）、配 股等重要权益变动，则进行相应调整。 ④赎回对应的替代金额的处理程序 对于确认成功的 T 日赎回申请，在 T 日内，基金管理人根据赎回申请代投资 者卖出被替代证券。T 日（指港股通交易日）日终，基金管理人根据所卖出的被 替代证券的实际单位卖出金额（卖出价格扣除相关费用，折算为人民币）和未卖 出的被替代证券的 T 日（指港股通交易日）收盘价（折算为人民币,折算汇率采用 基金管理人和基金托管人商定的汇率公允价，汇率公允价包括中国人民银行或其 授权机构公布的人民币汇率中间价、中国外汇交易中心参考汇率、中国外汇交易 中心收盘价、与基金托管人商定的其他公允价格等；被替代证券 T 日（指港股通 交易日）在证券交易所无交易的，取最近交易日的收盘价）计算被替代证券的单 位结算金额，在此基础上根据替代证券数量确定赎回替代金额。T 日（指港股通 交易日）后的第 2 个港股通交收日后的 3 个工作日内，基金管理人将应支付的赎 回替代金额与相关申购赎回代理券商办理交收。在此期间若该证券发生除息、","替代金额的处理程序 对于确认成功的 T 日申购申请，对于组合证券中需要代为买入的港股，基金 管理人将在 T 日内买入申购被替代的部分证券。T 日（指港股通交易日）日终， 基金管理人根据所购入的被替代证券的实际单位购入成本（包括买入价格与相关 费用，折算为人民币）和未买入的被替代证券的 T 日（指港股通交易日）收盘价 （折算为人民币,折算汇率采用基金管理人和基金托管人商定的汇率公允价，汇率 公允价包括中国人民银行或其授权机构公布的人民币汇率中间价、中国外汇交易 中心参考汇率、中国外汇交易中心收盘价、与基金托管人商定的其他公允价格等； T 日（指港股通交易日）在证券交易所无交易的，取最近交易日的收盘价）计算 被替代证券的单位结算成本，在此基础上根据替代证券数量和申购替代金额确定 基金应退还投资者或投资者应补交的款项。T 日（指港股通交易日）后的第 2 个 港股通交易日后的 3 个工作日内，基金管理人将应退款或补款与相关申购赎回代 理券商办理交收。在此期间若该证券发生除息、送股（转增）、配股等重要权益变 动，则进行相应调整。 当出现半日港股通交易日、联交所临时停市或港股通每日额度不足等特殊情 国联安恒生港股通科技主题交易型开放式指数证券投资基金招募说明书(更新) 46 况时，计算并确定被替代证券的单位结算成本的时间将顺延，款项交收的日期也 顺延。如遇证券长期停牌、流动性不足等可能导致收盘价或最后成交价不公允的 特殊情况，可参照证券的估值价格，对结算价格进行调整，如果基金管理人认为 该证券复牌后的价格可能存在较大波动，且可能对基金资产净值产生较大影响， 为了更好的维护基金份额持有人利益，该证券对应的现金替代款的清算交收可在 其复牌后按照实际交易成本办理。在此期间若该证券发生除息、送股（转增）、配 股等重要权益变动，则进行相应调整。 ④赎回对应的替代金额的处理程序 对于确认成功的 T 日赎回申请，在 T 日内，基金管理人根据赎回申请代投资 者卖出被替代证券。T 日（指港股通交易日）日终，基金管理人根据所卖出的被 替代证券的实际单位卖出金额（卖出价格扣除相关费用，折算为人民币）和未卖 出的被替代证券的 T 日（指港股通交易日）收盘价（折算为人民币,折算汇率采用 基金管理人和基金托管人商定的汇率公允价，汇率公允价包括中国人民银行或其 授权机构公布的人民币汇率中间价、中国外汇交易中心参考汇率、中国外汇交易 中心收盘价、与基金托管人商定的其他公允价格等；被替代证券 T 日（指港股通 交易日）在证券交易所无交易的，取最近交易日的收盘价）计算被替代证券的单 位结算金额，在此基础上根据替代证券数量确定赎回替代金额。T 日（指港股通 交易日）后的第 2 个港股通交收日后的 3 个工作日内，基金管理人将应支付的赎 回替代金额与相关申购赎回代理券商办理交收。在此期间若该证券发生除息、送 ",金的申购、赎回及交易。投资者一旦认购、申 购或赎回本基金，即表示对基金认购、申购和赎回所涉及的基金份额的证券变更 登记方式以及申购赎回所涉及组合证券、现金替代、现金差额等相关的交收方式 已经认可。 本基金发售面值为人民币1.00元。在市场波动因素影响下，本基金净值可能 低于发售面值，本基金投资者有可能出现亏损。因折算、分红等行为导致基金份 额净值变化，不会改变基金的风险收益特征，不会降低基金投资风险或提高基金 投资收益。 投资者申购的基金份额当日起可卖出，投资者赎回获得的股票当日起可卖出。 投资有风险，投资者在认购或申购本基金前应当认真阅读《基金合同》、 国联安恒生港股通科技主题交易型开放式指数证券投资基金招募说明书(更新) 3 《招募说明书》、《基金产品资料概要》等信息披露文件，了解基金的风险收益 特征，并根据自身的投资目的、投资期限、投资经验、资产状况等判断基金是否 和投资者的风险承受能力相适应，自主判断基金的投资价值，自主做出投资决策， 自行承担投资风险。 投资者一旦认购、申购或赎回本基金，即表示对基金认购、申购和赎回所涉 及的基金份额的证券变更登记方式以及申购赎回所涉及申购、赎回对价的交收方 式已经认可。 基金管理人管理的其他基金的业绩并不构成新基金业绩表现的保证。基金管 理人提醒投资者基金投资的“买者自负”原则，在投资者作出投资决策后，基金 运营状况与基金资产净值变化引致的投资风险，由投资者自行负责。 本招募说明书（更新）所载内容截止日为 2026 年 04 月 22 日，“三、基金管 理人”部分内容截止日为 2026 年 5 月 14,/Users/ellis/工具程序开发/港股通逐标的分析/临时数据/159120/159120_更新招募说明书_20260515.txt
155,520610,银华标普港股通低波红利ETF,银华标普港股通低波红利交易型开放式指数证券投资基金招募说明书,2026-01-07,则执行，并依 照《信息披露办法》的有关规定在规定媒介上公告。 本基金申购业务采用实时逐笔全额结算（Real Time Gross Settlement，简 称 RTGS）模式；赎回业务涉及的现金替代采用代收代付处理；申购、赎回业务 涉及的现金差额和现金替代退补款采用代收代付处理。 1）申购的清算交收 投资者 T 日申购后，如交易记录已勾单且申购资金足额的，登记机构在 T 日日间实时办理基金份额及现金替代的交收；T 日日间未进行勾单确认或日间资 金不足的， 登记机构在T 日日终根据资金是否足额办理基金份额及现金替代的清 算交收，并将结果发送给基金管理人、申购赎回代理券商和基金托管人。在 T+1 日内办理现金差额的清算，并将结果发送给申购赎回代理券商、基金管理人和基 金托管人。基金管,买入或不卖出部分被替代证券，或者不进行任何买 入或卖出证券的操作，基金管理人可能不买入或不卖出被替代证券的情形包括 但不限于市场流动性不足、 技术系统无法实现、申购赎回轧差以及基金管理人认 为不需买入或卖出的其他情形。 按照目前的证券代理买卖规则，T 日确认成功的申购或赎回申请，基金管理 人 T 日未买入或未卖出的部分证券，将按该证券T 日收盘价（折算为人民币，目 前折算汇率采用 T日估值汇率， 基金管理人可根据情况调整所使用的折算汇率， 并及时公告， 被替代证券T 日在证券交易所无交易的， 取最近交易日的收盘价， 交易日无收盘价的， 取最后成交价） 计算被替代证券的单位结算成本或结算金额， 因此投资者需承受可能当天无法完成所有证券买卖、未完成买卖部分按收盘价 结算、结算成本或结算金额不确定（含汇率波动、未完成买卖部分的折算汇率与 港股通结算汇率发生偏离） 等风,申购替代金额的处理程序 T 日，基金管理人在申购赎回清单中公布现金替代溢价比例，并据此收取申 购替代金额。正常情况下，基金管理人有权在T 日内任意时刻代申购投资者买入 组合证券中被替代证券的任意数量。T 日日终，基金管理人根据所购入的被替代 组合证券的实际单位购入成本（包括买入价格与相关费用，折算为人民币）和未 购入的被替代组合证券的 T 日收盘价（折算为人民币，折算汇率采用当天的估值 汇率，基金管理人可根据情况调整所使用的折算汇率，并及时公告；被替代组合 证券T 日无交易的， 取最近交易日的收盘价； 交易日无收盘价的， 取最后成交价） 计算并确定被替代组合证券的单位结算成本， 在此基础上根据替代组合证券数量 和申购现金替代保证金确定基金应退还投资人的款项或投资人应补交的款项。T 日后的5 个工作日内， 基金管理人将应退款或补款与相关申购赎回代理券商办理 银华标普港股通低波红利交易型开放式指数证券投资基金 招募说明书 54 交收。若发生特殊情况，基金管理人可以对交收日期进行相应调整。未来基金管 理人有权视产品运行情况，经与基金托管人协商一致，对折算汇率和未购入被替 代证券的计算价格进行调整，并提前公告。 如遇港股通临时停市、港股通交易每日额度或总额度不足等特殊情况，基金 管理人可考虑根据实际情况将组合证券的代理买入及结算价格顺延至下一港股 通交易日直至交易正常。如遇证券长期停牌、流动性不足等可能导致收盘价或最 后成交价不公允的特殊情况，可参照证券的估值价格，对结算价格进行调整，如 果基金管理人认为该证券复牌后的价格可能存在较大波动， 且可能对基金资产净 值产生较大影响，为了更好地维护持有人利益，该证券对应的现金替代退补款的 清算交收可在其复牌后按照实际交易成本或管理人认为合理的价格办理。 在此期 间若该证券发生除息、送股（转增）、配股等重要权益变动，则进行相应调整。 4）赎回替代金额的处理程序 正常情况下， 基金管理人有权在T 日内任意时刻代赎回投资者卖出组合证券 中被替代证券的任意数量。T 日日终，基金管理人根据T 日所卖出的被替代证券 的实际单位卖出金额（扣除相关费用，折算为人民币）和未卖出的被替代组合证 券的T 日收盘价（折算为人民币，折算汇率采用当天的估值汇率，基金管理人可 根据情况调整所使用的折算汇率，并及时公告；被替代组合证券 T 日无交易的， 取最近交易日的收盘价；交易日无收盘价的，取最后成交价）计算并确定被替代 组合证券的单位结算金额， 在此基础上根据替代组合证券数量确定赎回替代金额。 T+7日（指开放日）内，基金管理人将应支付的赎回现金替代款与相关申购赎回 代理券商办理交收。 若发生特殊情况， 基金管理人可以对交收日期进行相应调整。 未来基金管理人有权视产品运行情况，经与基金托管人协商一致，对折算汇率和 未卖出被替代证券的计算价格进行调整，,替代金额的处理程序 T 日，基金管理人在申购赎回清单中公布现金替代溢价比例，并据此收取申 购替代金额。正常情况下，基金管理人有权在T 日内任意时刻代申购投资者买入 组合证券中被替代证券的任意数量。T 日日终，基金管理人根据所购入的被替代 组合证券的实际单位购入成本（包括买入价格与相关费用，折算为人民币）和未 购入的被替代组合证券的 T 日收盘价（折算为人民币，折算汇率采用当天的估值 汇率，基金管理人可根据情况调整所使用的折算汇率，并及时公告；被替代组合 证券T 日无交易的， 取最近交易日的收盘价； 交易日无收盘价的， 取最后成交价） 计算并确定被替代组合证券的单位结算成本， 在此基础上根据替代组合证券数量 和申购现金替代保证金确定基金应退还投资人的款项或投资人应补交的款项。T 日后的5 个工作日内， 基金管理人将应退款或补款与相关申购赎回代理券商办理 银华标普港股通低波红利交易型开放式指数证券投资基金 招募说明书 54 交收。若发生特殊情况，基金管理人可以对交收日期进行相应调整。未来基金管 理人有权视产品运行情况，经与基金托管人协商一致，对折算汇率和未购入被替 代证券的计算价格进行调整，并提前公告。 如遇港股通临时停市、港股通交易每日额度或总额度不足等特殊情况，基金 管理人可考虑根据实际情况将组合证券的代理买入及结算价格顺延至下一港股 通交易日直至交易正常。如遇证券长期停牌、流动性不足等可能导致收盘价或最 后成交价不公允的特殊情况，可参照证券的估值价格，对结算价格进行调整，如 果基金管理人认为该证券复牌后的价格可能存在较大波动， 且可能对基金资产净 值产生较大影响，为了更好地维护持有人利益，该证券对应的现金替代退补款的 清算交收可在其复牌后按照实际交易成本或管理人认为合理的价格办理。 在此期 间若该证券发生除息、送股（转增）、配股等重要权益变动，则进行相应调整。 4）赎回替代金额的处理程序 正常情况下， 基金管理人有权在T 日内任意时刻代赎回投资者卖出组合证券 中被替代证券的任意数量。T 日日终，基金管理人根据T 日所卖出的被替代证券 的实际单位卖出金额（扣除相关费用，折算为人民币）和未卖出的被替代组合证 券的T 日收盘价（折算为人民币，折算汇率采用当天的估值汇率，基金管理人可 根据情况调整所使用的折算汇率，并及时公告；被替代组合证券 T 日无交易的， 取最近交易日的收盘价；交易日无收盘价的，取最后成交价）计算并确定被替代 组合证券的单位结算金额， 在此基础上根据替代组合证券数量确定赎回替代金额。 T+7日（指开放日）内，基金管理人将应支付的赎回现金替代款与相关申购赎回 代理券商办理交收。 若发生特殊情况， 基金管理人可以对交收日期进行相应调整。 未来基金管理人有权视产品运行情况，经与基金托管人协商一致，对折算汇率和 未卖出被替代证券的计算价格进行调整，并提,人编制的用以公告申购对价、赎回对价等 信息的文件 50、申购对价：指投资人申购基金份额时，按基金合同和招募说明书规定应 交付的组合证券（如系统支持）、现金替代、现金差额及其他对价 51、赎回对价：指基金份额持有人赎回基金份额时，基金管理人按基金合同 和招募说明书规定应交付给赎回人的组合证券（如系统支持）、现金替代、现金 差额及其他对价 53、标的指数：指标普港股通低波红利指数及其可能的变更 54、组合证券：指本基金标的指数所包含的全部或部分证券 55、最小申购赎回单位：指本基金申购份额、赎回份额的最低数量，投资人 申购或赎回的基金份额数应为最小申购赎回单位的整数倍 银华标普港股通低波红利交易型开放式指数证券投资基金 招募说明书 12 56、现金替代：指申购或赎回过程中，投资人按基金合同和招募说明书的规 定，用于替代组合证券中全部或部分证券的一定数量的现金 57、现金差额：指最小申购赎回单位的资产净值与按当日收盘价计算的最小 申购赎回单位中的组合证券市值和现金替代之差； 投资人申购或赎回时应支付或 应获得的现金差额根据最小申购赎回单位对应的现金差额、 申购或赎回的基金份 额数计算 58、预估现金部分：指由基金管理人估计并在T 日申购赎回清单中公布的当 日现金差额的估计值，预估现金部分由申购赎回代理券商预先冻结 59、元：指人民币元 60、基金利润：指基金利息收入、投资收益、公允价值变动收益和其他收入 扣除相关费用后的余额 61、基金资产总值：指基金拥有的各类有价证券、银行存款本息、基金应收 款项及其他资产的价值总和 62、基金资产净值：指基金资产总,/Users/ellis/工具程序开发/港股通逐标的分析/临时数据/520610/520610_招募说明书_20260107.txt
156,513770,华宝中证港股通互联网ETF,华宝中证港股通互联网交易型开放式指数证券投资基金招募说明书(更新),2026-07-10,，投资者当日申购的基金份额，清算交收完成后方可卖出和赎回。本基金申购 业务采用实时逐笔全额结算（Real Time Gross Settlement，以下简称 RTGS）模式，投资者 T 日申购 后，如交易记录已勾单且申购资金足额的，登记机构在 T 日日间实时办理基金份额及现金替代的交 收；T 日日间未进行勾单确认或日间资金不足的，登记机构在 T 日日终根据资金是否足额办理基金份 额及现金替代的清算交收。 在目前的业务规则下，投资者投资本基金时需具有上海证券交易所 A 股账户或基金账户。其中， 上海证券交易所基金账户只能进行基金的现金认购和二级市场交易。 华宝中证港股通互联网交易型开放式指数证券投资基金招募说明书（更新） 本基金可投资股指期货，可能面临杠杆风险、基差风险、股指期货,,替代金额的处理程序 基金管理人在 T 日以收到的替代金额代投资者买入被替代证券。基金管理人有权根据基金投资的 需要自主决定不买入部分被替代证券，或者不进行任何买入被替代证券的操作。对于确认成功的 T 日 华宝中证港股通互联网交易型开放式指数证券投资基金招募说明书（更新） 34 申购申请，T+1 日内基金管理人根据申购规模进行组合证券的代理买入，通常情况下代理买入在 T 日 完成。基金管理人根据所购入的被替代证券的实际单位购入成本（包括买入价格与相关费用）和未买 入的被替代证券的 T 日收盘价（折算为人民币，折算汇率采用当天的估值汇率；T 日在证券交易所无 交易的，取最近交易日的收盘价；交易日无收盘价的，取最后成交价）计算被替代证券的单位结算成 本，在此基础上根据替代证券数量和申购现金替代保证金确定基金应退还投资者或投资者应补交的款 项。T 日后的第 2 个港股通交收日后的第 1 个工作日内，基金管理人将应退款或补款与相关申购赎回 代理机构办理交收。若发生特殊情况，基金管理人可以对交收日期进行相应调整。 如遇港股通临时停市、港股通交易每日额度或总额度不足等特殊情况，组合证券的代理买入及结 算价格可依次顺延至下一港股通交易日直至交易正常。如遇证券长期停牌、流动性不足等可能导致收 盘价或最后成交价不公允的特殊情况，可参照证券的估值价格，对结算价格进行调整，如果基金管理 人认为该证券复牌后的价格可能存在较大波动，且可能对基金资产净值产生较大影响，为了更好的维 护持有人利益，该证券对应的现金替代款的清算交收可在其复牌后按照实际交易成本办理。在此期间 若该证券发生除息、送股（转增）、配股等重要权益变动，则进行相应调整。 基金管理人在 T 日根据赎回申请代投资者卖出被替代证券。基金管理人有权根据基金投资的需要 自主决定不卖出部分被替代证券，或者不进行任何卖出被替代证券的操作。对于确认成功的 T 日赎回 申请，T+1 日内，基金管理人根据赎回规模进行组合证券的代理卖出。基金管理人根据所卖出的被替 代证券的实际单位卖出金额（扣除相关费用）和未卖出的被替代证券的 T 日收盘价（折算为人民币， 折算汇率采用当天的估值汇率；被替代证券 T 日在证券交易所无交易的，取最近交易日的收盘价；交 易日无收盘价的，取最后成交价）计算被替代证券的单位结算金额，在此基础上根据替代证券数量确 定赎回替代金额。 T 日后的第 3 个港股通交收日后的第 1 个工作日内，基金管理人将应支付的赎回替代金额与相关 申购赎回代理机构办理交收。若发生特殊情况，基金管理人可以对交收日期进行相应调整。 如遇港股通临时停市、港股通交易每日额度或总额度不足等特殊情况，组合证券的代理卖出及结 算价格可依次顺延至下一港股通交易日直至交易正常。如遇证券长期停牌、流动性不足等可能导致收 盘价或最后成交价不公允的特殊情况，可参照,替代金额的处理程序 基金管理人在 T 日以收到的替代金额代投资者买入被替代证券。基金管理人有权根据基金投资的 需要自主决定不买入部分被替代证券，或者不进行任何买入被替代证券的操作。对于确认成功的 T 日 华宝中证港股通互联网交易型开放式指数证券投资基金招募说明书（更新） 34 申购申请，T+1 日内基金管理人根据申购规模进行组合证券的代理买入，通常情况下代理买入在 T 日 完成。基金管理人根据所购入的被替代证券的实际单位购入成本（包括买入价格与相关费用）和未买 入的被替代证券的 T 日收盘价（折算为人民币，折算汇率采用当天的估值汇率；T 日在证券交易所无 交易的，取最近交易日的收盘价；交易日无收盘价的，取最后成交价）计算被替代证券的单位结算成 本，在此基础上根据替代证券数量和申购现金替代保证金确定基金应退还投资者或投资者应补交的款 项。T 日后的第 2 个港股通交收日后的第 1 个工作日内，基金管理人将应退款或补款与相关申购赎回 代理机构办理交收。若发生特殊情况，基金管理人可以对交收日期进行相应调整。 如遇港股通临时停市、港股通交易每日额度或总额度不足等特殊情况，组合证券的代理买入及结 算价格可依次顺延至下一港股通交易日直至交易正常。如遇证券长期停牌、流动性不足等可能导致收 盘价或最后成交价不公允的特殊情况，可参照证券的估值价格，对结算价格进行调整，如果基金管理 人认为该证券复牌后的价格可能存在较大波动，且可能对基金资产净值产生较大影响，为了更好的维 护持有人利益，该证券对应的现金替代款的清算交收可在其复牌后按照实际交易成本办理。在此期间 若该证券发生除息、送股（转增）、配股等重要权益变动，则进行相应调整。 基金管理人在 T 日根据赎回申请代投资者卖出被替代证券。基金管理人有权根据基金投资的需要 自主决定不卖出部分被替代证券，或者不进行任何卖出被替代证券的操作。对于确认成功的 T 日赎回 申请，T+1 日内，基金管理人根据赎回规模进行组合证券的代理卖出。基金管理人根据所卖出的被替 代证券的实际单位卖出金额（扣除相关费用）和未卖出的被替代证券的 T 日收盘价（折算为人民币， 折算汇率采用当天的估值汇率；被替代证券 T 日在证券交易所无交易的，取最近交易日的收盘价；交 易日无收盘价的，取最后成交价）计算被替代证券的单位结算金额，在此基础上根据替代证券数量确 定赎回替代金额。 T 日后的第 3 个港股通交收日后的第 1 个工作日内，基金管理人将应支付的赎回替代金额与相关 申购赎回代理机构办理交收。若发生特殊情况，基金管理人可以对交收日期进行相应调整。 如遇港股通临时停市、港股通交易每日额度或总额度不足等特殊情况，组合证券的代理卖出及结 算价格可依次顺延至下一港股通交易日直至交易正常。如遇证券长期停牌、流动性不足等可能导致收 盘价或最后成交价不公允的特殊情况，可参照,易所上市。由于本基金的标的 指数组合证券为港股通标的股票，本基金采用现金申购赎回方式，即全现金替代，基金管理人代买代 卖的模式，申购对价、赎回对价包括现金替代、现金差额及其他对价。未来在上海证券交易所和登记 机构系统允许的情况下，本基金可采用部分或全部组合证券申购赎回方式，申购对价、赎回对价包括 组合证券、现金替代、现金差额及其他对价，并在实施前依照有关规定在规定媒介上予以公告。 在目前结算规则下，投资者当日申购的基金份额，清算交收完成后方可卖出和赎回。本基金申购 业务采用实时逐笔全额结算（Real Time Gross Settlement，以下简称 RTGS）模式，投资者 T 日申购 后，如交易记录已勾单且申购资金足额的，登记机构在 T 日日间实时办理基金份额及现金替代的交 收；T 日日间未进行勾单确认或日间资金不足的，登记机构在 T 日日终根据资金是否足额办理基金份 额及现金替代的清算交收。 在目前的业务规则下，投资者投资本基金时需具有上海证券交易所 A 股账户或基金账户。其中， 上海证券交易所基金账户只能进行基金的现金认购和二级市场交易。 华宝中证港股通互联网交易型开放式指数证券投资基金招募说明书（更新） 本基金可投资股指期货，可能面临杠杆风险、基差风险、股指期货展期时的流动性风险、期货盯 市结算制度带来的现金管理风险、到期日风险、对手方风险、连带风险、未平仓合约不能继续持有风 险等。 本基金的投资范围包括资产支持证券。资产支持证券存在信用风险、利率风险、流动性风险、提 前偿付风险、操作风险和法律风险等。 本基金可参与融资业务。融资业务存,/Users/ellis/工具程序开发/港股通逐标的分析/临时数据/513770/513770_更新招募说明书_20260710.txt
157,159567,银华国证港股通创新药ETF,银华国证港股通创新药交易型开放式指数证券投资基金招募说明书更新(2025年第1号),2025-12-05,记结算有限责任公司修改或更新上述规则或新 增设相关规则并适用于本基金的，则按照新的规则执行，并在招募说明书中进行更 新。 本基金现金申购业务中的现金替代日间实行RTGS交收，日间未完成交收的，日 终统一进行逐笔全额非担保交收；现金赎回业务中的现金替代采用代收代付处理； 现金申购、赎回业务涉及的现金差额和现金替代退补款采用代收代付处理。 正常情况下，投资者T日提交的现金申购申请受理后，登记机构对ETF申购对应 的份额和现金替代，日间实行RTGS交收，上述份额和现金替代日间未完成交收的， 日终统一进行逐笔全额非担保交收，登记机构在T日办理基金份额及现金替代的清 算交收，并将结果发送给基金管理人、申购赎回代理券商和基金托管人。基金管理 人在T+2日办理现金差额的清算交收。 投资者T日提,,申购替代金额的处理程序 55 银华国证港股通创新药交易型开放式指数证券投资基金招募说明书更新(2025 年第 1 号) 对于确认成功的T日现金申购申请，T日（指开放日）内基金管理人根据申购规 模进行组合证券的代理买入，通常情况下代理买入在T日（指开放日）完成。T日 （指开放日）日终，基金管理人根据所购入的被替代证券的实际单位购入成本（包 括买入价格与相关费用，折算为人民币）和未买入的被替代证券的T日（指开放 日）收盘价（折算为人民币，折算汇率采用当天的估值汇率；T日（指开放日）在 证券交易所无交易的，取最近交易日的收盘价；交易日无收盘价的，取最后成交 价）计算被替代证券的单位结算成本，在此基础上根据替代证券数量和申购现金替 代金额确定基金应退还投资者或投资者应补交的款项。正常情况下，T+5日（指开 放日）内基金管理人将应退款或补款与相关申购赎回代理券商办理交收。若发生特 殊情况，基金管理人可以对以上交收日期进行相应调整。 如遇港股通临时停市、港股通交易每日额度或总额度不足等特殊情况，组合证 券的代理买入及结算价格可依次顺延至下一港股通交易日直至交易正常。如遇证券 长期停牌、流动性不足等可能导致收盘价或最后成交价不公允的特殊情况，可参照 证券的估值价格，对结算价格进行调整，如果基金管理人认为该证券复牌后的价格 可能存在较大波动，且可能对基金资产净值产生较大影响，为了更好地维护持有人 利益，该证券对应的现金替代款的清算交收可在其复牌后按照实际交易成本办理。 在此期间若该证券发生除息、送股（转增）、配股等重要权益变动，则进行相应调 整。 ③赎回对应的替代金额 赎回时，对于可以现金替代的证券，替代金额为扣除相关费用后的该证券的卖 出价值（或证券实际结算价值）。 ④赎回替代金额的处理程序 对于确认成功的T日赎回申请，T日（指开放日）内基金管理人根据赎回规模进 行组合证券的代理卖出，通常情况下代理卖出在T日（指开放日）完成。T日（指开 放日）日终，基金管理人根据所卖出的被替代证券的实际单位卖出金额（扣除相关 费用）和未卖出的被替代证券的T日（指开放日）收盘价（折算为人民币，折算汇 率采用当天的估值汇率；被替代证券T日（指开放日）在证券交易所无交易的，取 最近交易日的收盘价；交易日无收盘价的，取最后成交价）计算被替代证券的单位 结算金额，在此基础上根据替代证券数量确定赎回替代金额。正常情况下，T+7日 （指开放日）内基金管理人将应支付的赎回替代金额与相关申购赎回代理券商办理 56 银华国证港股通创新药交易型开放式指数证券投资基金招募说明书更新(2025 年第 1 号) 交收。若发生特殊情况，基金管理人可以对以上交收日期进行相应调整。 如遇港股通临时停市等特殊情况，组合证券的代理卖出及结算价格可依次顺延 至下一港股通交易日直至交易正常。如遇证券长期停牌、流动性不足等可能导致,替代金额的处理程序 55 银华国证港股通创新药交易型开放式指数证券投资基金招募说明书更新(2025 年第 1 号) 对于确认成功的T日现金申购申请，T日（指开放日）内基金管理人根据申购规 模进行组合证券的代理买入，通常情况下代理买入在T日（指开放日）完成。T日 （指开放日）日终，基金管理人根据所购入的被替代证券的实际单位购入成本（包 括买入价格与相关费用，折算为人民币）和未买入的被替代证券的T日（指开放 日）收盘价（折算为人民币，折算汇率采用当天的估值汇率；T日（指开放日）在 证券交易所无交易的，取最近交易日的收盘价；交易日无收盘价的，取最后成交 价）计算被替代证券的单位结算成本，在此基础上根据替代证券数量和申购现金替 代金额确定基金应退还投资者或投资者应补交的款项。正常情况下，T+5日（指开 放日）内基金管理人将应退款或补款与相关申购赎回代理券商办理交收。若发生特 殊情况，基金管理人可以对以上交收日期进行相应调整。 如遇港股通临时停市、港股通交易每日额度或总额度不足等特殊情况，组合证 券的代理买入及结算价格可依次顺延至下一港股通交易日直至交易正常。如遇证券 长期停牌、流动性不足等可能导致收盘价或最后成交价不公允的特殊情况，可参照 证券的估值价格，对结算价格进行调整，如果基金管理人认为该证券复牌后的价格 可能存在较大波动，且可能对基金资产净值产生较大影响，为了更好地维护持有人 利益，该证券对应的现金替代款的清算交收可在其复牌后按照实际交易成本办理。 在此期间若该证券发生除息、送股（转增）、配股等重要权益变动，则进行相应调 整。 ③赎回对应的替代金额 赎回时，对于可以现金替代的证券，替代金额为扣除相关费用后的该证券的卖 出价值（或证券实际结算价值）。 ④赎回替代金额的处理程序 对于确认成功的T日赎回申请，T日（指开放日）内基金管理人根据赎回规模进 行组合证券的代理卖出，通常情况下代理卖出在T日（指开放日）完成。T日（指开 放日）日终，基金管理人根据所卖出的被替代证券的实际单位卖出金额（扣除相关 费用）和未卖出的被替代证券的T日（指开放日）收盘价（折算为人民币，折算汇 率采用当天的估值汇率；被替代证券T日（指开放日）在证券交易所无交易的，取 最近交易日的收盘价；交易日无收盘价的，取最后成交价）计算被替代证券的单位 结算金额，在此基础上根据替代证券数量确定赎回替代金额。正常情况下，T+7日 （指开放日）内基金管理人将应支付的赎回替代金额与相关申购赎回代理券商办理 56 银华国证港股通创新药交易型开放式指数证券投资基金招募说明书更新(2025 年第 1 号) 交收。若发生特殊情况，基金管理人可以对以上交收日期进行相应调整。 如遇港股通临时停市等特殊情况，组合证券的代理卖出及结算价格可依次顺延 至下一港股通交易日直至交易正常。如遇证券长期停牌、流动性不足等可能导致收 ,人编制的用以公告申购对价、赎回对价等信 息的文件 50、申购对价：指投资人申购基金份额时，按基金合同和招募说明书规定应交 付的组合证券（如系统支持）、现金替代、现金差额及其他对价 51、赎回对价：指基金份额持有人赎回基金份额时，基金管理人按基金合同和 招募说明书规定应交付给赎回人的组合证券（如系统支持）、现金替代、现金差额 及其他对价 52、标的指数：指深圳证券信息有限公司编制并发布的国证港股通创新药指数 及其未来可能发生的变更，或基金管理人根据需要更换的其他指数 53、组合证券：指本基金标的指数所包含的全部或部分证券 54、最小申购赎回单位：指本基金申购份额、赎回份额的最低数量，投资人申 购或赎回的基金份额数应为最小申购赎回单位的整数倍 55、现金替代：指申购或赎回过程中，投资人按基金合同和招募说明书的规 定，用于替代组合证券中全部或部分证券的一定数量的现金 56、现金差额：指最小申购赎回单位的资产净值与按当日收盘价计算的最小申 购赎回单位中的组合证券市值和现金替代之差；投资人申购或赎回时应支付或应获 得的现金差额根据最小申购赎回单位对应的现金差额、申购或赎回的基金份额数计 算 57、预估现金差额：指由基金管理人估计并在T日申购赎回清单中公布的当日 现金差额的预估值，预估现金差额由申购赎回代理券商预先冻结 58、元：指人民币元 12 银华国证港股通创新药交易型开放式指数证券投资基金招募说明书更新(2025 年第 1 号) 59、基金利润：指基金利息收入、投资收益、公允价值变动收益和其他收入扣 除相关费用后的余额 60、基金资产总值：指基金拥有的,/Users/ellis/工具程序开发/港股通逐标的分析/临时数据/159567/159567_更新招募说明书_20251205.txt
158,159741,嘉实恒生科技ETF(QDII),嘉实恒生科技交易型开放式指数证券投资基金(QDII)更新招募说明书(2026年04月30日更新),2026-04-30,现金替代、现金差额及其他对价的清算交收适 用相关业务规则和参与各方相关协议及其不时修订的有关规定。 本基金现金申购业务中的现金替代采用逐笔全额结算（T 日日间 RTGS 交收 +T 日日终 逐笔全额非担保交收）处理；现金赎回业务中的现金替代采用代收代付处理；现金申购、赎 回业务涉及的现金差额和现金替代退补款采用代收代付处理。 投资者 T 日现金申购后，正常情况下，如选择采用 RTGS 交收且申购资金足额的，登记 结算机构在 T 日日间实时办理基金份额及现金替代的清算交收；T 日日间资金不足或不选择 RTGS 交收的，登记结算机构在 T 日收市后办理基金份额及现金替代的清算交收，并将结果 嘉实恒生科技交易型开放式指数证券投资基金（QDII）更新招募说明书（2026 年 04 月 3,,替代金额的处理程序如下： 对于确认成功的 T 日申购申请，在 T 日（内地香港共同交易日）内基金管理人根据申购 申请进行被替代证券的代理买入。基金管理人有权在 T 日（内地香港共同交易日）内任意时 刻代投资者买入小于等于被替代证券数量的任意数量的被替代证券。基金管理人有权根据基 金投资的需要自主决定不买入部分被替代证券，或者不进行任何买入证券的操作。T 日（内 地香港共同交易日）日终，基金管理人根据所买入的被替代证券的实际单位买入成本（包括 买入价格与相关费用，需用汇率折算为人民币）和未买入的被替代证券的 T 日（内地香港共 同交易日）收盘价（需用汇率折算为人民币；当日在证券交易所无交易的，取该证券交易所 最近交易日的收盘价；当日无收盘价的，取最后成交价）计算被替代证券的单位结算成本， 在此基础上根据替代证券数量和申购现金替代金额确定基金应退还投资者或投资者应补交 的款项。 正常情况下，T+3 日（内地香港共同交易日）内，基金管理人应将退款和补款的明细及 汇总数据发送给登记结算机构，登记结算机构办理现金替代多退少补资金的清算，并将结果 发送给相关申购赎回代理机构和基金托管人，相关款项的交收于数据发送后的第 1 个工作日 内完成。若发生特殊情况，基金管理人可以对交收日期进行相应调整。 对于确认成功的 T 日赎回申请，在 T 日（内地香港共同交易日）内基金管理人根据赎回 申请进行被替代证券的代理卖出。基金管理人有权在 T 日（内地香港共同交易日）内任意时 刻代投资者卖出小于等于被替代证券数量的任意数量的被替代证券。基金管理人有权根据基 金投资的需要自主决定不卖出部分被替代证券，或者不进行任何卖出证券的操作。T 日（内 地香港共同交易日）日终，基金管理人根据所卖出的被替代证券的实际单位卖出金额（扣除 嘉实恒生科技交易型开放式指数证券投资基金（QDII）更新招募说明书（2026 年 04 月 30 日更新） 50 相关费用，需用汇率折算为人民币）和未卖出的被替代证券的 T 日（内地香港共同交易日） 收盘价（需用汇率折算为人民币；当日在证券交易所无交易的，取该证券交易所最近交易日 的收盘价；当日无收盘价的，取最后成交价）计算被替代证券的单位结算金额，在此基础上 根据替代证券数量确定赎回替代金额。 正常情况下，T+7 日（内地香港共同交易日）内，基金管理人将应支付的替代金额的明 细及汇总数据发送给登记结算机构，登记结算机构办理现金替代资金的清算，并将结果发送 给相关申购赎回代理机构和基金托管人，相关款项的交收于数据发送后的第 1 个工作日内完 成。若发生特殊情况，基金管理人可以对交收日期进行相应调整。 上述汇率目前采用汇率公允价，包括中国人民银行或其授权机构最新公布的人民币汇率 中间价、中国外汇交易中心最新收盘价、与基金托管人商定的其他公允价格（如：中国人民 银行或国家,替代金额的处理程序如下： 对于确认成功的 T 日申购申请，在 T 日（内地香港共同交易日）内基金管理人根据申购 申请进行被替代证券的代理买入。基金管理人有权在 T 日（内地香港共同交易日）内任意时 刻代投资者买入小于等于被替代证券数量的任意数量的被替代证券。基金管理人有权根据基 金投资的需要自主决定不买入部分被替代证券，或者不进行任何买入证券的操作。T 日（内 地香港共同交易日）日终，基金管理人根据所买入的被替代证券的实际单位买入成本（包括 买入价格与相关费用，需用汇率折算为人民币）和未买入的被替代证券的 T 日（内地香港共 同交易日）收盘价（需用汇率折算为人民币；当日在证券交易所无交易的，取该证券交易所 最近交易日的收盘价；当日无收盘价的，取最后成交价）计算被替代证券的单位结算成本， 在此基础上根据替代证券数量和申购现金替代金额确定基金应退还投资者或投资者应补交 的款项。 正常情况下，T+3 日（内地香港共同交易日）内，基金管理人应将退款和补款的明细及 汇总数据发送给登记结算机构，登记结算机构办理现金替代多退少补资金的清算，并将结果 发送给相关申购赎回代理机构和基金托管人，相关款项的交收于数据发送后的第 1 个工作日 内完成。若发生特殊情况，基金管理人可以对交收日期进行相应调整。 对于确认成功的 T 日赎回申请，在 T 日（内地香港共同交易日）内基金管理人根据赎回 申请进行被替代证券的代理卖出。基金管理人有权在 T 日（内地香港共同交易日）内任意时 刻代投资者卖出小于等于被替代证券数量的任意数量的被替代证券。基金管理人有权根据基 金投资的需要自主决定不卖出部分被替代证券，或者不进行任何卖出证券的操作。T 日（内 地香港共同交易日）日终，基金管理人根据所卖出的被替代证券的实际单位卖出金额（扣除 嘉实恒生科技交易型开放式指数证券投资基金（QDII）更新招募说明书（2026 年 04 月 30 日更新） 50 相关费用，需用汇率折算为人民币）和未卖出的被替代证券的 T 日（内地香港共同交易日） 收盘价（需用汇率折算为人民币；当日在证券交易所无交易的，取该证券交易所最近交易日 的收盘价；当日无收盘价的，取最后成交价）计算被替代证券的单位结算金额，在此基础上 根据替代证券数量确定赎回替代金额。 正常情况下，T+7 日（内地香港共同交易日）内，基金管理人将应支付的替代金额的明 细及汇总数据发送给登记结算机构，登记结算机构办理现金替代资金的清算，并将结果发送 给相关申购赎回代理机构和基金托管人，相关款项的交收于数据发送后的第 1 个工作日内完 成。若发生特殊情况，基金管理人可以对交收日期进行相应调整。 上述汇率目前采用汇率公允价，包括中国人民银行或其授权机构最新公布的人民币汇率 中间价、中国外汇交易中心最新收盘价、与基金托管人商定的其他公允价格（如：中国人民 银行或国家,申购赎回清单：指由基金管理人编制的用以公告申购对价、赎回对价等信息的文件 51、申购对价：指投资人申购基金份额时，按基金合同和招募说明书规定应交付的现金 替代、现金差额和/或其他对价 52、赎回对价：指基金份额持有人赎回基金份额时，基金管理人按基金合同和招募说明 书规定应交付给赎回申请人的现金替代、现金差额和/或其他对价 53、标的指数：指恒生科技指数及其未来可能发生的变更，或基金管理人按照基金合同 约定更换的其他指数 54、组合证券：指本基金标的指数所包含的全部或部分证券 55、完全复制法：指一种构建跟踪指数的投资组合的方法。通过购买标的指数中的所有 成份证券，并且按照每种成份证券在标的指数中的权重确定购买的比例，以达到复制指数的 目的 56、最小申购赎回单位：指本基金申购份额、赎回份额的最低数量，投资人申购或赎回 的基金份额数应为最小申购赎回单位的整数倍 57、现金替代：指申购或赎回过程中，投资者按基金合同和招募说明书的规定，用于替 代组合证券中全部或部分证券的一定数量的现金 58、现金差额：指最小申购赎回单位的资产净值与按当日收盘价计算的最小申购赎回单 位中的组合证券市值和现金替代之差；投资者申购或赎回时应支付或应获得的现金差额根据 最小申购赎回单位对应的现金差额、申购或赎回的基金份额数计算 59、预估现金部分：指由基金管理人计算并在 T 日申购赎回清单中公布的当日现金差额 的预估值，预估现金部分由申购赎回代理券商（代办证券公司）预先冻结 60、元：指人民币元 61、基金资产总值：指基金拥有的各类有价证券、银行存款本息、基金应收款项及其他,/Users/ellis/工具程序开发/港股通逐标的分析/临时数据/159741/159741_更新招募说明书_20260430.txt
159,159747,南方中证香港科技ETF(QDII),南方中证香港科技交易型开放式指数证券投资基金(QDII)招募说明书(20260812更新),2026-08-12,的指数组 合证券仅在境内上市的ETF产品有所差异。 在目前结算规则下， 投资者当日申购的基金份额， 清算交收完成后可卖出和赎回，即T日申购的ETF份额且日间完成RTGS（实时逐笔全额结 算）交收，T日可卖出与赎回；T日申购的ETF份额日间未完成交收的，日终完成逐笔全额 非担保交收，T+1日方可卖出和赎回；T日买入的基金份额，T日可以赎回。 投资人在投资本基金之前，请仔细阅读本基金的基金合同、招募说明书和基金产品资料 概要等信息披露文件，自主判断基金的投资价值，自主做出投资决策，全面认识本基金的风 险收益特征和产品特性，并充分考虑自身的风险承受能力，理性判断市场，谨慎做出投资决 策。基金的过往业绩并不预示其未来表现，基金管理人管理的其他基金的业绩也不构成对本 基金业绩表现的保证。基,,替代金额的处理程序 T日， 基金管理人在申购赎回清单中公布现金替代溢价比例和现金替代折价比例， 并据 此收取申购替代金额和支付赎回替代金额。 正常情况下，对于确认成功的T 日申购申请，基金管理人根据实际单位购入成本（包 括买入价格与相关费用，折算为人民币）或被替代证券的T+1日收盘价（折算为人民币，被 替代证券当日在证券交易所无交易的，取最近交易日的收盘价）计算被替代证券的单位结算 成本， 在此基础上根据替代证券数量和申购替代金额确定基金应退还投资者或投资者应补交 的款项。若发生特殊情况，基金管理人可以对交收日期进行相应调整。 正常情况下，对于确认成功的T日赎回申请，基金管理人根据实际单位卖出金额（扣 除相关费用，折算为人民币）或被替代证券的T+1日收盘价（折算为人民币，被替代证券当 日在证券交易所无交易的，取最近交易日的收盘价）计算被替代证券的单位结算金额，在此 基础上根据替代证券数量确定赎回替代金额。若发生特殊情况，基金管理人可以对交收日期 进行相应调整。 正常情况下，T日后的第5个开放日内， 基金管理人将应退款或补款与相关申购赎回代 南方中证香港科技交易型开放式指数证券投资基金(QDII)招募说明书（20260812更新） 40 理机构办理交收；T日后的第8个开放日内，基金管理人将应支付的赎回替代金额与相关申 购赎回代理券商办理交收。 当T+1日为半日港股通交易日或因为风球等因素引发临时停市时， 计算并确定被替代组合证券的单位结算成本的时间将顺延，款项交收的日期也顺延。若发生 特殊情况，基金管理人可以对以上交收日期进行相应调整。 如遇境外主要投资市场或港股通临时停市、港股通交易每日额度或总额度不足等特殊 情况，组合证券的代理买入及结算价格可依次顺延至下一港股通、深圳证券交易所和本基金 的境外主要投资市场的共同交易日直至交易正常， 款项交收的日期也顺延。 若发生特殊情况， 基金管理人可以对以上交收日期进行相应调整。如遇证券长期停牌、流动性不足等可能导致 收盘价或最后成交价不公允的特殊情况，可参照证券的估值价格，对结算价格进行调整，如 果基金管理人认为该证券复牌后的价格可能存在较大波动， 且可能对基金资产净值产生较大 影响，为了更好的维护持有人利益，该证券对应的现金替代款的清算交收可在其复牌后按照 实际交易成本办理。在此期间若该证券发生除息、送股（转增） 、配股等重要权益变动，则 进行相应调整。 若发生特殊情况，基金管理人可以对交收日期进行相应调整。 基金管理人可根据运作情况调整代理申赎投资者买券卖券的相关规则并按规定公告。 4） 未来如境外主要投资市场或港股通的交易、 结算规则发生改变， 或深圳证券交易所、 登记机构ETF申购赎回交易结算规则发生改变， 或基金管理人与基金托管人之间的结算相关 安排发生改变，基金管理人可对可以现金替代处理规则进行调整，并按,替代金额的处理程序 T日， 基金管理人在申购赎回清单中公布现金替代溢价比例和现金替代折价比例， 并据 此收取申购替代金额和支付赎回替代金额。 正常情况下，对于确认成功的T 日申购申请，基金管理人根据实际单位购入成本（包 括买入价格与相关费用，折算为人民币）或被替代证券的T+1日收盘价（折算为人民币，被 替代证券当日在证券交易所无交易的，取最近交易日的收盘价）计算被替代证券的单位结算 成本， 在此基础上根据替代证券数量和申购替代金额确定基金应退还投资者或投资者应补交 的款项。若发生特殊情况，基金管理人可以对交收日期进行相应调整。 正常情况下，对于确认成功的T日赎回申请，基金管理人根据实际单位卖出金额（扣 除相关费用，折算为人民币）或被替代证券的T+1日收盘价（折算为人民币，被替代证券当 日在证券交易所无交易的，取最近交易日的收盘价）计算被替代证券的单位结算金额，在此 基础上根据替代证券数量确定赎回替代金额。若发生特殊情况，基金管理人可以对交收日期 进行相应调整。 正常情况下，T日后的第5个开放日内， 基金管理人将应退款或补款与相关申购赎回代 南方中证香港科技交易型开放式指数证券投资基金(QDII)招募说明书（20260812更新） 40 理机构办理交收；T日后的第8个开放日内，基金管理人将应支付的赎回替代金额与相关申 购赎回代理券商办理交收。 当T+1日为半日港股通交易日或因为风球等因素引发临时停市时， 计算并确定被替代组合证券的单位结算成本的时间将顺延，款项交收的日期也顺延。若发生 特殊情况，基金管理人可以对以上交收日期进行相应调整。 如遇境外主要投资市场或港股通临时停市、港股通交易每日额度或总额度不足等特殊 情况，组合证券的代理买入及结算价格可依次顺延至下一港股通、深圳证券交易所和本基金 的境外主要投资市场的共同交易日直至交易正常， 款项交收的日期也顺延。 若发生特殊情况， 基金管理人可以对以上交收日期进行相应调整。如遇证券长期停牌、流动性不足等可能导致 收盘价或最后成交价不公允的特殊情况，可参照证券的估值价格，对结算价格进行调整，如 果基金管理人认为该证券复牌后的价格可能存在较大波动， 且可能对基金资产净值产生较大 影响，为了更好的维护持有人利益，该证券对应的现金替代款的清算交收可在其复牌后按照 实际交易成本办理。在此期间若该证券发生除息、送股（转增） 、配股等重要权益变动，则 进行相应调整。 若发生特殊情况，基金管理人可以对交收日期进行相应调整。 基金管理人可根据运作情况调整代理申赎投资者买券卖券的相关规则并按规定公告。 4） 未来如境外主要投资市场或港股通的交易、 结算规则发生改变， 或深圳证券交易所、 登记机构ETF申购赎回交易结算规则发生改变， 或基金管理人与基金托管人之间的结算相关 安排发生改变，基金管理人可对可以现金替代处理规则进行调整，并按,单：指由基金管理人编制的用以公告申购对价、赎回对价等信息的文件 54、申购对价：指投资人申购基金份额时，按基金合同和招募说明书规定应交付的组合 证券、现金替代、现金差额及其他对价或现金替代、现金差额及其他对价 55、赎回对价：指基金份额持有人赎回基金份额时，基金管理人按基金合同和招募说明 书规定应交付给赎回人的组合证券、现金替代、现金差额及其他对价或现金替代、现金差额 及其他对价 56、标的指数：本基金标的指数为中证香港科技指数，及其未来可能发生的变更 57、组合证券：指本基金标的指数所包含的全部或部分证券 58、最小申购赎回单位：指本基金申购份额、赎回份额的最低数量，投资人申购或赎回 的基金份额数应为最小申购赎回单位的整数倍 59、现金替代：指申购或赎回过程中，投资人按基金合同和招募说明书的规定，用于替 代组合证券中全部或部分证券的一定数量的现金 60、现金差额：指最小申购赎回单位的资产净值与按当日收盘价计算的最小申购赎回单 位中的组合证券市值和现金替代之差；投资人申购或赎回时应支付或应获得的现金差额根据 最小申购赎回单位对应的现金差额、申购或赎回的基金份额数计算 61、元：指人民币元 62、基金利润：指基金利息收入、投资收益、公允价值变动收益和其他收入扣除相关费 用后的余额 63、基金资产总值：指基金拥有的各类有价证券、银行存款本息、基金应收申购款及其 他资产的价值总和 64、基金资产净值：指基金资产总值减去基金负债后的价值 65、基金份额净值：指计算日基金资产净值除以计算日基金份额总数 南方中证香港科技交易型开放式指数证券投资基金(QDII,/Users/ellis/工具程序开发/港股通逐标的分析/临时数据/159747/159747_更新招募说明书_20260812.txt
160,513130,华泰柏瑞南方东英恒生科技指数ETF(QDII),华泰柏瑞南方东英恒生科技指数交易型开放式指数证券投资基金(QDII)更新的招募说明书2026年第1号,2026-04-29,时查询并妥善行使合法权利。 3、申购和赎回的清算交收与登记 本基金申购业务采用实时逐笔全额结算（Real Time Gross Settlement ，以下简称RTGS） 模式；赎回业务涉及的现金替代可采用代收代付处理；申购、赎回业务涉及的现金差额和现 金替代退补款可采用代收代付处理。 （1）申购的清算交收 投资者 T 日现金申购后，如交易记录已勾单且申购资金足额的，登记结算机构在 T 日日 间实时办理基金份额及现金替代的交收；T 日日间未进行勾单确认或日间资金不足的，登记结 算机构在 T 日日终根据资金是否足额办理基金份额及现金替代的清算交收，并将结果发送给 华泰柏瑞南方东英恒生科技指数交易型开放式指数证券投资基金（QDII） 32 基金管理人、申购赎回代理券商和基金托管人。基,较大影响，为了更好的维护持有人利益，该证券对应的现金替代退补款的清算交收可在其 复牌后按照实际交易成本办理。在此期间若该证券发生除息、送股（转增）、配股等重要权 益变动，则进行相应调整。上述汇率目前采用汇率公允价。汇率公允价包括中国人民银行或 其授权机构最新公布的人民币汇率中间价、中国外汇交易中心 最新收盘价、与基金托管人商 定的其他公允价格（如：中国人民银行或国家外汇管理局或中国外汇交易中心正式对外发文 后公布的人民币兑主要外汇当日收盘价）等。 ⑤对于 T 日的申购赎回申请，基金管理人有权进行轧差处理，针对净申购，买入净申购 份额对应被替代证券，针对净赎回，卖出净赎回份额对应被替代证券，基金管理人有权买入 或者卖出不等于轧差处理后的上述被替代证券数量的任意数量的被替代证券，在 T+1 日（指 上海证券交易所和香港交易所共同交易日）日终，所有申购赎回对应的被替代证券均按照轧 差处理后买入或者卖出的交易金额（买入价格加 上相关费用或者卖出价格扣除相关费用，需 用汇率公允价折算为人民币），确定基金应退还投资者或投资者应补交的款项。 上述汇率目前采用汇率公允价。汇率公允价包括中国人民银行或其授权机构最新公布的 人民币汇率中间价、中国外汇交易中心最新收盘价、与基金托管人商定的其他公允价格（如： 华泰柏瑞南方东英恒生科技指数交易型开放式指数证券投资基金（QDII） 36 中国人民银行或国家外汇管理局或中国外汇交易中心正式对外发文后公布的人民币兑主要外 汇当日收盘价）等。 ⑥基金管理人可以根据具体情况，调整申购、赎回替代金额的处理程序、规则等，并在 招募说明书更新及其他公告中披露。 4、预估现金部分相关内容 预估现金部分是指为便于计算基金份额参考净值及申购赎回代理券商预先冻结申请申购、 赎回,申购替代金额的处理程序 T 日，基金管理人根据申购赎回清单收取申购的替代金额。 对于确认成功的T 日申购申请，在T+1 日（指上海证券交易所和香港交易所共同交易日） 内，基金管理人以收到的 申购替代金额代投资者买入被替代 证券（买入方式包括但不限于二 级市场买入、一级市场申购等）。基金管理人有权在 T+1 日（指上海证券交易所和香港交易 所共同交易日）内任意时刻以收到的 申购替代金额代投资者买入小于等于被替代证券数量的 任意数量的被替代证券。基金管理人有权根据基金投资的需要自主决定不买入部分被替代证 券，或者不进行任何买入证券的操作。在 T+1 日（指上海证券交易所和香港交易所共同交易 日）日终，基金管理人已买入的证券，依据 申购的替代金额 与被替代证券的实际买入成本 （包括买入价格与相关交易费用，需用汇率公允价折算为人民币）的差额，确定基金应退还 投资者或投资者应补交的款项；未买入的证券，依据 申购的替代金额 与被替代证券 T+1 日 （指上海证券交易所和香港交易所共同交易日）收盘价（需用汇率公允价折算为人民币，当 日在证券交易所无交易的，取最近交易日的收盘价，当日无收盘价的，取最后成交价）的差 额，确定基金应退还投资者或投资者应补交的款项。 在此期间若该部分证券发生除息、送股（转增）、配股等重要权益变动，则进行相应调 整。正常情况下，T+3 日（指上海证券交易所与香港交易所的共同交易日）内，基金管理人将 应退款或补款与相关申购赎回代理机构办理交收。若发生特殊情况，基金管理人可以对交收 日期进行相应调整。 如遇证券长期停牌、流动性不足等特殊情况，可参照证券的估值价格对结算价格进行调 整，如果基金管理人认为该证券复牌后的价格可能存在较大波动，且可能对基金资产净值产 生较大影响，为了更好的维护持有人利益，该证券对应的现金替代退补款的清算交收可在其 复牌后按照实际交 易成本办理。在此期间若该证券发生除息、送股（转增）、配股等重要权 华泰柏瑞南方东英恒生科技指数交易型开放式指数证券投资基金（QDII） 35 益变动，则进行相应调整。上述汇率目前采用汇率公允价。汇率公允价包括中国人民银行或 其授权机构最新公布的人民币汇率中间价、中国外汇交易中心最新收盘价、与基金托管人商 定的其他公允价格（如：中国人民银行或国家外汇管理局或中国外汇交易中心正式对外发文 后公布的人民币兑主要外汇当日收盘价）等。 ④赎回对应的替代金额的处理程序 对于确认成功的T 日赎回申请，在T+1 日（指上海证券交易所和香港交易所共同交易日） 内，基金管理人根据赎回申请代投资者卖出被替代证券（卖出方式包括但不限于二级市场卖 出、一级市场赎回等）。基金管理人有权在 T+1 日（指上海证券交易所和香港交易所共同交 易日）内任意时刻代投资者卖出小于等于被替代证券数量的任意数量的被替代证券。基金管 理人有权根,替代金额的处理程序 T 日，基金管理人根据申购赎回清单收取申购的替代金额。 对于确认成功的T 日申购申请，在T+1 日（指上海证券交易所和香港交易所共同交易日） 内，基金管理人以收到的 申购替代金额代投资者买入被替代 证券（买入方式包括但不限于二 级市场买入、一级市场申购等）。基金管理人有权在 T+1 日（指上海证券交易所和香港交易 所共同交易日）内任意时刻以收到的 申购替代金额代投资者买入小于等于被替代证券数量的 任意数量的被替代证券。基金管理人有权根据基金投资的需要自主决定不买入部分被替代证 券，或者不进行任何买入证券的操作。在 T+1 日（指上海证券交易所和香港交易所共同交易 日）日终，基金管理人已买入的证券，依据 申购的替代金额 与被替代证券的实际买入成本 （包括买入价格与相关交易费用，需用汇率公允价折算为人民币）的差额，确定基金应退还 投资者或投资者应补交的款项；未买入的证券，依据 申购的替代金额 与被替代证券 T+1 日 （指上海证券交易所和香港交易所共同交易日）收盘价（需用汇率公允价折算为人民币，当 日在证券交易所无交易的，取最近交易日的收盘价，当日无收盘价的，取最后成交价）的差 额，确定基金应退还投资者或投资者应补交的款项。 在此期间若该部分证券发生除息、送股（转增）、配股等重要权益变动，则进行相应调 整。正常情况下，T+3 日（指上海证券交易所与香港交易所的共同交易日）内，基金管理人将 应退款或补款与相关申购赎回代理机构办理交收。若发生特殊情况，基金管理人可以对交收 日期进行相应调整。 如遇证券长期停牌、流动性不足等特殊情况，可参照证券的估值价格对结算价格进行调 整，如果基金管理人认为该证券复牌后的价格可能存在较大波动，且可能对基金资产净值产 生较大影响，为了更好的维护持有人利益，该证券对应的现金替代退补款的清算交收可在其 复牌后按照实际交 易成本办理。在此期间若该证券发生除息、送股（转增）、配股等重要权 华泰柏瑞南方东英恒生科技指数交易型开放式指数证券投资基金（QDII） 35 益变动，则进行相应调整。上述汇率目前采用汇率公允价。汇率公允价包括中国人民银行或 其授权机构最新公布的人民币汇率中间价、中国外汇交易中心最新收盘价、与基金托管人商 定的其他公允价格（如：中国人民银行或国家外汇管理局或中国外汇交易中心正式对外发文 后公布的人民币兑主要外汇当日收盘价）等。 ④赎回对应的替代金额的处理程序 对于确认成功的T 日赎回申请，在T+1 日（指上海证券交易所和香港交易所共同交易日） 内，基金管理人根据赎回申请代投资者卖出被替代证券（卖出方式包括但不限于二级市场卖 出、一级市场赎回等）。基金管理人有权在 T+1 日（指上海证券交易所和香港交易所共同交 易日）内任意时刻代投资者卖出小于等于被替代证券数量的任意数量的被替代证券。基金管 理人有权根据基,赎回对价等信息的文 件 53、组合证券：指标的指数所包含的全部或部分证券 54、申购对价：指投资者申购基金份额时，按基金合同和招募说明书规定应交付的现金 替代、现金差额及其他对价 55、赎回对价：指投资者赎回基金份额时，基金管理人按基金合同和招募说明书规定应 交付给赎回人的现金替代、现金差额及其他对价 56、标的指数：指恒生科技指数及其未来可能发生的变更 57、现金替代：指申购、赎回过程中，投资者按基金合同和招募说明书的规定，用于替 华泰柏瑞南方东英恒生科技指数交易型开放式指数证券投资基金（QDII） 6 代组合证券中全部或部分证券的一定数量的现金 58、现金差额：指最小申购、赎回单位的资产净值与按当日收盘价计算的最小申购、赎 回单位中的组合证券市值和现金替代之差；投资者申购、赎回时应支付或应获得的现金差额 根据最小申购、赎回单位对应的现金差额、申购或赎回的基金份额数计算 59、预估现金差额：指由基金管理人计算并在 T 日申购赎回清单中公布的当日现金差额 预估值，预估现金差额由申购赎回代理券商预先冻结 60、基金份额参考净值：指基金管理人或者基金管理人委托的指数服务机构根据申购赎 回清单和组合证券内各只证券的实时成交数据计算并由 上海证券交易所在交易时间内发布的 基金份额参考净值，简称IOPV 61、最小申购、赎回单位：指申购份额、赎回份额的最低数量，投资者申购、赎回的基 金份额应为最小申购、赎回单位的整数倍 62、基金份额折算：基金管理人根据基金合同规定将投资者的基金份额进行变更登记的 行为 63、元：指人民币元 64、基金收益：指基金投 资所,/Users/ellis/工具程序开发/港股通逐标的分析/临时数据/513130/513130_更新招募说明书_20260429.txt
161,513160,银华恒生港股通中国科技ETF,银华恒生港股通中国科技交易型开放式指数证券投资基金招募说明书更新(2026年第1号),2026-07-16,招募书未直接出现 RTGS；按适用的交易所/中国结算跨境 ETF 规则，日间 RTGS 交收，按项目口径 PASS,不买入或不卖出部分被替代证券，或者不进行任何买入或 卖出证券的操作，基金管理人可能不买入或不卖出被替代证券的情形包括但不限 于市场流动性不足、技术系统无法实现、申购赎回轧差以及基金管理人认为不需 买入或卖出的其他情形。 按照目前的证券代理买卖规则， T日确认成功的申购或赎回申请，基金管理 人T日未买入或未卖出的部分证券，将按该证券 T日收盘价（折算为人民币，目前 折算汇率采用 T日估值汇率，基金管理人可根据情况调整所使用的折算汇率，并 及时公告，被替代证券 T日在证券交易所无交易的，取最近交易日的收盘价，交 易日无收盘价的，取最后成交价）计算被替代证券的单位结算成本或结算金额， 因此投资者需承受可能当天无法完成所有证券买卖、未完成买卖部分按收盘价结 算、结算成本或结算金额不确定（含汇率波动、未完成买卖部分的折算汇率与港 股通结算汇率发生偏离）等 风险。由于指数成,申购替代金额的处理程序 T日，基金管理人在申购赎回清单中公布现金替代溢价比例，并据此收取申购 替代金额。正常情况下，基金管理人有权在T日内任意时刻代申购投资者买入组合 证券中被替代证券的任意数量。T日日终，基金管理人根据所购入的被替代组合证 券的实际单位购入成本（包括买入价格与相关费用，折算为人民币）和未购入的被 替代组合证券的T日收盘价（折算为人民币，折算汇率采用当天的估值汇率，基金 管理人可根据情况调整所使用的折算汇率，并及时公告；被替代组合证券T日无交 易的，取最近交易日的收盘价；交易日无收盘价的，取最后成交价）计算并确定被 替代组合证券的单位结算成本，在此基础上根据替代组合证券数量和申购现金替代 金额确定基金应退还投资人的款项或投资人应补交的款项。T日后的5个工作日内， 基金管理人将应退款或补款与相关申购赎回代理券商办理交收。若发生特殊情况， 基金管理人可以对交收日期进行相应调整。未来基金管理人有权视产品运行情况， 经与基金托管人协商一致，对折算汇率和未购入被替代证券的计算价格进行调整， 并提前公告。 如遇港股通临时停市、港股通交易每日额度或总额度不足等特殊情况，基金管 理人可考虑根据实际情况将组合证券的代理买入及结算价格顺延至下一港股通交易 日直至交易正常。如遇证券长期停牌、流动性不足等可能导致收盘价或最后成交价 不公允的特殊情况，可参照证券的估值价格，对结算价格进行调整，如果基金管理 53 银华恒生港股通中国科技交易型开放式指数证券投资基金招募说明书更新(2026 年第1 号) 人认为该证券复牌后的价格可能存在较大波动，且可能对基金资产净值产生较大影 响，为了更好地维护持有人利益，该证券对应的现金替代退补款的清算交收可在其 复牌后按照实际交易成本或管理人认为合理的价格办理。在此期间若该证券发生除 息、送股（转增） 、配股等重要权益变动，则进行相应调整。 4）赎回替代金额的处理程序 正常情况下，基金管理人有权在T日内任意时刻代赎回投资者卖出组合证券中 被替代证券的任意数量。T日日终，基金管理人根据T日所卖出的被替代证券的实际 单位卖出金额（扣除相关费用，折算为人民币）和未卖出的被替代组合证券的T日 收盘价（折算为人民币，折算汇率采用当天的估值汇率，基金管理人可根据情况调 整所使用的折算汇率，并及时公告；被替代组合证券T日无交易的，取最近交易日 的收盘价；交易日无收盘价的，取最后成交价）计算并确定被替代组合证券的单位 结算金额，在此基础上根据替代组合证券数量确定赎回替代金额。T+7日（指开放 日）内，基金管理人将应支付的赎回现金替代款与相关申购赎回代理券商办理交 收。若发生特殊情况，基金管理人可以对交收日期进行相应调整。未来基金管理人 有权视产品运行情况，经与基金托管人协商一致，对折算汇率和未卖出被替代证券 的计算价格进行调整，并提前公告。 如遇港股,替代金额的处理程序 T日，基金管理人在申购赎回清单中公布现金替代溢价比例，并据此收取申购 替代金额。正常情况下，基金管理人有权在T日内任意时刻代申购投资者买入组合 证券中被替代证券的任意数量。T日日终，基金管理人根据所购入的被替代组合证 券的实际单位购入成本（包括买入价格与相关费用，折算为人民币）和未购入的被 替代组合证券的T日收盘价（折算为人民币，折算汇率采用当天的估值汇率，基金 管理人可根据情况调整所使用的折算汇率，并及时公告；被替代组合证券T日无交 易的，取最近交易日的收盘价；交易日无收盘价的，取最后成交价）计算并确定被 替代组合证券的单位结算成本，在此基础上根据替代组合证券数量和申购现金替代 金额确定基金应退还投资人的款项或投资人应补交的款项。T日后的5个工作日内， 基金管理人将应退款或补款与相关申购赎回代理券商办理交收。若发生特殊情况， 基金管理人可以对交收日期进行相应调整。未来基金管理人有权视产品运行情况， 经与基金托管人协商一致，对折算汇率和未购入被替代证券的计算价格进行调整， 并提前公告。 如遇港股通临时停市、港股通交易每日额度或总额度不足等特殊情况，基金管 理人可考虑根据实际情况将组合证券的代理买入及结算价格顺延至下一港股通交易 日直至交易正常。如遇证券长期停牌、流动性不足等可能导致收盘价或最后成交价 不公允的特殊情况，可参照证券的估值价格，对结算价格进行调整，如果基金管理 53 银华恒生港股通中国科技交易型开放式指数证券投资基金招募说明书更新(2026 年第1 号) 人认为该证券复牌后的价格可能存在较大波动，且可能对基金资产净值产生较大影 响，为了更好地维护持有人利益，该证券对应的现金替代退补款的清算交收可在其 复牌后按照实际交易成本或管理人认为合理的价格办理。在此期间若该证券发生除 息、送股（转增） 、配股等重要权益变动，则进行相应调整。 4）赎回替代金额的处理程序 正常情况下，基金管理人有权在T日内任意时刻代赎回投资者卖出组合证券中 被替代证券的任意数量。T日日终，基金管理人根据T日所卖出的被替代证券的实际 单位卖出金额（扣除相关费用，折算为人民币）和未卖出的被替代组合证券的T日 收盘价（折算为人民币，折算汇率采用当天的估值汇率，基金管理人可根据情况调 整所使用的折算汇率，并及时公告；被替代组合证券T日无交易的，取最近交易日 的收盘价；交易日无收盘价的，取最后成交价）计算并确定被替代组合证券的单位 结算金额，在此基础上根据替代组合证券数量确定赎回替代金额。T+7日（指开放 日）内，基金管理人将应支付的赎回现金替代款与相关申购赎回代理券商办理交 收。若发生特殊情况，基金管理人可以对交收日期进行相应调整。未来基金管理人 有权视产品运行情况，经与基金托管人协商一致，对折算汇率和未卖出被替代证券 的计算价格进行调整，并提前公告。 如遇港股通临,购赎回清单：指由基金管理人编制的用以公告申购对价、赎回对价等信 息的文件 48、申购对价：指投资人申购基金份额时，按基金合同和招募说明书规定应交 付的现金替代、现金差额及其他对价 49、赎回对价：指基金份额持有人赎回基金份额时，基金管理人按基金合同和 招募说明书规定应交付给赎回人的现金替代、现金差额及其他对价 50、标的指数：指恒生指数有限公司编制并发布的恒生港股通中国科技指数及 其未来可能发生的变更，或基金管理人根据需要更换的其他指数 51、组合证券：指本基金标的指数所包含的全部或部分证券 52、最小申购赎回单位：指本基金申购份额、赎回份额的最低数量，投资人申 购或赎回的基金份额数应为最小申购赎回单位的整数倍 53、现金替代：指申购或赎回过程中，投资人按基金合同和招募说明书的规 定，用于替代组合证券中全部或部分证券的一定数量的现金 54、现金差额：指最小申购赎回单位的资产净值与按当日收盘价计算的最小申 购赎回单位中的组合证券市值和现金替代之差；投资人申购或赎回时应支付或应获 得的现金差额根据最小申购赎回单位对应的现金差额、申购或赎回的基金份额数计 算 55、预估现金部分：指由基金管理人估计并在T日申购赎回清单中公布的当日 现金差额的估计值，预估现金部分由申购赎回代理券商预先冻结 56、元：指人民币元 57、基金利润：指基金利息收入、投资收益、公允价值变动收益和其他收入扣 11 银华恒生港股通中国科技交易型开放式指数证券投资基金招募说明书更新(2026 年第1 号) 除相关费用后的余额 58、基金资产总值：指基金拥有的各类有价证券、银行存款本息、,/Users/ellis/工具程序开发/港股通逐标的分析/临时数据/513160/513160_更新招募说明书_20260716.txt
162,526070,博时恒指港股通ETF,博时恒指港股通交易型开放式指数证券投资基金招募说明书,2026-04-28,招募书未直接出现 RTGS；按适用的交易所/中国结算跨境 ETF 规则，日间 RTGS 交收，按项目口径 PASS,,替代金额的处理程序 对可以现金替代而言，申购时收取现金替代溢价的原因是，基金管理人需要在收到申购 确认信息后，在香港市场买入组合证券，结算成本与替代金额可能有所差异。对于使用现金 替代的证券，基金管理人将买入该证券，实际买入价格加上相关交易费用并折算为人民币后 与该证券调整后 T 日开盘参考价，按照汇率折算后的金额，可能有所差异。为便于操作，基 金管理人在申购赎回清单中预先确定现金替代溢价比例，并据此收取替代金额。如果预先收 取的金额高于基金购入该部分证券的实际成本，则基金管理人将退还多收取的差额；如果预 先收取的金额低于基金购入该部分证券的实际成本，则基金管理人将向投资者收取欠缺的差 额。 对于确认成功的 T 日申购申请，T 日（指开放日）内基金管理人根据申购规模进行组合 证券的代理买入。T 日（指开放日）日终，基金管理人根据所购入的被替代组合证券的实际 单位购入成本、实际购入的相关费用、未购入的被替代组合证券的 T 日（指开放日）收盘价 10-6 （折算为人民币，折算汇率包括但不限于中国外汇交易中心公布的北京时间 16:00 主要货币 兑人民币参考汇率、中国人民银行或其授权机构最新公布的人民币汇率中间价、与基金托管 人商定的其他公允价格等；被替代组合证券 T 日（指开放日）无交易的，取最近交易日的收 盘价）计算并确定被替代组合证券的单位结算成本，在此基础上根据替代组合证券数量和现 金替代保证金确定基金应退还投资人的款项或投资人应补交的款项。T 日后的两个工作日内， 基金管理人将应退款或补款与相关申购赎回代理机构办理交收。若发生特殊情况，基金管理 人可以对交收日期进行相应调整。 如遇港股通临时停市、港股通交易每日额度或总额度不足等特殊情况，组合证券的代理 买入及结算价格可依次顺延至下一港股通交易日直至交易正常。如遇证券长期停牌、流动性 不足等可能导致收盘价或最后成交价不公允的特殊情况，可参照证券的估值价格，对结算成 本进行调整。如果基金管理人认为该证券复牌后的价格可能存在较大波动，且可能对基金资 产净值产生较大影响，为了更好的维护持有人利益，该证券对应的现金替代款的清算交收可 在其复牌后按照实际交易成本办理。在此期间若该证券发生除息、送股（转增）、配股等重 要权益变动，则进行相应调整。 对于确认成功的 T 日赎回申请，T 日（指开放日）内基金管理人根据所卖出的被替代组 合证券的实际单位卖出成本、实际卖出的相关费用、未卖出的被替代组合证券的 T 日（指开 放日）收盘价（折算为人民币，折算汇率包括但不限于中国外汇交易中心公布的北京时间 16:00 主要货币兑人民币参考汇率、中国人民银行或其授权机构最新公布的人民币汇率中间 价、与基金托管人商定的其他公允价格等；被替代组合证券 T 日（指开放日）无交易的，取 最近交易日的收盘价；交易日无收盘价的，取最后收盘价）计,替代金额的处理程序 对可以现金替代而言，申购时收取现金替代溢价的原因是，基金管理人需要在收到申购 确认信息后，在香港市场买入组合证券，结算成本与替代金额可能有所差异。对于使用现金 替代的证券，基金管理人将买入该证券，实际买入价格加上相关交易费用并折算为人民币后 与该证券调整后 T 日开盘参考价，按照汇率折算后的金额，可能有所差异。为便于操作，基 金管理人在申购赎回清单中预先确定现金替代溢价比例，并据此收取替代金额。如果预先收 取的金额高于基金购入该部分证券的实际成本，则基金管理人将退还多收取的差额；如果预 先收取的金额低于基金购入该部分证券的实际成本，则基金管理人将向投资者收取欠缺的差 额。 对于确认成功的 T 日申购申请，T 日（指开放日）内基金管理人根据申购规模进行组合 证券的代理买入。T 日（指开放日）日终，基金管理人根据所购入的被替代组合证券的实际 单位购入成本、实际购入的相关费用、未购入的被替代组合证券的 T 日（指开放日）收盘价 10-6 （折算为人民币，折算汇率包括但不限于中国外汇交易中心公布的北京时间 16:00 主要货币 兑人民币参考汇率、中国人民银行或其授权机构最新公布的人民币汇率中间价、与基金托管 人商定的其他公允价格等；被替代组合证券 T 日（指开放日）无交易的，取最近交易日的收 盘价）计算并确定被替代组合证券的单位结算成本，在此基础上根据替代组合证券数量和现 金替代保证金确定基金应退还投资人的款项或投资人应补交的款项。T 日后的两个工作日内， 基金管理人将应退款或补款与相关申购赎回代理机构办理交收。若发生特殊情况，基金管理 人可以对交收日期进行相应调整。 如遇港股通临时停市、港股通交易每日额度或总额度不足等特殊情况，组合证券的代理 买入及结算价格可依次顺延至下一港股通交易日直至交易正常。如遇证券长期停牌、流动性 不足等可能导致收盘价或最后成交价不公允的特殊情况，可参照证券的估值价格，对结算成 本进行调整。如果基金管理人认为该证券复牌后的价格可能存在较大波动，且可能对基金资 产净值产生较大影响，为了更好的维护持有人利益，该证券对应的现金替代款的清算交收可 在其复牌后按照实际交易成本办理。在此期间若该证券发生除息、送股（转增）、配股等重 要权益变动，则进行相应调整。 对于确认成功的 T 日赎回申请，T 日（指开放日）内基金管理人根据所卖出的被替代组 合证券的实际单位卖出成本、实际卖出的相关费用、未卖出的被替代组合证券的 T 日（指开 放日）收盘价（折算为人民币，折算汇率包括但不限于中国外汇交易中心公布的北京时间 16:00 主要货币兑人民币参考汇率、中国人民银行或其授权机构最新公布的人民币汇率中间 价、与基金托管人商定的其他公允价格等；被替代组合证券 T 日（指开放日）无交易的，取 最近交易日的收盘价；交易日无收盘价的，取最后收盘价）计,、赎回清单：指由基金管理人编制的用以公告申购对价、赎回对价等信息的文 件 46.申购对价：指投资人申购基金份额时，按基金合同和招募说明书规定应交付的现金 替代、现金差额及其他对价 47.赎回对价：指投资人赎回基金份额时，基金管理人按基金合同和招募说明书规定应 交付给赎回人的现金替代、现金差额和/或其他对价 48.组合证券：指本基金标的指数所包含的全部或部分证券 49.标的指数：指恒生指数有限公司编制并发布的恒指港股通指数及其未来可能发生的 变更 50.完全复制法：指一种跟踪指数的方法。通过购买标的指数中的所有成份证券，并且 按照每种成份证券在标的指数中的权重确定购买的比例以构建指数组合，达到复制指数的目 的 51.现金替代：指申购、赎回过程中，投资人按基金合同和招募说明书的规定，用于替 代组合证券中部分证券的一定数量的现金 52.现金替代退补款：指投资人支付的现金替代与基金购入被替代成份证券的成本及相 关费用的差额。若现金替代大于本基金购入被替代成份证券的成本及相关费用，则本基金需 向投资人退还差额，若现金替代小于本基金购入被替代成份证券的成本及相关费用，则投资 2-4 人需向本基金补缴差额 53.现金差额：指最小申购、赎回单位的资产净值与按当日收盘价计算的最小申购、赎 回单位中的组合证券市值和现金替代之差；投资人申购、赎回时应支付或应获得的现金差额 根据最小申购、赎回单位对应的现金差额、申购或赎回的基金份额数计算 54.最小申购、赎回单位：指本基金申购、赎回份额的最低数量，投资人申购、赎回的 基金份额应为最小申购、赎回单位的整数倍 55.基金份,/Users/ellis/工具程序开发/港股通逐标的分析/临时数据/526070/526070_招募说明书_20260428.txt
163,520980,汇添富恒生港股通中国科技ETF,汇添富恒生港股通中国科技交易型开放式指数证券投资基金更新招募说明书(2026年6月18日更新),2026-06-18,金替代、 现金差额及其他对价的 清算交收适用上海证券交易所、 中国证券登记结算有限责任公司发布的相关业务 规则和参与各方相关协议的有关规定。 本基金申购业务采用实时逐笔全额结算（Real Time Gross Settlement）模 式； 赎回业务涉及的现金替代采用代收代付处理； 申购、 赎回业务涉及的现金差 额和现金替代退补款采用代收代付处理。 投资者 T 日申购成功后， 如交易记录已勾单且申购资金足额的， 登记机构在 T 日日间实时办理基金份额及现金替代的交收；T 日日间未进行勾单确认或日间 资金不足的， 登记机构在T 日日终根据资金是否足额办理基金份额及现金替代的 清算交收， 并将结果发送给基金管理人、 申购赎回代理券商和基金托管人。 基金 管理人在T+1 日内办理现金差额的,的日期也顺延。 如遇证券长期停牌、 流 动性不足等可能导致收盘价或最后成交价不公允的特殊情况， 可参照证券的估值 价格， 对结算价格进行调整， 如果基金管理人认为该证券复牌后的价格可能存在 较大波动， 且可能对基金资产净值产生较大影响， 为了更好的维护基金份额持有 人利益， 该证券对应的现金替代款的清算交收可在其复牌后按照实际交易成本办 理。在此期间若该证券发生除息、送股（转增）、配股等重要权益变动，则进行 相应调整。 5）在系统支持的情况下， 对于 T 日的申购赎回申请， 基金管理人有权进行 轧差处理，针对净申购，购入净申购份额对应的组合证券中被替代的成份证券， 针对净赎回， 卖出净赎回份额对应的组合证券中被替代的成份证券， 基金管理人 汇添富恒生港股通中国科技交易型开放式指数证券投资基金 更新招募说明书 49 有权购入或者卖出不等于轧差处理后的上述被替代的成份证券的任意数量。 6）基金管理人可以根据具体情况， 调整上述2）-5） 的申购、 赎回替代金额 的处理程序、规则等，并在招募说明书更新或其他公告中披露。 （2）关于必须现金替代 1）适用情形：必须现金替代的证券一般是由于标的指数调整将被剔除的成 份证券； 或处于停牌的成份证券； 或因法律法规限制投资的成份证券； 或出于保 护基金份额持有人利益等目的基金管理人认为有必要实行必须现金替代的成份 证券。 2）替代金额：对于必须现金替代的证券，基金管理人将在申购赎回清单中 公告替代的一定数量的现金， 即“固定替代金额”。 固定替代金额的计算方法为： 固定替代金额为替代证券数量乘以其经调整后的 T 日开盘参考价并按照 T- 1 日估值汇率换算或基金管理人认为合理的其他方法。 4、预估现金部分相关内容 预估现金部分是指， 为便于计算,申购替代金额的处理程序 在 T 日 （指港股通交易日） 内， 基金管理人以收到的替代金额代投资者买入 被替代证券。 基金管理人有权在T 日 （指港股通交易日） 内任意时刻以收到的替 代金额代投资者买入小于等于被替代证券数量的任意数量的被替代证券。 基金管 理人有权根据基金投资的需要自主决定不买入部分被替代证券， 或者不进行任何 买入证券的操作。T 日（指港股通交易日）日终，基金管理人根据所购入的被替 代证券的实际单位购入成本 （包括买入价格与相关费用） 和未买入的被替代证券 的 T 日（指港股通交易日）收盘价（折算为人民币）；T 日（指港股通交易日） 在证券交易所无交易的， 取最近交易日的收盘价； 交易日无收盘价的， 取最后成 交价） 计算被替代证券的单位结算成本， 在此基础上根据替代证券数量和申购现 金替代保证金确定基金应退还投资者或投资者应补交的款项。T 日（指港股通交 易日） 后的第3 个港股通交收日后的 2 个工作日内， 基金管理人将应退款或补款 与相关申购赎回代理券商办理交收。 在此期间若该证券发生除息、 送股 （转增） 、 配股等重要权益变动， 则进行相应调整。 出现半日港股通交易日、 临时停市或港 股通每日额度不足等特殊情况时， 计算并确定被替代证券的单位结算成本的时间 将顺延， 款项交收的日期也顺延。 如遇证券长期停牌、 流动性不足等可能导致收 汇添富恒生港股通中国科技交易型开放式指数证券投资基金 更新招募说明书 48 盘价或最后成交价不公允的特殊情况， 可参照证券的估值价格， 对结算价格进行 调整， 如果基金管理人认为该证券复牌后的价格可能存在较大波动， 且可能对基 金资产净值产生较大影响， 为了更好的维护基金份额持有人利益， 该证券对应的 现金替代款的清算交收可在其复牌后按照实际交易成本办理。 在此期间若该证券 发生除息、送股（转增）、配股等重要权益变动，则进行相应调整。 4）赎回替代金额的处理程序 在 T 日 （指港股通交易日） 内， 基金管理人根据赎回申请代投资者卖出被替 代证券。 基金管理人有权在T 日 （指港股通交易日） 内任意时刻代投资者卖出小 于等于被替代证券数量的任意数量的被替代证券。 基金管理人有权根据基金投资 的需要自主决定不卖出部分被替代证券，或者不进行任何卖出证券的操作。T 日 （指港股通交易日） 日终， 基金管理人根据所卖出的被替代证券的实际单位卖出 金额 （扣除相关费用） 和未卖出的被替代证券的T 日 （指港股通交易日） 收盘价 （折算为人民币） ； 被替代证券T 日 （指港股通交易日） 在证券交易所无交易的， 取最近交易日的收盘价； 交易日无收盘价的， 取最后成交价） 计算被替代证券的 单位结算金额，在此基础上根据替代证券数量确定赎回替代金额。T 日（指港股 通交易日） 后的第3 个港股通交收日后的2 个工作日,替代金额的处理程序 在 T 日 （指港股通交易日） 内， 基金管理人以收到的替代金额代投资者买入 被替代证券。 基金管理人有权在T 日 （指港股通交易日） 内任意时刻以收到的替 代金额代投资者买入小于等于被替代证券数量的任意数量的被替代证券。 基金管 理人有权根据基金投资的需要自主决定不买入部分被替代证券， 或者不进行任何 买入证券的操作。T 日（指港股通交易日）日终，基金管理人根据所购入的被替 代证券的实际单位购入成本 （包括买入价格与相关费用） 和未买入的被替代证券 的 T 日（指港股通交易日）收盘价（折算为人民币）；T 日（指港股通交易日） 在证券交易所无交易的， 取最近交易日的收盘价； 交易日无收盘价的， 取最后成 交价） 计算被替代证券的单位结算成本， 在此基础上根据替代证券数量和申购现 金替代保证金确定基金应退还投资者或投资者应补交的款项。T 日（指港股通交 易日） 后的第3 个港股通交收日后的 2 个工作日内， 基金管理人将应退款或补款 与相关申购赎回代理券商办理交收。 在此期间若该证券发生除息、 送股 （转增） 、 配股等重要权益变动， 则进行相应调整。 出现半日港股通交易日、 临时停市或港 股通每日额度不足等特殊情况时， 计算并确定被替代证券的单位结算成本的时间 将顺延， 款项交收的日期也顺延。 如遇证券长期停牌、 流动性不足等可能导致收 汇添富恒生港股通中国科技交易型开放式指数证券投资基金 更新招募说明书 48 盘价或最后成交价不公允的特殊情况， 可参照证券的估值价格， 对结算价格进行 调整， 如果基金管理人认为该证券复牌后的价格可能存在较大波动， 且可能对基 金资产净值产生较大影响， 为了更好的维护基金份额持有人利益， 该证券对应的 现金替代款的清算交收可在其复牌后按照实际交易成本办理。 在此期间若该证券 发生除息、送股（转增）、配股等重要权益变动，则进行相应调整。 4）赎回替代金额的处理程序 在 T 日 （指港股通交易日） 内， 基金管理人根据赎回申请代投资者卖出被替 代证券。 基金管理人有权在T 日 （指港股通交易日） 内任意时刻代投资者卖出小 于等于被替代证券数量的任意数量的被替代证券。 基金管理人有权根据基金投资 的需要自主决定不卖出部分被替代证券，或者不进行任何卖出证券的操作。T 日 （指港股通交易日） 日终， 基金管理人根据所卖出的被替代证券的实际单位卖出 金额 （扣除相关费用） 和未卖出的被替代证券的T 日 （指港股通交易日） 收盘价 （折算为人民币） ； 被替代证券T 日 （指港股通交易日） 在证券交易所无交易的， 取最近交易日的收盘价； 交易日无收盘价的， 取最后成交价） 计算被替代证券的 单位结算金额，在此基础上根据替代证券数量确定赎回替代金额。T 日（指港股 通交易日） 后的第3 个港股通交收日后的2 个工作日内，,可参与本基金的申购、赎回及交易。投资者一旦认购、申购或赎回本基金， 即表示对基金认购、申购和赎回所涉及的基金份额的证券变更登记方式以及申 购赎回所涉及现金替代、现金差额等相关的交收方式已经认可。 投资有风险， 投资者在进行投资决策前， 请仔细阅读本基金的 《招募说明书》 、 《基金合同》 、 基金产品资料概要等信息披露文件， 并根据自身的投资目的、 投 汇添富恒生港股通中国科技交易型开放式指数证券投资基金 更新招募说明书 4 资期限、投资经验、资产状况等判断基金是否和投资者的风险承受能力相适应， 自主判断基金的投资价值，自主做出投资决策，自行承担投资风险。 基金的过往业绩并不预示其未来表现， 基金管理人管理的其他基金的业绩也 不构成对本基金业绩表现的保证。 基金管理人依照恪尽职守、 诚实信用、 谨慎勤勉的原则管理和运用基金财产， 但不保证投资于本基金一定盈利，也不保证最低收益。 基金管理人提醒投资者基金投资的“买者自负”原则， 在投资者作出投资决 策后，基金运营状况与基金净值变化导致的投资风险，由投资者自行负担。 本次招募说明书更新主要涉及基金管理人、 基金托管人、 相关服务机构、 财 务数据和净值表现、 其他应披露事项等， 更新所载内容截止日为2026年6月17日， 有关财务数据和净值表现截止日为2026年3月31日。 汇添富恒生港股通中国科技交易型开放式指数证券投资基金 更新招募说明书 5 第一部分 绪言 本招募说明书依据《中华人民共和国证券投资基金法》(以下简称“《基金 法》”)、 《公开募集证券投资基金运作管理办法》(以下简称“《运作办法,/Users/ellis/工具程序开发/港股通逐标的分析/临时数据/520980/520980_更新招募说明书_20260618.txt
164,159109,景顺长城恒生港股通50ETF,景顺长城恒生港股通50交易型开放式指数证券投资基金2026年第1号更新招募说明书,2026-05-23,有人大会审议。 （八）根据本基金现行适用的清算交收和申赎处理规则，投资者当日申购的基金份额，清算交收完 成后方可卖出和赎回，即 T 日申购的基金份额且日间完成 RTGS（实时逐笔全额结算）交收的，T 日可 卖出和赎回，而 T 日申购的基金份额且日终完成逐笔全额非担保交收的，T+1 日方可卖出和赎回；T 日 竞价买入的基金份额，T 日可以卖出或赎回；T 日大宗买入的基金份额，T 日可以大宗卖出，T+1 日可以 竞价卖出或赎回。 （九）投资人在投资本基金前，请认真阅读本招募说明书，全面认识本基金产品的风险收益特征和 产品特性，充分考虑自身的风险承受能力，理性判断市场，对认购和/或申购基金的意愿、时机、数量等 投资行为作出独立决策，获得基金投资收益，亦承担基金投资中出现的各类风险 。投,,申购替代金额的处理程序 对于确认成功的 T 日申购申请，基金管理人有权在 T 日内任意时刻以收到的申购替 代金额代投资者买入小于等于被替代组合证券数量的任意数量的被替代组合证券。 基金管 理人有权根据基金投资的需要自主决定不买入部分被替代组合证券， 或者不进行任何买入 证券的操作。T 日日终，基金管理人根据所购入的被替代组合证券的实际单位购入成本、 实际购入的相关费用、未购入的被替代组合证券的 T 日收盘价（依照汇率折算为人民币； 被替代组合证券 T 日无交易的， 取最近交易日的收盘价； 交易日无收盘价的， 取最后收盘 价） 计算并确定被替代组合证券的单位结算成本， 在此基础上根据替代组合证券数量和申 购现金替代保证金确定基金应退还投资人的款项或投资人应补交的款项。T 日后的第 4 个 港股通交收日后的 1 个工作日内， 基金管理人将应退款或补款与相关申购赎回代理机构办 理交收。若发生特殊情况，基金管理人可以对交收日期进行相应调整。 如遇港股通临时停市、 港股通交易每日额度或总额度不足等特殊情况， 组合证券的代 理买入及结算价格可依次顺延至下一港股通交易日直至交易正常。 如遇证券长期停牌、 流 动性不足等可能导致收盘价或最后成交价不公允的特殊情况， 可参照证券的估值价格， 对 结算成本进行调整。 如果基金管理人认为该证券复牌后的价格可能存在较大波动， 且可能 对基金资产净值产生较大影响， 为了更好的维护持有人利益， 该证券对应的现金替代款的 清算交收可在其复牌后按照实际交易成本或基金管理人认为合理的价格办理。 在此期间若 该证券发生除息、送股（转增） 、配股等重要权益变动，则进行相应调整。上述汇率目前 采用汇率公允价。汇率公允价包括中国人民银行或其授权机构公布的人民币汇率中间价、 中国外汇交易中心最新收盘价、 基金管理人委托的其他机构在发布和计算境外指数产品中 景顺长城恒生港股通 50 交易型开放式指数证券投资基金更新招募说明书 44 采用的汇率价格和与基金托管人商定的其他公允价格等。 ④赎回替代金额的处理程序 对于确认成功的 T 日赎回申请，基金管理人有权在 T 日内任意时刻代投资者卖出小 于等于被替代证券数量的任意数量的被替代证券。T 日日终，基金管理人有权根据所卖出 的被替代组合证券的实际单位卖出成本、 实际卖出的相关费用、 未卖出的被替代组合证券 的 T 日收盘价（依照汇率折算为人民币；被替代组合证券 T 日无交易的，取最近交易日 的收盘价；交易日无收盘价的，取最后收盘价）计算并确定被替代组合证券的单位结算成 本，在此基础上根据替代组合证券数量确定赎回替代金额。T 日后的第 4 个港股通交收日 后的 1 个工作日内， 基金管理人将应支付的赎回现金替代款与相关申购赎回代理机构办理 交收。若发生特殊情况，基金管理人可以对交收日期进行相应调整。 如遇港股通,替代金额的处理程序 对于确认成功的 T 日申购申请，基金管理人有权在 T 日内任意时刻以收到的申购替 代金额代投资者买入小于等于被替代组合证券数量的任意数量的被替代组合证券。 基金管 理人有权根据基金投资的需要自主决定不买入部分被替代组合证券， 或者不进行任何买入 证券的操作。T 日日终，基金管理人根据所购入的被替代组合证券的实际单位购入成本、 实际购入的相关费用、未购入的被替代组合证券的 T 日收盘价（依照汇率折算为人民币； 被替代组合证券 T 日无交易的， 取最近交易日的收盘价； 交易日无收盘价的， 取最后收盘 价） 计算并确定被替代组合证券的单位结算成本， 在此基础上根据替代组合证券数量和申 购现金替代保证金确定基金应退还投资人的款项或投资人应补交的款项。T 日后的第 4 个 港股通交收日后的 1 个工作日内， 基金管理人将应退款或补款与相关申购赎回代理机构办 理交收。若发生特殊情况，基金管理人可以对交收日期进行相应调整。 如遇港股通临时停市、 港股通交易每日额度或总额度不足等特殊情况， 组合证券的代 理买入及结算价格可依次顺延至下一港股通交易日直至交易正常。 如遇证券长期停牌、 流 动性不足等可能导致收盘价或最后成交价不公允的特殊情况， 可参照证券的估值价格， 对 结算成本进行调整。 如果基金管理人认为该证券复牌后的价格可能存在较大波动， 且可能 对基金资产净值产生较大影响， 为了更好的维护持有人利益， 该证券对应的现金替代款的 清算交收可在其复牌后按照实际交易成本或基金管理人认为合理的价格办理。 在此期间若 该证券发生除息、送股（转增） 、配股等重要权益变动，则进行相应调整。上述汇率目前 采用汇率公允价。汇率公允价包括中国人民银行或其授权机构公布的人民币汇率中间价、 中国外汇交易中心最新收盘价、 基金管理人委托的其他机构在发布和计算境外指数产品中 景顺长城恒生港股通 50 交易型开放式指数证券投资基金更新招募说明书 44 采用的汇率价格和与基金托管人商定的其他公允价格等。 ④赎回替代金额的处理程序 对于确认成功的 T 日赎回申请，基金管理人有权在 T 日内任意时刻代投资者卖出小 于等于被替代证券数量的任意数量的被替代证券。T 日日终，基金管理人有权根据所卖出 的被替代组合证券的实际单位卖出成本、 实际卖出的相关费用、 未卖出的被替代组合证券 的 T 日收盘价（依照汇率折算为人民币；被替代组合证券 T 日无交易的，取最近交易日 的收盘价；交易日无收盘价的，取最后收盘价）计算并确定被替代组合证券的单位结算成 本，在此基础上根据替代组合证券数量确定赎回替代金额。T 日后的第 4 个港股通交收日 后的 1 个工作日内， 基金管理人将应支付的赎回现金替代款与相关申购赎回代理机构办理 交收。若发生特殊情况，基金管理人可以对交收日期进行相应调整。 如遇港股通临时,的基金份额享受基金收益，同时承担相应的投资风险。基金合同生效后，本基金的申购、赎回采用全现 金替代、基金管理人代买代卖的模式，申购对价、赎回对价包括现金替代、现金差额及其他对价。 若深 圳证券交易所和中国证券登记结算有限责任公司针对跨境交易型开放式指数证券投资基金 修改现有的清 算交收与登记模式、推出新的清算交收与登记模式并引入新的申购、赎回方式，本基金管理人有权调整 本基金的清算交收与登记模式及申购、 赎回方式， 或新增本基金的清算交收与登记模式并引入新的申购、 赎回方式，届时将发布公告予以披露并对本基金的基金合同和招募说明书及其更新中予以更新，无须召 开基金份额持有人大会审议。 （八）根据本基金现行适用的清算交收和申赎处理规则，投资者当日申购的基金份额，清算交收完 成后方可卖出和赎回，即 T 日申购的基金份额且日间完成 RTGS（实时逐笔全额结算）交收的，T 日可 卖出和赎回，而 T 日申购的基金份额且日终完成逐笔全额非担保交收的，T+1 日方可卖出和赎回；T 日 竞价买入的基金份额，T 日可以卖出或赎回；T 日大宗买入的基金份额，T 日可以大宗卖出，T+1 日可以 竞价卖出或赎回。 （九）投资人在投资本基金前，请认真阅读本招募说明书，全面认识本基金产品的风险收益特征和 产品特性，充分考虑自身的风险承受能力，理性判断市场，对认购和/或申购基金的意愿、时机、数量等 投资行为作出独立决策，获得基金投资收益，亦承担基金投资中出现的各类风险 。投资本基金可能遇到 的风险包括但不限于：本基金的特有风险、市场风险、流动性风险、管理风险、信用风险、操作风,/Users/ellis/工具程序开发/港股通逐标的分析/临时数据/159109/159109_更新招募说明书_20260523.txt
165,159220,华宝标普港股通低波红利ETF,华宝标普港股通低波红利交易型开放式指数证券投资基金招募说明书,2025-04-08,资者当日申购的基金份额， 清算交收完成后方可卖出和赎回。 本 基金申购业务采用实时逐笔全额结算（Real Time Gross Settlement ，以下简称RTGS）模 式， 投资者T日申购后， 如交易记录已勾单且申购资金足额的， 登记机构在T日日间实时办理 基金份额及现金替代的交收；T日日间未进行勾单确认或日间资金不足的， 登记机构在T日日 终根据资金是否足额办理基金份额及现金替代的清算交收。 在目前的业务规则下， 投资者投资本基金时需具有深圳证券交易所A股账户或基金账户。 其中，深圳证券交易所基金账户只能进行基金的现金认购和二级市场交易。 投资者在进行投资决策前， 请仔细阅读本基金的招募说明书、基金合同及基金产品资料 概要 等信息披露文件， 并根据自身的投资目的、 投资期,,替代金额的处理程序 基金管理人在 T 日以收到的替代金额代投资者买入被替代证券。基金管理人有权根据 基金投资的需要自主决定不买入部分被替代证券，或者不进行任何买入被替代证券的操作。 对于确认成功的 T 日申购申请，T+1 日内基金管理人根据申购规模进行组合证券的代理买 入， 通常情况下代理买入在T 日完成。 基金管理人根据所购入的被替代证券的实际单位购入 成本 （包括买入价格与相关费用） 和未买入的被替代证券的 T 日收盘价 （折算为人民币， 折 算汇率采用当天的估值汇率；T 日在证券交易所无交易的，取最近交易日的收盘价；交易日 无收盘价的， 取最后成交价） 计算被替代证券的单位结算成本， 在此基础上根据替代证券数 量和申购现金替代保证金确定基金应退还投资者或投资者应补交的款项。T 日后的第 2 个港 股通交收日后的第 1 个工作日内，基金管理人将应退款或补款与相关申购赎回代理机构办 理交收。若发生特殊情况，基金管理人可以对交收日期进行相应调整。 如遇港股通临时停市、 港股通交易每日额度或总额度不足等特殊情况， 组合证券的代理 买入及结算价格可依次顺延至下一港股通交易日直至交易正常。 如遇证券长期停牌、 流动性 不足等可能导致收盘价或最后成交价不公允的特殊情况， 可参照证券的估值价格， 对结算价 36 格进行调整， 如果基金管理人认为该证券复牌后的价格可能存在较大波动， 且可能对基金资 产净值产生较大影响， 为了更好的维护持有人利益， 该证券对应的现金替代款的清算交收可 在其复牌后按照实际交易成本办理。在此期间若该证券发生除息、送股（转增） 、配股等重 要权益变动，则进行相应调整。 基金管理人在 T 日根据赎回申请代投资者卖出被替代证券。基金管理人有权根据基金 投资的需要自主决定不卖出部分被替代证券， 或者不进行任何卖出被替代证券的操作。 对于 确认成功的 T 日赎回申请，T+1 日内，基金管理人根据赎回规模进行组合证券的代理卖出。 基金管理人根据所卖出的被替代证券的实际单位卖出金额 （扣除相关费用） 和未卖出的被替 代证券的 T 日收盘价 （折算为人民币， 折算汇率采用当天的估值汇率； 被替代证券T 日在证 券交易所无交易的， 取最近交易日的收盘价； 交易日无收盘价的， 取最后成交价） 计算被替 代证券的单位结算金额，在此基础上根据替代证券数量确定赎回替代金额。 T 日后的第 3 个港股通交收日后的第 1 个工作日内， 基金管理人将应支付的赎回替代金 额与相关申购赎回代理机构办理交收。 若发生特殊情况， 基金管理人可以对交收日期进行相 应调整。 如遇港股通临时停市、 港股通交易每日额度或总额度不足等特殊情况， 组合证券的代理 卖出及结算价格可依次顺延至下一港股通交易日直至交易正常。 如遇证券长期停牌、 流动性 不足等可能导致收盘价或最后成交价不公允的特殊情,替代金额的处理程序 基金管理人在 T 日以收到的替代金额代投资者买入被替代证券。基金管理人有权根据 基金投资的需要自主决定不买入部分被替代证券，或者不进行任何买入被替代证券的操作。 对于确认成功的 T 日申购申请，T+1 日内基金管理人根据申购规模进行组合证券的代理买 入， 通常情况下代理买入在T 日完成。 基金管理人根据所购入的被替代证券的实际单位购入 成本 （包括买入价格与相关费用） 和未买入的被替代证券的 T 日收盘价 （折算为人民币， 折 算汇率采用当天的估值汇率；T 日在证券交易所无交易的，取最近交易日的收盘价；交易日 无收盘价的， 取最后成交价） 计算被替代证券的单位结算成本， 在此基础上根据替代证券数 量和申购现金替代保证金确定基金应退还投资者或投资者应补交的款项。T 日后的第 2 个港 股通交收日后的第 1 个工作日内，基金管理人将应退款或补款与相关申购赎回代理机构办 理交收。若发生特殊情况，基金管理人可以对交收日期进行相应调整。 如遇港股通临时停市、 港股通交易每日额度或总额度不足等特殊情况， 组合证券的代理 买入及结算价格可依次顺延至下一港股通交易日直至交易正常。 如遇证券长期停牌、 流动性 不足等可能导致收盘价或最后成交价不公允的特殊情况， 可参照证券的估值价格， 对结算价 36 格进行调整， 如果基金管理人认为该证券复牌后的价格可能存在较大波动， 且可能对基金资 产净值产生较大影响， 为了更好的维护持有人利益， 该证券对应的现金替代款的清算交收可 在其复牌后按照实际交易成本办理。在此期间若该证券发生除息、送股（转增） 、配股等重 要权益变动，则进行相应调整。 基金管理人在 T 日根据赎回申请代投资者卖出被替代证券。基金管理人有权根据基金 投资的需要自主决定不卖出部分被替代证券， 或者不进行任何卖出被替代证券的操作。 对于 确认成功的 T 日赎回申请，T+1 日内，基金管理人根据赎回规模进行组合证券的代理卖出。 基金管理人根据所卖出的被替代证券的实际单位卖出金额 （扣除相关费用） 和未卖出的被替 代证券的 T 日收盘价 （折算为人民币， 折算汇率采用当天的估值汇率； 被替代证券T 日在证 券交易所无交易的， 取最近交易日的收盘价； 交易日无收盘价的， 取最后成交价） 计算被替 代证券的单位结算金额，在此基础上根据替代证券数量确定赎回替代金额。 T 日后的第 3 个港股通交收日后的第 1 个工作日内， 基金管理人将应支付的赎回替代金 额与相关申购赎回代理机构办理交收。 若发生特殊情况， 基金管理人可以对交收日期进行相 应调整。 如遇港股通临时停市、 港股通交易每日额度或总额度不足等特殊情况， 组合证券的代理 卖出及结算价格可依次顺延至下一港股通交易日直至交易正常。 如遇证券长期停牌、 流动性 不足等可能导致收盘价或最后成交价不公允的特殊情,。 由于本基 金的标的指数组合证券为港股通标的股票，本基金采用现金申购赎回方式，即全现金替代， 基金管理人代买代卖的模式， 申购对价、 赎回对价包括现金替代、 现金差额及其他对价。未 来在深圳证券交易所和登记机构系统允许的情况下， 本基金可采用部分或全部组合证券申购 赎回方式，申购对价、赎回对价包括组合证券、现金替代、现金差额及其他对价，并在实施 前依照有关规定在规定媒介上予以公告。 在目前结算规则下， 投资者当日申购的基金份额， 清算交收完成后方可卖出和赎回。 本 基金申购业务采用实时逐笔全额结算（Real Time Gross Settlement ，以下简称RTGS）模 式， 投资者T日申购后， 如交易记录已勾单且申购资金足额的， 登记机构在T日日间实时办理 基金份额及现金替代的交收；T日日间未进行勾单确认或日间资金不足的， 登记机构在T日日 终根据资金是否足额办理基金份额及现金替代的清算交收。 在目前的业务规则下， 投资者投资本基金时需具有深圳证券交易所A股账户或基金账户。 其中，深圳证券交易所基金账户只能进行基金的现金认购和二级市场交易。 投资者在进行投资决策前， 请仔细阅读本基金的招募说明书、基金合同及基金产品资料 概要 等信息披露文件， 并根据自身的投资目的、 投资期限、 投资经验、 资产状况等判断基金 是否和投资 者的风险承受能力相适应， 自主判断基金的投资价值， 自主做出投资决策， 自行 承担投资风险。 基金的过往业绩并不预示其未来表现， 基金管理人管理的其他基金的业绩也不构成对本 基金业绩表现的保证。 基金管理人依照恪尽职守、,/Users/ellis/工具程序开发/港股通逐标的分析/临时数据/159220/159220_招募说明书_20250408.txt
166,159277,富国中证港股通高股息投资ETF,富国中证港股通高股息投资交易型开放式指数证券投资基金招募说明书(更新)(二0二六年第一号),2026-08-21,持 有人大会审议。 根据本基金现行适用的清算交收和申赎处理规则， 投资者当日申购的基金份 额，清算交收完成后方可卖出和赎回，即 T 日申购的基金份额且日间完成 RTGS （实时逐笔全额结算）交收的，T 日可卖出和赎回，而T 日申购的基金份额且日 终完成逐笔全额非担保交收的，T+1 日方可卖出和赎回；T 日竞价买入的基金份 额，T 日可以卖出或赎回；T 日大宗买入的基金份额，T 日可以大宗卖出，T+1 日 可以竞价卖出或赎回。 投资有风险， 投资者认购 （或申购） 基金时应认真阅读本招募说明书、 基金 合同、 基金产品资料概要等信息披露文件， 自主判断基金的投资价值， 自主做出 投资决策，自行承担投资风险。基金管理人提醒投资者基金投资的“买者自负” 原则， 在投资者作出投资决策后，,,申购替代金额的处理程序 对于确认成功的 T 日申购申请，T 日内基金管理人根据申购规模进行组合证 券的代理买入。 基金管理人有权根据基金投资的需要自主决定不买入部分被替代 证券，或者不进行任何买入证券的操作。T 日日终，基金管理人根据所购入的被 替代组合证券的实际单位购入成本、 实际购入的相关费用 （实际购入金额根据港 股通相关业务规则按当天的港股通卖出结算汇兑比率折算为人民币） 、未购入的 被替代组合证券的 T 日收盘价 （折算为人民币， 折算汇率采用基金管理人和基金 托管人商定的汇率公允价， 包括中国外汇交易中心公布的北京时间16:00 参考汇 率、 港股通买入结算汇兑比率和卖出结算汇兑比率的算术平均值、 中国人民银行 或其授权机构公布的人民币汇率中间价、与基金托管人商定的其他公允价格等； 被替代组合证券 T 日无交易的， 取最近交易日的收盘价； 交易日无收盘价的， 取 最后收盘价） 计算并确定被替代组合证券的单位结算成本， 在此基础上根据替代 组合证券数量和申购现金替代保证金确定基金应退还投资人的款项或投资人应 补交的款项。 若发生特殊情况， 包括如遇港股通结算异常等， 基金管理人可以对 折算汇率和结算成本进行相应调整。T 日后的 5 个工作日内， 基金管理人将应退 款或补款与相关申购赎回代理机构办理交收。 若发生特殊情况， 基金管理人可以 对交收日期进行相应调整。 如遇港股通临时停市、 港股通交易每日额度或总额度不足等特殊情况， 组合 证券的代理买入及结算价格可依次顺延至下一港股通交易日直至交易正常。 如遇 证券长期停牌、流动性不足等可能导致收盘价或最后成交价不公允的特殊情况， 可参照证券的估值价格， 对结算成本进行调整。 如果基金管理人认为该证券复牌 招募说明书（更新） 48 后的价格可能存在较大波动， 且可能对基金资产净值产生较大影响， 为了更好的 维护持有人利益， 该证券对应的现金替代款的清算交收可在其复牌后按照实际交 易成本办理。 在此期间若该证券发生除息、 送股 （转增） 、 配股等重要权益变动， 则进行相应调整。 ④赎回替代金额的处理程序 对于确认成功的 T 日赎回申请，T 日内基金管理人根据赎回规模进行组合证 券的代理卖出。 基金管理人有权根据基金投资的需要自主决定不卖出部分被替代 证券， 或者不进行任何卖出证券的操作。T 日内基金管理人根据所卖出的被替代 组合证券的实际单位卖出金额、 实际卖出的相关费用（实际卖出金额根据港股通 相关业务规则按当天的港股通买入结算汇兑比率折算为人民币）、未卖出的被替 代组合证券的 T 日收盘价 （折算为人民币， 折算汇率采用基金管理人和基金托管 人商定的汇率公允价，包括中国外汇交易中心公布的北京时间 16:00 参考汇率、 港股通买入结算汇兑比率和卖出结算汇兑比率的算术平均值、 中国人民银行或其 授权机,替代金额的处理程序 对于确认成功的 T 日申购申请，T 日内基金管理人根据申购规模进行组合证 券的代理买入。 基金管理人有权根据基金投资的需要自主决定不买入部分被替代 证券，或者不进行任何买入证券的操作。T 日日终，基金管理人根据所购入的被 替代组合证券的实际单位购入成本、 实际购入的相关费用 （实际购入金额根据港 股通相关业务规则按当天的港股通卖出结算汇兑比率折算为人民币） 、未购入的 被替代组合证券的 T 日收盘价 （折算为人民币， 折算汇率采用基金管理人和基金 托管人商定的汇率公允价， 包括中国外汇交易中心公布的北京时间16:00 参考汇 率、 港股通买入结算汇兑比率和卖出结算汇兑比率的算术平均值、 中国人民银行 或其授权机构公布的人民币汇率中间价、与基金托管人商定的其他公允价格等； 被替代组合证券 T 日无交易的， 取最近交易日的收盘价； 交易日无收盘价的， 取 最后收盘价） 计算并确定被替代组合证券的单位结算成本， 在此基础上根据替代 组合证券数量和申购现金替代保证金确定基金应退还投资人的款项或投资人应 补交的款项。 若发生特殊情况， 包括如遇港股通结算异常等， 基金管理人可以对 折算汇率和结算成本进行相应调整。T 日后的 5 个工作日内， 基金管理人将应退 款或补款与相关申购赎回代理机构办理交收。 若发生特殊情况， 基金管理人可以 对交收日期进行相应调整。 如遇港股通临时停市、 港股通交易每日额度或总额度不足等特殊情况， 组合 证券的代理买入及结算价格可依次顺延至下一港股通交易日直至交易正常。 如遇 证券长期停牌、流动性不足等可能导致收盘价或最后成交价不公允的特殊情况， 可参照证券的估值价格， 对结算成本进行调整。 如果基金管理人认为该证券复牌 招募说明书（更新） 48 后的价格可能存在较大波动， 且可能对基金资产净值产生较大影响， 为了更好的 维护持有人利益， 该证券对应的现金替代款的清算交收可在其复牌后按照实际交 易成本办理。 在此期间若该证券发生除息、 送股 （转增） 、 配股等重要权益变动， 则进行相应调整。 ④赎回替代金额的处理程序 对于确认成功的 T 日赎回申请，T 日内基金管理人根据赎回规模进行组合证 券的代理卖出。 基金管理人有权根据基金投资的需要自主决定不卖出部分被替代 证券， 或者不进行任何卖出证券的操作。T 日内基金管理人根据所卖出的被替代 组合证券的实际单位卖出金额、 实际卖出的相关费用（实际卖出金额根据港股通 相关业务规则按当天的港股通买入结算汇兑比率折算为人民币）、未卖出的被替 代组合证券的 T 日收盘价 （折算为人民币， 折算汇率采用基金管理人和基金托管 人商定的汇率公允价，包括中国外汇交易中心公布的北京时间 16:00 参考汇率、 港股通买入结算汇兑比率和卖出结算汇兑比率的算术平均值、 中国人民银行或其 授权机构公,较大的风险、流动性风险、退市风险等。 基金合同生效后， 本基金的申购、 赎回采用全现金替代、 基金管理人代买代 卖的模式， 申购对价、 赎回对价包括现金替代、 现金差额及其他对价。 未来在条 件允许的情况下， 在履行适当程序后， 基金管理人可以在场内开通现金申购、 赎 回以外的方式办理申购、 赎回业务， 或开通场外申购、 赎回相关业务， 相应的业 务规则、 申购赎回原则等相关事项届时将另行约定并公告， 无需召开基金份额持 有人大会审议。 根据本基金现行适用的清算交收和申赎处理规则， 投资者当日申购的基金份 额，清算交收完成后方可卖出和赎回，即 T 日申购的基金份额且日间完成 RTGS （实时逐笔全额结算）交收的，T 日可卖出和赎回，而T 日申购的基金份额且日 终完成逐笔全额非担保交收的，T+1 日方可卖出和赎回；T 日竞价买入的基金份 额，T 日可以卖出或赎回；T 日大宗买入的基金份额，T 日可以大宗卖出，T+1 日 可以竞价卖出或赎回。 投资有风险， 投资者认购 （或申购） 基金时应认真阅读本招募说明书、 基金 合同、 基金产品资料概要等信息披露文件， 自主判断基金的投资价值， 自主做出 投资决策，自行承担投资风险。基金管理人提醒投资者基金投资的“买者自负” 原则， 在投资者作出投资决策后， 基金运营状况与基金净值变化引致的投资风险， 由投资者自行负责。 未来若出现标的指数不符合要求 （因成份股价格波动等指数编制方法变动之 外的因素致使标的指数不符合要求的情形除外） 、指数编制机构退出等情形，基 金管理人召集基金份额持有人大会对解决方案进行表决,/Users/ellis/工具程序开发/港股通逐标的分析/临时数据/159277/159277_更新招募说明书_20260821.txt
167,520860,富国中证港股通科技ETF,富国中证港股通科技交易型开放式指数证券投资基金招募说明书(更新)(二0二六年第四号),2026-08-27,明书（更新） 2 5、根据本基金现行适用的清算交收和申赎处理规则，投资者当日申购的基 金份额，清算交收完成后方可卖出和赎回，即 T 日申购的基金份额且日间完成 RTGS（实时逐笔全额结算）交收的，T 日可卖出和赎回，而T 日申购的基金份额 且日终完成逐笔全额非担保交收的，T+1 日方可卖出和赎回；T 日买入的基金份 额，T 日可以赎回或卖出。 6、投资有风险，投资者认购（或申购）基金时应认真阅读本招募说明书、 基金合同和基金产品资料概要等信息披露文件， 全面认识本基金产品的风险收益 特征和产品特性， 自主判断基金的投资价值， 并根据自身的投资目的、 投资期限、 投资经验、 资产状况等判断本基金是否和自身的风险承受能力相适； 投资者应充 分考虑自身的风险承受能力，理性判断市场，对认,,申购替代金额的处理程序 T 日， 基金管理人根据申购赎回清单收取申购现金替代保证金。对于确认成 功的 T 日申购申请，在 T 日内，基金管理人以收到的申购现金替代保证金代投 资者买入被替代证券。基金管理人有权在 T 日内任意时刻以收到的申购现金替 代保证金代投资者买入小于等于被替代证券数量的任意数量的被替代证券。 基金 管理人有权根据基金投资的需要自主决定不买入部分被替代证券， 或者不进行任 何买入证券的操作。 在 T 日日终， 基金管理人已买入的证券， 依据申购现金替代保证金与被替代 证券的实际买入成本 （包括买入价格与相关交易费用， 实际买入金额根据港股通 相关业务规则按当天的港股通卖出结算汇兑比率结算为人民币） 的差额， 确定基 金应退还投资者或投资者应补交的款项； 未买入的证券， 依据申购现金替代保证 金与被替代证券 T 日收盘价 （折算为人民币， 折算汇率采用基金管理人和基金托 管人商定的汇率公允价， 包括中国外汇交易中心公布的北京时间16:00 参考汇率、 港股通买入结算汇兑比率和卖出结算汇兑比率的算术平均值、 中国人民银行或其 授权机构公布的人民币汇率中间价、 与基金托管人商定的其他公允价格等； 被替 代组合证券 T 日无交易的， 取最近交易日的收盘价； 交易日无收盘价的， 取最后 成交价）的差额，确定基金应退还投资者或投资者应补交的款项。 招募说明书（更新） 50 在此期间若该部分证券发生除息、送股（转增） 、配股等重要权益变动，则 进行相应调整。 正常情况下，T+3 日 （指上海证券交易所与香港联合交易所的共 同交易日）内，基金管理人将应退款和补款的明细及汇总数据发送给登记机构， 登记机构办理现金替代多退少补资金的清算， 并将结果发送给相关申购赎回代理 机构和基金托管人。 如遇港股通临时停市、 港股通每日额度不足、 证券长期停牌、流动性不足等 特殊情况， 可参照证券的估值价格对结算价格进行调整， 如果基金管理人认为该 证券复牌后的价格可能存在较大波动， 且可能对基金资产净值产生较大影响， 为 了更好地维护持有人利益， 该证券对应的现金替代退补款的清算交收可在其复牌 后按照实际交易成本办理。在此期间若该证券发生除息、送股（转增） 、配股等 重要权益变动，则进行相应调整。 ④赎回替代金额的处理程序 对于确认成功的 T 日赎回申请，在 T 日内，基金管理人根据赎回申请代投 资者卖出被替代证券。基金管理人有权在 T 日内任意时刻代投资者卖出小于等 于被替代证券数量的任意数量的被替代证券。 基金管理人有权根据基金投资的需 要自主决定不卖出部分被替代证券，或者不进行任何卖出证券的操作。 在 T 日日终，基金管理人已卖出的证券，按照被替代证券的实际卖出金额 （扣除相关费用， 实际卖出金额根据港股通相关业务规则按当天的港股通买入结 算汇兑比率结算为人民币）,替代金额的处理程序 T 日， 基金管理人根据申购赎回清单收取申购现金替代保证金。对于确认成 功的 T 日申购申请，在 T 日内，基金管理人以收到的申购现金替代保证金代投 资者买入被替代证券。基金管理人有权在 T 日内任意时刻以收到的申购现金替 代保证金代投资者买入小于等于被替代证券数量的任意数量的被替代证券。 基金 管理人有权根据基金投资的需要自主决定不买入部分被替代证券， 或者不进行任 何买入证券的操作。 在 T 日日终， 基金管理人已买入的证券， 依据申购现金替代保证金与被替代 证券的实际买入成本 （包括买入价格与相关交易费用， 实际买入金额根据港股通 相关业务规则按当天的港股通卖出结算汇兑比率结算为人民币） 的差额， 确定基 金应退还投资者或投资者应补交的款项； 未买入的证券， 依据申购现金替代保证 金与被替代证券 T 日收盘价 （折算为人民币， 折算汇率采用基金管理人和基金托 管人商定的汇率公允价， 包括中国外汇交易中心公布的北京时间16:00 参考汇率、 港股通买入结算汇兑比率和卖出结算汇兑比率的算术平均值、 中国人民银行或其 授权机构公布的人民币汇率中间价、 与基金托管人商定的其他公允价格等； 被替 代组合证券 T 日无交易的， 取最近交易日的收盘价； 交易日无收盘价的， 取最后 成交价）的差额，确定基金应退还投资者或投资者应补交的款项。 招募说明书（更新） 50 在此期间若该部分证券发生除息、送股（转增） 、配股等重要权益变动，则 进行相应调整。 正常情况下，T+3 日 （指上海证券交易所与香港联合交易所的共 同交易日）内，基金管理人将应退款和补款的明细及汇总数据发送给登记机构， 登记机构办理现金替代多退少补资金的清算， 并将结果发送给相关申购赎回代理 机构和基金托管人。 如遇港股通临时停市、 港股通每日额度不足、 证券长期停牌、流动性不足等 特殊情况， 可参照证券的估值价格对结算价格进行调整， 如果基金管理人认为该 证券复牌后的价格可能存在较大波动， 且可能对基金资产净值产生较大影响， 为 了更好地维护持有人利益， 该证券对应的现金替代退补款的清算交收可在其复牌 后按照实际交易成本办理。在此期间若该证券发生除息、送股（转增） 、配股等 重要权益变动，则进行相应调整。 ④赎回替代金额的处理程序 对于确认成功的 T 日赎回申请，在 T 日内，基金管理人根据赎回申请代投 资者卖出被替代证券。基金管理人有权在 T 日内任意时刻代投资者卖出小于等 于被替代证券数量的任意数量的被替代证券。 基金管理人有权根据基金投资的需 要自主决定不卖出部分被替代证券，或者不进行任何卖出证券的操作。 在 T 日日终，基金管理人已卖出的证券，按照被替代证券的实际卖出金额 （扣除相关费用， 实际卖出金额根据港股通相关业务规则按当天的港股通买入结 算汇兑比率结算为人民币） 确,： 指由基金管理人编制的用以公告申购对价、 赎回对价等 信息的文件 50、 申购对价： 指投资者申购基金份额时， 按基金合同和招募说明书规定应 交付的现金替代、现金差额及其他对价 51、 赎回对价： 指基金份额持有人赎回基金份额时， 基金管理人按基金合同 招募说明书（更新） 6 和招募说明书规定应交付给赎回人的现金替代、现金差额及其他对价 52、标的指数：指中证指数有限公司编制并发布的中证港股通科技指数 53、组合证券：指本基金标的指数所包含的全部或部分证券 54、 最小申购赎回单位： 指本基金申购份额、 赎回份额的最低数量， 投资者 申购或赎回的基金份额数应为最小申购赎回单位的整数倍 55、 现金替代： 指申购或赎回过程中， 投资者按基金合同和招募说明书的规 定，用于替代组合证券中部分或全部证券的一定数量的现金 56、 现金差额： 指最小申购赎回单位的资产净值与按T 日收盘价计算的最小 申购赎回单位中的组合证券市值和现金替代之差； 投资者申购或赎回时应支付或 应获得的现金差额根据最小申购赎回单位对应的现金差额、 申购或赎回的基金份 额数计算 57、 预估现金部分：指由基金管理人计算并在 T 日申购赎回清单中公布的当 日现金差额的预估值，预估现金部分由申购赎回代理券商预先冻结 58、 基金份额参考净值： 指基金管理人或者基金管理人委托的机构在交易时 间内根据申购赎回清单和组合证券内各只证券的实时成交数据计算并由上海证 券交易所在交易时间内发布的基金份额参考净值，简称 IOPV 59、 基金份额折算： 指基金管理人根据基金运作的需要， 在基金资产净,/Users/ellis/工具程序开发/港股通逐标的分析/临时数据/520860/520860_更新招募说明书_20260827.txt
168,520730,万家恒生港股通汽车主题ETF,万家恒生港股通汽车主题交易型开放式指数证券投资基金招募说明书,2026-03-31,公司相 关业务规则和参与各方相关协议及其不时修订的有关规定。 本基金申购业务采用实时逐笔全额结算（Real Time Gross Settlement ，简称 RTGS）模式；赎回业务涉及的现金替代可采用代收代付处理；申购、赎回业务 涉及的现金差额和现金替代退补款可采用代收代付处理。 投资者 T 日现金申购后，如交易记录已勾单且申购资金足额的，登记机构 在 T 日日间实时办理基金份额及现金替代的交收；T 日日间未进行勾单确认或日 间资金不足的，登记机构在 T 日日终根据资金是否足额办理基金份额及现金替 代的清算交收，并将结果发送给基金管理人、申购赎回代理券商和基金托管人。 登记机构在 T+1 日内办理现金差额的清算，基金管理人与申购赎回代理券商在 T+2 日内办理现金差额的交收。,的指数调整，即将被剔除 的成份证券； 或处于停牌的成份证券； 或法律法规限制投资的成份证券； 或基金 管理人出于保护持有人利益原则等原因认为有必要实行必须现金替代的成份证 券。 2）替代金额：对于必须现金替代的证券，基金管理人将在申购赎回清单中 公告替代的一定数量的现金， 即 “固定替代金额” 。 固定替代金额的计算方法为 申购赎回清单中该证券的数量乘以其调整后 T 日开盘参考价并按照 T-1 日估值汇 率换算或基金管理人认为合理的其他方法。 （4）对于 T 日的申购赎回申请，基金管理人有权进行轧差处理，针对净申 购， 购入净申购份额对应的组合证券中被替代证券， 针对净赎回， 卖出净赎回份 额对应的组合证券中被替代证券， 基金管理人有权购入或者卖出不等于轧差处理 后的上述被替代证券的任意数量。 （5）基金管理人可根据运作情况调整代理申赎投资者买券卖券的相关规则 并按规定公告。 （6）未来如港股通的交易、结算规则发生改变，或上海证券交易所、登记 机构有关申购赎回交易结算规则发生改变， 或基金管理人与基金托管人之间的结 算相关安排发生改变等，基金管理人可对上述相关现金替代处理规则进行调整， 并按规定公告。 4、预估现金部分相关内容 预估现金部分是指为便于计算基金份额参考净值及申购赎回代理券商预先 冻结申请申购、赎回的投资者的相应资金，由基金管理人计算的现金数额。T 日 申购赎回清单中公告 T 日预估现金部分。其计算公式为： T 日预估现金部分＝T-1 日最小申购、赎回单位的基金资产净值－（申购赎 回清单中必须现金替代的固定替代金额＋申购赎回清单中可以现金替代成份证 券的数量、该证券调整后 T 日开盘参考价以及 T-1 日估值汇率的相乘之和） 万家恒生港股通汽车主题交易型开放式指数证券,申购现金替代保证金的处理程序 T 日， 基金管理人在申购赎回清单中公布现金替代溢价比例， 并据此收取申 购现金替代保证金。 正常情况下，基金管理人在 T 日以收到的替代金额代投资者买入被替代证 券。基金管理人有权在 T 日内任意时刻，以收到的申购替代金额代投资者购入 组合证券中被替代证券的任意数量。 对于确认成功的T 日申购申请，T 日终， 基 金管理人根据所购入的被替代组合证券的实际单位购入成本 （包括买入价格与相 关费用， 折算为人民币， 折算汇率采用当天的港股通结算汇兑比率） 、 未购入的 被替代组合证券的 T 日收盘价（折算为人民币，折算汇率采用当天的估值汇率； 被替代组合证券 T 日无交易的，取最近交易日的收盘价；交易日无收盘价的， 取最后成交价） 计算并确定被替代组合证券的单位结算成本， 在此基础上根据替 代组合证券数量和申购现金替代保证金确定基金应退还投资人的款项或投资人 应补交的款项。 未购入部分包含因申购赎回轧差处理而未实际购入的申购申请对 应的被替代组合证券。 未来基金管理人有权视产品运行情况， 经与基金托管人协 商一致，对折算汇率和未购入被替代证券的计算价格进行调整，并提前公告。 正常情况下，T 日后的第 2 个港股通交收日后的 2 个工作日内， 基金管理人 将应退款或补款与相关申购赎回代理券商办理交收。 若发生特殊情况， 基金管理 人可以对交收日期进行相应调整。 如遇港股通临时停市、 港股通交易每日额度或总额度不足等特殊情况， 基金 管理人可考虑根据实际情况将组合证券的代理买入及结算价格可依次顺延至下 一港股通交易日直至交易正常。 如遇证券长期停牌、 流动性不足等可能导致收盘 万家恒生港股通汽车主题交易型开放式指数证券投资基金 招募说明书 44 价或最后成交价不公允的特殊情况， 可参照证券的估值价格， 对结算价格进行调 整， 如果基金管理人认为该证券复牌后的价格可能存在较大波动， 且可能对基金 资产净值产生较大影响， 为了更好的维护持有人利益， 该证券对应的现金替代退 补款的清算交收可在其复牌后按照实际交易成本办理。 在此期间若该证券发生除 息、送股（转增）、配股等重要权益变动，则进行相应调整。 4）赎回替代金额的处理程序 正常情况下，基金管理人在 T 日根据赎回申请代投资者卖出被替代证券。 基金管理人有权在 T 日内任意时刻代投资者卖出组合证券中被替代证券的任意 数量。 对于确认成功的T 日赎回申请，T 日内基金管理人根据所卖出的被替代组 合证券的实际单位卖出所得 （扣除相关费用， 折算为人民币， 折算汇率采用当天 的港股通结算汇兑比率）、未卖出的被替代组合证券的 T 日收盘价（折算为人 民币，折算汇率采用当天的估值汇率；被替代组合证券 T 日无交易的，取最近 交易日的收盘价； 交易日无收盘价的， 取最后成交价） 计算并确定被替代组,赎回替代金额的处理程序 正常情况下，基金管理人在 T 日根据赎回申请代投资者卖出被替代证券。 基金管理人有权在 T 日内任意时刻代投资者卖出组合证券中被替代证券的任意 数量。 对于确认成功的T 日赎回申请，T 日内基金管理人根据所卖出的被替代组 合证券的实际单位卖出所得 （扣除相关费用， 折算为人民币， 折算汇率采用当天 的港股通结算汇兑比率）、未卖出的被替代组合证券的 T 日收盘价（折算为人 民币，折算汇率采用当天的估值汇率；被替代组合证券 T 日无交易的，取最近 交易日的收盘价； 交易日无收盘价的， 取最后成交价） 计算并确定被替代组合证 券的单位结算成本， 在此基础上根据替代组合证券数量确定赎回替代金额。 未卖 出部分包含因申购赎回轧差处理而未实际卖出的赎回申请对应的被替代组合证 券。 未来基金管理人有权视产品运行情况， 经与基金托管人协商一致， 对折算汇 率和计未卖出被替代证券的计算价格进行调整，并提前公告。 正常情况下，T 日后的第 2 个港股通交收日后的第 2 个工作日内， 基金管理 人将应支付的赎回替代金额 与相关申购赎回代理机构办理交收。若发生特殊情 况，基金管理人可以对交收日期进行相应调整。 如遇港股通临时停市等特殊情况， 组合证券的代理卖出及结算价格可依次顺 延至下一港股通交易日直至交易正常。 如遇证券长期停牌、 流动性不足等可能导 致收盘价或最后成交价不公允的特殊情况， 可参照证券的估值价格， 对结算价格 进行调整， 如果基金管理人认为该证券复牌后的价格可能存在较大波动， 且可能 对基金资产净值产生较大影响， 为了更好的维护持有人利益， 该证券对应的现金 替代款的清算交收可在其复牌后按照实际交易成本办理。 在此期间若该证券发生 除息、送股（转增）、配股等重要权益变动，则进行相应调整。 基金管理人有权根据实际情况对上述申购和赎回的现金替代处理程序进行 调整，并在正式实施前在规定媒介公告。 万家恒生港股通汽车主题交易型开放式指数证券投资基金 招募说明书 45 未来如港股通的交易、结算规则发生改变，或《业务规则》发生改变，或基 金管理人与基金托管人及申购赎回代理机构之间的结算相关安排发生改变， 基金 管理人可以对上述可以现金替代处理规则进行调整，并按规定公告。 （3）必须现金替代 1）适用情形：必须现金替代的证券一般是由于标的指数调整，即将被剔除 的成份证券； 或处于停牌的成份证券； 或法律法规限制投资的成份证券； 或基金 管理人出于保护持有人利益原则等原因认为有必要实行必须现金替代的成份证 券。 2）替代金额：对于必须现金替代的证券，基金管理人将在申购赎回清单中 公告替代的一定数量的现金， 即 “固定替代金额” 。 固定替代金额的计算方法为 申购赎回清单中该证券的数量乘以其调整后 T 日开盘参考价并按照 T-1 日估值汇 率换算或基金管理人,基金的认购、申购、赎回及交易。投资者一旦认购、申购或赎回本基金，即表示 对基金认购、 申购和赎回所涉及的基金份额的证券变更登记方式以及申购赎回所 涉及现金替代、现金差额等相关的交收方式已经认可。 基金管理人提醒投资者基金投资的 “买者自负” 原则， 在投资者作出投资决 策后， 基金运营状况与基金净值变化引致的投资风险， 由投资者自行负责。 此外， 本基金以 1.00 元初始面值进行募集，在市场波动等因素的影响下，存在单位份 额净值跌破 1.00 元初始面值的风险。 基金不同于银行储蓄与债券， 基金投资者有可能获得较高的收益， 也有可能 损失本金。 投资有风险， 投资者在进行投资决策前， 请仔细阅读本基金的招募说 明书、《基金合同》及基金产品资料概要。 万家恒生港股通汽车主题交易型开放式指数证券投资基金 招募说明书 5 基金管理人依照恪尽职守、 诚实信用、 谨慎勤勉的原则管理和运用基金财产， 但不保证基金一定盈利， 也不保证最低收益。 基金的过往业绩并不预示其未来表 现。基金管理人管理的其他基金的业绩不构成对本基金业绩表现的保证。 万家恒生港股通汽车主题交易型开放式指数证券投资基金 招募说明书 6 目 录 重要提示............................................................ 1 第一部分 绪言...................................................... 7 第二部分 释义....................................,/Users/ellis/工具程序开发/港股通逐标的分析/临时数据/520730/520730_招募说明书_20260331.txt
169,513190,华夏中证港股通内地金融ETF,华夏中证港股通内地金融交易型开放式指数证券投资基金招募说明书(更新),2026-05-29,适 用相关业务规则和参与各方相关协议及其不时修订的有关规定。 本基金申购业务采用实时逐笔全额结算（Real Time Gross Settlement，以下简称RTGS） 模式；赎回业务涉及的现金替代可采用代收代付处理；申购、赎回业务涉及的现金差额和现 金替代退补款可采用代收代付处理。 1）申购的清算交收 投资者T日现金申购后，如交易记录已勾单且申购资金足额的，登记机构在T日日间 实时办理基金份额及现金替代的交收；T日日间未进行勾单确认或日间资金不足的，登记机 构在T日日终根据资金是否足额办理基金份额及现金替代的清算交收，并将结果发送给基 金管理人、申购赎回代理券商和基金托管人。基金管理人在T+2日内办理现金差额的交收。 2）赎回的清算交收 投资者T日赎回申请受理后，登记机构在T,不买入或不卖出部分被替代证券，或者不进行任何买入或卖出证券的操作，基 金管理人可能不买入或不卖出被替代证券的情形包括但不限于市场流动性不足、技术系统 无法实现、申购赎回轧差以及基金管理人认为不应买入或卖出的其他情形，因此投资者需 承受可能当天无法完成所有证券买卖、未完成买卖部分按收盘价结算等风险。 14、基金收益分配后基金份额净值低于面值的风险 基于本基金的性质和特点，本基金收益分配不以弥补亏损为前提，收益分配后可能存 在基金份额净值低于面值的风险。 15、第三方机构服务的风险 基金的多项服务委托第三方机构办理，存在以下风险： 华夏中证港股通内地金融交易型开放式指数证券投资基金招募说明书（更新） 98 （1）申购赎回代理券商因多种原因，导致代理申购、赎回业务受到限制、暂停或终止， 由此影响对投资者申购赎回服务的风险。 （2）登记机构可能调整结算制度，如实施货银对,替代金额的处理程序 【1】申购替代金额的处理程序 基金管理人在T日内以收到的替代金额代投资者买入被替代证券。T日日终，基金管理 人根据所购入的被替代证券的实际单位购入成本（包括买入价格与相关费用）和未买入的被 替代证券的T日收盘价（折算为人民币，折算汇率采用当天的估值汇率；T日在证券交易所 无交易的，取最近交易日的收盘价；交易日无收盘价的，取最后成交价）计算被替代证券的 单位结算成本， 在此基础上根据替代证券数量和申购现金替代金额确定基金应退还投资者或 投资者应补交的款项。 正常情况下，T日后的第2个港股通交易日后的2个工作日内，基金管理人将应退款或 补款与相关申购赎回代理机构办理交收。若发生特殊情况，基金管理人可以对交收日期进行 相应调整。 如遇港股通临时停市、港股通交易每日额度或总额度不足等特殊情况，组合证券的代 理买入及结算价格可依次顺延至下一港股通交易日直至交易正常。如遇证券长期停牌、流动 性不足等可能导致收盘价或最后成交价不公允的特殊情况，可参照证券的估值价格，对结算 华夏中证港股通内地金融交易型开放式指数证券投资基金招募说明书（更新） 51 价格进行调整，如果基金管理人认为该证券复牌后的价格可能存在较大波动，且可能对基金 资产净值产生较大影响，为了更好的维护持有人利益，该证券对应的现金替代款的清算交收 可在其复牌后按照实际交易成本办理。在此期间若该证券发生除息、送股（转增）、配股等 重要权益变动，则进行相应调整。 【2】赎回替代金额的处理程序 T日内，基金管理人根据赎回规模进行被替代证券的代理卖出。T日日终，基金管理人 根据所卖出的被替代证券的实际单位卖出金额 （扣除相关费用） 和未卖出的被替代证券的T 日收盘价（折算为人民币，折算汇率采用当天的估值汇率；T日在证券交易所无交易的，取 最近交易日的收盘价； 交易日无收盘价的， 取最后成交价） 计算被替代证券的单位结算金额， 在此基础上根据替代证券数量确定赎回替代金额。 正常情况下，T日后的第3个港股通交易日后的第2个工作日内，基金管理人将应支付 的赎回替代金额与相关申购赎回代理机构办理交收。若发生特殊情况，基金管理人可以对交 收日期进行相应调整。 如遇港股通临时停市等特殊情况，组合证券的代理卖出及结算价格可依次顺延至下一 港股通交易日直至交易正常。如遇证券长期停牌、流动性不足等可能导致收盘价或最后成交 价不公允的特殊情况，可参照证券的估值价格，对结算价格进行调整，如果基金管理人认为 该证券复牌后的价格可能存在较大波动，且可能对基金资产净值产生较大影响，为了更好的 维护持有人利益， 该证券对应的现金替代款的清算交收可在其复牌后按照实际交易成本办理。 在此期间若该证券发生除息、送股（转增）、配股等重要权益变动，则进行相应调整。 ④未来如港股通的交易、结算规则发生改变，或上海证券交易所、登记机构ETF申,替代金额的处理程序 【1】申购替代金额的处理程序 基金管理人在T日内以收到的替代金额代投资者买入被替代证券。T日日终，基金管理 人根据所购入的被替代证券的实际单位购入成本（包括买入价格与相关费用）和未买入的被 替代证券的T日收盘价（折算为人民币，折算汇率采用当天的估值汇率；T日在证券交易所 无交易的，取最近交易日的收盘价；交易日无收盘价的，取最后成交价）计算被替代证券的 单位结算成本， 在此基础上根据替代证券数量和申购现金替代金额确定基金应退还投资者或 投资者应补交的款项。 正常情况下，T日后的第2个港股通交易日后的2个工作日内，基金管理人将应退款或 补款与相关申购赎回代理机构办理交收。若发生特殊情况，基金管理人可以对交收日期进行 相应调整。 如遇港股通临时停市、港股通交易每日额度或总额度不足等特殊情况，组合证券的代 理买入及结算价格可依次顺延至下一港股通交易日直至交易正常。如遇证券长期停牌、流动 性不足等可能导致收盘价或最后成交价不公允的特殊情况，可参照证券的估值价格，对结算 华夏中证港股通内地金融交易型开放式指数证券投资基金招募说明书（更新） 51 价格进行调整，如果基金管理人认为该证券复牌后的价格可能存在较大波动，且可能对基金 资产净值产生较大影响，为了更好的维护持有人利益，该证券对应的现金替代款的清算交收 可在其复牌后按照实际交易成本办理。在此期间若该证券发生除息、送股（转增）、配股等 重要权益变动，则进行相应调整。 【2】赎回替代金额的处理程序 T日内，基金管理人根据赎回规模进行被替代证券的代理卖出。T日日终，基金管理人 根据所卖出的被替代证券的实际单位卖出金额 （扣除相关费用） 和未卖出的被替代证券的T 日收盘价（折算为人民币，折算汇率采用当天的估值汇率；T日在证券交易所无交易的，取 最近交易日的收盘价； 交易日无收盘价的， 取最后成交价） 计算被替代证券的单位结算金额， 在此基础上根据替代证券数量确定赎回替代金额。 正常情况下，T日后的第3个港股通交易日后的第2个工作日内，基金管理人将应支付 的赎回替代金额与相关申购赎回代理机构办理交收。若发生特殊情况，基金管理人可以对交 收日期进行相应调整。 如遇港股通临时停市等特殊情况，组合证券的代理卖出及结算价格可依次顺延至下一 港股通交易日直至交易正常。如遇证券长期停牌、流动性不足等可能导致收盘价或最后成交 价不公允的特殊情况，可参照证券的估值价格，对结算价格进行调整，如果基金管理人认为 该证券复牌后的价格可能存在较大波动，且可能对基金资产净值产生较大影响，为了更好的 维护持有人利益， 该证券对应的现金替代款的清算交收可在其复牌后按照实际交易成本办理。 在此期间若该证券发生除息、送股（转增）、配股等重要权益变动，则进行相应调整。 ④未来如港股通的交易、结算规则发生改变，或上海证券交易所、登记机构ETF申,华夏中证港股通内地金融交易型开放式指数证券投资基金招募说明书（更新） 8 49、申购对价：指投资者申购基金份额时，按基金合同和招募说明书规定应交付的现金 替代、现金差额和/或其他对价。 50、赎回对价：指投资者赎回基金份额时，基金管理人按基金合同和招募说明书规定应 交付给赎回人的现金替代、现金差额和/或其他对价。 51、最小申购赎回单位：指基金申购份额、赎回份额的最低数量，投资者申购、赎回的 基金份额应为最小申购、赎回单位的整数倍。 52、元：指人民币元。 53、基金收益：指基金投资所得红利、股息、债券利息、买卖证券价差、银行存款利息、 已实现的其他合法收入及因运用基金财产带来的成本和费用的节约。 54、基金资产总值：指基金拥有的各类有价证券、银行存款本息、基金应收申购款及其 他资产的价值总和。 55、基金资产净值：指基金资产总值减去基金负债后的价值。 56、基金份额净值：指计算日基金资产净值除以计算日基金份额总数。 57、基金资产估值：指计算评估基金资产和负债的价值，以确定基金资产净值和基金份 额净值的过程。 58、规定媒介：指符合中国证监会规定条件的用以进行信息披露的全国性报刊及《信息 披露办法》规定的互联网网站（包括基金管理人网站、基金托管人网站、中国证监会基金电 子披露网站）等媒介。 59、流动性受限资产：指由于法律法规、监管、合同或操作障碍等原因无法以合理价格 予以变现的资产，包括但不限于到期日在10个交易日以上的逆回购与银行定期存款（含协 议约定有条件提前支取的银行存款）、停牌股票、流通受限的新股及非公开发行股票、资产 支持证券、因发,/Users/ellis/工具程序开发/港股通逐标的分析/临时数据/513190/513190_更新招募说明书_20260529.txt
170,513090,易方达中证香港证券投资主题ETF,易方达中证香港证券投资主题交易型开放式指数证券投资基金更新的招募说明书,2026-06-26,基金的《招募说明书》及《基金 合同》。 5、在目前结算规则下， 投资者当日申购的基金份额， 清算交收完成后方可卖出和赎回， 即 T 日申购的基金份额且日间完成 RTGS(实时逐笔全额结算)交收的，T 日可卖出和赎回， 而 T 日申购的基金份额且日终完成逐笔全额非担保交收的，T+1 日方可卖出和赎回；T 日买 入的基金份额，T 日可以赎回或卖出。 投资者投资于本基金前请认真阅读证券交易所和登记结算机构关于 ETF 的相关业务规 则及其不时的更新， 确保具备相关专业知识、 清楚了解相关规则流程后方可参与本基金的申 购、 赎回及交易。 投资者一旦申购或赎回本基金， 即表示对基金申购和赎回所涉及的登记方 式以及申购赎回所涉及现金替 代、现金差额等相关的交收方式及业务规则已经认可。 6、基,， 即将被剔除的成份证券； 或处于停牌的成份证券；或法律法规限制投资的证券； 或基金管理人出于保护基金份额持有 人利益等原因认为有必要实行必须现金替代的成份证券。 2）替代金额：对于必须现金替代的证券，基金管理人将在申购赎回清单中公告替代的 一定数量的现金， 即 “固定替代金额” 。 固定替代金额的计算方法为申购赎回清单中该证券 的数量乘以 T 日预计开盘价并按照 T-1 日估值汇率换算或基金管理人认为合理的其他方法。 （4） 在系统支持的情况下， 对于T 日的申购赎回申请， 基金管理人有权进行轧差处理， 针对净申购， 购入净申购份额对应的组合证券中被替代的成份证券， 针对净赎回， 卖出净赎 回份额对应的组合证券中被替代的成份证券， 基金管理人有权购入或者卖出不等于轧差处理 后的上述被替代的成份证券的任意数量。 （5）基金管理人可根据运作情况调整代理申赎投资者买券卖券的相关规则并按规定公 告。 （6）未来如相关证券的交易、结算规则发生改变，或上海证券交易所、登记结算机构 有关申购赎回交易结算规则发生改变， 或基金管理人与基金托管人之间的结算相关安排发生 改变等，基金管理人可对上述相关现金替代处理规则进行调整，并按规定公告。 4、预估现金部分相关内容 预估现金部分是指为便于计算基金份额参考净值及申购赎回代理券商预先冻 结申请申 购、赎回的投资者的相应资金，由基金管理人计算的现金数额。 T 日申购赎回清单中公告 T 日预估现金部分。其计算公式为： T 日预估现金部分＝T-1 日最小申购、赎回单位的基金资产净值－（申购赎回清单中必 须现金替代成份证券的替代金额＋申购赎回清单中可以现金替代成份证券的数量、该证券调 整后 T 日开盘参考价以及 T-1 日估值汇率的相乘之和） 其中，该证券调,申购替代金额的处理程序 T 日，基金管理人在申购赎回清单中公布现金替代溢价比例，并据此收取申购替代金 额。基金管理人在 T 日内购入组合证券中被替代的成份证券。 基金管理人有权在T 日内任意 时刻， 以收到的申购替代金额代投资者购入组合证券中被替代的成份证券的任意数量。正常 情况下，对于确认成功的 T 日申购申请，基金管理人根据 T 日所购入的被替代证券的实际 单位购入成本 （包括买入价格与相关费用， 折算为人民币）和未买入的被替代证券 T 日收盘 38 价（折算为人民币，被替代证券当日在证券交易所无交易的， 取最近交易日的收盘价； 交易 日无收盘价的， 取最后成交价） 计算被替代证券的单位结算成本， 在此基础上根据替代证券 数量和申购替代金额确定基金应退还投资者或投资者应补交的款项。T 日后的三个港股通交 易日内， 基金管理人将应退款或补款与相关申购赎回代理券商办理交收， 当交收期间出现港 股通交易日为非港股通交收日时， 款项交收日期顺延。 若发生特殊情况， 基金管理人可以对 交收日期进行相应调整。 如遇港股通临时停市、 港股通交易当日额度使用完毕而暂停或停止接受买入申报等特殊 情况，基金管理人可考虑根据实际情况将组合证券的代理买入及结算价格顺延至下一港股通 交易日直至交易正常。 如遇证券长期停牌、 流动性不足等可能导致收盘价或最后成交价不公 允的特殊情况， 可参照证券的估值价格， 对结算价格进行调整， 如果基金管理人认为该证券 复牌后的价格可能存在较大波动， 且可能对基金资产净值产生较大影响， 为了更好的维护持 有人利益， 该证券对应的现金替代退补款的清算交收可按照其复牌后实际交易成本或者基金 管理人认为合理的价格办理。在此期间若该证券发生除息、送股（转增）、配股等重要权益 变动，则进行相应调整。 4）赎回替代金额的处理程序 基金管理人在 T 日内卖出组合证券中被替代的成份证券。基金管理人有权在 T 日内任 意时刻代投资者卖出组合证券中被替代的成份证券的任意数量。正常情况下， 对于确认成功 的 T 日赎回申请， 基金管理人根据T 日所卖出的被替代证券的实际单位卖出金额 （扣除相关 费用， 折算为人民币） 和未卖出的被替代证券的 T 日收盘价 （折算为人民币，被替代证券当 日在证券交易所无交易的， 取最近交易日的收盘价； 交易日无收盘价的， 取最后成交价）计 算被替代证券的单位结算金额，在此基础上根据替代证券数量确定赎回替代金额。T 日后的 第三个港股通交易日后的一个工作日内， 基金管理人将应支付的赎回替代金额与相关申购赎 回代理券商办理交收， 当交收期间出现港股通交易日为非港股通交收日时， 款项交收日期顺 延。若发生特殊情况，基金管理人可以对交收日期进行相应调整。 如遇港股通临时停市等特殊情况， 组合证券的代理卖出及结算价格可依次顺延至下一港 股通交易日,替代金额的处理程序 T 日，基金管理人在申购赎回清单中公布现金替代溢价比例，并据此收取申购替代金 额。基金管理人在 T 日内购入组合证券中被替代的成份证券。 基金管理人有权在T 日内任意 时刻， 以收到的申购替代金额代投资者购入组合证券中被替代的成份证券的任意数量。正常 情况下，对于确认成功的 T 日申购申请，基金管理人根据 T 日所购入的被替代证券的实际 单位购入成本 （包括买入价格与相关费用， 折算为人民币）和未买入的被替代证券 T 日收盘 38 价（折算为人民币，被替代证券当日在证券交易所无交易的， 取最近交易日的收盘价； 交易 日无收盘价的， 取最后成交价） 计算被替代证券的单位结算成本， 在此基础上根据替代证券 数量和申购替代金额确定基金应退还投资者或投资者应补交的款项。T 日后的三个港股通交 易日内， 基金管理人将应退款或补款与相关申购赎回代理券商办理交收， 当交收期间出现港 股通交易日为非港股通交收日时， 款项交收日期顺延。 若发生特殊情况， 基金管理人可以对 交收日期进行相应调整。 如遇港股通临时停市、 港股通交易当日额度使用完毕而暂停或停止接受买入申报等特殊 情况，基金管理人可考虑根据实际情况将组合证券的代理买入及结算价格顺延至下一港股通 交易日直至交易正常。 如遇证券长期停牌、 流动性不足等可能导致收盘价或最后成交价不公 允的特殊情况， 可参照证券的估值价格， 对结算价格进行调整， 如果基金管理人认为该证券 复牌后的价格可能存在较大波动， 且可能对基金资产净值产生较大影响， 为了更好的维护持 有人利益， 该证券对应的现金替代退补款的清算交收可按照其复牌后实际交易成本或者基金 管理人认为合理的价格办理。在此期间若该证券发生除息、送股（转增）、配股等重要权益 变动，则进行相应调整。 4）赎回替代金额的处理程序 基金管理人在 T 日内卖出组合证券中被替代的成份证券。基金管理人有权在 T 日内任 意时刻代投资者卖出组合证券中被替代的成份证券的任意数量。正常情况下， 对于确认成功 的 T 日赎回申请， 基金管理人根据T 日所卖出的被替代证券的实际单位卖出金额 （扣除相关 费用， 折算为人民币） 和未卖出的被替代证券的 T 日收盘价 （折算为人民币，被替代证券当 日在证券交易所无交易的， 取最近交易日的收盘价； 交易日无收盘价的， 取最后成交价）计 算被替代证券的单位结算金额，在此基础上根据替代证券数量确定赎回替代金额。T 日后的 第三个港股通交易日后的一个工作日内， 基金管理人将应支付的赎回替代金额与相关申购赎 回代理券商办理交收， 当交收期间出现港股通交易日为非港股通交收日时， 款项交收日期顺 延。若发生特殊情况，基金管理人可以对交收日期进行相应调整。 如遇港股通临时停市等特殊情况， 组合证券的代理卖出及结算价格可依次顺延至下一港 股通交易日直至,楚了解相关规则流程后方可参与本基金的申 购、 赎回及交易。 投资者一旦申购或赎回本基金， 即表示对基金申购和赎回所涉及的登记方 式以及申购赎回所涉及现金替 代、现金差额等相关的交收方式及业务规则已经认可。 6、基金的过往业绩并不预示其未来表现，基金管理人管理的其他基金的业绩并不构成 对本基金表现的保证。 本基金有关财务数据截止日为 2026 年 3 月 31 日，净值表现截止日为 2026 年 3 月 31 日，主要人员情况截止日为 2026 年 6 月 25 日，除非另有说明，本招募说明书其他所载内 容截止日为 2026 年5 月16 日。（本报告中财务数据未经审计） I 目 录 一、绪 言.......................................................... 1 二、释 义.......................................................... 2 三、基金管理人...................................................... 7 四、基金托管人..................................................... 20 五、相关服务机构................................................... 27 六、基金的募集..................................................... 29 七、,/Users/ellis/工具程序开发/港股通逐标的分析/临时数据/513090/513090_更新招募说明书_20260626.txt
171,520670,嘉实恒生港股通科技主题ETF,嘉实恒生港股通科技主题交易型开放式指数证券投资基金更新招募说明书(2026年07月15日更新),2026-07-15,业务规则和参与各方相关协议及其不时修订的有关规定。 对于本基金的申购业务采用实时逐笔全额结算（Real Time Gross Settlement，以下简 称 RTGS）模式；赎回业务涉及的现金替代采用代收代付处理；申购、赎回业务涉及的现金 差额和现金替代退补款采用代收代付处理。 投资者T 日现金申购后， 如交易记录已勾单且申购资金足额的， 登记结算机构在T 日日 间实时办理基金份额及现金替代的交收；T 日日间未进行勾单确认或日间资金不足的， 登记 结算机构在 T 日日终根据资金是否足额办理基金份额及现金替代的清算交收；在 T+1 日内 办理现金差额的清算， 并将结果发送给申购赎回代理券商、 基金管理人和基金托管人。 基金 管理人与申购赎回代理券商在T+3 日内办理现金差额的交收,,申购现金替代保证金的处理程序 嘉实恒生港股通科技主题交易型开放式指数证券投资基金更新招募说明书（2026 年 07 月 15 日更新） 48 对于确认成功的T 日申购申请，T 日内基金管理人根据申购规模进行组合证券的代理买 入。T 日日终，基金管理人根据所购入的被替代证券的实际单位购入成本（包括买入价格与 相关费用， 按照汇率折算为人民币） 和未买入的被替代证券的T 日收盘价 （按照汇率折算为 人民币；T 日在证券交易所无交易的，取最近交易日的收盘价；交易日无收盘价的，取最后 成交价） 计算被替代证券的单位结算成本， 在此基础上根据替代证券数量和申购现金替代保 证金确定基金应退还投资者或投资者应补交的款项。T+3 日（指开放日）内，基金管理人将 应退款或补款与相关申购赎回代理券商办理交收， 当交收期间出现港股通交易日为非港股通 交收日时， 款项交收日期可以顺延。 若发生特殊情况， 基金管理人可以对交收日期进行相应 调整。 上述汇率是指汇率公允价。 汇率公允价包括但不限于中国人民银行或其授权机构最新公 布的人民币汇率中间价、 中国外汇交易中心公布的人民币对主要货币参考汇率、 与基金托管 人商定的其他公允价格 （如： 中国人民银行或国家外汇管理局或中国外汇交易中心正式对外 公布的人民币兑主要外汇当日收盘价）等。 如遇港股通临时停市、 港股通交易每日额度不足等特殊情况， 组合证券的代理买入及结 算价格可依次顺延至下一港股通交易日直至交易正常。 如遇证券长期停牌、 流动性不足等可 能导致收盘价或最后成交价不公允的特殊情况， 可参照证券的估值价格， 对结算价格进行调 整， 如果基金管理人认为该证券复牌后的价格可能存在较大波动， 且可能对基金资产净值产 生较大影响， 为了更好的维护持有人利益， 该证券对应的现金替代款的清算交收可在其复牌 后按照实际交易成本办理。在此期间若该证券发生除息、 送股 （转增）、 配股等重要权益变 动，则进行相应调整。 ④赎回替代金额的处理程序 对于确认成功的T 日赎回申请，T 日内， 基金管理人根据赎回规模进行组合证券的代理 卖出。T 日日终， 基金管理人根据所卖出的被替代证券的实际单位卖出金额 （扣除相关费用， 按照汇率折算为人民币） 和未卖出的被替代证券的T 日收盘价 （按照汇率折算为人民币； 被 替代证券T 日在证券交易所无交易的， 取最近交易日的收盘价； 交易日无收盘价的， 取最后 成交价） 计算被替代证券的单位结算金额， 在此基础上根据替代证券数量确定赎回替代金额。 T+7 日（指开放日）内，基金管理人将应支付的赎回替代金额与相关申购赎回代理券商办理 交收， 当交收期间出现港股通交易日为非港股通交收日时， 款项交收日期可以顺延。 若发生 特殊情况，基金管理人可以对交收日期进行相应调整。 上述汇率是指汇率公允价。 汇率公允价包括但不限,赎回替代金额的处理程序 对于确认成功的T 日赎回申请，T 日内， 基金管理人根据赎回规模进行组合证券的代理 卖出。T 日日终， 基金管理人根据所卖出的被替代证券的实际单位卖出金额 （扣除相关费用， 按照汇率折算为人民币） 和未卖出的被替代证券的T 日收盘价 （按照汇率折算为人民币； 被 替代证券T 日在证券交易所无交易的， 取最近交易日的收盘价； 交易日无收盘价的， 取最后 成交价） 计算被替代证券的单位结算金额， 在此基础上根据替代证券数量确定赎回替代金额。 T+7 日（指开放日）内，基金管理人将应支付的赎回替代金额与相关申购赎回代理券商办理 交收， 当交收期间出现港股通交易日为非港股通交收日时， 款项交收日期可以顺延。 若发生 特殊情况，基金管理人可以对交收日期进行相应调整。 上述汇率是指汇率公允价。 汇率公允价包括但不限于中国人民银行或其授权机构最新公 布的人民币汇率中间价、 中国外汇交易中心公布的人民币对主要货币参考汇率、 与基金托管 人商定的其他公允价格 （如： 中国人民银行或国家外汇管理局或中国外汇交易中心正式对外 公布的人民币兑主要外汇当日收盘价）等。 嘉实恒生港股通科技主题交易型开放式指数证券投资基金更新招募说明书（2026 年 07 月 15 日更新） 49 如遇港股通临时停市等特殊情况， 组合证券的代理卖出及结算价格可依次顺延至下一港 股通交易日直至交易正常。 如遇证券长期停牌、 流动性不足等可能导致收盘价或最后成交价 不公允的特殊情况， 可参照证券的估值价格， 对结算价格进行调整， 如果基金管理人认为该 证券复牌后的价格可能存在较大波动， 且可能对基金资产净值产生较大影响， 为了更好的维 护持有人利益，该证券对应的现金替代款的清算交收可在其复牌后按照实际交易成本办理。 在此期间若该证券发生除息、送股（转增）、配股等重要权益变动，则进行相应调整。 ⑤基金管理人可根据运作情况调整代理申赎投资者买券卖券的相关规则并按规定公告。 ⑥未来若港股通的交易、 结算规则发生改变， 或上海证券交易所、 登记结算机构有关申 购赎回交易结算规则发生改变，或基金管理人与基金托管人之间的结算相关安排发生改变， 基金管理人可对上述相关现金替代处理规则进行调整，并按规定公告。 4、预估现金部分相关内容 预估现金部分是指为便于计算基金份额参考净值及申购赎回代理券商预先冻结申请申 购赎回的投资者的相应资金，由基金管理人计算的现金数额。 T 日申购赎回清单中公告T 日预估现金部分。其计算公式为： T 日预估现金部分＝T-1 日最小申购赎回单位的基金资产净值－（申购赎回清单中必须 现金替代的固定替代金额＋申购赎回清单中可以现金替代成份证券的数量与相应证券调整 后T 日开盘参考价及T-1 日估值汇率的相乘之和） 若 T 日为基金分红除息日， 则计算公式中的“T-1 日最小申购,单： 指由基金管理人编制的用以公告申购对价、 赎回对价等信息的文件 48、 申购对价： 指投资人申购基金份额时， 按基金合同和招募说明书规定应交付的现金 替代、现金差额及其他对价 嘉实恒生港股通科技主题交易型开放式指数证券投资基金更新招募说明书（2026 年 07 月 15 日更新） 9 49、 赎回对价： 指基金份额持有人赎回基金份额时， 基金管理人按基金合同和招募说明 书规定应交付给赎回申请人的现金替代、现金差额及其他对价 50、标的指数：指恒生港股通科技主题指数及其未来可能发生的变更 51、组合证券：指本基金标的指数所包含的全部或部分证券 52、 完全复制法： 指一种构建跟踪指数的投资组合的方法。 通过购买标的指数中的所有 成份证券， 并且按照每种成份证券在标的指数中的权重确定购买的比例， 以达到复制指数的 目的 53、 最小申购赎回单位： 指本基金申购份额、 赎回份额的最低数量， 投资人申购或赎回 的基金份额数应为最小申购赎回单位的整数倍 54、 现金替代： 指申购或赎回过程中， 投资者按基金合同和招募说明书的规定， 用于替 代申购赎回清单中所规定证券的一定数量的现金 55、 现金差额： 指最小申购赎回单位的资产净值与按当日收盘价计算的最小申购赎回单 位中的组合证券市值和现金替代之差； 投资者申购或赎回时应支付或应获得的现金差额根据 最小申购赎回单位对应的现金差额、申购或赎回的基金份额数计算 56、 预估现金部分： 指由基金管理人计算并在T 日申购赎回清单中公布的当日现金差额 的预估值，预估现金部分由申购赎回代理券商（代办证券公司）预先冻,/Users/ellis/工具程序开发/港股通逐标的分析/临时数据/520670/520670_更新招募说明书_20260715.txt
172,513140,华泰柏瑞中证香港300金融服务ETF(QDII),华泰柏瑞中证港股通金融服务交易型开放式指数证券投资基金(QDII)更新的招募说明书2026年第1号(基金合同和托管协议变更),2026-01-14,时查询并妥善行使合法权利。 3、申购和赎回的清算交收与登记 本基金申购业务采用实时逐笔全额结算（Real Time Gross Settlement，以下简称 RTGS）模 式；赎回业务涉及的现金替代可采用代收代付处理；申购、赎回业务涉及的现金差额和现金替 代退补款可采用代收代付处理。 （1）申购的清算交收 投资者 T 日现金申购后，如交易记录已勾单且申购资金足额的，登记结算机构在 T 日日间 实时办理基金份额及现金替代的交收；T 日日间未进行勾单确认或日间资金不足的，登记结算 华泰柏瑞中证港股通金融服务交易型开放式指数证券投资基金（QDII） 39 机构在 T 日日终根据资金是否足额办理基金份额及现金替代的清算交收，并将结果发送给基金 管理人、申购赎回代理券商和基金托管人。基金,,申购替代金额的处理程序 对于确认成功的 T 日申购申请，在 T 日（指上海证券交易所与香港交易所的共同交易日） 内，基金管理人以收到的申购替代金额代投资者买入被替代证券。基金管理人有权在 T 日（指 上海证券交易所与香港交易所的共同交易日）内任意时刻以收到的申购替代金额代投资者买入 小于等于被替代证券数量的任意数量的被替代证券。基金管理人有权根据基金投资的需要自主 决定不买入部分被替代证券，或者不进行任何买入证券的操作。在 T 日（指上海证券交易所与 香港交易所的共同交易日）日终，基金管理人已买入的证券，依据申购的替代金额与被替代证 券的实际买入成本（包括买入价格与相关交易费用）的差额，确定基金应退还投资者或投资者 应补交的款项；未买入的证券，依据申购的替代金额与被替代证券 T 日（指上海证券交易所与 香港交易所的共同交易日）收盘价（需用汇率公允价折算为人民币，当日在证券交易所无交易 的，取最近交易日的收盘价，当日无收盘价的，取最后成交价）的差额，确定基金应退还投资 者或投资者应补交的款项。 华泰柏瑞中证港股通金融服务交易型开放式指数证券投资基金（QDII） 42 在此期间若该部分证券发生除息、送股（转增）、配股等重要权益变动，则进行相应调整。 正常情况下，T 日后的第 2 个港股通交收日后的第 2 个工作日内，基金管理人将应退款或补款 与相关申购赎回代理机构办理交收。若发生特殊情况，基金管理人可以对交收日期进行相应调 整。 如遇港股通临时停市、港股通交易每日额度或总额度不足等特殊情况，组合证券的代理买 入及结算价格可依次顺延至下一港股通交易日直至交易正常。如遇证券长期停牌、流动性不足 等可能导致收盘价或最后成交价不公允的特殊情况，可参照证券的估值价格对结算价格进行调 整，如果基金管理人认为该证券复牌后的价格可能存在较大波动，且可能对基金资产净值产生 较大影响，为了更好的维护持有人利益，该证券对应的现金替代退补款的清算交收可在其复牌 后按照实际交易成本办理。在此期间若该证券发生除息、送股（转增）、配股等重要权益变动， 则进行相应调整。上述汇率目前采用汇率公允价。汇率公允价包括中国人民银行或其授权机构 最新公布的人民币汇率中间价、中国外汇交易中心公布的人民币对主要货币参考汇率、与基金 托管人商定的其他公允价格（如：中国人民银行或国家外汇管理局或中国外汇交易中心正式对 外发文后公布的人民币兑主要外汇当日收盘价）等。 ④赎回对应的替代金额的处理程序 对于确认成功的 T 日赎回申请，在 T 日（指上海证券交易所与香港交易所的共同交易日） 内，基金管理人根据赎回申请代投资者卖出被替代证券。基金管理人有权在 T 日（指上海证券 交易所与香港交易所的共同交易日）内任意时刻代投资者卖出小于等于被替代证券数量的任意 数量的被替代证券。基金管理人有权根据基金投资的需要自主决定不,替代金额的处理程序 对于确认成功的 T 日申购申请，在 T 日（指上海证券交易所与香港交易所的共同交易日） 内，基金管理人以收到的申购替代金额代投资者买入被替代证券。基金管理人有权在 T 日（指 上海证券交易所与香港交易所的共同交易日）内任意时刻以收到的申购替代金额代投资者买入 小于等于被替代证券数量的任意数量的被替代证券。基金管理人有权根据基金投资的需要自主 决定不买入部分被替代证券，或者不进行任何买入证券的操作。在 T 日（指上海证券交易所与 香港交易所的共同交易日）日终，基金管理人已买入的证券，依据申购的替代金额与被替代证 券的实际买入成本（包括买入价格与相关交易费用）的差额，确定基金应退还投资者或投资者 应补交的款项；未买入的证券，依据申购的替代金额与被替代证券 T 日（指上海证券交易所与 香港交易所的共同交易日）收盘价（需用汇率公允价折算为人民币，当日在证券交易所无交易 的，取最近交易日的收盘价，当日无收盘价的，取最后成交价）的差额，确定基金应退还投资 者或投资者应补交的款项。 华泰柏瑞中证港股通金融服务交易型开放式指数证券投资基金（QDII） 42 在此期间若该部分证券发生除息、送股（转增）、配股等重要权益变动，则进行相应调整。 正常情况下，T 日后的第 2 个港股通交收日后的第 2 个工作日内，基金管理人将应退款或补款 与相关申购赎回代理机构办理交收。若发生特殊情况，基金管理人可以对交收日期进行相应调 整。 如遇港股通临时停市、港股通交易每日额度或总额度不足等特殊情况，组合证券的代理买 入及结算价格可依次顺延至下一港股通交易日直至交易正常。如遇证券长期停牌、流动性不足 等可能导致收盘价或最后成交价不公允的特殊情况，可参照证券的估值价格对结算价格进行调 整，如果基金管理人认为该证券复牌后的价格可能存在较大波动，且可能对基金资产净值产生 较大影响，为了更好的维护持有人利益，该证券对应的现金替代退补款的清算交收可在其复牌 后按照实际交易成本办理。在此期间若该证券发生除息、送股（转增）、配股等重要权益变动， 则进行相应调整。上述汇率目前采用汇率公允价。汇率公允价包括中国人民银行或其授权机构 最新公布的人民币汇率中间价、中国外汇交易中心公布的人民币对主要货币参考汇率、与基金 托管人商定的其他公允价格（如：中国人民银行或国家外汇管理局或中国外汇交易中心正式对 外发文后公布的人民币兑主要外汇当日收盘价）等。 ④赎回对应的替代金额的处理程序 对于确认成功的 T 日赎回申请，在 T 日（指上海证券交易所与香港交易所的共同交易日） 内，基金管理人根据赎回申请代投资者卖出被替代证券。基金管理人有权在 T 日（指上海证券 交易所与香港交易所的共同交易日）内任意时刻代投资者卖出小于等于被替代证券数量的任意 数量的被替代证券。基金管理人有权根据基金投资的需要自主决定不卖出,、赎回对价等信息的文件 52、组合证券：指标的指数所包含的全部或部分证券 53、申购对价：指投资者申购基金份额时，按基金合同和招募说明书规定应交付的现金替 代、现金差额及其他对价 54、赎回对价：指投资者赎回基金份额时，基金管理人按基金合同和招募说明书规定应交 付给赎回人的现金替代、现金差额及其他对价 55、标的指数：指中证港股通金融服务指数及其未来可能发生的变更 56、现金替代：指申购、赎回过程中，投资者按基金合同和招募说明书的规定，用于替代 组合证券中全部或部分证券的一定数量的现金 57、现金差额：指最小申购、赎回单位的资产净值与按当日收盘价计算的最小申购、赎回 单位中的组合证券市值和现金替代之差；投资者申购、赎回时应支付或应获得的现金差额根据 最小申购、赎回单位对应的现金差额、申购或赎回的基金份额数计算 58、预估现金差额：指由基金管理人计算并在 T 日申购赎回清单中公布的当日现金差额预 估值，预估现金差额由申购赎回代理券商预先冻结 59、基金份额参考净值：指基金管理人或者基金管理人委托的指数服务机构根据申购赎回 清单、人民币汇率和组合证券内各只证券的实时成交数据计算并由上海证券交易所在交易时间 内发布的基金份额参考净值，简称 IOPV 60、最小申购、赎回单位：指申购份额、赎回份额的最低数量，投资者申购、赎回的基金 份额应为最小申购、赎回单位的整数倍 61、基金份额折算：指基金管理人根据基金运作的需要，在基金资产净值不变的前提下， 按照一定比例调整基金份额总额及基金份额净值的行为 62、基金的转托管：指基金份额持有人在本基金的不同销售机构,/Users/ellis/工具程序开发/港股通逐标的分析/临时数据/513140/513140_更新招募说明书_20260114.txt
173,513040,易方达中证港股通互联网ETF,易方达中证港股通互联网交易型开放式指数证券投资基金更新的招募说明书,2026-03-28,息泄露的风险等。 5、根据本基金现行适用的清算交收和申赎处理规则，投资者当日申购的基金份额，清 算交收完成后方可卖出和赎回，即 T 日申购的基金份额且日间完成 RTGS（实时逐笔全额结 算） 交收，T 日可卖出和赎回， 而T 日申购的基金份额且日终完成逐笔全额非担保交收，T+1 日方可卖出和赎回；T 日买入的基金份额，T 日可以赎回或卖出。 投资者投资于本基金前请认真阅读证券交易所和登记结算机构关于 ETF 的相关业务规 则及其不时的更新， 确保具备相关专业知识、 清楚了解相关规则流程后方可参与本基金的申 购、 赎回及交易。 投资者一旦申购或赎回本基金， 即表示对基金申购和赎回所涉及的登记方 式以及申购赎回所涉及现金替代、现金差额等相关的交收方式及业务规则已经认可。 6、基金管理,份证券； 或处于停牌的成份证券； 或法律法规限制投资的成份证券； 或基金管理人出于保护持有人利 益原则等原因认为有必要实行必须现金替代的成份证券。 2）替代金额：对于必须现金替代的证券，基金管理人将在申购赎回清单中公告替代的 36 一定数量的现金， 即“固定替代金额”。 固定替代金额的计算方法为申购赎回清单中该证券的 数量乘以该证券调整后 T 日开盘参考价并按照 T-1 日估值汇率换算或基金管理人认为合理 的其他方法。 （4） 在系统支持的情况下， 对于T 日的申购赎回申请， 基金管理人有权进行轧差处理， 针对净申购， 购入净申购份额对应的组合证券中被替代的成份证券， 针对净赎回， 卖出净赎 回份额对应的组合证券中被替代的成份证券， 基金管理人有权购入或者卖出不等于轧差处理 后的上述被替代的成份证券的任意数量。 （5）基金管理人可根据运作情况调整代理申赎投资者买券卖券的相关规则并按规定公 告。 （6）未来如相关证券的交易、结算规则发生改变，或上海证券交易所、登记结算机构 有关申购赎回交易结算规则发生改变， 或基金管理人与基金托管人之间的结算相关安排发生 改变等，基金管理人可对上述相关现金替代处理规则进行调整，并按规定公告。 4、预估现金部分相关内容 预估现金部分是指为便于计算基金份额参考净值及申购赎回代理券商预先冻结申请申 购、赎回的投资者的相应资金，由基金管理人计算的现金数额。T 日申购赎回清单中公告 T 日预估现金部分。其计算公式为： T 日预估现金部分＝T-1 日最小申购、赎回单位的基金资产净值－（申购赎回清单中必 须现金替代成份证券的替代金额＋申购赎回清单中可以现金替代成份证券的数量、 该证券调 整后 T 日开盘参考价以及 T-1 日估值汇率的相乘之和） 其中， 该证券调,申购现金替代保证金的处理程序 T 日， 基金管理人在申购赎回清单中公布申购现金替代溢价比率， 并据此收取申购现金 替代保证金。基金管理人在T 日内购入组合证券中被替代的成份证券。基金管理人有权在T 日内任意时刻， 以收到的申购替代金额代投资者购入组合证券中被替代的成份证券的任意数 量。正常情况下，对于确认成功的 T 日申购申请，基金管理人根据 T 日所购入的被替代证 券的实际单位购入成本 （包括买入价格与相关费用， 折算为人民币） 和未购入的被替代证券 T 日收盘价（折算为人民币，被替代证券当日在证券交易所无交易的，取最近交易日的收盘 价；交易日无收盘价的，取最后成交价）计算被替代证券的单位结算成本，在此基础上根据 替代证券数量和申购现金替代保证金确定基金应退还投资者或投资者应补交的款项。T 日后 的三个港股通交易日内， 基金管理人将成份证券的应退款或补款与相关申购赎回代理券商办 理交收， 当交收期间出现港股通交易日为非港股通交收日时， 款项交收日期顺延。 若发生特 殊情况，基金管理人可以对交收日期进行相应调整。 35 如遇港股通临时停市、 港股通交易当日额度使用完毕而暂停或停止接受买入申报等特殊 情况， 基金管理人可考虑根据实际情况将成份证券的代理买入及结算价格顺延至下一港股通 交易日直至交易正常。 如遇成份证券长期停牌、 流动性不足等可能导致收盘价或最后成交价 不公允的特殊情况， 可参照证券的估值价格， 对结算价格进行调整， 如果基金管理人认为该 证券复牌后的价格可能存在较大波动， 且可能对基金资产净值产生较大影响， 为了更好的维 护持有人利益， 该证券对应的现金替代退补款的清算交收可按照其复牌后实际交易成本或者 基金管理人认为合理的价格办理。在此期间若该证券发生除息、送股（转增）、配股等重要 权益变动，则进行相应调整。 4）赎回替代金额的处理程序 基金管理人在 T 日内卖出组合证券中被替代的成份证券。基金管理人有权在 T 日内任 意时刻代投资者卖出组合证券中被替代的成份证券的任意数量。 正常情况下， 对于确认成功 的 T 日赎回申请， 基金管理人根据T 日所卖出的被替代证券的实际单位卖出金额 （扣除相关 费用，折算为人民币）和未卖出的被替代证券T 日收盘价（折算为人民币，被替代证券当日 在证券交易所无交易的，取最近交易日的收盘价；交易日无收盘价的，取最后成交价）计算 被替代证券的单位结算金额，在此基础上根据替代证券数量确定赎回替代金额。T 日后的第 三个港股通交易日后的一个工作日内， 基金管理人将应支付的成份证券赎回替代金额与相关 申购赎回代理券商办理交收， 当交收期间出现港股通交易日为非港股通交收日时， 款项交收 日期顺延。若发生特殊情况，基金管理人可以对交收日期进行相应调整。 如遇港股通临时停市等特殊情况， 成份证券的代理卖出及结算价格可依次顺延至,赎回替代金额的处理程序 基金管理人在 T 日内卖出组合证券中被替代的成份证券。基金管理人有权在 T 日内任 意时刻代投资者卖出组合证券中被替代的成份证券的任意数量。 正常情况下， 对于确认成功 的 T 日赎回申请， 基金管理人根据T 日所卖出的被替代证券的实际单位卖出金额 （扣除相关 费用，折算为人民币）和未卖出的被替代证券T 日收盘价（折算为人民币，被替代证券当日 在证券交易所无交易的，取最近交易日的收盘价；交易日无收盘价的，取最后成交价）计算 被替代证券的单位结算金额，在此基础上根据替代证券数量确定赎回替代金额。T 日后的第 三个港股通交易日后的一个工作日内， 基金管理人将应支付的成份证券赎回替代金额与相关 申购赎回代理券商办理交收， 当交收期间出现港股通交易日为非港股通交收日时， 款项交收 日期顺延。若发生特殊情况，基金管理人可以对交收日期进行相应调整。 如遇港股通临时停市等特殊情况， 成份证券的代理卖出及结算价格可依次顺延至下一港 股通交易日直至交易正常。 如遇成份证券长期停牌、 流动性不足等可能导致收盘价或最后成 交价不公允的特殊情况， 可参照证券的估值价格， 对结算价格进行调整， 如果基金管理人认 为该证券复牌后的价格可能存在较大波动， 且可能对基金资产净值产生较大影响， 为了更好 的维护持有人利益， 该证券对应的现金替代款的清算交收可按照其复牌后实际交易成本或者 基金管理人认为合理的价格办理。在此期间若该证券发生除息、送股（转增）、配股等重要 权益变动，则进行相应调整。 （3）必须现金替代 1） 适用情形： 必须现金替代的证券一般是由于标的指数调整， 即将被剔除的成份证券； 或处于停牌的成份证券； 或法律法规限制投资的成份证券； 或基金管理人出于保护持有人利 益原则等原因认为有必要实行必须现金替代的成份证券。 2）替代金额：对于必须现金替代的证券，基金管理人将在申购赎回清单中公告替代的 36 一定数量的现金， 即“固定替代金额”。 固定替代金额的计算方法为申购赎回清单中该证券的 数量乘以该证券调整后 T 日开盘参考价并按照 T-1 日估值汇率换算或基金管理人认为合理 的其他方法。 （4） 在系统支持的情况下， 对于T 日的申购赎回申请， 基金管理人有权进行轧差处理， 针对净申购， 购入净申购份额对应的组合证券中被替代的成份证券， 针对净赎回， 卖出净赎 回份额对应的组合证券中被替代的成份证券， 基金管理人有权购入或者卖出不等于轧差处理 后的上述被替代的成份证券的任意数量。 （5）基金管理人可根据运作情况调整代理申赎投资者买券卖券的相关规则并按规定公 告。 （6）未来如相关证券的交易、结算规则发生改变，或上海证券交易所、登记结算机构 有关申购赎回交易结算规则发生改变， 或基金管理人与基金托管人之间的结算相关安排发生 改变等，基金管理人可对上述相关,清楚了解相关规则流程后方可参与本基金的申 购、 赎回及交易。 投资者一旦申购或赎回本基金， 即表示对基金申购和赎回所涉及的登记方 式以及申购赎回所涉及现金替代、现金差额等相关的交收方式及业务规则已经认可。 6、基金管理人提醒投资者基金投资的 “买者自负”原则，在投资者作出投资决策后，基 金运营状况与基金净值变化引致的投资风险， 由投资者自行负责。 此外，本基金以1 元初始 面值进行募集，在市场波动等因素的影响下，存在单位份额净值跌破1 元初始面值的风险。 7、基金不同于银行储蓄，基金投资人投资于基金有可能获得较高的收益，也有可能损 失本金。投资有风险，投资人在进行投资决策前， 请仔细阅读本基金的《招募说明书》 《基 金合同》及基金产品资料概要。 8、基金的过往业绩并不预示其未来表现，基金管理人管理的其他基金的业绩并不构成 对本基金表现的保证。 本基金有关财务数据截止日为 2025 年 12 月 31 日， 净值表现截止日为2025 年 12 月31 日，主要人员情况截止日为 2026 年 3 月 27 日，除非另有说明，本招募说明书其他所载内 容截止日为 2026 年2 月16 日。（本报告中财务数据未经审计） I 目 录 第一部分 绪言....................................................... 1 第二部分 释义....................................................... 2 第三部分 基金管理人........................,/Users/ellis/工具程序开发/港股通逐标的分析/临时数据/513040/513040_更新招募说明书_20260328.txt
174,159128,天弘国证港股通科技ETF,天弘国证港股通科技交易型开放式指数证券投资基金招募说明书(更新),2026-03-07,、赎回，具体业务的办理时间请参见相关公告。 在目前结算规则下，投资者当日申购的基金份额，清算交收完成后可卖出和 赎回，即 T 日申购的 ETF 份额且日间完成 RTGS（实时逐笔全额结算）交收的，T 日可卖出与赎回，而 T 日申购的 ETF 份额且日终完成逐笔全额非担保交收的，T+1 日方可卖出和赎回；T 日竞价买入的基金份额，T 日可以卖出或赎回；T 日大宗 买入的基金份额，T 日可以大宗卖出，T+1 日可以竞价卖出或赎回。 目前本基金的申购赎回采用全现金替代模式，申购对价、赎回对价包括现金 替代、现金差额及其他对价，即投资人在场内可以现金申购、赎回办理本基金的 申购、赎回业务。未来在条件允许的情况下，基金管理人可以在场内开通本基金 实物申购赎回方式或者其他现金申购、赎回以外的,,申购替代金额的处理程序如下： 在 T 日（指港股通交易日）内，基金管理人以收到的申购替代金额代投资者 买入被替代证券。基金管理人有权在 T 日（指港股通交易日）内任意时刻以收到 的申购替代金额代投资者买入小于等于被替代证券数量的任意数量的被替代证 券。基金管理人有权根据基金投资的需要自主决定不买入部分被替代证券，或者 不进行任何买入证券的操作。 T 日（指港股通交易日）日终，基金管理人根据所购入的被替代证券的实际 单位购入成本（包括买入价格与相关费用）和未买入的被替代证券的 T 日（指港 股通交易日）收盘价（折算为人民币；T 日（指港股通交易日）在证券交易所无 交易的，取最近交易日的收盘价；交易日无收盘价的，取最后成交价）计算被替 代证券的单位结算成本，在此基础上根据替代证券数量和申购替代金额确定基金 应退还投资者或投资者应补交的款项。T 日（指港股通交易日）后的第 2 个港股 招募说明书（更新） 42 通交易日后的 3 个工作日内，基金管理人将应退款或补款与相关申购赎回代理券 商办理交收。在此期间若该证券发生除息、送股（转增）、配股等重要权益变动， 则进行相应调整。 当出现半日港股通交易日、临时停市或港股通每日额度不足等特殊情况时， 计算并确定被替代证券的单位结算成本的时间将顺延，款项交收的日期也顺延。 如遇证券长期停牌、流动性不足等可能导致收盘价或最后成交价不公允的特殊情 况，可参照证券的估值价格，对结算价格进行调整，如果基金管理人认为该证券 复牌后的价格可能存在较大波动，且可能对基金资产净值产生较大影响，为了更 好的维护基金份额持有人利益，该证券对应的现金替代款的清算交收可在其复牌 后按照实际交易成本办理。在此期间若该证券发生除息、送股（转增）、配股等 重要权益变动，则进行相应调整。 4）赎回替代金额的处理程序如下： 在 T 日（指港股通交易日）内，基金管理人代投资者卖出被替代证券。基 金管理人有权在 T 日（指港股通交易日）内任意时刻代投资者卖出小于等于被 替代证券数量的任意数量的被替代证券。基金管理人有权根据基金投资的需要自 主决定不卖出部分被替代证券，或者不进行任何卖出证券的操作。 T 日（指港股通交易日）日终，基金管理人根据所卖出的被替代证券的实际 单位卖出金额（扣除相关费用）和未卖出的被替代证券的 T 日（指港股通交易 日）收盘价（折算为人民币；被替代证券 T 日（指港股通交易日）在证券交易 所无交易的，取最近交易日的收盘价；交易日无收盘价的，取最后成交价）计算 被替代证券的单位结算金额，在此基础上根据替代证券数量确定赎回替代金额。 T 日（指港股通交易日）后的第 2 个港股通交收日后的 3 个工作日内，基金管理 人将应支付的赎回替代金额与相关申购赎回代理券商办理交收。在此期间若该证 券发生除息、送股（转增）、配股等重要权益变动，则进行相应调,替代金额的处理程序如下： 在 T 日（指港股通交易日）内，基金管理人以收到的申购替代金额代投资者 买入被替代证券。基金管理人有权在 T 日（指港股通交易日）内任意时刻以收到 的申购替代金额代投资者买入小于等于被替代证券数量的任意数量的被替代证 券。基金管理人有权根据基金投资的需要自主决定不买入部分被替代证券，或者 不进行任何买入证券的操作。 T 日（指港股通交易日）日终，基金管理人根据所购入的被替代证券的实际 单位购入成本（包括买入价格与相关费用）和未买入的被替代证券的 T 日（指港 股通交易日）收盘价（折算为人民币；T 日（指港股通交易日）在证券交易所无 交易的，取最近交易日的收盘价；交易日无收盘价的，取最后成交价）计算被替 代证券的单位结算成本，在此基础上根据替代证券数量和申购替代金额确定基金 应退还投资者或投资者应补交的款项。T 日（指港股通交易日）后的第 2 个港股 招募说明书（更新） 42 通交易日后的 3 个工作日内，基金管理人将应退款或补款与相关申购赎回代理券 商办理交收。在此期间若该证券发生除息、送股（转增）、配股等重要权益变动， 则进行相应调整。 当出现半日港股通交易日、临时停市或港股通每日额度不足等特殊情况时， 计算并确定被替代证券的单位结算成本的时间将顺延，款项交收的日期也顺延。 如遇证券长期停牌、流动性不足等可能导致收盘价或最后成交价不公允的特殊情 况，可参照证券的估值价格，对结算价格进行调整，如果基金管理人认为该证券 复牌后的价格可能存在较大波动，且可能对基金资产净值产生较大影响，为了更 好的维护基金份额持有人利益，该证券对应的现金替代款的清算交收可在其复牌 后按照实际交易成本办理。在此期间若该证券发生除息、送股（转增）、配股等 重要权益变动，则进行相应调整。 4）赎回替代金额的处理程序如下： 在 T 日（指港股通交易日）内，基金管理人代投资者卖出被替代证券。基 金管理人有权在 T 日（指港股通交易日）内任意时刻代投资者卖出小于等于被 替代证券数量的任意数量的被替代证券。基金管理人有权根据基金投资的需要自 主决定不卖出部分被替代证券，或者不进行任何卖出证券的操作。 T 日（指港股通交易日）日终，基金管理人根据所卖出的被替代证券的实际 单位卖出金额（扣除相关费用）和未卖出的被替代证券的 T 日（指港股通交易 日）收盘价（折算为人民币；被替代证券 T 日（指港股通交易日）在证券交易 所无交易的，取最近交易日的收盘价；交易日无收盘价的，取最后成交价）计算 被替代证券的单位结算金额，在此基础上根据替代证券数量确定赎回替代金额。 T 日（指港股通交易日）后的第 2 个港股通交收日后的 3 个工作日内，基金管理 人将应支付的赎回替代金额与相关申购赎回代理券商办理交收。在此期间若该证 券发生除息、送股（转增）、配股等重要权益变动，则进行相应调整。,赎回；T 日大宗 买入的基金份额，T 日可以大宗卖出，T+1 日可以竞价卖出或赎回。 目前本基金的申购赎回采用全现金替代模式，申购对价、赎回对价包括现金 替代、现金差额及其他对价，即投资人在场内可以现金申购、赎回办理本基金的 申购、赎回业务。未来在条件允许的情况下，基金管理人可以在场内开通本基金 实物申购赎回方式或者其他现金申购、赎回以外的方式办理本基金的申购、赎回 业务，相关业务规则、申购赎回原则等相关事项届时将另行约定并公告。 招募说明书（更新） 3 三、本基金可投资存托凭证，基金净值可能受到存托凭证的境外基础证券价 格波动影响，存托凭证的境外基础证券的相关风险可能直接或间接成为本基金的 风险。具体风险揭示烦请查阅本基金招募说明书“风险揭示”章节内容。 本基金可根据投资策略需要或市场环境的变化，选择将部分基金资产投资于 存托凭证或选择不将基金资产投资于存托凭证，基金资产并非必然投资存托凭证。 四、本基金资产投资于港股，会面临港股通机制下因投资环境、投资标的、 市场制度以及交易规则等差异带来的特有风险，包括港股市场股价波动较大的风 险（港股市场实行 T+0 回转交易，且对个股不设涨跌幅限制，港股股价可能表现 出比 A 股更为剧烈的股价波动）、汇率风险（汇率波动可能对基金的投资收益造 成损失）、港股通机制下交易日不连贯可能带来的风险（在内地开市香港休市的 情形下，港股通不能正常交易，港股不能及时卖出，可能带来一定的流动性风险） 等。具体风险烦请查阅本基金招募说明书的“基金的风险提示”章节的具体内容。 五、本基金可投资于科创板股票，科创板股票在发行,/Users/ellis/工具程序开发/港股通逐标的分析/临时数据/159128/159128_更新招募说明书_20260307.txt
175,159740,大成恒生科技ETF(QDII),大成恒生科技交易型开放式指数证券投资基金(QDII)更新招募说明书,2026-08-12,数证券投资基金（QDII） 招募说明书 58 在目前结算规则下，投资者当日申购的基金份额，清算交收完成后可卖出和赎回，即 T 日申购的 ETF 份额且日间完成 RTGS（实时逐笔全额结算）交收，T 日可卖出与赎回；T 日 申购的 ETF 份额日间未完成交收的，日终完成逐笔全额非担保交收，T+1 日方可卖出和赎 回；T 日竞价买入的基金份额，T 日可以赎回，T 日可以卖出。 3、申购和赎回的清算交收与登记 本基金申购和赎回过程中涉及的申购赎回对价和基金份额的交收适用《深圳证券交易所 证券投资基金交易和申购赎回实施细则》、《中国证券登记结算有限责任公司关于交易所交易 型开放式证券投资基金登记结算业务实施细则》和参与各方相关协议的有关规定，其中本基 金现金申购业务中的现金替代采用逐笔全,,申购替代金额的处理程序 T 日，基金管理人在申购赎回清单中公布现金替代溢价比例，并据此收取申购替代金额。 T+1 日日终，若已买入全部被替代证券，则以替代金额与被替代证券的实际买入成本（包 括买入价格与交易费用，折算为人民币，折算汇率采用当日汇率）的差额，确定基金应退还 投资者或投资者应补交的款项；若未能买入全部被替代证券，则以替代金额与已买入的被替 代证券实际买入成本（包括买入价格与交易费用，折算为人民币，折算汇率采用当日汇率） 加上按照 T+1 日收盘价（折算为人民币，折算汇率采用当日汇率；T+1 日在证券交易所无 交易的，取最近交易日的收盘价；交易日无收盘价的，取最后成交价）计算的未买入的被替 代证券价值的差额，确定基金应退还投资者或投资者应补交的款项。 若 T 日至 T+1 日期间被替代的香港证券发生除息、送股（转增）、配股等重要权益变动， 大成恒生科技交易型开放式指数证券投资基金（QDII） 招募说明书 62 则视证券权益情况进行相应调整。 T+5 日内，基金管理人将应退款或补款与相关申购赎回代理券商办理交收。若发生特殊 情况，基金管理人可以对交收日期进行相应调整。 如遇证券长期停牌、流动性不足等可能导致收盘价或最后成交价不公允的特殊情况，可 参照证券的估值价格，对结算价格进行调整，如果基金管理人认为该证券复牌后的价格可能 存在较大波动，且可能对基金资产净值产生较大影响，为了更好的维护持有人利益，该证券 对应的现金替代退补款的清算交收可在其复牌后按照实际交易成本办理。在此期间若该证券 发生除息、送股（转增）、配股等重要权益变动，则进行相应调整。 上述汇率是指汇率公允价。汇率公允价包括但不限于中国人民银行或其授权机构最新公 布的人民币汇率中间价、中国外汇交易中心公布的人民币对主要货币参考汇率、主流咨询商 公布的人民币对主要货币参考汇率、与基金托管人商定的其他公允价格（如：中国人民银行 或国家外汇管理局或中国外汇交易中心正式对外发文后公布的人民币兑主要外汇当日收盘 价）等。 4）赎回替代金额的处理程序 T+1 日日终，若已卖出全部被替代证券，则以被替代证券的实际卖出金额（扣除相关费 用，折算为人民币，折算汇率采用当日汇率）确定基金应支付的替代金额；若未能卖出全部 被替代证券，则以已卖出的被替代证券实际卖出金额（扣除相关费用，折算为人民币，折算 汇率采用当日汇率）加上按照 T+1 日收盘价（折算为人民币，折算汇率采用当日汇率；T+1 日在证券交易所无交易的，取最近交易日的收盘价；交易日无收盘价的，取最后成交价）计 算的未卖出的被替代证券的价值，确定基金应支付的替代金额。 若 T 日至 T+1 日期间被卖出的被替代香港证券发生除息、送股（转增）、配股等重要权 益变动，则视证券权益情况进行相应调整。 T+8 日内，基金管理人将应支付的赎回替代金额与相关申购赎,替代金额的处理程序 T 日，基金管理人在申购赎回清单中公布现金替代溢价比例，并据此收取申购替代金额。 T+1 日日终，若已买入全部被替代证券，则以替代金额与被替代证券的实际买入成本（包 括买入价格与交易费用，折算为人民币，折算汇率采用当日汇率）的差额，确定基金应退还 投资者或投资者应补交的款项；若未能买入全部被替代证券，则以替代金额与已买入的被替 代证券实际买入成本（包括买入价格与交易费用，折算为人民币，折算汇率采用当日汇率） 加上按照 T+1 日收盘价（折算为人民币，折算汇率采用当日汇率；T+1 日在证券交易所无 交易的，取最近交易日的收盘价；交易日无收盘价的，取最后成交价）计算的未买入的被替 代证券价值的差额，确定基金应退还投资者或投资者应补交的款项。 若 T 日至 T+1 日期间被替代的香港证券发生除息、送股（转增）、配股等重要权益变动， 大成恒生科技交易型开放式指数证券投资基金（QDII） 招募说明书 62 则视证券权益情况进行相应调整。 T+5 日内，基金管理人将应退款或补款与相关申购赎回代理券商办理交收。若发生特殊 情况，基金管理人可以对交收日期进行相应调整。 如遇证券长期停牌、流动性不足等可能导致收盘价或最后成交价不公允的特殊情况，可 参照证券的估值价格，对结算价格进行调整，如果基金管理人认为该证券复牌后的价格可能 存在较大波动，且可能对基金资产净值产生较大影响，为了更好的维护持有人利益，该证券 对应的现金替代退补款的清算交收可在其复牌后按照实际交易成本办理。在此期间若该证券 发生除息、送股（转增）、配股等重要权益变动，则进行相应调整。 上述汇率是指汇率公允价。汇率公允价包括但不限于中国人民银行或其授权机构最新公 布的人民币汇率中间价、中国外汇交易中心公布的人民币对主要货币参考汇率、主流咨询商 公布的人民币对主要货币参考汇率、与基金托管人商定的其他公允价格（如：中国人民银行 或国家外汇管理局或中国外汇交易中心正式对外发文后公布的人民币兑主要外汇当日收盘 价）等。 4）赎回替代金额的处理程序 T+1 日日终，若已卖出全部被替代证券，则以被替代证券的实际卖出金额（扣除相关费 用，折算为人民币，折算汇率采用当日汇率）确定基金应支付的替代金额；若未能卖出全部 被替代证券，则以已卖出的被替代证券实际卖出金额（扣除相关费用，折算为人民币，折算 汇率采用当日汇率）加上按照 T+1 日收盘价（折算为人民币，折算汇率采用当日汇率；T+1 日在证券交易所无交易的，取最近交易日的收盘价；交易日无收盘价的，取最后成交价）计 算的未卖出的被替代证券的价值，确定基金应支付的替代金额。 若 T 日至 T+1 日期间被卖出的被替代香港证券发生除息、送股（转增）、配股等重要权 益变动，则视证券权益情况进行相应调整。 T+8 日内，基金管理人将应支付的赎回替代金额与相关申购赎回代,申购赎回清单：指由基金管理人编制的用以公告申购对价、赎回对价等信息的文件 55、申购对价：指投资人申购基金份额时，按基金合同和招募说明书规定应交付的现金 替代、现金差额及其他对价 56、赎回对价：指投资人赎回基金份额时，基金管理人按基金合同和招募说明书规定应 交付给赎回人的现金替代、现金差额及其他对价 57、标的指数：指恒生科技指数 58、组合证券：指本基金标的指数所包含的全部或部分证券 59、最小申购赎回单位：指本基金申购份额、赎回份额的最低数量，投资人申购、赎回 的基金份额数应为最小申购赎回单位的整数倍 60、现金替代：指申购、赎回过程中，投资人按基金合同和招募说明书的规定，用于替 代组合证券中部分证券的一定数量的现金 61、现金差额：指最小申购赎回单位的资产净值与按当日收盘价计算的最小申购赎回单 位中的组合证券市值和现金替代之差；投资人申购、赎回时应支付或应获得的现金差额根据 最小申购赎回单位对应的现金差额、申购或赎回的基金份额数计算 62、基金份额参考净值：指基金管理人或者基金管理人委托的其他机构在交易时间内根 据基金管理人提供的申购赎回清单和组合证券内各只证券的实时成交数据计算并由深圳证 大成恒生科技交易型开放式指数证券投资基金（QDII） 招募说明书 10 券交易所在交易时间内发布的基金份额参考净值，简称 IOPV 63、预估现金差额：指由基金管理人计算并在 T 日申购赎回清单中公布的当日现金差 额的预估值，预估现金差额由申购赎回代理券商预先冻结 64、基金份额折算：指基金管理人根据基金运作的需要，在基金资产净值不变的前提下， 按照一,/Users/ellis/工具程序开发/港股通逐标的分析/临时数据/159740/159740_更新招募说明书_20260812.txt
176,520630,广发中证港股通互联网ETF,广发中证港股通互联网交易型开放式指数证券投资基金更新的招募说明书,2026-07-06,交收方式已经认可。 根据本基金现行适用的清算交收和申赎处理规则，投资者当日申购的基金份额，清算交 收完成后方可卖出和赎回，即T 日申购的ETF 份额且日间完成 RTGS（实时逐笔全额结算）交 收，T 日可卖出与赎回， 而T 日申购的 ETF 份额且日终完成逐笔全额非担保交收的，T+1 日方 可卖出和赎回；T 日买入的基金份额，T 日可以赎回或卖出。 由于登记结算机构对现金替代采 取非净额结算交收模式，当投资者赎回申请被登记结算机构确认后，被赎回的基金份额即被 记减，但此时投资者尚未收到赎回现金替代款。投资者投资本基金时需具有证券账户，证券 账户是指上海证券交易所 A 股账户或上海证券交易所证券投资基金账户。 本基金以 1 元初始面值进行募集，在市场波动等因素的影响下，存在单位份额,,申购替代金额的处理程序 T 日，基金管理人根据申购赎回清单收取申购现金替代保证金。 对于确认成功的 T 日申购申请，在 T 日内，基金管理人以收到的申购现金替代保证金代 投资者买入被替代证券。在 T 日日终，基金管理人已买入的证券，依据申购现金替代保证金 与被替代证券的实际买入成本（包括买入价格与相关交易费用）的差额，确定基金应退还投 资者或投资者应补交的款项；未买入的证券，依据申购现金替代保证金与被替代证券 T 日收 盘价（需用最新汇率折算为人民币，当日在证券交易所无交易的，取最近交易日的收盘价， 当日无收盘价的，取最后成交价）的差额，确定基金应退还投资者或投资者应补交的款项。 正常情况下，T+3 日（指港股通交易日）内，基金管理人将应退款和补款的明细及汇总 数据发送给相关申购赎回代理机构和基金托管人，相关款项的清算交收将于此后 3 个工作日 36 内完成。 如遇证券长期停牌、流动性不足等特殊情况，可参照证券的估值价格对结算价格进行调 整，如果基金管理人认为该证券复牌后的价格可能存在较大波动，且可能对基金资产净值产 生较大影响，为了更好的维护持有人利益，该证券对应的现金替代退补款的清算交收可在其 复牌后按照实际交易成本办理。在此期间若该证券发生除息、送股（转增） 、配股等重要权益 变动，则进行相应调整。上述汇率目前采用汇率公允价。汇率公允价包括中国人民银行或其 授权机构最新公布的人民币汇率中间价、中国外汇交易中心最新收盘价、与基金托管人商定 的其他公允价格（如：中国人民银行或国家外汇管理局或中国外汇交易中心正式对外发文后 公布的人民币兑主要外汇当日收盘价）等。 ④赎回对应的替代金额的处理程序 对于确认成功的 T 日赎回申请，在 T 日内，基金管理人根据赎回申请代投资者卖出被替 代证券。在 T 日日终，基金管理人已卖出的证券，按照被替代证券的实际卖出金额（扣除相 关费用）确定基金应支付的替代金额；未卖出的证券，按照被替代证券 T 日收盘价（需用最 新汇率折算为人民币，当日在证券交易所无交易的，取最近交易日的收盘价，当日无收盘价 的，取最后成交价）确定基金应支付给投资者的替代金额。 正常情况下，T+7 日（指港股通交易日）内，基金管理人将应支付的替代金额的明细及 汇总数据发送给登记结算机构，登记结算机构办理现金替代资金的清算，并将结果发送给相 关申购赎回代理机构和基金托管人，相关款项的清算交收将于此后 3 个工作日内完成。如遇 证券长期停牌、流动性不足等特殊情况，可参照证券的估值价格，对结算价格进行调整，如 果基金管理人认为该证券复牌后的价格可能存在较大波动，且可能对基金资产净值产生较大 影响，为了更好的维护持有人利益，该证券对应的现金替代款的清算交收可在其复牌后按照 实际交易成本办理。 在此期间若该证券发生除息、送股（转增） 、配股等重要权益变动，则进行相应,替代金额的处理程序 T 日，基金管理人根据申购赎回清单收取申购现金替代保证金。 对于确认成功的 T 日申购申请，在 T 日内，基金管理人以收到的申购现金替代保证金代 投资者买入被替代证券。在 T 日日终，基金管理人已买入的证券，依据申购现金替代保证金 与被替代证券的实际买入成本（包括买入价格与相关交易费用）的差额，确定基金应退还投 资者或投资者应补交的款项；未买入的证券，依据申购现金替代保证金与被替代证券 T 日收 盘价（需用最新汇率折算为人民币，当日在证券交易所无交易的，取最近交易日的收盘价， 当日无收盘价的，取最后成交价）的差额，确定基金应退还投资者或投资者应补交的款项。 正常情况下，T+3 日（指港股通交易日）内，基金管理人将应退款和补款的明细及汇总 数据发送给相关申购赎回代理机构和基金托管人，相关款项的清算交收将于此后 3 个工作日 36 内完成。 如遇证券长期停牌、流动性不足等特殊情况，可参照证券的估值价格对结算价格进行调 整，如果基金管理人认为该证券复牌后的价格可能存在较大波动，且可能对基金资产净值产 生较大影响，为了更好的维护持有人利益，该证券对应的现金替代退补款的清算交收可在其 复牌后按照实际交易成本办理。在此期间若该证券发生除息、送股（转增） 、配股等重要权益 变动，则进行相应调整。上述汇率目前采用汇率公允价。汇率公允价包括中国人民银行或其 授权机构最新公布的人民币汇率中间价、中国外汇交易中心最新收盘价、与基金托管人商定 的其他公允价格（如：中国人民银行或国家外汇管理局或中国外汇交易中心正式对外发文后 公布的人民币兑主要外汇当日收盘价）等。 ④赎回对应的替代金额的处理程序 对于确认成功的 T 日赎回申请，在 T 日内，基金管理人根据赎回申请代投资者卖出被替 代证券。在 T 日日终，基金管理人已卖出的证券，按照被替代证券的实际卖出金额（扣除相 关费用）确定基金应支付的替代金额；未卖出的证券，按照被替代证券 T 日收盘价（需用最 新汇率折算为人民币，当日在证券交易所无交易的，取最近交易日的收盘价，当日无收盘价 的，取最后成交价）确定基金应支付给投资者的替代金额。 正常情况下，T+7 日（指港股通交易日）内，基金管理人将应支付的替代金额的明细及 汇总数据发送给登记结算机构，登记结算机构办理现金替代资金的清算，并将结果发送给相 关申购赎回代理机构和基金托管人，相关款项的清算交收将于此后 3 个工作日内完成。如遇 证券长期停牌、流动性不足等特殊情况，可参照证券的估值价格，对结算价格进行调整，如 果基金管理人认为该证券复牌后的价格可能存在较大波动，且可能对基金资产净值产生较大 影响，为了更好的维护持有人利益，该证券对应的现金替代款的清算交收可在其复牌后按照 实际交易成本办理。 在此期间若该证券发生除息、送股（转增） 、配股等重要权益变动，则进行相应调整,可参与本基金的申购、赎回及交易。投资者一旦认购、申购或赎回本基 金，即表示对基金认购、申购和赎回所涉及的基金份额的证券变更登记方式以及申购赎回所 涉及现金替代、现金差额等相关的交收方式已经认可。 根据本基金现行适用的清算交收和申赎处理规则，投资者当日申购的基金份额，清算交 收完成后方可卖出和赎回，即T 日申购的ETF 份额且日间完成 RTGS（实时逐笔全额结算）交 收，T 日可卖出与赎回， 而T 日申购的 ETF 份额且日终完成逐笔全额非担保交收的，T+1 日方 可卖出和赎回；T 日买入的基金份额，T 日可以赎回或卖出。 由于登记结算机构对现金替代采 取非净额结算交收模式，当投资者赎回申请被登记结算机构确认后，被赎回的基金份额即被 记减，但此时投资者尚未收到赎回现金替代款。投资者投资本基金时需具有证券账户，证券 账户是指上海证券交易所 A 股账户或上海证券交易所证券投资基金账户。 本基金以 1 元初始面值进行募集，在市场波动等因素的影响下，存在单位份额净值跌破 1 元初始面值的风险。 基金管理人提醒投资人基金投资的 “买者自负” 原则， 在投资人作出投 资决策后，基金运营状况与基金净值变化引致的投资风险，由投资人自行负责。 投资人在进行投资决策前，请仔细阅读本基金的《招募说明书》 《基金产品资料概要》及 《基金合同》 ，自主判断基金的投资价值，自主做出投资决策，自行承担投资风险。 基金的过往业绩并不预示其未来表现，基金管理人管理的其他基金的业绩并不构成对本 基金表现的保证。 本次更新的招募说明书主要对基金管理人、基金托管人、财务数据、净值表现、其,/Users/ellis/工具程序开发/港股通逐标的分析/临时数据/520630/520630_更新招募说明书_20260706.txt
177,159143,平安恒生中国央企红利ETF,平安恒生港股通中国央企红利交易型开放式指数证券投资基金招募说明书(更新),2026-07-29,现金替代、现金差额及其他对价的 清算交收适用相关业务规则和参与各方相关协议及其不时修订的有关规定。 本基金现金申购业务中的现金替代采用逐笔全额结算（T 日日间 RTGS 交收 +T 日日终逐笔全额非担保交收）处理；现金赎回业务中的现金替代采用代收代付 处理；现金申购、赎回业务涉及的现金差额和现金替代退补款采用代收代付处理。 投资者 T 日现金申购后，正常情况下，如选择采用 RTGS 交收且申购资金足 额的，登记结算机构在 T 日日间实时办理基金份额及现金替代的清算交收；T 日 日间资金不足或不选择 RTGS 交收的，登记结算机构在 T 日收市后办理基金份额 及现金替代的清算交收，并将结果发送给基金管理人、申购赎回代理券商和基金 托管人。基金管理人在 T+1 日办理现金差额的清算，,,替代金额的处理程序如下： 对于确认成功的 T 日申购申请，T 日内基金管理人根据申购规模进行组合证 券的代理买入。基金管理人有权在 T 日内任意时刻以收到的申购替代金额代投资 者买入小于等于被替代证券数量的任意数量的被替代证券。基金管理人有权根据 基金投资的需要自主决定不买入部分被替代证券，或者不进行任何买入证券的操 作。T 日日终，基金管理人根据所购入的被替代证券的实际单位购入成本（包括 买入价格与相关费用，折算为人民币）和未买入的被替代证券的 T 日收盘价（折 算为人民币，T 日在证券交易所无交易的，取最近交易日的收盘价；交易日无收 盘价的，取最后成交价）计算被替代证券的单位结算成本，在此基础上根据替代 证券数量和申购现金替代金额确定基金应退还投资者或投资者应补交的款项。正 常情况下，T+5 日（指开放日）内，基金管理人将应退款或补款与相关申购赎回 代理券商办理交收，当交收期间出现港股通交易日为非港股通交收日时，款项交 收日期顺延。若发生特殊情况，基金管理人可以对交收日期进行相应调整。上述 汇率目前采用汇率公允价。汇率公允价包括但不限于港股通结算汇兑比率、中国 外汇交易中心最新收盘价、中国外汇交易中心参考汇率或交易汇率、中国人民银 行或其授权机构最新公布的人民币汇率中间价、基金管理人与基金托管人商定的 53 其他公允价格等。 对于确认成功的 T 日赎回申请，T 日内，基金管理人根据赎回规模进行组合 证券的代理卖出。基金管理人有权在 T 日内任意时刻代投资者卖出小于等于被替 代证券数量的任意数量的被替代证券。基金管理人有权根据基金投资的需要自主 决定不卖出部分被替代证券，或者不进行任何卖出证券的操作。T 日日终，基金 管理人根据所卖出的被替代证券的实际单位卖出金额（扣除相关费用）和未卖出 的被替代证券的 T 日收盘价（折算为人民币，被替代证券 T 日在证券交易所无交 易的，取最近交易日的收盘价；交易日无收盘价的，取最后成交价）计算被替代 证券的单位结算金额，在此基础上根据替代证券数量确定赎回替代金额。正常情 况下，T+5 日（指开放日）内，基金管理人将应支付的赎回替代金额与相关申购 赎回代理机构办理交收，当交收期间出现港股通交易日为非港股通交收日时，款 项交收日期顺延。若发生特殊情况，基金管理人可以对交收日期进行相应调整。 上述汇率目前采用汇率公允价。汇率公允价包括但不限于港股通结算汇兑比率、 中国外汇交易中心最新收盘价、中国外汇交易中心参考汇率或交易汇率、中国人 民银行或其授权机构最新公布的人民币汇率中间价、基金管理人与基金托管人商 定的其他公允价格等。 如遇港股临时停市等特殊情况，组合证券的代理买入或者卖出及结算价格可 依次顺延至下一港股交易日直至交易正常。如遇证券长期停牌、流动性不足等可 能导致收盘价或最后成交价不公允的特殊情况，可参照证券的估值价格,替代金额的处理程序如下： 对于确认成功的 T 日申购申请，T 日内基金管理人根据申购规模进行组合证 券的代理买入。基金管理人有权在 T 日内任意时刻以收到的申购替代金额代投资 者买入小于等于被替代证券数量的任意数量的被替代证券。基金管理人有权根据 基金投资的需要自主决定不买入部分被替代证券，或者不进行任何买入证券的操 作。T 日日终，基金管理人根据所购入的被替代证券的实际单位购入成本（包括 买入价格与相关费用，折算为人民币）和未买入的被替代证券的 T 日收盘价（折 算为人民币，T 日在证券交易所无交易的，取最近交易日的收盘价；交易日无收 盘价的，取最后成交价）计算被替代证券的单位结算成本，在此基础上根据替代 证券数量和申购现金替代金额确定基金应退还投资者或投资者应补交的款项。正 常情况下，T+5 日（指开放日）内，基金管理人将应退款或补款与相关申购赎回 代理券商办理交收，当交收期间出现港股通交易日为非港股通交收日时，款项交 收日期顺延。若发生特殊情况，基金管理人可以对交收日期进行相应调整。上述 汇率目前采用汇率公允价。汇率公允价包括但不限于港股通结算汇兑比率、中国 外汇交易中心最新收盘价、中国外汇交易中心参考汇率或交易汇率、中国人民银 行或其授权机构最新公布的人民币汇率中间价、基金管理人与基金托管人商定的 53 其他公允价格等。 对于确认成功的 T 日赎回申请，T 日内，基金管理人根据赎回规模进行组合 证券的代理卖出。基金管理人有权在 T 日内任意时刻代投资者卖出小于等于被替 代证券数量的任意数量的被替代证券。基金管理人有权根据基金投资的需要自主 决定不卖出部分被替代证券，或者不进行任何卖出证券的操作。T 日日终，基金 管理人根据所卖出的被替代证券的实际单位卖出金额（扣除相关费用）和未卖出 的被替代证券的 T 日收盘价（折算为人民币，被替代证券 T 日在证券交易所无交 易的，取最近交易日的收盘价；交易日无收盘价的，取最后成交价）计算被替代 证券的单位结算金额，在此基础上根据替代证券数量确定赎回替代金额。正常情 况下，T+5 日（指开放日）内，基金管理人将应支付的赎回替代金额与相关申购 赎回代理机构办理交收，当交收期间出现港股通交易日为非港股通交收日时，款 项交收日期顺延。若发生特殊情况，基金管理人可以对交收日期进行相应调整。 上述汇率目前采用汇率公允价。汇率公允价包括但不限于港股通结算汇兑比率、 中国外汇交易中心最新收盘价、中国外汇交易中心参考汇率或交易汇率、中国人 民银行或其授权机构最新公布的人民币汇率中间价、基金管理人与基金托管人商 定的其他公允价格等。 如遇港股临时停市等特殊情况，组合证券的代理买入或者卖出及结算价格可 依次顺延至下一港股交易日直至交易正常。如遇证券长期停牌、流动性不足等可 能导致收盘价或最后成交价不公允的特殊情况，可参照证券的估值价格,购赎回清单：指由基金管理人编制的用以公告申购对价、赎回对价等 信息的文件 48、申购对价：指投资人申购基金份额时，按基金合同和招募说明书规定应 交付的现金替代、现金差额和/或其他对价 49、赎回对价：指投资人赎回基金份额时，基金管理人按基金合同和招募说 明书规定应交付给投资人的现金替代、现金差额和/或其他对价 50、标的指数：指恒生港股通中国央企红利指数及其未来可能发生的变更 51、完全复制法：指一种构建跟踪指数的投资组合的方法。通过购买标的指 数中的所有成份证券，并且按照每种成份证券在标的指数中的权重确定购买的比 例，以达到复制指数的目的 52、最小申购、赎回单位：指本基金申购份额、赎回份额的最低数量，投资 人申购、赎回的基金份额应为最小申购、赎回单位的整数倍 12 53、组合证券：指本基金标的指数所包含的全部或部分证券 54、现金替代：指申购、赎回过程中，投资人按基金合同和招募说明书的规 定，用于替代组合证券中全部或部分证券的一定数量的现金 55、现金差额：指最小申购、赎回单位的资产净值与按 T 日收盘价计算的最 小申购、赎回单位中的组合证券市值和现金替代之差；投资人申购、赎回时应支 付或应获得的现金差额根据最小申购、赎回单位对应的现金差额、申购或赎回的 基金份额数计算 56、现金替代退补款：指投资人支付的现金替代与基金购入被替代成份证券 的成本及相关费用的差额。若现金替代大于本基金购入被替代成份证券的成本及 相关费用，则本基金需向投资人退还差额，若现金替代小于本基金购入被替代成 份证券的成本及相关费用，则投资人需向本基金补缴差额 57、预估,/Users/ellis/工具程序开发/港股通逐标的分析/临时数据/159143/159143_更新招募说明书_20260729.txt
178,159170,永赢国证港股通互联网ETF,永赢国证港股通互联网交易型开放式指数证券投资基金招募说明书,2026-02-06,代、现金差额及其他对价 的清算交收适用深圳证券交易所、中国证券登记结算有限责任公司相关业务规则 和参与各方相关协议及其不时修订的有关规定。 本基金申购业务采用 RTGS（实时逐笔全额结算）模式；赎回业务涉及的现 金替代采用代收代付处理；申购、赎回业务涉及的现金差额和现金替代退补款可 采用代收代付处理。 投资者 T 日现金申购后，如交易记录已勾单且申购资金足额的，登记机构 在 T 日日间实时办理基金份额及现金替代的交收；T 日日间未进行勾单确认或日 间资金不足的，登记机构在 T 日日终根据资金是否足额办理基金份额及现金替 代的清算交收，并将结果发送给基金管理人、申购赎回代理机构和基金托管人。 基金管理人与申购赎回代理机构在 T+2 日办理现金差额的交收。 永赢国证港股通互联网交易型,,申购替代金额的处理程序 对于确认成功的T日申购申请，T日内基金管理人根据申购规模进行组合证 券的代理买入。T日日终，基金管理人根据所购入的被替代证券的实际单位购入 成本、实际购入的相关费用、未购入的被替代证券的T日收盘价（折算为人民币， 折算汇率采用当天的估值汇率；被替代证券T日无交易的，取最近交易日的收盘 价；交易日无收盘价的，取最后成交价）计算并确定被替代证券的单位结算成本， 在此基础上根据替代证券数量和申购现金替代金额确定基金应退还投资人的款 项或投资人应补交的款项。T日后的3个港股通交易日内，基金管理人将应退款 或补款与相关申购赎回代理机构办理交收。若发生特殊情况，基金管理人可以对 交收日期进行相应调整。 如遇港股通临时停市、港股通交易每日额度或总额度不足等特殊情况，组合 证券的代理买入及结算价格可依次顺延至下一港股通交易日直至交易正常。如遇 证券长期停牌、流动性不足等可能导致收盘价或最后成交价不公允的特殊情况， 永赢国证港股通互联网交易型开放式指数证券投资基金 招募说明书 47 可参照证券的估值价格，对结算价格进行调整。如果基金管理人认为该证券复牌 后的价格可能存在较大波动，且可能对基金资产净值产生较大影响，为了更好的 维护基金份额持有人利益，该证券对应的现金替代款的清算交收可在其复牌后按 照实际交易成本办理。在此期间若该证券发生除息、送股（转增）、配股等重要 权益变动，则进行相应调整。 ④赎回替代金额的处理程序 对于确认成功的T日赎回申请，T日内基金管理人根据所卖出的被替代证券 的实际单位卖出成本、实际卖出的相关费用、未卖出的被替代证券的T日收盘价 （折算为人民币，折算汇率采用当天的估值汇率；被替代证券T日无交易的，取 最近交易日的收盘价；交易日无收盘价的，取最后成交价）计算并确定被替代证 券的单位结算成本，在此基础上根据替代组合证券数量确定赎回替代金额。T日 后的第3个港股通交收日后的2个工作日内，基金管理人将应支付的赎回现金替 代款与相关申购赎回代理机构办理交收。若发生特殊情况，基金管理人可以对交 收日期进行相应调整。 如遇港股通临时停市等特殊情况，组合证券的代理卖出及结算价格可依次顺 延至下一港股通交易日直至交易正常。如遇证券长期停牌、流动性不足等可能导 致收盘价或最后成交价不公允的特殊情况，可参照证券的估值价格，对结算价格 进行调整。如果基金管理人认为该证券复牌后的价格可能存在较大波动，且可能 对基金资产净值产生较大影响，为了更好的维护基金份额持有人利益，该证券对 应的现金替代款的清算交收可在其复牌后按照实际交易成本办理。在此期间若该 证券发生除息、送股（转增）、配股等重要权益变动，则进行相应调整。 ⑤基金管理人有权根据实际情况对上述申购和赎回的现金替代处理程序进 行调整，并在正式实施前在规定媒介公告。 ⑥未来如港股通的交易、结算规则发生,替代金额的处理程序 对于确认成功的T日申购申请，T日内基金管理人根据申购规模进行组合证 券的代理买入。T日日终，基金管理人根据所购入的被替代证券的实际单位购入 成本、实际购入的相关费用、未购入的被替代证券的T日收盘价（折算为人民币， 折算汇率采用当天的估值汇率；被替代证券T日无交易的，取最近交易日的收盘 价；交易日无收盘价的，取最后成交价）计算并确定被替代证券的单位结算成本， 在此基础上根据替代证券数量和申购现金替代金额确定基金应退还投资人的款 项或投资人应补交的款项。T日后的3个港股通交易日内，基金管理人将应退款 或补款与相关申购赎回代理机构办理交收。若发生特殊情况，基金管理人可以对 交收日期进行相应调整。 如遇港股通临时停市、港股通交易每日额度或总额度不足等特殊情况，组合 证券的代理买入及结算价格可依次顺延至下一港股通交易日直至交易正常。如遇 证券长期停牌、流动性不足等可能导致收盘价或最后成交价不公允的特殊情况， 永赢国证港股通互联网交易型开放式指数证券投资基金 招募说明书 47 可参照证券的估值价格，对结算价格进行调整。如果基金管理人认为该证券复牌 后的价格可能存在较大波动，且可能对基金资产净值产生较大影响，为了更好的 维护基金份额持有人利益，该证券对应的现金替代款的清算交收可在其复牌后按 照实际交易成本办理。在此期间若该证券发生除息、送股（转增）、配股等重要 权益变动，则进行相应调整。 ④赎回替代金额的处理程序 对于确认成功的T日赎回申请，T日内基金管理人根据所卖出的被替代证券 的实际单位卖出成本、实际卖出的相关费用、未卖出的被替代证券的T日收盘价 （折算为人民币，折算汇率采用当天的估值汇率；被替代证券T日无交易的，取 最近交易日的收盘价；交易日无收盘价的，取最后成交价）计算并确定被替代证 券的单位结算成本，在此基础上根据替代组合证券数量确定赎回替代金额。T日 后的第3个港股通交收日后的2个工作日内，基金管理人将应支付的赎回现金替 代款与相关申购赎回代理机构办理交收。若发生特殊情况，基金管理人可以对交 收日期进行相应调整。 如遇港股通临时停市等特殊情况，组合证券的代理卖出及结算价格可依次顺 延至下一港股通交易日直至交易正常。如遇证券长期停牌、流动性不足等可能导 致收盘价或最后成交价不公允的特殊情况，可参照证券的估值价格，对结算价格 进行调整。如果基金管理人认为该证券复牌后的价格可能存在较大波动，且可能 对基金资产净值产生较大影响，为了更好的维护基金份额持有人利益，该证券对 应的现金替代款的清算交收可在其复牌后按照实际交易成本办理。在此期间若该 证券发生除息、送股（转增）、配股等重要权益变动，则进行相应调整。 ⑤基金管理人有权根据实际情况对上述申购和赎回的现金替代处理程序进 行调整，并在正式实施前在规定媒介公告。 ⑥未来如港股通的交易、结算规则发生改变,购赎回清单：指由基金管理人编制的用以公告申购对价、赎回对价等 信息的文件 47、申购对价：指投资人申购基金份额时，按基金合同和招募说明书规定应 交付的现金替代、现金差额及其他对价 48、赎回对价：指基金份额持有人赎回基金份额时，基金管理人按基金合同 和招募说明书规定应交付给赎回人的现金替代、现金差额及其他对价 49、标的指数：指国证港股通互联网指数 50、组合证券：指本基金标的指数所包含的全部或部分证券 永赢国证港股通互联网交易型开放式指数证券投资基金 招募说明书 12 51、完全复制法：指一种构建跟踪指数的投资组合的方法。通过购买标的指 数中的所有成份证券，并且按照每种成份证券在标的指数中的权重确定购买的比 例以构建指数组合，以达到复制指数的目的 52、最小申购、赎回单位：指本基金申购份额、赎回份额的最低数量，投资 人申购、赎回的基金份额数应为最小申购、赎回单位的整数倍 53、现金替代：指申购、赎回过程中，投资人按基金合同和招募说明书的规 定，用于替代组合证券中全部或部分证券的一定数量的现金 54、现金差额：指最小申购、赎回单位的资产净值与按 T 日收盘价计算的 最小申购、赎回单位中的组合证券市值和现金替代之差；投资人申购、赎回时应 支付或应获得的现金差额根据最小申购、赎回单位对应的现金差额和申购或赎回 的最小申购、赎回单位数量计算 55、现金替代退补款：指投资者支付的现金替代与基金购入被替代成份证券 的成本及相关费用的差额。若现金替代大于本基金购入被替代成份证券的成本及 相关费用，则本基金需向投资者退还差额，若现金替代小于本基金购入被替代成,/Users/ellis/工具程序开发/港股通逐标的分析/临时数据/159170/159170_招募说明书_20260206.txt
179,159285,华安国证港股通消费主题ETF,华安国证港股通消费主题交易型开放式指数证券投资基金更新的招募说明书(2026年第1号),2026-06-26,份额的交收适用业务 规则的规定和参与各方相关协议的有关规定。 本基金申购业务采用实时逐笔全额结算（Real Time Gross Settlement， 简称 RTGS）模式；赎回业务涉及的现金替代采用代收代付处理；申购、赎回业 务涉及的现金差额和现金替代退补款采用代收代付处理。 1）申购的清算交收 投资者 T 日申购后，如交易记录已勾单且申购资金足额的，登记机构在 T 日日间实时办理基金份额及现金替代的交收；T 日日间未进行勾单确认或日间 资金不足的，登记机构在 T 日日终根据资金是否足额办理基金份额及现金替代 的清算交收，并将结果发送给基金管理人、申购赎回代理券商和基金托管人。 基金管理人在 T+1 日办理现金差额的清算，并将结果发送给申购赎回代理券商、 基金管理人和基金托管,买入或不卖出部分 被替代证券，或者不进行任何买入或卖出证券的操作，基金管理人可能不买入 或不卖出被替代证券的情形包括但不限于市场流动性不足、技术系统无法实现、 申购赎回轧差以及基金管理人认为不应买入或卖出的其他情形。 按照目前的证券代理买卖规则，正常情况下，对于 T 日确认成功的申购或 赎回申请，基金管理人正常情况下将在 T 日代理进行相关证券买卖，而对于 T 日未买入或未卖出的部分证券，基金管理人将按该证券 T 日收盘价（折算为人 民币，目前折算汇率采用 T 日估值汇率，基金管理人可根据情况调整所使用的 折算汇率，并及时公告，被替代证券 T 日在证券交易所无交易的，取最近交易 日的收盘价，交易日无收盘价的，取最后成交价）计算被替代证券的单位结算 第 3 页 共 149 页 成本或结算金额，因此投资者需承受可能当天无法完成所有证券买卖、未完成 买卖部分按收盘价结,申购替代金额的处理程序 T 日，基金管理人在申购、赎回清单中公布申购现金替代保证金率，并据 此收取申购替代金额。 对于确认成功的 T 日申购申请，基金管理人在收到申购确认信息后，根据 申购申请代理买入被替代证券。基金管理人有权在 T 日内任意时刻以收到的申 购替代金额代投资者买入小于或等于被替代证券数量的任意数量的被替代证券。 第 48 页 共 149 页 基金管理人有权根据基金投资的需要自主决定不买入部分被替代证券，或者不 进行任何买入证券的操作。T 日日终，基金管理人根据所购入的被替代证券的 实际单位购入成本（包括买入价格与相关费用）和未买入的被替代证券的 T 日 收盘价（折算为人民币，目前折算汇率采用 T 日估值汇率，基金管理人可根据 情况调整所使用的折算汇率，并及时公告；被替代证券 T 日在证券交易所无交 易的，取最近交易日的收盘价，交易日无收盘价的，取最后成交价）计算被替 代证券的单位结算成本，在此基础上根据替代证券数量和申购替代金额确定基 金应退还投资者或投资者应补交的款项。T 日后的 3 个港股通交易日内，基金 管理人将应退款或补款与相关申购赎回代理券商办理交收。若发生特殊情况， 基金管理人可以对交收日期进行相应调整。 如遇港股通临时停市、港股通交易当日额度使用完毕而暂停或停止接受买 入申报等特殊情况，基金管理人可考虑根据实际情况将被替代证券的代理买入 及结算价格顺延至下一港股通交易日直至交易正常。如遇被替代证券长期停牌、 流动性不足等可能导致收盘价或最后成交价不公允的特殊情况，可参照证券的 估值价格，对结算价格进行调整，如果基金管理人认为该证券复牌后的价格可 能存在较大波动，且可能对基金资产净值产生较大影响，为了更好的维护持有 人利益，该证券对应的现金替代退补款的清算交收可在其复牌后按照实际交易 成本办理。在此期间若该证券发生除息、送股（转增）、配股等重要权益变动， 则进行相应调整。 4）赎回替代金额的处理程序 对于确认成功的 T 日赎回申请，基金管理人在收到赎回确认信息后，根据 赎回申请代理卖出被替代证券。基金管理人有权在 T 日内任意时刻代投资者卖 出小于或等于被替代证券数量的任意数量的被替代证券。基金管理人有权根据 基金投资的需要自主决定不卖出部分被替代证券，或者不进行任何卖出证券的 操作。T 日日终，基金管理人根据所卖出的被替代证券的实际单位卖出金额 （扣除相关费用）和未卖出的被替代证券的 T 日收盘价（折算为人民币，目前 折算汇率采用 T 日估值汇率，基金管理人可根据情况调整所使用的折算汇率， 并及时公告，被替代证券 T 日在证券交易所无交易的，取最近交易日的收盘价， 交易日无收盘价的，取最后成交价）计算被替代证券的单位结算金额，在此基 础上根据替代证券数量确定赎回替代金额。T 日后的 5 个港股通交易日内，基 第 49 页 共 1,替代金额的处理程序 T 日，基金管理人在申购、赎回清单中公布申购现金替代保证金率，并据 此收取申购替代金额。 对于确认成功的 T 日申购申请，基金管理人在收到申购确认信息后，根据 申购申请代理买入被替代证券。基金管理人有权在 T 日内任意时刻以收到的申 购替代金额代投资者买入小于或等于被替代证券数量的任意数量的被替代证券。 第 48 页 共 149 页 基金管理人有权根据基金投资的需要自主决定不买入部分被替代证券，或者不 进行任何买入证券的操作。T 日日终，基金管理人根据所购入的被替代证券的 实际单位购入成本（包括买入价格与相关费用）和未买入的被替代证券的 T 日 收盘价（折算为人民币，目前折算汇率采用 T 日估值汇率，基金管理人可根据 情况调整所使用的折算汇率，并及时公告；被替代证券 T 日在证券交易所无交 易的，取最近交易日的收盘价，交易日无收盘价的，取最后成交价）计算被替 代证券的单位结算成本，在此基础上根据替代证券数量和申购替代金额确定基 金应退还投资者或投资者应补交的款项。T 日后的 3 个港股通交易日内，基金 管理人将应退款或补款与相关申购赎回代理券商办理交收。若发生特殊情况， 基金管理人可以对交收日期进行相应调整。 如遇港股通临时停市、港股通交易当日额度使用完毕而暂停或停止接受买 入申报等特殊情况，基金管理人可考虑根据实际情况将被替代证券的代理买入 及结算价格顺延至下一港股通交易日直至交易正常。如遇被替代证券长期停牌、 流动性不足等可能导致收盘价或最后成交价不公允的特殊情况，可参照证券的 估值价格，对结算价格进行调整，如果基金管理人认为该证券复牌后的价格可 能存在较大波动，且可能对基金资产净值产生较大影响，为了更好的维护持有 人利益，该证券对应的现金替代退补款的清算交收可在其复牌后按照实际交易 成本办理。在此期间若该证券发生除息、送股（转增）、配股等重要权益变动， 则进行相应调整。 4）赎回替代金额的处理程序 对于确认成功的 T 日赎回申请，基金管理人在收到赎回确认信息后，根据 赎回申请代理卖出被替代证券。基金管理人有权在 T 日内任意时刻代投资者卖 出小于或等于被替代证券数量的任意数量的被替代证券。基金管理人有权根据 基金投资的需要自主决定不卖出部分被替代证券，或者不进行任何卖出证券的 操作。T 日日终，基金管理人根据所卖出的被替代证券的实际单位卖出金额 （扣除相关费用）和未卖出的被替代证券的 T 日收盘价（折算为人民币，目前 折算汇率采用 T 日估值汇率，基金管理人可根据情况调整所使用的折算汇率， 并及时公告，被替代证券 T 日在证券交易所无交易的，取最近交易日的收盘价， 交易日无收盘价的，取最后成交价）计算被替代证券的单位结算金额，在此基 础上根据替代证券数量确定赎回替代金额。T 日后的 5 个港股通交易日内，基 第 49 页 共 149,单：指由基金管理人编制的用以公告场内申购对价、场 内赎回对价等信息的文件 51、申购对价：指投资者申购基金份额时，按基金合同和招募说明书规定 应交付的现金替代、现金差额和/或其他对价 52、赎回对价：指基金份额持有人赎回基金份额时，基金管理人按基金合 同和招募说明书规定应交付给该基金份额持有人的现金替代、现金差额和/或其 他对价 53、标的指数：指本基金跟踪的基准指数，是由深圳证券信息有限公司发 布的国证港股通消费主题指数 54、最小申购、赎回单位：指本基金申购份额、赎回份额的最低数量，投 资者申购、赎回的基金份额应为最小申购、赎回单位的整数倍 55、组合证券：指本基金标的指数所包含的全部或部分证券 56、现金替代：指申购、赎回过程中，投资者按基金合同和招募说明书的 规定，用于替代组合证券的一定数量的现金 57、现金差额：指申购、赎回过程中，最小申购、赎回单位的资产净值与 按当日收盘价计算的最小申购、赎回单位中的组合证券市值和现金替代之差； 投资者申购、赎回时应支付或应获得的现金差额根据最小申购、赎回单位对应 第 11 页 共 149 页 的现金差额、申购或赎回的基金份额数计算 58、基金份额参考净值：指基金管理人或基金管理人委托的机构在开市后 根据申购、赎回清单、组合证券内各证券的实时成交数据、汇率等数据计算并 通过深圳证券交易所在交易时间内发布的基金份额参考净值，简称“IOPV” 59、预估现金差额：指申购、赎回过程中，为便于计算基金份额参考净值 及申购赎回代理券商预先冻结申请申购、赎回的投资者的相应资金，由基金管 理人计算并公布的现金数额,/Users/ellis/工具程序开发/港股通逐标的分析/临时数据/159285/159285_更新招募说明书_20260626.txt
180,513590,鹏华中证港股通消费主题ETF,鹏华中证港股通消费主题交易型开放式指数证券投资基金更新的招募说明书,2026-04-08,协议的有关规定。 本 基 金 申 购 业 务 采 用 实时 逐 笔 全 额 结 算 （Real Time Gross Settlement ， 以 下 简 称 RTGS）模式；赎回业务涉及的现金替代可采用代收代付处理；申购、赎回业务涉及的现 金差额和现金替代退补款可采用代收代付处理。 投资者 T 日申购后，如交易记录已勾单且申购资金足额的，登记机构在 T 日日间实时 办理基金份额及现金替代的交收；T 日日间未进行勾单确认或日间资金不足的，登记机构 29 在 T 日日终根据资金是否足额办理基金份额及现金替代的清算交收，并将结果发送给基金 管理人、申购赎回代理券商和基金托管人。基金管理人在 T+1 日内办理现金差额的清算， 在 T+2 日内办理现金差额的交收。 投资者 T 日赎回成功,格可依次顺延至下一 港股通交易日直至交易正常。如遇证券长期停牌、流动性不足等可能导致收盘价或最后成 交价不公允的特殊情况，可参照证券的估值价格，对结算价格进行调整，如果基金管理人 认为该证券复牌后的价格可能存在较大波动，且可能对基金资产净值产生较大影响，为了 更好的维护持有人利益，该证券对应的现金替代款的清算交收可在其复牌后按照实际交易 成本办理。在此期间若该证券发生除息、送股（转增）、配股等重要权益变动，则进行相 应调整。 5）在系统支持的情况下，对于 T 日的申购赎回申请，基金管理人有权进行轧差处 理，针对净申购，购入净申购份额对应的组合证券中被替代的成份证券，针对净赎回，卖 出净赎回份额对应的组合证券中被替代的成份证券，基金管理人有权购入或者卖出不等于 轧差处理后的上述被替代的成份证券的任意数量。 6）基金管理人可根据运作情况调整代理申赎投资者买券卖券的相关规则并按规定公 告。 7）未来如港股通的交易、结算规则发生改变，或上海证券交易所、登记机构有关申购 赎回交易结算规则发生改变，或基金管理人与基金托管人之间的结算相关安排发生改变， 基金管理人可对上述相关现金替代处理规则进行调整，并按规定公告。 4、预估现金部分相关内容 预估现金部分是指，为便于计算基金份额参考净值及申购赎回代理券商预先冻结申请 申购、赎回的投资人的相应资金，由基金管理人计算的现金数额。 T 日申购赎回清单中公告 T 日预估现金部分，其计算公式为： T 日预估现金部分＝T－1 日最小申购赎回单位的基金资产净值－（申购赎回清单中必 须用现金替代的固定替代金额＋申购赎回清单中可以现金替代成份证券的数量与该证券调 整后 T 日开盘参考价以及 T-1 日估值汇率相乘之和） 其中，该证券调整后 T 日开盘参考价主要根,申购替代金额的处理程序如下： 对于确认成功的 T 日申购申请，通常情况下 T 日内基金管理人根据申购规模进行组合 证券的代理买入。基金管理人有权在 T 日内任意时刻以收到的申购替代金额代投资者买入 小于等于被替代证券数量的任意数量的被替代证券。基金管理人有权根据基金投资的需要 自主决定不买入部分被替代证券，或者不进行任何买入证券的操作。T 日日终，基金管理 人根据所购入的被替代证券的实际单位购入成本（包括买入价格与相关费用，折算为人民 币）和未买入的被替代证券的 T 日收盘价（折算为人民币，折算汇率采用当天的估值汇 率；T 日在证券交易所无交易的，取最近交易日的收盘价；交易日无收盘价的，取最后成 交价）计算被替代证券的单位结算成本，在此基础上根据替代证券数量和申购现金替代金 额确定基金应退还投资者或投资者应补交的款项。若发生特殊情况，基金管理人可以对交 收日期进行相应调整。 如遇港股通临时停市、港股通交易每日额度不足等特殊情况，组合证券的代理买入及 结算价格可依次顺延至下一港股通交易日直至交易正常。如遇证券长期停牌、流动性不足 等可能导致收盘价或最后成交价不公允的特殊情况，可参照证券的估值价格，对结算价格 进行调整，如果基金管理人认为该证券复牌后的价格可能存在较大波动，且可能对基金资 产净值产生较大影响，为了更好的维护持有人利益，该证券对应的现金替代款的清算交收 可在其复牌后按照实际交易成本办理。在此期间若该证券发生除息、送股（转增）、配股 等重要权益变动，则进行相应调整。 32 4）赎回替代金额的处理程序 对于确认成功的 T 日赎回申请，通常情况下 T 日内基金管理人根据赎回规模进行组合 证券的代理卖出。基金管理人有权在 T 日内任意时刻代投资者卖出小于等于被替代证券数 量的任意数量的被替代证券。基金管理人有权根据基金投资的需要自主决定不卖出部分被 替代证券，或者不进行任何卖出证券的操作。T 日日终，基金管理人根据所卖出的被替代 证券的实际单位卖出金额（扣除相关费用）和未卖出的被替代证券的 T 日收盘价（折算为 人民币，折算汇率采用当 天的估值汇率；被替代证券 T 日在证券交易所无交易的，取最近 交易日的收盘价；交易日无收盘价的，取最后成交价）计算被替代证券的单位结算金额， 在此基础上根据替代证券数量确定赎回替代金额。若发生特殊情况，基金管理人可以对交 收日期进行相应调整。 如遇港股通临时停市等特殊情况，组合证券的代理卖出及结算价格可依次顺延至下一 港股通交易日直至交易正常。如遇证券长期停牌、流动性不足等可能导致收盘价或最后成 交价不公允的特殊情况，可参照证券的估值价格，对结算价格进行调整，如果基金管理人 认为该证券复牌后的价格可能存在较大波动，且可能对基金资产净值产生较大影响，为了 更好的维护持有人利益，该证券对应的现金替代款的清算交收可在其复牌后按照实,替代金额的处理程序如下： 对于确认成功的 T 日申购申请，通常情况下 T 日内基金管理人根据申购规模进行组合 证券的代理买入。基金管理人有权在 T 日内任意时刻以收到的申购替代金额代投资者买入 小于等于被替代证券数量的任意数量的被替代证券。基金管理人有权根据基金投资的需要 自主决定不买入部分被替代证券，或者不进行任何买入证券的操作。T 日日终，基金管理 人根据所购入的被替代证券的实际单位购入成本（包括买入价格与相关费用，折算为人民 币）和未买入的被替代证券的 T 日收盘价（折算为人民币，折算汇率采用当天的估值汇 率；T 日在证券交易所无交易的，取最近交易日的收盘价；交易日无收盘价的，取最后成 交价）计算被替代证券的单位结算成本，在此基础上根据替代证券数量和申购现金替代金 额确定基金应退还投资者或投资者应补交的款项。若发生特殊情况，基金管理人可以对交 收日期进行相应调整。 如遇港股通临时停市、港股通交易每日额度不足等特殊情况，组合证券的代理买入及 结算价格可依次顺延至下一港股通交易日直至交易正常。如遇证券长期停牌、流动性不足 等可能导致收盘价或最后成交价不公允的特殊情况，可参照证券的估值价格，对结算价格 进行调整，如果基金管理人认为该证券复牌后的价格可能存在较大波动，且可能对基金资 产净值产生较大影响，为了更好的维护持有人利益，该证券对应的现金替代款的清算交收 可在其复牌后按照实际交易成本办理。在此期间若该证券发生除息、送股（转增）、配股 等重要权益变动，则进行相应调整。 32 4）赎回替代金额的处理程序 对于确认成功的 T 日赎回申请，通常情况下 T 日内基金管理人根据赎回规模进行组合 证券的代理卖出。基金管理人有权在 T 日内任意时刻代投资者卖出小于等于被替代证券数 量的任意数量的被替代证券。基金管理人有权根据基金投资的需要自主决定不卖出部分被 替代证券，或者不进行任何卖出证券的操作。T 日日终，基金管理人根据所卖出的被替代 证券的实际单位卖出金额（扣除相关费用）和未卖出的被替代证券的 T 日收盘价（折算为 人民币，折算汇率采用当 天的估值汇率；被替代证券 T 日在证券交易所无交易的，取最近 交易日的收盘价；交易日无收盘价的，取最后成交价）计算被替代证券的单位结算金额， 在此基础上根据替代证券数量确定赎回替代金额。若发生特殊情况，基金管理人可以对交 收日期进行相应调整。 如遇港股通临时停市等特殊情况，组合证券的代理卖出及结算价格可依次顺延至下一 港股通交易日直至交易正常。如遇证券长期停牌、流动性不足等可能导致收盘价或最后成 交价不公允的特殊情况，可参照证券的估值价格，对结算价格进行调整，如果基金管理人 认为该证券复牌后的价格可能存在较大波动，且可能对基金资产净值产生较大影响，为了 更好的维护持有人利益，该证券对应的现金替代款的清算交收可在其复牌后按照实际交,购赎回清单：指由基金管理人编制的用以公告申购对价、赎回对价等信息的文 件 50、申购对价：指投资人申购基金份额时，按基金合同和招募说明书规定应交付的现 金替代、现金差额及其他对价 51、赎回对价：指投资人赎回基金份额时，基金管理人按基金合同和招募说明书规定 应交付给赎回人的现金替代、现金差额及其他对价 52、组合证券：指本基金标的指数所包含的全部或部分证券 53、现金替代：指申购或赎回过程中，投资人按基金合同和招募说明书的规定，用于 替代组合证券中部分证券的一定数量的现金 54、现金差额：指最小申购、赎回单位的资产净值与按当日收盘价计算的最小申购、 赎回单位中的组合证券市值和现金替代之差；投资人申购或赎回时应支付或应获得的现金 差额根据最小申购、赎回单位对应的现金差额、申购或赎回的基金份额数计算 55、预估现金部分：指由基金管理人计算并在 T 日申购赎回清单中公布的当日现金差 额预估值，预估现金部分由申购赎回代理券商预先冻结 56、最小申购、赎回单位：指本基金申购份额、赎回份额的最低数量，投资人申购、 赎回的基金份额应为最小申购、赎回单位的整数倍 9 57、基金份额参考净值：指基金管理人或者基金管理人委托的指数服务机构根据申购 赎回清单和组合证券内各只证券的实时成交数据和汇率数据计算并由上海证券交易所在交 易时间内发布的基金份额参考净值，简称 IOPV 58、基金份额折算：指基金管理人根据基金运作的需要，在基金资产净值不变的前提 下，按照一定比例调整基金份额总额及基金份额净值的行为 59、收益评价日：指基金管理人计算本基金份额净值增长率与标的指数,/Users/ellis/工具程序开发/港股通逐标的分析/临时数据/513590/513590_更新招募说明书_20260408.txt
181,159179,工银瑞信中证港股通互联网ETF,工银瑞信中证港股通互联网交易型开放式指数证券投资基金招募说明书,2026-02-13,替代、 现金差额及其他对价的清算交收适 用深圳证券交易所、登记机构的相关规定和参与各方相关协议的有关规定。 本基金现金申购业务中的现金替代采用实时逐笔全额结算（RTGS）与日终逐笔全额非 担保交收的方式处理； 现金赎回业务涉及的现金替代采用代收代付处理； 现金申购、 赎回业 务涉及的现金差额和现金替代退补款采用代收代付处理。 投资者 T 日提交的现金申购申请受理后，日间完成 RTGS 交收部分，登记机构在 T 日 日间实时为该投资者办理基金份额登记以及现金替代的交收；日间未完成 RTGS 交收部分， 登记机构在 T 日日终根据勾单情况及资金是否足额为投资者办理基金份额登记与现金替代 的交收， 并将结果发送给申购赎回代理券商、 基金管理人和基金托管人。 基金管理人在 T+2 日办理,,申购替代金额的处理程序 基金管理人在T 日以收到的替代金额代投资者买入被替代证券。 基金管理人有权根据基 金投资的需要自主决定不买入部分被替代证券， 或者不进行任何买入被替代证券的操作。 正 常情况下， 对于确认成功的T 日申购申请， 基金管理人根据T 日所购入的被替代证券的实际 单位购入成本 （包括买入价格与相关费用， 折算为人民币） 和未买入的被替代证券T 日收盘 价 （折算为人民币， 被替代证券当日在证券交易所无交易的， 取最近交易日的收盘价； 交易 日无收盘价的， 取最后成交价） 计算被替代证券的单位结算成本， 在此基础上根据替代证券 数量和申购替代金额确定基金应退还投资者或投资者应补交的款项。T+6 日 （指开放日） 内， 基金管理人将应退款或补款的明细及汇总数据发送给登记机构， 登记机构办理现金替代多退 少补资金的清算， 并将结果发送给申购赎回代理券商和结算参与人， 由相关申购赎回代理券 商和结算参与人办理交收。基金管理人可以对交收日期进行相应调整。 如遇港股通临时停市、 港股通交易每日额度不足等特殊情况， 组合证券的代理买入及结 算价格可依次顺延至下一港股通交易日直至交易正常。 如遇证券长期停牌、 流动性不足等可 能导致收盘价或最后成交价不公允的特殊情况， 可参照证券的估值价格， 对结算价格进行调 整， 如果基金管理人认为该证券复牌后的价格可能存在较大波动， 且可能对基金资产净值产 生较大影响， 为了更好的维护基金份额持有人利益， 该证券对应的现金替代退补款的清算交 收可按照其复牌后实际交易成本或者基金管理人认为合理的价格办理。 在此期间若该证券发 生除息、送股（转增）、配股等重要权益变动，则进行相应调整。 3）赎回替代金额的处理程序 基金管理人在 T 日根据赎回申请代投资者卖出被替代证券。基金管理人有权根据基金 投资的需要自主决定不卖出部分被替代证券， 或者不进行任何卖出被替代证券的操作。正常 情况下， 对于确认成功的T 日赎回申请， 基金管理人根据T 日所卖出的被替代证券的实际单 位卖出金额 （扣除相关费用， 折算为人民币） 和未卖出的被替代证券的T 日收盘价 （折算为 人民币， 被替代证券当日在证券交易所无交易的， 取最近交易日的收盘价； 交易日无收盘价 的， 取最后成交价） 计算被替代证券的单位结算金额， 在此基础上根据替代证券数量确定赎 回替代金额。T+6 日（指开放日）内，基金管理人将应支付的赎回替代金额的明细及汇总数 据发送给登记机构， 登记机构办理赎回现金替代款的清算， 并将结果发送给申购赎回代理券 商和结算参与人， 由相关申购赎回代理券商和结算参与人办理交收， 当交收期间出现港股通 工银瑞信中证港股通互联网交易型开放式指数证券投资基金 招募说明书 40 交易日为非港股通交收日时， 款项交收日期顺延。 基金管理人可以对交收日期进,替代金额的处理程序 基金管理人在T 日以收到的替代金额代投资者买入被替代证券。 基金管理人有权根据基 金投资的需要自主决定不买入部分被替代证券， 或者不进行任何买入被替代证券的操作。 正 常情况下， 对于确认成功的T 日申购申请， 基金管理人根据T 日所购入的被替代证券的实际 单位购入成本 （包括买入价格与相关费用， 折算为人民币） 和未买入的被替代证券T 日收盘 价 （折算为人民币， 被替代证券当日在证券交易所无交易的， 取最近交易日的收盘价； 交易 日无收盘价的， 取最后成交价） 计算被替代证券的单位结算成本， 在此基础上根据替代证券 数量和申购替代金额确定基金应退还投资者或投资者应补交的款项。T+6 日 （指开放日） 内， 基金管理人将应退款或补款的明细及汇总数据发送给登记机构， 登记机构办理现金替代多退 少补资金的清算， 并将结果发送给申购赎回代理券商和结算参与人， 由相关申购赎回代理券 商和结算参与人办理交收。基金管理人可以对交收日期进行相应调整。 如遇港股通临时停市、 港股通交易每日额度不足等特殊情况， 组合证券的代理买入及结 算价格可依次顺延至下一港股通交易日直至交易正常。 如遇证券长期停牌、 流动性不足等可 能导致收盘价或最后成交价不公允的特殊情况， 可参照证券的估值价格， 对结算价格进行调 整， 如果基金管理人认为该证券复牌后的价格可能存在较大波动， 且可能对基金资产净值产 生较大影响， 为了更好的维护基金份额持有人利益， 该证券对应的现金替代退补款的清算交 收可按照其复牌后实际交易成本或者基金管理人认为合理的价格办理。 在此期间若该证券发 生除息、送股（转增）、配股等重要权益变动，则进行相应调整。 3）赎回替代金额的处理程序 基金管理人在 T 日根据赎回申请代投资者卖出被替代证券。基金管理人有权根据基金 投资的需要自主决定不卖出部分被替代证券， 或者不进行任何卖出被替代证券的操作。正常 情况下， 对于确认成功的T 日赎回申请， 基金管理人根据T 日所卖出的被替代证券的实际单 位卖出金额 （扣除相关费用， 折算为人民币） 和未卖出的被替代证券的T 日收盘价 （折算为 人民币， 被替代证券当日在证券交易所无交易的， 取最近交易日的收盘价； 交易日无收盘价 的， 取最后成交价） 计算被替代证券的单位结算金额， 在此基础上根据替代证券数量确定赎 回替代金额。T+6 日（指开放日）内，基金管理人将应支付的赎回替代金额的明细及汇总数 据发送给登记机构， 登记机构办理赎回现金替代款的清算， 并将结果发送给申购赎回代理券 商和结算参与人， 由相关申购赎回代理券商和结算参与人办理交收， 当交收期间出现港股通 工银瑞信中证港股通互联网交易型开放式指数证券投资基金 招募说明书 40 交易日为非港股通交收日时， 款项交收日期顺延。 基金管理人可以对交收日期进行相,说明书 5 46、组合证券：指本基金标的指数所包含的全部或部分证券 47、 申购对价： 指投资者申购基金份额时， 按基金合同和招募说明书规定应交付的现金 替代、现金差额及其他对价 48、 赎回对价： 指基金份额持有人赎回基金份额时， 基金管理人按基金合同和招募说明 书规定应交付给赎回人的现金替代、现金差额及其他对价 49、标的指数：本基金标的指数为中证港股通互联网指数 50、现金替代：指申购、赎回过程中，投资人按基金合同和招募说明书的规定，用于替 代组合证券中全部或部分证券的一定数量的现金 51、 现金差额： 指最小申购赎回单位的资产净值与按当日收盘价计算的最小申购赎回单 位中的组合证券市值和现金替代之差； 投资人申购或赎回时应支付或应获得的现金差额根据 最小申购赎回单位对应的现金差额、申购或赎回的基金份额数计算 52、 预估现金差额： 指由基金管理人估计并在T 日申购赎回清单中公布的当日现金差额 的估计值，预估现金差额由申购赎回代理券商预先冻结 53、 最小申购赎回单位： 指本基金申购份额、 赎回份额的最低数量， 投资者申购或赎回 的基金份额应为最小申购赎回单位的整数倍 54、 基金份额参考净值： 指基金管理人或基金管理人委托的其他机构在相关证券交易所 开市后， 根据申购赎回清单、 人民币汇率和组合证券内各只证券的行情数据计算并通过深圳 证券交易所发布的基金份额参考净值，简称IOPV 55、 基金份额折算： 指基金管理人根据基金运作的需要， 在基金资产净值不变的前提下， 按照一定比例调整基金份额总额及基金份额净值的行为 56、元：指人民币元 5,/Users/ellis/工具程序开发/港股通逐标的分析/临时数据/159179/159179_招募说明书_20260213.txt
182,159265,鹏华国证港股通消费主题ETF,鹏华国证港股通消费主题交易型开放式指数证券投资基金更新的招募说明书,2026-05-08,基 金 现 金 申 购 业 务 中 的 现 金 替 代 采 用 实 时 逐 笔 全 额 结 算 （ Real Time Gross Settlement，简称 RTGS）模式；赎回业务涉及的现金替代采用代收代付处理；申购、赎回 业务涉及的现金差额和现金替代退补款采用代收代付处理。 29 （1）申购的清算交收 投资者 T 日申购后，如交易记录已勾单且申购资金足额的，登记机构在 T 日日间实时 办理基金份额及现金替代的交收； T 日日间未进行勾单确认或日间资金不足的，登记机构 在 T 日日终根据资金是否足额办理基金份额及现金替代的清算交收，并将结果发送给基金 管理人、申购赎回代理券商和基金托管人。登记机构在 T+1 日办理现金差额的清算，并将 结果发送给申购赎回代理券商、基金管理人和,,申购现金替代保证金的处理程序 对于确认成功的 T 日申购申请，T 日内基金管理人根据申购规模进行组合证券的代理 买入，通常情况下代理买入在 T 日接近收盘时点完成。基金管理人有权在 T 日内任意时刻 以收到的替代金额代投资者买入小于等于被替代证券数量的任意数量的被替代证券，实际 买入被替代证券的价格可能处于 T 日内较高的位置或处于最高价格，基金管理人对此不承 担责任。基金管理人有权根据基金投资的需要自主决定不买入部分被替代证券，或者不进 行任何买入证券的操作，基金管理人可能不买入被替代证券的情形包括但不限于市场流动 性不足、技术系统无法实现以及基金管理人认为不应买入的其他情形。T 日日终，基金管 32 理人根据所购入的被替代证券的实际单位购入成本（包括买入价格与相关费用）和未买入 的被替代证券的 T 日收盘价（折算为人民币，折算汇率采用当天的估值汇率；T 日在证券 交易所无交易的，取最近交易日的收盘价；交易日无收盘价的，取最后成交价）计算被替 代证券的单位结算成本，在此基础上根据替代证券数量和申购现金替代保证金确定基金应 退还投资者或投资者应补交的款项。在此期间若该部分证券发生除息、送股（转增）、配 股等重要权益变动，则进行相应调整。正常情况下，T 日后的第 2 个工作日内，基金管理 人将应退款或补款与相关申购赎回代理机构办理交收。若发生特殊情况，基金管理人可以 对交收日期进行相应调整。 如遇港股通临时停市、港股通交易每日额度或总额度不足等特殊情况，组合证券的代 理买入及结算价格可依次顺延至下一港股通交易日直至交易正常。如遇证券长期停牌、流 动性不足等可能导致收盘价或最后成交价不公允的特殊情况，可参照证券的估值价格，对 结算价格进行调整，如果基金管理人认为该证券复牌后的价格可能存在较大波动，且可能 对基金资产净值产生较大影响，为了更好的维护持有人利益，该证券对应的现金替代款的 清算交收可在其复牌后按照实际交易成本办理。在此期间若该证券发生除息、送股（转 增）、配股等重要权益变动，则进行相应调整。 ④赎回对应的替代金额 赎回时，对于可以现金替代的证券，替代金额为扣除相关费用后的该证券的卖出价值 （或证券实际结算价值） ⑤赎回替代金额的处理程序 对于确认成功的 T 日赎回申请，T 日内，基金管理人根据赎回规模进行组合证券的代 理卖出。基金管理人有权在 T 日内任意时刻卖出小于等于被替代证券数量的任意数量的被 替代证券，实际卖出被替代证券的价格可能处于 T 日内较低的位置或处于最低价格，基金 管理人对此不承担责任。基金管理人有权根据基金投资的需要自主决定不卖出部分被替代 证券，或者不进行任何卖出证券的操作，基金管理人可能不卖出被替代证券的情形包括但 不限于市场流动性不足、技术系统无法实现以及基金管理人认为不应卖出的其他情形。T 日日终，基金管理人根据所卖出的被替,赎回替代金额的处理程序 对于确认成功的 T 日赎回申请，T 日内，基金管理人根据赎回规模进行组合证券的代 理卖出。基金管理人有权在 T 日内任意时刻卖出小于等于被替代证券数量的任意数量的被 替代证券，实际卖出被替代证券的价格可能处于 T 日内较低的位置或处于最低价格，基金 管理人对此不承担责任。基金管理人有权根据基金投资的需要自主决定不卖出部分被替代 证券，或者不进行任何卖出证券的操作，基金管理人可能不卖出被替代证券的情形包括但 不限于市场流动性不足、技术系统无法实现以及基金管理人认为不应卖出的其他情形。T 日日终，基金管理人根据所卖出的被替代证券的实际单位卖出金额（扣除相关费用）和未 卖出的被替代证券的 T 日收盘价（折算为人民币，折算汇率采用当天的估值汇率；T 日在 证券交易所无交易的，取最近交易日的收盘价；交易日无收盘价的，取最后成交价）计算 被替代证券的单位结算金额，在此基础上根据替代证券数量确定赎回替代金额。 如遇港股通临时停市等特殊情况，组合证券的代理卖出及结算价格可依次顺延至下一 港股通交易日直至交易正常。如遇证券长期停牌、流动性不足等可能导致收盘价或最后成 交价不公允的特殊情况，可参照证券的估值价格，对结算价格进行调整，如果基金管理人 认为该证券复牌后的价格可能存在较大波动，且可能对基金资产净值产生较大影响，为了 更好的维护持有人利益，该证券对应的现金替代款的清算交收可在其复牌后按照实际交易 33 成本办理。在此期间若该证券发生除息、送股（转增）、配股等重要权益变动，则进行相 应调整。 ⑥未来如港股通的交易、结算规则发生改变，或深圳证券交易所、登记机构 ETF 申购 赎回交易结算规则发生改变，或基金管理人与基金托管人之间的结算相关安排发生改变， 基金管理人可对可以现金替代处理规则进行调整，并按规定公告。 （3）必须现金替代 ①适用情形：必须现金替代的证券一般是由于标的指数调整，即将被剔除的成份证 券；或因法律法规限制投资的成份证券；或基金管理人出于保护持有人利益等原因认为有 必要实行必须现金替代的成份证券。 ②替代金额：对于必须现金替代的证券，基金管理人将在申购赎回清单中公告替代的 一定数量的现金。必须替代金额的计算方法为申购赎回清单中该证券的数量乘以其 T 日预 计开盘价并按照 T-1 日估值汇率换算或基金管理人认为合理的其他方法。 5、预估现金相关内容 预估现金部分是指为便于计算基金份额参考净值及申购赎回代理券商预先冻结申请申 购、赎回的投资者的相应资金，由基金管理人计算的现金数额并在 T 日申购赎回清单中公 布的当日现金差额预估值。其计算公式为： T 日预估现金部分＝T-1 日最小申购、赎回单位的基金资产净值－（申购赎回清单中必 须用现金替代的成份证券的必须替代金额之和+申购赎回清单中可以用现金替代的成份证 券的数量、T 日预计开盘价以,购赎回清单：指由基金管理人编制的用以公告申购对价、赎回对价等信息的文 件 51、申购对价：指投资人申购基金份额时，按基金合同和招募说明书规定应交付的现 金替代、现金差额和/或其他对价 52、赎回对价：指投资人赎回基金份额时，基金管理人按基金合同和招募说明书规定 应交付给赎回人的现金替代、现金差额和/或其他对价 53、组合证券：指本基金标的指数所包含的全部或部分证券 54、现金替代：指申购或赎回过程中，投资人按基金合同和招募说明书的规定，用于 替代组合证券中全部或部分证券的一定数量的现金 55、现金差额：指 T 日最小申购、赎回单位的资产净值与按当日收盘价计算的最小申 购、赎回单位中的组合证券市值和现金替代之差；投资人申购或赎回时应支付或应获得的 现金差额根据最小申购、赎回单位对应的现金差额、申购或赎回的基金份额数计算 56、预估现金差额：指由基金管理人计算并在 T 日申购赎回清单中公布的当日现金差 额预估值，预估现金差额由申购赎回代理券商预先冻结 57、最小申购、赎回单位：指本基金申购份额、赎回份额的最低数量，投资人申购、 10 赎回的基金份额应为最小申购、赎回单位的整数倍 58、基金份额参考净值：指基金管理人或者基金管理人委托的机构在开市后根据申购 赎回清单和组合证券内各只证券的实时成交数据及汇率数据计算，并通过深圳证券交易所 发布的基金份额参考净值，简称“IOPV” 59、基金份额折算：指基金管理人根据基金运作的需要，在基金资产净值不变的前提 下，按照一定比例调整基金份额总额及基金份额净值的行为 60、收益评价日：指基金管理人计算本基金基金累,/Users/ellis/工具程序开发/港股通逐标的分析/临时数据/159265/159265_更新招募说明书_20260508.txt
183,520720,国泰中证港股通汽车产业主题ETF,国泰中证港股通汽车产业主题交易型开放式指数证券投资基金更新招募说明书(2025年第一号),2025-11-12,涉及的基金份额、现金替代、现金差额及其他对价的 清算交收适用上海证券交易所、登记机构相关业务规则和参与各方相关协议及其 不时修订的有关规定。 本基金申购业务采用实时逐笔全额结算（Real Time Gross Settlement）模式； 赎回业务涉及的现金替代采用代收代付处理；申购、赎回业务涉及的现金差额和 现金替代退补款采用代收代付处理。 投资者 T 日现金申购后，如交易记录已勾单且申购资金足额的，登记机构 在 T 日日间实时办理基金份额及现金替代的交收；T 日日间未进行勾单确认或日 间资金不足的，登记机构在 T 日日终根据资金是否足额办理基金份额及现金替 代的清算交收；在 T+1 日内办理现金差额的清算，并将结果发送给基金管理人、 申购赎回代理券商和基金托管人。基金管理人与申购,,申购替代金额的处理程序 T 日，基金管理人在申购赎回清单中公布现金替代溢价比例，并据此收取申 国泰中证港股通汽车产业主题交易型开放式指数证券投资基金更新招募说明书（2025 年第一号） 44 购替代金额。 正常情况下，对于确认成功的 T 日申购申请，基金管理人在 T 日内进行组 合证券的代理买入。基金管理人有权在 T 日内任意时刻，以收到的申购替代金 额买入组合证券中任意数量的被替代证券。基金管理人有权根据基金投资的需要 自主决定不买入部分被替代证券，或者不进行任何买入证券的操作。T 日日终， 若已购入全部被替代的证券，则以替代金额与被替代证券的实际购入成本（包括 买入价格与交易费用，折算为人民币）的差额，确定基金应退还申购投资人或申 购投资人应补交的款项；若未能购入全部被替代的证券，则以替代金额与所购入 部分被替代证券实际购入成本（包括买入价格与交易费用，折算为人民币）加上 按照 T 日收盘价（折算为人民币，折算汇率采用当天的港股通买入结算汇兑比 率和卖出结算汇兑比率的算术平均值；被替代组合证券当日无交易的，取最近交 易日的收盘价；交易日无收盘价的，取最后成交价）计算的未购入部分被替代证 券价值的差额，确定基金应退还申购投资人或申购投资人应补交的款项。在此期 间发生除息、送股（转增）、配股等权益变动，则进行相应调整。若发生特殊情 况，包括如遇港股通结算异常等，基金管理人可以对折算汇率和结算成本进行相 应调整。 T 日后的 3 个港股通交收日内，基金管理人将应退款或补款与相关申购赎回 代理券商办理交收。若发生特殊情况，基金管理人可以对交收日期进行相应调整。 4）赎回替代金额的处理程序 正常情况下，对于确认成功的 T 日赎回申请，基金管理人在 T 日内进行组 合证券的代理卖出。基金管理人有权在 T 日内任意时刻卖出组合证券中任意数 量的被替代证券。基金管理人有权自主决定不卖出部分被替代证券，或者不进行 任何卖出证券的操作。T 日日终，若已卖出全部被替代的证券，则以替代金额与 被替代证券的实际卖出收入（卖出价格扣除交易费用，折算为人民币）的差额， 确定基金应退还赎回投资人或赎回投资人应补交的款项；若未能卖出全部被替代 的证券，以替代金额与所卖出部分被替代证券实际卖出收入（卖出价格扣除交易 费用，折算为人民币）加上按照 T 日收盘价（折算为人民币，折算汇率采用当 天的港股通买入结算汇兑比率和卖出结算汇兑比率的算术平均值；被替代组合证 券当日无交易的，取最近交易日的收盘价；交易日无收盘价的，取最后成交价） 国泰中证港股通汽车产业主题交易型开放式指数证券投资基金更新招募说明书（2025 年第一号） 45 计算的未卖出部分被替代证券价值的差额，确定基金应退还赎回投资人或赎回投 资人应补交的款项。在此期间发生除息、送股（转增）、配股等权益变动，则进 行相应调整。若发生特殊,替代金额的处理程序 T 日，基金管理人在申购赎回清单中公布现金替代溢价比例，并据此收取申 国泰中证港股通汽车产业主题交易型开放式指数证券投资基金更新招募说明书（2025 年第一号） 44 购替代金额。 正常情况下，对于确认成功的 T 日申购申请，基金管理人在 T 日内进行组 合证券的代理买入。基金管理人有权在 T 日内任意时刻，以收到的申购替代金 额买入组合证券中任意数量的被替代证券。基金管理人有权根据基金投资的需要 自主决定不买入部分被替代证券，或者不进行任何买入证券的操作。T 日日终， 若已购入全部被替代的证券，则以替代金额与被替代证券的实际购入成本（包括 买入价格与交易费用，折算为人民币）的差额，确定基金应退还申购投资人或申 购投资人应补交的款项；若未能购入全部被替代的证券，则以替代金额与所购入 部分被替代证券实际购入成本（包括买入价格与交易费用，折算为人民币）加上 按照 T 日收盘价（折算为人民币，折算汇率采用当天的港股通买入结算汇兑比 率和卖出结算汇兑比率的算术平均值；被替代组合证券当日无交易的，取最近交 易日的收盘价；交易日无收盘价的，取最后成交价）计算的未购入部分被替代证 券价值的差额，确定基金应退还申购投资人或申购投资人应补交的款项。在此期 间发生除息、送股（转增）、配股等权益变动，则进行相应调整。若发生特殊情 况，包括如遇港股通结算异常等，基金管理人可以对折算汇率和结算成本进行相 应调整。 T 日后的 3 个港股通交收日内，基金管理人将应退款或补款与相关申购赎回 代理券商办理交收。若发生特殊情况，基金管理人可以对交收日期进行相应调整。 4）赎回替代金额的处理程序 正常情况下，对于确认成功的 T 日赎回申请，基金管理人在 T 日内进行组 合证券的代理卖出。基金管理人有权在 T 日内任意时刻卖出组合证券中任意数 量的被替代证券。基金管理人有权自主决定不卖出部分被替代证券，或者不进行 任何卖出证券的操作。T 日日终，若已卖出全部被替代的证券，则以替代金额与 被替代证券的实际卖出收入（卖出价格扣除交易费用，折算为人民币）的差额， 确定基金应退还赎回投资人或赎回投资人应补交的款项；若未能卖出全部被替代 的证券，以替代金额与所卖出部分被替代证券实际卖出收入（卖出价格扣除交易 费用，折算为人民币）加上按照 T 日收盘价（折算为人民币，折算汇率采用当 天的港股通买入结算汇兑比率和卖出结算汇兑比率的算术平均值；被替代组合证 券当日无交易的，取最近交易日的收盘价；交易日无收盘价的，取最后成交价） 国泰中证港股通汽车产业主题交易型开放式指数证券投资基金更新招募说明书（2025 年第一号） 45 计算的未卖出部分被替代证券价值的差额，确定基金应退还赎回投资人或赎回投 资人应补交的款项。在此期间发生除息、送股（转增）、配股等权益变动，则进 行相应调整。若发生特殊情况,购赎回清单：指由基金管理人编制的用以公告申购对价、赎回对价等 信息的文件 49、申购对价：指投资人申购基金份额时，按基金合同和招募说明书规定应 交付的现金替代、现金差额及其他对价 50、赎回对价：指基金份额持有人赎回基金份额时，基金管理人按基金合同 和招募说明书规定应交付给赎回人的现金替代、现金差额及其他对价 51、组合证券：指本基金标的指数所包含的全部或部分证券 52、标的指数：指中证港股通汽车产业主题指数及其未来可能发生的变更 53、现金替代：指申购、赎回过程中，投资人按基金合同和招募说明书的规 定，用于替代组合证券中全部或部分证券的一定数量的现金 54、现金差额：指最小申购、赎回单位的资产净值与按当日收盘价计算的最 小申购、赎回单位中的组合证券市值和现金替代之差；投资人申购、赎回时应支 付或应获得的现金差额根据最小申购、赎回单位对应的现金差额和申购或赎回的 最小申购、赎回单位数量计算 55、预估现金部分：指由基金管理人估计并在 T 日申购赎回清单中公布的 当日现金差额的估计值，预估现金部分由申购赎回代理券商预先冻结 56、最小申购、赎回单位：指本基金申购份额、赎回份额的最低数量，投资 人申购、赎回的基金份额应为最小申购、赎回单位的整数倍 57、基金份额参考净值：指基金管理人或基金管理人委托的机构在开市后根 据申购赎回清单和组合证券内各只证券的实时成交数据及汇率数据计算，并通过 国泰中证港股通汽车产业主题交易型开放式指数证券投资基金更新招募说明书（2025 年第一号） 9 上海证券交易所发布的基金份额参考净值，简称“IOPV” 58、基金份额,/Users/ellis/工具程序开发/港股通逐标的分析/临时数据/520720/520720_更新招募说明书_20251112.txt
184,513530,华泰柏瑞中证港股通高股息投资ETF(QDII),华泰柏瑞中证港股通高股息投资交易型开放式指数证券投资基金(QDII)更新的招募说明书2026年第1号,2026-04-04,时查询并妥善行使合法权利。 3、申购和赎回的清算交收与登记 本基金申购业务采用实时逐笔全额结算（Real Time Gross Settlement，以下简称 RTGS）模 式；赎回业务涉及的现金替代可采用代收代付处理；申购、赎回业务涉及的现金差额和现金 替代退补款可采用代收代付处理。 （1）申购的清算交收 投资者 T 日现金申购后，如交易记录已勾单且申购资金足额的，登记结算机构在 T 日日 间实时办理基金份额及现金替代的交收；T 日日间未进行勾单确认或日间资金不足的，登记 结算机构在 T 日日终根据资金是否足额办理基金份额及现金替代的清算交收，并将结果发送 华泰柏瑞中证港股通高股息投资交易型开放式指数证券投资基金（QDII） 30 给基金管理人、申购赎回代理券商和基金托管人。基,,申购替代金额的处理程序 对于确认成功的T日申购申请，在T日（指上海证券交易所与香港交易所的共同交易日） 内，基金管理人以收到的申购替代金额代投资者买入被替代证券。基金管理人有权在T日 （指上海证券交易所与香港交易所的共同交易日）内任意时刻以收到的申购替代金额代投资 者买入小于等于被替代证券数量的任意数量的被替代证券。基金管理人有权根据基金投资的 需要自主决定不买入部分被替代证券，或者不进行任何买入证券的操作。在T日（指上海证 券交易所与香港交易所的共同交易日）日终，基金管理人已买入的证券，依据申购的替代金 额与被替代证券的实际买入成本（包括买入价格与相关交易费用）的差额，确定基金应退还 投资者或投资者应补交的款项；未买入的证券，依据申购的替代金额与被替代证券T日（指 上海证券交易所与香港交易所的共同交易日）收盘价（需用汇率公允价折算为人民币，当日 在证券交易所无交易的，取最近交易日的收盘价，当日无收盘价的，取最后成交价）的差额， 确定基金应退还投资者或投资者应补交的款项。 在此期间若该部分证券发生除息、送股（转增）、配股等重要权益变动，则进行相应调 整。正常情况下，T+3日（指上海证券交易所与香港交易所的共同交易日）内，基金管理人将 应退款或补款与相关申购赎回代理机构办理交收。若发生特殊情况，基金管理人可以对交收 日期进行相应调整。 如遇证券长期停牌、流动性不足等特殊情况，可参照证券的估值价格对结算价格进行调 整，如果基金管理人认为该证券复牌后的价格可能存在较大波动，且可能对基金资产净值产 生较大影响，为了更好的维护持有人利益，该证券对应的现金替代退补款的清算交收可在其 复牌后按照实际交易成本办理。在此期间若该证券发生除息、送股（转增）、配股等重要权 益变动，则进行相应调整。上述汇率目前采用汇率公允价。汇率公允价包括中国人民银行或 其授权机构最新公布的人民币汇率中间价、中国外汇交易中心最新收盘价、与基金托管人商 华泰柏瑞中证港股通高股息投资交易型开放式指数证券投资基金（QDII） 33 定的其他公允价格（如：中国人民银行或国家外汇管理局或中国外汇交易中心正式对外发文 后公布的人民币兑主要外汇当日收盘价）等。 ④赎回对应的替代金额的处理程序 对于确认成功的T日赎回申请，在T日（指上海证券交易所与香港交易所的共同交易日） 内，基金管理人根据赎回申请代投资者卖出被替代证券。基金管理人有权在T日（指上海证 券交易所与香港交易所的共同交易日）内任意时刻代投资者卖出小于等于被替代证券数量的 任意数量的被替代证券。基金管理人有权根据基金投资的需要自主决定不卖出部分被替代证 券，或者不进行任何卖出证券的操作。 在T日（指上海证券交易所与香港交易所的共同交易日）日终，基金管理人已卖出的证 券，按照被替代证券的实际卖出金额（扣除相关费用，需用汇率公允价折算为人民币）确定 基金应,替代金额的处理程序 对于确认成功的T日申购申请，在T日（指上海证券交易所与香港交易所的共同交易日） 内，基金管理人以收到的申购替代金额代投资者买入被替代证券。基金管理人有权在T日 （指上海证券交易所与香港交易所的共同交易日）内任意时刻以收到的申购替代金额代投资 者买入小于等于被替代证券数量的任意数量的被替代证券。基金管理人有权根据基金投资的 需要自主决定不买入部分被替代证券，或者不进行任何买入证券的操作。在T日（指上海证 券交易所与香港交易所的共同交易日）日终，基金管理人已买入的证券，依据申购的替代金 额与被替代证券的实际买入成本（包括买入价格与相关交易费用）的差额，确定基金应退还 投资者或投资者应补交的款项；未买入的证券，依据申购的替代金额与被替代证券T日（指 上海证券交易所与香港交易所的共同交易日）收盘价（需用汇率公允价折算为人民币，当日 在证券交易所无交易的，取最近交易日的收盘价，当日无收盘价的，取最后成交价）的差额， 确定基金应退还投资者或投资者应补交的款项。 在此期间若该部分证券发生除息、送股（转增）、配股等重要权益变动，则进行相应调 整。正常情况下，T+3日（指上海证券交易所与香港交易所的共同交易日）内，基金管理人将 应退款或补款与相关申购赎回代理机构办理交收。若发生特殊情况，基金管理人可以对交收 日期进行相应调整。 如遇证券长期停牌、流动性不足等特殊情况，可参照证券的估值价格对结算价格进行调 整，如果基金管理人认为该证券复牌后的价格可能存在较大波动，且可能对基金资产净值产 生较大影响，为了更好的维护持有人利益，该证券对应的现金替代退补款的清算交收可在其 复牌后按照实际交易成本办理。在此期间若该证券发生除息、送股（转增）、配股等重要权 益变动，则进行相应调整。上述汇率目前采用汇率公允价。汇率公允价包括中国人民银行或 其授权机构最新公布的人民币汇率中间价、中国外汇交易中心最新收盘价、与基金托管人商 华泰柏瑞中证港股通高股息投资交易型开放式指数证券投资基金（QDII） 33 定的其他公允价格（如：中国人民银行或国家外汇管理局或中国外汇交易中心正式对外发文 后公布的人民币兑主要外汇当日收盘价）等。 ④赎回对应的替代金额的处理程序 对于确认成功的T日赎回申请，在T日（指上海证券交易所与香港交易所的共同交易日） 内，基金管理人根据赎回申请代投资者卖出被替代证券。基金管理人有权在T日（指上海证 券交易所与香港交易所的共同交易日）内任意时刻代投资者卖出小于等于被替代证券数量的 任意数量的被替代证券。基金管理人有权根据基金投资的需要自主决定不卖出部分被替代证 券，或者不进行任何卖出证券的操作。 在T日（指上海证券交易所与香港交易所的共同交易日）日终，基金管理人已卖出的证 券，按照被替代证券的实际卖出金额（扣除相关费用，需用汇率公允价折算为人民币）确定 基金应支付,赎回对价等信息的文 件 52、组合证券：指标的指数所包含的全部或部分证券 53、申购对价：指投资者申购基金份额时，按基金合同和招募说明书规定应交付的现金 替代、现金差额及其他对价 54、赎回对价：指投资者赎回基金份额时，基金管理人按基金合同和招募说明书规定应 交付给赎回人的现金替代、现金差额及其他对价 55、标的指数：指中证港股通高股息投资指数及其未来可能发生的变更 56、现金替代：指申购、赎回过程中，投资者按基金合同和招募说明书的规定，用于替 代组合证券中全部或部分证券的一定数量的现金 57、现金差额：指最小申购、赎回单位的资产净值与按当日收盘价计算的最小申购、赎 华泰柏瑞中证港股通高股息投资交易型开放式指数证券投资基金（QDII） 5 回单位中的组合证券市值和现金替代之差；投资者申购、赎回时应支付或应获得的现金差额 根据最小申购、赎回单位对应的现金差额、申购或赎回的基金份额数计算 58、预估现金差额：指由基金管理人计算并在T日申购赎回清单中公布的当日现金差额 预估值，预估现金差额由申购赎回代理券商预先冻结 59、基金份额参考净值：指基金管理人或者基金管理人委托的指数服务机构根据申购赎 回清单和组合证券内各只证券的实时成交数据计算并由上海证券交易所在交易时间内发布的 基金份额参考净值，简称IOPV 60、最小申购、赎回单位：指申购份额、赎回份额的最低数量，投资者申购、赎回的基 金份额应为最小申购、赎回单位的整数倍 61、基金份额折算：基金管理人根据基金合同规定将投资者的基金份额进行变更登记的 行为 62、元：指人民币元 63、基金收益：指基金投,/Users/ellis/工具程序开发/港股通逐标的分析/临时数据/513530/513530_更新招募说明书_20260404.txt
185,159297,南方国证港股通创新药ETF,南方国证港股通创新药交易型开放式指数证券投资基金招募说明书(更新),2026-08-28,证券 仅在境内证券交易所上市的ETF产品存在一定差异。在目前结算规则下，投资者当日申购的 基金份额，清算交收完成后可卖出和赎回，即T日申购的ETF份额且日间完成RTGS（实时 逐笔全额结算）交收，T日可卖出与赎回；T日申购的ETF份额日间未完成交收的，日终完 成逐笔全额非担保交收，T+1日方可卖出和赎回；T日竞价买入的基金份额，T日可以卖出 或赎回；T日大宗买入的基金份额，T日可以大宗卖出，T+1日可以竞价卖出或赎回。 投资人投资本基金时需具有深圳证券交易所A股账户或基金账户。其中，深圳证券交易 所基金账户只能进行基金的现金认购和二级市场交易， 如投资人需要参与基金的申购、 赎回， 则应开立深圳证券交易所A股账户。 投资人在投资本基金之前，请仔细阅读本基金的招募说明书、基金产品资,,替代金额的处理程序 T日， 基金管理人在申购赎回清单中公布现金替代溢价比例， 并据此收取申购替代金额。 正常情况下，对于确认成功的T日（T日为开放日）申购申请，基金管理人根据T日内 所购入的被替代证券的实际单位购入成本（包括买入价格与相关费用，按照汇率折算为人民 币）和未购入的被替代证券的T日收盘价（按照汇率折算为人民币，被替代证券当日在证券 交易所无交易的，取最近交易日的收盘价；交易日无收盘价的，取最后成交价）计算被替代 证券的单位结算成本， 在此基础上根据替代证券数量和申购替代金额确定基金应退还投资者 或投资者应补交的款项，若T日发生除息、收益分配等重要权益变动，则进行相应调整。基 金管理人有权根据基金投资的需要自主决定不买入部分被替代证券， 或者不进行任何买入被 替代证券的操作。 正常情况下，对于确认成功的T日（T日为开放日）赎回申请，基金管理人根据T日内 所卖出的被替代证券的实际单位卖出金额（扣除相关费用，按照汇率折算为人民币）和未卖 出的被替代证券的T日收盘价（按照汇率折算为人民币，被替代证券当日在证券交易所无交 易的，取最近交易日的收盘价；交易日无收盘价的，取最后成交价）计算被替代证券的单位 结算金额，在此基础上根据替代证券数量确定赎回替代金额，若T日发生除息、收益分配等 重要权益变动，则进行相应调整。基金管理人有权根据基金投资的需要自主决定不卖出部分 被替代证券，或者不进行任何卖出被替代证券的操作。 南方国证港股通创新药交易型开放式指数证券投资基金招募说明书（更新） 35 上述汇率目前采用汇率公允价。汇率公允价包括但不限于港股通结算汇兑比率、中国 外汇交易中心最新收盘价、中国外汇交易中心参考汇率或交易汇率、中国人民银行或其授权 机构最新公布的人民币汇率中间价、与基金托管人商定的其他公允价格等。 正常情况下，T日后的第5个开放日内， 基金管理人将应退款或补款与相关申购赎回代 理券商办理交收；T日后的第7个开放日内，基金管理人将应支付的赎回替代金额与相关申 购赎回代理券商办理交收。若发生特殊情况，基金管理人可以对交收日期进行相应调整。 如遇港股通临时停市等特殊情况，组合证券的代理卖出及结算价格可依次顺延至下一 港股通交易日直至交易正常，款项交收的日期也可相应顺延。如遇证券长期停牌、流动性不 足等可能导致收盘价或最后成交价不公允的特殊情况，可参照证券的估值价格，对结算价格 进行调整，如果基金管理人认为该证券复牌后的价格可能存在较大波动，且可能对基金资产 净值产生较大影响，为了更好的维护持有人利益，该证券对应的现金替代款的清算交收可在 其复牌后按照实际交易成本或者基金管理人认为合理的价格办理。 在此期间若该证券发生除 息、送股（转增） 、配股等重要权益变动，则进行相应调整。 4） 基金管理人可根据运作情况调整代理申赎投资者买券卖券的相关规则并按规定公告,替代金额的处理程序 T日， 基金管理人在申购赎回清单中公布现金替代溢价比例， 并据此收取申购替代金额。 正常情况下，对于确认成功的T日（T日为开放日）申购申请，基金管理人根据T日内 所购入的被替代证券的实际单位购入成本（包括买入价格与相关费用，按照汇率折算为人民 币）和未购入的被替代证券的T日收盘价（按照汇率折算为人民币，被替代证券当日在证券 交易所无交易的，取最近交易日的收盘价；交易日无收盘价的，取最后成交价）计算被替代 证券的单位结算成本， 在此基础上根据替代证券数量和申购替代金额确定基金应退还投资者 或投资者应补交的款项，若T日发生除息、收益分配等重要权益变动，则进行相应调整。基 金管理人有权根据基金投资的需要自主决定不买入部分被替代证券， 或者不进行任何买入被 替代证券的操作。 正常情况下，对于确认成功的T日（T日为开放日）赎回申请，基金管理人根据T日内 所卖出的被替代证券的实际单位卖出金额（扣除相关费用，按照汇率折算为人民币）和未卖 出的被替代证券的T日收盘价（按照汇率折算为人民币，被替代证券当日在证券交易所无交 易的，取最近交易日的收盘价；交易日无收盘价的，取最后成交价）计算被替代证券的单位 结算金额，在此基础上根据替代证券数量确定赎回替代金额，若T日发生除息、收益分配等 重要权益变动，则进行相应调整。基金管理人有权根据基金投资的需要自主决定不卖出部分 被替代证券，或者不进行任何卖出被替代证券的操作。 南方国证港股通创新药交易型开放式指数证券投资基金招募说明书（更新） 35 上述汇率目前采用汇率公允价。汇率公允价包括但不限于港股通结算汇兑比率、中国 外汇交易中心最新收盘价、中国外汇交易中心参考汇率或交易汇率、中国人民银行或其授权 机构最新公布的人民币汇率中间价、与基金托管人商定的其他公允价格等。 正常情况下，T日后的第5个开放日内， 基金管理人将应退款或补款与相关申购赎回代 理券商办理交收；T日后的第7个开放日内，基金管理人将应支付的赎回替代金额与相关申 购赎回代理券商办理交收。若发生特殊情况，基金管理人可以对交收日期进行相应调整。 如遇港股通临时停市等特殊情况，组合证券的代理卖出及结算价格可依次顺延至下一 港股通交易日直至交易正常，款项交收的日期也可相应顺延。如遇证券长期停牌、流动性不 足等可能导致收盘价或最后成交价不公允的特殊情况，可参照证券的估值价格，对结算价格 进行调整，如果基金管理人认为该证券复牌后的价格可能存在较大波动，且可能对基金资产 净值产生较大影响，为了更好的维护持有人利益，该证券对应的现金替代款的清算交收可在 其复牌后按照实际交易成本或者基金管理人认为合理的价格办理。 在此期间若该证券发生除 息、送股（转增） 、配股等重要权益变动，则进行相应调整。 4） 基金管理人可根据运作情况调整代理申赎投资者买券卖券的相关规则并按规定公告,申购赎回清单：指由基金管理人编制的用以公告申购对价、赎回对价等信息的文件 48、申购对价：指投资人申购基金份额时，按基金合同和招募说明书规定应交付的现金 替代、现金差额和其他对价 49、赎回对价：指基金份额持有人赎回基金份额时，基金管理人按基金合同和招募说明 书规定应交付给赎回人的现金替代、现金差额和其他对价 50、标的指数：本基金标的指数为国证港股通创新药指数 51、组合证券：指本基金标的指数所包含的全部或部分证券 52、最小申购赎回单位：指本基金申购份额、赎回份额的最低数量，投资人申购或赎回 的基金份额数应为最小申购赎回单位的整数倍 53、现金替代：指申购或赎回过程中，投资人按基金合同和招募说明书的规定，用于替 代组合证券中全部或部分证券的一定数量的现金 54、现金差额：指最小申购赎回单位的资产净值与按当日收盘价计算的最小申购赎回单 位中的组合证券市值和现金替代之差；投资人申购或赎回时应支付或应获得的现金差额根据 最小申购赎回单位对应的现金差额、申购或赎回的基金份额数计算 55、元：指人民币元 56、基金利润：指基金利息收入、汇兑损益、投资收益、公允价值变动收益和其他收入 扣除相关费用后的余额 57、基金资产总值：指基金拥有的各类有价证券及票据价值、银行存款本息、基金应收 申购款及其他资产的价值总和 58、基金资产净值：指基金资产总值减去基金负债后的价值 59、基金份额净值：指计算日基金资产净值除以计算日基金份额总数 60、基金资产估值：指计算评估基金资产和负债的价值，以确定基金资产净值和基金份 额净值的过程 61、规定媒介：指符合中国证监会,/Users/ellis/工具程序开发/港股通逐标的分析/临时数据/159297/159297_更新招募说明书_20260828.txt
186,159954,南方恒生中国企业ETF,南方恒生中国企业交易型开放式指数证券投资基金招募说明书(更新),2026-02-25,招募书未直接出现 RTGS；按适用的交易所/中国结算跨境 ETF 规则，日间 RTGS 交收，按项目口径 PASS,,"替代金额的处理程序 对于确认成功的T 日现金申购申请和现金赎回申请，T日终,基金管理人根据所购入或 卖出的被替代组合证券的实际单位购入成本或实际单位卖出金额、 实际购入或卖出的相关费 用、被替代组合证券的T日收盘价（按照汇率折算为人民币 ； 被替代组合证券T日无交易的， 取最近交易日的收盘价）计算并确定被替代组合证券的单位结算成本，在此基础上根据替代 组合证券数量和现金替代保证金确定基金应退还现金申购投资者的款项、 现金申购投资者应 补交的款项以及赎回替代金额。上述汇率目前采用汇率公允价。汇率公允价包括但不限于港 股通结算汇兑比率、 中国外汇交易中心最新收盘价、 中国外汇交易中心参考汇率或交易汇率、 中国人民银行或其授权机构最新公布的人民币汇率中间价、 与基金托管人商定的其他公允价 南方恒生中国企业交易型开放式指数证券投资基金招募说明书（更新） 53 格等。正常情况下，T+5日内，基金管理人将应退款或补款与相关申购赎回代理机构办理交 收；T+7 日内，基金管理人将应支付的赎回替代金额与相关申购赎回代理券商办理交收。如 遇半日港股通交易日或因为风球等因素引发临时停市、 港股通交易每日额度或总额度不足等 特殊情况时，计算并确定被替代组合证券的单位结算成本的时间可以顺延，款项交收的日期 也顺延。若发生特殊情况，基金管理人可以对以上交收日期进行相应调整。 如遇证券长期停牌、流动性不足等可能导致收盘价或最后成交价不公允的特殊情况，可 参照证券的估值价格，对结算价格进行调整，如果基金管理人认为该证券复牌后的价格可能 存在较大波动，且可能对基金资产净值产生较大影响，为了更好的维护持有人利益，该证券 对应的现金替代款的清算交收可在其复牌后按照实际交易成本办理。 在此期间若该证券发生 除息、送股（转增）、配股等重要权益变动，则进行相应调整。 ③未来如港股通的交易、结算规则发生改变，或深圳证券交易所、登记机构 ETF 申购 赎回交易结算规则发生改变，或基金管理人与基金托管人之间的结算相关安排发生改变，基 金管理人可对退补现金替代处理规则进行调整，并按规定公告。 （3）必须现金替代 ①适用情形：必须现金替代的证券一般是由于标的指数调整，即将被剔除的成份证券； 或因法律法规限制投资的成份证券；或基金管理人出于保护持有人利益等原因认为有必要实 行必须现金替代的成份证券。 ②替代金额：对于必须现金替代的证券，基金管理人将在申购赎回清单中公告替代的一 定数量的现金。必须替代金额的计算方法为申购赎回清单中该成份证券的数量、T日预计开 盘价以及最新估值汇率的乘积之和。 4、预估现金相关内容 预估现金部分是指为便于计算基金份额参考净值及代办证券公司预先冻结申请申购、 赎 回的投资者的相应资金， 由基金管理人计算并在T日申购赎回清单中公布的当日现金差额预 估值。其计算公式为： T日预估现金部分＝","赎回对应的替代金额的处理程序 对于确认成功的T 日现金申购申请和现金赎回申请，T日终,基金管理人根据所购入或 卖出的被替代组合证券的实际单位购入成本或实际单位卖出金额、 实际购入或卖出的相关费 用、被替代组合证券的T日收盘价（按照汇率折算为人民币 ； 被替代组合证券T日无交易的， 取最近交易日的收盘价）计算并确定被替代组合证券的单位结算成本，在此基础上根据替代 组合证券数量和现金替代保证金确定基金应退还现金申购投资者的款项、 现金申购投资者应 补交的款项以及赎回替代金额。上述汇率目前采用汇率公允价。汇率公允价包括但不限于港 股通结算汇兑比率、 中国外汇交易中心最新收盘价、 中国外汇交易中心参考汇率或交易汇率、 中国人民银行或其授权机构最新公布的人民币汇率中间价、 与基金托管人商定的其他公允价 南方恒生中国企业交易型开放式指数证券投资基金招募说明书（更新） 53 格等。正常情况下，T+5日内，基金管理人将应退款或补款与相关申购赎回代理机构办理交 收；T+7 日内，基金管理人将应支付的赎回替代金额与相关申购赎回代理券商办理交收。如 遇半日港股通交易日或因为风球等因素引发临时停市、 港股通交易每日额度或总额度不足等 特殊情况时，计算并确定被替代组合证券的单位结算成本的时间可以顺延，款项交收的日期 也顺延。若发生特殊情况，基金管理人可以对以上交收日期进行相应调整。 如遇证券长期停牌、流动性不足等可能导致收盘价或最后成交价不公允的特殊情况，可 参照证券的估值价格，对结算价格进行调整，如果基金管理人认为该证券复牌后的价格可能 存在较大波动，且可能对基金资产净值产生较大影响，为了更好的维护持有人利益，该证券 对应的现金替代款的清算交收可在其复牌后按照实际交易成本办理。 在此期间若该证券发生 除息、送股（转增）、配股等重要权益变动，则进行相应调整。 ③未来如港股通的交易、结算规则发生改变，或深圳证券交易所、登记机构 ETF 申购 赎回交易结算规则发生改变，或基金管理人与基金托管人之间的结算相关安排发生改变，基 金管理人可对退补现金替代处理规则进行调整，并按规定公告。 （3）必须现金替代 ①适用情形：必须现金替代的证券一般是由于标的指数调整，即将被剔除的成份证券； 或因法律法规限制投资的成份证券；或基金管理人出于保护持有人利益等原因认为有必要实 行必须现金替代的成份证券。 ②替代金额：对于必须现金替代的证券，基金管理人将在申购赎回清单中公告替代的一 定数量的现金。必须替代金额的计算方法为申购赎回清单中该成份证券的数量、T日预计开 盘价以及最新估值汇率的乘积之和。 4、预估现金相关内容 预估现金部分是指为便于计算基金份额参考净值及代办证券公司预先冻结申请申购、 赎 回的投资者的相应资金， 由基金管理人计算并在T日申购赎回清单中公布的当日现金差额预 估值。其计算公式为： T日预估",单：指由基金管理人编制的用以公告申购对价、赎回对价等信息的文件 50、申购对价：指投资人申购基金份额时，按基金合同和招募说明书规定应交付的组合 证券、现金替代、现金差额及其他对价或现金替代、现金差额及其他对价 南方恒生中国企业交易型开放式指数证券投资基金招募说明书（更新） 9 51、赎回对价：指投资人赎回基金份额时，基金管理人按基金合同和招募说明书规定应 交付给赎回人的组合证券、现金替代、现金差额及其他对价或现金替代、现金差额及其他对 价 52、标的指数：本基金标的指数为恒生中国企业指数，及其未来可能发生的变更 53、组合证券：指本基金标的指数所包含的全部或部分证券 54、最小申购赎回单位：指本基金申购份额、赎回份额的最低数量，投资人申购或赎回 的基金份额数应为最小申购赎回单位的整数倍 55、现金替代：指申购或赎回过程中，投资人按基金合同和招募说明书的规定，用于替 代组合证券中部分证券的一定数量的现金 56、现金差额：指最小申购赎回单位的资产净值与按当日收盘价计算的最小申购赎回单 位中的组合证券市值和现金替代之差；投资人申购或赎回时应支付或应获得的现金差额根据 最小申购赎回单位对应的现金差额、申购或赎回的基金份额数计算 57、元：指人民币元 58、流动性受限资产：指由于法律法规、监管、合同或操作障碍等原因无法以合理价格 予以变现的资产，包括但不限于到期日在10个交易日以上的逆回购与银行定期存款（含协 议约定有条件提前支取的银行存款） 、停牌股票、流通受限的新股及非公开发行股票、资产 支持证券、因发行人债务违约无法进行转让或交易的债券等 59、基金,/Users/ellis/工具程序开发/港股通逐标的分析/临时数据/159954/159954_更新招募说明书_20260225.txt
187,159636,工银瑞信国证港股通科技30ETF,工银瑞信国证港股通科技交易型开放式指数证券投资基金更新的招募说明书(2026年第3号),2026-06-11,、现金替代、现金差额及其他对价的交收适用深 圳证券交易所、登记机构的相关规定和参与各方相关协议的有关规定。 本基金现金申购业务中的现金替代采用实时逐笔全额结算（RTGS）与日终逐笔全额非担 保交收的方式处理；现金赎回业务涉及的现金替代采用代收代付处理；现金申购、赎回业务 涉及的现金差额和现金替代退补款采用代收代付处理。 投资者 T 日提交的现金申购申请受理后，日间完成 RTGS 交收部分，登记机构在 T 日日 间实时为该投资者办理基金份额登记以及现金替代的交收；日间未完成 RTGS 交收部分，登 记机构在 T 日日终为投资者办理基金份额登记与现金替代的交收，并将结果发送给申购赎回 工银瑞信国证港股通科技交易型开放式指数证券投资基金 更新的招募说明书 25 代理券商、基金管理人和基,,申购替代金额的处理程序 基金管理人在 T 日以收到的替代金额代投资者买入被替代证券。基金管理人有权根据基 金投资的需要自主决定不买入部分被替代证券，或者不进行任何买入被替代证券的操作。正 常情况下，对于确认成功的 T 日申购申请，基金管理人根据 T 日所购入的被替代证券的实际 单位购入成本（包括买入价格与相关费用，折算为人民币）和未买入的被替代证券 T 日收盘 价（折算为人民币，被替代证券当日在证券交易所无交易的，取最近交易日的收盘价；交易 日无收盘价的，取最后成交价）计算被替代证券的单位结算成本，在此基础上根据替代证券 数量和申购替代金额确定基金应退还投资者或投资者应补交的款项。T+6 日（指开放日）内， 基金管理人将应退款和补款的明细及汇总数据发送给登记机构，登记机构办理现金替代多退 少补资金的清算，并将结果发送给相关申购赎回代理券商和基金托管人，相关款项的交收于 数据发送日完成。 工银瑞信国证港股通科技交易型开放式指数证券投资基金 更新的招募说明书 28 如遇港股通临时停市、港股通交易每日额度不足等特殊情况，组合证券的代理买入及结 算价格可依次顺延至下一港股通交易日直至交易正常。如遇证券长期停牌、流动性不足等可 能导致收盘价或最后成交价不公允的特殊情况，可参照证券的估值价格，对结算价格进行调 整，如果基金管理人认为该证券复牌后的价格可能存在较大波动，且可能对基金资产净值产 生较大影响，为了更好的维护基金份额持有人利益，该证券对应的现金替代款的清算交收可 在其复牌后按照实际交易成本办理。在此期间若该证券发生除息、送股（转增）、配股等重 要权益变动，则进行相应调整。 3）赎回替代金额的处理程序 基金管理人在 T 日根据赎回申请代投资者卖出被替代证券。基金管理人有权根据基金 投资的需要自主决定不卖出部分被替代证券，或者不进行任何卖出被替代证券的操作。正常 情况下，对于确认成功的 T 日赎回申请，基金管理人根据 T 日所卖出的被替代证券的实际单 位卖出金额（扣除相关费用，折算为人民币）和未卖出的被替代证券的 T 日收盘价（折算为 人民币，被替代证券当日在证券交易所无交易的，取最近交易日的收盘价；交易日无收盘价 的，取最后成交价）计算被替代证券的单位结算金额，在此基础上根据替代证券数量确定赎 回替代金额。T+6 日（指开放日）内，基金管理人将应支付的赎回替代金额的明细及汇总数 据发送给登记机构，登记机构办理赎回替代金额的清算，并将结果发送给相关申购赎回代理 券商和基金托管人，相关款项的交收于数据发送日完成。 如遇港股通临时停市等特殊情况，组合证券的代理卖出及结算价格可依次顺延至下一港 股通交易日直至交易正常。如遇证券长期停牌、流动性不足等可能导致收盘价或最后成交价 不公允的特殊情况，可参照证券的估值价格，对结算价格进行调整，如果基金管理人认为该 证券复牌后的价格,替代金额的处理程序 基金管理人在 T 日以收到的替代金额代投资者买入被替代证券。基金管理人有权根据基 金投资的需要自主决定不买入部分被替代证券，或者不进行任何买入被替代证券的操作。正 常情况下，对于确认成功的 T 日申购申请，基金管理人根据 T 日所购入的被替代证券的实际 单位购入成本（包括买入价格与相关费用，折算为人民币）和未买入的被替代证券 T 日收盘 价（折算为人民币，被替代证券当日在证券交易所无交易的，取最近交易日的收盘价；交易 日无收盘价的，取最后成交价）计算被替代证券的单位结算成本，在此基础上根据替代证券 数量和申购替代金额确定基金应退还投资者或投资者应补交的款项。T+6 日（指开放日）内， 基金管理人将应退款和补款的明细及汇总数据发送给登记机构，登记机构办理现金替代多退 少补资金的清算，并将结果发送给相关申购赎回代理券商和基金托管人，相关款项的交收于 数据发送日完成。 工银瑞信国证港股通科技交易型开放式指数证券投资基金 更新的招募说明书 28 如遇港股通临时停市、港股通交易每日额度不足等特殊情况，组合证券的代理买入及结 算价格可依次顺延至下一港股通交易日直至交易正常。如遇证券长期停牌、流动性不足等可 能导致收盘价或最后成交价不公允的特殊情况，可参照证券的估值价格，对结算价格进行调 整，如果基金管理人认为该证券复牌后的价格可能存在较大波动，且可能对基金资产净值产 生较大影响，为了更好的维护基金份额持有人利益，该证券对应的现金替代款的清算交收可 在其复牌后按照实际交易成本办理。在此期间若该证券发生除息、送股（转增）、配股等重 要权益变动，则进行相应调整。 3）赎回替代金额的处理程序 基金管理人在 T 日根据赎回申请代投资者卖出被替代证券。基金管理人有权根据基金 投资的需要自主决定不卖出部分被替代证券，或者不进行任何卖出被替代证券的操作。正常 情况下，对于确认成功的 T 日赎回申请，基金管理人根据 T 日所卖出的被替代证券的实际单 位卖出金额（扣除相关费用，折算为人民币）和未卖出的被替代证券的 T 日收盘价（折算为 人民币，被替代证券当日在证券交易所无交易的，取最近交易日的收盘价；交易日无收盘价 的，取最后成交价）计算被替代证券的单位结算金额，在此基础上根据替代证券数量确定赎 回替代金额。T+6 日（指开放日）内，基金管理人将应支付的赎回替代金额的明细及汇总数 据发送给登记机构，登记机构办理赎回替代金额的清算，并将结果发送给相关申购赎回代理 券商和基金托管人，相关款项的交收于数据发送日完成。 如遇港股通临时停市等特殊情况，组合证券的代理卖出及结算价格可依次顺延至下一港 股通交易日直至交易正常。如遇证券长期停牌、流动性不足等可能导致收盘价或最后成交价 不公允的特殊情况，可参照证券的估值价格，对结算价格进行调整，如果基金管理人认为该 证券复牌后的价格可能,对价等信息的文件 46、组合证券：指本基金标的指数所包含的全部或部分证券 47、申购对价：指投资者申购基金份额时，按基金合同和招募说明书规定应交付的现金 替代、现金差额及其他对价 48、赎回对价：指基金份额持有人赎回基金份额时，基金管理人按基金合同和招募说明 书规定应交付给赎回人的现金替代、现金差额及其他对价 49、标的指数：本基金标的指数为国证港股通科技指数，及其未来可能发生的变更 50、现金替代：指申购、赎回过程中，投资人按基金合同和招募说明书的规定，用于替 代组合证券中全部或部分证券的一定数量的现金 51、现金差额：指最小申购赎回单位的资产净值与按当日收盘价计算的最小申购赎回单 位中的组合证券市值和现金替代之差；投资人申购或赎回时应支付或应获得的现金差额根据 最小申购赎回单位对应的现金差额、申购或赎回的基金份额数计算 工银瑞信国证港股通科技交易型开放式指数证券投资基金 更新的招募说明书 5 52、预估现金差额：指由基金管理人估计并在 T 日申购赎回清单中公布的当日现金差额 的估计值，预估现金差额由申购赎回代理券商预先冻结 53、最小申购赎回单位：指本基金申购份额、赎回份额的最低数量，投资者申购或赎回 的基金份额应为最小申购赎回单位的整数倍 54、基金份额参考净值：指基金管理人或基金管理人委托的机构在开市后计算并由深圳 证券交易所发布的基金份额参考净值，简称 IOPV 55、基金份额折算：指基金管理人根据基金运作的需要，在基金资产净值不变的前提下， 按照一定比例调整基金份额总额及基金份额净值的行为 56、元：指人民币元 57、基金收益：指基金,/Users/ellis/工具程序开发/港股通逐标的分析/临时数据/159636/159636_更新招募说明书_20260611.txt
188,159191,易方达国证港股通科技ETF,易方达国证港股通科技交易型开放式指数证券投资基金招募说明书,2026-02-28,结算风险、基金投资非公开信息泄露的风险等。 7、在目前结算规则下，投资者当日申购的基金份额，清算交收完成后方可卖出和赎 回，即 T 日申购的基金份额且日间完成 RTGS（实时逐笔全额结算）交收的，T 日可卖出和 赎回，而 T 日申购的基金份额且日终完成逐笔全额非担保交收的，T+1 日方可卖出和赎回； T 日竞价买入的基金份额，T 日可以卖出或赎回；T 日大宗买入的基金份额，T 日可以大宗 卖出，T+1 日可以竞价卖出或赎回。 投资者投资于本基金前请认真阅读证券交易所和登记结算机构关于 ETF 的相关业务规 则及其不时的更新，确保具备相关专业知识、清楚了解相关规则流程后方可参与本基金的 认购、申购、赎回及交易。投资者一旦认购、申购或赎回本基金，即表示对基金认购、申 购和赎回所涉及的,券一般是由于标的指数调整，即将被剔除的成份证券； 或处于停牌的成份证券；或法律法规限制投资的成份证券；或基金管理人出于保护持有人 利益原则等原因认为有必要实行必须现金替代的成份证券。 2）替代金额：对于必须现金替代的证券，基金管理人将在申购赎回清单中公告替代的 一定数量的现金。必须替代金额的计算方法为申购赎回清单中该证券的数量乘以该证券调 整后 T 日开盘参考价并按照 T-1 日估值汇率换算或基金管理人认为合理的其他方法。 （4）在系统支持的情况下，对于 T 日的申购赎回申请，基金管理人有权进行轧差处理， 针对净申购，购入净申购份额对应的组合证券中被替代的成份证券，针对净赎回，卖出净 赎回份额对应的组合证券中被替代的成份证券，基金管理人有权购入或者卖出不等于轧差 处理后的上述被替代的成份证券的任意数量。 （5）基金管理人可根据运作情况调整代理申赎投资者买券卖券的相关规则并按规定公 告。 （6）未来如相关证券的交易、结算规则发生改变，或深圳证券交易所、登记结算机构 40 有关申购赎回交易结算规则发生改变，或基金管理人与基金托管人之间的结算相关安排发 生改变等，基金管理人可对上述相关现金替代处理规则进行调整，并按规定公告。 5、预估现金差额相关内容 预估现金差额是指为便于计算基金份额参考净值及申购赎回代理券商预先冻结申请申 购、赎回的投资者的相应资金，由基金管理人计算的现金数额。 T 日申购赎回清单中公告 T 日预估现金差额。其计算公式为： T 日预估现金差额＝T-1 日最小申购、赎回单位的基金资产净值－（申购赎回清单中必 须现金替代成份证券的替代金额+申购赎回清单中可以现金替代成份证券的数量、该证券调 整后 T 日开盘参考价以及 T-1 日估值汇率的相乘之和） 其中，该证券调整后,申购替代金额的处理程序 T 日，基金管理人在申购赎回清单中公布申购现金替代保证金率，并据此收取替代金 额。 基金管理人在 T 日内购入组合证券中被替代的成份证券。基金管理人有权在 T 日内任 意时刻，以收到的申购替代金额代投资者购入组合证券中被替代的成份证券的任意数量。 正常情况下，对于确认成功的 T 日申购申请，基金管理人根据 T 日所购入的被替代证券的 实际单位购入成本（包括买入价格与相关费用，折算为人民币）和未购入的被替代证券 T 日收盘价（折算为人民币，被替代证券当日在证券交易所无交易的，取最近交易日的收盘 价；交易日无收盘价的，取最后成交价）计算被替代证券的单位结算成本，在此基础上根 据替代证券数量和申购替代金额确定基金应退还投资者或投资者应补交的款项。T 日后的 3 个港股通交易日内，基金管理人将成份证券的应退款或补款与相关申购赎回代理券商办理 交收，当交收期间出现港股通交易日为非港股通交收日时，款项交收日期顺延。若发生特 殊情况，基金管理人可以对交收日期进行相应调整。 如遇港股通临时停市、港股通交易当日额度使用完毕而暂停或停止接受买入申报等特 殊情况，基金管理人可考虑根据实际情况将成份证券的代理买入及结算价格顺延至下一港 股通交易日直至交易正常。如遇成份证券长期停牌、流动性不足等可能导致收盘价或最后 成交价不公允的特殊情况，可参照证券的估值价格，对结算价格进行调整，如果基金管理 人认为该证券复牌后的价格可能存在较大波动，且可能对基金资产净值产生较大影响，为 了更好的维护持有人利益，该证券对应的现金替代退补款的清算交收可按照其复牌后实际 交易成本或者基金管理人认为合理的价格办理。在此期间若该证券发生除息、送股（转 增）、配股等重要权益变动，则进行相应调整。 4）赎回替代金额的处理程序 基金管理人在 T 日内卖出组合证券中被替代的成份证券。基金管理人有权在 T 日内任 39 意时刻代投资者卖出组合证券中被替代的成份证券的任意数量。正常情况下，对于确认成 功的 T 日赎回申请，基金管理人根据 T 日所卖出的被替代证券的实际单位卖出金额（扣除 相关费用，折算为人民币）和未卖出的被替代证券 T 日收盘价（折算为人民币，被替代证 券当日在证券交易所无交易的，取最近交易日的收盘价；交易日无收盘价的，取最后成交 价）计算被替代证券的单位结算金额，在此基础上根据替代证券数量确定赎回替代金额。T 日后的第 3 个港股通交易日后的 1 个工作日内，基金管理人将应支付的成份证券赎回替代 金额与相关申购赎回代理券商办理交收，当交收期间出现港股通交易日为非港股通交收日 时，款项交收日期顺延。若发生特殊情况，基金管理人可以对交收日期进行相应调整。 如遇港股通临时停市等特殊情况，成份证券的代理卖出及结算价格可依次顺延至下一 港股通交易日直至交易正常。如遇成份证券长期停牌、流动,替代金额的处理程序 T 日，基金管理人在申购赎回清单中公布申购现金替代保证金率，并据此收取替代金 额。 基金管理人在 T 日内购入组合证券中被替代的成份证券。基金管理人有权在 T 日内任 意时刻，以收到的申购替代金额代投资者购入组合证券中被替代的成份证券的任意数量。 正常情况下，对于确认成功的 T 日申购申请，基金管理人根据 T 日所购入的被替代证券的 实际单位购入成本（包括买入价格与相关费用，折算为人民币）和未购入的被替代证券 T 日收盘价（折算为人民币，被替代证券当日在证券交易所无交易的，取最近交易日的收盘 价；交易日无收盘价的，取最后成交价）计算被替代证券的单位结算成本，在此基础上根 据替代证券数量和申购替代金额确定基金应退还投资者或投资者应补交的款项。T 日后的 3 个港股通交易日内，基金管理人将成份证券的应退款或补款与相关申购赎回代理券商办理 交收，当交收期间出现港股通交易日为非港股通交收日时，款项交收日期顺延。若发生特 殊情况，基金管理人可以对交收日期进行相应调整。 如遇港股通临时停市、港股通交易当日额度使用完毕而暂停或停止接受买入申报等特 殊情况，基金管理人可考虑根据实际情况将成份证券的代理买入及结算价格顺延至下一港 股通交易日直至交易正常。如遇成份证券长期停牌、流动性不足等可能导致收盘价或最后 成交价不公允的特殊情况，可参照证券的估值价格，对结算价格进行调整，如果基金管理 人认为该证券复牌后的价格可能存在较大波动，且可能对基金资产净值产生较大影响，为 了更好的维护持有人利益，该证券对应的现金替代退补款的清算交收可按照其复牌后实际 交易成本或者基金管理人认为合理的价格办理。在此期间若该证券发生除息、送股（转 增）、配股等重要权益变动，则进行相应调整。 4）赎回替代金额的处理程序 基金管理人在 T 日内卖出组合证券中被替代的成份证券。基金管理人有权在 T 日内任 39 意时刻代投资者卖出组合证券中被替代的成份证券的任意数量。正常情况下，对于确认成 功的 T 日赎回申请，基金管理人根据 T 日所卖出的被替代证券的实际单位卖出金额（扣除 相关费用，折算为人民币）和未卖出的被替代证券 T 日收盘价（折算为人民币，被替代证 券当日在证券交易所无交易的，取最近交易日的收盘价；交易日无收盘价的，取最后成交 价）计算被替代证券的单位结算金额，在此基础上根据替代证券数量确定赎回替代金额。T 日后的第 3 个港股通交易日后的 1 个工作日内，基金管理人将应支付的成份证券赎回替代 金额与相关申购赎回代理券商办理交收，当交收期间出现港股通交易日为非港股通交收日 时，款项交收日期顺延。若发生特殊情况，基金管理人可以对交收日期进行相应调整。 如遇港股通临时停市等特殊情况，成份证券的代理卖出及结算价格可依次顺延至下一 港股通交易日直至交易正常。如遇成份证券长期停牌、流动性不,规则流程后方可参与本基金的 认购、申购、赎回及交易。投资者一旦认购、申购或赎回本基金，即表示对基金认购、申 购和赎回所涉及的登记方式以及申购赎回所涉及现金替代、现金差额等相关的交收方式及 业务规则已经认可。 8、基金管理人提醒投资者基金投资的“买者自负”原则，在投资者作出投资决策后， 基金运营状况与基金净值变化引致的投资风险，由投资者自行负责。此外，本基金以 1 元 初始面值进行募集，在市场波动等因素的影响下，存在单位份额净值跌破 1 元初始面值的 风险。 9、基金不同于银行储蓄，基金投资人投资于基金有可能获得较高的收益，也有可能 损失本金。投资有风险，投资人在进行投资决策前，请仔细阅读本基金的《招募说明书》 及《基金合同》。 10、基金的过往业绩并不预示其未来表现，基金管理人管理的其他基金的业绩并不构 成对本基金表现的保证。 目 录 第一部分 绪 言 .................................................... 1 第二部分 释 义 .................................................... 2 第三部分 基金管理人 ................................................ 7 第四部分 基金托管人 ............................................... 20 第五部分 相关服务机构 ............................................. 2,/Users/ellis/工具程序开发/港股通逐标的分析/临时数据/159191/159191_招募说明书_20260228.txt
189,513320,易方达恒生港股通新经济ETF,易方达恒生港股通新经济交易型开放式指数证券投资基金更新的招募说明书,2026-08-29,金产品资料概要。 5、根据本基金现行适用的清算交收和申赎处理规则，投资者当日申购的基金份额，清 算交收完成后方可卖出和赎回，即 T 日申购的基金份额且日间完成 RTGS（实时逐笔全额结 算） 交收的，T 日可卖出和赎回， 而T 日申购的基金份额且日终完成逐笔全额非担保交收的， T+1 日方可卖出和赎回；T 日买入的基金份额，T 日可以赎回或卖出。 投资者投资于本基金前请认真阅读证券交易所和登记结算机构关于 ETF 的相关业务规 则及其不时的更新，确保具备相关专业知识、清楚了解相关规则流程后方可参与本基金的 认购、申购、赎回及交易。投资者一旦认购、申购或赎回本基 金，即表示对基金认购、申 购和赎回所涉及的登记方式以及申购赎回所涉及现金替代、现金差额等相关的交收方式及 业务规则已经认,除的成份证券； 或处于停牌的成份证券； 或法律法规限制投资的成份证券； 或基金管理人出于保护持有人利 益原则等原因认为有必要实行必须现金替代的成份证券。 2）替代金额：对于必须现金替代的证券，基金管理人将在申购赎回清单中公告替代的 一定数量的现金， 即“固定替代金额”。 固定替代金额的计算方法为申购赎回清单中该证券的 数量乘以该证券调整后 T 日开盘参考价并按照 T-1 日估值汇率换算或基金管理人认为合理 的其他方法。 （4） 在系统支持的情况下， 对于T 日的申购赎回申请， 基金管理人有权进行轧差处理， 针对净申购， 购入净申购份额对应的组合证券中被替代的成份证券， 针对净赎回， 卖出净赎 回份额对应的组合证券中被替代的成份证券， 基金管理人有权购入或者卖出不等于轧差处理 后的上述被替代的成份证券的任意数量。 （5）基金管理人可根据运作情况调整代理申赎投资者买券卖券的相关规则并按规定公 告。 （6）未来如相关证券的交易、结算规则发生改变，或上海证券交易所、登记结算机构 有关申购赎回交易结算规则发生改变， 或基金管理人与基金托管人之间的结算相关安排发生 改变等，基金管理人可对上述相关现金替代处理规则进行调整，并按规定公告。 4、预估现金部分相关内容 预估现金部分是指为便于计算基金份额参考净值及申购赎回代理券商预先冻结申请申 购、赎回的投资者的相应资金，由基金管理人计算的现金数额。T 日申购赎回清单中公告 T 日预估现金部分。其计算公式为： T 日预估现金部分＝T-1 日最小申购、赎回单位的基金资产净值－（申购赎回清单中必 须现金替代成份证券的替代金额＋申购赎回清单中可以现金替代成份证券的数量、 该证券调 整后 T 日开盘参考价以及 T-1 日估值汇率的相乘之和） 40 其中， 该,申购现金替代保证金的处理程序 T 日， 基金管理人在申购赎回清单中公布申购现金替代溢价比率， 并据此收取申购现金 替代保证金。基金管理人在T 日内购入组合证券中被替代的成份证券。基金管理人有权在T 38 日内任意时刻， 以收到的申购替代金额代投资者购入组合证券中被替代的成份证券的任意数 量。正常情况下，对于确认成功的 T 日申购申请，基金管理人根据 T 日所购入的被替代证 券的实际单位购入成本 （包括买入价格与相关费用， 折算为人民币） 和未购入的被替代证券 T 日收盘价（折算为人民币，被替代证券当日在证券交易所无交易的，取最近交易日的收盘 价； 交易日无收盘价的， 取最后成交价） 计算被替代证券的单位结算成本， 在此基础上根据 替代证券数量和申购现金替代保证金确定基金应退还投资者或投资者应补交的款项。T 日后 的四个港股通交易日内， 基金管理人将成份证券的应退款或补款与相关申购赎回代理券商办 理交收， 当交收期间出现港股通交易日为非港股通交收日时， 款项交收日期顺延。 若发生特 殊情况，基金管理人可以对交收日期进行相应调整。 如遇港股通临时停市、 港股通交易当日额度使用完毕而暂停或停止接受买入申报等特殊 情况， 基金管理人可考虑根据实际情况将成份证券的代理买入及结算价格顺延至下一港股通 交易日直至交易正常。 如遇成份证券长期停牌、 流动性不足等可能导致收盘价或最后成交价 不公允的特殊情况， 可参照证券的估值价格， 对结算价格进行调整， 如果基金管理人认为该 证券复牌后的价格可能存在较大波动， 且可能对基金资产净值产生较大影响， 为了更好的维 护持有人利益， 该证券对应的现金替代退补款的清算交收可按照其复牌后实际交易成本或者 基金管理人认为合理的价格办理。在此期间若该证券发生除息、送股（转增）、配股等重要 权益变动，则进行相应调整。 4）赎回替代金额的处理程序 基金管理人在 T 日内卖出组合证券中被替代的成份证券。 基金管理人有权在T 日内任意 时刻代投资者卖出组合证券中被替代的成份证券的任意数量。 正常情况下， 对于确认成功的 T 日赎回申请，基金管理人根据T 日所卖出的被替代证券的实际单位卖出金额（扣除相关费 用， 折算为人民币） 和未卖出的被替代证券T 日收盘价 （折算为人民币， 被替代证券当日在 证券交易所无交易的， 取最近交易日的收盘价； 交易日无收盘价的， 取最后成交价） 计算被 替代证券的单位结算金额，在此基础上根据替代证券数量确定赎回替代金额。T 日后的第四 个港股通交易日后的一个工作日内， 基金管理人将应支付的成份证券赎回替代金额与相关申 购赎回代理券商办理交收， 当交收期间出现港股通交易日为非港股通交收日时， 款项交收日 期顺延。若发生特殊情况，基金管理人可以对交收日期进行相应调整。 如遇港股通临时停市等特殊情况， 成份证券的代理卖出及结,赎回替代金额的处理程序 基金管理人在 T 日内卖出组合证券中被替代的成份证券。 基金管理人有权在T 日内任意 时刻代投资者卖出组合证券中被替代的成份证券的任意数量。 正常情况下， 对于确认成功的 T 日赎回申请，基金管理人根据T 日所卖出的被替代证券的实际单位卖出金额（扣除相关费 用， 折算为人民币） 和未卖出的被替代证券T 日收盘价 （折算为人民币， 被替代证券当日在 证券交易所无交易的， 取最近交易日的收盘价； 交易日无收盘价的， 取最后成交价） 计算被 替代证券的单位结算金额，在此基础上根据替代证券数量确定赎回替代金额。T 日后的第四 个港股通交易日后的一个工作日内， 基金管理人将应支付的成份证券赎回替代金额与相关申 购赎回代理券商办理交收， 当交收期间出现港股通交易日为非港股通交收日时， 款项交收日 期顺延。若发生特殊情况，基金管理人可以对交收日期进行相应调整。 如遇港股通临时停市等特殊情况， 成份证券的代理卖出及结算价格可依次顺延至下一港 股通交易日直至交易正常。 如遇成份证券长期停牌、 流动性不足等可能导致收盘价或最后成 39 交价不公允的特殊情况， 可参照证券的估值价格， 对结算价格进行调整， 如果基金管理人认 为该证券复牌后的价格可能存在较大波动， 且可能对基金资产净值产生较大影响， 为了更好 的维护持有人利益， 该证券对应的现金替代款的清算交收可按照其复牌后实际交易成本或者 基金管理人认为合理的价格办理。在此期间若该证券发生除息、送股（转增）、配股等重要 权益变动，则进行相应调整。 （3）必须现金替代 1） 适用情形： 必须现金替代的证券一般是由于标的指数调整， 即将被剔除的成份证券； 或处于停牌的成份证券； 或法律法规限制投资的成份证券； 或基金管理人出于保护持有人利 益原则等原因认为有必要实行必须现金替代的成份证券。 2）替代金额：对于必须现金替代的证券，基金管理人将在申购赎回清单中公告替代的 一定数量的现金， 即“固定替代金额”。 固定替代金额的计算方法为申购赎回清单中该证券的 数量乘以该证券调整后 T 日开盘参考价并按照 T-1 日估值汇率换算或基金管理人认为合理 的其他方法。 （4） 在系统支持的情况下， 对于T 日的申购赎回申请， 基金管理人有权进行轧差处理， 针对净申购， 购入净申购份额对应的组合证券中被替代的成份证券， 针对净赎回， 卖出净赎 回份额对应的组合证券中被替代的成份证券， 基金管理人有权购入或者卖出不等于轧差处理 后的上述被替代的成份证券的任意数量。 （5）基金管理人可根据运作情况调整代理申赎投资者买券卖券的相关规则并按规定公 告。 （6）未来如相关证券的交易、结算规则发生改变，或上海证券交易所、登记结算机构 有关申购赎回交易结算规则发生改变， 或基金管理人与基金托管人之间的结算相关安排发生 改变等，基金管理人可,则流程后方可参与本基金的 认购、申购、赎回及交易。投资者一旦认购、申购或赎回本基 金，即表示对基金认购、申 购和赎回所涉及的登记方式以及申购赎回所涉及现金替代、现金差额等相关的交收方式及 业务规则已经认可。 6、基金的过往业绩并不预示其未来表现，基金管理人管理的其他基金的业绩并不构成 对本基金表现的保证。 本基金有关财务数据截止日为 2026 年 6 月 30 日，净值表现截止日为 2026 年 6 月 30 日，主要人员情况截止日为 2026 年 8 月 28 日，除非另有说明，本招募说明书其他所载内 容截止日为 2026 年7 月16 日。（本报告中财务数据未经审计） I 目 录 一、绪 言.......................................................... 1 二、释 义.......................................................... 2 三、基金管理人...................................................... 7 四、基金托管人..................................................... 20 五、相关服务机构................................................... 27 六、基金的募集..................................................... 29 七,/Users/ellis/工具程序开发/港股通逐标的分析/临时数据/513320/513320_更新招募说明书_20260829.txt
190,513900,华安CES港股通精选100ETF,华安CES港股通精选100交易型开放式指数证券投资基金更新的招募说明书(2025年第4号),2025-11-13,造成的损失，由投资人自行承担。 3、申购和赎回的清算交收与登记 本基金申购业务采用实时逐笔全额结算（Real Time Gross Settlement， 简称RTGS）模式；赎回业务涉及的现金替代采用代收代付处理；申购、赎回业 务涉及的现金差额和现金替代退补款采用代收代付处理。 1）申购的清算交收 投资者 T 日申购后，如交易记录已勾单且申购资金足额的，登记机构在 T 日日间实时办理基金份额及现金替代的交收；T 日日间未进行勾单确认或日间 资金不足的，登记机构在 T 日日终根据资金是否足额办理基金份额及现金替代 的清算交收，并将结果发送给基金管理人、申购赎回代理券商和基金托管人。 基金管理人在 T+1 日内办理现金差额的清算，在 T+2 日内办理现金差额的交收。 2）赎回的清算,，则进行相应调整。 ⑤未来如港股通的交易、结算规则发生改变，或上海证券交易所、登记机 构 ETF 申购赎回交易结算规则发生改变，或基金管理人与基金托管人之间的 结算相关安排发生改变，基金管理人可对可以现金替代处理规则进行调整，并 按规定公告。 第 47 页 共 140 页 在系统支持的情况下，对于 T 日的申购赎回申请，基金管理人有权进行轧 差处理，针对净申购，购入净申购份额对应的组合证券中被替代的股票，针对 净赎回，卖出净赎回份额对应的组合证券中被替代的股票，基金管理人有权购 入或者卖出不等于轧差处理后的上述被替代的股票的任意数量。 （3）必须现金替代 ①适用情形：必须现金替代的证券一般是由于标的指数调整，即将被剔除 的成份证券；或法律法规限制投资的证券；或基金管理人出于保护基金份额持 有人利益等原因认为有必要实行必须现金替代的成份证券。 ②替代金额：对于必须现金替代的证券，基金管理人将在申购、赎回清单 中公告替代的一定数量的现金，即“固定替代金额”。固定替代金额的计算方 法为申购、赎回清单中该证券的数量乘以其 T 日预计开盘价并按照 T-1 日估值 汇率换算或基金管理人认为合理的其他方法。 （4）基金管理人可根据运作情况调整代理申赎投资者买券卖券的相关规则 并按规定公告。 4、预估现金部分相关内容 预估现金部分是指为便于计算基金份额参考净值及申购赎回代理机构预先 冻结申请申购、赎回的投资者的相应资金，由基金管理人计算的现金数额。 T 日申购、赎回清单中公告 T 日预估现金部分。其计算公式为： T 日预估现金部分＝T-1 日最小申购、赎回单位的基金资产净值－（申购、 赎回清单中必须现金替代成份证券的替代金额＋申购、赎回清单中可以现金替 代成份证券的数量、T 日预计开盘价以及 T,申购现金替代保证金的处理程序 对于确认成功的 T 日申购申请，基金管理人在收到申购确认信息后，根据 申购申请代理买入被替代证券。基金管理人有权在 T 日内任意时刻以收到的申 购现金替代保证金代投资者买入小于或等于被替代证券数量的任意数量的被替 代证券。基金管理人有权根据基金投资的需要自主决定不买入部分被替代证券， 或者不进行任何买入证券的操作。T 日日终，基金管理人根据所购入的被替代 证券的实际单位购入成本（包括买入价格与相关费用）和未买入的被替代证券 的T 日收盘价（折算为人民币，目前折算汇率采用 T 日估值汇率，基金管理人 可根据情况调整所使用的折算汇率，并及时公告；被替代证券 T 日在证券交易 所无交易的，取最近交易日的收盘价，交易日无收盘价的，取最后成交价）计 算被替代证券的单位结算成本，在此基础上根据替代证券数量和申购现金替代 保证金确定基金应退还投资者或投资者应补交的款项。T 日后的 3 个港股通交 易日内，基金管理人将应退款或补款与相关申购赎回代理机构办理交收。若发 生特殊情况，基金管理人可以对交收日期进行相应调整。 如遇港股通临时停市、港股通交易每日额度或总额度不足等特殊情况，组 合证券的代理买入及结算价格可依次顺延至下一港股通交易日直至交易正常。 如遇证券长期停牌、流动性不足等可能导致收盘价或最后成交价不公允的特殊 第 46 页 共 140 页 情况，可参照证券的估值价格，对结算价格进行调整，如果基金管理人认为该 证券复牌后的价格可能存在较大波动，且可能对基金资产净值产生较大影响， 为了更好的维护持有人利益，该证券对应的现金替代款的清算交收可在其复牌 后按照实际交易成本办理。在此期间若该证券发生除息、送股（转增）、配股 等重要权益变动，则进行相应调整。 ④赎回替代金额的处理程序 对于确认成功的 T 日赎回申请，基金管理人在收到赎回确认信息后，根据 赎回申请代理卖出被替代证券。基金管理人有权在 T 日内任意时刻代投资者卖 出小于或等于被替代证券数量的任意数量的被替代证券。基金管理人有权根据 基金投资的需要自主决定不卖出部分被替代证券，或者不进行任何卖出证券的 操作。T 日日终，基金管理人根据所卖出的被替代证券的实际单位卖出金额 （扣除相关费用）和未卖出的被替代证券的 T 日收盘价（折算为人民币，目前 折算汇率采用T 日估值汇率，基金管理人可根据情况调整所使用的折算汇率， 并及时公告，被替代证券 T 日在证券交易所无交易的，取最近交易日的收盘价， 交易日无收盘价的，取最后成交价）计算被替代证券的单位结算金额，在此基 础上根据替代证券数量确定赎回替代金额。T 日后的第 2 个港股通交收日后 的第2 个工作日内，基金管理人将应支付的赎回替代金额与相关申购赎回代 理机构办理交收。若发生特殊情况，基金管理人可以对交收日期进行相应调整。 如遇港股通临时停,赎回替代金额的处理程序 对于确认成功的 T 日赎回申请，基金管理人在收到赎回确认信息后，根据 赎回申请代理卖出被替代证券。基金管理人有权在 T 日内任意时刻代投资者卖 出小于或等于被替代证券数量的任意数量的被替代证券。基金管理人有权根据 基金投资的需要自主决定不卖出部分被替代证券，或者不进行任何卖出证券的 操作。T 日日终，基金管理人根据所卖出的被替代证券的实际单位卖出金额 （扣除相关费用）和未卖出的被替代证券的 T 日收盘价（折算为人民币，目前 折算汇率采用T 日估值汇率，基金管理人可根据情况调整所使用的折算汇率， 并及时公告，被替代证券 T 日在证券交易所无交易的，取最近交易日的收盘价， 交易日无收盘价的，取最后成交价）计算被替代证券的单位结算金额，在此基 础上根据替代证券数量确定赎回替代金额。T 日后的第 2 个港股通交收日后 的第2 个工作日内，基金管理人将应支付的赎回替代金额与相关申购赎回代 理机构办理交收。若发生特殊情况，基金管理人可以对交收日期进行相应调整。 如遇港股通临时停市等特殊情况，组合证券的代理卖出及结算价格可依次 顺延至下一港股通交易日直至交易正常。如遇证券长期停牌、流动性不足等可 能导致收盘价或最后成交价不公允的特殊情况，可参照证券的估值价格，对结 算价格进行调整，如果基金管理人认为该证券复牌后的价格可能存在较大波动， 且可能对基金资产净值产生较大影响，为了更好的维护持有人利益，该证券对 应的现金替代款的清算交收可在其复牌后按照实际交易成本办理。在此期间若 该证券发生除息、送股（转增）、配股等重要权益变动，则进行相应调整。 ⑤未来如港股通的交易、结算规则发生改变，或上海证券交易所、登记机 构 ETF 申购赎回交易结算规则发生改变，或基金管理人与基金托管人之间的 结算相关安排发生改变，基金管理人可对可以现金替代处理规则进行调整，并 按规定公告。 第 47 页 共 140 页 在系统支持的情况下，对于 T 日的申购赎回申请，基金管理人有权进行轧 差处理，针对净申购，购入净申购份额对应的组合证券中被替代的股票，针对 净赎回，卖出净赎回份额对应的组合证券中被替代的股票，基金管理人有权购 入或者卖出不等于轧差处理后的上述被替代的股票的任意数量。 （3）必须现金替代 ①适用情形：必须现金替代的证券一般是由于标的指数调整，即将被剔除 的成份证券；或法律法规限制投资的证券；或基金管理人出于保护基金份额持 有人利益等原因认为有必要实行必须现金替代的成份证券。 ②替代金额：对于必须现金替代的证券，基金管理人将在申购、赎回清单 中公告替代的一定数量的现金，即“固定替代金额”。固定替代金额的计算方 法为申购、赎回清单中该证券的数量乘以其 T 日预计开盘价并按照 T-1 日估值 汇率换算或基金管理人认为合理的其他方法。 （4）基金管理人可根据运作情况调整代理,金管理人编制的用以公告场内申购对价、场 内赎回对价等信息的文件 52、申购对价：指投资者申购基金份额时，按基金合同和招募说明书规定 应交付的组合证券、现金替代、现金差额和/或其他对价 53、赎回对价：指基金份额持有人赎回基金份额时，基金管理人按基金合 同和招募说明书规定应交付给该基金份额持有人的组合证券、现金替代、现金 差额和/或其他对价 第 10 页 共 140 页 54、标的指数：指本基金跟踪的基准指数，是由中华证券交易服务有限公 司发布的中华交易服务港股通精选 100 指数及其未来可能发生的变更 55、最小申购、赎回单位：指本基金申购份额、赎回份额的最低数量，投 资者申购、赎回的基金份额应为最小申购、赎回单位的整数倍 56、组合证券：指本基金标的指数所包含的全部或部分证券 57、现金替代：指申购、赎回过程中，投资者按基金合同和招募说明书的 规定，用于替代组合证券中部分证券的一定数量的现金 58、现金差额：指申购、赎回过程中，最小申购、赎回单位的资产净值与 按当日收盘价计算的最小申购、赎回单位中的组合证券市值和现金替代之差； 投资者申购、赎回时应支付或应获得的现金差额根据最小申购、赎回单位对应 的现金差额、申购或赎回的基金份额数计算 59、基金份额参考净值：指上海证券交易所在交易时间内发布的基金管理 人或中证指数有限公司根据申购、赎回清单和组合证券内各只证券的实时成交 数据计算的基金份额参考净值，简称 IOPV 60、预估现金部分：指申购、赎回过程中，为便于计算基金份额参考净值 及申购赎回代理券商预先冻结申请申购、赎回的投资者的相应资金，由基,/Users/ellis/工具程序开发/港股通逐标的分析/临时数据/513900/513900_更新招募说明书_20251113.txt
191,520600,广发中证港股通汽车ETF,广发中证港股通汽车产业主题交易型开放式指数证券投资基金更新的招募说明书,2026-07-06,交收方式已经认可。 根据本基金现行适用的清算交收和申赎处理规则，投资者当日申购的基金份额，清算交 收完成后方可卖出和赎回，即T 日申购的ETF 份额且日间完成 RTGS（实时逐笔全额结算）交 收，T 日可卖出与赎回， 而T 日申购的 ETF 份额且日终完成逐笔全额非担保交收的，T+1 日方 可卖出和赎回；T 日买入的基金份额，T 日可以赎回或卖出。 由于登记结算机构对现金替代采 取非净额结算交收模式，当投资者赎回申请被登记结算机构确认后，被赎回的基 金份额即被 记减，但此时投资者尚未收到赎回现金替代款。投资者投资本基金时需具有证券账户，证券 账户是指上海证券交易所 A 股账户或上海证券交易所证券投资基金账户。 本基金以 1 元初始面值进行募集，在市场波动等因素的影响下，存在单位份,,申购替代金额的处理程序 T 日，基金管理人根据申购赎回清单收取申购现金替代保证金。 对于确认成功的 T 日申购申请，在 T 日内，基金管理人以收到的申购现金替代保证金代 投资者买入被替代证券。在 T 日日终，基金管理人已买入的证券，依据申购现金替代保证金 与被替代证券的实际买入成本（包括买入价格与相关交易费用）的差额，确定基金应退还投 资者或投资者应补交的款项；未买入的证券，依据申购现金替代保证金与被替代证券 T 日收 盘价（需用最新汇率折算为人民币，当日在证券交易所无交易的，取最近交易日的收盘价， 当日无收盘价的，取最后成交价）的差额，确定基金应退还投资者或投资者应补交的款项。 正常情况下，T+3 日（指港股通交易日）内，基金管理人将应退款和补款的明细及汇总 37 数据发送给相关申购赎回代理机构和基金托管人，相关款项的清算交收将于此后 3 个工作日 内完成。 如遇证券长期停牌、流动性不足等特殊情况，可参照证券的估值价格对结算价格进行调 整，如果基金管理人认为该证券复牌后的价格可能存在较大波动，且可能对基金资产净值产 生较大影响，为了更好的维护持有人利益，该证券对应的现金替代退补款的清算交收可在其 复牌后按照实际交易成本办理。在此期间若该证券发生除息、送股（转增） 、配股等重要权益 变动，则进行相应调整。上述汇率目前采用汇率公允价。汇率公允价包括中国人民银行或其 授权机构最新公布的人民币汇率中间价、中国外汇交易中心最新收盘价、与基金托管人商定 的其他公允价格（如：中国人民银行或国家外汇管理局或中国外汇交易中心正式对外发文后 公布的人民币兑主要外汇当日收盘价）等。 ④赎回对应的替代金额的处理程序 对于确认成功的 T 日赎回申请，在 T 日内，基金管理人根据赎回申请代投资者卖出被替 代证券。在 T 日日终，基金管理人已卖出的证券，按照被替代证券的实际卖出金额（扣除相 关费用）确定基金应支付的替代金额；未卖出的证券，按照被替代证券 T 日收盘价（需用最 新汇率折算为人民币，当日在证券交易所无交易的，取最近交易日的收盘价，当日无收盘价 的，取最后成交价）确定基金应支付给投资者的替代金额。 正常情况下，T+7 日（指港股通交易日）内，基金管理人将应支付的替代金额的明细及 汇总数据发送给登记结算机构，登记结算机构办理现金替代资金的清算，并将结果发送给相 关申购赎回代理机构和基金托管人，相关款项的清算交收将于此后 3 个工作日内完成。如遇 证券长期停牌、流动性不足等特殊情况，可参照证券的估值价格，对结算价格进行调整，如 果基金管理人认为该证券复牌后的价格可能存在较大波动，且可能对基金资产净值产生较大 影响，为了更好的维护持有人利益，该证券对应的现金替代款的清算交收可在其复牌后按照 实际交易成本办理。 在此期间若该证券发生除息、送股（转增） 、配股等重要权益变动，则进行相应,替代金额的处理程序 T 日，基金管理人根据申购赎回清单收取申购现金替代保证金。 对于确认成功的 T 日申购申请，在 T 日内，基金管理人以收到的申购现金替代保证金代 投资者买入被替代证券。在 T 日日终，基金管理人已买入的证券，依据申购现金替代保证金 与被替代证券的实际买入成本（包括买入价格与相关交易费用）的差额，确定基金应退还投 资者或投资者应补交的款项；未买入的证券，依据申购现金替代保证金与被替代证券 T 日收 盘价（需用最新汇率折算为人民币，当日在证券交易所无交易的，取最近交易日的收盘价， 当日无收盘价的，取最后成交价）的差额，确定基金应退还投资者或投资者应补交的款项。 正常情况下，T+3 日（指港股通交易日）内，基金管理人将应退款和补款的明细及汇总 37 数据发送给相关申购赎回代理机构和基金托管人，相关款项的清算交收将于此后 3 个工作日 内完成。 如遇证券长期停牌、流动性不足等特殊情况，可参照证券的估值价格对结算价格进行调 整，如果基金管理人认为该证券复牌后的价格可能存在较大波动，且可能对基金资产净值产 生较大影响，为了更好的维护持有人利益，该证券对应的现金替代退补款的清算交收可在其 复牌后按照实际交易成本办理。在此期间若该证券发生除息、送股（转增） 、配股等重要权益 变动，则进行相应调整。上述汇率目前采用汇率公允价。汇率公允价包括中国人民银行或其 授权机构最新公布的人民币汇率中间价、中国外汇交易中心最新收盘价、与基金托管人商定 的其他公允价格（如：中国人民银行或国家外汇管理局或中国外汇交易中心正式对外发文后 公布的人民币兑主要外汇当日收盘价）等。 ④赎回对应的替代金额的处理程序 对于确认成功的 T 日赎回申请，在 T 日内，基金管理人根据赎回申请代投资者卖出被替 代证券。在 T 日日终，基金管理人已卖出的证券，按照被替代证券的实际卖出金额（扣除相 关费用）确定基金应支付的替代金额；未卖出的证券，按照被替代证券 T 日收盘价（需用最 新汇率折算为人民币，当日在证券交易所无交易的，取最近交易日的收盘价，当日无收盘价 的，取最后成交价）确定基金应支付给投资者的替代金额。 正常情况下，T+7 日（指港股通交易日）内，基金管理人将应支付的替代金额的明细及 汇总数据发送给登记结算机构，登记结算机构办理现金替代资金的清算，并将结果发送给相 关申购赎回代理机构和基金托管人，相关款项的清算交收将于此后 3 个工作日内完成。如遇 证券长期停牌、流动性不足等特殊情况，可参照证券的估值价格，对结算价格进行调整，如 果基金管理人认为该证券复牌后的价格可能存在较大波动，且可能对基金资产净值产生较大 影响，为了更好的维护持有人利益，该证券对应的现金替代款的清算交收可在其复牌后按照 实际交易成本办理。 在此期间若该证券发生除息、送股（转增） 、配股等重要权益变动，则进行相应调整,可参与本基金的申购、赎回及交易。投资者一旦认购、申购或赎回本基 金，即表示对基金认购、申购和赎回所涉及的基金份额的证券变更登记方式以及申购赎回所 涉及现金替代、现金差额等相关的交收方式已经认可。 根据本基金现行适用的清算交收和申赎处理规则，投资者当日申购的基金份额，清算交 收完成后方可卖出和赎回，即T 日申购的ETF 份额且日间完成 RTGS（实时逐笔全额结算）交 收，T 日可卖出与赎回， 而T 日申购的 ETF 份额且日终完成逐笔全额非担保交收的，T+1 日方 可卖出和赎回；T 日买入的基金份额，T 日可以赎回或卖出。 由于登记结算机构对现金替代采 取非净额结算交收模式，当投资者赎回申请被登记结算机构确认后，被赎回的基 金份额即被 记减，但此时投资者尚未收到赎回现金替代款。投资者投资本基金时需具有证券账户，证券 账户是指上海证券交易所 A 股账户或上海证券交易所证券投资基金账户。 本基金以 1 元初始面值进行募集，在市场波动等因素的影响下，存在单位份额净值跌破 1 元初始面值的风险。 基金管理人提醒投资人基金投资的 “买者自负” 原则， 在投资人作出投 资决策后，基金运营状况与基金净值变化引致的投资风险，由投资人自行负责。 投资人在进行投资决策前， 请仔细阅读本基金的 《招募说明书》 、 基金产品资料概要及 《基 金合同》 ，自主判断基金的投资价值，自主做出投资决策，自行承担投资风险。 基金的过往业绩并不预示其未来表现，基金管理人管理的其他基金的业绩并不构成对本 基金表现的保证。 本次更新的招募说明书主要对基金管理人、基金托管人、财务数据、净值,/Users/ellis/工具程序开发/港股通逐标的分析/临时数据/520600/520600_更新招募说明书_20260706.txt
192,513560,兴银中证港股通科技ETF,兴银中证港股通科技交易型开放式指数证券投资基金招募说明书(更新)(2026年第1号),2026-02-02,招募书未直接出现 RTGS；按适用的交易所/中国结算跨境 ETF 规则，日间 RTGS 交收，按项目口径 PASS,,申购替代金额的处理程序 对于确认成功的 T 日申购申请，T 日内基金管理人根据申购规模进行组合 证券的代理买入，通常情况下代理买入在 T 日接近收盘时点完成。T 日日终， 基金管理人根据所购入的被替代证券的实际单位购入成本（包括买入价格与相 关费用，折算为人民币）和未买入的被替代证券的 T 日收盘价（折算为人民币， 折算汇率采用当天的估值汇率；T 日在证券交易所无交易的，取最近交易日的 收盘价；交易日无收盘价的，取最后成交价）计算被替代证券的单位结算成本， 在此基础上根据替代证券数量和申购现金替代金额确定基金应退还投资者或投 资者应补交的款项。T 日后的第2 个工作日内，基金管理人将应退款或补款与 相关申购赎回代理机构办理交收。若发生特殊情况，基金管理人可以对交收 日 期进行相应调整。 如遇港股通临时停市、港股通交易每日额度或总额度不足等特殊情况，组 合证券的代理买入及结算价格可依次顺延至下一港股通交易日直至交易正常。 如遇证券长期停牌、流动性不足等可能导致收盘价或最后成交价不公允的特殊 情况，可参照证券的估值价格，对结算价格进行调整，如果基金管理人认为该 证券复牌后的价格可能存在较大波动，且可能对基金资产净值产生较大影响， 为了更好的维护持有人利益，该证券对应的现金替代款的清算交收可在其复牌 后按照实际交易成本办理。在此期间若该证券发生除息、送股（转增）、配股 等重要权益变动，则进行相应调整。 ④赎回替代金额的处理程序 对于确认成功的 T 日赎回申请，T 日内基金管理人根据赎回规模进行组合 证券的代理卖出，通常情况下代理卖出在 T 日接近收盘时点完成。T 日日终， 基金管理人根据所卖出的被替代证券的实际单位卖出金额（扣除相关费用）和 未卖出的被替代证券的 T 日收盘价（折算为人民币，折算汇率采用当天的估值 汇率；被替代证券 T 日在证券交易所无交易的，取最近交易日的收盘价；交易 日无收盘价的，取最后成交价）计算被替代证券的单位结算金额，在此基础上 根据替代证券数量确定赎回替代金额。T 日后的第 2 个港股通交收日后的第 2 个工作日内，基金管理人将应支付的赎回替代金额与相关申购赎回代理机构办 兴银中证港股通科技交易型开放式指数证券投资基金招募说明书（更新） 35 理交收。若发生特殊情况，基金管理人可以对交收日期进行相应调整。 如遇港股通临时停市等特殊情况，组合证券的代理卖出及结算价格可依次 顺延至下一港股通交易日直至交易正常。如遇证券长期停牌、流动性不足等可 能导致收盘价或最后成交价不公允的特殊情况，可参照证券的估值价格，对结 算价格进行调整，如果基金管理人认为该证券复牌后的价格可能存在较大波动， 且可能对基金资产净值产生较大影响，为了更好的维护持有人利益，该证券对 应的现金替代款的清算交收可在其复牌后按照实际交易成本办理。在此期间若 该证券发生除息、送股,替代金额的处理程序 对于确认成功的 T 日申购申请，T 日内基金管理人根据申购规模进行组合 证券的代理买入，通常情况下代理买入在 T 日接近收盘时点完成。T 日日终， 基金管理人根据所购入的被替代证券的实际单位购入成本（包括买入价格与相 关费用，折算为人民币）和未买入的被替代证券的 T 日收盘价（折算为人民币， 折算汇率采用当天的估值汇率；T 日在证券交易所无交易的，取最近交易日的 收盘价；交易日无收盘价的，取最后成交价）计算被替代证券的单位结算成本， 在此基础上根据替代证券数量和申购现金替代金额确定基金应退还投资者或投 资者应补交的款项。T 日后的第2 个工作日内，基金管理人将应退款或补款与 相关申购赎回代理机构办理交收。若发生特殊情况，基金管理人可以对交收 日 期进行相应调整。 如遇港股通临时停市、港股通交易每日额度或总额度不足等特殊情况，组 合证券的代理买入及结算价格可依次顺延至下一港股通交易日直至交易正常。 如遇证券长期停牌、流动性不足等可能导致收盘价或最后成交价不公允的特殊 情况，可参照证券的估值价格，对结算价格进行调整，如果基金管理人认为该 证券复牌后的价格可能存在较大波动，且可能对基金资产净值产生较大影响， 为了更好的维护持有人利益，该证券对应的现金替代款的清算交收可在其复牌 后按照实际交易成本办理。在此期间若该证券发生除息、送股（转增）、配股 等重要权益变动，则进行相应调整。 ④赎回替代金额的处理程序 对于确认成功的 T 日赎回申请，T 日内基金管理人根据赎回规模进行组合 证券的代理卖出，通常情况下代理卖出在 T 日接近收盘时点完成。T 日日终， 基金管理人根据所卖出的被替代证券的实际单位卖出金额（扣除相关费用）和 未卖出的被替代证券的 T 日收盘价（折算为人民币，折算汇率采用当天的估值 汇率；被替代证券 T 日在证券交易所无交易的，取最近交易日的收盘价；交易 日无收盘价的，取最后成交价）计算被替代证券的单位结算金额，在此基础上 根据替代证券数量确定赎回替代金额。T 日后的第 2 个港股通交收日后的第 2 个工作日内，基金管理人将应支付的赎回替代金额与相关申购赎回代理机构办 兴银中证港股通科技交易型开放式指数证券投资基金招募说明书（更新） 35 理交收。若发生特殊情况，基金管理人可以对交收日期进行相应调整。 如遇港股通临时停市等特殊情况，组合证券的代理卖出及结算价格可依次 顺延至下一港股通交易日直至交易正常。如遇证券长期停牌、流动性不足等可 能导致收盘价或最后成交价不公允的特殊情况，可参照证券的估值价格，对结 算价格进行调整，如果基金管理人认为该证券复牌后的价格可能存在较大波动， 且可能对基金资产净值产生较大影响，为了更好的维护持有人利益，该证券对 应的现金替代款的清算交收可在其复牌后按照实际交易成本办理。在此期间若 该证券发生除息、送股（转,购、申购、赎回及交易。投资者一旦认购、申购或赎回本 基金，即表示对基金认购、申购和赎回所涉及的基金份额的证券变更登记方式 以及申购赎回所涉及组合证券、现金替代、现金差额等相关的交收方式及业务 规则已经认可。 投资者认购本基金时需具有上海 证券账户，上海证券账户是指上海证券交 易所 A 股账户或上海证券交易所证券投资基金账户，但需注意：使用基金账户 只能参与本基金的现金认购和二级市场交易，如投资者需要参与基金的申购、 赎回，则应使用A 股账户。 本基金的标的指数为中证港股通科技指数。 一、指数样本空间 以中证港股通综合指数样本为样本空间 二、选样方法 （1）对样本空间内的证券，剔除过去一年日均成交金额不足 1000 万港元 的证券； （2）在剩余证券中，选取通信、互联网、医疗器械、生物科技、电子、半 导体、新能源等行业的上市公司证券作为科技主题空间； （3）在科技主题空间中，剔除过去两年营业收入增速连续为负以及过去两 年研发投入占营业收入的比例不足 3%的证券，对各中证二级行业市值排名前三 的证券豁免上述要求； （4）在剩余证券中，按照过去一年日均按照过去一年日均总市值由高到低 排名，选取排名靠前的 50 只证券作为指数样本，不足 50 只时，全部纳入。 三、成份股计算方法 指数计算公式为： 报告期指数= 其中，调整市值=∑（证券价格×调整股本数×权重因子×汇率），汇率、 调整股本数的计算方法、除数修正方法参见计算与维护细则，权重因子介于 0 和1 之间，以使单个儿样本权重不超过 10%。 兴银中证港股通科技交易型开放式指数证券投资基金招募说明书（,/Users/ellis/工具程序开发/港股通逐标的分析/临时数据/513560/513560_更新招募说明书_20260202.txt
193,159788,易方达中证港股通中国100ETF,易方达中证港股通中国100交易型开放式指数证券投资基金更新的招募说明书,2026-06-26,书》 《基金合 同》及基金产品资料概要。 5、在目前结算规则下， 投资者当日申购的基金份额， 清算交收完成后方可卖出和赎回， 即 T 日申购的基金份额且日间完成RTGS（实时逐笔全额结算） 交收的，T 日可卖出和赎回， 而 T 日申购的基金份额且日终完成逐笔全额非担保交收的，T+1 日方可卖出和赎回；T 日竞 价买入的基金份额，T 日可以卖出或赎回；T 日大宗买入的基金份额，T 日可以大宗卖出， T+1 日可以竞价卖出或赎回。 投资者投资于本基金前请认真阅读证券交易所和登记结算机构关于 ETF 的相关业务规 则及其不时的更新， 确保具备相关专业知识、 清楚了解相关规则流程后方可参与本基金的申 购、 赎回及交易。 投资者一旦申购或赎回本基金， 即表示对基金申购和赎回所涉及的登记方,,申购替代金额的处理程序 T 日，基金管理人在申购赎回清单中公布申购现金替代保证金率，并据此收取申购替代 金额。正常情况下，对于确认成功的 T 日申购申请，基金管理人根据 T 日所购入的被替代 证券的实际单位购入成本 （包括买入价格与相关费用， 折算为人民币） 和未买入的被替代证 券 T 日收盘价 （折算为人民币， 被替代证券当日在证券交易所无交易的， 取最近交易日的收 39 盘价； 交易日无收盘价的， 取最后成交价） 计算被替代证券的单位结算成本， 在此基础上根 据替代证券数量和申购替代金额确定基金应退还投资者或投资者应补交的款项。T 日后的三 个港股通交易日内， 基金管理人将应退款或补款与相关申购赎回代理券商办理交收， 当交收 期间出现港股通交易日为非港股通交收日时， 款项交收日期顺延。 若发生特殊情况， 基金管 理人可以对交收日期进行相应调整。 如遇港股通临时停市、 港股通交易每日额度等特殊情况， 基金管理人可考虑根据实际情 况将组合证券的代理买入及结算价格顺延至下一港股通交易日直至交易正常。 如遇证券长期 停牌、 流动性不足等可能导致收盘价或最后成交价不公允的特殊情况， 可参照证券的估值价 格， 对结算价格进行调整， 如果基金管理人认为该证券复牌后的价格可能存在较大波动， 且 可能对基金资产净值产生较大影响， 为了更好的维护持有人利益， 该证券对应的现金替代退 补款的清算交收可按照其复牌后实际交易成本或者基金管理人认为合理的价格办理。在此期 间若该证券发生除息、送股（转增）、配股等重要权益变动，则进行相应调整。 4）赎回替代金额的处理程序 正常情况下， 对于确认成功的T 日赎回申请， 基金管理人根据T 日所卖出的被替代证券 的实际单位卖出金额 （扣除相关费用， 折算为人民币） 和未卖出的被替代证券的T 日收盘价 （折算为人民币， 被替代证券当日在证券交易所无交易的， 取最近交易日的收盘价； 交易日 无收盘价的， 取最后成交价） 计算被替代证券的单位结算金额， 在此基础上根据替代证券数 量确定赎回替代金额。T 日后的第 3 个港股通交易日后的两个工作日内，基金管理人将应支 付的赎回替代金额与相关申购赎回代理券商办理交收， 当交收期间出现港股通交易日为非港 股通交收日时， 款项交收日期顺延。 若发生特殊情况， 基金管理人可以对交收日期进行相应 调整。 如遇港股通临时停市等特殊情况， 组合证券的代理卖出及结算价格可依次顺延至下一港 股通交易日直至交易正常。 如遇证券长期停牌、 流动性不足等可能导致收盘价或最后成交价 不公允的特殊情况， 可参照证券的估值价格， 对结算价格进行调整， 如果基金管理人认为该 证券复牌后的价格可能存在较大波动， 且可能对基金资产净值产生较大影响， 为了更好的维 护持有人利益， 该证券对应的现金替代款的清算交收可按照其复牌后实际交易成,替代金额的处理程序 T 日，基金管理人在申购赎回清单中公布申购现金替代保证金率，并据此收取申购替代 金额。正常情况下，对于确认成功的 T 日申购申请，基金管理人根据 T 日所购入的被替代 证券的实际单位购入成本 （包括买入价格与相关费用， 折算为人民币） 和未买入的被替代证 券 T 日收盘价 （折算为人民币， 被替代证券当日在证券交易所无交易的， 取最近交易日的收 39 盘价； 交易日无收盘价的， 取最后成交价） 计算被替代证券的单位结算成本， 在此基础上根 据替代证券数量和申购替代金额确定基金应退还投资者或投资者应补交的款项。T 日后的三 个港股通交易日内， 基金管理人将应退款或补款与相关申购赎回代理券商办理交收， 当交收 期间出现港股通交易日为非港股通交收日时， 款项交收日期顺延。 若发生特殊情况， 基金管 理人可以对交收日期进行相应调整。 如遇港股通临时停市、 港股通交易每日额度等特殊情况， 基金管理人可考虑根据实际情 况将组合证券的代理买入及结算价格顺延至下一港股通交易日直至交易正常。 如遇证券长期 停牌、 流动性不足等可能导致收盘价或最后成交价不公允的特殊情况， 可参照证券的估值价 格， 对结算价格进行调整， 如果基金管理人认为该证券复牌后的价格可能存在较大波动， 且 可能对基金资产净值产生较大影响， 为了更好的维护持有人利益， 该证券对应的现金替代退 补款的清算交收可按照其复牌后实际交易成本或者基金管理人认为合理的价格办理。在此期 间若该证券发生除息、送股（转增）、配股等重要权益变动，则进行相应调整。 4）赎回替代金额的处理程序 正常情况下， 对于确认成功的T 日赎回申请， 基金管理人根据T 日所卖出的被替代证券 的实际单位卖出金额 （扣除相关费用， 折算为人民币） 和未卖出的被替代证券的T 日收盘价 （折算为人民币， 被替代证券当日在证券交易所无交易的， 取最近交易日的收盘价； 交易日 无收盘价的， 取最后成交价） 计算被替代证券的单位结算金额， 在此基础上根据替代证券数 量确定赎回替代金额。T 日后的第 3 个港股通交易日后的两个工作日内，基金管理人将应支 付的赎回替代金额与相关申购赎回代理券商办理交收， 当交收期间出现港股通交易日为非港 股通交收日时， 款项交收日期顺延。 若发生特殊情况， 基金管理人可以对交收日期进行相应 调整。 如遇港股通临时停市等特殊情况， 组合证券的代理卖出及结算价格可依次顺延至下一港 股通交易日直至交易正常。 如遇证券长期停牌、 流动性不足等可能导致收盘价或最后成交价 不公允的特殊情况， 可参照证券的估值价格， 对结算价格进行调整， 如果基金管理人认为该 证券复牌后的价格可能存在较大波动， 且可能对基金资产净值产生较大影响， 为了更好的维 护持有人利益， 该证券对应的现金替代款的清算交收可按照其复牌后实际交易成本或,楚了解相关规则流程后方可参与本基金的申 购、 赎回及交易。 投资者一旦申购或赎回本基金， 即表示对基金申购和赎回所涉及的登记方 式以及申购赎回所涉及 现金替代、现金差额等相关的交收方式及业务规则已经认可。 6、基金的过往业绩并不预示其未来表现，基金管理人管理的其他基金的业绩并不构成 对本基金表现的保证。 本基金有关财务数据截止日为 2026 年 3 月 31 日，净值表现截止日为 2026 年 3 月 31 日，主要人员情况截止日为 2026 年 6 月 25 日，除非另有说明，本招募说明书其他所载内 容截止日为 2026 年5 月16 日。（本报告中财务数据未经审计） I 目 录 一、绪 言.......................................................... 1 二、释 义.......................................................... 2 三、基金管理人...................................................... 7 四、基金托管人..................................................... 21 五、相关服务机构................................................... 28 六、基金的募集..................................................... 30 七、,/Users/ellis/工具程序开发/港股通逐标的分析/临时数据/159788/159788_更新招募说明书_20260626.txt
194,513720,国泰中证港股通互联网ETF,国泰中证港股通互联网交易型开放式指数证券投资基金更新招募说明书(2026年第一号),2026-01-06,构相关业务规则以及参与各方相关协议及 其不时修订的有关规定。 本基金申购业务采用实时逐笔全额结算（Real Time Gross Settlement ，简称 RTGS）模式；赎回业务涉及的现金替代采用代收代付处理；申购、赎回业务涉 及的现金差额和现金替代退补款采用代收代付处理。 投资者 T 日现金申购后，如交易记录已勾单且申购资金足额的，登记机构 在 T 日日间实时办理基金份额及现金替代的交收；T 日日间未进行勾单确认或日 间资金不足的，登记机构在 T 日日终根据资金是否足额办理基金份额及现金替 代的清算交收； 在T+1 日内办理现金差额的清算， 并将结果发送给基金管理人、 申购赎回代理券商和基金托管人。基金管理人与申购赎回代理券商在 T+2 日内 办理现金差额的交收。 投资者,,申购替代金额的处理程序 T 日， 基金管理人在申购赎回清单中公布现金替代溢价比例， 并据此收取申 购替代金额。 对于确认成功的 T 日申购申请，基金管理人在 T 日内购入组合证券中被替 代证券。基金管理人有权在 T 日内任意时刻，以收到的申购替代金额代投资者 购入组合证券中被替代证券的任意数量。基金管理人有权根据基金投资的需要自 主决定不买入部分被替代证券，或者不进行任何买入证券的操作。T 日日终，基 金管理人根据 T 日所购入被替代证券实际单位购入成本（包括买入价格与相关 费用，折算为人民币）和未购入的被替代证券的 T 日收盘价（折算为人民币， 折算汇率采用当天的港股通买入结算汇兑比率和卖出结算汇兑比率的算术平均 值； 被替代组合证券当日无交易的， 取最近交易日的收盘价； 交易日无收盘价的， 取最后成交价） 计算被替代证券的单位结算成本， 在此基础上根据替代证券数量 和申购现金替代金额确定基金应退还投资人或投资人应补交的款项。若发生特殊 情况， 包括如遇港股通结算异常等， 基金管理人可以对折算汇率和结算成本进行 相应调整。 T 日后的 3 个港股通交易日内，基金管理人将应退款或补款与相关申购赎回 代理券商办理交收， 当交收期间出现港股通交易日为非港股通交收日时， 款项交 收日期顺延。若发生特殊情况，基金管理人可以对交收日期进行相应调整。 4）赎回替代金额的处理程序 对于确认成功的 T 日赎回申请，基金管理人在 T 日内卖出组合证券中被替 代证券。基金管理人有权在 T 日内任意时刻代投资者卖出组合证券中被替代证 券的任意数量。基金管理人有权自主决定不卖出部分被替代证券， 或者不进行任 何卖出证券的操作。T 日日终， 基金管理人根据T 日所卖出的被替代证券的实际 国泰中证港股通互联网交易型开放式指数证券投资基金更新招募说明书（2026 年第一号） 45 单位卖出金额（扣除相关费用，折算为人民币）和未卖出的被替代证券的 T 日 收盘价 （折算为人民币， 折算汇率采用当天的港股通买入结算汇兑比率和卖出结 算汇兑比率的算术平均值；被替代证券当日无交易的，取最近交易日的收盘价； 交易日无收盘价的， 取最后成交价） 计算被替代证券的单位结算金额， 在此基础 上根据替代证券数量确定赎回替代金额。若发生特殊情况， 包括如遇港股通结算 异常等，基金管理人可以对折算汇率和结算金额进行相应调整。 T 日后的第 3 个港股通交易日后的 1 个工作日内， 基金管理人将应支付的赎 回替代金额与相关申购赎回代理券商办理交收， 当交收期间出现港股通交易日为 非港股通交收日时， 款项交收日期顺延。若发生特殊情况， 基金管理人可以对交 收日期进行相应调整。 5）如遇港股通临时停市、港股通交易每日额度或总额度不足等特殊情况， 基金管理人可考虑根据实际情况将 组合证券的代理买入 或卖出及结算价格依,替代金额的处理程序 T 日， 基金管理人在申购赎回清单中公布现金替代溢价比例， 并据此收取申 购替代金额。 对于确认成功的 T 日申购申请，基金管理人在 T 日内购入组合证券中被替 代证券。基金管理人有权在 T 日内任意时刻，以收到的申购替代金额代投资者 购入组合证券中被替代证券的任意数量。基金管理人有权根据基金投资的需要自 主决定不买入部分被替代证券，或者不进行任何买入证券的操作。T 日日终，基 金管理人根据 T 日所购入被替代证券实际单位购入成本（包括买入价格与相关 费用，折算为人民币）和未购入的被替代证券的 T 日收盘价（折算为人民币， 折算汇率采用当天的港股通买入结算汇兑比率和卖出结算汇兑比率的算术平均 值； 被替代组合证券当日无交易的， 取最近交易日的收盘价； 交易日无收盘价的， 取最后成交价） 计算被替代证券的单位结算成本， 在此基础上根据替代证券数量 和申购现金替代金额确定基金应退还投资人或投资人应补交的款项。若发生特殊 情况， 包括如遇港股通结算异常等， 基金管理人可以对折算汇率和结算成本进行 相应调整。 T 日后的 3 个港股通交易日内，基金管理人将应退款或补款与相关申购赎回 代理券商办理交收， 当交收期间出现港股通交易日为非港股通交收日时， 款项交 收日期顺延。若发生特殊情况，基金管理人可以对交收日期进行相应调整。 4）赎回替代金额的处理程序 对于确认成功的 T 日赎回申请，基金管理人在 T 日内卖出组合证券中被替 代证券。基金管理人有权在 T 日内任意时刻代投资者卖出组合证券中被替代证 券的任意数量。基金管理人有权自主决定不卖出部分被替代证券， 或者不进行任 何卖出证券的操作。T 日日终， 基金管理人根据T 日所卖出的被替代证券的实际 国泰中证港股通互联网交易型开放式指数证券投资基金更新招募说明书（2026 年第一号） 45 单位卖出金额（扣除相关费用，折算为人民币）和未卖出的被替代证券的 T 日 收盘价 （折算为人民币， 折算汇率采用当天的港股通买入结算汇兑比率和卖出结 算汇兑比率的算术平均值；被替代证券当日无交易的，取最近交易日的收盘价； 交易日无收盘价的， 取最后成交价） 计算被替代证券的单位结算金额， 在此基础 上根据替代证券数量确定赎回替代金额。若发生特殊情况， 包括如遇港股通结算 异常等，基金管理人可以对折算汇率和结算金额进行相应调整。 T 日后的第 3 个港股通交易日后的 1 个工作日内， 基金管理人将应支付的赎 回替代金额与相关申购赎回代理券商办理交收， 当交收期间出现港股通交易日为 非港股通交收日时， 款项交收日期顺延。若发生特殊情况， 基金管理人可以对交 收日期进行相应调整。 5）如遇港股通临时停市、港股通交易每日额度或总额度不足等特殊情况， 基金管理人可考虑根据实际情况将 组合证券的代理买入 或卖出及结算价格依次 ,： 指由基金管理人编制的用以公告申购对价、 赎回对价等 信息的文件 49、 申购对价： 指投资人申购基金份额时， 按基金合同和招募说明书规定应 交付的现金替代、现金差额及其他对价 50、 赎回对价： 指基金份额持有人赎回基金份额时， 基金管理人按基金合同 和招募说明书规定应交付给赎回人的现金替代、现金差额及其他对价 51、组合证券：指本基金标的指数所包含的全部或部分证券 52、标的指数：指中证港股通互联网指数及其未来可能发生的变更 53、 现金替代： 指申购、 赎回过程中，投资人按基金合同和招募说明书的规 定，用于替代组合证券中全部或部分证券的一定数量的现金 54、 现金差额： 指最小申购、 赎回单位的资产净值与按当日收盘价计算的最 小申购、 赎回单位中的组合证券市值和现金替代之差； 投资人申购、 赎回时应支 付或应获得的现金差额根据最小申购、 赎回单位对应的现金差额和申购或赎回的 最小申购、赎回单位数量计算 55、预估现金部分：指由基金管理人估计并在 T 日申购赎回清单中公布的 当日现金差额的估计值，预估现金部分由申购赎回代理券商预先冻结 56、最小申购、赎回单位：指本基金申购份额、赎回份额的最低数量，投资 人申购、赎回的基金份额应为最小申购、赎回单位的整数倍 57、 基金份额参考净值： 指基金管理人或基金管理人委托的机构在开市后根 据申购赎回清单和组合证券内各只证券的实时成交数据及汇率数据计算， 并通过 国泰中证港股通互联网交易型开放式指数证券投资基金更新招募说明书（2026 年第一号） 9 上海证券交易所发布的基金份额参考净值，简称“IOP,/Users/ellis/工具程序开发/港股通逐标的分析/临时数据/513720/513720_更新招募说明书_20260106.txt
195,513580,华安恒生科技(QDII-ETF),华安恒生科技交易型开放式指数证券投资基金(QDII)更新的招募说明书(2026年第1号),2026-02-27,价的清算交收适用相关业务规则和参与各方相关协议的有关规定。 本基金申购业务采用实时逐笔全额结算（ Real Time Gross Settlement， 简称 RTGS）模式；赎回业务涉及的现金替代采用代收代付处理；申购、赎回业 务涉及的现金差额和现金替代退补款采用代收代付处理。 1）申购的清算交收 投资者 T 日申购后，如交易记录已勾单且申购资金足额的，登记机构在 T 日日间实时办理基金份额及现金替代的交收； T 日日间未进行勾单确认或日间 资金不足的，登记机构在 T 日日终根据资金是否足额办理基金份额及现金替代 的清算交收，并将结果发送给基金管理人、申购赎回代理券商和基金托管人。 基金管理人在 T+1 日办理现金差额的清算，并将结果发送给申购赎回代理券商、 基金管理人和基金托,"、送股（转增）、配股等重要权益变动，则进行相应调整。 T+1日后的第 6 个上海证券交易所和香港联合交易所共同交易日内，基金管理 人将应支付的赎回替代金额与相关申购赎回代理券商办理交收。若发生特殊情 况，基金管理人可以对交收日期进行相应调整。 第 57 页 共 156 页 在系统支持的情况下，对于 T 日的申购赎回申请，基金管理人有权进行轧 差处理，针对净申购，购入净申购份额对应的组合证券中被替代的股票，针对 净赎回，卖出净赎回份额对应的组合证券中被替代的股票，基金管理人有权购 入或者卖出不等于轧差处理后的上述被替代的股票的任意数量。 （3）必须现金替代 1）适用情形：必须现金替代的证券一般是由于标的指数调整，即将被剔除 的成份股；或法律法规限制投资的证券；或基金管理人出于保护基金份额持有 人利益等原因认为有必要实行必须现金替代的成份股。 2）替代金额：对于必须现金替代的证券，基金管理人将在申购、赎回清单 中公告替代的一定数量的现金，即""固定替代金额""。固定替代金额的计算方法 为申购、赎回清单中该证券的数量乘以其 T-1 日预计开盘价并按照 T-1 日估值 汇率换算或基金管理人认为合理的其他方法。 （4）基金管理人可根据运作情况调整代理申赎投资者买券卖券的相关规则 并按规定公告。 （5）未来若港股通的交易、结算规则发生改变，或上海证券交易所、登记 结算机构有关申购赎回交易结算规则发生改变，或基金管理人与基金托管人之 间的结算相关安排发生改变等，基金管理人可对上述相关现金替代处理规则进 行调整，并按规定公告。 4、预估现金部分相关内容 预估现金部分是指，为便于申购赎回代理券商预先冻结申请申购、赎回的 投资人的相应资金，由基金管理人计算的现金数额。 T 日申购、赎回清单中公告 T 日","申购现金替代保证金的处理程序 T 日，基金管理人在申购、赎回清单中公布现金替代溢价比例，并据此收 取申购现金替代保证金。 对于确认成功的 T 日申购申请，基金管理人在收到申购确认信息后，根据 申购申请代理买入被替代证券。基金管理人有权在 T+1 日内任意时刻以收到的 申购现金替代保证金代投资者买入小于或等于被替代证券数量的任意数量的被 替代证券。基金管理人有权根据基金投资的需要自主决定不买入部分被替代证 券，或者不进行任何买入证券的操作。T＋1 日日终，基金管理人根据所购入的 被替代证券的实际单位购入成本（包括买入价格与相关费用，折算为人民币） 和被替代证券的T+1 日收盘价（被替代证券 T+1 日在证券交易所无交易的，取 最近交易日的收盘价）计算被替代证券的单位结算成本，在此基础上根据替代 证券数量和申购现金替代保证金确定基金应退还投资者或投资者应补交的款项， 若T 日后至 T+1 日期间发生除息、送股（转增）、配股等重要权益变动,则进行 相应调整。T+1 日后的第 4 个上海证券交易所和香港联合交易所共同交易日内， 基金管理人将应退款或补款与相关申购赎回代理券商办理交收。若发生特殊情 况，基金管理人可以对交收日期进行相应调整。 4）赎回替代金额的处理程序 对于确认成功的 T 日赎回申请，基金管理人在收到赎回确认信息后，根据 赎回申请代理卖出被替代证券。基金管理人有权在 T+1 日内任意时刻代投资者 卖出小于或等于被替代证券数量的任意数量的被替代证券。基金管理人有权根 据基金投资的需要自主决定不卖出部分被替代证券，或者不进行任何卖出证券 的操作。T＋1 日日终，基金管理人根据所卖出的被替代证券的实际单位卖出金 额（扣除相关费用，折算为人民币）和被替代证券的 T+1 日收盘价（被替代证 券T+1 日在证券交易所无交易的，取最近交易日的收盘价）计算被替代证券的 单位结算金额，在此基础上根据替代证券数量确定赎回替代金额，若 T 日后至 T+1 日期间发生除息、送股（转增）、配股等重要权益变动，则进行相应调整。 T+1日后的第 6 个上海证券交易所和香港联合交易所共同交易日内，基金管理 人将应支付的赎回替代金额与相关申购赎回代理券商办理交收。若发生特殊情 况，基金管理人可以对交收日期进行相应调整。 第 57 页 共 156 页 在系统支持的情况下，对于 T 日的申购赎回申请，基金管理人有权进行轧 差处理，针对净申购，购入净申购份额对应的组合证券中被替代的股票，针对 净赎回，卖出净赎回份额对应的组合证券中被替代的股票，基金管理人有权购 入或者卖出不等于轧差处理后的上述被替代的股票的任意数量。 （3）必须现金替代 1）适用情形：必须现金替代的证券一般是由于标的指数调整，即将被剔除 的成份股；或法律法规限制投资的证券；或基金管理人出于保护基金份额持有 人利益等原因认为有","赎回替代金额的处理程序 对于确认成功的 T 日赎回申请，基金管理人在收到赎回确认信息后，根据 赎回申请代理卖出被替代证券。基金管理人有权在 T+1 日内任意时刻代投资者 卖出小于或等于被替代证券数量的任意数量的被替代证券。基金管理人有权根 据基金投资的需要自主决定不卖出部分被替代证券，或者不进行任何卖出证券 的操作。T＋1 日日终，基金管理人根据所卖出的被替代证券的实际单位卖出金 额（扣除相关费用，折算为人民币）和被替代证券的 T+1 日收盘价（被替代证 券T+1 日在证券交易所无交易的，取最近交易日的收盘价）计算被替代证券的 单位结算金额，在此基础上根据替代证券数量确定赎回替代金额，若 T 日后至 T+1 日期间发生除息、送股（转增）、配股等重要权益变动，则进行相应调整。 T+1日后的第 6 个上海证券交易所和香港联合交易所共同交易日内，基金管理 人将应支付的赎回替代金额与相关申购赎回代理券商办理交收。若发生特殊情 况，基金管理人可以对交收日期进行相应调整。 第 57 页 共 156 页 在系统支持的情况下，对于 T 日的申购赎回申请，基金管理人有权进行轧 差处理，针对净申购，购入净申购份额对应的组合证券中被替代的股票，针对 净赎回，卖出净赎回份额对应的组合证券中被替代的股票，基金管理人有权购 入或者卖出不等于轧差处理后的上述被替代的股票的任意数量。 （3）必须现金替代 1）适用情形：必须现金替代的证券一般是由于标的指数调整，即将被剔除 的成份股；或法律法规限制投资的证券；或基金管理人出于保护基金份额持有 人利益等原因认为有必要实行必须现金替代的成份股。 2）替代金额：对于必须现金替代的证券，基金管理人将在申购、赎回清单 中公告替代的一定数量的现金，即""固定替代金额""。固定替代金额的计算方法 为申购、赎回清单中该证券的数量乘以其 T-1 日预计开盘价并按照 T-1 日估值 汇率换算或基金管理人认为合理的其他方法。 （4）基金管理人可根据运作情况调整代理申赎投资者买券卖券的相关规则 并按规定公告。 （5）未来若港股通的交易、结算规则发生改变，或上海证券交易所、登记 结算机构有关申购赎回交易结算规则发生改变，或基金管理人与基金托管人之 间的结算相关安排发生改变等，基金管理人可对上述相关现金替代处理规则进 行调整，并按规定公告。 4、预估现金部分相关内容 预估现金部分是指，为便于申购赎回代理券商预先冻结申请申购、赎回的 投资人的相应资金，由基金管理人计算的现金数额。 T 日申购、赎回清单中公告 T 日预估现金部分。其计算公式为： T 日预估现金部分＝T-1 日最小申购赎回单位的基金资产净值－（申购赎回 清单中必须现金替代成份股的替代金额＋申购赎回清单中可以现金替代的成份 股的数量与其T 日预估开盘价（港元计价）及 T-1 日估值汇率的乘积之和） 其中，T 日预估",单：指由基金管理人编制的用以公告场内申购对价、场 内赎回对价等信息的文件 55、申购对价：指投资者申购基金份额时，按基金合同和招募说明书规定 应交付的现金替代、现金差额和/或其他对价 56、赎回对价：指在场内申购赎回方式下基金份额持有人赎回基金份额时， 基金管理人按基金合同和招募说明书规定应交付给该基金份额持有人的现金替 代、现金差额和/或其他对价 57、最小申购、赎回单位：指本基金申购份额、赎回份额的最低数量，投 资者申购、赎回的基金份额应为最小申购、赎回单位的整数倍 58、现金替代：指申购、赎回过程中，投资者按基金合同和招募说明书的 规定，用于替代组合证券中部分证券的一定数量的现金 59、现金差额：指申购、赎回过程中，最小申购、赎回单位的资产净值与 按当日收盘价计算的最小申购、赎回单位中的组合证券市值和现金替代之差； 投资者申购、赎回时应支付或应获得的现金差额根据最小申购、赎回单位对应 的现金差额、申购或赎回的基金份额数计算 60、基金份额参考净值：指上海证券交易所在交易时间内发布的基金管理 人或其委托的机构根据申购赎回清单和中国人民银行最新公布的汇率中间价计 算的基金份额参考净值，简称 IOPV 61、预估现金部分：指申购、赎回过程中，为便于计算基金份额参考净值 及申购赎回代理券商预先冻结申请申购、赎回的投资者的相应资金，由基金管 理人计算并公布的现金数额 62、指定交易：指《上海证券交易所指定交易实施细则》中定义的“指定 交易” 63、基金份额折算：指基金管理人根据基金合同规定在不改变投资者权益 的前提下将投资者的基金份额净值及数量进行相,/Users/ellis/工具程序开发/港股通逐标的分析/临时数据/513580/513580_更新招募说明书_20260227.txt
196,159196,易方达中证港股通信息技术综合ETF,易方达中证港股通信息技术综合交易型开放式指数证券投资基金招募说明书,2026-03-09,结算风险、基金投资非公开信息泄露的风险等。 7、在目前结算规则下，投资者当日申购的基金份额，清算交收完成后方可卖出和赎 回，即 T 日申购的基金份额且日间完成 RTGS（实时逐笔全额结算）交收的，T 日可卖出和 赎回，而 T 日申购的基金份额且日终完成逐笔全额非担保交收的，T+1 日方可卖出和赎回； T 日竞价买入的基金份额，T 日可以卖出或赎回；T 日大宗买入的基金份额，T 日可以大宗 卖出，T+1 日可以竞价卖出或赎回。 投资者投资于本基金前请认真阅读证券交易所和登记结算机构关于 ETF 的相关业务规 则及其不时的更新，确保具备相关专业知识、清楚了解相关规则流程后方可参与本基金的 认购、申购、赎回及交易。投资者一旦认购、申购或赎回本基金，即表示对基金认购、申 购和赎回所涉及的,代的证券一般是由于标的指数调整，即将被剔除的成份证券； 或处于停牌的成份证券；或法律法规限制投资的成份证券；或基金管理人出于保护持有人 利益原则等原因认为有必要实行必须现金替代的成份证券。 2）替代金额：对于必须现金替代的证券，基金管理人将在申购赎回清单中公告替代的 一定数量的现金。必须替代金额的计算方法为申购赎回清单中该证券的数量乘以其调整后 T 日开盘参考价并按照 T-1 日估值汇率换算或基金管理人认为合理的其他方法。 （4）在系统支持的情况下，对于 T 日的申购赎回申请，基金管理人有权进行轧差处理， 针对净申购，购入净申购份额对应的组合证券中被替代的成份证券，针对净赎回，卖出净 赎回份额对应的组合证券中被替代的成份证券，基金管理人有权购入或者卖出不等于轧差 处理后的上述被替代的成份证券的任意数量。 （5）基金管理人可根据运作情况调整代理申赎投资者买券卖券的相关规则并按规定公 39 告。 （6）未来如港股通的交易、结算规则发生改变，或深圳证券交易所、登记结算机构有 关申购赎回交易结算规则发生改变，或基金管理人与基金托管人之间的结算相关安排发生 改变等，基金管理人可对上述相关现金替代处理规则进行调整，并按规定公告。 5、预估现金差额相关内容 预估现金差额是指为便于计算基金份额参考净值及申购赎回代理券商预先冻结申请申 购、赎回的投资者的相应资金，由基金管理人计算的现金数额。 T 日申购赎回清单中公告 T 日预估现金差额。其计算公式为： T 日预估现金差额＝T-1 日最小申购、赎回单位的基金资产净值－（申购赎回清单中必 须现金替代成份证券的替代金额+申购赎回清单中可以现金替代成份证券的数量、调整后 T 日开盘参考价以及 T-1 日估值汇率的乘积之和） 其中，该证券调整后 T 日开盘,申购替代金额的处理程序 T 日，基金管理人在申购赎回清单中公布申购现金替代保证金率，并据此收取申购替 代金额。 基金管理人在 T 日内购入组合证券中被替代的成份证券。基金管理人有权在 T 日内任 意时刻，以收到的申购替代金额代投资者购入组合证券中被替代的成份证券的任意数量。 正常情况下，对于确认成功的 T 日申购申请，基金管理人根据 T 日所购入的被替代证券的 实际单位购入成本（包括买入价格与相关费用，折算为人民币）和未买入的被替代证券 T 日收盘价（折算为人民币，被替代证券当日在证券交易所无交易的，取最近交易日的收盘 价；交易日无收盘价的，取最后成交价）计算被替代证券的单位结算成本，在此基础上根 据替代证券数量和申购替代金额确定基金应退还投资者或投资者应补交的款项。T 日后的 三个港股通交易日内，基金管理人将成份证券的应退款或补款与相关申购赎回代理券商办 理交收，当交收期间出现港股通交易日为非港股通交收日时，款项交收日期顺延。若发生 特殊情况，基金管理人可以对交收日期进行相应调整。 如遇港股通临时停市、港股通交易当日额度使用完毕而暂停或停止接受买入申报等特 殊情况，基金管理人可考虑根据实际情况将成份证券的代理买入及结算价格顺延至下一港 股通交易日直至交易正常。如遇成份证券长期停牌、流动性不足等可能导致收盘价或最后 成交价不公允的特殊情况，可参照证券的估值价格，对结算价格进行调整，如果基金管理 人认为该证券复牌后的价格可能存在较大波动，且可能对基金资产净值产生较大影响，为 了更好的维护持有人利益，该证券对应的现金替代退补款的清算交收可按照其复牌后实际 交易成本或者基金管理人认为合理的价格办理。在此期间若该证券发生除息、送股（转 增）、配股等重要权益变动，则进行相应调整。 4）赎回替代金额的处理程序 38 基金管理人在 T 日内卖出组合证券中被替代的成份证券。基金管理人有权在 T 日内任 意时刻代投资者卖出组合证券中被替代的成份证券的任意数量。正常情况下，对于确认成 功的 T 日赎回申请，基金管理人根据 T 日所卖出的被替代成份证券的实际单位卖出金额 （扣除相关费用，折算为人民币）和未卖出的被替代成份证券的 T 日收盘价（折算为人民 币，被替代证券当日在证券交易所无交易的，取最近交易日的收盘价；交易日无收盘价的， 取最后成交价）计算被替代成份证券的单位结算金额，在此基础上根据替代成份证券数量 确定赎回替代金额。T 日后的第 3 个港股通交易日后的 1 个工作日内，基金管理人将应支 付的成份证券赎回替代金额与相关申购赎回代理券商办理交收，当交收期间出现港股通交 易日为非港股通交收日时，款项交收日期顺延。若发生特殊情况，基金管理人可以对交收 日期进行相应调整。 如遇港股通临时停市等特殊情况，组合证券的代理卖出及结算价格可依次顺延至下一 港股通交易日直至交易正常。如,替代金额的处理程序 T 日，基金管理人在申购赎回清单中公布申购现金替代保证金率，并据此收取申购替 代金额。 基金管理人在 T 日内购入组合证券中被替代的成份证券。基金管理人有权在 T 日内任 意时刻，以收到的申购替代金额代投资者购入组合证券中被替代的成份证券的任意数量。 正常情况下，对于确认成功的 T 日申购申请，基金管理人根据 T 日所购入的被替代证券的 实际单位购入成本（包括买入价格与相关费用，折算为人民币）和未买入的被替代证券 T 日收盘价（折算为人民币，被替代证券当日在证券交易所无交易的，取最近交易日的收盘 价；交易日无收盘价的，取最后成交价）计算被替代证券的单位结算成本，在此基础上根 据替代证券数量和申购替代金额确定基金应退还投资者或投资者应补交的款项。T 日后的 三个港股通交易日内，基金管理人将成份证券的应退款或补款与相关申购赎回代理券商办 理交收，当交收期间出现港股通交易日为非港股通交收日时，款项交收日期顺延。若发生 特殊情况，基金管理人可以对交收日期进行相应调整。 如遇港股通临时停市、港股通交易当日额度使用完毕而暂停或停止接受买入申报等特 殊情况，基金管理人可考虑根据实际情况将成份证券的代理买入及结算价格顺延至下一港 股通交易日直至交易正常。如遇成份证券长期停牌、流动性不足等可能导致收盘价或最后 成交价不公允的特殊情况，可参照证券的估值价格，对结算价格进行调整，如果基金管理 人认为该证券复牌后的价格可能存在较大波动，且可能对基金资产净值产生较大影响，为 了更好的维护持有人利益，该证券对应的现金替代退补款的清算交收可按照其复牌后实际 交易成本或者基金管理人认为合理的价格办理。在此期间若该证券发生除息、送股（转 增）、配股等重要权益变动，则进行相应调整。 4）赎回替代金额的处理程序 38 基金管理人在 T 日内卖出组合证券中被替代的成份证券。基金管理人有权在 T 日内任 意时刻代投资者卖出组合证券中被替代的成份证券的任意数量。正常情况下，对于确认成 功的 T 日赎回申请，基金管理人根据 T 日所卖出的被替代成份证券的实际单位卖出金额 （扣除相关费用，折算为人民币）和未卖出的被替代成份证券的 T 日收盘价（折算为人民 币，被替代证券当日在证券交易所无交易的，取最近交易日的收盘价；交易日无收盘价的， 取最后成交价）计算被替代成份证券的单位结算金额，在此基础上根据替代成份证券数量 确定赎回替代金额。T 日后的第 3 个港股通交易日后的 1 个工作日内，基金管理人将应支 付的成份证券赎回替代金额与相关申购赎回代理券商办理交收，当交收期间出现港股通交 易日为非港股通交收日时，款项交收日期顺延。若发生特殊情况，基金管理人可以对交收 日期进行相应调整。 如遇港股通临时停市等特殊情况，组合证券的代理卖出及结算价格可依次顺延至下一 港股通交易日直至交易正常。如遇证,规则流程后方可参与本基金的 认购、申购、赎回及交易。投资者一旦认购、申购或赎回本基金，即表示对基金认购、申 购和赎回所涉及的登记方式以及申购赎回所涉及现金替代、现金差额等相关的交收方式及 业务规则已经认可。 8、基金管理人提醒投资者基金投资的“买者自负”原则，在投资者作出投资决策后， 基金运营状况与基金净值变化引致的投资风险，由投资者自行负责。此外，本基金以 1 元 初始面值进行募集，在市场波动等因素的影响下，存在单位份额净值跌破 1 元初始面值的 风险。 9、基金不同于银行储蓄，基金投资人投资于基金有可能获得较高的收益，也有可能 损失本金。投资有风险，投资人在进行投资决策前，请仔细阅读本基金的《招募说明书》 及《基金合同》。 10、基金的过往业绩并不预示其未来表现，基金管理人管理的其他基金的业绩并不构 成对本基金表现的保证。 目 录 第一部分 绪 言 .................................................... 1 第二部分 释 义 .................................................... 2 第三部分 基金管理人 ................................................ 7 第四部分 基金托管人 ............................................... 19 第五部分 相关服务机构 ............................................. 2,/Users/ellis/工具程序开发/港股通逐标的分析/临时数据/159196/159196_招募说明书_20260309.txt
197,159688,华安恒生互联网科技业ETF(QDII),华安恒生互联网科技业交易型开放式指数证券投资基金(QDII)更新的招募说明书(2025年第1号),2025-09-19,招募书未直接出现 RTGS；按适用的交易所/中国结算跨境 ETF 规则，日间 RTGS 交收，按项目口径 PASS,,"替代金额的处理程序如下： 对于确认成功的 T 日申购申请，T＋1 日日终，基金管理人根据所购入的被 替代证券的实际单位购入成本（包括买入价格与相关费用，折算为人民币）和 未买入的被替代证券的 T+1 日收盘价（折算为人民币，T+1 日在证券交易所无 交易的，取最近交易日的收盘价）计算被替代证券的单位结算成本，在此基础 上根据替代证券数量和申购现金替代金额确定基金应退还投资者或投资者应补 第 59 页 共 174 页 交的款项，若 T 日后至 T+1 日期间发生除息、送股（转增）、配股等重要权益 变动,则进行相应调整。正常情况下，T+5 日内，基金管理人将应退款或补款与 相关申购赎回代理券商办理交收。若发生特殊情况，基金管理人可以对交收日 期进行相应调整。 对于确认成功的 T 日赎回申请，T＋1 日日终，基金管理人根据所卖出的被 替代证券的实际单位卖出金额（扣除相关费用，折算为人民币）和未卖出的被 替代证券的 T+1 日收盘价（折算为人民币，被替代证券 T+1 日在证券交易所无 交易的，取最近交易日的收盘价）计算被替代证券的单位结算金额，在此基础 上根据替代证券数量确定赎回替代金额，若 T 日后至 T+1 日期间发生除息、送 股（转增）、配股等重要权益变动，则进行相应调整。正常情况下，T+7 日内， 基金管理人将应支付的赎回替代金额与相关申购赎回代理券商办理交收。若发 生特殊情况，基金管理人可以对交收日期进行相应调整。 如遇香港联合交易所临时停市等特殊情况，组合证券的代理买入或者卖出 及结算价格可依次顺延至下一交易日直至交易正常。如遇证券长期停牌、流动 性不足等可能导致收盘价或最后成交价不公允的特殊情况，可参照证券的估值 价格，对结算价格进行调整，如果基金管理人认为该证券复牌后的价格可能存 在较大波动，且可能对基金资产净值产生较大影响，为了更好的维护基金份额 持有人利益，该证券对应的现金替代款的清算交收可在其复牌后按照实际交易 成本办理。在此期间若该证券发生除息、送股（转增）、配股等重要权益变动， 则进行相应调整。 （3）必须现金替代 ①适用情形：必须现金替代的证券一般是由于标的指数调整，即将被剔除 的成份证券；或处于停牌的成份证券；或因法律法规限制投资的成份证券；或 基金管理人出于保护基金份额持有人利益等原因认为有必要实行必须现金替代 的成份证券。 ②替代金额：对于必须现金替代的证券，基金管理人将在申购、赎回清单 中公告替代的一定数量的现金，即""固定替代金额""。固定替代金额的计算方法 为申购、赎回清单中该证券的数量乘以其 T-1 日预估开盘价（使用 T-1 日估值 汇率调整）或基金管理人认为合理的其他方法。 5、预估现金差额相关内容 第 60 页 共 174 页 预估现金差额是指，为便于申购赎回代理券商预先冻结申请申购、赎回的 投资人的相应资金，由基金管理人","替代金额的处理程序如下： 对于确认成功的 T 日申购申请，T＋1 日日终，基金管理人根据所购入的被 替代证券的实际单位购入成本（包括买入价格与相关费用，折算为人民币）和 未买入的被替代证券的 T+1 日收盘价（折算为人民币，T+1 日在证券交易所无 交易的，取最近交易日的收盘价）计算被替代证券的单位结算成本，在此基础 上根据替代证券数量和申购现金替代金额确定基金应退还投资者或投资者应补 第 59 页 共 174 页 交的款项，若 T 日后至 T+1 日期间发生除息、送股（转增）、配股等重要权益 变动,则进行相应调整。正常情况下，T+5 日内，基金管理人将应退款或补款与 相关申购赎回代理券商办理交收。若发生特殊情况，基金管理人可以对交收日 期进行相应调整。 对于确认成功的 T 日赎回申请，T＋1 日日终，基金管理人根据所卖出的被 替代证券的实际单位卖出金额（扣除相关费用，折算为人民币）和未卖出的被 替代证券的 T+1 日收盘价（折算为人民币，被替代证券 T+1 日在证券交易所无 交易的，取最近交易日的收盘价）计算被替代证券的单位结算金额，在此基础 上根据替代证券数量确定赎回替代金额，若 T 日后至 T+1 日期间发生除息、送 股（转增）、配股等重要权益变动，则进行相应调整。正常情况下，T+7 日内， 基金管理人将应支付的赎回替代金额与相关申购赎回代理券商办理交收。若发 生特殊情况，基金管理人可以对交收日期进行相应调整。 如遇香港联合交易所临时停市等特殊情况，组合证券的代理买入或者卖出 及结算价格可依次顺延至下一交易日直至交易正常。如遇证券长期停牌、流动 性不足等可能导致收盘价或最后成交价不公允的特殊情况，可参照证券的估值 价格，对结算价格进行调整，如果基金管理人认为该证券复牌后的价格可能存 在较大波动，且可能对基金资产净值产生较大影响，为了更好的维护基金份额 持有人利益，该证券对应的现金替代款的清算交收可在其复牌后按照实际交易 成本办理。在此期间若该证券发生除息、送股（转增）、配股等重要权益变动， 则进行相应调整。 （3）必须现金替代 ①适用情形：必须现金替代的证券一般是由于标的指数调整，即将被剔除 的成份证券；或处于停牌的成份证券；或因法律法规限制投资的成份证券；或 基金管理人出于保护基金份额持有人利益等原因认为有必要实行必须现金替代 的成份证券。 ②替代金额：对于必须现金替代的证券，基金管理人将在申购、赎回清单 中公告替代的一定数量的现金，即""固定替代金额""。固定替代金额的计算方法 为申购、赎回清单中该证券的数量乘以其 T-1 日预估开盘价（使用 T-1 日估值 汇率调整）或基金管理人认为合理的其他方法。 5、预估现金差额相关内容 第 60 页 共 174 页 预估现金差额是指，为便于申购赎回代理券商预先冻结申请申购、赎回的 投资人的相应资金，由基金管理人",单：指由基金管理人编制的用以公告场内申购对价、场 内赎回对价等信息的文件 50、申购对价：指投资者申购基金份额时，按基金合同和招募说明书规定 应交付的现金替代、现金差额和/或其他对价 51、赎回对价：指在场内申购赎回方式下基金份额持有人赎回基金份额时， 基金管理人按基金合同和招募说明书规定应交付的现金替代、现金差额和/或其 他对价 52、最小申购、赎回单位：指本基金申购份额、赎回份额的最低数量，投 资者申购、赎回的基金份额应为最小申购、赎回单位的整数倍 53、现金替代：指申购、赎回过程中，投资者按基金合同和招募说明书的 规定，用于替代组合证券中全部或部分证券的一定数量的现金 54、现金差额：指申购、赎回过程中，最小申购、赎回单位的资产净值与 按当日收盘价计算的最小申购、赎回单位中的组合证券市值和现金替代之差； 投资者申购、赎回时应支付或应获得的现金差额根据最小申购、赎回单位对应 第 12 页 共 174 页 的现金差额、申购或赎回的基金份额数计算 55、基金份额参考净值：指深圳证券交易所在交易时间内发布的基金管理 人或其委托的机构根据申购赎回清单、汇率、组合证券内各只证券的行情数据 和/或标的指数涨跌幅等计算的基金份额参考净值，简称 IOPV 56、预估现金差额：指申购、赎回过程中，为便于计算基金份额参考净值 及申购赎回代理券商预先冻结申请申购、赎回的投资者的相应资金，由基金管 理人计算并公布的现金数额 57、基金份额折算：指基金管理人根据基金合同规定在不改变投资者权益 的前提下将投资者的基金份额净值及数量进行相应调整的行为 58、转托管：指基金,/Users/ellis/工具程序开发/港股通逐标的分析/临时数据/159688/159688_更新招募说明书_20250919.txt
