order,code,market,fund_name,latest_updated_prospectus_date,latest_prospectus_any_date,doc_file,text_chars,rtgs_count,rtgs_context,netting_count,netting_explicit_count,netting_context,buy_tday_count,buy_t1_count,buy_context,sell_tday_count,sell_t1_count,sell_context,settlement_context
11,159117,SZ,SZ,2026-08-06,2026-08-06,临时数据/159117/159117_更新招募说明书_20260806.txt,112137,1,基 金 现 金 申 购 业 务 中 的 现 金 替 代 采 用 实 时 逐 笔 全 额 结 算 （ Real Time Gross Settlement，简称 RTGS）模式；赎回业务涉及的现金替代采用代收代付处理；申购、赎回 业务涉及的现金差额和现金替代退补款采用代收代付处理。 （1）申购的清算交收 投资者 T 日提交的申购申请受理后，如交易记录已勾单且申购资金足额的，登记机构 在 T 日日间实时办理基金份额及现金替代的交收；T 日日间未进行勾单确认或日间资金不 足的，登记机构在 T 日日终根据资金是否足额办理基金份额及现金替代的清算交收，并将 结果发送给基金管理人、申购赎回代理券商和基金托管人。基金管理人与申购赎回代理券 商在 T+2 日办理现金差额的交收。 （2）赎回的清算交收 投资者 T 日提交的赎回申请受理后，登记机构在 T 日收市后为投资者办理基金份额的 31 交收，并将结果发送给申购赎回代理券商、基金管理人和基金托管人。基金管理人与申购 赎回代理券商在 T+2 日办理现金差额的交收。 赎回替代金额的清算交收由基金管理人和申购赎回代理券商协商处理。正常情况下， 该款项的清算交收自有效赎回申请之日起 7 个工作日内办理。如遇国家外汇管理局相关规 定有变更或本基金主要投资的证券市场休市或暂停交易、主要投,5,1,%；本基金在任何交易日日终，持有的卖出国债期货合约价值不得超过基金持 有的债券总市值的 30%； d.本基金所持有的股票市值和买入、卖出股指期货合约价值，合计（轧差计算）应当 符合基金合同关于股票投资比例的有关约定；本基金所持有的债券（不含到期日在一年以 内的政府债券）市值和买入、卖出国债期货合约价值，合计（轧差计算）应当符合基金合 同关于债券投资比例的有关约定； e.本基金在任何交易日内交易（不包括平仓）的股指期货合约的成交金额不得超过上 一交易日基金资产净值的 20%；本基金在任何交易日内交易（不包括平仓）的国债期货合 约的成交金额不得超过上一交易日基金资产净值的 30%； f.本基金每个交易日日终在扣除股指期货、国债期货和股票期权合约需缴纳的交易保 证金后，应当保持不低于交易保证金一倍的现金，其中现金不包括结算备付金、存出保证 金、应收申购款等； （10）若本基金参与股票期权交易，需遵守下列投资比例限制： a.因未平仓的期权合约支付和收取的权利金总额不得超过基金资产净值的 10%； b.开仓卖出认购期权的，应持有足额标的证券；开仓卖出认沽期权的，应持有合约行 权所需的全额现金或交易所规则认可的可冲抵期权保证金的现金等价物； c.未平仓的期权合约面值不得超过基金资产净值的 20%。其中，合约面值按照行权价 乘以合约乘数计算； （11）本基金参,2,0,金管理人将向投资者收取欠缺的差额。 基金管理人可以根据市场情况和实际需要确定和调整申购现金替代保证金率，具体的 申购现金替代保证金率以申购赎回清单公告为准。 ③申购替代金额的处理程序 T 日，基金管理人在申购赎回清单中公布申购现金替代保证金率，并据此收取申购替 代金额。 对于确认成功的 T 日申购申请，通常情况下 T 日内基金管理人根据申购规模进行组合 证券的代理买入。基金管理人有权在 T 日内任意时刻以收到的替代金额代投资者买入小于 等于被替代证券数量的任意数量的被替代证券。基金管理人有权根据基金投资的需要自主 决定不买入部分被替代证券，或者不进行任何买入证券的操作，基金管理人可能不买入被 替代证券的情形包括但不限于市场流动性不足、技术系统无法实现以及基金管理人认为不 应买入的其他情形。T 日日终，基金管理人根据所购入的被替代证券的实际单位购入成本 （包括买入价格与相关费用，折算为人民币）和未买入的被替代证券的 T 日收盘价（折算 为人民币，折算汇率采用基金管理人和基金托管人商定的汇率公允价，汇率公允价包括中 国人民银行或其授权机构公布的人民币汇率中间价、中国外汇交易中心参考汇率、中国外 34 汇交易中心收盘价、与基金托管人商定的其他公允价格等；当日在证券交易所无交易的， 取最近交易日的收盘价；当日无收盘价的，取最后成交价）计算被替代证券的单位结算成 本，在此基,2,0,股等重要权益变动，则进行相应调整。 ④赎回对应的替代金额 赎回时，对于可以现金替代的证券，替代金额为扣除相关费用后的该证券的卖出价值 （或证券实际结算价值） ⑤赎回替代金额的处理程序 对于确认成功的 T 日赎回申请，通常情况下 T 日内基金管理人根据赎回规模进行组合 证券的代理卖出。基金管理人有权在 T 日内任意时刻卖出小于等于被替代证券数量的任意 数量的被替代证券。基金管理人有权根据基金投资的需要自主决定不卖出部分被替代证 券，或者不进行任何卖出证券的操作，基金管理人可能不卖出被替代证券的情形包括但不 限于市场流动性不足、技术系统无法实现以及基金管理人认为不应卖出的其他情形。T 日 日终，基金管理人根据所卖出的被替代证券的实际单位卖出金额（扣除相关费用，折算为 人民币）和未卖出的被替代证券的 T 日收盘价（折算为人民币，折算汇率采用基金管理人 和基金托管人商定的汇率公允价，汇率公允价包括中国人民银行或其授权机构公布的人民 币汇率中间价、中国外汇交易中心参考汇率、中国外汇交易中心收盘价、与基金托管人商 定的其他公允价格等；当日在证券交易所无交易的，取最近交易日的收盘价；当日无收盘 价的，取最后成交价）计算被替代证券的单位结算金额，在此基础上根据替代证券数量确 定赎回替代金额。正常情况下，T 日后的第 3 个港股通交易日后的 2 个工作日内，基金管 理人将应支付的赎,销售机构确实 接收到该申请。申购、赎回申请的确认以登记机构的确认结果为准。对于申购、赎回申请 的确认情况，投资人应及时查询并妥善行使合法权利。 3、申购和赎回的清算交收与登记 本基金申购赎回过程中涉及的基金份额、现金替代、现金差额和/或其他对价的清算交 收适用《业务规则》和参与各方相关协议的有关规定。 本 基 金 现 金 申 购 业 务 中 的 现 金 替 代 采 用 实 时 逐 笔 全 额 结 算 （ Real Time Gross Settlement，简称 RTGS）模式；赎回业务涉及的现金替代采用代收代付处理；申购、赎回 业务涉及的现金差额和现金替代退补款采用代收代付处理。 （1）申购的清算交收 投资者 T 日提交的申购申请受理后，如交易记录已勾单且申购资金足额的，登记机构 在 T 日日间实时办理基金份额及现金替代的交收；T 日日间未进行勾单确认或日间资金不 足的，登记机构在 T 日日终根据资金是否足额办理基金份额及现金替代的清算交收，并将 结果发送给基金管理人、申购赎回代理券商和基金托管人。基金管理人与申购赎回代理券 商在 T+2 日办理现金差额的交收。 （2）赎回的清算交收 投资者 T 日提交的赎回申请受理后，登记机构在 T 日收市后为投资者办理基金份额的 31 交收，并将结果发送给申购赎回代理券商、基金管理人和基金托管人。基金管理人与申购 赎
12,159125,SZ,SZ,,2025-09-30,临时数据/159125/159125_招募说明书_20250930.txt,115751,2,资者当日申购的基金份额，清算交收完成 招商国证港股通科技交易型开放式指数证券投资基金招募说明书 37 后可卖出和赎回，即 T 日申购的 ETF 份额且日间完成 RTGS（实时逐笔全额结算）交收的，T 日可卖 出与赎回，而 T 日申购的 ETF 份额且日终完成逐笔全额非担保交收的，T+1 日方可卖出和赎回；T 日竞价买入的基金份额，T 日可以卖出或赎回；T 日大宗买入的基金份额，T 日可以大宗卖出，T+1 日可以竞价卖出或赎回。 3、申购和赎回申请的清算交收与登记 本基金申购和赎回过程中涉及的申购、赎回对价和基金份额的交收适用《业务规则》和参与各 方相关协议的有关规定。 投资者 T 日现金申购成功后，正常情况下，登记结算机构在 T 日为投资者办理基金份额及现金 替代的交收，在 T+1 日办理现金差额的清算，并将结果发送给基金管理人、申购赎回代理机构和基 金托管人。正常情况下，基金管理人与申购赎回代理机构在 T+2 日办理现金差额的交收。 投资者 T 日赎回成功后，正常情况下，登记结算机构在 T 日收市后为投资者办理基金份额的交 收，在 T+1 日办理现金差额的清算，并将结果发送给基金管理人、申购赎回代理机构和基金托管人。 基金管理人与申购赎回代理机构在 T+2 日办理现金差额的交收。赎回现金替代款将自有效赎回申请,6,1,超过基金持有的股票总市值的 20％；本基金所持有的股票市值和买入、卖出股指期货合约 招商国证港股通科技交易型开放式指数证券投资基金招募说明书 49 价值，合计（轧差计算）应当符合基金合同关于股票投资比例的有关约定；在任何交易日内交易（不 包括平仓）的股指期货合约的成交金额不得超过上一交易日基金资产净值的 20％； （9）本基金参与国债期货交易，应当遵守下列要求：本基金在任何交易日日终，持有的买入 国债期货合约价值，不得超过基金资产净值的 15%；在任何交易日日终，持有的卖出国债期货合约 价值不得超过基金持有的债券总市值的 30%；基金所持有的债券（不含到期日在一年以内的政府债 券）市值和买入、卖出国债期货合约价值，合计（轧差计算）应当符合基金合同关于债券投资比例 的有关约定；在任何交易日内交易（不包括平仓）的国债期货合约的成交金额不得超过上一交易日 基金资产净值的 30%； （10）本基金参与股票期权交易，应当遵守下列要求：基金因未平仓的期权合约支付和收取的 权利金总额不得超过基金资产净值的 10%；开仓卖出认购期权的，应持有足额标的证券；开仓卖出 认沽期权的，应持有合约行权所需的全额现金或交易所规则认可的可冲抵期权保证金的现金等价物； 未平仓的期权合约面值不得超过基金资产净值的 20%。其中，合约面值按照行权价乘以合约乘数计 算； （11）本基,1,0,于基金买入该部分证券的实际成本，则基金管理人将退还多收取的差额；如果预先收取的 金额低于基金买入该部分证券的实际成本，则基金管理人将向投资人收取欠缺的差额。 ③申购替代金额的处理程序 对于确认成功的 T 日申购申请，T 日内基金管理人根据申购规模进行组合证券的代理买入。T 日日终，基金管理人根据所购入的被替代组合证券的实际单位购入成本、实际购入的相关费用、未 购入的被替代组合证券的 T 日收盘价（折算为人民币，折算汇率采用当天的估值汇率；被替代组合 证券 T 日无交易的，取最近交易日的收盘价；交易日无收盘价的，取最后收盘价）计算并确定被替 代组合证券的单位结算成本，在此基础上根据替代组合证券数量和申购现金替代保证金确定基金应 退还投资人的款项或投资人应补交的款项。T 日后的 3 个港股通交收日内，基金管理人将应退款或 补款与相关申购赎回代理机构办理交收，当交收期间出现港股通交易日为非港股通交收日时，款项 交收日期顺延。若发生特殊情况，基金管理人可以对交收日期进行相应调整。 如遇港股通临时停市、港股通交易每日额度或总额度不足等特殊情况，组合证券的代理买入及 结算价格可依次顺延至下一港股通交易日直至交易正常。如遇证券长期停牌、流动性不足等可能导 致收盘价或最后成交价不公允的特殊情况，可参照证券的估值价格，对结算成本进行调整。如果基 金管理人认为该证券复牌后的价格可能存,1,2,替代指在申购、赎回基金份额时，该成份证券必须使用固定现金作为替代。 （2）可以现金替代 ①适用情形：可以现金替代的证券是指基金管理人认为需要在投资者申购或赎回时代投资者买 入或卖出的证券。 ②申购替代金额： 申购替代金额=替代证券数量×该证券 T 日预计开盘价×T-1 日估值汇率×（1＋申购现金替代 保证金率） 如果 T-1 日至 T 日期间存在其他证券交易所交易日为非申赎开放日或存在指数成份股调整生效 日，则基金管理人可对公式中“T 日预计开盘价”、“T-1 日估值汇率”进行调整。 收取现金替代保证金的原因是，对于使用现金替代的证券，基金管理人需为投资人买入组合证 券，而实际买入价格加上相关交易费用后与申购时的参考价格可能有所差异。为便于操作，基金管 理人在申购赎回清单中预先确定申购现金替代保证金率，并据此收取申购替代金额。如果预先收取 的金额高于基金买入该部分证券的实际成本，则基金管理人将退还多收取的差额；如果预先收取的 金额低于基金买入该部分证券的实际成本，则基金管理人将向投资人收取欠缺的差额。 ③申购替代金额的处理程序 对于确认成功的 T 日申购申请，T 日内基金管理人根据申购规模进行组合证券的代理买入。T 日日终，基金管理人根据所购入的被替代组合证券的实际单位购入成本、实际购入的相关费用、未 购入的被替代组合证券的 T 日收盘价（折算为人民币，折算汇率,机构的确认结果为准。投资人可通过其办理申购、赎回的申购赎回代理机构或以申购、 赎回的申购赎回代理机构规定的其他方式查询有关申请的确认情况。 根据本基金现行适用的清算交收和申赎处理规则，投资者当日申购的基金份额，清算交收完成 招商国证港股通科技交易型开放式指数证券投资基金招募说明书 37 后可卖出和赎回，即 T 日申购的 ETF 份额且日间完成 RTGS（实时逐笔全额结算）交收的，T 日可卖 出与赎回，而 T 日申购的 ETF 份额且日终完成逐笔全额非担保交收的，T+1 日方可卖出和赎回；T 日竞价买入的基金份额，T 日可以卖出或赎回；T 日大宗买入的基金份额，T 日可以大宗卖出，T+1 日可以竞价卖出或赎回。 3、申购和赎回申请的清算交收与登记 本基金申购和赎回过程中涉及的申购、赎回对价和基金份额的交收适用《业务规则》和参与各 方相关协议的有关规定。 投资者 T 日现金申购成功后，正常情况下，登记结算机构在 T 日为投资者办理基金份额及现金 替代的交收，在 T+1 日办理现金差额的清算，并将结果发送给基金管理人、申购赎回代理机构和基 金托管人。正常情况下，基金管理人与申购赎回代理机构在 T+2 日办理现金差额的交收。 投资者 T 日赎回成功后，正常情况下，登记结算机构在 T 日收市后为投资者办理基金份额的交 收，在 T+1 日办理现金差额的清算，并将
13,520770,SH,SH,,2025-12-01,临时数据/520770/520770_招募说明书_20251201.txt,109752,4,定，详见招募说明书。如上海证券交易所、中国证券登记结算有限责任 公司修改或更新上述规则并适用于本基金的，则按照新的规则执行。 本基金现金申购业务中的现金替代采用实时逐笔全额结算（ Real Time Gross Settlement，以下简称 RTGS）模式；赎回业务中的现金替代采用代收代付处理；申 购、赎回业务涉及的现金差额和现金替代退补款采用代收代付处理。 1）申购的清算交收 投资者 T 日提交的申购申请受理后，日间完成 RTGS 交收部分，登记机构在 T 日日间实时办理基金份额登记及现金替代的交收；T 日日间未完成 RTGS 交收部分， 登记机构在 T 日日终为该投资者办理基金份额登记及现金替代的清算交收， 并将结 果发送给基金管理人、申购赎回代理券商和基金托管人。基金管理人在 T+2 日内办 理现金差额的清算交收。 2）赎回的清算交收 投资者 T 日提交的现金赎回申请受理后， 登记机构在T 日收市后为投资者办理 基金份额的清算交收，并将结果发送给基金管理人、申购赎回代理券商和基金托管 人。基金管理人在 T+2 日内办理现金差额的清算交收。赎回现金替代款将自有效赎 回申请之日起 7 个开放日内划往基金份额持有人账户。若发生特殊情况（包括但不 建信恒指港股通交易型开放式指数证券投资基金 招募说明书 39 限于基,3,1,在任何交易日内交易（不包括平仓）的股指期货合 约的成交金额不得超过上一交易日基金资产净值的 20%；本基金所持有的股票市值 和买入、卖出股指期货合约价值，合计（轧差计算）应当符合基金合同关于股票投 资比例的有关约定； 3） 本基金在任何交易日日终， 持有的买入国债期货合约价值， 不得超过基金资 产净值的 15%；在任何交易日日终，持有的卖出国债期货合约价值不得超过基金持 建信恒指港股通交易型开放式指数证券投资基金 招募说明书 55 有的债券总市值的 30%；在任何交易日内交易（不包括平仓）的国债期货合约的成 交金额不得超过上一交易日基金资产净值的 30%；本基金所持有的债券（不含到期 日在一年以内的政府债券） 市值和买入、 卖出国债期货合约价值， 合计 （轧差计算） 应当符合基金合同关于债券投资比例的有关约定； （11）本基金参与股票期权交易的，应当符合下列要求：因未平仓的期权合约 支付和收取的权利金总额不得超过基金资产净值的 10%；开仓卖出认购期权的，应 持有足额标的证券；开仓卖出认沽期权的，应持有合约行权所需的全额现金或交易 所规则认可的可冲抵期权保证金的现金等价物；未平仓的期权合约面值不得超过基 金资产净值的 20%。其中，合约面值按照行权价乘以合约乘数计算；基金投资股票 期权符合基金合同约定的比例限制 （如股票仓位、 个股占比等） 、,1,0,,1,0,该证券对应的现金替代款的清算交收可在其复牌后按照实际交易成本办理。 在此期间若该证券发生除息、 送股 （转增） 、 配股等重要权益变动， 则进行相应调整。 4）赎回替代金额的处理程序 对于确认成功的 T 日赎回申请，T 日内基金管理人根据所卖出的被替代组合证 券的实际单位卖出成本、实际卖出的相关费用、未卖出的被替代组合证券的 T 日收 盘价（折算为人民币，折算汇率采用当天的估值汇率，基金管理人可根据情况调整 所使用的的折算汇率，并及时公告；被替代组合证券 T 日无交易的，取最近交易日 的收盘价；交易日无收盘价的，取最后收盘价）计算并确定被替代组合证券的单位 结算成本，在此基础上根据替代组合证券数量确定赎回替代金额。T 日后的第 3 个 港股通交收日后的两个工作日内，基金管理人将应支付的赎回现金替代款与相关申 购赎回代理机构办理交收。若发生特殊情况，基金管理人可以对交收日期进行相应 调整。 如遇港股通临时停市、港股通交易每日额度或总额度不足等特殊情况，组合证 券的代理买入及结算价格可依次顺延至下一港股通交易日直至交易正常。如遇证券 长期停牌、流动性不足等可能导致收盘价或最后成交价不公允的特殊情况，可参照 证券的估值价格，对结算成本进行调整。如果基金管理人认为该证券复牌后的价格 可能存在较大波动，且可能对基金资产净值产生较大影响，为了更好的维护持有人 利益，该证券对应,投资人在认购本基金时， 需按发售代理机构的规定， 备足认购资 金，办理认购手续。网上现金认购申请提交后，投资人可以在当日交易时间内撤销 指定的认购申请。 5、 清算交收：T 日通过发售代理机构提交的网上现金认购申请， 由该发售代理 机构冻结相应的认购资金，登记结算机构进行清算交收，并将有效认购数据发送发 售协调人，发售协调人于网上现金认购结束后的第 4 个工作日内将实际到位的认购 资金划往基金募集专户。 6、 认购确认： 在基金合同生效后， 投资人可通过其办理认购的销售网点查询认 购确认情况。 十一、网下现金认购 1、认购时间：详见基金份额发售公告。 2、 通过基金管理人进行网下现金认购的投资人， 认购以基金份额申请， 认购费 用、认购金额的计算公式为： 认购费用＝认购份额×基金份额发售面值×认购费率 （或若适用固定费用的，认购费用=固定费用） 认购金额＝认购份额×基金份额发售面值×（1＋认购费率） （或若适用固定费用的，认购金额＝认购价格×认购份额+固定费用） 认购费用由基金管理人向投资人收取，投资人需以现金方式交纳认购费用。 通过基金管理人以网下现金认购的有效认购资金在募集期间产生的利息，将折 算为基金份额归投资人所有。网下现金认购的利息和具体份额以基金管理人的记录 为准。利息折算的份额保留至整数位，小数部分舍去，舍去部分计入基金财产。 利息折算
14,159118,SZ,SZ,2026-08-18,2026-08-18,临时数据/159118/159118_更新招募说明书_20260818.txt,112098,2,基金份额、现金替代、现金差额及其他对价的清算交收适 用中国证券登记结算有限责任公司及相关证券交易所最新的规则和参与各方相关协议的有 关规定。 本基金申购业务采用实时逐笔全额结算（Real Time Gross Settlement，以下简称 RTGS） 模式；赎回业务涉及的现金替代可采用代收代付处理；申购、赎回业务涉及的现金差额和现 金替代退补款可采用代收代付处理。 （1）申购的清算交收 投资者 T 日现金申购后，如交易记录已勾单且申购资金足额的，登记机构在 T 日日间 实时办理基金份额及现金替代的交收；T 日日间未进行勾单确认或日间资金不足的，登记机 构在 T 日日终根据资金是否足额办理基金份额及现金替代的清算交收，并将结果发送给基 金管理人、申购赎回代理机构和基金托管人。基金管理人在 T+2 日内办理现金差额的交收。 （2）赎回的清算交收 投资者 T 日赎回申请受理后，登记机构在 T 日收市后为投资者办理基金份额的清算交 收。基金管理人在 T+2 日内通过登记机构的代收代付平台办理现金差额的交收。 华夏标普港股通低波红利交易型开放式指数证券投资基金招募说明书（更新） 44 正常情况下，基金管理人不迟于 T+7 日（指开放日）办理赎回替代款项的交付。但如 果出现基金投资市场交易清算规则发生较大变化、基金赎回数额较,1,0,不卖出部分被替代证券，或者不进行任何买入或卖出证券的操作，基 金管理人可能不买入或不卖出被替代证券的情形包括但不限于市场流动性不足、技术系统 无法实现、申购赎回轧差以及基金管理人认为不应买入或卖出的其他情形，因此投资者需 承受可能当天无法完成所有证券买卖、未完成买卖部分按收盘价结算等风险。 14、基金收益分配后基金份额净值低于面值的风险 基于本基金的性质和特点，本基金收益分配不以弥补亏损为前提，收益分配后可能存 在基金份额净值低于面值的风险。 15、第三方机构服务的风险 基金的多项服务委托第三方机构办理，存在以下风险： （1）申购赎回代理机构因多种原因，导致代理申购、赎回业务受到限制、暂停或终止， 由此影响对投资者申购赎回服务的风险。 （2）登记机构可能调整结算制度，如实施货银对付制度，对投资者基金份额、组合证 华夏标普港股通低波红利交易型开放式指数证券投资基金招募说明书（更新） 94 券及资金的结算方式发生变化，制度调整可能给投资者带来理解偏差的风险。同样的风险 还可能来自于证券交易所及其他代理机构。 （3）证券交易所、登记机构、基金托管人、申购赎回代理机构及其他代理机构可能违 约，导致基金或投资者利益受损的风险。 （三）声明 1、本基金未经任何一级政府、机构及部门担保。投资者自愿投资于本基金，须自行承 担投资风险。 2、除基金管理人直接办理本,1,0,际结算成本）， 则基金管理人将退还多收取的差额；如果预先收取的金额低于基金买入证券的实际成本（或 证券实际结算成本），则基金管理人将向投资者收取欠缺的差额。 ②申购替代金额的处理程序 对于确认成功的 T 日申购申请，T 日内基金管理人有权根据申购规模进行组合证券的代 理买入。T 日日终，基金管理人根据所购入的被替代证券的实际单位购入成本（包括买入价 格与相关费用）和未买入的被替代证券的 T 日收盘价（折算为人民币，折算汇率采用当天 的估值汇率；T 日在证券交易所无交易的，取最近交易日的收盘价；交易日无收盘价的，取 最后成交价）计算被替代证券的单位结算成本，在此基础上根据替代证券数量和申购现金替 代金额确定基金应退还投资者或投资者应补交的款项。正常情况下，T 日后的第 2 个港股通 交易日后的 2 个工作日内，基金管理人将应退款或补款与相关申购赎回代理机构办理交收。 若发生特殊情况，基金管理人可以对交收日期进行相应调整。 如遇港股通临时停市、港股通交易每日额度或总额度不足等特殊情况，组合证券的代 华夏标普港股通低波红利交易型开放式指数证券投资基金招募说明书（更新） 47 理买入及结算价格可依次顺延至下一港股通交易日直至交易正常。如遇证券长期停牌、流动 性不足等可能导致收盘价或最后成交价不公允的特殊情况，可参照证券的估值价格，对结算 价格进行调整，如果基金管理人认为该,1,0,有人利益，该证券对应的现金替代款的清算交收 可在其复牌后按照实际交易成本办理。在此期间若该证券发生除息、送股（转增）、配股等 重要权益变动，则进行相应调整。 ③赎回替代金额的处理程序 对于确认成功的 T 日赎回申请，T 日内，基金管理人有权根据赎回规模进行组合证券的 代理卖出。T 日日终，基金管理人根据所卖出的被替代证券的实际单位卖出金额（扣除相关 费用）和未卖出的被替代证券的 T 日收盘价（折算为人民币，折算汇率采用当天的估值汇 率；T 日在证券交易所无交易的，取最近交易日的收盘价；交易日无收盘价的，取最后成交 价）计算被替代证券的单位结算金额，在此基础上根据替代证券数量确定赎回替代金额。正 常情况下，T 日后的第 3 个港股通交易日后的 2 个工作日内，基金管理人将应支付的赎回替 代金额与相关申购赎回代理机构办理交收。若发生特殊情况，基金管理人可以对交收日期进 行相应调整。如遇港股通临时停市等特殊情况，组合证券的代理卖出及结算价格可依次顺延 至下一港股通交易日直至交易正常。如遇证券长期停牌、流动性不足等可能导致收盘价或最 后成交价不公允的特殊情况，可参照证券的估值价格，对结算价格进行调整，如果基金管理 人认为该证券复牌后的价格可能存在较大波动，且可能对基金资产净值产生较大影响，为了 更好的维护持有人利益，该证券对应的现金替代款的清算交收可在其复牌后按照实际交易,、遗漏或中断承担任何法律责任。 本基金为交易型开放式指数证券投资基金（ETF），在深圳证券交易所上市。由于本基 金的标的指数组合证券为香港交易所证券，基金份额的清算交收与境内普通 ETF 存在一定 差异。通常情况下，T 日申购的基金份额在交收完成后可以卖出或赎回。投资者认购本基金 时需具有深圳证券账户，但需注意，使用基金账户只能参与本基金的现金认购和二级市场交 易，如投资者需要参与基金的申购、赎回，则应使用 A 股账户。本基金以人民币募集和计 价，本基金可投资于香港市场以港币计价的金融工具，人民币对港币的汇率的波动可能加大 基金净值的波动，从而对基金业绩产生一定影响。 本基金可投资存托凭证，基金净值可能受到存托凭证的境外基础证券价格波动影响， 存托凭证的境外基础证券的相关风险可能直接或间接成为本基金的风险。 本基金可投资于股票期权、股指期货、国债期货等金融衍生品，可能面临的风险包括 市场风险、流动性风险、基差风险、保证金风险、信用风险、操作风险等。本基金可投资 于资产支持证券，可能面临的风险包括信用风险、利率风险、流动性风险、提前偿付风险、 操作风险和法律风险等。本基金可参与转融通证券出借业务，面临的风险包括但不限于流 动性风险、信用风险、市场风险、操作风险等。 投资有风险，投资者在投资本基金之前，请仔细阅读本基金的招募说明书、基金合同、 基金产品资
15,159850,SZ,SZ,2026-07-20,2026-07-20,临时数据/159850/159850_更新招募说明书_20260720.txt,133498,0,,1,0,不卖出部分被替代证券，或者不进行任何买入或卖出证券的操作，基 金管理人可能不买入或不卖出被替代证券的情形包括但不限于市场流动性不足、技术系统 无法实现、申购赎回轧差以及基金管理人认为不应买入或卖出的其他情形。 14、基金收益分配后基金份额净值低于面值的风险 本基金收益分配原则为使收益分配后基金累计报酬率尽可能贴近标的指数同期累计报 酬率。基于本基金的性质和特点，本基金收益分配不以弥补亏损为前提，收益分配后可能 存在基金份额净值低于面值的风险。 15、第三方机构服务的风险 基金的多项服务委托第三方机构办理，存在以下风险： （1）申购赎回代理券商因多种原因，导致代理申购、赎回业务受到限制、暂停或终止， 由此影响对投资者申购赎回服务的风险。 （2）登记机构可能调整结算制度，如实施货银对付制度，使投资者基金份额、组合证 券及资金的结算方式发生变化，制度调整可能给投资者带来理解偏差的风险。同样的风险 还可能来自于证券交易所及其他代理机构。 （3）证券交易所、登记机构、基金托管人、申购赎回代理券商及其他代理机构可能违 约，导致基金或投资者利益受损的风险。 （三）声明 1、本基金未经任何一级政府、机构及部门担保。投资者自愿投资于本基金，须自行承 担投资风险。 2、除基金管理人直接办理本基金的销售外，本基金或还通过代销机构销售，但是，本 基金并不是代销机构的存款,0,3,照新的最小申购、赎回单位全部赎回，而只能在二 级市场卖出全部或部分基金份额。 13、申购赎回的代理买卖风险 基金管理人可在招募说明书规定的时间内以收到的替代金额代投资者买入或卖出小于 等于被替代证券数量的任意数量的被替代证券，实际买入被替代证券的价格可能处于规定 时间内较高的位置或处于最高价格，实际卖出被替代证券的价格可能处于规定时间内较低 的位置或处于最低价格，基金管理人对此不承担责任。基金管理人有权根据基金投资的需 要自主决定不买入或不卖出部分被替代证券，或者不进行任何买入或卖出证券的操作，基 金管理人可能不买入或不卖出被替代证券的情形包括但不限于市场流动性不足、技术系统 无法实现、申购赎回轧差以及基金管理人认为不应买入或卖出的其他情形。 14、基金收益分配后基金份额净值低于面值的风险 本基金收益分配原则为使收益分配后基金累计报酬率尽可能贴近标的指数同期累计报 酬率。基于本基金的性质和特点，本基金收益分配不以弥补亏损为前提，收益分配后可能 存在基金份额净值低于面值的风险。 15、第三方机构服务的风险 基金的多项服务委托第三方机构办理，存在以下风险： （1）申购赎回代理券商因多种原因，导致代理申购、赎回业务受到限制、暂停或终止， 由此影响对投资者申购赎回服务的风险。 （2）登记机构可能调整结算制度，如实施货银对付制度，使投资者基金份额、组合证 券及资金,0,3,照新的最小申购、赎回单位全部赎回，而只能在二 级市场卖出全部或部分基金份额。 13、申购赎回的代理买卖风险 基金管理人可在招募说明书规定的时间内以收到的替代金额代投资者买入或卖出小于 等于被替代证券数量的任意数量的被替代证券，实际买入被替代证券的价格可能处于规定 时间内较高的位置或处于最高价格，实际卖出被替代证券的价格可能处于规定时间内较低 的位置或处于最低价格，基金管理人对此不承担责任。基金管理人有权根据基金投资的需 要自主决定不买入或不卖出部分被替代证券，或者不进行任何买入或卖出证券的操作，基 金管理人可能不买入或不卖出被替代证券的情形包括但不限于市场流动性不足、技术系统 无法实现、申购赎回轧差以及基金管理人认为不应买入或卖出的其他情形。 14、基金收益分配后基金份额净值低于面值的风险 本基金收益分配原则为使收益分配后基金累计报酬率尽可能贴近标的指数同期累计报 酬率。基于本基金的性质和特点，本基金收益分配不以弥补亏损为前提，收益分配后可能 存在基金份额净值低于面值的风险。 15、第三方机构服务的风险 基金的多项服务委托第三方机构办理，存在以下风险： （1）申购赎回代理券商因多种原因，导致代理申购、赎回业务受到限制、暂停或终止， 由此影响对投资者申购赎回服务的风险。 （2）登记机构可能调整结算制度，如实施货银对付制度，使投资者基金份额、组合证 券及资金的结算,请，基金管理人有权予以拒绝。 本基金为交易型开放式指数证券投资基金（ETF），将在深圳证券交易所上市。由于本 基金的标的指数组合证券为香港交易所证券，基金份额的清算交收与境内普通ETF存在一定 差异。通常情况下，T日申购的基金份额在交收完成后可以卖出或赎回。投资者认购本基金 时需具有深圳证券账户，但需注意，使用基金账户只能参与本基金的现金认购和二级市场交 易，如投资者需要参与基金的申购、赎回，则应使用A股账户。本基金以人民币募集和计价， 本基金可投资于香港市场以港币计价的金融工具，人民币对港币的汇率的波动可能加大基 金净值的波动，从而对基金业绩产生一定影响。 投资有风险，投资者在投资本基金之前，请仔细阅读本基金的招募说明书、基金合同、 基金产品资料概要，全面认识本基金的风险收益特征和产品特性，并充分考虑自身的风险 承受能力，理性判断市场，谨慎做出投资决策。投资者应当认真阅读并完全理解基金合同 第二十一部分规定的免责条款、第二十二部分规定的争议处理方式。 基金的过往业绩并不预示其未来表现。 基金管理人依照恪尽职守、诚实信用、谨慎勤勉的原则管理和运用基金财产，但不保 证基金一定盈利，也不保证最低收益。 投资者应当认真阅读并完全理解基金合同规定的免责条款和规定的争议处理方式。 本招募说明书更新有关财务数据和净值表现数据截止日为2026年3月31日，基金管理
16,526030,SH,SH,,2026-05-25,临时数据/526030/526030_招募说明书_20260525.txt,114839,1,申 购、赎回申请的确认情况，投资人应及时查询并妥善行使合法权利，否则，由此 产生的任何损失由投资者自行承担。 3、申购和赎回的清算交收与登记 本基金申购业务采用实时逐笔全额结算（Real Time Gross Settlement）模 汇添富中证港股通信息技术综合交易型开放式指数证券投资基金 招募说明书 46 式；赎回业务涉及的现金替代采用代收代付处理；申购、赎回业务涉及的现金差 额和现金替代退补款采用代收代付处理。 投资者T日申购成功后，如交易记录已勾单且申购资金足额的，登记机构在 T日日间实时办理基金份额及现金替代的交收；T日日间未进行勾单确认或日间 资金不足的， 登记机构在T日日终根据资金是否足额办理基金份额及现金替代的 清算交收，并将结果发送给基金管理人、申购赎回代理券商和基金托管人。基金 管理人在T+1日内办理现金差额的清算，在T+2日内办理现金差额的交收。基金 管理人可以对清算交收日期进行相应调整。 投资者T日赎回成功后，正常情况下，登记机构在T日收市后为投资者办理 基金份额的交收，在T+1日内办理现金差额的清算，并将结果发送给申购赎回代 理券商、基金管理人和基金托管人。基金管理人与申购赎回代理券商在T+2日内 办理现金差额的交收。 赎回现金替代款将自有效赎回申请之日起7个开放日内办 理。如遇香港证券市,8,4,理。在此期间若该证券发生除息、送股（转增） 、配股等重要权益变动，则进行 相应调整。 5）在系统支持的情况下，对于 T 日的申购赎回申请，基金管理人有权进行 轧差处理，针对净申购，购入净申购份额对应的组合证券中被替代的成份证券， 针对净赎回，卖出净赎回份额对应的组合证券中被替代的成份证券，基金管理人 有权购入或者卖出不等于轧差处理后的上述被替代的成份证券的任意数量。 6）基金管理人可以根据具体情况，调整上述2）-5）的申购、赎回替代金 额的处理程序、规则等，并在招募说明书更新或其他公告中披露。 （2）关于必须现金替代 1）适用情形：必须现金替代的证券一般是由于标的指数调整将被剔除的成 汇添富中证港股通信息技术综合交易型开放式指数证券投资基金 招募说明书 51 份证券；或处于停牌的成份证券；或因法律法规限制投资的成份证券；或出于保 护基金份额持有人利益等目的基金管理人认为有必要实行必须现金替代的成份 证券。 2）替代金额：对于必须现金替代的证券，基金管理人将在申购赎回清单中 公告替代的一定数量的现金，即“固定替代金额”。固定替代金额的计算方法为 ： 固定替代金额为替代证券数量乘以其经调整后的T日开盘参考价并按照T-1 日估值汇率换算或基金管理人认为合理的其他方法。 4、预估现金部分相关内容 预估现金部分是指， 为便于计算基金份额参考净值及申购赎回,2,0,金购入该部分证券的实际 成本，则基金管理人将退还多收取的差额；如果预先收取的金额低于基金购入该 部分证券的实际成本，则基金管理人将向投资者收取欠缺的差额。 3）申购替代金额的处理程序 在T日（指港股通交易日）内，基金管理人以收到的替代金额代投资者买入 被替代证券。基金管理人有权在T日（指港股通交易日）内任意时刻以收到的替 代金额代投资者买入小于等于被替代证券数量的任意数量的被替代证券。 基金管 理人有权根据基金投资的需要自主决定不买入部分被替代证券， 或者不进行任何 买入证券的操作。T日（指港股通交易日）日终，基金管理人根据所购入的被替 代证券的实际单位购入成本（包括买入价格与相关费用）和未买入的被替代证券 的T日（指港股通交易日）收盘价（折算为人民币）；T日（指港股通交易日） 在证券交易所无交易的，取最近交易日的收盘价；交易日无收盘价的，取最后成 交价）计算被替代证券的单位结算成本，在此基础上根据替代证券数量和申购现 金替代保证金确定基金应退还投资者或投资者应补交的款项。T日（指港股通交 易日）后的第3个港股通交收日后的2个工作日内，基金管理人将应退款或补款 与相关申购赎回代理券商办理交收。在此期间若该证券发生除息、送股（转增）、 配股等重要权益变动，则进行相应调整。出现半日港股通交易日、临时停市或港 股通每日额度不足等特殊情况时， 计算并确定被替代证券的单位结,2,1,在此期间若该证券 发生除息、送股（转增）、配股等重要权益变动，则进行相应调整。 汇添富中证港股通信息技术综合交易型开放式指数证券投资基金 招募说明书 50 4）赎回替代金额的处理程序 在T日（指港股通交易日）内，基金管理人根据赎回申请代投资者卖出被替 代证券。基金管理人有权在T日（指港股通交易日）内任意时刻代投资者卖出小 于等于被替代证券数量的任意数量的被替代证券。 基金管理人有权根据基金投资 的需要自主决定不卖出部分被替代证券，或者不进行任何卖出证券的操作。T日 （指港股通交易日）日终，基金管理人根据所卖出的被替代证券的实际单位卖出 金额（扣除相关费用）和未卖出的被替代证券的T日（指港股通交易日）收盘价 （折算为人民币） ； 被替代证券T日（指港股通交易日）在证券交易所无交易的， 取最近交易日的收盘价；交易日无收盘价的，取最后成交价）计算被替代证券的 单位结算金额，在此基础上根据替代证券数量确定赎回替代金额。T日（指港股 通交易日）后的第3个港股通交收日后的2个工作日内，基金管理人将应支付的 赎回替代金额与相关申购赎回代理券商办理交收。在此期间若该证券发生除息、 送股（转增）、配股等重要权益变动，则进行相应调整。 当出现半日港股通交易日、临时停市等特殊情况时，计算并确定被替代证券 的单位结算成本的时间将顺延，款项交收的日期也顺延。如遇证券长期停牌、流 动性不足等,基金的投资”章节中“风险收益特征”的表述可能存在不同，投资人在购买 本基金时需按照销售机构的要求完成风险承受能力与产品风险之间的匹配检验。 根据本基金现行适用的清算交收和申赎处理规则， 投资者当日申购的基金份 额，清算交收完成后方可卖出和赎回，即T日申购的基金份额且日间完成实时逐 笔全额结算（Real Time Gross Settlement）交收的，T日可卖出和赎回，而T 日申购的基金份额且日终完成逐笔全额非担保交收的，T+1日方可卖出和赎回。 投资者投资于本基金前请认真阅读证券交易所和登记机构关于ETF的相关 业务规则及其不时的更新，确保具备相关专业知识、清楚了解相关规则流程后方 可参与本基金的申购、赎回及交易。投资者一旦认购、申购或赎回本基金，即表 示对基金认购、 申购和赎回所涉及的基金份额的证券变更登记方式以及申购赎回 所涉及现金替代、现金差额等相关的交收方式已经认可。 投资有风险，投资者在进行投资决策前，请仔细阅读本基金的《招募说明 书》、《基金合同》、基金产品资料概要等信息披露文件，并根据自身的投资目 汇添富中证港股通信息技术综合交易型开放式指数证券投资基金 招募说明书 3 的、投资期限、投资经验、资产状况等判断基金是否和投资者的风险承受能力相 适应，自主判断基金的投资价值，自主做出投资决策，自行承担投资风险。 基金的过往业绩并不预示其
17,513660,SH,SH,2026-05-29,2026-05-29,临时数据/513660/513660_更新招募说明书_20260529.txt,98301,2,本基金申购赎回过程中涉及的基金份额、 现金替代、 现金差额及其他对价的清算交收适 用相关业务规则和参与各方相关协议及其不时修订的有关规定。 本基金申购业务采用实时逐笔全额结算（Real Time Gross Settlement，以下简称 RTGS） 模式； 赎回业务涉及的现金替代可采用代收代付处理； 申购、 赎回业务涉及的现金差额和现 金替代退补款可采用代收代付处理。 1）申购的清算交收 投资者 T 日现金申购后，如交易记录已勾单且申购资金足额的，登记结算机构在 T 日 日间实时办理基金份额及现金替代的交收；T 日日间未进行勾单确认或日间资金不足的， 登 记结算机构在 T 日日终根据资金是否足额办理基金份额及现金替代的清算交收，并将结果 发送给基金管理人、申购赎回代理券商和基金托管人。基金管理人在 T+2 日内办理现金差 额的交收。 2）赎回的清算交收 投资者 T 日赎回申请受理后，登记结算机构在 T 日收市后为投资者办理基金份额的清 算交收。基金管理人在 T+2 日内通过登记结算机构的代收代付平台办理现金差额的交收。 赎回现金替代款将自有效赎回申请之日起 7 个开放日内划往基金份额持有人账户。如果出 现基金投资市场交易清算规则发生较大变化、 基金赎回数额较大或组合证券内的部分证券因 停牌、 流动性不足等原因导,1,1,分被替代证券， 或者不进行任何买入或卖出证券的 操作， 基金管理人可能不买入或不卖出被替代证券的情形包括但不限于市场流动性不足、 技 术系统无法实现、 申购赎回轧差以及基金管理人认为不应买入或卖出的其他情形，因此投资 者需承受可能当天无法完成所有证券买卖、未完成买卖部分按收盘价结算等风险。 （8）基金收益分配后基金份额净值低于面值的风险 本基金收益分配原则为使收益分配后基金累计报酬率尽可能贴近标的指数同期累计报 酬率。 基于本基金的性质和特点， 本基金收益分配不以弥补亏损为前提， 收益分配后可能存 在基金份额净值低于面值的风险。 （9）标的指数变更的风险 尽管可能性很小， 但根据基金合同规定， 如出现变更标的指数的情形， 本基金将变更标 华夏沪港通恒生交易型开放式指数证券投资基金招募说明书（更新） 74 的指数。 基于原标的指数的投资政策可能改变， 投资组合需随之调整， 基金的收益风险特征 将与新的标的指数保持一致，投资者须承担此项调整带来的风险与成本。 2、汇率风险 本基金以人民币募集和计价，跟踪香港市场股票指数。港币相对于人民币的汇率变化将 会影响本基金以人民币计价的基金资产价值， 从而导致基金资产面临潜在风险。 人民币对港 币的汇率的波动也可能加大基金净值的波动，从而对基金业绩产生影响。 此外， 由于基金运作中的汇率取自汇率发布机构， 如果,1,0,,1,0,利益， 该证券对应的现金替代款的清算交收可 在其复牌后按照实际交易成本办理。在此期间若该证券发生除息、送股（转增） 、配股等重 要权益变动，则进行相应调整。 ④赎回替代金额的处理程序 对于确认成功的 T 日赎回申请，T 日内， 基金管理人根据赎回规模进行组合证券的代理 卖出， 通常情况下代理卖出在T 日接近收盘时点完成。T 日日终，基金管理人根据所卖出的 被替代证券的实际单位卖出金额 （扣除相关费用） 和未卖出的被替代证券的T 日收盘价 （折 算为人民币， 折算汇率采用当天的估值汇率； 被替代证券T 日在证券交易所无交易的， 取最 近交易日的收盘价；交易日无收盘价的，取最后成交价）计算被替代证券的单位结算金额， 在此基础上根据替代证券数量确定赎回替代金额。T 日后的第 2 个港股通交收日后的第 2 个 工作日内， 基金管理人将应支付的赎回替代金额与相关申购赎回代理机构办理交收。 若发生 特殊情况，基金管理人可以对交收日期进行相应调整。 如遇港股通临时停市等特殊情况， 组合证券的代理卖出及结算价格可依次顺延至下一港 股通交易日直至交易正常。 如遇证券长期停牌、 流动性不足等可能导致收盘价或最后成交价 不公允的特殊情况， 可参照证券的估值价格， 对结算价格进行调整， 如果基金管理人认为该 证券复牌后的价格可能存在较大波动， 且可能对基金资产净值产生较大影响， 为了更好,为了更好地保护投资人利益， 实现投资目标， 本基金将可以直接委托香港 的经纪商投资标的指数的成份股、备选成份股。 在目前的结算规则下，投资者申购的基金份额， 清算交收完成后方可卖出和赎回。 投资 者认购本基金时需具有上海证券账户，上海证券账户是指上海证券交易所A股账户或上海证 券交易所证券投资基金账户，但需注意： 使用基金账户只能参与本基金的现金认购和二级市 场交易，如投资者需要参与基金的申购、赎回，则应使用A股账户。 投资有风险，投资者在投资本基金之前，请仔细阅读本基金的招募说明书、基金合同、 基金产品资料概要， 全面认识本基金的风险收益特征和产品特性， 并充分考虑自身的风险承 受能力，理性判断市场，谨慎做出投资决策。 基金产品资料概要编制、 披露与更新要求， 自 《信息披露办法》 实施之日起一年后开始 执行。 华夏沪港通恒生交易型开放式指数证券投资基金招募说明书（更新） 基金的过往业绩并不预示其未来表现。 基金管理人依照恪尽职守、 诚实信用、 谨慎勤勉的原则管理和运用基金财产， 但不保证 基金一定盈利，也不保证最低收益。 投资者应当认真阅读并完全理解基金合同规定的免责条款和规定的争议处理方式。 本招募说明书更新有关财务数据和净值表现数据截止日为2026年3月31日，主要人员情 况截止日为2026年5月28日，其他所载内容截止日为2026年5月1
18,520990,SH,SH,2026-07-29,2026-07-29,临时数据/520990/520990_更新招募说明书_20260729.txt,129339,4,券交易所上市。根据本基金 现行适用的清算交收和申赎处理规则，投资者当日申购的基金份额，清算交收完成后方可卖出和赎回， 即 T 日申购的 ETF 份额且日间完成 RTGS（实时逐笔全额结算）交收，T 日可卖出与赎回，而 T 日申购 的 ETF 份额且日终完成逐笔全额非担保交收的，T+1 日方可卖出和赎回；T 日买入的基金份额，T 日可 以赎回或卖出。由于登记机构对现金替代采取非净额结算交收模式，当投资者赎回申请被登记机构确认 后，被赎回的基金份额即被记减，但此时投资者尚未收到赎回现金替代款。投资者投资本基金时需具有 证券账户，证券账户是指上海证券交易所 A 股账户或上海证券交易所证券投资基金账户。 （九）投资人在投资本基金前，请认真阅读本招募说明书，全面认识本基金产品的风险收益特征和 产品特性，充分考虑自身的风险承受能力，理性判断市场，对认购和/或申购基金的意愿、时机、数量等 投资行为作出独立决策，获得基金投资收益，亦承担基金投资中出现的各类风险。投资本基金可能遇到 的风险包括但不限于：本基金的特有风险、市场风险、流动性风险、管理风险、信用风险、操作风险、 景顺长城中证国新港股通央企红利交易型开放式指数证券投资基金更新招募说明书 技术风险、合规性风险、政策变更风险、税负增加风险、不可抗力、本基金法律文件风险收益特,4,1,不卖出部分被替代证券，或者不进行任何买入或卖出证券的操作，基金管理人可能不买入或不卖出被替 代证券的情形包括但不限于市场流动性不足、技术系统无法实现、申购赎回轧差以及基金管理人认为不 应该买入或卖出的其他情形。 （十七）基金管理人深知个人信息对投资者的重要性，致力于投资者个人信息的保护。基金管理人 承诺按照法律法规和相关监管要求的规定处理投资者的个人信息，包括通过基金管理人直销、销售机构 或场内经纪机构购买景顺长城基金管理有限公司旗下基金产品的所有个人投资者。基金管理人需处理的 机构投资者信息中可能涉及其法定代表人、受益所有人、经办人等个人信息，也将遵守上述承诺进行处 理。 景顺长城中证国新港股通央企红利交易型开放式指数证券投资基金更新招募说明书 （十八）本基金管理人根据 2026 年 7 月 25 日发布的《景顺长城中证国新港股通央企红利交易型开 放式指数证券投资基金基金经理变更公告》更新了本基金基金经理的相关信息，同时更新了基金管理人 主要人员情况等信息。本招募说明书所载内容截止日为 2026 年 3 月 31 日。如本基金发生重大期后事项 的，本招募说明书也对相应内容进行了更新。本更新招募说明书中财务数据未经审计。 景顺长城中证国新港股通央企红利交易型开放式指数证券投资基金更新招募说明书 目录 一、绪言 .................,2,0,则基金管理人将向投资者收取欠缺的差额。 基金管理人可以根据市场情况和实际需要确定和调整现金替代溢价比例， 具体的现金 替代溢价比例以申购赎回清单公告为准。 3）申购替代金额的处理程序 对于确认成功的 T 日申购申请，基金管理人有权在 T 日内任意时刻以收到的申购替 代金额代投资者买入小于等于被替代组合证券数量的任意数量的被替代组合证券。 基金管 理人有权根据基金投资运作情况自主决定不买入部分被替代组合证券， 或者不进行任何买 入证券的操作。T 日， 基金管理人在申购赎回清单中公布现金替代溢价比例， 并据此收取 申购替代金额。正常情况下，对于确认成功的 T 日申购申请，基金管理人有权在 T 日内 任意时刻以收到的申购替代金额代投资者买入小于等于被替代证券数量的任意 数量的被 景顺长城中证国新港股通央企红利交易型开放式指数证券投资基金更新招募说明书 42 替代证券。 基金管理人有权根据基金投资的需要自主决定不买入部分被替代证券， 或者不 进行任何买入证券的操作。在 T 日日终，基金管理人根据 T 日所购入的被替代证券的实 际单位购入成本 （包括买入价格与相关费用，依照汇率折算为人民币）和未买入的被替代 证券 T 日收盘价 （折算为人民币， 折算汇率采用当天的估值汇率；被替代证券当日在证券 交易所无交易的，取最近交易日的收盘价；交易日无收盘价的，取最后成交价）计算被替,2,1,率目前采用汇率公允价。 汇率公允价包括中国人民银行或其授权机构公布的 人民币汇率中间价、 中国外汇交易中心最新收盘价、 与基金托管人商定的其他公允价格等。 4）赎回替代金额的处理程序 对于确认成功的 T 日赎回申请，基金管理人有权在 T 日内任意时刻代投资者卖出小 于等于被替代证券数量的任意数量的被替代证券。 基金管理人有权根据基金投资的需要自 主决定不卖出部分被替代组合证券，或者不进行任何卖出证券的操作。正常情况下， 对于 确认成功的 T 日赎回申请，基金管理人有权在 T 日内任意时刻代投资者卖出小于等于被 替代证券数量的任意数量的被替代证券。 基金管理人有权根据基金投资的需要自主决定不 卖出部分被替代证券，或者不进行任何卖出证券的操作。 在T 日日终，基金管理人根据 T 日所卖出的被替代证券的实际单位卖出金额 （扣除相关费用，依照汇率折算为人民币）和 未卖出的被替代证券的 T 日收盘价 （折算为人民币， 折算汇率采用当天的估值汇率；被替 代证券当日在证券交易所无交易的，取最近交易日的收盘价；交易日无收盘价的，取最后 成交价） 计算被替代证券的单位结算金额， 在此基础上根据替代证券数量确定赎回替代金 额。T 日后的第三个港股通交易日后的两个工作日内，基金管理人将应支付的赎回替代金 额与相关申购赎回代理券商办理交收， 当交收期间出现港股通交易日为非港股通交收日时，,回对价包括现金替代、现金差额及其他对价。若上 海证券交易所和中国证券登记结算有限责任公司针对交易型开放式指数证券投资基金修改现有的清算交 收与登记模式、推出新的清算交收与登记模式并引入新的申购、赎回方式，本基金管理人有权调整本基 金的清算交收与登记模式及申购、赎回方式，或新增本基金的清算交收与登记模式并引入新的申购、赎 回方式，届时将发布公告予以披露并对本基金的基金合同和招募说明书及其更新中予以更新，无须召开 基金份额持有人大会审议。 （八）本基金为交易型开放式指数证券投资基金（ETF），将在上海证券交易所上市。根据本基金 现行适用的清算交收和申赎处理规则，投资者当日申购的基金份额，清算交收完成后方可卖出和赎回， 即 T 日申购的 ETF 份额且日间完成 RTGS（实时逐笔全额结算）交收，T 日可卖出与赎回，而 T 日申购 的 ETF 份额且日终完成逐笔全额非担保交收的，T+1 日方可卖出和赎回；T 日买入的基金份额，T 日可 以赎回或卖出。由于登记机构对现金替代采取非净额结算交收模式，当投资者赎回申请被登记机构确认 后，被赎回的基金份额即被记减，但此时投资者尚未收到赎回现金替代款。投资者投资本基金时需具有 证券账户，证券账户是指上海证券交易所 A 股账户或上海证券交易所证券投资基金账户。 （九）投资人在投资本基金前，请认真阅读本招募说明书，全面认识本基金
19,159333,SZ,SZ,2025-12-19,2025-12-19,临时数据/159333/159333_更新招募说明书_20251219.txt,113526,4,说明书的“风险揭示”部分。 根据本基金现行适用的清算交收和申赎处理规则，投资者当日申购的基金份 额，清算交收完成后方可卖出和赎回，即T日申购的基金份额且日间完成RTGS（实 时逐笔全额结算）交收，T日可卖出和赎回，而T日申购的基金份额且日终完成逐 笔全额非担保交收，T+1日方可卖出和赎回；T日竞价买入的基金份额，T日可以赎 回和卖出；T日大宗买入的基金份额，T日可以大宗卖出，T+1日可以竞价卖出或赎 回。 投资者投资于本基金前请认真阅读证券交易所及登记机构的相关业务规则及 其不时的更新，确保具备相关专业知识、清楚了解相关规则流程后方可参与本基 金的认购、申购、赎回及交易。投资者一旦认购、申购或赎回本基金，即表示对 基金认购、申购和赎回所涉及的基金份额的证券变更登记方式以及申购赎回所涉 及现金替代、现金差额等相关的交收方式已经认可。 基金管理人提醒投资者基金投资的“买者自负”原则，在投资者作出投资决 策后，基金运营状况与基金净值变化引致的投资风险，由投资者自行负责。此 外，本基金以1.00元初始面值进行募集，在市场波动等因素的影响下，存在单位 份额净值跌破1.00元初始面值的风险。 基金不同于银行储蓄与债券，基金投资者有可能获得较高的收益，也有可能 损失本金。投资有风险，投资者在进行投资决策前，请仔细阅读本基金的,8,4,确定被替代组合证券的单位结算成本，在此基础上根 据替代组合证券数量和申购现金替代保证金确定基金应退还投资人的款项或投资人 应补交的款项。未购入部分包含因申购赎回轧差处理而未实际购入的申购申请对应 的被替代组合证券。T日后的5个工作日内，基金管理人将应退款或补款与相关申购 赎回代理机构办理交收。若发生特殊情况，基金管理人可以对交收日期进行相应调 整。未来基金管理人有权视产品运行情况，经与基金托管人协商一致，对折算汇率 和未购入被替代证券的计算价格进行调整，并提前公告。 如遇港股通临时停市、港股通交易每日额度或总额度不足等特殊情况，组合证 券的代理买入及结算价格可依次顺延至下一港股通交易日直至交易正常。如遇证券 39 万家中证港股通央企红利交易型开放式指数证券投资基金 更新招募说明书（2025 年第2 号） 长期停牌、流动性不足等可能导致收盘价或最后成交价不公允的特殊情况，可参照 证券的估值价格，对结算成本进行调整。如果基金管理人认为该证券复牌后的价格 可能存在较大波动，且可能对基金资产净值产生较大影响，为了更好的维护持有人 利益，该证券对应的现金替代款的清算交收可在其复牌后按照实际交易成本办理。 在此期间若该证券发生除息、送股（转增） 、配股等重要权益变动，则进行相应调 整。 ④赎回替代金额的处理程序 正常情况下，基金管理人在T日根据赎回申请代投资,1,1,实际结算成本，则基 金管理人将退还多收取的差额；如果预先收取的申购替代金额低于基金购入该部分 组合证券的实际结算成本，则基金管理人将向投资人收取欠缺的差额。 ③申购替代金额的处理程序 T日，基金管理人在申购赎回清单中公布申购现金替代保证金率，并据此收取 申购替代金额。 正常情况下，基金管理人在T日根据申购申请代投资者买入被替代证券。基金 管理人有权在T日内任意时刻代投资者买入组合证券中被替代证券的任意数量。对 于确认成功的T日申购申请，T日内基金管理人根据申购规模进行组合证券的代理买 入。T日日终，基金管理人根据所购入的被替代组合证券的实际单位购入成本（包 括买入价格与相关费用，折算为人民币，折算汇率采用当天的港股通结算汇兑比 率） 、未购入的被替代组合证券的T日收盘价（折算为人民币，折算汇率采用当天的 估值汇率；被替代组合证券T日无交易的，取最近交易日的收盘价；交易日无收盘 价的，取最后成交价）计算并确定被替代组合证券的单位结算成本，在此基础上根 据替代组合证券数量和申购现金替代保证金确定基金应退还投资人的款项或投资人 应补交的款项。未购入部分包含因申购赎回轧差处理而未实际购入的申购申请对应 的被替代组合证券。T日后的5个工作日内，基金管理人将应退款或补款与相关申购 赎回代理机构办理交收。若发生特殊情况，基金管理人可以对交收日期进行相应调 整。未来基金管理人有权,2,4,利益，该证券对应的现金替代款的清算交收可在其复牌后按照实际交易成本办理。 在此期间若该证券发生除息、送股（转增） 、配股等重要权益变动，则进行相应调 整。 ④赎回替代金额的处理程序 正常情况下，基金管理人在T日根据赎回申请代投资者卖出被替代证券。基金 管理人有权在T日内任意时刻代投资者卖出组合证券中被替代证券的任意数量。对 于确认成功的T日赎回申请，T日内基金管理人根据所卖出的被替代组合证券的实际 单位卖出所得（扣除相关费用，折算为人民币，折算汇率采用当天的港股通结算汇 兑比率） 、未卖出的被替代组合证券的T日收盘价（折算为人民币，折算汇率采用当 天的估值汇率；被替代组合证券T日无交易的，取最近交易日的收盘价；交易日无 收盘价的，取最后成交价）计算并确定被替代组合证券的单位结算成本，在此基础 上根据替代组合证券数量确定赎回替代金额。未卖出部分包含因申购赎回轧差处理 而未实际卖出的赎回申请对应的被替代组合证券。T日后的第2个港股通交收日后的 第2个工作日内，基金管理人将应支付的赎回现金替代款与相关申购赎回代理机构 办理交收。若发生特殊情况，基金管理人可以对交收日期进行相应调整。未来基金 管理人有权视产品运行情况，经与基金托管人协商一致，对折算汇率和未卖出被替 代证券的计算价格进行调整，并提前公告。 如遇港股通临时停市等特殊情况，组合证券的代理卖出及结算价格可依次顺,证港股通央企红利指数， 其风险收益特征与标的指数所表征的市场组合的风险收益特征相似。 本基金的具体风险详见本招募说明书的“风险揭示”部分。 根据本基金现行适用的清算交收和申赎处理规则，投资者当日申购的基金份 额，清算交收完成后方可卖出和赎回，即T日申购的基金份额且日间完成RTGS（实 时逐笔全额结算）交收，T日可卖出和赎回，而T日申购的基金份额且日终完成逐 笔全额非担保交收，T+1日方可卖出和赎回；T日竞价买入的基金份额，T日可以赎 回和卖出；T日大宗买入的基金份额，T日可以大宗卖出，T+1日可以竞价卖出或赎 回。 投资者投资于本基金前请认真阅读证券交易所及登记机构的相关业务规则及 其不时的更新，确保具备相关专业知识、清楚了解相关规则流程后方可参与本基 金的认购、申购、赎回及交易。投资者一旦认购、申购或赎回本基金，即表示对 基金认购、申购和赎回所涉及的基金份额的证券变更登记方式以及申购赎回所涉 及现金替代、现金差额等相关的交收方式已经认可。 基金管理人提醒投资者基金投资的“买者自负”原则，在投资者作出投资决 策后，基金运营状况与基金净值变化引致的投资风险，由投资者自行负责。此 外，本基金以1.00元初始面值进行募集，在市场波动等因素的影响下，存在单位 份额净值跌破1.00元初始面值的风险。 基金不同于银行储蓄与债券，基金投资者有可能获得较高的收益，也
20,513200,SH,SH,2026-06-01,2026-06-01,临时数据/513200/513200_更新招募说明书_20260601.txt,105680,2,金产品资料概要。 5、根据本基金现行适用的清算交收和申赎处理规则，投资者当日申购的基金份额，清 算交收完成后方可卖出和赎回，即 T 日申购的基金份额且日间完成 RTGS（实时逐笔全额结 算） 交收的，T 日可卖出和赎回， 而T 日申购的基金份额且日终完成逐笔全额非担保交收的， T+1 日方可卖出和赎回；T 日买入的基金份额，T 日可以赎回或卖出。 投资者投资于本基金前请认真阅读证券交易所和登记结算机构关于 ETF 的相关业务规 则及其不时的更新，确保具备相关专业知识、清楚了解相关规则流程后方可参与本基金的 申购、赎回及交易。投资者一旦申购或赎回本基金，即表示对基金申购和赎回所涉及的登 记方式以及申购赎回所涉及现金替代、现金差额等相关的交收方式及业务规则已经认可。 6、基金的过往业绩并不预示其未来表现，基金管理人管理的其他基金的业绩并不构成 对本基金表现的保证。 本基金有关财务数据截止日为 2026 年 3 月 31 日，净值表现截止日为 2026 年 3 月 31 日，主要人员情况截止日为 2026 年 5 月 29 日，除非另有说明，本招募说明书其他所载内 容截止日为 2026 年4 月16 日。（本报告中财务数据未经审计） I 目 录 一、绪 言...............................,4,4,T 日开盘参考价并按照 T-1 日估值汇率换算或基金管理人认为合 理的其他方法。 （4） 在系统支持的情况下， 对于T 日的申购赎回申请， 基金管理人有权进行轧差处理， 针对净申购， 购入净申购份额对应的组合证券中被替代的成份证券， 针对净赎回， 卖出净赎 回份额对应的组合证券中被替代的成份证券， 基金管理人有权购入或者卖出不等于轧差处理 后的上述被替代的成份证券的任意数量。 （5）基金管理人可根据运作情况调整代理申赎投资者买券卖券的相关规则并按规定公 告。 （6）未来如相关证券的交易、结算规则发生改变，或上海证券交易所、登记结算机构 有关申购赎回交易结算规则发生改变， 或基金管理人与基金托管人之间的结算相关安排发生 改变等，基金管理人可对上述相关现金替代处理规则进行调整，并按规定公告。 4、预估现金部分相关内容 预估现金部分是指为便于计算基金份额参考净值及申购赎回代理券商预先冻结申请申 购、赎回的投资者的相应资金，由基金管理人计算的现金数额。T 日申购赎回清单中公告 T 日预估现金部分。其计算公式为： T 日预估现金部分＝T-1 日最小申购、 赎回单位的基金资产净值－ （申购赎回清单中必 须现金替代成份证券的替代金额＋申购赎回清单中可以现金替代成份证券的数量、 该证券调 35 整后 T 日开盘参考价以及 T-1 日估值汇率的相乘之和） 其中，,2,0,价比率， 并据此收取申购现金 33 替代保证金。 基金管理人在T 日内购入组合证券中被替代的成份证券。 基金管理人有权在T 日内任意时刻， 以收到的申购替代金额代投资者购入组合证券中被替代的成份证券的任意数 量。正常情况下，对于确认成功的 T 日申购申请，基金管理人根据 T 日所购入的被替代证 券的实际单位购入成本 （包括买入价格与相关费用， 折算为人民币） 和未购入的被替代证券 T 日收盘价（折算为人民币，被替代证券当日在证券交易所无交易的，取最近交易日的收盘 价； 交易日无收盘价的， 取最后成交价） 计算被替代证券的单位结算成本， 在此基础上根据 替代证券数量和申购现金替代保证金确定基金应退还投资者或投资者应补交的款项。T 日后 的三个港股通交易日内， 基金管理人将成份证券的应退款或补款与相关申购赎回代理券商办 理交收， 当交收期间出现港股通交易日为非港股通交收日时， 款项交收日期顺延。 若发生特 殊情况，基金管理人可以对交收日期进行相应调整。 如遇港股通临时停市、 港股通交易当日额度使用完毕而暂停或停止接受买入申报等特殊 情况， 基金管理人可考虑根据实际情况将成份证券的代理买入及结算价格顺延至下一港股通 交易日直至交易正常。 如遇成份证券长期停牌、 流动性不足等可能导致收盘价或最后成交价 不公允的特殊情况， 可参照证券的估值价格， 对结算价格进行调,2,1,补款的清算交收可按照其复牌后实际交易成本或者 基金管理人认为合理的价格办理。在此期间若该证券发生除息、送股（转增）、配股等重要 权益变动，则进行相应调整。 4）赎回替代金额的处理程序 基金管理人在 T 日内卖出组合证券中被替代的成份证券。 基金管理人有权在T 日内任意 时刻代投资者卖出组合证券中被替代的成份证券的任意数量。 正常情况下， 对于确认成功的 T 日赎回申请， 基金管理人根据T 日所卖出的被替代证券的实际单位卖出金额 （扣除相关费 用， 折算为人民币） 和未卖出的被替代证券T 日收盘价 （折算为人民币， 被替代证券当日在 证券交易所无交易的， 取最近交易日的收盘价； 交易日无收盘价的， 取最后成交价） 计算被 替代证券的单位结算金额， 在此基础上根据替代证券数量确定赎回替代金额。T 日后的第三 个港股通交易日后的一个工作日内， 基金管理人将应支付的成份证券赎回替代金额与相关申 购赎回代理券商办理交收， 当交收期间出现港股通交易日为非港股通交收日时， 款项交收日 期顺延。若发生特殊情况，基金管理人可以对交收日期进行相应调整。 如遇港股通临时停市等特殊情况， 成份证券的代理卖出及结算价格可依次顺延至下一港 34 股通交易日直至交易正常。 如遇成份证券长期停牌、 流动性不足等可能导致收盘价或最后成 交价不公允的特殊情况， 可参照证券的估值价格， 对结算价格进行,高的收益，也有可能损失 本金。投资有风险，投资人在进行投资决策前，请仔细阅读本基金的《招募说明书》《基 金合同》 及基金产品资料概要。 5、根据本基金现行适用的清算交收和申赎处理规则，投资者当日申购的基金份额，清 算交收完成后方可卖出和赎回，即 T 日申购的基金份额且日间完成 RTGS（实时逐笔全额结 算） 交收的，T 日可卖出和赎回， 而T 日申购的基金份额且日终完成逐笔全额非担保交收的， T+1 日方可卖出和赎回；T 日买入的基金份额，T 日可以赎回或卖出。 投资者投资于本基金前请认真阅读证券交易所和登记结算机构关于 ETF 的相关业务规 则及其不时的更新，确保具备相关专业知识、清楚了解相关规则流程后方可参与本基金的 申购、赎回及交易。投资者一旦申购或赎回本基金，即表示对基金申购和赎回所涉及的登 记方式以及申购赎回所涉及现金替代、现金差额等相关的交收方式及业务规则已经认可。 6、基金的过往业绩并不预示其未来表现，基金管理人管理的其他基金的业绩并不构成 对本基金表现的保证。 本基金有关财务数据截止日为 2026 年 3 月 31 日，净值表现截止日为 2026 年 3 月 31 日，主要人员情况截止日为 2026 年 5 月 29 日，除非另有说明，本招募说明书其他所载内 容截止日为 2026 年4 月16 日。（本报告中财务数据未经审计） I 目
21,513060,SH,SH,2026-06-01,2026-06-01,临时数据/513060/513060_更新招募说明书_20260601.txt,137729,1,交收与登记模式及申购、赎回方式，或新增本基金的清算交收与登记 模式并引入新的申购、赎回方式，详见“十、基金清算交收与登记模式的调整或新增”。 本基金申购业务采用实时逐笔全额结算（Real Time Gross Settlement）模式；赎 回业务涉及的现金替代可采用代收代付处理；申购、赎回业务涉及的现金差额和现金替代退 补款可采用代收代付处理。 投资人 T 日提交的申购申请受理后，如交易记录已勾单且申购资金足额的，登记结算机 构在 T 日日间实时办理基金份额及现金替代的交收；T 日日间未进行勾单确认或日间资金不 足的，登记结算机构在 T 日日终根据资金是否足额办理基金份额及现金替代的清算交收，并 将结果发送给基金管理人、申购赎回代理券商和基金托管人。登记结算机构在 T+1 日办理现 金差额的清算，在 T+2 日基金管理人通过登记结算机构的代收代付平台与申购赎回代理券商 办理现金差额的交收。 投资人 T 日提交的赎回申请受理后，登记结算机构在 T 日收市后为投资者办理基金份额 的清算交收。登记结算机构在 T+1 日办理现金差额的清算，在 T+2 日基金管理人通过登记结 算机构的代收代付平台与申购赎回代理券商办理现金差额的交收。赎回现金替代金额的清算 交收由基金管理人和申购赎回代理机构协商处理。正常情况下，赎回现金替,4,1,何交易日内交易（不包括平仓）的国债期货合约的成交 金额不得超过上一交易日基金资产净值的 30%； 5）本基金所持有的股票市值和买入、卖出股指期货合约价值，合计（轧差计算）应当 符合基金合同关于股票投资比例有关约定；本基金所持有的债券（不含到期日在一年以内的 政府债券）市值和买入、卖出国债期货合约价值，合计（轧差计算）应当符合基金合同关于 债券投资比例的有关约定； （12）本基金投资流通受限证券，基金管理人应制订严格的投资决策流程和风险控制制 度，防范流动性风险、法律风险和操作风险等各种风险； 博时恒生医疗保健交易型开放式指数证券投资基金(QDII)更新招募说明书 第 38页 共 162页 （13）本基金主动投资于流动性受限资产的市值合计不得超过基金资产净值的 15%；因 证券市场波动、上市公司股票停牌、基金规模变动等基金管理人之外的因素致使基金不符合 该比例限制的，基金管理人不得主动新增流动性受限资产的投资； （14）本基金与私募类证券资管产品及中国证监会认定的其他主体为交易对手开展逆回 购交易的，可接受质押品的资质要求应当与基金合同约定的投资范围保持一致； （15）本基金资产总值不得超过基金资产净值的 140%； （16）本基金每个交易日日终在扣除需缴纳的交易保证金后，应当保持不低于交易保证 金一倍的现金；其中现金不包括结算备付金、存出保证金和,0,2,,0,2,，该证券对应的现金替代退补款的清算交 收可在其复牌后按照实际交易成本办理。在此期间若该证券发生除息、送股（转增）、配股 等重要权益变动，则进行相应调整。 （d）赎回替代金额的处理程序 正常情况下，对于确认成功的 T 日赎回申请，T+1 日（指开放日）内（即 T 日及 T+1 日） 基金管理人根据赎回规模进行组合证券的代理卖出。T+1 日（指开放日）日终，基金管理人 根据所卖出的被替代证券的实际单位卖出金额（扣除相关费用，其中通过港股通卖出的交易 使用中国证券登记结算有限责任公司代理换汇后的人民币金额）和未卖出的被替代证券的 T+1 日（指开放日）收盘价（折算为人民币，折算汇率包括但不限于中国外汇交易中心公布 的北京时间 16:00 主要货币兑人民币参考汇率、中国人民银行或其授权机构最新公布的人民 币汇率中间价、与基金托管人商定的其他公允价格等；被替代组合证券 T+1 日（指开放日） 无交易的，取最近交易日的收盘价）计算被替代证券的单位结算金额，在此基础上根据替代 证券数量确定赎回替代金额。在此期间若该部分证券发生除息、送股（转增）、配股等重要 权益变动，则进行相应调整。 T+7 日（指开放日）内，基金管理人将应支付的赎回替代金额与相关申购赎回代理券商 办理交收。若发生特殊情况，基金管理人可以对交收日期进行相应调整。 如遇港股通临时停市等特殊情况，组合证券的代理卖出,信息披露监管方面与存托凭证发行地可能存在差异的风险； 不同国家或地区法律制度、监管环境差异可能导致的其他风险。 5、在目前结算规则下，投资者当日申购的基金份额，清算交收完成后方可卖出和赎回。 由于登记机构对现金替代采取非净额结算交收模式，当投资者赎回申请被登记机构确认后， 被赎回的基金份额即被记减，但此时投资者尚未收到赎回现金替代款。 6、基金合同生效后，连续 50 个工作日出现基金份额持有人数量不满二百人或者基金资 产净值低于五千万元情形的，本基金将根据基金合同的约定进行基金财产清算并终止，且无 需召开基金份额持有人大会。因此本基金有面临自动清算的风险。 7、投资有风险，投资者认购（或申购）基金时应仔细阅读本基金的招募说明书、基金 合同及基金产品资料概要等文件，了解本基金的风险收益特征，并根据自身的投资目的、投 资期限、投资经验、资产状况等判断基金是否和投资人的风险承受能力相适应。 8、本基金按照基金份额初始面值 1.00 元发售，在市场波动等因素的影响下，基金份额 净值可能低于基金份额初始面值。 9、基金管理人承诺以恪尽职守、诚实信用、谨慎勤勉的原则管理和运用基金资产，但 不保证本基金一定盈利，也不保证最低收益。当投资人赎回时，所得会高于或低于投资人先 前所支付的金额。本基金的过往业绩及其净值高低并不预示其未来业绩表现。基金管理人所 管理的其他基
22,520710,SH,SH,2026-06-15,2026-06-15,临时数据/520710/520710_更新招募说明书_20260615.txt,101318,6,交收方式已经认可。 根据本基金现行适用的清算交收和申赎处理规则，投资者当日申购的基金份额，清算交 收完成后方可卖出和赎回，即T 日申购的ETF 份额且日间完成 RTGS（实时逐笔全额结算）交 收，T 日可卖出与赎回， 而T 日申购的 ETF 份额且日终完成逐笔全额非担保交收的，T+1 日方 可卖出和赎回；T 日买入的基金份额，T 日可以赎回或卖出。 由于登记结算机构对现金替代采 取非净额结算交收模式，当投资者赎回申请被登记结算机构确认后，被赎回的基金份额即被 记减，但此时投资者尚未收到赎回现金替代款。投资者投资本基金时需具有证券账户，证券 账户是指上海证券交易所 A 股账户或上海证券交易所证券投资基金账户。 本基金以 1 元初始面值进行募集，在市场波动等因素的影响下，存在单位份额净值跌破 1 元初始面值的风险。 基金管理人提醒投资人基金投资的 “买者自负” 原则， 在投资人作出投 资决策后，基金运营状况与基金净值变化引致的投资风险，由投资人自行负责。 投资人在进行投资决策前，请仔细阅读本基金的《招募说明书》 《基金产品资料概要》及 《基金合同》 ，自主判断基金的投资价值，自主做出投资决策，自行承担投资风险。 基金的过往业绩并不预示其未来表现，基金管理人管理的其他基金的业绩并不构成对本 基金表现的保证。 本次更新,4,1,股指期货合约、国债期货合约和股票期权合约需缴纳的交易保证金后，应当保持不 低于交易保证金一倍的现金；本基金所持有的股票市值和买入、卖出股指期货合约价值，合 计（轧差计算）应当符合基金合同关于股票投资比例的有关约定； （3） 本基金投资于同一原始权益人的各类资产支持证券的比例， 不得超过基金资产净值 的 10%； （4）本基金持有的全部资产支持证券，其市值不得超过基金资产净值的 20%； （5）本基金主动投资于流动性受限资产的市值合计不得超过基金资产净值的15%，因证 券市场波动、上市公司股票停牌、基金规模变动等基金管理人之外的因素致使基金不符合该 比例限制的，基金管理人不得主动新增流动性受限资产的投资； （6）本基金持有的同一（指同一信用级别）资产支持证券的比例，不得超过该资产支持 证券规模的 10%； （7） 本基金管理人管理的全部基金投资于同一原始权益人的各类资产支持证券， 不得超 过其各类资产支持证券合计规模的 10%； （8）本基金应投资于信用级别评级为BBB 以上（含BBB）的资产支持证券。基金持有资 产支持证券期间，如果其信用等级下降、不再符合投资标准，应在评级报告发布之日起 3 个 月内予以全部卖出； （9） 基金财产参与股票发行申购， 本基金所申报的金额不超过本基金的总资产， 本基金 所申报的股票数量不超过拟发行股票公司本次发行股,1,0,际结算成 本，则基金管理人将退还多收取的差额；如果预先收取的申购现金替代保证金低于基金购入 该部分证券的实际结算成本，则基金管理人将向投资者收取欠缺的差额。 ③申购替代金额的处理程序 T 日，基金管理人根据申购赎回清单收取申购现金替代保证金。 对于确认成功的 T 日申购申请，在 T 日内，基金管理人以收到的申购现金替代保证金代 投资者买入被替代证券。在 T 日日终，基金管理人已买入的证券，依据申购现金替代保证金 与被替代证券的实际买入成本（包括买入价格与相关交易费用）的差额，确定基金应退还投 资者或投资者应补交的款项；未买入的证券，依据申购现金替代保证金与被替代证券 T 日收 盘价（需用最新汇率折算为人民币，当日在证券交易所无交易的，取最近交易日的收盘价， 当日无收盘价的，取最后成交价）的差额，确定基金应退还投资者或投资者应补交的款项。 33 正常情况下，T+3 日（指港股通交易日）内，基金管理人将应退款和补款的明细及汇总 数据发送给相关申购赎回代理机构和基金托管人，相关款项的清算交收将于此后 3 个工作日 内完成。 如遇证券长期停牌、流动性不足等特殊情况，可参照证券的估值价格对结算价格进行调 整，如果基金管理人认为该证券复牌后的价格可能存在较大波动，且可能对基金资产净值产 生较大影响，为了更好的维护持有人利益，该证券对应的现金替代退补款的清算交收可在其 复牌后按,1,2,中心正式对外发文后 公布的人民币兑主要外汇当日收盘价）等。 ④赎回对应的替代金额的处理程序 对于确认成功的 T 日赎回申请，在 T 日内，基金管理人根据赎回申请代投资者卖出被替 代证券。在 T 日日终，基金管理人已卖出的证券，按照被替代证券的实际卖出金额（扣除相 关费用）确定基金应支付的替代金额；未卖出的证券，按照被替代证券 T 日收盘价（需用最 新汇率折算为人民币，当日在证券交易所无交易的，取最近交易日的收盘价，当日无收盘价 的，取最后成交价）确定基金应支付给投资者的替代金额。 正常情况下，T+7 日（指港股通交易日）内，基金管理人将应支付的替代金额的明细及 汇总数据发送给登记结算机构，登记结算机构办理现金替代资金的清算，并将结果发送给相 关申购赎回代理机构和基金托管人，相关款项的清算交收将于此后 3 个工作日内完成。如遇 证券长期停牌、流动性不足等特殊情况，可参照证券的估值价格，对结算价格进行调整，如 果基金管理人认为该证券复牌后的价格可能存在较大波动，且可能对基金资产净值产生较大 影响，为了更好的维护持有人利益，该证券对应的现金替代款的清算交收可在其复牌后按照 实际交易成本办理。 在此期间若该证券发生除息、送股（转增） 、配股等重要权益变动，则进行相应调整。上 述汇率目前采用汇率公允价。汇率公允价包括中国人民银行或其授权机构最新公布的人民币 汇率中,回本基 金，即表示对基金认购、申购和赎回所涉及的基金份额的证券变更登记方式以及申购赎回所 涉及现金替代、现金差额等相关的交收方式已经认可。 根据本基金现行适用的清算交收和申赎处理规则，投资者当日申购的基金份额，清算交 收完成后方可卖出和赎回，即T 日申购的ETF 份额且日间完成 RTGS（实时逐笔全额结算）交 收，T 日可卖出与赎回， 而T 日申购的 ETF 份额且日终完成逐笔全额非担保交收的，T+1 日方 可卖出和赎回；T 日买入的基金份额，T 日可以赎回或卖出。 由于登记结算机构对现金替代采 取非净额结算交收模式，当投资者赎回申请被登记结算机构确认后，被赎回的基金份额即被 记减，但此时投资者尚未收到赎回现金替代款。投资者投资本基金时需具有证券账户，证券 账户是指上海证券交易所 A 股账户或上海证券交易所证券投资基金账户。 本基金以 1 元初始面值进行募集，在市场波动等因素的影响下，存在单位份额净值跌破 1 元初始面值的风险。 基金管理人提醒投资人基金投资的 “买者自负” 原则， 在投资人作出投 资决策后，基金运营状况与基金净值变化引致的投资风险，由投资人自行负责。 投资人在进行投资决策前，请仔细阅读本基金的《招募说明书》 《基金产品资料概要》及 《基金合同》 ，自主判断基金的投资价值，自主做出投资决策，自行承担投资风险。 基金的过往业绩并不预示其
23,513240,SH,SH,,2026-04-10,临时数据/513240/513240_招募说明书_20260410.txt,108795,2,3、申购和赎回的清算交收与登记 本基金申购和赎回过程中涉及的申购赎回对价和基金份额的交收适用业务 规则的规定和参与各方相关协议的有关规定。 本基金申购业务采用实时逐笔全额结算（Real Time Gross Settlement，简 称RTGS） 模式； 赎回业务涉及的现金替代采用代收代付处理； 申购、 赎回业务涉 及的现金差额和现金替代退补款采用代收代付处理。 1）申购的清算交收 投资者 T 日申购后， 如交易记录已勾单且申购资金足额的， 登记机构在T 日 日间实时办理基金份额及现金替代的交收；T 日日间未进行勾单确认或日间资金 不足的， 登记机构在T 日日终根据资金是否足额办理基金份额及现金替代的清算 交收， 并将结果发送给基金管理人、 申购赎回代理券商和基金托管人。 基金管理 人在T+1 日办理现金差额的清算， 并将结果发送给申购赎回代理券商、 基金管理 人和基金托管人。基金管理人与申购赎回代理券商在 T+2 日办理现金差额的交 收。 2）赎回的清算交收 投资者 T 日赎回成功后， 登记机构在T 日收市后为投资者办理基金份额的交 收， 在T+1 日办理现金差额的清算， 并将结果发送给申购赎回代理券商、 基金管 理人和基金托管人。 基金管理人与申购赎回代理券商在T+2 日办理现金差额的交 收。 赎回替代金额的,9,4,被替代证券， 或者不进行任何买入或卖出证券的操作， 基金管理人可能不买入或 不卖出被替代证券的情形包括但不限于市场流动性不足、 技术系统无法实现、 申 购赎回轧差以及基金管理人认为不应买入或卖出的其他情形。 按照目前的证券代理买卖规则， 正常情况下， 对于T日确认成功的申购或赎 回申请，基金管理人正常情况下将在 T日代理进行相关证券买卖，而对于T日未 买入或未卖出的部分证券，基金管理人将按该证券 T日收盘价（折算为人民币， 目前折算汇率采用T日估值汇率， 基金管理人可根据情况调整所使用的折算汇率， 并及时公告；被替代证券T日在证券交易所无交易的，取最近交易日的收盘价， 交易日无收盘价的， 取最后成交价） 计算被替代证券的单位结算成本或结算金额， 因此投资者需承受可能当天无法完成所有证券买卖、未完成买卖部分 及因轧差 处理而未买卖部分按收盘价结算、 结算成本或结算金额不确定 （含汇率波动、 未 完成买卖部分及因轧差处理而未 买卖部分的折算汇率与港股通结算汇率发生偏 离）等风险。 本基金参与内地与香港股票市场交易互联互通机制 （以下简称 “港股通机制” ） 下港股通相关业务， 基金资产投资于港股， 会面临港股通机制下因投资环境、 投 资标的、 市场制度以及交易规则等差异带来的特有风险， 包括港股市场股价波动 较大的风险 （港股市场实行T+0 回转交,1,0,同风险外， 如投资存托凭证的， 本基金还将面临投资存托凭证的特殊风 险，详见本招募说明书“风险揭示”章节。 基金管理人可在招募说明书规定的时间内以收到的替代金额代投资者买入 或卖出小于等于被替代证券数量的任意数量的被替代证券，实际买入被替代证 券的价格可能处于规定时间内较高的位置或处于最高价格，实际卖出被替代证 券的价格可能处于规定时间内较低的位置或处于最低价格，基金管理人对此不 承担责任。基金管理人有权根据基金投资的需要自主决定不买入或不卖出部分 被替代证券， 或者不进行任何买入或卖出证券的操作， 基金管理人可能不买入或 不卖出被替代证券的情形包括但不限于市场流动性不足、 技术系统无法实现、 申 购赎回轧差以及基金管理人认为不应买入或卖出的其他情形。 按照目前的证券代理买卖规则， 正常情况下， 对于T日确认成功的申购或赎 回申请，基金管理人正常情况下将在 T日代理进行相关证券买卖，而对于T日未 买入或未卖出的部分证券，基金管理人将按该证券 T日收盘价（折算为人民币， 目前折算汇率采用T日估值汇率， 基金管理人可根据情况调整所使用的折算汇率， 并及时公告；被替代证券T日在证券交易所无交易的，取最近交易日的收盘价， 交易日无收盘价的， 取最后成交价） 计算被替代证券的单位结算成本或结算金额， 因此投资者需承受可能当天无法完成所有证券买卖、未完成买卖部分 及,1,0,同风险外， 如投资存托凭证的， 本基金还将面临投资存托凭证的特殊风 险，详见本招募说明书“风险揭示”章节。 基金管理人可在招募说明书规定的时间内以收到的替代金额代投资者买入 或卖出小于等于被替代证券数量的任意数量的被替代证券，实际买入被替代证 券的价格可能处于规定时间内较高的位置或处于最高价格，实际卖出被替代证 券的价格可能处于规定时间内较低的位置或处于最低价格，基金管理人对此不 承担责任。基金管理人有权根据基金投资的需要自主决定不买入或不卖出部分 被替代证券， 或者不进行任何买入或卖出证券的操作， 基金管理人可能不买入或 不卖出被替代证券的情形包括但不限于市场流动性不足、 技术系统无法实现、 申 购赎回轧差以及基金管理人认为不应买入或卖出的其他情形。 按照目前的证券代理买卖规则， 正常情况下， 对于T日确认成功的申购或赎 回申请，基金管理人正常情况下将在 T日代理进行相关证券买卖，而对于T日未 买入或未卖出的部分证券，基金管理人将按该证券 T日收盘价（折算为人民币， 目前折算汇率采用T日估值汇率， 基金管理人可根据情况调整所使用的折算汇率， 并及时公告；被替代证券T日在证券交易所无交易的，取最近交易日的收盘价， 交易日无收盘价的， 取最后成交价） 计算被替代证券的单位结算成本或结算金额， 因此投资者需承受可能当天无法完成所有证券买卖、未完成买卖部分 及因轧差,"者在认购本基金时， 需按发售代理机构的规定， 备足认购资金， 办理认 购手续。 网上现金认购申请提交后， 投资者可以在当日交易时间内撤销指定的认 购申请。 5、清算交收 通过发售代理机构提交的网上现金认购申请， 由该发售代理机构冻结相应的 认购资金， 登记机构进行清算交收， 并将有效认购数据发送发售协调人， 发售协 调人将实际到位的认购资金划往基金管理人预先开设的基金募集专户。 6、认购确认 在基金合同生效后， 投资者可通过其办理认购的销售网点查询认购确认情况。 十二、网下现金认购 招募说明书 29 1、认购时间 详见基金份额发售公告， 具体业务办理时间由基金管理人或指定发售代理机 构确定。 2、认购金额和利息折算的份额的计算 （1）通过基金管理人进行网下现金认购的投资者，认购以基金份额申请， 认购金额的计算公式为： 认购金额＝认购价格×认购份额 总认购份额＝认购份额＋认购金额产生的利息/认购价格 通过基金管理人进行网下现金认购不收取认购费用。 例：某投资者通过基金管理人采用网下现金方式认购本基金 800,000 份，假 定认购金额产生的利息为 100 元，则该投资者的认购金额为： 认购金额＝1.00×800,000＝800,000.00 元 该投资者所得认购份额为： 总认购份额＝800,000＋100/1.00＝800,100 份 即，若该投资者通"
24,159105,SZ,SZ,2026-08-29,2026-08-29,临时数据/159105/159105_更新招募说明书_20260829.txt,101975,6,算风险、基金投资非公开信息泄露的风险等。 7、在目前结算规则下，投资者当日申购的基金份额，清算交 收完成后方可卖出和赎 回，即 T 日申购的基金份额且日间完成 RTGS（实时逐笔全额结算）交收的，T 日可卖出和 赎回，而 T 日申购的基金份额且日终完成逐笔全额非担保交收的，T+1 日方可卖出和赎回； T 日竞价买入的基金份额，T 日可以卖出或赎回；T 日大宗买入的基金份额，T 日可以大宗 卖出，T+1 日可以竞价卖出或赎回。 投资者投资于本基金前请认真阅读证券交易所和登记结算机构关于 ETF 的相关业务规 则及其不时的更新，确保具备相关专业知识、清楚了解相关规则流程后方可参与本基金的 申购、赎回及交易。投资者一旦申购或赎回本基金，即表示对基金 申购和赎回所涉及的登 记方式以及申购赎回所涉及现金替代、现金差额等相关的交收方式及业务规则已经认可。 8、基金管理人提醒投资者基金投资的“买者自负”原则，在投资者作出投资决策后， 基金运营状况与基金净值变化引致的投资风险，由投资者自行负责。此外，本基金以 1 元 初始面值进行募集，在市场波动等因素的影响下，存在单位份额净值跌破 1 元初始面值的 风险。 9、基金不同于银行储蓄，基金投资人投资于基金有可能获得较高的收益，也有可能 损失本金。投资有风险，投资人在进行投资决策前,4,4,整后 T 日开盘参考价并按照 T-1 日估值汇率换算或基金管理人认为合理的其他方法。 （4）在系统支持的情况下，对于 T 日的申购赎回申请，基金管理人有权进行轧差处理， 针对净申购，购入净申购份额对应的组合证券中被替代的成份证券，针对净赎回，卖 出净 赎回份额对应的组合证券中被替代的成份证券，基金管理人有权购入或者卖出不等于 轧差 处理后的上述被替代的成份证券的任意数量。 （5）基金管理人可根据运作情况调整代理申赎投资者买券卖券的相关规则并按规定公 告。 （6）未来如港股通的交易、结算规则发生改变，或深圳证券交易所、登记结算机构有 关申购赎回交易结算规则发生改变，或基金管理人与基金托管人之间的结算相关安排 发生 改变等，基金管理人可对上述相关现金替代处理规则进行调整，并按规定公告。 5、预估现金差额相关内容 预估现金差额是指为便于计算基金份额参考净值及申购赎回代理券商预先冻结申 请申 购、赎回的投资者的相应资金，由基金管理人计算的现金数额。 36 T 日申购赎回清单中公告 T 日预估现金差额。其计算公式为： T 日预估现金差额＝T-1 日最小申购、赎回单位的基金资产净值－（申购赎回清单中必 须现金替代成份证券的替代金额+申购赎回清单中可以现金替代成份证券的数量、调整后 T 日开盘参考价以及 T-1 日估值汇率的乘积之和） 其中，该证券调整后 T,2,0,投资者收取欠缺的差额。 基金管理人可以根据市场情况和实际需要确定和调整申购现金替代保证金率 ，具 体的 申购现金替代保证金率以申购赎回清单公告为准。 34 3）申购替代金额的处理程序 T 日，基金管理人在申购赎回清单中公布申购现金替代保证金率，并据此收取申 购替 代金额。 基金管理人在 T 日内购入组合证券中被替代的成份证券。基金管理人有权在 T 日内任 意时刻，以收到的申购替代金额代投资者购入组合证券中被替代的成份证券的任意数 量。 正常情况下，对于确认成功的 T 日申购申请，基金管理人根据 T 日所购入的被替代证券的 实际单位购入成本（包括买入价格与相关费用，折算为人民币）和未买入的被替代 证券 T 日收盘价（折算为人民币，被替代证券当日在证券交易所无交易的，取最近交易日的 收盘 价；交易日无收盘价的，取最后成交价）计算被替代证券的单位结算成本，在此基础 上根 据替代证券数量和申购替代金额确定基金应退还投资者或投资者应补交的款项。T 日 后的 三个港股通交易日内，基金管理人将成份证券的应退款或补款与相关申购赎回代理券 商办 理交收，当交收期间出现港股通交易日为非港股通交收日时，款项交收日期顺延。若 发生 特殊情况，基金管理人可以对交收日期进行相应调整。 如遇港股通临时停市、港股通交易当日额度使用完毕而暂停或停止接受买入申报 等特 殊情况，基金管理人可考虑根据实,2,4,清算交收可按照其复牌后 实际 交易成本 或者基金管理人认为合理的价格 办理。在此期间若该证券发生除息、送股（转 增）、配股等重要权益变动，则进行相应调整。 4）赎回替代金额的处理程序 基金管理人在 T 日内卖出组合证券中被替代的成份证券。基金管理人有权在 T 日内任 意时刻代投资者卖出组合证券中被替代的成份证券的任意数量。正常情况下，对于确 认成 功的T 日赎回申请，基金管理人根据T 日所卖出的被替代成份证券的实际单位卖出金额（扣 除相关费用，折算为人民币）和未卖出的被替代成份证券的 T 日收盘价（折算为人民币， 被替代证券当日在证券交易所无交易的，取最近交易日的收盘价；交易日无收盘价的 ，取 最后成交价）计算被替代成份证券的单位结算金额，在此基础上根据替代 成份证券数 量确 定赎回替代金额。T 日后的第3 个港股通交易日后的1 个工作日内，基金管理人将应支付的 35 成份证券赎回替代金额与相关申购赎回代理券商办理交收，当交收期间出现港股通交 易日 为非港股通交收日时，款项交收日期顺延。若发生特殊情况，基金管理人可以对交收 日期 进行相应调整。 如遇港股通临时停市等特殊情况，组合证券的代理卖出及结算价格可依次顺延至 下一 港股通交易日直至交易正常。如遇证券长期停牌、流动性不足等可能导致收盘价或最 后成 交价不公允的特殊情况，可参照证券的估值价格，对结算价格进行调整,为准。投资人可通过其办理申购、赎回的申购赎 回代 理券商或以申购赎回代理券商规定的其他方式查询有关申请的确认情况。 在目前结算规则下，投资者当日申购的基金份额，清算交收完成后可卖出和赎回 ，即 T 日申购的ETF 份额且日间完成RTGS（实时逐笔全额结算）交收的，T 日可卖出与赎回，而 T 日申购的 ETF 份额且日终完成逐笔全额非担保交收的，T+1 日方可卖出和赎回；T 日竞价 买入的基金份额，T 日可以卖出或赎回；T 日大宗买入的基金份额，T 日可以大宗卖出，T+1 日可以竞价卖出或赎回。 3、申购和赎回的清算交收与登记 本基金申购、赎回过程中涉及的基金份额、现金替代、现金差额及其他对价的清 算交 收适用深圳证券交易所、中国证券登记结算有限责任公司相关业务规则和参与各方相 关协 议及其不时修订的有关规定。 本基金申购业务采用实时逐笔全额结算（Real Time Gross Settlement ，以下简称 RTGS）模式；赎回业务涉及的现金替代采用代收代付处理；申购、赎回业务涉及的现 金差 额和现金替代退补款采用代收代付处理。 投资者 T 日申购成功后，正常情况下，登记结算机构在 T 日为投资者办理基金份额与 现金替代等的交收，并将结果发送给申购赎回代理券商、基金管理人和基金托管人。 基金 31 管理人与申购赎回代理券商在 T+3 日内办理现金差
25,159711,SZ,SZ,2026-05-29,2026-05-29,临时数据/159711/159711_更新招募说明书_20260529.txt,111759,0,,1,0,不卖出部分被替代证券，或者不进行任何买入或卖出证券的操作，基 金管理人可能不买入或不卖出被替代证券的情形包括但不限于市场流动性不足、技术系统 无法实现、申购赎回轧差以及基金管理人认为不应买入或卖出的其他情形。 14、基金收益分配后基金份额净值低于面值的风险 基于本基金的性质和特点，本基金收益分配不以弥补亏损为前提，收益分配后可能存 在基金份额净值低于面值的风险。 15、第三方机构服务的风险 华夏中证港股通 50 交易型开放式指数证券投资基金招募说明书（更新） 97 基金的多项服务委托第三方机构办理，存在以下风险： （1）申购赎回代理券商因多种原因，导致代理申购、赎回业务受到限制、暂停或终止， 由此影响对投资者申购赎回服务的风险。 （2）登记机构可能调整结算制度，如实施货银对付制度，对投资者基金份额、组合证 券及资金的结算方式发生变化，制度调整可能给投资者带来理解偏差的风险。同样的风险 还可能来自于证券交易所及其他代理机构。 （3）证券交易所、登记机构、基金托管人、申购赎回代理券商及其他代理机构可能违 约，导致基金或投资者利益受损的风险。 （二）声明 1、本基金未经任何一级政府、机构及部门担保。投资者自愿投资于本基金，须自行承 担投资风险。 2、除基金管理人直接办理本基金的销售外，本基金或还通过销售机构销售，但是，本 基金并不是销售机构的存款或负债,1,0,际结算成本）， 则基金管理人将退还多收取的差额；如果预先收取的金额低于基金买入证券的实际成本（或 证券实际结算成本），则基金管理人将向投资者收取欠缺的差额。 ②申购替代金额的处理程序 对于确认成功的 T 日申购申请，T 日内基金管理人根据申购规模进行组合证券的代理买 入，通常情况下代理买入在 T 日接近收盘时点完成。T 日日终，基金管理人根据所购入的被 替代证券的实际单位购入成本（包括买入价格与相关费用）和未买入的被替代证券的 T 日 收盘价（折算为人民币，折算汇率采用当天的估值汇率；T 日在证券交易所无交易的，取最 近交易日的收盘价；交易日无收盘价的，取最后成交价）计算被替代证券的单位结算成本， 在此基础上根据替代证券数量和申购现金替代金额确定基金应退还投资者或投资者应补交 的款项。正常情况下，T 日后的第 2 个港股通交易日后的 2 个工作日内，基金管理人将应退 款和补款与相关申购赎回代理机构办理交收。若发生特殊情况，基金管理人可以对交收日期 进行相应调整。 如遇港股通临时停市、港股通交易每日额度或总额度不足等特殊情况，组合证券的代 理买入及结算价格可依次顺延至下一港股通交易日直至交易正常。如遇证券长期停牌、流动 性不足等可能导致收盘价或最后成交价不公允的特殊情况，可参照证券的估值价格，对结算 价格进行调整，如果基金管理人认为该证券复牌后的价格可能存在较大波动,1,0,有人利益，该证券对应的现金替代款的清算交收 可在其复牌后按照实际交易成本办理。在此期间若该证券发生除息、送股（转增）、配股等 重要权益变动，则进行相应调整。 ③赎回替代金额的处理程序 华夏中证港股通 50 交易型开放式指数证券投资基金招募说明书（更新） 49 对于确认成功的 T 日赎回申请，T 日内，基金管理人根据赎回规模进行组合证券的代理 卖出，通常情况下代理卖出在 T 日接近收盘时点完成。T 日日终，基金管理人根据所卖出的 被替代证券的实际单位卖出金额（扣除相关费用）和未卖出的被替代证券的 T 日收盘价（折 算为人民币，折算汇率采用当天的估值汇率；T 日在证券交易所无交易的，取最近交易日的 收盘价；交易日无收盘价的，取最后成交价）计算被替代证券的单位结算金额，在此基础上 根据替代证券数量确定赎回替代金额。正常情况下，T 日后的第 3 个港股通交易日后的 2 个 工作日内，基金管理人将应支付的赎回替代金额与相关申购赎回代理机构办理交收。若发生 特殊情况，基金管理人可以对交收日期进行相应调整。 如遇港股通临时停市等特殊情况，组合证券的代理卖出及结算价格可依次顺延至下一 港股通交易日直至交易正常。如遇证券长期停牌、流动性不足等可能导致收盘价或最后成交 价不公允的特殊情况，可参照证券的估值价格，对结算价格进行调整，如果基金管理人认为 该证券复牌后的价格可能存在较大波动,和销售机构提供的评级结果为准。 本基金为交易型开放式指数证券投资基金（ETF），在深圳证券交易所上市。由于本基 金的标的指数组合证券为香港交易所证券，基金份额的清算交收与境内普通 ETF 存在一定 差异。通常情况下，T 日申购的基金份额在交收完成后可以卖出或赎回。投资者认购本基金 时需具有深圳证券账户，但需注意，使用基金账户只能参与本基金的现金认购和二级市场交 易，如投资者需要参与基金的申购、赎回，则应使用 A 股账户。本基金以人民币募集和计 华夏中证港股通 50 交易型开放式指数证券投资基金招募说明书（更新） 2 价，本基金可投资于香港市场以港币计价的金融工具，人民币对港币的汇率的波动可能加大 基金净值的波动，从而对基金业绩产生一定影响。 本基金可投资存托凭证，基金净值可能受到存托凭证的境外基础证券价格波动影响， 存托凭证的境外基础证券的相关风险可能直接或间接成为本基金的风险。 投资有风险，投资者在投资本基金之前，请仔细阅读本基金的招募说明书、基金合同、 基金产品资料概要，全面认识本基金的风险收益特征和产品特性，并充分考虑自身的风险 承受能力，理性判断市场，谨慎做出投资决策。投资者应当认真阅读并完全理解基金合同 第二十一部分规定的免责条款、第二十二部分规定的争议处理方式。 基金的过往业绩并不预示其未来表现。 基金管理人依照恪尽职守、诚实信用、谨慎勤
26,159718,SZ,SZ,2026-07-08,2026-07-08,临时数据/159718/159718_更新招募说明书_20260708.txt,119768,1,现金替代、现金差额及其他对价的清算交收 适用相关业务规则和参与各方相关协议及其不时修订的有关规定。 本基金现金申购业务中的现金替代采用逐笔全额结算（T 日日间 RTGS 交收 +T 日日 终逐笔全额非担保交收）处理；现金赎回业务中的现金替代采用代收代付处理；现金申购、 赎回业务涉及的现金差额和现金替代退补款采用代收代付处理。 平安中证港股通医药卫生综合交易型开放式指数证券投资基金招募说明书（更新） 35 投资者 T 日现金申购后，登记机构在 T 日为投资者办理基金份额登记 以及现金替代 的交收，并将结果发送给基金管理人、申购赎回代理券商和基金托管人。基金管理人在 T+1 日办理现金差额的清算，在 T+2 日办理现金差额的交收。 投资者 T 日提交的现金赎回申请受理后，登记结算机构在 T 日收市后为投资者办理基 金份额的清算，在 T 日办理基金份额的交收，并将结果发送给基金管理人、申购赎回代理 券商和基金托管人。基金管理人在 T+1 日办理现金差额的清算，在 T+2 日办理现金差额的 交收。现金赎回替代款的清算交收由基金管理人和申购赎回代理券商协商处理，正常情况 下，该款项的清算交收于 T+7 日（指开放日）内办理，但如果出现港股暂停交易或交收、 流动性不足等原因导致无法足额卖出，则该款项的清算交收可延迟办理。,6,0,）本基金在任何交易日日终，持有的卖出股指期货合约价值不得超过本基金持有的股 票总市值的 20%； 4）本基金所持有的股票市值和买入、卖出股指期货合约价值，合计（轧差计算）应当 符合基金合同关于股票投资比例的有关约定； 5）本基金在任何交易日内交易（不包括平仓）的股指期货合约的成交金额不得超过上 一交易日基金资产净值的 20%； （10）本基金参与国债期货交易，应当符合下列投资限制： 1）本基金在任何交易日日终，持有的买入国债期货合约价值，不得超过基金资产净值 的 15%； 2）本基金在任何交易日日终，持有的卖出国债期货合约价值不得超过基金持有的债券 总市值的 30%； 3）本基金在任何交易日内交易（不包括平仓）的国债期货合约的成交金额不得超过上 一交易日基金资产净值的 30%； 4）本基金所持有的债券（不含到期日在一年以内的政府债券）市值和买入、卖出国债 期货合约价值，合计（轧差计算）应当符合基金合同关于债券投资比例的有关约定； （11）每个交易日日终在扣除股指期货、国债期货、股票期权合约需缴纳的交易保证 金后，应当保持不低于交易保证金一倍的现金； （12）本基金的基金资产总值不得超过基金资产净值的 140%； （13）本基金参与融资的，每个交易日日终，本基金持有的融资买入股票与其他有价 证券市值之和，不得超过基金资产净值的 95%； （14）本,1,0,的代理买入。基金管理人有权在 T 日（指开放日）内任意时刻以收到的申购替代金 平安中证港股通医药卫生综合交易型开放式指数证券投资基金招募说明书（更新） 38 额代投资者买入小于等于被替代证券数量的任意数量的被替代证券。基金管理人有权根据 基金投资的需要自主决定不买入部分被替代证券，或者不进行任何买入证券的操作。T 日 （指开放日）日终，基金管理人根据所购入的被替代证券的实际单位购入成本（包括买入 价格与相关费用，折算为人民币）和未买入的被替代证券的 T 日（指开放日）收盘价（折 算为人民币， T 日（指开放日）在证券交易所无交易的，取最近交易日的收盘价；交易日 无收盘价的，取最后成交价）计算被替代证券的单位结算成本，在此基础上根据替代证券 数量和申购现金替代金额确定基金应退还投资者或投资者应补交的款项。正常情况下，T+5 日（指开放日）内，基金管理人将应退款或补款与相关申购赎回代理机构办理交收。若发 生特殊情况，基金管理人可以对交收日期进行相应调整。上述汇率目前采用汇率公允价。 汇率公允价包括但不限于港股通结算汇兑比率、中国外汇交易中心最新收盘价、中国外汇 交易中心参考汇率或交易汇率、中国人民银行或其授权机构最新公布的人民币汇率中间价、 基金管理人与基金托管人商定的其他公允价格等。 对于确认成功的 T 日赎回申请，T 日（指开放日）内基金管理人根据赎回规,1,0,公允价格等。 对于确认成功的 T 日赎回申请，T 日（指开放日）内基金管理人根据赎回规模进行组 合证券的代理卖出。基金管理人有权在 T 日（指开放日）内任意时刻代投资者卖出小于等 于被替代证券数量的任意数量的被替代证券。基金管理人有权根据基金投资的需要自主决 定不卖出部分被替代证券，或者不进行任何卖出证券的操作。T 日（指开放日）日终，基 金管理人根据所卖出的被替代证券的实际单位卖出金额（扣除相关费用，折算为人民币） 和未卖出的被替代证券的 T 日（指开放日）收盘价（折算为人民币，被替代证券 T 日（指 开放日）在证券交易所无交易的，取最近交易日的收盘价；交易日无收盘价的，取最后成 交价）计算被替代证券的单位结算金额，在此基础上根据替代证券数量确定赎回替代金额。 在此期间若该部分证券发生除息、送股（转增）、配股等重要权益变动，则进行相应调整。 T+5 日（指开放日）内，基金管理人将应退款或补款与相关申购赎回代理机构办理交收。 若发生特殊情况，基金管理人可以对交收日期进行相应调整。上述汇率目前采用汇率公允 价。汇率公允价包括但不限于港股通结算汇兑比率、中国外汇交易中心最新收盘价、中国 外汇交易中心参考汇率或交易汇率、中国人民银行或其授权机构最新公布的人民币汇率中 间价、基金管理人与基金托管人商定的其他公允价格等。 如遇港股临时停市等特殊情况，组合证券的代理,时须持有足够的基金份额余额和现金，否则所提交的申购、赎回申请无效。 2、申购和赎回申请的确认 本基金申购赎回过程中涉及的基金份额、现金替代、现金差额及其他对价的清算交收 适用相关业务规则和参与各方相关协议及其不时修订的有关规定，详见本基金招募说明书 及其更新。 如果登记结算机构和基金管理人在清算交收时发现不能正常履约的情形，则依据业务 规则和参与各方相关协议及其不时修订的有关规定进行处理。 基金管理人、深圳证券交易所、登记结算机构可在法律法规允许的范围内对基金份额 申购赎回的程序以及清算交收和登记的办理时间、方式、处理规则等进行调整，基金管理 人应最迟于开始实施前依照《信息披露办法》的有关规定在规定媒介上公告。 3、申购和赎回的清算交收与登记 本基金申购赎回过程中涉及的基金份额、现金替代、现金差额及其他对价的清算交收 适用相关业务规则和参与各方相关协议及其不时修订的有关规定。 本基金现金申购业务中的现金替代采用逐笔全额结算（T 日日间 RTGS 交收 +T 日日 终逐笔全额非担保交收）处理；现金赎回业务中的现金替代采用代收代付处理；现金申购、 赎回业务涉及的现金差额和现金替代退补款采用代收代付处理。 平安中证港股通医药卫生综合交易型开放式指数证券投资基金招募说明书（更新） 35 投资者 T 日现金申购后，登记机构在 T 日为投资者办理基金份额登记 以
27,513600,SH,SH,2025-11-25,2025-11-25,临时数据/513600/513600_更新招募说明书_20251125.txt,114344,2,清算交收与登记 本基金申购赎回过程中涉及的基金份额和申购赎回对价的清算交收适用相关 《业务规则》 和参与各方相关协议及其不时修订的有关规定。 本基金申购业务采用实时逐笔全额结算 （Real Time Gross Settlement， 以下简称RTGS） 模式；赎回业务涉及的现金替代可采用代收代付处理；申购、赎回业务涉及的现金差额和现 金替代退补款可采用代收代付处理。 投资者T日现金申购后，如交易记录已勾单且申购资金足额的，登记机构在T日日间实 时办理基金份额及现金替代的交收；T日日间未进行勾单确认或日间资金不足的，登记机构 在T日日终根据资金是否足额办理基金份额及现金替代的清算交收， 在T+1日办理现金差额 的清算，并将结果发送给基金管理人、申购赎回代理券商和基金托管人。基金管理人与申购 赎回代理券商在T+2日办理现金差额的交收。 投资者T 日赎回申请受理后，登记机构在T 日收市后为投资者办理基金份额的清算交 收，在T+1日办理现金差额的清算，并将结果发送给基金管理人、申购赎回代理券商和基金 托管人。 基金管理人与申购赎回代理券商在T+2日通过登记机构的代收代付平台办理现金差 南方恒生交易型开放式指数证券投资基金招募说明书（2025年11月更新） 54 额的交收。现金赎回替代款的清算交收由基金管理人和申购赎回代理,0,1,,0,0,,0,0,,"3 在投资人作出投资决策后，基金运营状况、基金份额上市交易价格波动与基金净值变化引致 的投资风险，由投资人自行负责。 在目前结算规则下，投资者申购的基金份额，清算交收完成后方可卖出和赎回。当日买 入的基金份额，当日可以赎回。 本基金标的指数为恒生指数。恒生指数以香港股票市场中的50家上市股票为成份股样 本，以其发行量为权数的加权平均股价指数，是反映香港股市价幅趋势最有影响的一种股价 指数。 有关标的指数具体编制方案及成份股信息详见恒生指数有限公司网站，网址： www.hsi.com.hk。 本次更新主要涉及申购赎回清单版本、基金管理人信息等更新，并已在招募说明书中对 相关表述做出了修订。其他信息内容截止日为2025年8月25日,有关财务数据和净值表现 截止日为2025年6月30日（未经审计）。 南方恒生交易型开放式指数证券投资基金招募说明书（2025年11月更新） 4 目录 §1 绪言..............................................................................................................................................5 §2 释义...................................."
28,159792,SZ,SZ,2026-08-18,2026-08-18,临时数据/159792/159792_更新招募说明书_20260818.txt,113865,5,资者自行负责。 5、根据本基金现行适用的清算交收和申赎处理规则，投资者当日申购的基 金份额，清算交收完成后方可卖出和赎回，即 T 日申购的基金份额且日间完成 RTGS（实时逐笔全额结算）交收的，T 日可卖出和赎回，而T 日申购的基金份额 且日终完成逐笔全额非担保交收的，T+1 日方可卖出和赎回；T 日竞价买入的基 金份额，T 日可以卖出或赎回；T 日大宗买入的基金份额，T 日可以大宗卖出， T+1 日可以竞价卖出或赎回。 6、投资有风险，投资者认购（或申购）基金时应认真阅读本招募说明书、 基金合同和基金产品资料概要等信息披露文件， 全面认识本基金产品的风险收益 特征和产品特性， 自主判断基金的投资价值， 并根据自身的投资目的、 投资期限、 投资经验、 资产状况等判断本基金是否和自身的风险承受能力相适； 投资者应充 分考虑自身的风险承受能力，理性判断市场，对认购（或申购）基金的意愿、时 机、 数量等投资行为作出独立决策， 获得基金投资收益， 亦自行承担基金投资中 出现的各类风险。 7、 本基金基金合同生效后， 连续50 个工作日出现基金份额持有人数量不满 200 人或者基金资产净值低于 5000 万元情形的，基金合同终止，不需召开基金 份额持有人大会。因而，本基金存在着无法存续的风险。 8、因基金合同而产生的或,0,1,,2,0,际结算成本， 则基金管理人将退还多收取的差额； 如果预先收取的申购替代金额低于基金购入 该部分组合证券的实际结算成本，则基金管理人将向投资人收取欠缺的差额。 ③申购替代金额的处理程序 对于确认成功的 T 日申购申请，T 日内基金管理人根据申购规模进行组合证 券的代理买入。 基金管理人有权根据基金投资的需要自主决定不买入部分被替代 证券，或者不进行任何买入证券的操作。T 日日终，基金管理人根据所购入的被 替代组合证券的实际单位购入成本、 实际购入的相关费用 （实际购入金额根据港 股通相关业务规则按当天的港股通卖出结算汇兑比率结算为人民币） 、未购入的 被替代组合证券的 T 日收盘价 （折算为人民币， 折算汇率采用基金管理人和基金 托管人商定的汇率公允价， 包括中国外汇交易中心公布的北京时间16:00 参考汇 率、 港股通买入结算汇兑比率和卖出结算汇兑比率的算术平均值、 中国人民银行 或其授权机构公布的人民币汇率中间价、与基金托管人商定的其他公允价格等； 被替代组合证券 T 日无交易的， 取最近交易日的收盘价； 交易日无收盘价的， 取 最后收盘价） 计算并确定被替代组合证券的单位结算成本， 在此基础上根据替代 组合证券数量和申购现金替代保证金确定基金应退还投资人的款项或投资人应 补交的款项。 若发生特殊情况， 包括如遇港股通结算异常等， 基金管理人可以对 折算汇率和结,2,3,该证券对应的现金替代款的清算交收可在其复牌后按照实际交 易成本办理。 在此期间若该证券发生除息、 送股 （转增） 、 配股等重要权益变动， 则进行相应调整。 ④赎回替代金额的处理程序 对于确认成功的 T 日赎回申请，T 日内基金管理人根据赎回规模进行组合证 券的代理卖出。 基金管理人有权根据基金投资的需要自主决定不卖出部分被替代 证券， 或者不进行任何卖出证券的操作。T 日内基金管理人根据所卖出的被替代 组合证券的实际单位卖出成本、 实际卖出的相关费用 （实际卖出金额根据港股通 相关业务规则按当天的港股通买入结算汇兑比率结算为人民币） 、未卖出的被替 代组合证券的 T 日收盘价 （折算为人民币， 折算汇率采用基金管理人和基金托管 人商定的汇率公允价，包括中国外汇交易中心公布的北京时间 16:00 参考汇率、 港股通买入结算汇兑比率和卖出结算汇兑比率的算术平均值、 中国人民银行或其 授权机构公布的人民币汇率中间价、 与基金托管人商定的其他公允价格等； 被替 代组合证券 T 日无交易的， 取最近交易日的收盘价； 交易日无收盘价的， 取最后 收盘价） 计算并确定被替代组合证券的单位结算成本， 在此基础上根据替代组合 证券数量确定赎回替代金额。 若发生特殊情况， 包括如遇港股通结算异常等， 基 金管理人可以对折算汇率和结算成本进行相应调整。T 日后的第 4 个港股通交收,提醒投资者基金投资的 “买者自负” 原则， 在投资者作出投资决策后， 基金运营状况与基金净值变化引致的投资风险， 由投 资者自行负责。 5、根据本基金现行适用的清算交收和申赎处理规则，投资者当日申购的基 金份额，清算交收完成后方可卖出和赎回，即 T 日申购的基金份额且日间完成 RTGS（实时逐笔全额结算）交收的，T 日可卖出和赎回，而T 日申购的基金份额 且日终完成逐笔全额非担保交收的，T+1 日方可卖出和赎回；T 日竞价买入的基 金份额，T 日可以卖出或赎回；T 日大宗买入的基金份额，T 日可以大宗卖出， T+1 日可以竞价卖出或赎回。 6、投资有风险，投资者认购（或申购）基金时应认真阅读本招募说明书、 基金合同和基金产品资料概要等信息披露文件， 全面认识本基金产品的风险收益 特征和产品特性， 自主判断基金的投资价值， 并根据自身的投资目的、 投资期限、 投资经验、 资产状况等判断本基金是否和自身的风险承受能力相适； 投资者应充 分考虑自身的风险承受能力，理性判断市场，对认购（或申购）基金的意愿、时 机、 数量等投资行为作出独立决策， 获得基金投资收益， 亦自行承担基金投资中 出现的各类风险。 7、 本基金基金合同生效后， 连续50 个工作日出现基金份额持有人数量不满 200 人或者基金资产净值低于 5000 万元情形的，基金合同终止，不需召开基金
29,513810,SH,SH,2026-07-20,2026-07-20,临时数据/513810/513810_更新招募说明书_20260720.txt,125433,0,,1,1,不卖出部分被替代证券，或者不进行任何买入或卖出证券的操作，基 金管理人可能不买入或不卖出被替代证券的情形包括但不限于市场流动性不足、技术系统 无法实现、申购赎回轧差以及基金管理人认为不应买入或卖出的其他情形。 14、基金收益分配后基金份额净值低于面值的风险 本基金收益分配原则为使收益分配后基金累计报酬率尽可能贴近标的指数同期累计报 酬率。基于本基金的性质和特点，本基金收益分配不以弥补亏损为前提，收益分配后可能 存在基金份额净值低于面值的风险。 15、第三方机构服务的风险 基金的多项服务委托第三方机构办理，存在以下风险： （1） 申购赎回代理券商因多种原因， 导致代理申购、 赎回业务受到限制、 暂停或终止， 由此影响对投资者申购赎回服务的风险。 （2）登记机构可能调整结算制度，如实施货银对付制度，对投资者基金份额、组合证 券及资金的结算方式发生变化，制度调整可能给投资者带来理解偏差的风险。同样的风险 还可能来自于证券交易所及其他代理机构。 华夏中证香港内地国有企业交易型开放式指数证券投资基金（QDII）招募说明书（更新） 18 （3）证券交易所、登记机构、基金托管人、申购赎回代理券商、指数合作机构及其他 代理机构可能违约，导致基金或投资者利益受损的风险。 （三）声明 1、本基金未经任何一级政府、机构及部门担保。投资者自愿投资于本基金，须自行承 担投,0,3,照新的最小申购、赎回单位全部赎回，而只能在二 级市场卖出全部或部分基金份额。 13、申购赎回的代理买卖风险 基金管理人可在招募说明书规定的时间内以收到的替代金额代投资者买入或卖出小于 等于被替代证券数量的任意数量的被替代证券，实际买入被替代证券的价格可能处于规定 时间内较高的位置或处于最高价格，实际卖出被替代证券的价格可能处于规定时间内较低 的位置或处于最低价格，基金管理人对此不承担责任。基金管理人有权根据基金投资的需 要自主决定不买入或不卖出部分被替代证券，或者不进行任何买入或卖出证券的操作，基 金管理人可能不买入或不卖出被替代证券的情形包括但不限于市场流动性不足、技术系统 无法实现、申购赎回轧差以及基金管理人认为不应买入或卖出的其他情形。 14、基金收益分配后基金份额净值低于面值的风险 本基金收益分配原则为使收益分配后基金累计报酬率尽可能贴近标的指数同期累计报 酬率。基于本基金的性质和特点，本基金收益分配不以弥补亏损为前提，收益分配后可能 存在基金份额净值低于面值的风险。 15、第三方机构服务的风险 基金的多项服务委托第三方机构办理，存在以下风险： （1） 申购赎回代理券商因多种原因， 导致代理申购、 赎回业务受到限制、 暂停或终止， 由此影响对投资者申购赎回服务的风险。 （2）登记机构可能调整结算制度，如实施货银对付制度，对投资者基金份额、组合证,0,3,照新的最小申购、赎回单位全部赎回，而只能在二 级市场卖出全部或部分基金份额。 13、申购赎回的代理买卖风险 基金管理人可在招募说明书规定的时间内以收到的替代金额代投资者买入或卖出小于 等于被替代证券数量的任意数量的被替代证券，实际买入被替代证券的价格可能处于规定 时间内较高的位置或处于最高价格，实际卖出被替代证券的价格可能处于规定时间内较低 的位置或处于最低价格，基金管理人对此不承担责任。基金管理人有权根据基金投资的需 要自主决定不买入或不卖出部分被替代证券，或者不进行任何买入或卖出证券的操作，基 金管理人可能不买入或不卖出被替代证券的情形包括但不限于市场流动性不足、技术系统 无法实现、申购赎回轧差以及基金管理人认为不应买入或卖出的其他情形。 14、基金收益分配后基金份额净值低于面值的风险 本基金收益分配原则为使收益分配后基金累计报酬率尽可能贴近标的指数同期累计报 酬率。基于本基金的性质和特点，本基金收益分配不以弥补亏损为前提，收益分配后可能 存在基金份额净值低于面值的风险。 15、第三方机构服务的风险 基金的多项服务委托第三方机构办理，存在以下风险： （1） 申购赎回代理券商因多种原因， 导致代理申购、 赎回业务受到限制、 暂停或终止， 由此影响对投资者申购赎回服务的风险。 （2）登记机构可能调整结算制度，如实施货银对付制度，对投资者基金份额、组合证 券及资,金管理人有权予以拒绝。 本基金为交易型开放式指数证券投资基金（ETF） ，将在上海证券交易所上市。由于本 基金的标的指数组合证券为香港联合交易所证券，基金份额的清算交收与境内普通ETF存在 一定差异。通常情况下，T日申购的基金份额在交收完成后可以卖出或赎回。投资者认购本 基金时需具有上海证券账户， 但需注意， 使用基金账户只能参与本基金的现金认购和二级市 场交易，如投资者需要参与基金的申购、赎回，则应使用A股账户。本基金以人民币募集和 计价，本基金可投资于香港市场以港币计价的金融工具，人民币对港币的汇率的波动可能 加大基金净值的波动，从而对基金业绩产生一定影响。 本基金可投资存托凭证， 基金净值可能受到存托凭证的基础证券价格波动影响， 存托凭 证的基础证券的相关风险可能直接或间接成为本基金的风险。 本基金可投资于期权、期货等金融衍生品，可能面临的风险包括市场风险、信用风险、 流动性风险、 操作风险和法律风险等。 本基金可投资于资产支持证券， 可能面临的风险包括 流动性风险、证券提前赎回风险、再投资风险和SPV违约风险等。 投资有风险， 投资者在投资本基金之前， 请仔细阅读本基金的招募说明书、基金合同、 基金产品资料概要，全面认识本基金的风险收益特征和产品特性，并充分考虑自身的风险 承受能力，理性判断市场，谨慎做出投资决策。 投资者应当认真阅读并完全理
30,513020,SH,SH,2025-11-26,2025-11-26,临时数据/513020/513020_更新招募说明书_20251126.txt,107444,2,金申购赎回过程中涉及的基金份额和申购赎回对价的清算交收适用上 海证券交易所、登记机构相关业务规则和参与各方相关协议及其不时修订的有关 规定。 本基金申购业务采用实时逐笔全额结算（Real Time Gross Settlement，简称 RTGS）模式；赎回业务涉及的现金替代采用代收代付处理；申购、赎回业务涉 及的现金差额和现金替代退补款采用代收代付处理。 国泰中证港股通科技交易型开放式指数证券投资基金更新招募说明书（2025 年第三号） 38 投资者 T 日现金申购后，如交易记录已勾单且申购资金足额的，登记机构 在 T 日日间实时办理基金份额及现金替代的交收；T 日日间未进行勾单确认或日 间资金不足的，登记机构在 T 日日终根据资金是否足额办理基金份额及现金替 代的清算交收，并将结果发送给基金管理人、申购赎回代理券商和基金托管人。 基金管理人在 T+1 日内办理现金差额的清算，在 T+2 日内办理现金差额的交收。 若发生特殊情况，基金管理人可以对清算交收日期进行相应调整。 投资者 T 日赎回成功后，正常情况下，登记机构在 T 日收市后为投资者办 理基金份额的交收，在 T+1 日办理现金差额的清算，并将结果发送给申购赎回 代理券商、基金管理人和基金托管人。基金管理人与申购赎回代理券商在 T+2 日办理现金差额的交收,2,1,2）本基金在任何交易日日终，持有的卖出股指期货合约价值不得超过基金 持有的股票总市值的 20%； 3）本基金所持有的股票市值和买入、卖出股指期货合约价值，合计（轧差 计算）应当符合基金合同关于股票投资比例的有关约定； 4）本基金在任何交易日内交易（不包括平仓）的股指期货合约的成交金额 不得超过上一交易日基金资产净值的 20%； 5）每个交易日日终在扣除股指期货合约需缴纳的交易保证金后，应当保持 不低于交易保证金一倍的现金。 （10）本基金资产总值不超过基金资产净值的 140%； （11）本基金参与融资业务后，每个交易日日终，本基金持有的融资买入股 票与其他有价证券市值之和，不得超过基金资产净值的 95%； （12）本基金参与转融通证券出借业务的，应当遵守以下投资限制： 1）参与转融通证券出借业务的资产，不得超过基金资产净值的 30%，其中， 出借期限在 10 个交易日以上的出借证券，纳入《流动性风险管理规定》所述流 动性受限证券的范围； 2）参与转融通证券出借业务的单只证券不得超过本基金持有该证券总量的 30%； 3）最近 6 个月内日均基金资产净值不得低于 2 亿元； 4）证券出借的平均剩余期限不得超过 30 天，平均剩余期限按照市值加权平 均计算； 5）因证券市场波动、上市公司合并、基金规模变动等基金管理人之外的因 素致使基金投资不符合上述比,2,0,投资基金更新招募说明书（2025 年第三号） 41 算成本，则基金管理人将向投资人收取欠缺的差额。 如有需要，基金管理人可以其认为合理的其他方法进行调整。 3）申购替代金额的处理程序 T 日，基金管理人在申购赎回清单中公布现金替代溢价比例，并据此收取申 购替代金额。 正常情况下，对于确认成功的 T 日申购申请，基金管理人在 T 日内进行组 合证券的代理买入。基金管理人有权在 T 日内任意时刻，以收到的申购替代金 额买入组合证券中任意数量的被替代证券。基金管理人有权根据基金投资的需要 自主决定不买入部分被替代证券，或者不进行任何买入证券的操作。T 日日终， 若已购入全部被替代的证券，则以替代金额与被替代证券的实际购入成本（包括 买入价格与交易费用，折算为人民币）的差额，确定基金应退还申购投资人或申 购投资人应补交的款项；若未能购入全部被替代的证券，则以替代金额与所购入 部分被替代证券实际购入成本（包括买入价格与交易费用，折算为人民币）加上 按照 T 日收盘价（折算为人民币，折算汇率采用当天的港股通买入结算汇兑比 率和卖出结算汇兑比率的算术平均值；被替代组合证券当日无交易的，取最近交 易日的收盘价；交易日无收盘价的，取最后成交价）计算的未购入部分被替代证 券价值的差额，确定基金应退还申购投资人或申购投资人应补交的款项。在此期 间发生除息、送股（转增）、配股等权益变动，,2,0,相应调整。 T 日后的三个港股通交收日内，基金管理人将应退款或补款与相关申购赎回 代理券商办理交收。若发生特殊情况，基金管理人可以对交收日期进行相应调整。 4）赎回替代金额的处理程序 正常情况下，对于确认成功的 T 日赎回申请，基金管理人在 T 日内进行组 合证券的代理卖出。基金管理人有权在 T 日内任意时刻卖出组合证券中任意数 量的被替代证券。基金管理人有权自主决定不卖出部分被替代证券，或者不进行 任何卖出证券的操作。T 日日终，若已卖出全部被替代的证券，则以替代金额与 被替代证券的实际卖出收入（卖出价格扣除交易费用，折算为人民币）的差额， 确定基金应退还赎回投资人或赎回投资人应补交的款项；若未能卖出全部被替代 的证券，以替代金额与所卖出部分被替代证券实际卖出收入（卖出价格扣除交易 国泰中证港股通科技交易型开放式指数证券投资基金更新招募说明书（2025 年第三号） 42 费用，折算为人民币）加上按照 T 日收盘价（折算为人民币，折算汇率采用当 天的港股通买入结算汇兑比率和卖出结算汇兑比率的算术平均值；被替代组合证 券当日无交易的，取最近交易日的收盘价；交易日无收盘价的，取最后成交价） 计算的未卖出部分被替代证券价值的差额，确定基金应退还赎回投资人或赎回投 资人应补交的款项。在此期间发生除息、送股（转增）、配股等权益变动，则进 行相应调整。若发生特殊情况，包括如遇,该申购、赎回申请一定成功。 申购、赎回的确认以登记机构的确认结果为准。投资人可通过其办理申购、赎回 的申购赎回代理券商查询有关申请的确认情况。 3、申购和赎回的清算交收与登记 本基金申购赎回过程中涉及的基金份额和申购赎回对价的清算交收适用上 海证券交易所、登记机构相关业务规则和参与各方相关协议及其不时修订的有关 规定。 本基金申购业务采用实时逐笔全额结算（Real Time Gross Settlement，简称 RTGS）模式；赎回业务涉及的现金替代采用代收代付处理；申购、赎回业务涉 及的现金差额和现金替代退补款采用代收代付处理。 国泰中证港股通科技交易型开放式指数证券投资基金更新招募说明书（2025 年第三号） 38 投资者 T 日现金申购后，如交易记录已勾单且申购资金足额的，登记机构 在 T 日日间实时办理基金份额及现金替代的交收；T 日日间未进行勾单确认或日 间资金不足的，登记机构在 T 日日终根据资金是否足额办理基金份额及现金替 代的清算交收，并将结果发送给基金管理人、申购赎回代理券商和基金托管人。 基金管理人在 T+1 日内办理现金差额的清算，在 T+2 日内办理现金差额的交收。 若发生特殊情况，基金管理人可以对清算交收日期进行相应调整。 投资者 T 日赎回成功后，正常情况下，登记机构在 T 日收市后为投资者办 理基金份额的交收，在 T+1 日
31,526000,SH,SH,2026-06-30,2026-06-30,临时数据/526000/526000_更新招募说明书_20260630.txt,119498,2,本基金申购赎回过程中涉及的基金份额、 现金替代、 现金差额及其他对价的清算交收适 用相关业务规则和参与各方相关协议及其不时修订的有关规定。 本基金申购业务采用实时逐笔全额结算（Real Time Gross Settlement，以下简称 RTGS） 模式； 赎回业务涉及的现金替代可采用代收代付处理； 申购、 赎回业务涉及的现金差额和现 金替代退补款可采用代收代付处理。 1）申购的清算交收 投资者 T 日现金申购后，如交易记录已勾单且申购资金足额的，登记机构在 T 日日间 实时办理基金份额及现金替代的交收；T 日日间未进行勾单确认或日间资金不足的， 登记机 构在 T 日日终根据资金是否足额办理基金份额及现金替代的清算交收，并将结果发送给基 金管理人、 申购赎回代理机构和基金托管人。 基金管理人在T+2 日内办理现金差额的交收。 2）赎回的清算交收 投资者 T 日赎回申请受理后，登记机构在 T 日收市后为投资者办理基金份额的清算交 收。基金管理人在 T+2 日内通过登记机构的代收代付平台办理现金差额的交收。 正常情况下， 基金管理人不迟于T+7 日 （指开放日） 办理赎回替代款项的交付。 但如果 出现基金投资市场交易清算规则发生较大变化、 基金赎回数额较大或组合证券内的部分证券 因停牌、流动性不足或其他原因导致无法,1,1,分被替代证券， 或者不进行任何买入或卖出证券的操作， 基金管 理人可能不买入或不卖出被替代证券的情形包括但不限于市场流动 性不足、技术系统无法 实现、 申购赎回轧差以及基金管理人认为不应买入或卖出的其他情形， 因此投资者需承受可 能当天无法完成所有证券买卖、未完成买卖部分按收盘价结算等风险。 14、基金收益分配后基金份额净值低于面值的风险 基于本基金的性质和特点， 本基金收益分配不以弥补亏损为前提， 收益分配后可能存在 基金份额净值低于面值的风险。 15、第三方机构服务的风险 基金的多项服务委托第三方机构办理，存在以下风险： （1） 申购赎回代理机构因多种原因， 导致代理申购、 赎回业务受到限制、 暂停或终止， 由此影响对投资者申购赎回服务的风险。 （2）登记机构可能调整结算制度，如实施货银对付制度，对投资者基金份额、组合证 券及资金的结算方式发生变化， 制度调整可能给投资者带来理解偏差的风险。 同样的风险还 可能来自于证券交易所及其他代理机构。 （3）证券交易所、登记机构、基金托管人、申购赎回代理机构及其他代理机构可能违 约，导致基金或投资者利益受损的风险。 （三）声明 1、本基金未经任何一级政府、机构及部门担保。投资者自愿投资于本基金，须自行承 担投资风险。 2、除基金管理人直接办理本基金的销售外，本基金或还通过销售机构销售，但是，本 基金并,2,0,价格）。 （3）可以现金替代 华夏中证港股通信息技术综合交易型开放式指数证券投资基金招募说明书（更新） 43 ①适用情形：基金管理人认为需要在投资者申购或赎回时代投资者买入或卖出证券。 ②替代金额： 对于可以现金替代的证券，替代金额的计算公式为： 申购的替代金额＝替代证券数量×该证券调整后 T 日开盘参考价×T-1 日中国人民银行 最新公布的人民币对港币的汇率中间价×（1+申购现金替代溢价比例） 。 收取现金替代溢价的原因是， 基金管理人需要在收到申购确认信息后， 在香港市场买入 组合证券， 实际结算成本与替代金额可能有所差异。 为便于操作， 基金管理人在申购赎回清 单中预先确定现金替代溢价比例， 并据此收取替代金额。如果预先收取的替代金额高于购入 该部分证券的实际结算成本，则基金管理人将退还多收取的差额；如果预先收取的替代金额 低于购入该部分证券的实际结算成本，则基金管理人将向投资者收取欠缺的差额。 ③替代金额的处理程序 【1】申购替代金额的处理程序 基金管理人在 T 日内以收到的替代金额代投资者买入被替代证券。基金管理人有权在 T 日内任意时刻，以收到的申购替代金额代投资者购入组合证券中被替代证券的任意数量。 正常情况下，T 日日终， 基金管理人根据所购入的被替代证券的实际单位购入成本 （包括买 入价格与相关费用） 和未买入的被替代证券的T 日收盘价,2,0,价格）。 （3）可以现金替代 华夏中证港股通信息技术综合交易型开放式指数证券投资基金招募说明书（更新） 43 ①适用情形：基金管理人认为需要在投资者申购或赎回时代投资者买入或卖出证券。 ②替代金额： 对于可以现金替代的证券，替代金额的计算公式为： 申购的替代金额＝替代证券数量×该证券调整后 T 日开盘参考价×T-1 日中国人民银行 最新公布的人民币对港币的汇率中间价×（1+申购现金替代溢价比例） 。 收取现金替代溢价的原因是， 基金管理人需要在收到申购确认信息后， 在香港市场买入 组合证券， 实际结算成本与替代金额可能有所差异。 为便于操作， 基金管理人在申购赎回清 单中预先确定现金替代溢价比例， 并据此收取替代金额。如果预先收取的替代金额高于购入 该部分证券的实际结算成本，则基金管理人将退还多收取的差额；如果预先收取的替代金额 低于购入该部分证券的实际结算成本，则基金管理人将向投资者收取欠缺的差额。 ③替代金额的处理程序 【1】申购替代金额的处理程序 基金管理人在 T 日内以收到的替代金额代投资者买入被替代证券。基金管理人有权在 T 日内任意时刻，以收到的申购替代金额代投资者购入组合证券中被替代证券的任意数量。 正常情况下，T 日日终， 基金管理人根据所购入的被替代证券的实际单位购入成本 （包括买 入价格与相关费用） 和未买入的被替代证券的T 日收盘价 （折,构提供的评级结果为准。 本基金为交易型开放式指数证券投资基金 （ETF） ， 在上海证券交易所上市。 由于本基金 的标的指数组合证券为香港交易所证券，基金份额的清算交收与境内普通 ETF 存在一定差 异。 通常情况下， 投资者申购的基金份额， 清算交收完成后方可卖出和赎回。 投资者认购本 基金时需具有上海证券账户， 但需注意， 使用基金账户只能参与本基金的现金认购和二级市 华夏中证港股通信息技术综合交易型开放式指数证券投资基金招募说明书（更新） 2 场交易， 如投资者需要参与基金的申购、 赎回， 则应使用A 股账户。 本基金以人民币募集和 计价， 本基金投资于香港市场以港币计价的金融工具， 人民币对港币的汇率的波动可能加大 基金净值的波动，从而对基金业绩产生一定影响。 本基金可投资存托凭证， 基金净值可能受到存托凭证的境外基础证券价格波动影响， 存 托凭证的境外基础证券的相关风险可能直接或间接成为本基金的风险。 本基金可投资于股票期权、 股指期货、 国债期货等金融衍生品， 可能面临的风险包括市 场风险、 流动性风险、 基差风险、 保证金风险、 信用风险、 操作风险等。 本基金可投资于资 产支持证券， 可能面临的风险包括信用风险、 利率风险、 流动性风险、 提前偿付风险、 操作 风险和法律风险等。 本基金可参与转融通证券出借业务， 面临的风险包括但不限
32,159557,SZ,SZ,2026-01-23,2026-01-23,临时数据/159557/159557_更新招募说明书_20260123.txt,139402,3,现金替代、现金差额及其他对价的清算交收适 用相关业务规则和参与各方相关协议及其不时修订的有关规定。 本基金现金申购业务中的现金替代采用逐笔全额结算（T 日日间 RTGS 交收+T 日日终逐 笔全额非担保交收）处理；现金赎回业务中的现金替代采用代收代付处理；现金申购、赎回 业务涉及的现金差额和现金替代退补款采用代收代付处理。 投资者 T 日现金申购后，正常情况下，如选择采用 RTGS 交收且申购资金足额的，登记 结算机构在 T 日日间实时办理基金份额及现金替代的清算交收；T 日日间资金不足或不选择 RTGS 交收的，登记结算机构在 T 日收市后办理基金份额及现金替代的清算交收，并将结果 嘉实恒生医疗保健交易型开放式指数证券投资基金（QDII）更新招募说明书（2026 年 01 月 23 日更新） 55 发送给基金管理人、申购赎回代理券商和基金托管人。基金管理人在 T+1 日办理现金差额的 清算，在 T+2 日办理现金差额的交收。 投资者 T 日提交的现金赎回申请受理后，登记结算机构在 T 日收市后为投资者办理基金 份额的清算，在 T 日办理基金份额的交收，并将结果发送给基金管理人、申购赎回代理券商 和基金托管人。基金管理人在 T+1 日办理现金差额的清算，在 T+2 日办理现金差额的交收。 赎回的现金替代款的清算,4,1,； ③本基金在任何交易日日终，持有的卖出股指期货合约价值不得超过基金持有的股票总 市值的 20%。 ④本基金所持有的股票市值和买入、卖出股指期货合约价值，合计（轧差计算）应当符 合基金合同关于股票投资比例的有关约定； ⑤本基金在任何交易日内交易（不包括平仓）的股指期货合约的成交金额不得超过上一 交易日基金资产净值的 20%； ⑥每个交易日日终，在扣除股指期货和国债期货合约需缴纳的交易保证金后，本基金应 当保持不低于交易保证金一倍的现金； 10）本基金若参与国债期货交易，应当符合下列投资限制： ①本基金在任何交易日日终，持有的买入国债期货合约价值，不得超过基金资产净值的 15%； ②本基金在任何交易日日终，在扣除股指期货和国债期货合约需缴纳的交易保证金后， 应当保持不低于交易保证金一倍的现金； ③本基金在任何交易日日终，持有的买入股指期货、国债期货合约价值与有价证券市值 之和，不得超过基金资产净值的 100%。 其中，有价证券指股票、债券（不含到期日在一年以内的政府债券）、资产支持证券、 买入返售金融资产（不含质押式回购）等； ④本基金在任何交易日日终，持有的卖出国债期货合约价值不得超过基金持有的债券总 市值的 30%； ⑤本基金所持有的债券(不含到期日在一年以内的政府债券)市值和买入、卖出国债期货 合约价值，合计(轧差计算)应当符合基金合同关于债,1,0,际结算成本）， 则基金管理人将退还多收取的差额；如果预先收取的金额低于基金买入证券的实际成本（或 证券实际结算成本），则基金管理人将向投资者收取欠缺的差额。 ③申购替代金额的处理程序如下： 对于确认成功的 T 日的申购申请，基金管理人将在 T 日（指开放日）内买入被替代的成 份证券。T 日（指开放日）日终，若基金管理人已买入全部被替代的证券，则以替代金额与 被替代证券的实际买入成本（包括买入价格与交易费用）按照汇率折算后的差额，确定基金 应退还投资人或投资人应补交的款项；若基金管理人未能买入全部被替代的证券，则以替代 金额与所买入的部分被替代证券实际买入成本（包括买入价格与交易费用）加上按照 T 日（指 开放日）收盘价（被替代证券当日在证券交易所无交易的，取最近交易日的收盘价）计算的 未买入部分的被替代证券价值按照汇率折算后的差额，确定基金应退还投资人或投资人应补 交的款项。 正常情况下，T+3 日（指开放日）内，基金管理人应将退款和补款的明细及汇总数据发 送给登记结算机构，登记结算机构办理现金替代多退少补资金的清算，并将结果发送给相关 申购赎回代理机构和基金托管人，相关款项的交收于数据发送后的第 1 个工作日内完成。若 发生特殊情况，基金管理人可以对交收日期进行相应调整。 ④赎回替代金额的处理程序 对于确认成功的 T 日的赎回申请，基金管理人将在 T 日（指开放,1,0,将结果发送给相关 申购赎回代理机构和基金托管人，相关款项的交收于数据发送后的第 1 个工作日内完成。若 发生特殊情况，基金管理人可以对交收日期进行相应调整。 ④赎回替代金额的处理程序 对于确认成功的 T 日的赎回申请，基金管理人将在 T 日（指开放日）内卖出相应的成份 证券。T 日（指开放日）日终，若基金管理人已卖出全部被替代的成份证券，则以实际卖出 所得（卖出价格扣减相应的交易费用）按照汇率折算后的差额，确定基金应交付给投资人的 赎回现金替代金额；若基金管理人未能卖出全部被替代的成份证券，则以实际卖出所得（卖 出价格扣减相应的交易费用）加上按照 T 日（指开放日）收盘价（被替代证券当日在证券交 易所无交易的，取最近交易日的收盘价）计算的未卖出部分被替代成份证券价值，按照汇率 折算后的金额，确定基金应交付给投资人的赎回现金替代金额。 正常情况下，T+7 日（指开放日）内，基金管理人将应支付的替代金额的明细及汇总数 据发送给登记结算机构，登记结算机构办理现金替代资金的清算，并将结果发送给相关申购 嘉实恒生医疗保健交易型开放式指数证券投资基金（QDII）更新招募说明书（2026 年 01 月 23 日更新） 58 赎回代理机构和基金托管人，相关款项的交收于数据发送后的第 1 个工作日内完成。若发生 特殊情况，基金管理人可以对交收日期进行相应调整。 ⑤如遇港股临时停市等,"率） （或若适用固定费用的，认购金额＝认购价格×认购份额＋固定费用） 认购佣金＝认购价格 ×认购份额×认购费率 （或若适用固定费用的，认购佣金＝固定费用） 5、清算交收：投资者提交的认购委托，由登记结算机构进行有效认购款项的清算交收。 （七）网下现金认购 嘉实恒生医疗保健交易型开放式指数证券投资基金（QDII）更新招募说明书（2026 年 01 月 23 日更新） 48 1、认购时间：详见基金份额发售公告。 2、认购限额：网下现金认购以基金份额申请。投资者通过发售代理机构办理网下现金 认购的，每笔认购份额须为 1,000 份或其整数倍，投资者通过基金管理人办理网下现金认购 的,每笔认购份额须在 5 万份以上（含 5 万份）。投资者可以多次认购,累计认购份额不设上 限。 3、通过基金管理人进行网下现金认购的投资者，认购申请一经受理不得撤销，投资者 在认购本基金时,需按基金管理人的规定办理相关认购手续,并备足认购资金，认购金额和利 息折算的份额的计算公式为： 认购金额＝认购价格×认购份额×（1＋认购费率） （或若适用固定费用的，认购金额＝认购价格×认购份额＋固定费用） 认购费用＝认购价格×认购份额×认购费率 （或若适用固定费用的，认购费用＝固定费用） 利息折算的份额＝利息/认购价格 通过发售代理机构进行网下现金认购的认购金额的计算同通过发售代理机构进行网"
33,513210,SH,SH,2026-01-31,2026-01-31,临时数据/513210/513210_更新招募说明书_20260131.txt,109513,4,格折溢价的风险。 7、根据本基金现行适用的清算交收和申赎处理规则，投资者当日申购的基金份额， 清算交收完成后方可卖出和赎回，即 T 日申购的基金份额且日间完成 RTGS（实时逐笔全额 结算）交收，T 日可卖出和赎回，而 T 日申购的基金份额且日终完成逐笔全额非担保交收， T+1 日方可卖出和赎回；T 日买入的基金份额，T 日可以赎回或卖出。 投资者投资于本基金前请认真阅读证券交易所和登记结算机构关于 ETF 的相关业务规 则及其不时的更新，确保具备相关专业知识、清楚了解相关规则流程后方可参与本基金的 认购、申购、赎回及交易。投资者一旦认购、申购或赎回本基金，即表示对基金认购、申 购和赎回所涉及的登记方式以及申购赎回所涉及现金替代、现金差额等相关的交收方式及 业务规则已经认可。 8、本基金由易方达基金管理有限公司独立管理，未聘请境外投资顾问。 9、基金管理人提醒投资者基金投资的“买者自负”原则，在投资者作出投资决策后， 基金运营状况与基金净值变化引致的投资风险，由投资者自行负责。此外，本基金以 1 元 初始面值进行募集，在市场波动等因素的影响下，存在单位份额净值跌破 1 元初始面值的 风险。 10、基金不同于银行储蓄，基金投资人投资于基金有可能获得较高的收益，也有可能 损失本金。投资有风险，投资人在进行投资决策前,2,4,后的 T-1 日收盘价并按照 T-1 日估值汇率换算或基金管理人认为合理的其他方法。 （4）在系统支持的情况下，对于 T 日的申购赎回申请，基金管理人有权进行轧差处 理，针对净申购，购入净申购份额对应的组合证券中被替代的香港证券，针对净赎回，卖 出净赎回份额对应的组合证券中被替代的香港证券，基金管理人有权购入或者卖出不等于 轧差处理后的上述被替代的香港证券的任意数量。 （5）基金管理人可根据运作情况调整代理申赎投资者买券卖券的相关规则并按规定 公告。 60 （6）未来如相关证券的交易、结算规则发生改变，或上海证券交易所、登记结算机 构有关申购赎回交易结算规则发生改变，或基金管理人与基金托管人之间的结算相关安排 发生改变等，基金管理人可对上述相关现金替代处理规则进行调整，并按规定公告。 4、预估现金部分相关内容 预估现金部分是指为便于计算基金份额参考净值及申购赎回代理券商预先冻结申请申 购、赎回的投资者的相应资金，由基金管理人计算的现金数额。 T 日申购赎回清单中公告 T 日预估现金部分。其计算公式为： T 日预估现金部分＝T-1 日最小申购、赎回单位的基金资产净值－（申购赎回清单中必 须现金替代证券的替代金额+申购赎回清单中可以现金替代证券的数量、经调整后的 T-1 日 收盘价以及 T-1 日估值汇率的乘积之和） 如果 T-1 日至 T 日期间,0,3,比例，并据此收取申购现金替 代保证金。 基金管理人在 T+1 日内购入组合证券中被替代的香港证券。基金管理人有权在 T+1 日 内任意时刻，以收到的申购替代金额代投资者购入组合证券中被替代的香港证券的任意数 58 量。对于确认成功的 T 日申购申请，基金管理人可以通过在香港市场交易或港股通等方式 代投资者买入相关证券。正常情况下，对于确认成功的T日申购申请，基金管理人根据T+1 日所购入的被替代证券的实际单位购入成本（包括买入价格与相关费用，折算为人民币， 折算汇率采用基金管理人和基金托管人商定的汇率公允价，汇率公允价包括中国人民银行 或其授权机构公布的人民币汇率中间价、中国外汇交易中心参考汇率、中国外汇交易中心 收盘价、与基金托管人商定的其他公允价格等）和未购入的被替代证券 T+1 日收盘价（折 算为人民币，折算汇率采用基金管理人和基金托管人商定的汇率公允价，汇率公允价包括 中国人民银行或其授权机构公布的人民币汇率中间价、中国外汇交易中心参考汇率、中国 外汇交易中心收盘价、与基金托管人商定的其他公允价格等；被替代证券 T+1 日在证券交 易所无交易的，取最近交易日的收盘价）计算被替代证券的单位结算成本，在此基础上根 据替代证券数量和申购现金替代保证金确定基金应退还投资者或投资者应补交的款项，若 T日后至T+1日期间发生除息、送股（转增）、配股等重要权益,0,4,补款的清算交收可按照其复牌后实际交易成本或者基金管理人认 为合理的价格办理，在此期间若该证券发生除息、送股（转增）、配股等重要权益变动， 则进行相应调整。 4）赎回替代金额的处理程序 基金管理人在 T+1 日内卖出组合证券中被替代的香港证券。基金管理人有权在 T+1 日 内任意时刻代投资者卖出组合证券中被替代的香港证券的任意数量。对于确认成功的 T 日 赎回申请，基金管理人可以通过在香港市场交易或港股通等方式代投资者卖出相关证券。 正常情况下，对于确认成功的 T 日赎回申请，基金管理人根据 T+1 日所卖出的被替代证券 的实际单位卖出金额（扣除相关费用，折算为人民币，折算汇率采用基金管理人和基金托 管人商定的汇率公允价，汇率公允价包括中国人民银行或其授权机构公布的人民币汇率中 间价、中国外汇交易中心参考汇率、中国外汇交易中心收盘价、与基金托管人商定的其他 59 公允价格等）和未卖出的被替代证券 T+1 日收盘价（折算为人民币，折算汇率采用基金管 理人和基金托管人商定的汇率公允价，汇率公允价包括中国人民银行或其授权机构公布的 人民币汇率中间价、中国外汇交易中心参考汇率、中国外汇交易中心收盘价、与基金托管 人商定的其他公允价格等；被替代证券 T+1 日在证券交易所无交易的，取最近交易日的收 盘价）计算被替代证券的单位结算金额，在此基础上根据替代证券数量确定赎回替代金额,接近或达到外汇额度使用上限时，基金管理人有权暂停基金的申 购，届时投资者可能面临申购失败的风险和基金份额二级市场交易价格折溢价的风险。 7、根据本基金现行适用的清算交收和申赎处理规则，投资者当日申购的基金份额， 清算交收完成后方可卖出和赎回，即 T 日申购的基金份额且日间完成 RTGS（实时逐笔全额 结算）交收，T 日可卖出和赎回，而 T 日申购的基金份额且日终完成逐笔全额非担保交收， T+1 日方可卖出和赎回；T 日买入的基金份额，T 日可以赎回或卖出。 投资者投资于本基金前请认真阅读证券交易所和登记结算机构关于 ETF 的相关业务规 则及其不时的更新，确保具备相关专业知识、清楚了解相关规则流程后方可参与本基金的 认购、申购、赎回及交易。投资者一旦认购、申购或赎回本基金，即表示对基金认购、申 购和赎回所涉及的登记方式以及申购赎回所涉及现金替代、现金差额等相关的交收方式及 业务规则已经认可。 8、本基金由易方达基金管理有限公司独立管理，未聘请境外投资顾问。 9、基金管理人提醒投资者基金投资的“买者自负”原则，在投资者作出投资决策后， 基金运营状况与基金净值变化引致的投资风险，由投资者自行负责。此外，本基金以 1 元 初始面值进行募集，在市场波动等因素的影响下，存在单位份额净值跌破 1 元初始面值的 风险。 10、基金不同于银行储蓄，基金投资人投资于基
34,159268,SZ,SZ,2026-08-10,2026-08-10,临时数据/159268/159268_更新招募说明书_20260810.txt,118100,4,要求完成风险承受能力与产品风险之间的匹配 检验。 在目前结算规则下，投资者当日申购的基金份额，清算交收完成后方可卖 出和赎回，即T 日申购的基金份额且日间完成 RTGS（实时逐笔全额结算）交收 的，T 日可卖出和赎回，而 T 日申购的基金份额且日终完成逐笔全额非担保交 收的，T+1 日方可卖出和赎回；T 日竞价买入的基金份额，T 日可以卖出或赎 回；T 日大宗买入的基金份额，T 日可以大宗卖出，T+1 日可以竞价卖出或赎 回。 投资者投资于本基金前请认真阅读证券交易所和登记机构关于 ETF 的相关 业务规则及其不时的更新，确保具备相关专业知识、清楚了解相关规则流程后 方可参与本基金的申购、赎回及交易。投资者一旦认购、申购或赎回本基金， 即表示对基金认购、申购和赎回所涉及的基金份额的证券变更登记方式以及申 购赎回所涉及现金替代、现金差额等相关的交收方式已经认可。 汇添富国证港股通消费主题交易型开放式指数证券投资基金 更新招募说明书 4 投资有风险， 投资者在进行投资决策前， 请仔细阅读本基金的 《招募说明书》 、 《基金合同》 、 基金产品资料概要等信息披露文件， 并根据自身的投资目的、 投 资期限、投资经验、资产状况等判断基金是否和投资者的风险承受能力相适应， 自主判断基金的投资价值，自主做出投资决策，自行承担,1,1,持有的股票总市值的 20%； 持有的卖出国债期货合约价值不得超过基金持有的债 券总市值的30%； 4）本基金所持有的股票市值和买入、卖出股指期货合约价值，合计（轧差 计算） 应当符合基金合同关于股票投资比例的有关约定； 基金所持有的债券 （不 含到期日在一年以内的政府债券） 市值和买入、 卖出国债期货合约价值， 合计 （轧 汇添富国证港股通消费主题交易型开放式指数证券投资基金 更新招募说明书 59 差计算）应当符合基金合同关于债券投资比例的有关约定； 5）本基金在任何交易日内交易（不包括平仓）的股指期货合约的成交金额 不得超过上一交易日基金资产净值的 20%；在任何交易日内交易（不包括平仓） 的国债期货合约的成交金额不得超过上一交易日基金资产净值的 30%； 6）本基金每个交易日日终在扣除国债期货和股指期货合约需缴纳的交易保 证金后，应当保持不低于交易保证金一倍的现金，其中现金不包括结算备付金、 存出保证金、应收申购款等； （9）因未平仓的股票期权合约支付和收取的权利金总额不得超过基金资产 净值的10%；开仓卖出认购股票期权的，应持有足额标的证券；开仓卖出认沽股 票期权的， 应持有合约行权所需的全额现金或交易所规则认可的可冲抵期权保证 金的现金等价物；未平仓的股票期权合约面值不得超过基金资产净值的20%。其 中，合约面值按照行权价乘以合约乘数计算,2,0,入该部分 证券的实际成本， 则基金管理人将退还多收取的差额； 如果预先收取的金额低于 基金购入该部分证券的实际成本，则基金管理人将向投资者收取欠缺的差额。 3）申购替代金额的处理程序 在 T 日 （指港股通交易日） 内， 基金管理人以收到的替代金额代投资者买入 被替代证券。 基金管理人有权在T 日 （指港股通交易日） 内任意时刻以收到的替 代金额代投资者买入小于等于被替代证券数量的任意数量的被替代证券。 基金管 理人有权根据基金投资的需要自主决定不买入部分被替代证券， 或者不进行任何 买入证券的操作。T 日（指港股通交易日）日终，基金管理人根据所购入的被替 代证券的实际单位购入成本 （包括买入价格与相关费用） 和未买入的被替代证券 的 T 日（指港股通交易日）收盘价（折算为人民币）；T 日（指港股通交易日） 在证券交易所无交易的， 取最近交易日的收盘价； 交易日无收盘价的， 取最后成 交价） 计算被替代证券的单位结算成本， 在此基础上根据替代证券数量和申购替 代金额确定基金应退还投资者或投资者应补交的款项。T 日（指港股通交易日） 后的第2 个港股通交易日后的 3 个工作日内， 基金管理人将应退款或补款与相关 申购赎回代理券商办理交收。在此期间若该证券发生除息、送股（转增）、配股 等重要权益变动，则进行相应调整。 当出现半日港股通交易日、 因为风球等因素引发临时停,2,4,， 该证券对应的现金替代款的 清算交收可在其复牌后按照实际交易成本办理。 在此期间若该证券发生除息、 送 股（转增）、配股等重要权益变动，则进行相应调整。 4）赎回替代金额的处理程序 在 T 日 （指港股通交易日） 内， 基金管理人根据赎回申请代投资者卖出被替 代证券。 基金管理人有权在T 日 （指港股通交易日） 内任意时刻代投资者卖出小 于等于被替代证券数量的任意数量的被替代证券。 基金管理人有权根据基金投资 的需要自主决定不卖出部分被替代证券，或者不进行任何卖出证券的操作。T 日 （指港股通交易日） 日终， 基金管理人根据所卖出的被替代证券的实际单位卖出 金额 （扣除相关费用） 和未卖出的被替代证券的T 日 （指港股通交易日） 收盘价 （折算为人民币） ； 被替代证券T 日 （指港股通交易日） 在证券交易所无交易的， 取最近交易日的收盘价； 交易日无收盘价的， 取最后成交价） 计算被替代证券的 单位结算金额，在此基础上根据替代证券数量确定赎回替代金额。T 日（指港股 通交易日） 后的第2 个港股通交收日后的3 个工作日内， 基金管理人将应支付的 赎回替代金额与相关申购赎回代理券商办理交收。在此期间若该证券发生除息、 送股（转增）、配股等重要权益变动，则进行相应调整。 当出现半日港股通交易日、 因为风球等因素引发临时停市等特殊情况时， 计 算并确定被替代证券的单,特征”的表述可能存在不同， 投资人在 购买本基金时需按照销售机构的要求完成风险承受能力与产品风险之间的匹配 检验。 在目前结算规则下，投资者当日申购的基金份额，清算交收完成后方可卖 出和赎回，即T 日申购的基金份额且日间完成 RTGS（实时逐笔全额结算）交收 的，T 日可卖出和赎回，而 T 日申购的基金份额且日终完成逐笔全额非担保交 收的，T+1 日方可卖出和赎回；T 日竞价买入的基金份额，T 日可以卖出或赎 回；T 日大宗买入的基金份额，T 日可以大宗卖出，T+1 日可以竞价卖出或赎 回。 投资者投资于本基金前请认真阅读证券交易所和登记机构关于 ETF 的相关 业务规则及其不时的更新，确保具备相关专业知识、清楚了解相关规则流程后 方可参与本基金的申购、赎回及交易。投资者一旦认购、申购或赎回本基金， 即表示对基金认购、申购和赎回所涉及的基金份额的证券变更登记方式以及申 购赎回所涉及现金替代、现金差额等相关的交收方式已经认可。 汇添富国证港股通消费主题交易型开放式指数证券投资基金 更新招募说明书 4 投资有风险， 投资者在进行投资决策前， 请仔细阅读本基金的 《招募说明书》 、 《基金合同》 、 基金产品资料概要等信息披露文件， 并根据自身的投资目的、 投 资期限、投资经验、资产状况等判断基金是否和投资者的风险承受能力相适应， 自主判断基金的投资价值，
35,520560,SH,SH,2026-09-03,2026-09-03,临时数据/520560/520560_更新招募说明书_20260903.txt,108885,4,（香港上市）30 交易型开放式指数证券投资基金招募说明书（更新） 在目前结算规则下，投资者当日申购的基金份额，清算交收完成后方可卖出和赎回。本基金申购 业务采用实时逐笔全额结算（Real Time Gross Settlement，以下简称 RTGS）模式，投资者 T 日申购 后，如交易记录已勾单且申购资金足额的，登记机构在 T 日日间实时办理基金份额及现金替代的交 收；T 日日间未进行勾单确认或日间资金不足的，登记机构在 T 日日终根据资金是否足额办理基金份 额及现金替代的清算交收。 在目前的业务规则下，投资者投资本基金时需具有上海证券交易所 A 股账户或基金账户。其中， 上海证券交易所基金账户只能进行基金的现金认购和二级市场交易。 本基金可参与股指期货交易，可能面临杠杆风险、基差风险、股指期货展期时的流动性风险、期 货盯市结算制度带来的现金管理风险、到期日风险、对手方风险、连带风险、未平仓合约不能继续持 有风险等。 本基金的投资范围包括资产支持证券。资产支持证券存在信用风险、利率风险、流动性风险、提 前偿付风险、操作风险和法律风险等。 本基金可参与融资业务。融资业务存在信用风险、投资风险和合规风险等风险。本基金可参与转 融通证券出借业务。转融通证券出借业务的风险包括但不限于流动性风险、信用风险和市场风险。 本基,2,1,的交易保证金后，应当保持不低于 交易保证金一倍的现金（不包括结算备付金、存出保证金、应收申购款等）；本基金所持有的股票市 值和买入、卖出股指期货合约价值，合计（轧差计算）应当符合基金合同关于股票投资比例的有关约 定； （3）本基金投资于同一原始权益人的各类资产支持证券的比例，不得超过基金资产净值的 10％； （4）本基金持有的全部资产支持证券，其市值不得超过基金资产净值的 20％； （5）本基金持有的同一(指同一信用级别)资产支持证券的比例，不得超过该资产支持证券规模的 10％； （6）本基金管理人管理的全部基金投资于同一原始权益人的各类资产支持证券，不得超过其各类 资产支持证券合计规模的 10％； （7）本基金应投资于信用级别评级为 BBB 以上(含 BBB)的资产支持证券。基金持有资产支持证券 期间，如果其信用等级下降、不再符合投资标准，应在评级报告发布之日起 3 个月内予以全部卖出； （8）基金财产参与股票发行申购，本基金所申报的金额不超过本基金的总资产，本基金所申报的 股票数量不超过拟发行股票公司本次发行股票的总量； （9）本基金进入全国银行间同业市场进行债券回购的最长期限为 1 年，债券回购到期后不得展 期； 华宝港股通恒生中国（香港上市）30 交易型开放式指数证券投资基金招募说明书（更新） 41 （10）本基金主动投资于流动性受限资产,0,1,取的申购现金替代保证金低于基金购入该部分证券的实际结算成 本，则基金管理人将向投资者收取欠缺的差额。 ③替代金额的处理程序 基金管理人在 T 日以收到的替代金额代投资者买入被替代证券。基金管理人有权根据基金投资的 需要自主决定不买入部分被替代证券，或者不进行任何买入被替代证券的操作。对于确认成功的 T 日 申购申请，T+1 日内基金管理人根据申购规模进行组合证券的代理买入，通常情况下代理买入在 T 日 完成。基金管理人根据所购入的被替代证券的实际单位购入成本（包括买入价格与相关费用）和未买 入的被替代证券的 T 日收盘价（折算为人民币，折算汇率采用当天的估值汇率；T 日在证券交易所无 交易的，取最近交易日的收盘价；交易日无收盘价的，取最后成交价）计算被替代证券的单位结算成 华宝港股通恒生中国（香港上市）30 交易型开放式指数证券投资基金招募说明书（更新） 30 本，在此基础上根据替代证券数量和申购现金替代保证金确定基金应退还投资者或投资者应补交的款 项。T 日后的第 2 个港股通交收日后的第 1 个工作日内，基金管理人将应退款或补款与相关申购赎回 代理机构办 理交收。若发生特殊情况，基金管理人可以对交收日期进行相应调整。 如遇港股通临时停市、港股通交易每日额度或总额度不足等特殊情况，组合证券的代理买入及结 算价格可依次顺延至下一港股通交易日直至交易正常。,0,1,代款的清算交收可在其复牌后按照实际交易成本办理。在此期间 若该证券发生除息、送股（转增）、配股等重要权益变动，则进行相应调整。 基金管理人在 T 日根据赎回申请代投资者卖出被替代证券。基金管理人有权根据基金投资的需要 自主决定不卖出部分被替代证券，或者不进行任何卖出被替代证券的操作。对于确认成功的 T 日赎回 申请，T+1 日内，基金管理人根据赎回规模进行组合证券的代理卖出。基金管理人根据所卖出的被替 代证券的实际单位卖出金额（扣除相关费用）和未卖出的被替代证券的 T 日收盘价（折算为人民币， 折算汇率采用当天的估值汇率；被替代证券 T 日在证券交易所无交易的，取最近交易日的收盘价；交 易日无收盘价的，取最后成交价）计算被替代证券的单位结算金额，在此基础上根据替代证券数量确 定赎回替代金额。 T 日后的第 3 个港股通交收日后的第 1 个工作日内，基金管理人将应支付的赎回替代金额与相关 申购赎回代理机构办理交收。若发生特殊情况，基金管理人可以对交收日期进行相应调整。 如遇港股通临时停市、港股通交易每日额度或总额度不足等特殊情况，组合证券的代理卖出及结 算价格可依次顺延至下一港股通交易日直至交易正常。如遇证券长期停牌、流动性不足等可能导致收 盘价或最后成交价不公允的特殊情况，可参照证券的估值价格，对结算价格进行调整，如果基金管理 人认为该证券复牌后的价格可,有关规定在规定媒介上予以公告。 华宝港股通恒生中国（香港上市）30 交易型开放式指数证券投资基金招募说明书（更新） 在目前结算规则下，投资者当日申购的基金份额，清算交收完成后方可卖出和赎回。本基金申购 业务采用实时逐笔全额结算（Real Time Gross Settlement，以下简称 RTGS）模式，投资者 T 日申购 后，如交易记录已勾单且申购资金足额的，登记机构在 T 日日间实时办理基金份额及现金替代的交 收；T 日日间未进行勾单确认或日间资金不足的，登记机构在 T 日日终根据资金是否足额办理基金份 额及现金替代的清算交收。 在目前的业务规则下，投资者投资本基金时需具有上海证券交易所 A 股账户或基金账户。其中， 上海证券交易所基金账户只能进行基金的现金认购和二级市场交易。 本基金可参与股指期货交易，可能面临杠杆风险、基差风险、股指期货展期时的流动性风险、期 货盯市结算制度带来的现金管理风险、到期日风险、对手方风险、连带风险、未平仓合约不能继续持 有风险等。 本基金的投资范围包括资产支持证券。资产支持证券存在信用风险、利率风险、流动性风险、提 前偿付风险、操作风险和法律风险等。 本基金可参与融资业务。融资业务存在信用风险、投资风险和合规风险等风险。本基金可参与转 融通证券出借业务。转融通证券出借业务的风险包括但不限于流动性风险、信用风险和市
36,159776,SZ,SZ,2025-11-28,2025-11-28,临时数据/159776/159776_更新招募说明书_20251128.txt,121869,2,记结算有限责任公司修改或更新上述规则或新 增设相关规则并适用于本基金的，则按照新的规则执行，并在招募说明书中进行更 新。 本基金现金申购业务中的现金替代日间实行RTGS交收，日间未完成交收的，日 终统一进行逐笔全额非担保交收；现金赎回业务中的现金替代采用代收代付处理； 现金申购、赎回业务涉及的现金差额和现金替代退补款采用代收代付处理。 正常情况下，投资者T日提交的现金申购申请受理后，登记机构对ETF申购对应 的份额和现金替代，日间实行RTGS交收，上述份额和现金替代日间未完成交收的， 日终统一进行逐笔全额非担保交收，登记机构在T日办理基金份额及现金替代的清 算交收，并将结果发送给基金管理人、申购赎回代理券商和基金托管人。基金管理 人在T+2日办理现金差额的清算交收。 投资者T日提交的现金赎回申请受理后，登记机构在T日为投资者办理基金份额 的注销，对ETF赎回份额实行逐笔全额非担保交收，对ETF赎回的现金替代、申赎的 现金差额及现金替代退补款，实行资金代收代付，并将结果发送给基金管理人、申 购赎回代理券商和基金托管人。基金管理人在T+2日办理现金差额的清算交收。赎 回现金替代款的清算交收由基金管理人和申购赎回代理券商协商处理，正常情况 下，赎回现金替代款将自有效赎回申请之日起7个开放日内划往基金份额持有人账 户。,2,0,含质押式回购）等；在任 何交易日日终，持有的卖出股指期货合约价值不得超过基金持有的股票总市值的 20%；基金所持有的股票市值和买入、卖出股指期货合约价值，合计（轧差计算） 应当符合基金合同关于股票投资比例的有关约定；在任何交易日内交易（不包括平 仓）的股指期货合约的成交金额不得超过上一交易日基金资产净值的20%； （6）本基金投资于同一原始权益人的各类资产支持证券的比例，不得超过基 金资产净值的10%；本基金持有的全部资产支持证券，其市值不得超过基金资产净 值的20%，中国证监会规定的特殊品种除外； （7）本基金持有的同一（指同一信用级别）资产支持证券的比例，不得超过 该资产支持证券规模的10%；本基金管理人管理的全部基金投资于同一原始权益人 的各类资产支持证券，不得超过其各类资产支持证券合计规模的10%； （8）本基金应投资于信用级别评级为BBB以上（含BBB）的资产支持证券。基 金持有资产支持证券期间，如果其信用等级下降、不再符合投资标准，应在评级报 66 银华中证港股通医药卫生综合交易型开放式指数证券投资基金招募说明书更新(2025 年第 1 号) 告发布之日起3个月内予以全部卖出； （9）本基金主动投资于流动性受限资产的市值合计，不得超过基金资产净值 的15%；因证券市场波动、上市公司股票停牌、基金规模变动等基金管理人之外的 因素致使基金,0,0,结算 成本），则基金管理人将退还多收取的差额；如果预先收取的金额低于基金买入证 券的实际成本（或证券实际结算成本），则基金管理人将向投资者收取欠缺的差 额。 ②申购替代金额的处理程序 对于确认成功的T日现金申购申请，T日（指开放日）内基金管理人根据申购规 模进行组合证券的代理买入，通常情况下代理买入在T日（指开放日）完成。T日 （指开放日）日终，基金管理人根据所购入的被替代证券的实际单位购入成本（包 括买入价格与相关费用，折算为人民币）和未买入的被替代证券的T日（指开放 日）收盘价（折算为人民币，折算汇率采用当天的估值汇率；T日（指开放日）在 证券交易所无交易的，取最近交易日的收盘价；交易日无收盘价的，取最后成交 价）计算被替代证券的单位结算成本，在此基础上根据替代证券数量和申购现金替 代金额确定基金应退还投资者或投资者应补交的款项。正常情况下，T+5日（指开 放日）内基金管理人将应退款或补款与相关申购赎回代理券商办理交收。若发生特 殊情况，基金管理人可以对以上交收日期进行相应调整。 如遇港股通临时停市、港股通交易每日额度或总额度不足等特殊情况，组合证 券的代理买入及结算价格可依次顺延至下一港股通交易日直至交易正常。如遇证券 长期停牌、流动性不足等可能导致收盘价或最后成交价不公允的特殊情况，可参照 证券的估值价格，对结算价格进行调整，如果基金管理人认为该证券复牌后,0,0,重要权益变动，则进行相应调 整。 ③赎回对应的替代金额 赎回时，对于可以现金替代的证券，替代金额为扣除相关费用后的该证券的卖 出价值（或证券实际结算价值）。 ④赎回替代金额的处理程序 对于确认成功的T日赎回申请，T日（指开放日）内基金管理人根据赎回规模进 行组合证券的代理卖出，通常情况下代理卖出在T日（指开放日）完成。T日（指开 放日）日终，基金管理人根据所卖出的被替代证券的实际单位卖出金额（扣除相关 费用）和未卖出的被替代证券的T日（指开放日）收盘价（折算为人民币，折算汇 率采用当天的估值汇率；被替代证券T日（指开放日）在证券交易所无交易的，取 最近交易日的收盘价；交易日无收盘价的，取最后成交价）计算被替代证券的单位 结算金额，在此基础上根据替代证券数量确定赎回替代金额。正常情况下，T+7日 （指开放日）内基金管理人将应支付的赎回替代金额与相关申购赎回代理券商办理 交收。若发生特殊情况，基金管理人可以对以上交收日期进行相应调整。 如遇港股通临时停市等特殊情况，组合证券的代理卖出及结算价格可依次顺延 至下一港股通交易日直至交易正常。如遇证券长期停牌、流动性不足等可能导致收 盘价或最后成交价不公允的特殊情况，可参照证券的估值价格，对结算价格进行调 整，如果基金管理人认为该证券复牌后的价格可能存在较大波动，且可能对基金资 产净值产生较大影响，为了更好地维护持有人利益，,益受损的，基金管理人、基金托管人、基金销售机构不承担由此造成的 损失或不利后果。如因申请未得到登记机构的确认而造成的损失，由投资人自行承 担。 3、申购和赎回的清算交收与登记 本基金申购赎回过程中涉及的基金份额、现金替代、现金差额及其他对价的清 算交收适用相关证券交易所、登记机构的相关规定和参与各方相关协议的有关规 定。如相关证券交易所、中国证券登记结算有限责任公司修改或更新上述规则或新 增设相关规则并适用于本基金的，则按照新的规则执行，并在招募说明书中进行更 新。 本基金现金申购业务中的现金替代日间实行RTGS交收，日间未完成交收的，日 终统一进行逐笔全额非担保交收；现金赎回业务中的现金替代采用代收代付处理； 现金申购、赎回业务涉及的现金差额和现金替代退补款采用代收代付处理。 正常情况下，投资者T日提交的现金申购申请受理后，登记机构对ETF申购对应 的份额和现金替代，日间实行RTGS交收，上述份额和现金替代日间未完成交收的， 日终统一进行逐笔全额非担保交收，登记机构在T日办理基金份额及现金替代的清 算交收，并将结果发送给基金管理人、申购赎回代理券商和基金托管人。基金管理 人在T+2日办理现金差额的清算交收。 投资者T日提交的现金赎回申请受理后，登记机构在T日为投资者办理基金份额 的注销，对ETF赎回份额实行逐笔全额非担保交收，对ETF赎回的现金替代、申赎
37,159137,SZ,SZ,,2025-12-03,临时数据/159137/159137_招募说明书_20251203.txt,96598,4,金差额及其他对价，并在实施 前依照有关规定在规定媒介上予以公告。 在目前结算规则下，投资者当日申购的基金份额，清算交收完成后方可卖出和赎回。本 基金申购业务采用实时逐笔全额结算（Real Time Gross Settlement，以下简称RTGS）模式， 投资者T日申购后，如交易记录已勾单且申购资金足额的，登记机构在T日日间实时办理基金 份额及现金替代的交收；T日日间未进行勾单确认或日间资金不足的，登记机构在T日日终根 据资金是否足额办理基金份额及现金替代的清算交收。 在目前的业务规则下，投资者投资本基金时需具有深圳证券交易所A股账户或基金账户。 其中，深圳证券交易所基金账户只能进行基金的现金认购和二级市场交易，如投资人需要参 与基金的申购、赎回，则应开立深圳证券交易所A股账户。 投资者在进行投资决策前，请仔细阅读本基金的招募说明书、基金合同及基金产品资 料概要等信息披露文件，并根据自身的投资目的、投资期限、投资经验、资产状况等判断 基金是否和投资者的风险承受能力相适应，自主判断基金的投资价值，自主做出投资决策， 自行承担投资风险。 基金的过往业绩并不预示其未来表现，基金管理人管理的其他基金的业绩也不构成对本 基金业绩表现的保证。 基金管理人依照恪尽职守、诚实信用、谨慎勤勉的原则管理和运用基金财产，但不保证 投资,2,1,的交易保证金后，应当保持不低于交易保证金一倍的现金（不包括结算备 付金、存出保证金、应收申购款等）；本基金所持有的股票市值和买入、卖出股指期货合约 价值，合计（轧差计算）应当符合基金合同关于股票投资比例的有关约定； （3）本基金投资于同一原始权益人的各类资产支持证券的比例，不得超过基金资产净 值的 10％； （4）本基金持有的全部资产支持证券，其市值不得超过基金资产净值的 20％； （5）本基金持有的同一(指同一信用级别)资产支持证券的比例，不得超过该资产支持 证券规模的 10％； （6）本基金管理人管理的全部基金投资于同一原始权益人的各类资产支持证券，不得 超过其各类资产支持证券合计规模的 10％； （7）本基金应投资于信用级别评级为 BBB 以上(含 BBB)的资产支持证券。基金持有资 产支持证券期间，如果其信用等级下降、不再符合投资标准，应在评级报告发布之日起 3 个月内予以全部卖出； （8）基金财产参与股票发行申购，本基金所申报的金额不超过本基金的总资产，本基 金所申报的股票数量不超过拟发行股票公司本次发行股票的总量； （9）本基金进入全国银行间同业市场进行债券回购的最长期限为 1 年，债券回购到期 后不得展期； （10）本基金主动投资于流动性受限资产的市值合计不得超过基金资产净值的 15%；因 证券市场波动、上市公司股票停牌、基金规模变,0,1,,0,2,,方式，申购对价、赎回对价包括组合证券、现金替代、现金差额及其他对价，并在实施 前依照有关规定在规定媒介上予以公告。 在目前结算规则下，投资者当日申购的基金份额，清算交收完成后方可卖出和赎回。本 基金申购业务采用实时逐笔全额结算（Real Time Gross Settlement，以下简称RTGS）模式， 投资者T日申购后，如交易记录已勾单且申购资金足额的，登记机构在T日日间实时办理基金 份额及现金替代的交收；T日日间未进行勾单确认或日间资金不足的，登记机构在T日日终根 据资金是否足额办理基金份额及现金替代的清算交收。 在目前的业务规则下，投资者投资本基金时需具有深圳证券交易所A股账户或基金账户。 其中，深圳证券交易所基金账户只能进行基金的现金认购和二级市场交易，如投资人需要参 与基金的申购、赎回，则应开立深圳证券交易所A股账户。 投资者在进行投资决策前，请仔细阅读本基金的招募说明书、基金合同及基金产品资 料概要等信息披露文件，并根据自身的投资目的、投资期限、投资经验、资产状况等判断 基金是否和投资者的风险承受能力相适应，自主判断基金的投资价值，自主做出投资决策， 自行承担投资风险。 基金的过往业绩并不预示其未来表现，基金管理人管理的其他基金的业绩也不构成对本 基金业绩表现的保证。 基金管理人依照恪尽职守、诚实信用、谨慎勤勉的原则管理和运用基金财产，
38,513150,SH,SH,2025-11-17,2025-11-17,临时数据/513150/513150_更新招募说明书_20251117.txt,100247,2,涉及的基金份额、组合证券、现金替代、现金差额及其他对价的清 算交收适用相关业务规则和参与各方相关协议及其不时修订的有关规定。 本基金现金申购业务中的现金替代采用实时逐笔全额结算（Real Time Gross Settlement，以 华泰柏瑞中证港股通科技交易型开放式指数证券投资基金 33 下简称 RTGS）模式处理；现金赎回业务中的现金替代采用代收代付处理；现金申购、赎回业 务涉及的现金差额和现金替代退补款采用代收代付处理。 投资者 T日现金申购后，如交易记录已勾单且申购资金足额的，登记结算机构在 T日日间 实时办理基金份额及现金替代的交收；T 日日间未进行勾单确认或日间资金不足的，登记结算 机构在 T 日日终根据资金是否足额办理基金份额及现金替代的清算交收，并将结果发送给基金 管理人、申购赎回代理券商和基金托管人。登记机构在 T+1日办理现金差额的清算，并将结果 发送给申购赎回代理券商、基金管理人和基金托管人。基金管理人与申购赎回代理券商在 T+2 日办理现金差额的交收。 投资者 T日赎回成功后，正常情况下，登记机构在 T日收市后为投资者办理基金份额的交 收，在 T+1日办理现金差额的清算，并将结果发送给申购赎回代理券商、基金管理人和基金托 管人。基金管理人与申购赎回代理券商在 T+2日办理现金差额的交收。赎,2,1,过上一 交易日基金资产净值的 20%； 华泰柏瑞中证港股通科技交易型开放式指数证券投资基金 45 5）本基金所持有的股票市值和买入、卖出股指期货合约价值，合计（轧差计算）应当符 合基金合同关于股票投资比例的有关约定； （14）本基金可参与融资业务，在任何交易日日终，本基金持有的融资买入股票与其他有 价证券市值之和，不得超过基金资产净值的 95%； （15）本基金参与转融通证券出借业务，需遵循下述比例限制： 1）出借证券资产不得超过基金资产净值的 30%，出借期限在 10个交易日以上的出借证券 应纳入《流动性风险管理规定》所述流动性受限证券的范围； 2）参与出借业务的单只证券不得超过基金持有该证券总量的30%； 3）最近 6个月内日均基金资产净值不得低于 2亿元； 4）证券出借的平均剩余期限不得超过 30天，平均剩余期限按照市值加权平均计算； 因证券市场波动、上市公司合并、基金规模变动等基金管理人之外的因素致使基金投资不 符合上述规定的，基金管理人不得新增出借业务； （16）本基金投资存托凭证的比例限制依照境内上市交易的股票执行，与境内上市交易的 股票合并计算； （17）法律法规及中国证监会规定的和基金合同约定的其他投资限制。 除上述（2）、（7）、（10）、（11）、（15）情形之外，因证券、期货市场波动、证券 发行人合并、基金规模变动、标的指数,0,0,T日开盘参考价按照 T-1日估值汇率换算或基金管理人认为合理的其他方法。 （2）可以现金替代 ①适用情形：可以现金替代是指基金管理人认为需要在投资者申购或赎回时代投资者买入 或卖出的证券 ②替代金额：对于可以现金替代的证券，替代金额的计算公式为： 申购的替代金额＝替代证券数量×该证券调整后 T 日开盘参考价×T-1 日估值汇率×（1+申 购现金替代溢价比例）； 收取申购现金替代溢价的原因是，基金管理人需要在收到申购确认信息后，在香港市场 购入组合证券，实际结算成本与替代金额可能有所差异。为便于操作，基金管理人在申购赎回 清单中预先确定申购现金替代溢价比例，并据此收取替代金额。如果预先收取的替代金额高于 购入该部分证券的实际成本（或证券实际结算成本），则基金管理人将退还多收取的差额；如 果预先收取的替代金额低于购入该部分证券的实际成本（或证券实际结算成本），则基金管理 人将向投资者收取欠缺的差额。 ③申购替代金额的处理程序 对于确认成功的 T日申购申请，在 T日（指上海证券交易所与香港交易所的共同交易日） 内，基金管理人以收到的申购替代金额代投资者买入被替代证券。基金管理人有权在 T日（指 上海证券交易所与香港交易所的共同交易日）内任意时刻以收到的申购替代金额代投资者买入 小于等于被替代证券数量的任意数量的被替代证券。基金管理人有权根据基金投资的需要自主,0,0,T日开盘参考价按照 T-1日估值汇率换算或基金管理人认为合理的其他方法。 （2）可以现金替代 ①适用情形：可以现金替代是指基金管理人认为需要在投资者申购或赎回时代投资者买入 或卖出的证券 ②替代金额：对于可以现金替代的证券，替代金额的计算公式为： 申购的替代金额＝替代证券数量×该证券调整后 T 日开盘参考价×T-1 日估值汇率×（1+申 购现金替代溢价比例）； 收取申购现金替代溢价的原因是，基金管理人需要在收到申购确认信息后，在香港市场 购入组合证券，实际结算成本与替代金额可能有所差异。为便于操作，基金管理人在申购赎回 清单中预先确定申购现金替代溢价比例，并据此收取替代金额。如果预先收取的替代金额高于 购入该部分证券的实际成本（或证券实际结算成本），则基金管理人将退还多收取的差额；如 果预先收取的替代金额低于购入该部分证券的实际成本（或证券实际结算成本），则基金管理 人将向投资者收取欠缺的差额。 ③申购替代金额的处理程序 对于确认成功的 T日申购申请，在 T日（指上海证券交易所与香港交易所的共同交易日） 内，基金管理人以收到的申购替代金额代投资者买入被替代证券。基金管理人有权在 T日（指 上海证券交易所与香港交易所的共同交易日）内任意时刻以收到的申购替代金额代投资者买入 小于等于被替代证券数量的任意数量的被替代证券。基金管理人有权根据基金投资的需要自主 决定不买,购，累计认购份额不设上限。 （4）认购申请：投资者在认购本基金时，需按发售代理机构的规定，备足认购资金，办 理认购手续。网上现金认购申请提交后不得撤销。 （5）清算交收：T 日通过发售代理机构提交的网上现金认购申请，由该发售代理机构冻 结相应的认购资金，登记机构进行清算交收，并将有效认购数据发送发售协调人，发售协调人 于网上现金认购结束后的第 4日将实际到位的认购资金划往其预先开设的基金募集专户。 （6）认购确认：在基金合同生效后，投资者可通过其办理认购的销售网点查询认购确认 情况。 5、网下现金认购 （1）认购时间：2021年 11月 5日至 2021年 12月 17日，具体业务办理时间由基金管理人 及其指定发售代理机构确定。 （2）认购金额和利息折算的份额的计算： 通过基金管理人进行网下现金认购的投资者，认购以基金份额申请，认购费用、认购金额 的计算公式为： 认购费用＝认购份额×认购费率 华泰柏瑞中证港股通科技交易型开放式指数证券投资基金 25 认购金额＝认购份额×（1＋认购费率） 净认购份额＝认购份额＋认购金额产生的利息/基金份额面值 其中： 认购费用由基金管理人在投资者认购确认时收取，投资者需以现金方式交纳认购费用。 通过发售代理机构进行网下现金认购的认购金额的计算：同通过发售代理机构进行网上现 金认购的认购金额的计算。 （3）认购限额：网下
39,513990,SH,SH,2026-07-31,2026-07-31,临时数据/513990/513990_更新招募说明书_20260731.txt,120866,2,实施细则》、《中国证券登记结算有限责任公司关于交 易所交易型开放式证券投资基金登记结算业务实施细则》和参与各方相关协议的有关规定进 行处理。 本基金申购业务采用实时逐笔全额结算（Real Time Gross Settlement，以下简称 RTGS） 模式；赎回业务涉及的现金替代可采用代收代付处理；申购、赎回业务涉及的现金差额和现 金替代退补款可采用代收代付处理。 1）申购的清算交收 投资者 T 日现金申购后，如交易记录已勾单且申购资金足额的，登记机构在 T 日日间实 时办理基金份额及现金替代的交收；T 日日间未进行勾单确认或日间资金不足的，登记机构 在 T 日日终根据资金是否足额办理基金份额及现金替代的清算交收，并将结果发送给基金管 理人、申购赎回代理机构和基金托管人。登记机构在 T+1 日内办理现金差额的清算，在 T+2 日内办理现金差额的交收。 2）赎回的清算交收 投资者 T 日赎回申请受理后，登记机构在 T 日收市后为投资者办理基金份额的清算交收。 登记机构在 T+1 日内办理现金差额的清算，在 T+2 日内办理现金差额的交收。 对于因申购赎回代理机构交收资金不足，导致投资人现金申购失败的情形，按照申购赎 回代理机构的相关规则处理。 上海证券交易所、登记机构可因包括但不限于技术系统等情况，对清算交收与登记,6,1,值的 10%；在任何交易日日终，持有的卖出 股指期货合约价值不得超过基金持有的股票总市值的 20％；本基金所持有的股票市值和买 入、卖出股指期货合约价值，合计（轧差计算）应当符合基金合同关于股票投资比例的有关 招商上证港股通交易型开放式指数证券投资基金更新的招募说明书（二零二六年第二号） 46 约定；在任何交易日内交易（不包括平仓）的股指期货合约的成交金额不得超过上一交易日 基金资产净值的 20％； （10）本基金参与国债期货交易，应当遵守下列要求：本基金在任何交易日日终，持有 的买入国债期货合约价值，不得超过基金资产净值的 15%；在任何交易日日终，持有的卖出 国债期货合约价值不得超过基金持有的债券总市值的 30%；基金所持有的债券（不含到期日 在一年以内的政府债券）市值和买入、卖出国债期货合约价值，合计（轧差计算）应当符合 基金合同关于债券投资比例的有关约定；在任何交易日内交易（不包括平仓）的国债期货合 约的成交金额不得超过上一交易日基金资产净值的 30%； （11）在任何交易日日终，持有的买入国债期货和股指期货合约价值与有价证券市值之 和，不得超过基金资产净值的 100％；其中，有价证券指股票、债券（不含到期日在一年以 内的政府债券）、权证、资产支持证券、买入返售金融资产（不含质押式回购）等； （12）每个交易日日终在扣除国债期货合约、股指,0,0,。 3）申购现金替代保证金的处理程序 对于确认成功的 T 日申购申请，在 T 日（指上海证券交易所与香港交易所的共同交易 日）内，基金管理人以收到的申购替代金额代投资者买入被替代证券。基金管理人有权在 T 招商上证港股通交易型开放式指数证券投资基金更新的招募说明书（二零二六年第二号） 36 日（指上海证券交易所与香港交易所的共同交易日）内任意时刻以收到的申购替代金额代投 资者买入小于等于被替代证券数量的任意数量的被替代证券。基金管理人有权根据基金投资 的需要自主决定不买入部分被替代证券，或者不进行任何买入证券的操作。在 T 日（指上 海证券交易所与香港交易所的共同交易日）日终，基金管理人已买入的证券，依据申购的替 代金额与被替代证券的实际买入成本（包括买入价格与相关交易费用）的差额，确定基金应 退还投资者或投资者应补交的款项；未买入的证券，依据申购的替代金额与被替代证券 T 日（指上海证券交易所与香港交易所的共同交易日）收盘价（需用汇率公允价折算为人民币， 当日在证券交易所无交易的，取最近交易日的收盘价，当日无收盘价的，取最后成交价）的 差额，确定基金应退还投资者或投资者应补交的款项。 T 日后的 3 个工作日（指上海证券交易所和香港交易所的共同交易日）内，基金管理人 将应退款或补款与相关申购赎回代理机构办理交收。若发生特殊情况，基金管理人可以对交 收日,0,0,人利益，该证券对应的现金替代款的清算交收可 在其复牌后按照实际交易成本办理。在此期间若该证券发生除息、送股（转增）、配股等重 要权益变动，则进行相应调整。 4）赎回替代金额的处理程序 对于确认成功的 T 日赎回申请，在 T 日（指上海证券交易所与香港交易所的共同交易 日）内，基金管理人根据赎回申请代投资者卖出被替代证券。基金管理人有权在 T 日（指 上海证券交易所与香港交易所的共同交易日）内任意时刻代投资者卖出小于等于被替代证券 数量的任意数量的被替代证券。基金管理人有权根据基金投资的需要自主决定不卖出部分被 替代证券，或者不进行任何卖出证券的操作。 在 T 日（指上海证券交易所与香港交易所的共同交易日）日终，基金管理人已卖出的 证券，按照被替代证券的实际卖出金额（扣除相关费用）确定基金应支付的替代金额；未卖 出的证券，按照被替代证券 T 日（指上海证券交易所与香港交易所的共同交易日）收盘价 （需用汇率公允价折算为人民币，当日在证券交易所无交易的，取最近交易日的收盘价，当 日无收盘价的，取最后成交价）确定基金应支付给投资者的替代金额。 招商上证港股通交易型开放式指数证券投资基金更新的招募说明书（二零二六年第二号） 37 T 日后的第 2 个港股通交收日后的 2 个工作日内，基金管理人将应支付的赎回替代金额 与相关申购赎回代理机构办理交收。若发生特殊情况，基金管理人,投资人持有的符合要求的可用基金份额不足或未能根据要求准备足额的 现金，或本基金投资组合内不具备足额的符合要求的赎回对价，则赎回申请失败。投资者申 购的基金份额，清算交收完成后方可卖出和赎回。 招商上证港股通交易型开放式指数证券投资基金更新的招募说明书（二零二六年第二号） 33 申购赎回代理机构受理的申购、赎回申请并不代表该申购、赎回申请一定成功。申购、 赎回的确认以登记机构的确认结果为准。投资人可通过其办理申购、赎回的申购赎回代理机 构或以申购、赎回的申购赎回代理机构规定的其他方式查询有关申请的确认情况。 3、申购和赎回的清算交收与登记 本基金申购和赎回过程中涉及的申购赎回对价和基金份额的交收适用《上海证券交易所 交易型开放式指数基金业务实施细则》、《中国证券登记结算有限责任公司关于交易所交易 型开放式证券投资基金登记结算业务实施细则》和参与各方相关协议的有关规定。 如果登记机构在清算交收时发生清算交收参与方不能正常履约的情形，则依据《上海证 券交易所交易型开放式指数基金业务实施细则》、《中国证券登记结算有限责任公司关于交 易所交易型开放式证券投资基金登记结算业务实施细则》和参与各方相关协议的有关规定进 行处理。 本基金申购业务采用实时逐笔全额结算（Real Time Gross Settlement，以下简称 RTGS） 模式；赎回业务涉及的现金替
40,520530,SH,SH,2026-06-27,2026-06-27,临时数据/520530/520530_更新招募说明书_20260627.txt,115507,1,现金替代、 现金差额及其他对价的 清算交收适用上海证券交易所、 中国证券登记结算有限责任公司发布的相关业务 规则和参与各方相关协议的有关规定。本基金申购业务采用实时逐笔全额结算 （Real Time Gross Settlement）模式；赎回业务涉及的现金替代采用代收代付 处理；申购、赎回业务涉及的现金差额和现金替代退补款采用代收代付处理。 投资者 T 日申购成功后， 如交易记录已勾单且申购资金足额的， 登记机构在 T 日日间实时办理基金份额及现金替代的交收；T 日日间未进行勾单确认或日间 资金不足的， 登记机构在T 日日终根据资金是否足额办理基金份额及现金替代的 清算交收， 并将结果发送给基金管理人、 申购赎回代理券商和基金托管人。 基金 管理人在 T+1 日内办理现金差额的清算， 在T+2 日内办理现金差额的交收。 基金 管理人可以对清算交收日期进行相应调整。 投资者T 日赎回成功后， 正常情况下， 登记机构在 T 日收市后为投资者办理基金份额的交收， 在T+1 日内办理现金差额 的清算， 并将结果发送给申购赎回代理券商、 基金管理人和基金托管人。 基金管 理人与申购赎回代理券商在 T+2 日内办理现金差额的交收。 赎回现金替代款将自 有效赎回申请之日起 7 个开放日内办理。 如遇香港证券市场的交易清算规则有,2,1,）本基金在任何交易日日终，持有的卖出股指期货合约价值不得超过本基 金持有的股票总市值的 20%； 4）本基金所持有的股票市值和买入、卖出股指期货合约价值，合计（轧差 计算）应当符合基金合同关于股票投资比例的有关约定； 5）本基金在任何交易日内交易（不包括平仓）的股指期货合约的成交金额 不得超过上一交易日基金资产净值的 20%； （14）本基金参与股票期权交易的，应当符合下列风险控制指标要求： 1）本基金因未平仓的期权合约支付和收取的权利金总额不得超过基金资产 净值的 10%； 2）本基金开仓卖出认购期权的，应持有足额标的证券；开仓卖出认沽期权 的，应持有合约行权所需的全额现金或交易所规则认可的可冲抵期权保证金的 现金等价物； 3）本基金未平仓的期权合约面值不得超过基金资产净值的 20%。其中，合 约面值按照行权价乘以合约乘数计算； （15） 本基金参与融资的， 每个交易日日终， 本基金持有的融资买入股票与 其他有价证券市值之和，不得超过基金资产净值的 95%； （16）本基金参与转融通证券出借业务的，应当符合以下限制： 1）出借证券资产不得超过基金资产净值的30%，出借期限在10 个交易日以 上的出借证券应纳入《流动性风险管理规定》所述流动性受限证券的范围； 2）本基金参与出借业务的单只证券不得超过基金持有该证券总量的 30%； 3）最近 6 个,2,0,成本， 则基金管理人将退还多收取的 差额； 如果预先收取的申购现金替代保证金低于基金购入该部分证券的实际结算 成本，则基金管理人将向投资者收取欠缺的差额。 3）申购替代金额的处理程序 T日内，基金管理人根据申购赎回清单收取申购现金替代保证金。对于确认 成功的T日申购申请， 在T日内， 基金管理人以收到的申购现金替代保证金代投资 者买入被替代证券。基金管理人有权在T日内任意时刻以收到的申购现金替代保 证金代投资者买入小于等于被替代证券数量的任意数量的被替代证券。基金管 理人有权根据基金投资的需要自主决定不买入部分被替代证券， 或者不进行任何 买入证券的操作。 T日日终，基金管理人根据所购入的被替代证券的实际单位购入成本（包括 买入价格与相关费用）和未买入的被替代证券的T日收盘价（折算为人民币，折 算汇率采用当天的估值汇率；T日在证券交易所无交易的，取最近交易日的收盘 价；交易日无收盘价的，取最后成交价）计算被替代证券的单位结算成本，在此 东财中证港股通科技交易型开放式指数证券投资基金 更新招募说明 书 37 基础上根据替代证券数量和申购现金替代金额确定基金应退还投资者或投资者 应补交的款项。 正常情况下，T日后的第3个港股通交收日后的2个工作日内，基金管理人将 应退款或补款与相关申购赎回代理机构办理交收。若发生特殊情况， 基金管理人 可以对交收日期进行相应调整。 如,2,0,益， 该证券对应的现金替代款的清算交收可在其复牌后按照实际交 易成本办理。在此期间若该证券发生除息、送股（转增）、配股等重 要权益变 动，则进行相应调整。 4）赎回替代金额的处理程序 对于确认成功的T日赎回申请， 在T日内， 基金管理人根据赎回申请代投资 者 卖出被替代证券。 基金管理人有权在T日内任意时刻代投资者卖出小于等于被 替 代证券数量的任意数量的被替代证券。基金管理人有权根据基金投资的需要 自 主决定不卖出部分被替代证券，或者不进行任何卖出证券的操作。 T日日终，基金管理人根据所卖出的被替代证券的实际单位卖出金额（扣除 相关费用）和未卖出的被替代证券的T日收盘价（折算为人民币，折算汇率采用 当天的估值汇率；T日在证券交易所无交易的，取最近交易日的收盘价；交易日 无收盘价的， 取最后成交价） 计算被替代证券的单位结算金额， 在此基础上根据 替代证券数量确定赎回替代金额。 正常情况下，T日后的第7个港股通交收日后的第2个工作日内，基金管理人 将应支付的赎回替代金额与相关申购赎回代理机构办理交收。若发生特殊情况， 基金管理人可以对交收日期进行相应调整。 如遇港股通临时停市等特殊情况， 组合证券的代理卖出及结算价格可依次顺 延至下一港股通交易日直至交易正常。 如遇证券长期停牌、 流动性不足等可能导 致收盘价或最后成交价不公允的特殊情况， 可参照证券的估值价格，,上海证券交易所、 中国证券登记结算有限责任公 司修改或更新上述规则并适用于本基金的， 则按照新的规则执行， 无须召开基金 份额持有人大会审议。 3、申购和赎回的清算交收与登记 本基金申购赎回过程中涉及的基金份额、 现金替代、 现金差额及其他对价的 清算交收适用上海证券交易所、 中国证券登记结算有限责任公司发布的相关业务 规则和参与各方相关协议的有关规定。本基金申购业务采用实时逐笔全额结算 （Real Time Gross Settlement）模式；赎回业务涉及的现金替代采用代收代付 处理；申购、赎回业务涉及的现金差额和现金替代退补款采用代收代付处理。 投资者 T 日申购成功后， 如交易记录已勾单且申购资金足额的， 登记机构在 T 日日间实时办理基金份额及现金替代的交收；T 日日间未进行勾单确认或日间 资金不足的， 登记机构在T 日日终根据资金是否足额办理基金份额及现金替代的 清算交收， 并将结果发送给基金管理人、 申购赎回代理券商和基金托管人。 基金 管理人在 T+1 日内办理现金差额的清算， 在T+2 日内办理现金差额的交收。 基金 管理人可以对清算交收日期进行相应调整。 投资者T 日赎回成功后， 正常情况下， 登记机构在 T 日收市后为投资者办理基金份额的交收， 在T+1 日内办理现金差额 的清算， 并将结果发送给申购赎回代理券商、 基金管理人和基金
41,159318,SZ,SZ,2026-05-22,2026-05-22,临时数据/159318/159318_更新招募说明书_20260522.txt,116952,2,记结算有限责任公司修改或更新上 述规则或新增设相关规则并适用于本基金的，则按照新的规则执行，并在招募说明 书中进行更新。 本基金现金申购业务中的现金替代日间实行RTGS交收，日间未完成交收的，日 终统一进行逐笔全额非担保交收；现金赎回业务中的现金替代采用代收代付处理； 现金申购、赎回业务涉及的现金差额和现金替代退补款采用代收代付处理。 正常情况下，投资者T日提交的现金申购申请受理后，登记机构对ETF申购对应 的份额和现金替代，日间实行RTGS交收，上述份额和现金替代日间未完成交收的， 日终统一进行逐笔全额非担保交收，登记机构在T日办理基金份额及现金替代的清 算交收，并将结果发送给基金管理人、申购赎回代理券商和基金托管人。基金管理 人在T+2日办理现金差额的清算交收。 投资者T日提交的现金赎回申请受理后，登记机构在T日为投资者办理基金份额 的注销，对ETF赎回份额实行逐笔全额非担保交收，对ETF赎回的现金替代、申赎的 现金差额及现金替代退补款，实行资金代收代付，并将结果发送给基金管理人、申 购赎回代理券商和基金托管人。基金管理人在T+2日办理现金差额的清算交收。赎 回现金替代款的清算交收由基金管理人和申购赎回代理券商协商处理，正常情况 下，赎回现金替代款将自有效赎回申请之日起7个开放日内划往基金份额持有人账 户。,6,2,不卖出部分被替代证券，或者不进行任何买入或 卖出证券的操作，基金管理人可能不买入或不卖出被替代证券的情形包括但不限 于市场流动性不足、技术系统无法实现、申购赎回轧差以及基金管理人认为不需 买入或卖出的其他情形。 按照目前的证券代理买卖规则，T日确认成功的申购或赎回申请，基金管理 人T日未买入或未卖出的部分证券，将按该证券T日收盘价（折算为人民币，目前 折算汇率采用T日估值汇率，基金管理人可根据情况调整所使用的折算汇率，并 及时公告，被替代证券T日在证券交易所无交易的，取最近交易日的收盘价，交 易日无收盘价的，取最后成交价）计算被替代证券的单位结算成本或结算金额， 因此投资者需承受可能当天无法完成所有证券买卖、未完成买卖部分按收盘价结 算、结算成本或结算金额不确定（含汇率波动、未完成买卖部分的折算汇率与港 股通结算汇率发生偏离）等风险。由于指数成份股采取基金管理人代买代卖模 式，可能给投资者申购和赎回带来价格的不确定性，而这种价格的不确定性可能 影响本基金二级市场价格的折溢价水平。投资人在赎回基金份额时，基金投资组 合变现可能受到市场变化、部分成份股停牌或流动性不足等因素影响，导致投资 者收到的赎回对价可能延期交收或赎回对价的金额出现较大波动的风险。此外， 基金管理人可根据运作情况调整代理申赎投资者买券卖券的相关规则，存在相关 规则变动带来的风险。,2,0,境外发行人、中国存托凭证发行 机制以及交易机制等相关的风险。 基金管理人可在本招募说明书规定的时间内（详见本招募说明书第十部分 基金份额的申购与赎回的相关内容）代投资者买入或卖出组合证券中被替代证券 3 银华恒指港股通交易型开放式指数证券投资基金招募说明书更新(2026 年第 1 号) 的任意数量，实际买入被替代证券的价格可能处于规定时间内（同上）较高的位 置或处于最高价格，实际卖出被替代证券的价格可能处于规定时间内（同上）较 低的位置或处于最低价格，基金管理人对此不承担责任。基金管理人有权根据基 金投资的需要自主决定不买入或不卖出部分被替代证券，或者不进行任何买入或 卖出证券的操作，基金管理人可能不买入或不卖出被替代证券的情形包括但不限 于市场流动性不足、技术系统无法实现、申购赎回轧差以及基金管理人认为不需 买入或卖出的其他情形。 按照目前的证券代理买卖规则，T日确认成功的申购或赎回申请，基金管理 人T日未买入或未卖出的部分证券，将按该证券T日收盘价（折算为人民币，目前 折算汇率采用T日估值汇率，基金管理人可根据情况调整所使用的折算汇率，并 及时公告，被替代证券T日在证券交易所无交易的，取最近交易日的收盘价，交 易日无收盘价的，取最后成交价）计算被替代证券的单位结算成本或结算金额， 因此投资者需承受可能当天无法完成所有证券买卖、未完成买卖部分按收盘价结,2,0,境外发行人、中国存托凭证发行 机制以及交易机制等相关的风险。 基金管理人可在本招募说明书规定的时间内（详见本招募说明书第十部分 基金份额的申购与赎回的相关内容）代投资者买入或卖出组合证券中被替代证券 3 银华恒指港股通交易型开放式指数证券投资基金招募说明书更新(2026 年第 1 号) 的任意数量，实际买入被替代证券的价格可能处于规定时间内（同上）较高的位 置或处于最高价格，实际卖出被替代证券的价格可能处于规定时间内（同上）较 低的位置或处于最低价格，基金管理人对此不承担责任。基金管理人有权根据基 金投资的需要自主决定不买入或不卖出部分被替代证券，或者不进行任何买入或 卖出证券的操作，基金管理人可能不买入或不卖出被替代证券的情形包括但不限 于市场流动性不足、技术系统无法实现、申购赎回轧差以及基金管理人认为不需 买入或卖出的其他情形。 按照目前的证券代理买卖规则，T日确认成功的申购或赎回申请，基金管理 人T日未买入或未卖出的部分证券，将按该证券T日收盘价（折算为人民币，目前 折算汇率采用T日估值汇率，基金管理人可根据情况调整所使用的折算汇率，并 及时公告，被替代证券T日在证券交易所无交易的，取最近交易日的收盘价，交 易日无收盘价的，取最后成交价）计算被替代证券的单位结算成本或结算金额， 因此投资者需承受可能当天无法完成所有证券买卖、未完成买卖部分按收盘价结 算、,益受损的，基金管理人、基金托管人、基金销售机构不承担由此造成的 损失或不利后果。如因申请未得到登记机构的确认而造成的损失，由投资人自行承 担。 3、申购和赎回的清算交收与登记 本基金申购赎回过程中涉及的基金份额、现金替代、现金差额及其他对价的清 算交收适用相关证券交易所、登记机构的相关规则和参与各方相关协议及其不时修 订的有关规定。如相关证券交易所、中国证券登记结算有限责任公司修改或更新上 述规则或新增设相关规则并适用于本基金的，则按照新的规则执行，并在招募说明 书中进行更新。 本基金现金申购业务中的现金替代日间实行RTGS交收，日间未完成交收的，日 终统一进行逐笔全额非担保交收；现金赎回业务中的现金替代采用代收代付处理； 现金申购、赎回业务涉及的现金差额和现金替代退补款采用代收代付处理。 正常情况下，投资者T日提交的现金申购申请受理后，登记机构对ETF申购对应 的份额和现金替代，日间实行RTGS交收，上述份额和现金替代日间未完成交收的， 日终统一进行逐笔全额非担保交收，登记机构在T日办理基金份额及现金替代的清 算交收，并将结果发送给基金管理人、申购赎回代理券商和基金托管人。基金管理 人在T+2日办理现金差额的清算交收。 投资者T日提交的现金赎回申请受理后，登记机构在T日为投资者办理基金份额 的注销，对ETF赎回份额实行逐笔全额非担保交收，对ETF赎回的现
42,159751,SZ,SZ,2026-04-08,2026-04-08,临时数据/159751/159751_更新招募说明书_20260408.txt,98303,4,本基金申购赎回过程中涉及的基金份额、现金替代、现金差额及其他对价的清算交收 适用《业务规则》和参与各方相关协议的有关规定。 本基金现金申购业务中的现金替代采用实时逐笔全额结算（RTGS）与日终逐笔全额 非担保交收的方式处理；现金赎回业务中的现金替代采用代收代付处理；现金申购、赎回 业务涉及的现金差额和现金替代退补款采用代收代付处理。 投资者 T 日提交的现金申购申请受理后，日间完成 RTGS 交收部分，登记机构在 T 日 为该投资者办理基金份额登记以及现金替代的交收；日间未完成 RTGS 交收部分，登记机 构在 T 日日终为该投资者办理基金份额登记以及现金替代的交收，并将结果发送给基金管 理人、申购赎回代理券商和基金托管人。基金管理人在 T+1 日办理现金差额的清算，在 T+2 日办理现金差额的交收。 29 投资者 T 日提交的现金赎回申请受理后，登记机构在 T 日收市后为投资者办理基金份 额的清算交收，并将结果发送给基金管理人、申购赎回代理机构和基金托管人。基金管理 人在 T+1 日办理现金差额的清算，在 T+2 日办理现金差额的交收。现金赎回替代款的清算 交收由基金管理人和申购赎回代理券商协商处理，正常情况下，该款项的清算交收于 T+7 日（指开放日）内办理，但如果出现港股通暂停交易或交收、流动性不足等原因导,4,0,； c.本基金在任何交易日日终，持有的卖出期货合约价值不得超过基金持有的股票总市 值的 20%； d.本基金所持有的股票市值和买入、卖出股指期货合约价值，合计（轧差计算）应当 符合基金合同关于股票投资比例的有关约定； e.本基金在任何交易日内交易（不包括平仓）的股指期货合约的成交金额不得超过上 一交易日基金资产净值的 20%； f.每个交易日日终在扣除股指期货合约需缴纳的交易保证金后，应当保持不低于交易 保证金一倍的现金，其中现金不包括结算备付金、存出保证金、应收申购款等； （11）本基金参与融资的，每个交易日日终，本基金持有的融资买入股票与其他有价 41 证券市值之和，不得超过基金资产净值的 95%； （12）本基金参与转融通证券出借业务的，应当符合以下要求： a.出借证券资产不得超过基金资产净值的 30%； b.参与出借业务的单只证券不得超过基金持有该证券总量的 30%； c.最近 6 个月内日均基金资产净值不低于 2 亿元； d.证券出借的平均剩余期限不得超过 30 天，平均剩余期限按照市值加权平均计算； （13）本基金主动投资于流动性受限资产的市值合计不得超过本基金资产净值的 15%。因证券市场波动、上市公司股票停牌、基金规模变动等基金管理人之外的因素致使基 金不符合该比例限制的，基金管理人不得主动新增流动性受限资产的投资； （14）本基,2,0,因素，导致投资者变现后的价值与赎回 时赎回对价的价值有差异，存在变现风险。 （14）申购赎回的代理买卖风险 基金管理人可在招募说明书规定的时间内以收到的替代金额代投资者买入或卖出小于 等于被替代证券数量的任意数量的被替代证券，实际买入被替代证券的价格可能处于规定 时间内较高的位置或处于最高价格，实际卖出被替代证券的价格可能处于规定时间内较低 的位置或处于最低价格，基金管理人对此不承担责任。基金管理人有权根据基金投资的需 要自主决定不买入或不卖出部分被替代证券，或者不进行任何买入或卖出证券的操作，基 金管理人可能不买入或不卖出被替代证券的情形包括但不限于市场流动性不足、技术系统 无法实现、申购赎回轧差、港股通结算规则以及基金管理人认为不应买入或卖出的其他情 形。 （15）第三方机构服务的风险 本基金的多项服务委托第三方机构办理，存在以下风险： 1）申购赎回代理券商因多种原因，导致代理申购、赎回业务受到限制、暂停或终止， 由此影响对投资者申购赎回服务的风险。 2）登记机构可能调整结算制度，如对投资者基金份额、组合证券及资金的结算方式发 生变化，制度调整可能给投资者带来理解偏差的风险。同样的风险还可能来自于证券交易 所及其他代理机构。 3）第三方机构可能违约，导致基金或投资者利益受损的风险。 （16）港股投资风险 本基金可投资于港股通标的股票，从而面临相应的风,2,0,要权益变动，则进行相应调整。 ④赎回对应的替代金额 32 赎回时，对于可以现金替代的证券，替代金额为扣除相关费用后的该证券的卖出价值 （或证券实际结算价值） ⑤赎回替代金额的处理程序 对于确认成功的 T 日赎回申请，通常情况下 T 日内基金管理人根据赎回规模进行组合 证券的代理卖出。基金管理人有权在 T 日内任意时刻代投资者卖出小于等于被替代证券数 量的任意数量的被替代证券。基金管理人有权根据基金投资的需要自主决定不卖出部分被 替代证券，或者不进行任何卖出证券的操作。T 日日终，基金管理人根据所卖出的被替代 证券的实际单位卖出金额（扣除相关费用）和未卖出的被替代证券的 T 日收盘价（折算为 人民币，折算汇率采用当 天的估值汇率；被替代证券 T 日在证券交易所无交易的，取最近 交易日的收盘价；交易日无收盘价的，取最后成交价）计算被替代证券的单位结算金额， 在此基础上根据替代证券数量确定赎回替代金额。 如遇港股通临时停市等特殊情况，组合证券的代理卖出及结算价格可依次顺延至下一 港股通交易日直至交易正常。如遇证券长期停牌、流动性不足等可能导致收盘价或最后成 交价不公允的特殊情况，可参照证券的估值价格，对结算价格进行调整，如果基金管理人 认为该证券复牌后的价格可能存在较大波动，且可能对基金资产净值产生较大影响，为了 更好的维护持有人利益，该证券对应的现金替代款的清算交收可,代表销售机构确实 接收到该申请。申购、赎回的确认以登记机构的确认结果为准。对于申购、赎回申请的确 认情况，投资人应及时查询并妥善行使合法权利。 3、申购和赎回的清算交收与登记 本基金申购赎回过程中涉及的基金份额、现金替代、现金差额及其他对价的清算交收 适用《业务规则》和参与各方相关协议的有关规定。 本基金现金申购业务中的现金替代采用实时逐笔全额结算（RTGS）与日终逐笔全额 非担保交收的方式处理；现金赎回业务中的现金替代采用代收代付处理；现金申购、赎回 业务涉及的现金差额和现金替代退补款采用代收代付处理。 投资者 T 日提交的现金申购申请受理后，日间完成 RTGS 交收部分，登记机构在 T 日 为该投资者办理基金份额登记以及现金替代的交收；日间未完成 RTGS 交收部分，登记机 构在 T 日日终为该投资者办理基金份额登记以及现金替代的交收，并将结果发送给基金管 理人、申购赎回代理券商和基金托管人。基金管理人在 T+1 日办理现金差额的清算，在 T+2 日办理现金差额的交收。 29 投资者 T 日提交的现金赎回申请受理后，登记机构在 T 日收市后为投资者办理基金份 额的清算交收，并将结果发送给基金管理人、申购赎回代理机构和基金托管人。基金管理 人在 T+1 日办理现金差额的清算，在 T+2 日办理现金差额的交收。现金赎回替代款的清算 交收由基金管理人和申购赎
43,159269,SZ,SZ,2026-05-21,2026-05-21,临时数据/159269/159269_更新招募说明书_20260521.txt,117544,4,证券 仅在境内证券交易所上市的ETF产品存在一定差异。在目前结算规则下，投资者当日申购的 基金份额，清算交收完成后可卖出和赎回，即T日申购的ETF份额且日间完成RTGS（实时 逐笔全额结算）交收，T日可卖出与赎回；T日申购的ETF份额日间未完成交收的，日终完 成逐笔全额非担保交收，T+1日方可卖出和赎回；T日竞价买入的基金份额，T日可以卖出 或赎回；T日大宗买入的基金份额，T日可以大宗卖出，T+1日可以竞价卖出或赎回。 投资人投资本基金时需具有深圳证券交易所A股账户或基金账户。其中，深圳证券交易 所基金账户只能进行基金的现金认购和二级市场交易， 如投资人需要参与基金的申购、 赎回， 则应开立深圳证券交易所A股账户。 投资人在投资本基金之前，请仔细阅读本基金的招募说明书、基金产品资料概要和基金 合同等信息披露文件，自主判断基金的投资价值，自主做出投资决策，全面认识本基金的风 险收益特征和产品特性，并充分考虑自身的风险承受能力，理性判断市场，谨慎做出投资决 策。基金的过往业绩并不预示其未来表现，基金管理人管理的其他基金的业绩也不构成对本 基金业绩表现的保证。基金管理人承诺以恪尽职守、诚实信用、谨慎勤勉的原则管理和运用 基金财产，但不保证基金一定盈利，也不向投资人保证最低收益。基金管理人提醒投资人基 金投资的“买者自,3,1,3）本基金在任何交易日日终，持有的卖出股指期货合约价值不得超过基金持有的股票 总市值的20%； 4）本基金所持有的股票市值和买入、卖出股指期货合约价值，合计（轧差计算）应当 符合基金合同关于股票投资比例的有关约定； 5）本基金在任何交易日内交易（不包括平仓）的股指期货合约的成交金额不得超过上 一交易日基金资产净值的20%； （13）本基金参与股票期权交易，应当符合下列投资限制： 1）基金因未平仓的期权合约支付和收取的权利金总额不得超过基金资产净值的10%； 2）开仓卖出认购期权的，应持有足额标的证券；开仓卖出认沽期权的，应持有合约行 权所需的全额现金或交易所规则认可的可冲抵期权保证金的现金等价物； 3）未平仓的期权合约面值不得超过基金资产净值的20%。其中，合约面值按照行权价 乘以合约乘数计算； （14）本基金参与转融通证券出借业务的，应当符合下列要求： 1）本基金在任何交易日日终，参与转融通证券出借业务的资产不得超过基金资产净值 的30%，其中出借期限在10个交易日以上的出借证券应纳入《流动性风险管理规定》所述 流动性受限证券的范围； 南方中证港股通科技交易型开放式指数证券投资基金招募说明书（更新） 50 2）本基金在任何交易日日终，参与出借业务的单只证券不得超过基金持有该证券总量 的30%； 3）证券出借的平均剩余期限不得超过30天，平均剩,1,0,,1,4,,付风险、法律风险和操作风险。 本基金的标的指数组合证券为内地与香港股票市场交易互联互通机制允许买卖的规定 范围内的香港联合交易所上市的股票，基金份额申购、赎回的清算交收与标的指数组合证券 仅在境内证券交易所上市的ETF产品存在一定差异。在目前结算规则下，投资者当日申购的 基金份额，清算交收完成后可卖出和赎回，即T日申购的ETF份额且日间完成RTGS（实时 逐笔全额结算）交收，T日可卖出与赎回；T日申购的ETF份额日间未完成交收的，日终完 成逐笔全额非担保交收，T+1日方可卖出和赎回；T日竞价买入的基金份额，T日可以卖出 或赎回；T日大宗买入的基金份额，T日可以大宗卖出，T+1日可以竞价卖出或赎回。 投资人投资本基金时需具有深圳证券交易所A股账户或基金账户。其中，深圳证券交易 所基金账户只能进行基金的现金认购和二级市场交易， 如投资人需要参与基金的申购、 赎回， 则应开立深圳证券交易所A股账户。 投资人在投资本基金之前，请仔细阅读本基金的招募说明书、基金产品资料概要和基金 合同等信息披露文件，自主判断基金的投资价值，自主做出投资决策，全面认识本基金的风 险收益特征和产品特性，并充分考虑自身的风险承受能力，理性判断市场，谨慎做出投资决 策。基金的过往业绩并不预示其未来表现，基金管理人管理的其他基金的业绩也不构成对本 基金业绩表现的保证。基金管理人承诺以恪
44,159251,SZ,SZ,2025-07-18,2025-07-18,临时数据/159251/159251_更新招募说明书_20250718.txt,116399,2,的清算交收与登记规则适用深圳证券交易所、 中国证券登记结算有限责任公司相 关业务规则和参与各方相关协议及其不时修订的有关规定。 本基金申购业务涉及的现金替代采用实时逐笔全额结算（ Real Time Gross Settlement， 简称RTGS） 与日终逐笔全额非担保交收的方式处理模式； 赎回业务 涉及的现金替代可采用代收代付处理； 申购、 赎回业务涉及的现金差额和现金替 代退补款可采用代收代付处理。 投资者 T 日现金申购后，如交易记录已勾单且申购资金足额的，登记机构 万家国证港股通科技交易型开放式指数证券投资基金 更新招募说明书 （2025 年第 1 号） 36 在 T 日日间实时办理基金份额及现金替代的交收；T 日日间未进行勾单确认或日 间资金不足的，登记机构在 T 日日终根据资金是否足额办理基金份额及现金替 代的清算交收，并将结果发送给基金管理人、申购赎回代理券商和基金托管人。 登记机构在 T+1 日内办理现金差额的清算，基金管理人与申购赎回代理券商在 T+2 日内办理现金差额的交收。 投资者 T 日赎回申请受理后，登记机构在 T 日收市后为投资者办理基金份 额的清算交收，在 T+1 日内办理现金差额的清算，并将结果发送给基金管理人、 申购赎回代理券商和基金托管人。基金管理人与申购赎回代理券商在 T+2,8,5,被替代组合证券的单 位结算成本， 在此基础上根据替代组合证券数量和申购现金替代保证金确定基金 应退还投资人的款项或投资人应补交的款项。 未购入部分包含因申购赎回轧差处 理而未实际购入的申购申请对应的被替代组合证券。T 日后的第 2 个港股通交收 日后的 2 个工作日内， 基金管理人将应退款或补款与相关申购赎回代理券商办理 交收。 若发生特殊情况， 基金管理人可以对交收日期进行相应调整。 未来基金管 理人有权视产品运行情况， 经与基金托管人协商一致， 对折算汇率和未购入被替 代证券的计算价格进行调整，并提前公告。 如遇港股通临时停市、 港股通交易每日额度或总额度不足等特殊情况， 组合 证券的代理买入及结算价格可依次顺延至下一港股通交易日直至交易正常。 如遇 证券长期停牌、流动性不足等可能导致收盘价或最后成交价不公允的特殊情况， 可参照证券的估值价格， 对结算成本进行调整。 如果基金管理人认为该证券复牌 后的价格可能存在较大波动， 且可能对基金资产净值产生较大影响， 为了更好的 维护持有人利益， 该证券对应的现金替代款的清算交收可在其复牌后按照实际交 易成本或管理人认为合理的价格办理。 在此期间若该证券发生除息、 送股 （转增） 、 配股等重要权益变动，则进行相应调整。 ④赎回替代金额的处理程序 正常情况下，基金管理人在 T 日根据赎回申请代投资者卖,2,0,成 本， 则基金管理人将退还多收取的差额； 如果预先收取的申购替代金额低于基金 购入该部分组合证券的实际结算成本，则基金管 理人将向投资人收取欠缺的差 额。 ③申购替代金额的处理程序 T 日， 基金管理人在申购赎回清单中公布申购现金替代保证金率， 并据此收 取申购替代金额。 正常情况下，基金管理人在 T 日根据申购申请代投资者买入被替代证券。 基金管理人有权在 T 日内任意时刻代投资者买入组合证券中被替代证券的任意 数量。 对于确认成功的T 日申购申请，T 日内基金管理人根据申购规模进行组合 证券的代理买入。T 日日终， 基金管理人根据所购入的被替代组合证券的实际单 位购入成本 （包括买入价格与相关费用， 折算为人民币， 折算汇率采用当天的港 万家国证港股通科技交易型开放式指数证券投资基金 更新招募说明书 （2025 年第 1 号） 40 股通结算汇兑比率）、未购入的被替代组合证券的 T 日收盘价（折算为人民币， 折算汇率采用当天的估值汇率；被替代组合证券 T 日无交易的，取最近交易日 的收盘价； 交易日无收盘价的， 取最后成交价） 计算并确定被替代组合证券的单 位结算成本， 在此基础上根据替代组合证券数量和申购现金替代保证金确定基金 应退还投资人的款项或投资人应补交的款项。 未购入部分包含因申购赎回轧差处 理而未实际购入的申购申请对应的被替代组合证券。T 日后的,2,0,款的清算交收可在其复牌后按照实际交 易成本或管理人认为合理的价格办理。 在此期间若该证券发生除息、 送股 （转增） 、 配股等重要权益变动，则进行相应调整。 ④赎回替代金额的处理程序 正常情况下，基金管理人在 T 日根据赎回申请代投资者卖出被替代证券。 基金管理人有权在 T 日内任意时刻代投资者卖出组合证券中被替代证券的任意 数量。 对于确认成功的T 日赎回申请，T 日内基金管理人根据所卖出的被替代组 合证券的实际单位卖出所得 （扣除相关费用， 折算为人民币， 折算汇率采用当天 的港股通结算汇兑比率）、未卖出的被替代组合证券的 T 日收盘价（折算为人 民币，折算汇率采用当天的估值汇率；被替代组合证券 T 日无交易的，取最近 交易日的收盘价； 交易日无收盘价的， 取最后成交价） 计算并确定被替代组合证 券的单位结算成本， 在此基础上根据替代组合证券数量确定赎回替代金额。 未卖 出部分包含因申购赎回轧差处理而未实际卖出的赎回申请对应的被替代组合证 券。T 日后的第 2 个港股通交收日后的 2 个工作日内， 基金管理人将应支付的赎 万家国证港股通科技交易型开放式指数证券投资基金 更新招募说明书 （2025 年第 1 号） 41 回现金替代款与相关申购赎回代理机构办理交收。 若发生特殊情况， 基金管理人 可以对交收日期进行相应调整。 未来基金管理人有权视产品运行情况， 经,限责任公司修改或更新上述规则并适用于本基金的， 则按照新的规 则执行， 届时基金管理人将发布公告予以披露， 无须召开基金份额持有人大会审 议。 3、申购和赎回的清算交收与登记 本基金申购、 赎回过程中涉及的基金份额、 现金替代、 现金差额及其他对价 的清算交收与登记规则适用深圳证券交易所、 中国证券登记结算有限责任公司相 关业务规则和参与各方相关协议及其不时修订的有关规定。 本基金申购业务涉及的现金替代采用实时逐笔全额结算（ Real Time Gross Settlement， 简称RTGS） 与日终逐笔全额非担保交收的方式处理模式； 赎回业务 涉及的现金替代可采用代收代付处理； 申购、 赎回业务涉及的现金差额和现金替 代退补款可采用代收代付处理。 投资者 T 日现金申购后，如交易记录已勾单且申购资金足额的，登记机构 万家国证港股通科技交易型开放式指数证券投资基金 更新招募说明书 （2025 年第 1 号） 36 在 T 日日间实时办理基金份额及现金替代的交收；T 日日间未进行勾单确认或日 间资金不足的，登记机构在 T 日日终根据资金是否足额办理基金份额及现金替 代的清算交收，并将结果发送给基金管理人、申购赎回代理券商和基金托管人。 登记机构在 T+1 日内办理现金差额的清算，基金管理人与申购赎回代理券商在 T+2 日内办理现金差额的交收。 投资者 T
45,159271,SZ,SZ,2026-08-11,2026-08-11,临时数据/159271/159271_更新招募说明书_20260811.txt,105727,2,基金申购赎回过程中涉及的基金份额、现金替代、现金差额和/或其他对价的清算交 收适用《业务规则》和参与各方相关协议的有关规定。 本基金现金申购业务中的现金替代采用实时逐笔全额结算（ Real Time Gross Settlement，简称 RTGS）模式；赎回业务涉及的现金替代采用代收代付处理；申购、赎回 业务涉及的现金差额和现金替代退补款采用代收代付处理。 （1）申购的清算交收 29 投资者 T 日申购后，如交易记录已勾单且申购资金足额的，登记机构在T 日日间实时 办理基金份额及现金替代的交收；T 日日间未进行勾单确认或日间资金不足的，登记机构 在 T 日日终根据资金是否足额办理基金份额及现金替代的清算交收，并将结果发送给基金 管理人、申购赎回代理券商和基金托管人。登记机构在 T+1 日办理现金差额的清算，并将 结果发送给申购赎回代理券商、基金管理人和基金托管人。基金管理人与申购赎回代理券 商在T+2 日办理现金差额的交收。 （2）赎回的清算交收 投资者 T 日赎回成功后，登记机构在 T 日收市后为投资者办理基金份额的交收，在 T+1 日办理现金差额的清算，并将结果发送给申购赎回代理券商、基金管理人和基金托管 人。基金管理人与申购赎回代理券商在T+2 日办理现金差额的交收。 赎回替代金额的清算交收 由基金管理人和,2,1,c.本基金在任何交易日日终，持有的卖出股指期货合约价值不得超过基金持有的股票 总市值的20%； d.本基金所持有的股票市值和买入、卖出股指期货合约价值，合计（轧差计算）应当 符合基金合同关于股票投资比例的有关约定； e.本基金在任何交易日内交易（不包括平仓）的股指期货合约的成交金额不得超过上 一交易日基金资产净值的20%； f.本基金每个交易日日终在扣除股指期货合约需缴纳的交易保证金后，应当保持不低 于交易保证金一倍的现金，其中现金不包括结算备付金、存出保证金、应收申购款等； （10）本基金参与融资的，每个交易日日终，本基金持有的融资买入股票与其他有价 证券市值之和，不得超过基金资产净值的95%； （11）本基金参与转融通证券出借业务的，应当符合以下要求： a.出借证券资产不得超过基金资产净值的30%； b.参与出借业务的单只证券不得超过基金持有该证券总量的30%； c.最近6 个月内日均基金资产净值不低于2 亿元； d.证券出借的平均剩余期限不得超过30 天，平均剩余期限按照市值加权平均计算； （12）本基金主动投资于流动性受限资产的市值合计不得超过本基金资产净值的 15%。因证券市场波动、上市公司股票停牌、基金规模变动等基金管理人之外的因素致使基 金不符合该比例限制的，基金管理人不得主动新增流动性受限资产的投资； （13）本基金与私募类证券,2,0,申请，T 日内基金管理人根据申购规模进行组合证券的代理 买入，通常情况下代理买入在 T 日接近收盘时点完成。基金管理人有权在 T 日内任意时刻 以收到的替代金额代投资者买入小于等于被替代证券数量的任意数量的被替代证券，实际 买入被替代证券的价格可能处于 T 日内较高的位置或处于最高价格，基金管理人对此不承 担责任。基金管理人有权根据基金投资的需要自主决定不买入部分被替代证券，或者不进 行任何买入证券的操作，基金管理人可能不买入被替代证券的情形包括但不限于市场流动 性不足、技术系统无法实现以及基金管理人认为不应买 入的其他情形。T 日日终，基金管 理人根据所购入的被替代证券的实际单位购入成本（包括买入价格与相关费用）和未买入 32 的被替代证券的 T 日收盘价（按估值汇率折算为人民币；T 日在证券交易所无交易的，取 最近交易日的收盘价；交易日无收盘价的，取最后成交价）计算被替代证券的单位结算成 本，在此基础上根据替代证券数量和申购现金替代保证金确定基金应退还投资者或投资者 应补交的款项。在此期间若该部分证券发生除息、送股（转增）、配股等重要权益变动， 则进行相应调整。正常情况下，正常情况下，T 日后的第 2 个港股通交易日后的 2 个工作 日内，基金管理人将应退款或补款与相关申购赎回代理机构办理交收。若发生特殊情况， 基金管理人可以对交收日期进行相应调整。,2,0,股等重要权益变动，则进行相应调整。 ④赎回对应的替代金额 赎回时，对于可以现金替代的证券，替代金额为扣除相关费用后的该证券的卖出价值 （或证券实际结算价值） ⑤赎回替代金额的处理程序 对于确认成功的 T 日赎回申请，T 日内，基金管理人根据赎回规模进行组合证券的代 理卖出。基金管理人有权在 T 日内任意时刻卖出小于等于被替代证券数量的任意数量的被 替代证券，实际卖出被替代证券的价格可能处于 T 日内较低的位置或处于最低价格，基金 管理人对此不承担责任。基金管理人有权根 据基金投资的需要自主决定不卖出部分被替代 证券，或者不进行任何卖出证券的操作，基金管理人可能不卖出被替代证券的情形包括但 不限于市场流动性不足、技术系统无法实现以及基金管理人认为不应卖出的其他情形。 T 日日终，基金管理人根据所卖出的被替代证券的实际单位卖出金额（扣除相关费用）和未 卖出的被替代证券的 T 日收盘价（按估值汇率折算为人民币； T 日在证券交易所无交易 的，取最近交易日的收盘价；交易日无收盘价的，取最后成交价）计算被替代证券的单位 结算金额，在此基础上根据替代证券数量确定赎回替代金额。正常情况下， T 日后的第 3 个港股通交易日后的 2 个工作日内，基金管理人将应支付的赎回替代金额与相关申购赎回 代理机构办理交收。若发生特殊情况，基金管理人可以对交收日期进行相应调整。 如遇港股通临时,销售机构确实 接收到该申请。申购、赎回申请的确认以登记机构的确认结果为准。对于申购、赎回申请 的确认情况，投资人应及时查询并妥善行使合法权利。 3、申购和赎回的清算交收与登记 本基金申购赎回过程中涉及的基金份额、现金替代、现金差额和/或其他对价的清算交 收适用《业务规则》和参与各方相关协议的有关规定。 本基金现金申购业务中的现金替代采用实时逐笔全额结算（ Real Time Gross Settlement，简称 RTGS）模式；赎回业务涉及的现金替代采用代收代付处理；申购、赎回 业务涉及的现金差额和现金替代退补款采用代收代付处理。 （1）申购的清算交收 29 投资者 T 日申购后，如交易记录已勾单且申购资金足额的，登记机构在T 日日间实时 办理基金份额及现金替代的交收；T 日日间未进行勾单确认或日间资金不足的，登记机构 在 T 日日终根据资金是否足额办理基金份额及现金替代的清算交收，并将结果发送给基金 管理人、申购赎回代理券商和基金托管人。登记机构在 T+1 日办理现金差额的清算，并将 结果发送给申购赎回代理券商、基金管理人和基金托管人。基金管理人与申购赎回代理券 商在T+2 日办理现金差额的交收。 （2）赎回的清算交收 投资者 T 日赎回成功后，登记机构在 T 日收市后为投资者办理基金份额的交收，在 T+1 日办理现金差额的清算，并将结果发送给申购赎回
46,159712,SZ,SZ,2026-08-12,2026-08-12,临时数据/159712/159712_更新招募说明书_20260812.txt,102224,3,定。 国泰中证港股通 50 交易型开放式指数证券投资基金更新招募说明书（2026 年第一号） 32 本基金现金申购业务中的现金替代采用逐笔全额结算（T 日日间 RTGS 交收 +T 日日终逐笔全额非担保交收）处理；现金赎回业务中的现金替代采用代收代 付处理；现金申购、赎回业务涉及的现金差额和现金替代退补款采用代收代付处 理。 投资者 T 日现金申购后，正常情况下，如选择采用 RTGS 交收且申购资金足 额的，登记机构在 T 日日间实时办理基金份额及现金替代的清算交收；T 日日间 资金不足或不选择 RTGS 交收的，登记机构在 T 日收市后办理基金份额及现金替 代的清算交收，并将结果发送给基金管理人、申购赎回代理券商和基金托管人。 基金管理人在 T+1 日办理现金差额的清算，在 T+2 日办理现金差额的交收。 投资者 T 日提交的现金赎回申请受理后，登记机构在 T 日收市后为投资者 办理基金份额的清算，在 T 日办理基金份额的交收，并将结果发送给基金管理 人、申购赎回代理券商和基金托管人。基金管理人在 T+1 日办理现金差额的清 算，在 T+2 日办理现金差额的交收。现金赎回替代款的清算交收由基金管理人 和申购赎回代理券商协商处理，正常情况下，该款项的清算交收于 T+7 日（指 开放日）内办理，但如果出现港股暂停,2,1,2）本基金在任何交易日日终，持有的卖出股指期货合约价值不得超过基金 持有的股票总市值的 20%； 3）本基金所持有的股票市值和买入、卖出股指期货合约价值，合计（轧差 计算）应当符合基金合同关于股票投资比例的有关约定； 4）本基金在任何交易日内交易（不包括平仓）的股指期货合约的成交金额 不得超过上一交易日基金资产净值的 20%； 5）每个交易日日终在扣除股指期货合约需缴纳的交易保证金后，应当保持 不低于交易保证金一倍的现金； （10）本基金资产总值不超过基金资产净值的 140%； （11）本基金参与融资的，每个交易日日终，本基金持有的融资买入股票与 其他有价证券市值之和，不得超过基金资产净值的 95%； （12）本基金参与转融通证券出借业务的，遵守以下投资限制： 1）参与转融通证券出借业务的资产，不得超过基金资产净值的 30%，其中， 出借期限在 10 个交易日以上的出借证券，纳入《流动性风险管理规定》所述流 动性受限证券的范围； 2）参与转融通证券出借业务的单只证券不得超过本基金持有该证券总量的 30%； 3）最近 6 个月内日均基金资产净值不得低于 2 亿元； 4）证券出借的平均剩余期限不得超过 30 天，平均剩余期限按照市值加权平 均计算； 5）因证券市场波动、上市公司合并、基金规模变动等基金管理人之外的因 素致使基金投资不符合上述比例限制的,1,0,形：可以现金替代的证券是指基金管理人认为需要在投资者申购或 国泰中证港股通 50 交易型开放式指数证券投资基金更新招募说明书（2026 年第一号） 35 赎回时代投资者买入或卖出的证券。 ②替代金额： 替代金额＝替代证券数量×该证券参考价格×（1＋现金替代溢价比例）× T-1 日估值汇率 其中，“该证券参考价格”为该证券调整后 T 日开盘参考价。 如果深圳证券交易所参考价格确定原则发生变化，以深圳证券交易所通知规 定的参考价格为准。 收取现金替代溢价的原因是，对于使用现金替代的证券，基金管理人需为投 资人买入组合证券，而实际买入价格加上相关交易费用后与申购时的参考价格可 能有所差异。为便于操作，基金管理人在申购赎回清单中预先确定现金替代溢价 比例，并据此收取替代金额。如果预先收取的金额高于基金买入该部分证券的实 际成本，则基金管理人将退还多收取的差额；如果预先收取的金额低于基金买入 该部分证券的实际成本，则基金管理人将向投资人收取欠缺的差额。 ③替代金额的处理程序如下： 对于确认成功的 T 日申购申请，T 日内基金管理人根据申购规模进行组合证 券的代理买入。T 日日终，基金管理人根据所购入的被替代证券的实际购入成本 （包括买入价格与相关费用，折算为人民币）和未买入的被替代证券的 T 日收 盘价（折算为人民币，折算汇率采用当天的港股通买入结算汇兑比率和卖出,1,0,形：可以现金替代的证券是指基金管理人认为需要在投资者申购或 国泰中证港股通 50 交易型开放式指数证券投资基金更新招募说明书（2026 年第一号） 35 赎回时代投资者买入或卖出的证券。 ②替代金额： 替代金额＝替代证券数量×该证券参考价格×（1＋现金替代溢价比例）× T-1 日估值汇率 其中，“该证券参考价格”为该证券调整后 T 日开盘参考价。 如果深圳证券交易所参考价格确定原则发生变化，以深圳证券交易所通知规 定的参考价格为准。 收取现金替代溢价的原因是，对于使用现金替代的证券，基金管理人需为投 资人买入组合证券，而实际买入价格加上相关交易费用后与申购时的参考价格可 能有所差异。为便于操作，基金管理人在申购赎回清单中预先确定现金替代溢价 比例，并据此收取替代金额。如果预先收取的金额高于基金买入该部分证券的实 际成本，则基金管理人将退还多收取的差额；如果预先收取的金额低于基金买入 该部分证券的实际成本，则基金管理人将向投资人收取欠缺的差额。 ③替代金额的处理程序如下： 对于确认成功的 T 日申购申请，T 日内基金管理人根据申购规模进行组合证 券的代理买入。T 日日终，基金管理人根据所购入的被替代证券的实际购入成本 （包括买入价格与相关费用，折算为人民币）和未买入的被替代证券的 T 日收 盘价（折算为人民币，折算汇率采用当天的港股通买入结算汇兑比率和卖出结算,回的确认以登记机构的确认 结果为准。对于申购、赎回申请的确认情况，投资人应及时查询并妥善行使合法 权利。 若深圳证券交易所和中国证券登记结算有限责任公司推出新的清算交收与 登记模式并引入新的申购、赎回方式，本基金管理人将根据新的业务规则新增或 调整申购和赎回申请的确认方式，无须召开基金份额持有人大会审议。 3、申购和赎回的清算交收与登记 本基金申购赎回过程中涉及的基金份额、现金替代、现金差额及其他对价的 清算交收适用相关业务规则和参与各方相关协议及其不时修订的有关规定。 国泰中证港股通 50 交易型开放式指数证券投资基金更新招募说明书（2026 年第一号） 32 本基金现金申购业务中的现金替代采用逐笔全额结算（T 日日间 RTGS 交收 +T 日日终逐笔全额非担保交收）处理；现金赎回业务中的现金替代采用代收代 付处理；现金申购、赎回业务涉及的现金差额和现金替代退补款采用代收代付处 理。 投资者 T 日现金申购后，正常情况下，如选择采用 RTGS 交收且申购资金足 额的，登记机构在 T 日日间实时办理基金份额及现金替代的清算交收；T 日日间 资金不足或不选择 RTGS 交收的，登记机构在 T 日收市后办理基金份额及现金替 代的清算交收，并将结果发送给基金管理人、申购赎回代理券商和基金托管人。 基金管理人在 T+1 日办理现金差额的清算，在 T+2 日办
47,159126,SZ,SZ,,2025-10-10,临时数据/159126/159126_招募说明书_20251010.txt,115913,4,证券 仅在境内证券交易所上市的ETF产品存在一定差异。在目前结算规则下，投资者当日申购的 基金份额，清算交收完成后可卖出和赎回，即T日申购的ETF份额且日间完成RTGS（实时 逐笔全额结算）交收，T日可卖出与赎回；T日申购的ETF份额日间未完成交收的，日终完 成逐笔全额非担保交收，T+1日方可卖出和赎回；T日竞价买入的基金份额，T日可以卖出 或赎回；T日大宗买入的基金份额，T日可以大宗卖出，T+1日可以竞价卖出或赎回。 投资人投资本基金时需具有深圳证券交易所A股账户或基金账户。其中，深圳证券交易 所基金账户只能进行基金的现金认购和二级市场交易， 如投资人需要参与基金的申购、 赎回， 则应开立深圳证券交易所A股账户。 投资人在投资本基金之前，请仔细阅读本基金的招募说明书、基金产品资料概要和基 金合同等信息披露文件，自主判断基金的投资价值，自主做出投资决策，全面认识本基金 的风险收益特征和产品特性，并充分考虑自身的风险承受能力，理性判断市场，谨慎做出 投资决策。基金的过往业绩并不预示其未来表现，基金管理人管理的其他基金的业绩也不 构成对本基金业绩表现的保证。基金管理人承诺以恪尽职守、诚实信用、谨慎勤勉的原则 管理和运用基金财产，但不保证基金一定盈利，也不向投资人保证最低收益。基金管理人 提醒投资人基金投资的“买者自,3,1,3）本基金在任何交易日日终，持有的卖出股指期货合约价值不得超过基金持有的股票 总市值的20%； 4）本基金所持有的股票市值和买入、卖出股指期货合约价值，合计（轧差计算）应当 符合基金合同关于股票投资比例的有关约定； 5）本基金在任何交易日内交易（不包括平仓）的股指期货合约的成交金额不得超过上 一交易日基金资产净值的20%； （13）本基金参与股票期权交易，应当符合下列投资限制： 1）基金因未平仓的期权合约支付和收取的权利金总额不得超过基金资产净值的10%； 2）开仓卖出认购期权的，应持有足额标的证券；开仓卖出认沽期权的，应持有合约行 权所需的全额现金或交易所规则认可的可冲抵期权保证金的现金等价物； 3）未平仓的期权合约面值不得超过基金资产净值的20%。其中，合约面值按照行权价 乘以合约乘数计算； （14）本基金参与转融通证券出借业务的，应当符合下列要求： 1）本基金在任何交易日日终，参与转融通证券出借业务的资产不得超过基金资产净值 的30%，其中出借期限在10个交易日以上的出借证券应纳入《流动性风险管理规定》所述 流动性受限证券的范围； 2）本基金在任何交易日日终，参与出借业务的单只证券不得超过基金持有该证券总量 的30%； 3）证券出借的平均剩余期限不得超过30天，平均剩余期限按市值加权平均计算； 4）最近6个月内日均基金资产净值不得低于2亿,1,0,,1,4,,付风险、法律风险和操作风险。 本基金的标的指数组合证券为内地与香港股票市场交易互联互通机制允许买卖的规定 范围内的香港联合交易所上市的股票，基金份额申购、赎回的清算交收与标的指数组合证券 仅在境内证券交易所上市的ETF产品存在一定差异。在目前结算规则下，投资者当日申购的 基金份额，清算交收完成后可卖出和赎回，即T日申购的ETF份额且日间完成RTGS（实时 逐笔全额结算）交收，T日可卖出与赎回；T日申购的ETF份额日间未完成交收的，日终完 成逐笔全额非担保交收，T+1日方可卖出和赎回；T日竞价买入的基金份额，T日可以卖出 或赎回；T日大宗买入的基金份额，T日可以大宗卖出，T+1日可以竞价卖出或赎回。 投资人投资本基金时需具有深圳证券交易所A股账户或基金账户。其中，深圳证券交易 所基金账户只能进行基金的现金认购和二级市场交易， 如投资人需要参与基金的申购、 赎回， 则应开立深圳证券交易所A股账户。 投资人在投资本基金之前，请仔细阅读本基金的招募说明书、基金产品资料概要和基 金合同等信息披露文件，自主判断基金的投资价值，自主做出投资决策，全面认识本基金 的风险收益特征和产品特性，并充分考虑自身的风险承受能力，理性判断市场，谨慎做出 投资决策。基金的过往业绩并不预示其未来表现，基金管理人管理的其他基金的业绩也不 构成对本基金业绩表现的保证。基金管理人承诺以恪
48,520940,SH,SH,2026-02-27,2026-02-27,临时数据/520940/520940_更新招募说明书_20260227.txt,108192,2,3、申购和赎回的清算交收与登记 本基金申购和赎回过程中涉及的申购赎回对价和基金份额的交收适用业务 规则的规定和参与各方相关协议的有关规定。 本基金申购业务采用实时逐笔全额结算（ Real Time Gross Settlement， 简称 RTGS）模式；赎回业务涉及的现金替代采用代收代付处理；申购、赎回业 务涉及的现金差额和现金替代退补款采用代收代付处理。 1）申购的清算交收 投资者 T 日申购后，如交易记录已勾单且申购资金足额的，登记机构在 T 日日间实时办理基金份额及现金替代的交收； T 日日间未进行勾单确认或日间 资金不足的，登记机构在 T 日日终根据资金是否足额办理基金份额及现金替代 的清算交收，并将结果发送给基金管理人、申购赎回代理券商和基金托管人。 基金管理人在 T+1 日办理现金差额的清算，并将结果发送给申购赎回代理券商、 基金管理人和基金托管人。基金管理人与申购赎回代理券商在 T+2 日办理现金 差额的交收。 2）赎回的清算交收 投资者 T 日赎回成功后，登记机构在 T 日收市后为投资者办理基金份额的 交收，在 T+1 日办理现金差额的清算，并将结果发送给申购赎回代理券商、基 金管理人和基金托管人。基金管理人与申购赎回代理券商在 T+2 日办理现金差 额的交收。 第 45 页 共 146 页 赎,9,3,进行任何买入或卖出证券的操作，基金管理人可能不买入 或不卖出被替代证券的情形包括但不限于市场流动性不足、技术系统无法实现、 第 3 页 共 146 页 申购赎回轧差以及基金管理人认为不应买入或卖出的其他情形。 按照目前的证券代理买卖规则，正常情况下，对于 T 日确认成功的申购或 赎回申请，基金管理人正常情况下将在 T 日代理进行相关证券买卖，而对于 T 日未买入或未卖出的部分证券，基金管理人将按该证券 T 日收盘价（折算为人 民币，目前折算汇率采用 T 日估值汇率，基金管理人可根据情况调整所使用的 折算汇率，并及时公告，被替代证券 T 日在证券交易所无交易的，取最近交易 日的收盘价，交易日无收盘价的，取最后成交价）计算被替代证券的单位结算 成本或结算金额，因此投资者需承受可能当天无法完成所有证券买卖、未完成 买卖部分及因轧差处理而未买卖部分按收盘价 结算、结算成本或结算金额不确 定（含汇率波动、未完成买卖部分及因轧差处理而未买卖部分的折算汇率与港 股通结算汇率发生偏离）等风险。 本基金可参与内地与香港股票市场交易互联互通机制（以下简称 “港股通 机制”）下港股通相关业务，基金资产投资于港股，会面临港股通机制下因投 资环境、投资标的、市场制度以及交易规则等差异带来的特有风险，包括港股 市场股价波动较大的风险（港股市场实行 T+0 回转交易，且对个股,1,0,的共同风险外，如投资存托凭证的，本基金还将面临投资存托凭证的特 殊风险，详见本招募说明书“风险揭示”章节。 基金管理人可在招募说明书规定的时间内以收到的替代金额代投资者买入 或卖出小于等于被替代证券数量的任意数量的被替代证券，实际买入被替代证 券的价格可能处于规定时间内较高的位置或处于最高价格，实际卖出被替代证 券的价格可能处于规定时间内较低的位置或处于最低价格，基金管理人对此不 承担责任。基金管理人有权根据基金投资的需要自主决定不买入或不卖出部分 被替代证券，或者不进行任何买入或卖出证券的操作，基金管理人可能不买入 或不卖出被替代证券的情形包括但不限于市场流动性不足、技术系统无法实现、 第 3 页 共 146 页 申购赎回轧差以及基金管理人认为不应买入或卖出的其他情形。 按照目前的证券代理买卖规则，正常情况下，对于 T 日确认成功的申购或 赎回申请，基金管理人正常情况下将在 T 日代理进行相关证券买卖，而对于 T 日未买入或未卖出的部分证券，基金管理人将按该证券 T 日收盘价（折算为人 民币，目前折算汇率采用 T 日估值汇率，基金管理人可根据情况调整所使用的 折算汇率，并及时公告，被替代证券 T 日在证券交易所无交易的，取最近交易 日的收盘价，交易日无收盘价的，取最后成交价）计算被替代证券的单位结算 成本或结算金额，因此投资者需承受可能当天无法完成所有,0,0,的共同风险外，如投资存托凭证的，本基金还将面临投资存托凭证的特 殊风险，详见本招募说明书“风险揭示”章节。 基金管理人可在招募说明书规定的时间内以收到的替代金额代投资者买入 或卖出小于等于被替代证券数量的任意数量的被替代证券，实际买入被替代证 券的价格可能处于规定时间内较高的位置或处于最高价格，实际卖出被替代证 券的价格可能处于规定时间内较低的位置或处于最低价格，基金管理人对此不 承担责任。基金管理人有权根据基金投资的需要自主决定不买入或不卖出部分 被替代证券，或者不进行任何买入或卖出证券的操作，基金管理人可能不买入 或不卖出被替代证券的情形包括但不限于市场流动性不足、技术系统无法实现、 第 3 页 共 146 页 申购赎回轧差以及基金管理人认为不应买入或卖出的其他情形。 按照目前的证券代理买卖规则，正常情况下，对于 T 日确认成功的申购或 赎回申请，基金管理人正常情况下将在 T 日代理进行相关证券买卖，而对于 T 日未买入或未卖出的部分证券，基金管理人将按该证券 T 日收盘价（折算为人 民币，目前折算汇率采用 T 日估值汇率，基金管理人可根据情况调整所使用的 折算汇率，并及时公告，被替代证券 T 日在证券交易所无交易的，取最近交易 日的收盘价，交易日无收盘价的，取最后成交价）计算被替代证券的单位结算 成本或结算金额，因此投资者需承受可能当天无法完成所有证券买卖,易的 有效性进行确认。投资人应及时查询有关申请的确认情况，否则如因申请未得 到登记机构的确认而造成的损失，由投资人自行承担。 若上海证券交易所和登记机构推出新的清算交收与登记模式并引入新 的申 购、赎回方式，本基金管理人将根据新的业务规则新增或调整申购和赎回申请 的确认方式，无须召开基金份额持有人大会审议。 3、申购和赎回的清算交收与登记 本基金申购和赎回过程中涉及的申购赎回对价和基金份额的交收适用业务 规则的规定和参与各方相关协议的有关规定。 本基金申购业务采用实时逐笔全额结算（ Real Time Gross Settlement， 简称 RTGS）模式；赎回业务涉及的现金替代采用代收代付处理；申购、赎回业 务涉及的现金差额和现金替代退补款采用代收代付处理。 1）申购的清算交收 投资者 T 日申购后，如交易记录已勾单且申购资金足额的，登记机构在 T 日日间实时办理基金份额及现金替代的交收； T 日日间未进行勾单确认或日间 资金不足的，登记机构在 T 日日终根据资金是否足额办理基金份额及现金替代 的清算交收，并将结果发送给基金管理人、申购赎回代理券商和基金托管人。 基金管理人在 T+1 日办理现金差额的清算，并将结果发送给申购赎回代理券商、 基金管理人和基金托管人。基金管理人与申购赎回代理券商在 T+2 日办理现金 差额的交收。 2）赎回的清算交收 投资
49,513550,SH,SH,2025-12-24,2025-12-24,临时数据/513550/513550_更新招募说明书_20251224.txt,109751,2,涉及的基金份额、组合证券、现金替代、现金差额及其他对价的 清算交收适用相关业务规则和参与各方相关协议及其不时修订的有关规定。 本基金现金申购业务中的现金替代采用实时逐笔全额结算（Real Time Gross Settlement， 以下简称 RTGS）模式处理；现金赎回业务中的现金替代采用代收代付处理；现金申购、赎回 业务涉及的现金差额和现金替代退补款采用代收代付处理。 投资者 T 日现金申购后，如交易记录已勾单且申购资金足额的，登记结算机构在 T 日日 间实时办理基金份额及现金替代的交收；T日日间未进行勾单确认或日间资金不足的，登记结 算机构在 T 日日终根据资金是否足额办理基金份额及现金替代的清算交收，并将结果发送给 基金管理人、申购赎回代理券商和基金托管人。登记机构在 T+1 日办理现金差额的清算，并 华泰柏瑞中证港股通 50 交易型开放式指数证券投资基金 33 将结果发送给申购赎回代理券商、基金管理人和基金托管人。基金管理人与申购赎回代理券 商在T+2日办理现金差额的交收。 投资者 T 日赎回成功后，正常情况下，登记机构在 T 日收市后为投资者办理基金份额的 交收，在 T+1 日办理现金差额的清算，并将结果发送给申购赎回代理券商、基金管理人和基 金托管人。基金管理人与申购赎回代理券商在 T+2 日办理现金,2,1,任何交易日内交易（不包括平仓）的股指期货合约的成交金额不得超过上一 交易日基金资产净值的20%； 5）本基金所持有的股票市值和买入、卖出股指期货合约价值，合计（轧差计算）应当符 合基金合同关于股票投资比例的有关约定； （14）本基金可参与融资业务，在任何交易日日终，本基金持有的融资买入股票与其他 有价证券市值之和，不得超过基金资产净值的95%； （15）本基金参与转融通证券出借业务，需遵循下述比例限制： 1）出借证券资产不得超过基金资产净值的30%，出借期限在10个交易日以上的出借证券 应纳入《流动性风险管理规定》所述流动性受限证券的范围； 2）参与出借业务的单只证券不得超过基金持有该证券总量的30%； 华泰柏瑞中证港股通 50 交易型开放式指数证券投资基金 44 3）最近6个月内日均基金资产净值不得低于 2亿元； 4）证券出借的平均剩余期限不得超过30天，平均剩余期限按照市值加权平均计算； 因证券市场波动、上市公司合并、基金规模变动等基金管理人之外的因素致使基金投资 不符合上述规定的，基金管理人不得新增出借业务； （16）本基金投资存托凭证的比例限制依照内地上市交易的股票执行，与内地上市交易 的股票合并计算； （17）法律法规及中国证监会规定的和基金合同约定的其他投资限制。 除上述（2）、（7）、（10）、（11）、（15）情形之外，因证券、期,0,0,成本），则基金管理人将退还多收取的差 额；如果预先收取的替代金额低于购入该部分证券的实际成本（或证券实际结算成本），则 基金管理人将向投资者收取欠缺的差额。 ③申购替代金额的处理程序 对于确认成功的 T 日申购申请，在 T 日（指上海证券交易所与香港交易所的共同交易日） 内，基金管理人以收到的申购替代金额代投资者买入被替代证券。基金管理人有权在 T 日 （指上海证券交易所与香港交易所的共同交易日）内任意时刻以收到的申购替代金额代投资 者买入小于等于被替代证券数量的任意数量的被替代证券。基金管理人有权根据基金投资的 需要自主决定不买入部分被替代证券，或者不进行任何买入证券的操作。 在 T 日（指上海证券交易所与香港交易所的共同交易日）日终，基金管理人已买入的证 券，依据申购的替代金额与被替代证券的实际买入成本（包括 买入价格与相关交易费用）的 差额，确定基金应退还投资者或投资者应补交的款项；未买入的证券，依据申购的替代金额 与被替代证券 T 日（指上海证券交易所与香港交易所的共同交易日）收盘价（需用汇率公允 价折算为人民币，当日在证券交易所无交易的，取最近交易日的收盘价，当日无收盘价的， 取最后成交价）的差额，确定基金应退还投资者或投资者应补交的款项。 在此期间若该部分证券发生除息、送股（转增）、配股等重要权益变动，则进行相应调 整。正常情况下，T日后的第2个港股通,0,0,开盘参考价按照 T-1 日估值汇率换算或基金管理人认为合理的其 他方法。 （2）可以现金替代 ①适用情形：可以现金替代是指基金管理人认为需要在投资者申购或赎回时代投资者买 入或卖出的证券 ②替代金额：对于可以现金替代的证券，替代金额的计算公式为： 申购的替代金额＝替代证券数量×该证券调整后 T 日开盘参考价× T-1 日估值汇率× （1+申购现金替代溢价比例）； 华泰柏瑞中证港股通 50 交易型开放式指数证券投资基金 35 收取申购现金替代溢价的原因是，基金管理人需要在收到申购确认信息后，在香港市场 购入组合证券，实际结算成本与替代金额可能有所差异。为便于操作，基金管理人在申购赎 回清单中预先确定申购现金替代溢价比例，并据此收取替代金额。如果预先收取的替代金额 高于购入该部分证券的实际成本（或证券实际结算成本），则基金管理人将退还多收取的差 额；如果预先收取的替代金额低于购入该部分证券的实际成本（或证券实际结算成本），则 基金管理人将向投资者收取欠缺的差额。 ③申购替代金额的处理程序 对于确认成功的 T 日申购申请，在 T 日（指上海证券交易所与香港交易所的共同交易日） 内，基金管理人以收到的申购替代金额代投资者买入被替代证券。基金管理人有权在 T 日 （指上海证券交易所与香港交易所的共同交易日）内任意时刻以收到的申购替代金额代投资 者买入小于等于被替代证券数量,购，累计认购份额不设上限。 （4）认购申请：投资者在认购本基金时，需按发售代理机构的规定，备足认购资金，办 理认购手续。网上现金认购申请提交后不得撤销。 （5）清算交收：T 日通过发售代理机构提交的网上现金认购申请，由该发售代理机构冻 结相应的认购资金，登记机构进行清算交收，并将有效认购数据发送发售协调人，发售协调 人于网上现金认购结束后的第4日将实际到位的认购资金划往其预先开设的基金募集专户。 （6）认购确认：在基金合同生效后，投资者可通过其办理认购的销售网点查询认购确认 情况。 5、网下现金认购 （1）认购时间：2020 年 12 月 22 日至 2020 年 12 月 24 日，具体业务办理时间由基金管 理人及其指定发售代理机构确定。 （2）认购金额和利息折算的份额的计算： 通过基金管理人进行网下现金认购的投资者，认购以基金份额申请，认购费用、认购金 额的计算公式为： 认购费用＝认购份额×认购费率 认购金额＝认购份额×（1＋认购费率） 净认购份额＝认购份额＋认购金额产生的利息/基金份额面值 其中： 认购费用由基金管理人在投资者认购确认时收取，投资者需以现金方式交纳认购费用。 通过发售代理机构进行网下现金认购的认购金额的计算：同通过发售代理机构进行网上 现金认购的认购金额的计算。 （3）认购限额：网下现金认购以基金份额申请。 华泰柏瑞中证港股通
50,159266,SZ,SZ,2026-06-30,2026-06-30,临时数据/159266/159266_更新招募说明书_20260630.txt,114443,2,替代、现金差额及其他对价的 清算交收适用深圳证券交易所、中国证券登记结算有限责任公司相关业务规则和参 与各方相关协议及其不时修订的有关规定。 本基金申购业务采用RTGS（实时逐笔全额结算）模式；赎回业务涉及的现金替 代采用代收代付处理；申购、赎回业务涉及的现金差额和现金替代退补款可采用代 收代付处理。 投资者T日现金申购后，如交易记录已勾单且申购资金足额的，登记机构在T日 日间实时办理基金份额及现金替代的交收；T日日间未进行勾单确认或日间资金不 足的，登记机构在T日日终根据资金是否足额办理基金份额及现金替代的清算交 收，并将结果发送给基金管理人、申购赎回代理机构和基金托管人。基金管理人与 申购赎回代理机构在T+2日办理现金差额的交收。 投资者T日赎回申请受理后，登记机构在T日收市后为投资者办理基金份额的清 算交收。基金管理人与申购赎回代理机构在T+2日通过登记机构的代收代付平台办 理现金差额的交收。正常情况下，赎回现金替代款将自有效赎回申请之日起7个工 作日内划往基金份额持有人账户。如果出现基金投资市场交易清算规则发生较大变 化、基金赎回数额较大或组合证券内的部分证券因停牌、流动性不足等原因导致无 法足额卖出等情况，则赎回款项的清算交收可延迟办理。 如果登记机构和基金管理人在清算交收时发现不能正常履约的情形，则,2,1,期货合约价值不得超过基 金持有的债券总市值的30%； （12.4）本基金所持有的债券（不含到期日在一年以内的政府债券）市值和买 入、卖出国债期货合约价值，合计（轧差计算）应当符合基金合同关于债券投资比 例的有关约定； （12.5）本基金在任何交易日内交易（不包括平仓）的国债期货合约的成交金 额不得超过上一交易日基金资产净值的30%； （13）若本基金参与股指期货交易，应当遵守下列要求： （13.1）本基金在任何交易日日终，持有的买入股指期货合约价值，不得超过 基金资产净值的10%； （13.2）任何交易日日终，持有的买入国债期货合约和股指期货合约价值与有 价证券市值之和，不得超过基金资产净值的100%。其中，有价证券指股票、债券 54 永赢中证港股通央企红利交易型开放式指数证券投资基金 更新招募说明书(2026 年第 1 号) （不含到期日在一年以内的政府债券） 、资产支持证券、买入返售金融资产（不含 质押式回购）等； （13.3）本基金在任何交易日日终，持有的卖出股指期货合约价值不得超过基 金持有的股票总市值的20%； （13.4）本基金所持有的股票市值和买入、卖出股指期货合约价值，合计（轧 差计算）应当符合基金合同关于股票投资比例的有关约定； （13.5）本基金在任何交易日内交易（不包括平仓）的股指期货合约的成交金 额不得超过上一交易日基金资,1,0,基金管理人将向投资人收取欠缺的差额。 基金管理人可以根据市场情况和实际需要确定和调整申购现金替代保证金率， 具体申购现金替代保证金率以申购赎回清单公告为准。 ③申购替代金额的处理程序 对于确认成功的T日申购申请，T日内基金管理人根据申购规模进行组合证券的 代理买入。T日日终，基金管理人根据所购入的被替代证券的实际单位购入成本、 实际购入的相关费用、未购入的被替代证券的T日收盘价（折算为人民币，折算汇 率采用当天的估值汇率；被替代证券T日无交易的，取最近交易日的收盘价；交易 42 永赢中证港股通央企红利交易型开放式指数证券投资基金 更新招募说明书(2026 年第 1 号) 日无收盘价的，取最后成交价）计算并确定被替代证券的单位结算成本，在此基础 上根据替代证券数量和申购现金替代金额确定基金应退还投资人的款项或投资人应 补交的款项。T日后的3个港股通交易日内，基金管理人将应退款或补款与相关申购 赎回代理机构办理交收。若发生特殊情况，基金管理人可以对交收日期进行相应调 整。 如遇港股通临时停市、港股通交易每日额度或总额度不足等特殊情况，组合证 券的代理买入及结算价格可依次顺延至下一港股通交易日直至交易正常。如遇证券 长期停牌、流动性不足等可能导致收盘价或最后成交价不公允的特殊情况，可参照 证券的估值价格，对结算价格进行调整。如果基金管理人认为该证券复牌后的价格 可能存在,1,0,人利益，该证券对应的现金替代款的清算交收可在其复牌后按照实际交易成 本办理。在此期间若该证券发生除息、送股（转增） 、配股等重要权益变动，则进 行相应调整。 ④赎回替代金额的处理程序 对于确认成功的T日赎回申请，T日内基金管理人根据所卖出的被替代证券的实 际单位卖出成本、实际卖出的相关费用、未卖出的被替代证券的T日收盘价（折算 为人民币，折算汇率采用当天的估值汇率；被替代证券T日无交易的，取最近交易 日的收盘价；交易日无收盘价的，取最后成交价）计算并确定被替代证券的单位结 算成本，在此基础上根据替代组合证券数量确定赎回替代金额。T日后的第3个港股 通交收日后的2个工作日内，基金管理人将应支付的赎回现金替代款与相关申购赎 回代理机构办理交收。若发生特殊情况，基金管理人可以对交收日期进行相应调 整。 如遇港股通临时停市等特殊情况，组合证券的代理卖出及结算价格可依次顺延 至下一港股通交易日直至交易正常。如遇证券长期停牌、流动性不足等可能导致收 盘价或最后成交价不公允的特殊情况，可参照证券的估值价格，对结算价格进行调 整。如果基金管理人认为该证券复牌后的价格可能存在较大波动，且可能对基金资 产净值产生较大影响，为了更好的维护基金份额持有人利益，该证券对应的现金替 代款的清算交收可在其复牌后按照实际交易成本办理。在此期间若该证券发生除 息、送股（转增） 、配股等重要权益变动,购赎回代理机构确实接收到该申请。申购、赎回的确认以登记机构的确认结果 为准。对于申购、赎回申请的确认情况，投资人应及时查询并妥善行使合法权利。 3、申购与赎回的清算交收与登记 本基金申购、赎回过程中涉及的基金份额、现金替代、现金差额及其他对价的 清算交收适用深圳证券交易所、中国证券登记结算有限责任公司相关业务规则和参 与各方相关协议及其不时修订的有关规定。 本基金申购业务采用RTGS（实时逐笔全额结算）模式；赎回业务涉及的现金替 代采用代收代付处理；申购、赎回业务涉及的现金差额和现金替代退补款可采用代 收代付处理。 投资者T日现金申购后，如交易记录已勾单且申购资金足额的，登记机构在T日 日间实时办理基金份额及现金替代的交收；T日日间未进行勾单确认或日间资金不 足的，登记机构在T日日终根据资金是否足额办理基金份额及现金替代的清算交 收，并将结果发送给基金管理人、申购赎回代理机构和基金托管人。基金管理人与 申购赎回代理机构在T+2日办理现金差额的交收。 投资者T日赎回申请受理后，登记机构在T日收市后为投资者办理基金份额的清 算交收。基金管理人与申购赎回代理机构在T+2日通过登记机构的代收代付平台办 理现金差额的交收。正常情况下，赎回现金替代款将自有效赎回申请之日起7个工 作日内划往基金份额持有人账户。如果出现基金投资市场交易清算规则发生较大变 化、基金赎回数额
51,510900,SH,SH,2026-01-08,2026-01-08,临时数据/510900/510900_更新招募说明书_20260108.txt,114810,4,投资顾问。 基金的过往业绩并不预示其未来表现。 在目前结算规则下，投资者当日申购的基金份额，清算交收完成后方可卖出和赎回， 即 T 日申购的基金份额且日间完成 RTGS(实时逐笔全额结算)交收的，T 日可卖出和赎回， 而 T 日申购的基金份额且日终完成逐笔全额非担保交收的，T+1 日方可卖出和赎回。当日 买入的基金份额，同日可以赎回或卖出。由于登记结算机构对现金替代采取非净额结算交 收模式，当投资者赎回申请被登记结算机构确认后，被赎回的基金份额即被记减，但此时 投资者尚未收到赎回现金替代款。投资者投资本基金时需具有证券账户，证券账户是指上 海证券交易所 A 股账户或上海证券交易所证券投资基金账户。 投资者投资于本基金前请认真阅读证券交易所和登记结算机构关于 ETF 的相关业务规 则及其不时的更新，确保具备相关专业知识、清楚了解相关规则流程后方可参与本基金的 申购、赎回及交易。投资者一旦申购或赎回本基金，即表示对基金申购和赎回所涉及的登 记方式以及申购赎回所涉及组合证券、现金替代、现金差额等相关的交收方式及业务规则 已经认可。 本基金本次更新招募说明书对基金份额的交易章节相关信息进行更新，更新截止日为 2026 年 1 月 5 日，并更新了基金管理人相关信息，更新截止日为 2026 年 1 月 7 日。本基 金有,2,4,T 日预计开盘价并按照 T-1 日估值汇率换算或基金管理人认为合理的其他 方法。 （4） 在系统支持的情况下， 对于T 日的申购赎回申请， 基金管理人有权进行轧差处理， 针对净申购，购入净申购份额对应的组合证券中被替代的香港证券，针对净赎回，卖出净 赎回份额对应的组合证券中被替代的香港证券，基金管理人有权购入或者卖出不等于轧差 处理后的上述被替代的香港证券的任意数量。 （5） 基金管理人可根据运作情况调整代理申赎投资者买券卖券的相关规则并按规定公 告。 （6） 未来如相关证券的交易、 结算规则发生改变， 或上海证券交易所、 登记结算机构 有关申购赎回交易结算规则发生改变，或基金管理人与基金托管人之间的结算相关安排发 生改变等，基金管理人可对上述相关现金替代处理规则进行调整，并按规定公告。 4、预估现金部分相关内容 预估现金部分是指为便于计算基金份额参考净值及申购赎回代理券商预先冻结申请申 购、赎回的投资者的相应资金，由基金管理人计算的现金数额。 T 日申购、赎回清单中公告 T 日预估现金部分。其计算公式为： T 日预估现金部分＝T-1 日最小申购、赎回单位的基金资产净值－（申购、赎回清单 中必须现金替代成份证券的替代金额＋申购、赎回清单中可以现金替代成份证券的数量、T 日预计开盘价以及 T-1 日估值汇率的相乘之和） 如果 T 日前一香港证券交,0,3,"比例,并据此收取申购现 金替代保证金。 基金管理人在 T+1 日内购入组合证券中被替代的香港证券。基金管理人有权在 T+1 日 内任意时刻，以收到的申购替代金额代投资者购入组合证券中被替代的香港证券的任意数 量。对于确认成功的 T 日申购申请，基金管理人可以通过在香港市场交易或港股通等方式 代投资者买入相关证券。 正常情况下， 对于确认成功的T 日申购申请， 基金管理人根据T+1 日所购入的被替代证券的实际单位购入成本（包括买入价格与相关费用，折算为人民币， 折算汇率采用基金管理人和基金托管人商定的汇率公允价，汇率公允价包括中国人民银行 53 或其授权机构公布的人民币汇率中间价、中国外汇交易中心参考汇率、中国外汇交易中心 收盘价、与基金托管人商定的其他公允价格等）和未购入的被替代证券 T+1 日收盘价（折 算为人民币，折算汇率采用基金管理人和基金托管人商定的汇率公允价，汇率公允价包括 中国人民银行或其授权机构公布的人民币汇率中间价、中国外汇交易中心参考汇率、中国 外汇交易中心收盘价、与基金托管人商定的其他公允价格等；被替代证券 T+1 日在证券交 易所无交易的，取最近交易日的收盘价）计算被替代证券的单位结算成本，在此基础上根 据替代证券数量和申购现金替代保证金确定基金应退还投资者或投资者应补交的款项，若 T 日后至 T+1 日期间发生除息、送股（转增）、",0,4,补款的清算交收可按照其复牌后实际交易成本或者基金管理人认 为合理的价格办理。在此期间若该证券发生除息、送股（转增）、配股等重要权益变动， 则进行相应调整。 4）赎回替代金额的处理程序 基金管理人在 T+1 日内卖出组合证券中被替代的香港证券。基金管理人有权在 T+1 日 内任意时刻代投资者卖出组合证券中被替代的香港证券的任意数量。对于确认成功的 T 日 赎回申请，基金管理人可以通过在香港市场交易或港股通等方式代投资者卖出相关证券。 正常情况下，对于确认成功的 T 日赎回申请，基金管理人根据 T+1 日所卖出的被替代证券 的实际单位卖出金额（扣除相关费用，折算为人民币，折算汇率采用基金管理人和基金托 管人商定的汇率公允价，汇率公允价包括中国人民银行或其授权机构公布的人民币汇率中 间价、中国外汇交易中心参考汇率、中国外汇交易中心收盘价、与基金托管人商定的其他 公允价格等）和未卖出的被替代证券 T+1 日收盘价（折算为人民币，折算汇率采用基金管 理人和基金托管人商定的汇率公允价，汇率公允价包括中国人民银行或其授权机构公布的 人民币汇率中间价、中国外汇交易中心参考汇率、中国外汇交易中心收盘价、与基金托管 人商定的其他公允价格等；被替代证券 T+1 日在证券交易所无交易的，取最近交易日的收 盘价） 计算被替代证券的单位结算金额， 在此基础上根据替代证券数量确定赎回替代金额，,投资者自行负责。 本基金由易方达基金管理有限公司独立管理，未聘请境外投资顾问。 基金的过往业绩并不预示其未来表现。 在目前结算规则下，投资者当日申购的基金份额，清算交收完成后方可卖出和赎回， 即 T 日申购的基金份额且日间完成 RTGS(实时逐笔全额结算)交收的，T 日可卖出和赎回， 而 T 日申购的基金份额且日终完成逐笔全额非担保交收的，T+1 日方可卖出和赎回。当日 买入的基金份额，同日可以赎回或卖出。由于登记结算机构对现金替代采取非净额结算交 收模式，当投资者赎回申请被登记结算机构确认后，被赎回的基金份额即被记减，但此时 投资者尚未收到赎回现金替代款。投资者投资本基金时需具有证券账户，证券账户是指上 海证券交易所 A 股账户或上海证券交易所证券投资基金账户。 投资者投资于本基金前请认真阅读证券交易所和登记结算机构关于 ETF 的相关业务规 则及其不时的更新，确保具备相关专业知识、清楚了解相关规则流程后方可参与本基金的 申购、赎回及交易。投资者一旦申购或赎回本基金，即表示对基金申购和赎回所涉及的登 记方式以及申购赎回所涉及组合证券、现金替代、现金差额等相关的交收方式及业务规则 已经认可。 本基金本次更新招募说明书对基金份额的交易章节相关信息进行更新，更新截止日为 2026 年 1 月 5 日，并更新了基金管理人相关信息，更新截止日为 2026 年
52,520890,SH,SH,2026-08-13,2026-08-13,临时数据/520890/520890_更新招募说明书_20260813.txt,107908,2,涉及的基金份额、现金替代、现金差额及其他对价的清算交收适 用相关业务规则和参与各方相关协议及其不时修订的有关规定。 本基金现金申购业务中的申购份额和现金替代采用实时逐笔全额结算（Real Time Gross Settlement，以下简称RTGS）模式处理；现金赎回业务中的现金替代采用代收代付处理；现 金申购、赎回业务涉及的现金差额和现金替代退补款采用代收代付处理。 投资者T日现金申购后，如交易记录已勾单且申购资金足额的，登记机构在T日日间实时 办理基金份额及现金替代的交收；T日日间未进行勾单确认或日间资金不足的，登记机构在T 日日终根据资金是否足额办理基金份额及现金替代的清算交收，并将结果发送给基金管理人、 申购赎回代理券商和基金托管人。登记机构在T+1日办理现金差额的清算，并将结果发送给 申购赎回代理券商、基金管理人和基金托管人。基金管理人与申购赎回代理券商在T+2日办 理现金差额的交收。 投资者T日赎回成功后，正常情况下，登记机构在T日收市后为投资者办理基金份额的交 华泰柏瑞恒生港股通高股息低波动交易型开放式指数证券投资基金 32 收，在T+1日办理现金差额的清算，并将结果发送给申购赎回代理券商、基金管理人和基金 托管人。基金管理人与申购赎回代理券商在T+2日办理现金差额的交收。赎回现金替代款将 自有效赎回,2,1,任何交易日内交易（不包括平仓）的股指期货合约的成交金额不得超过上一 交易日基金资产净值的20%； 5）本基金所持有的股票市值和买入、卖出股指期货合约价值，合计（轧差计算）应当符 合基金合同关于股票投资比例的有关约定； （13）本基金可参与融资业务，在任何交易日日终，本基金持有的融资买入股票与其他 有价证券市值之和，不得超过基金资产净值的95%； （14）本基金参与转融通证券出借业务，需遵循下述比例限制： 1）出借证券资产不得超过基金资产净值的30%，出借期限在10个交易日以上的出借证券 应纳入《流动性风险管理规定》所述流动性受限证券的范围； 华泰柏瑞恒生港股通高股息低波动交易型开放式指数证券投资基金 44 2）参与出借业务的单只证券不得超过基金持有该证券总量的30%； 3）最近6个月内日均基金资产净值不得低于2亿元； 4）证券出借的平均剩余期限不得超过30天，平均剩余期限按照市值加权平均计算； 因证券市场波动、上市公司合并、基金规模变动等基金管理人之外的因素致使基金投资 不符合上述规定的，基金管理人不得新增出借业务； （15）本基金投资境内存托凭证的比例限制依照境内上市交易的股票执行，与境内上市 交易的股票合并计算； （16）法律法规及中国证监会规定的和基金合同约定的其他投资限制。 除上述（2）、（7）、（9）、（10）、（14）情形之外，因证券,0,0,动交易型开放式指数证券投资基金 34 额；如果预先收取的替代金额低于购入该部分证券的实际成本（或证券实际结算成本），则 基金管理人将向投资者收取欠缺的差额。 ③申购替代金额的处理程序 对于确认成功的T日申购申请，在T日（指上海证券交易所与香港交易所的共同交易日） 内，基金管理人以收到的申购替代金额代投资者买入被替代证券。基金管理人有权在T日 （指上海证券交易所与香港交易所的共同交易日）内任意时刻以收到的申购替代金额代投资 者买入小于等于被替代证券数量的任意数量的被替代证券。基金管理人有权根据基金投资的 需要自主决定不买入部分被替代证券，或者不进行任何买入证券的操作。 在T日（指上海证券交易所与香港交易所的共同交易日）日终，基金管理人已买入的证 券，依据申购的替代金额与被替代证券的实际买入成本（包括买入价格与相关交易费用）的 差额，确定基金应退还投资者或投资者应补交的款项；未买入的证券，依据申购的替代金额 与被替代证券T日（指上海证券交易所与香港交易所的共同交易日）收盘价（需用汇率公允 价折算为人民币，当日在证券交易所无交易的，取最近交易日的收盘价，当日无收盘价的， 取最后成交价）的差额，确定基金应退还投资者或投资者应补交的款项。 在此期间若该部分证券发生除息、送股（转增）、配股等重要权益变动，则进行相应调 整。正常情况下，T日后的第2个港股通交收日后的第2个工作日,0,0,日开盘参考价并按照T-1日估值汇率换算或基金管理人认为合理的其 他方法。 （2）可以现金替代 ①适用情形：可以现金替代是指基金管理人认为需要在投资者申购或赎回时代投资者买 入或卖出的证券 ②替代金额：对于可以现金替代的证券，替代金额的计算公式为： 申购的替代金额＝替代证券数量×该证券调整后T日开盘参考价×T-1日估值汇率×（1+ 申购现金替代溢价比例）； 收取申购现金替代溢价的原因是，基金管理人需要在收到申购确认信息后，在香港市场 购入组合证券，实际结算成本与替代金额可能有所差异。为便于操作，基金管理人在申购赎 回清单中预先确定申购现金替代溢价比例，并据此收取替代金额。如果预先收取的替代金额 高于购入该部分证券的实际成本（或证券实际结算成本），则基金管理人将退还多收取的差 华泰柏瑞恒生港股通高股息低波动交易型开放式指数证券投资基金 34 额；如果预先收取的替代金额低于购入该部分证券的实际成本（或证券实际结算成本），则 基金管理人将向投资者收取欠缺的差额。 ③申购替代金额的处理程序 对于确认成功的T日申购申请，在T日（指上海证券交易所与香港交易所的共同交易日） 内，基金管理人以收到的申购替代金额代投资者买入被替代证券。基金管理人有权在T日 （指上海证券交易所与香港交易所的共同交易日）内任意时刻以收到的申购替代金额代投资 者买入小于等于被替代证券数量的任意数量的被替,法规、监管 要求以及本基金发售规模控制方案另有规定的除外。 （4）认购申请：投资者在认购本基金时，需按发售代理机构的规定，备足认购资金，办 理认购手续。 （5）清算交收：T日通过发售代理机构提交的网上现金认购申请，由该发售代理机构冻 结相应的认购资金，登记机构进行清算交收，并将有效认购数据发送发售协调人，发售协调 人将实际到位的认购资金划往其预先开设的基金募集专户。 （6）认购确认：在基金合同生效后，投资者应通过其办理认购的销售网点查询认购确认 情况。 5、网下现金认购 （1）认购时间：详见本基金基金份额发售公告。 （2）认购金额和利息折算的份额的计算： 通过基金管理人进行网下现金认购的投资者，认购以基金份额申请，认购费用、认购金 额的计算公式为： 认购费用＝认购份额×认购费率 （若适用固定费用的，认购费用＝固定费用） 认购金额＝认购份额×（1＋认购费率） （若适用固定费用的，认购金额＝认购价格×认购份额+固定费用） 净认购份额＝认购份额＋认购金额产生的利息/基金份额面值 其中： 认购费用由基金管理人在投资者认购确认时收取，投资者需以现金方式交纳认购费用。 华泰柏瑞恒生港股通高股息低波动交易型开放式指数证券投资基金 24 通过发售代理机构进行网下现金认购的认购金额的计算：同通过发售代理机构进行网上 现金认购的认购金额的计算。 （3）认购限额：网下现金
53,159131,SZ,SZ,2026-09-04,2026-09-04,临时数据/159131/159131_更新招募说明书_20260904.txt,108279,4,现金差额及其他对价，并在实施前依照有关规定在规定媒介上予以公告。 在目前结算规则下，投资者当日申购的基金份额，清算交收完成后方可卖出和赎回。本基金申购 业务采用实时逐笔全额结算（Real Time Gross Settlement，以下简称 RTGS）模式，投资者 T 日申购 后，如交易记录已勾单且申购资金足额的，登记机构在 T 日日间实时办理基金份额及现金替代的交 华宝中证港股通信息技术综合交易型开放式指数证券投资基金招募说明书（更新） 收；T 日日间未进行勾单确认或日间资金不足的，登记机构在 T 日日终根据资金是否足额办理基金份 额及现金替代的清算交收。 在目前的业务规则下，投资者投资本基金时需具有深圳证券交易所 A 股账户或基金账户。其中， 深圳证券交易所基金账户只能进行基金的现金认购和二级市场交易，如投资人需要参与基金的申购、 赎回，则应开立深圳证券交易所 A 股账户。 投资者在进行投资决策前，请仔细阅读本基金的招募说明书、基金合同及基金产品资料概要等信 息披露文件，并根据自身的投资目的、投资期限、投资经验、资产状况等判断基金是否和投资者的风 险承受能力相适应，自主判断基金的投资价值，自主做出投资决策，自行承担投资风险。 基金的过往业绩并不预示其未来表现，基金管理人管理的其他基金的业绩也不构成对本基金业绩,2,1,的交易保证金后，应当保持不低于 交易保证金一倍的现金（不包括结算备付金、存出保证金、应收申购款等）；本基金所持有的股票市 值和买入、卖出股指期货合约价值，合计（轧差计算）应当符合基金合同关于股票投资比例的有关约 定； （3）本基金投资于同一原始权益人的各类资产支持证券的比例，不得超过基金资产净值的 10％； （4）本基金持有的全部资产支持证券，其市值不得超过基金资产净值的 20％； （5）本基金持有的同一(指同一信用级别)资产支持证券的比例，不得超过该资产支持证券规模的 10％； （6）本基金管理人管理的全部基金投资于同一原始权益人的各类资产支持证券，不得超过其各类 资产支持证券合计规模的 10％； （7）本基金应投资于信用级别评级为 BBB 以上(含 BBB)的资产支持证券。基金持有资产支持证券 期间，如果其信用等级下降、不再符合投资标准，应在评级报告发布之日起 3 个月内予以全部卖出； （8）基金财产参与股票发行申购，本基金所申报的金额不超过本基金的总资产，本基金所申报的 股票数量不超过拟发行股票公司本次发行股票的总量； 华宝中证港股通信息技术综合交易型开放式指数证券投资基金招募说明书（更新） 45 （9）本基金进入全国银行间同业市场进行债券回购的最长期限为 1 年，债券回购到期后不得展 期； （10）本基金主动投资于流动性受限资产的市值合计,0,1,投资者进行结算。 2）可以现金替代 本部分“T+1 日”指 T 日起第 1 个开放日。 ①适用情形：可以现金替代的证券是指基金管理人认为需要在投资者申购或赎回时代投资者买入 或卖出的证券。 ②替代金额：对于可以现金替代的证券，替代金额的计算公式为： 替代金额=替代证券数量×该证券 T 日预计开盘价×T-1 日估值汇率×（1＋现金替代保证金率） 申购时收取现金替代保证金的原因是，基金管理人需要在收到申购确认信息后，在香港市场买入 组合证券，结算成本与替代金额可能有所差异。为便于操作，基金管理人在申购赎回清单中预先确定 华宝中证港股通信息技术综合交易型开放式指数证券投资基金招募说明书（更新） 34 申购现金替代保证金率，并据此收取申购现金替代保证金。如果申购现金替代保证金高于购入该部分 证券的实际结算成本，则基金管理人将退还多收取的差额；如果预先收取的申购现金替代保证金低于 基金购入该部分证券的实际结算成本，则基金管理人将向投资者收取欠缺的差额。 基金管理人可以根据市场情况和实际需要确定和调整申购现金替代保证金率，具体的申购现金替 代保证金率以申购赎回清单公告为准。 ③替代金额的处理程序 对于确认成功的 T 日申购申请，T+1 日内基金管理人根据申购规模进行组合证券的代理买入。基 金管理人有权根据基金投资的需要自主决定不买入部分被替代证券，或者不进行任何买入,0,2,投资者进行结算。 2）可以现金替代 本部分“T+1 日”指 T 日起第 1 个开放日。 ①适用情形：可以现金替代的证券是指基金管理人认为需要在投资者申购或赎回时代投资者买入 或卖出的证券。 ②替代金额：对于可以现金替代的证券，替代金额的计算公式为： 替代金额=替代证券数量×该证券 T 日预计开盘价×T-1 日估值汇率×（1＋现金替代保证金率） 申购时收取现金替代保证金的原因是，基金管理人需要在收到申购确认信息后，在香港市场买入 组合证券，结算成本与替代金额可能有所差异。为便于操作，基金管理人在申购赎回清单中预先确定 华宝中证港股通信息技术综合交易型开放式指数证券投资基金招募说明书（更新） 34 申购现金替代保证金率，并据此收取申购现金替代保证金。如果申购现金替代保证金高于购入该部分 证券的实际结算成本，则基金管理人将退还多收取的差额；如果预先收取的申购现金替代保证金低于 基金购入该部分证券的实际结算成本，则基金管理人将向投资者收取欠缺的差额。 基金管理人可以根据市场情况和实际需要确定和调整申购现金替代保证金率，具体的申购现金替 代保证金率以申购赎回清单公告为准。 ③替代金额的处理程序 对于确认成功的 T 日申购申请，T+1 日内基金管理人根据申购规模进行组合证券的代理买入。基 金管理人有权根据基金投资的需要自主决定不买入部分被替代证券，或者不进行任何买入被替代证,方式，申购对价、赎回对价包括 组合证券、现金替代、现金差额及其他对价，并在实施前依照有关规定在规定媒介上予以公告。 在目前结算规则下，投资者当日申购的基金份额，清算交收完成后方可卖出和赎回。本基金申购 业务采用实时逐笔全额结算（Real Time Gross Settlement，以下简称 RTGS）模式，投资者 T 日申购 后，如交易记录已勾单且申购资金足额的，登记机构在 T 日日间实时办理基金份额及现金替代的交 华宝中证港股通信息技术综合交易型开放式指数证券投资基金招募说明书（更新） 收；T 日日间未进行勾单确认或日间资金不足的，登记机构在 T 日日终根据资金是否足额办理基金份 额及现金替代的清算交收。 在目前的业务规则下，投资者投资本基金时需具有深圳证券交易所 A 股账户或基金账户。其中， 深圳证券交易所基金账户只能进行基金的现金认购和二级市场交易，如投资人需要参与基金的申购、 赎回，则应开立深圳证券交易所 A 股账户。 投资者在进行投资决策前，请仔细阅读本基金的招募说明书、基金合同及基金产品资料概要等信 息披露文件，并根据自身的投资目的、投资期限、投资经验、资产状况等判断基金是否和投资者的风 险承受能力相适应，自主判断基金的投资价值，自主做出投资决策，自行承担投资风险。 基金的过往业绩并不预示其未来表现，基金管理人管理的其他基金的业绩也不构成
54,159312,SZ,SZ,2026-07-06,2026-07-06,临时数据/159312/159312_更新招募说明书_20260706.txt,102856,6,交收方式已经认可。 根据本基金现行适用的清算交收和申赎处理规则，投资者当日申购的基金份额，清算交 收完成后方可卖出和赎回，即T 日申购的ETF 份额且日间完成 RTGS（实时逐笔全额结算）交 收，T 日可卖出与赎回， 而T 日申购的 ETF 份额且日终完成逐笔全额非担保交收的，T+1 日方 可卖出和赎回；T 日竞价买入的基金份额，T 日可以卖出或赎回。 由于登记结算机构对现金替 代采取非净额结算交收模式，当投资者赎回申请被登记结算机构确认后，被赎回的基金份额 即被记减，但此时投资者尚未收到赎回现金替代款。 投资者投资本基金时需具有证券账户，证券账户是指深圳证券交易所 A 股账户或深圳证 券交易所证券投资基金账户。 本基金以 1 元初始面值进行募集，在市场波动等因素的影响下，存在单位份额净值跌破 1 元初始面值的风险。 基金管理人提醒投资人基金投资的 “买者自负” 原则， 在投资人作出投 资决策后，基金运营状况与基金净值变化引致的投资风险，由投资人自行负责。 投资人在进行投资决策前， 请仔细阅读本基金的 《招募说明书》 、 基金产品资料概要及 《基 金合同》 ，自主判断基金的投资价值，自主做出投资决策，自行承担投资风险。 基金的过往业绩并不预示其未来表现，基金管理人管理的其他基金的业绩并不构成对本 基金表现的保证,2,1,个交易日日终在扣除股指期 货合约、期权合约需缴纳的交易保证金后，应当保持不低于交易保证金一倍的现金；本基金 所持有的股票市值和买入、卖出股指期货合约价值，合计（轧差计算）应当符合基金合同关 于股票投资比例的有关约定； （3） 本基金投资于同一原始权益人的各类资产支持证券的比例， 不得超过基金资产净值 的 10%； （4）本基金持有的全部资产支持证券，其市值不得超过基金资产净值的 20%； （5）本基金主动投资于流动性受限资产的市值合计不得超过基金资产净值的15%，因证 券市场波动、上市公司股票停牌、基金规模变动等基金管理人之外的因素致使基金不符合该 比例限制的，基金管理人不得主动新增流动性受限资产的投资； （6）本基金持有的同一（指同一信用级别）资产支持证券的比例，不得超过该资产支持 证券规模的 10%； （7） 本基金管理人管理的全部基金投资于同一原始权益人的各类资产支持证券， 不得超 过其各类资产支持证券合计规模的 10%； （8）本基金应投资于信用级别评级为BBB 以上（含BBB）的资产支持证券。基金持有资 产支持证券期间，如果其信用等级下降、不再符合投资标准，应在评级报告发布之日起 3 个 月内予以全部卖出； （9） 基金财产参与股票发行申购， 本基金所申报的金额不超过本基金的总资产， 本基金 所申报的股票数量不超过拟发行股票公司本次发行,1,0,际成本，则基金管理人将向投资者收取欠 缺的差额。 基金管理人可以根据市场情况和实际需要调整现金替代溢价比例，具体的现金替代溢价 比例以申购赎回清单公告为准。 ③申购替代金额的处理程序 T 日，基金管理人在申购赎回清单中公布现金替代溢价比例，并据此收取替代金额。对 于确认成功的 T 日申购申请，在 T 日内，基金管理人以收到的替代金额代投资者买入被替代 证券。在 T 日日终，基金管理人已买入的证券，依据替代金额与被替代证券的实际买入成本 36 （包括买入价格与相关交易费用）的差额，确定基金应退还投资者或投资者应补交的款项； 未买入的证券，依据替代金额与被替代证券 T 日收盘价（需用最新汇率折算为人民币，当日 在证券交易所无交易的，取最近交易日的收盘价，当日无收盘价的，取最后成交价）的差 额，确定基金应退还投资者或投资者应补交的款项。 正常情况下，T+3 日（指港股通交易日）内，基金管理人将应退款和补款的明细及汇总 数据发送给相关申购赎回代理机构和基金托管人，相关款项的清算交收将于此后 3 个工作日 内完成。 如遇港股通临时停市、港股通交易每日额度或总额度不足等特殊情况，组合证券的代理 买入及结算价格可依次顺延至下一港股通交易日直至交易正常。如遇证券长期停牌、流动性 不足等特殊情况，可参照证券的估值价格对结算价格进行调整，如果基金管理人认为该证券 复牌后的价格可能存在,1,2,中心正式对外发文后公布的人民币兑主要外 汇当日收盘价）等。 ④赎回对应的替代金额的处理程序 对于确认成功的 T 日赎回申请，在 T 日内，基金管理人根据赎回申请代投资者卖出被替 代证券。在 T 日日终，基金管理人已卖出的证券，按照被替代证券的实际卖出金额（扣除相 关费用）确定基金应支付的替代金额；未卖出的证券，按照被替代证券 T 日收盘价（需用最 新汇率折算为人民币，当日在证券交易所无交易的，取最近交易日的收盘价，当日无收盘价 的，取最后成交价）确定基金应支付给投资者的替代金额。 正常情况下，T+7 日（指港股通交易日）内，基金管理人将应支付的替代金额的明细及 汇总数据发送给登记结算机构，登记结算机构办理现金替代资金的清算，并将结果发送给相 关申购赎回代理机构和基金托管人，相关款项的清算交收将于此后 3 个工作日内完成。 如遇港股通临时停市等特殊情况，组合证券的代理卖出及结算价格可依次顺延至下一港 股通交易日直至交易正常。如遇证券长期停牌、流动性不足等特殊情况，可参照证券的估值 价格，对结算价格进行调整，如果基金管理人认为该证券复牌后的价格可能存在较大波动， 37 且可能对基金资产净值产生较大影响，为了更好的维护持有人利益，该证券对应的现金替代 款的清算交收可在其复牌后按照实际交易成本办理。 在此期间若该证券发生除息、送股（转增） 、配股等重要权益变动，,回本基 金，即表示对基金认购、申购和赎回所涉及的基金份额的证券变更登记方式以及申购赎回所 涉及现金替代、现金差额等相关的交收方式已经认可。 根据本基金现行适用的清算交收和申赎处理规则，投资者当日申购的基金份额，清算交 收完成后方可卖出和赎回，即T 日申购的ETF 份额且日间完成 RTGS（实时逐笔全额结算）交 收，T 日可卖出与赎回， 而T 日申购的 ETF 份额且日终完成逐笔全额非担保交收的，T+1 日方 可卖出和赎回；T 日竞价买入的基金份额，T 日可以卖出或赎回。 由于登记结算机构对现金替 代采取非净额结算交收模式，当投资者赎回申请被登记结算机构确认后，被赎回的基金份额 即被记减，但此时投资者尚未收到赎回现金替代款。 投资者投资本基金时需具有证券账户，证券账户是指深圳证券交易所 A 股账户或深圳证 券交易所证券投资基金账户。 本基金以 1 元初始面值进行募集，在市场波动等因素的影响下，存在单位份额净值跌破 1 元初始面值的风险。 基金管理人提醒投资人基金投资的 “买者自负” 原则， 在投资人作出投 资决策后，基金运营状况与基金净值变化引致的投资风险，由投资人自行负责。 投资人在进行投资决策前， 请仔细阅读本基金的 《招募说明书》 、 基金产品资料概要及 《基 金合同》 ，自主判断基金的投资价值，自主做出投资决策，自行承担投资风险。 基金的过往业
55,513750,SH,SH,2026-08-26,2026-08-26,临时数据/513750/513750_更新招募说明书_20260826.txt,93430,6,交收方式已经认可。 根据本基金现行适用的清算交收和申赎处理规则，投资者当日申购的基金份额，清算交 收完成后方可卖出和赎回，即T 日申购的ETF 份额且日间完成 RTGS（实时逐笔全额结算）交 收，T 日可卖出与赎回， 而T 日申购的 ETF 份额且日终完成逐笔全额非担保交收的，T+1 日方 可卖出和赎回；T 日买入的基金份额，T 日可以赎回或卖出。 由于登记结算机构对现金替代采 取非净额结算交收模式，当投资者赎回申请被登记结算机构确认后，被赎回的基金份额即被 记减，但此时投资者尚未收到赎回现金替代款。投资者投资本基金时需具有证券账户 ，证券 账户是指上海证券交易所 A 股账户或上海证券交易所证券投资基金账户。 本基金以 1 元初始面值进行募集，在市场波动等因素的影响下，存在单位份额净值跌破 1 元初始面值的风险。 基金管理人提醒投资人基金投资的 “买者自负” 原则， 在投资人作出投 资决策后，基金运营状况与基金净值变化引致的投资风险，由投资人自行负责。 投资人在进行投资决策前， 请仔细阅读本基金的 《招募说明书》 、 基金产品资料概要及 《基 金合同》 ，自主判断基金的投资价值，自主做出投资决策，自行承担投资风险。 基金的过往业绩并不预示其未来表现，基金管理人管理的其他基金 的业绩并不构成对本 基金表现的保证。,2,1,易日日终在扣 除股指期货合约、股票期权合约需缴纳的交易保证金后，应当保持不低于交易保证金一倍的 现金；本基金所持有的股票市值和买入、卖出股指期货合约价值，合计（轧差计算）应当符 42 合基金合同关于股票投资比例的有关约定； （3）本基金投资于同一原始权益人的各类资产支持证券的比例，不得超过基金资产净 值的 10%； （4）本基金持有的全部资产支持证券，其市值不得超过基金资产净值的 20%； （5）本基金主动投资于流动性受限资产的市值合计不得超过基金资产净值的 15%，因 证券市场波动、上市公司股票停牌、基金规模变动等基金管理人之外的因素致使基金不符合 该比例限制的，基金管理人不得主动新增流动性受限资产的投资； （6）本基金持有的同一（指同一信用级别）资产支持证券的比例，不得超过该资产支 持证券规模的 10%； （7）本基金管理人管理的全部基金投资于同一原始权益人的各类资产支持证券，不得 超过其各类资产支持证券合计规模的 10%； （8）本基金应投资于信用级别评级为 BBB 以上（含 BBB）的资产支持证券。基金持有 资产支持证券期间，如果其信用等级下降、不再符合投资标准，应在评级报告发布之日起 3 个月内予以全部卖出； （9）基金财产参与股票发行申购，本基金所申报的金额不超过本基金的总资产，本基 金所申报的股票数量不超过拟发行股票公司本次发行股票,1,0,际结算成 本，则基金管理人将退还多收取的差额；如果预先收取的申购现金替代保证金低于基金购入 该部分证券的实际结算成本，则基金管理人将向投资者收取欠缺的差额。 ③申购替代金额的处理程序 T 日，基金管理人根据申购赎回清单收取申购现金替代保证金。 对于确认成功的 T 日申购申请，在 T 日内，基金管理人以收到的申购现金替代保证金代 投资者买入被替代证券。在 T 日日终，基金管理人已买入的证券，依据申购现金替代保证金 与被替代证券的实际买入成本（包括买入价格与相关交易费用）的差额，确定基金应退还投 资者或投资者应补交的款项；未买入的证券，依据申购现金替代保证金与被替代证券 T 日收 盘价（需用最新汇率折算为人民币，当日在证券交易所无交易的，取最近交易日的收盘价， 当日无收盘价的，取最后成交价）的差额，确定基金应退还投资者或投资者应补交的款项。 正常情况下，T+3 日（指港股通交易日）内，基金管理人将应退款和补款的明细及汇总 31 数据发送给相关申购赎回代理机构和基金托管人，相关款项的清算交收将于此后 3 个工作日 内完成。 如遇证券长期停牌、流动性不足等特殊情况，可参照证券的估值价格对结算价格进行调 整，如果基金管理人认为该证券复牌后的价格可能存在较大波动，且可能对基金资产净值产 生较大影响，为了更好的维护持有人利益，该证券对应的现金替代退补款的清算交收可在其 复牌后按,1,2,中心正式对外发文后 公布的人民币兑主要外汇当日收盘价）等。 ④赎回对应的替代金额的处理程序 对于确认成功的 T 日赎回申请，在 T 日内，基金管理人根据赎回申请代投资者卖出被替 代证券。在 T 日日终，基金管理人已卖出的证券，按照被替代证券的实际卖出金额（扣除相 关费用）确定基金应支付的替代金额；未卖出的证券，按照被替代证券 T 日收盘价（需用最 新汇率折算为人民币，当日在证券交易所无交易的，取最近交易日的收盘价， 当日无收盘价 的，取最后成交价）确定基金应支付给投资者的替代金额。 正常情况下，T+7 日（指港股通交易日）内，基金管理人将应支付的替代金额的明细及 汇总数据发送给登记结算机构，登记结算机构办理现金替代资金的清算，并将结果发送给相 关申购赎回代理机构和基金托管人，相关款项的清算交收将于此后 3 个工作日内完成。如遇 证券长期停牌、流动性不足等特殊情况，可参照证券的估值价格，对结算价格进行调整，如 果基金管理人认为该证券复牌后的价格可能存在较大波动，且可能对基金资产净值产生较大 影响，为了更好的维护持有人利益，该证券对应的现金替代款的清算交收可在其复牌后按照 实际交易成本办理。 在此期间若该证券发生除息、送股（转增） 、配股等重要权益变动，则进行相应调整。上 述汇率目前采用汇率公允价。汇率公允价包括中国人民银行或其授权机构最新公布的人民币 汇率,回本基 金，即表示对基金认购、申购和赎回所涉及的基金份额的证券变更登记方式以及申购赎回所 涉及现金替代、现金差额等相关的交收方式已经认可。 根据本基金现行适用的清算交收和申赎处理规则，投资者当日申购的基金份额，清算交 收完成后方可卖出和赎回，即T 日申购的ETF 份额且日间完成 RTGS（实时逐笔全额结算）交 收，T 日可卖出与赎回， 而T 日申购的 ETF 份额且日终完成逐笔全额非担保交收的，T+1 日方 可卖出和赎回；T 日买入的基金份额，T 日可以赎回或卖出。 由于登记结算机构对现金替代采 取非净额结算交收模式，当投资者赎回申请被登记结算机构确认后，被赎回的基金份额即被 记减，但此时投资者尚未收到赎回现金替代款。投资者投资本基金时需具有证券账户 ，证券 账户是指上海证券交易所 A 股账户或上海证券交易所证券投资基金账户。 本基金以 1 元初始面值进行募集，在市场波动等因素的影响下，存在单位份额净值跌破 1 元初始面值的风险。 基金管理人提醒投资人基金投资的 “买者自负” 原则， 在投资人作出投 资决策后，基金运营状况与基金净值变化引致的投资风险，由投资人自行负责。 投资人在进行投资决策前， 请仔细阅读本基金的 《招募说明书》 、 基金产品资料概要及 《基 金合同》 ，自主判断基金的投资价值，自主做出投资决策，自行承担投资风险。 基金的过往业绩并
56,159892,SZ,SZ,2026-07-20,2026-07-20,临时数据/159892/159892_更新招募说明书_20260720.txt,128158,0,,1,0,不卖出部分被替代证券，或者不进行任何买入或卖出证券的操作，基 金管理人可能不买入或不卖出被替代证券的情形包括但不限于市场流动性不足、技术系统 无法实现、申购赎回轧差以及基金管理人认为不应买入或卖出的其他情形。 14、基金收益分配后基金份额净值低于面值的风险 本基金收益分配原则为使收益分配后基金累计报酬率尽可能贴近标的指数同期累计报 酬率。基于本基金的性质和特点，本基金收益分配不以弥补亏损为前提，收益分配后可能 存在基金份额净值低于面值的风险。 15、第三方机构服务的风险 基金的多项服务委托第三方机构办理，存在以下风险： （1）申购赎回代理券商因多种原因，导致代理申购、赎回业务受到限制、暂停或终止， 由此影响对投资者申购赎回服务的风险。 华夏恒生生物科技交易型开放式指数证券投资基金（QDII）招募说明书（更新） 17 （2）登记机构可能调整结算制度，如实施货银对付制度，对投资者基金份额、组合证 券及资金的结算方式发生变化，制度调整可能给投资者带来理解偏差的风险。同样的风险 还可能来自于证券交易所及其他代理机构。 （3）证券交易所、登记机构、基金托管人、申购赎回代理券商及其他代理机构可能违 约，导致基金或投资者利益受损的风险。 （三）声明 1、本基金未经任何一级政府、机构及部门担保。投资者自愿投资于本基金，须自行承 担投资风险。 2、除基金管理人直接,0,3,照新的最小申购、赎回单位全部赎回，而只能在二 级市场卖出全部或部分基金份额。 13、申购赎回的代理买卖风险 基金管理人可在招募说明书规定的时间内以收到的替代金额代投资者买入或卖出小于 等于被替代证券数量的任意数量的被替代证券，实际买入被替代证券的价格可能处于规定 时间内较高的位置或处于最高价格，实际卖出被替代证券的价格可能处于规定时间内较低 的位置或处于最低价格，基金管理人对此不承担责任。基金管理人有权根据基金投资的需 要自主决定不买入或不卖出部分被替代证券，或者不进行任何买入或卖出证券的操作，基 金管理人可能不买入或不卖出被替代证券的情形包括但不限于市场流动性不足、技术系统 无法实现、申购赎回轧差以及基金管理人认为不应买入或卖出的其他情形。 14、基金收益分配后基金份额净值低于面值的风险 本基金收益分配原则为使收益分配后基金累计报酬率尽可能贴近标的指数同期累计报 酬率。基于本基金的性质和特点，本基金收益分配不以弥补亏损为前提，收益分配后可能 存在基金份额净值低于面值的风险。 15、第三方机构服务的风险 基金的多项服务委托第三方机构办理，存在以下风险： （1）申购赎回代理券商因多种原因，导致代理申购、赎回业务受到限制、暂停或终止， 由此影响对投资者申购赎回服务的风险。 华夏恒生生物科技交易型开放式指数证券投资基金（QDII）招募说明书（更新） 17 （2,0,3,照新的最小申购、赎回单位全部赎回，而只能在二 级市场卖出全部或部分基金份额。 13、申购赎回的代理买卖风险 基金管理人可在招募说明书规定的时间内以收到的替代金额代投资者买入或卖出小于 等于被替代证券数量的任意数量的被替代证券，实际买入被替代证券的价格可能处于规定 时间内较高的位置或处于最高价格，实际卖出被替代证券的价格可能处于规定时间内较低 的位置或处于最低价格，基金管理人对此不承担责任。基金管理人有权根据基金投资的需 要自主决定不买入或不卖出部分被替代证券，或者不进行任何买入或卖出证券的操作，基 金管理人可能不买入或不卖出被替代证券的情形包括但不限于市场流动性不足、技术系统 无法实现、申购赎回轧差以及基金管理人认为不应买入或卖出的其他情形。 14、基金收益分配后基金份额净值低于面值的风险 本基金收益分配原则为使收益分配后基金累计报酬率尽可能贴近标的指数同期累计报 酬率。基于本基金的性质和特点，本基金收益分配不以弥补亏损为前提，收益分配后可能 存在基金份额净值低于面值的风险。 15、第三方机构服务的风险 基金的多项服务委托第三方机构办理，存在以下风险： （1）申购赎回代理券商因多种原因，导致代理申购、赎回业务受到限制、暂停或终止， 由此影响对投资者申购赎回服务的风险。 华夏恒生生物科技交易型开放式指数证券投资基金（QDII）招募说明书（更新） 17 （2）登记,请，基金管理人有权予以拒绝。 本基金为交易型开放式指数证券投资基金（ETF），将在深圳证券交易所上市。由于本 基金的标的指数组合证券为香港交易所证券，基金份额的清算交收与境内普通ETF存在一定 差异。通常情况下，T日申购的基金份额在交收完成后可以卖出或赎回。投资者认购本基金 时需具有深圳证券账户，但需注意，使用基金账户只能参与本基金的现金认购和二级市场交 易，如投资者需要参与基金的申购、赎回，则应使用A股账户。本基金以人民币募集和计价， 本基金可投资于香港市场以港币计价的金融工具，人民币对港币的汇率的波动可能加大基 金净值的波动，从而对基金业绩产生一定影响。 投资有风险，投资者在投资本基金之前，请仔细阅读本基金的招募说明书、基金合同、 基金产品资料概要，全面认识本基金的风险收益特征和产品特性，并充分考虑自身的风险 承受能力，理性判断市场，谨慎做出投资决策。投资者应当认真阅读并完全理解基金合同 第二十一部分规定的免责条款、第二十二部分规定的争议处理方式。 基金的过往业绩并不预示其未来表现。 基金管理人依照恪尽职守、诚实信用、谨慎勤勉的原则管理和运用基金财产，但不保 证基金一定盈利，也不保证最低收益。 投资者应当认真阅读并完全理解基金合同规定的免责条款和规定的争议处理方式。 本招募说明书更新有关财务数据和净值表现数据截止日为2026年3月31日，基金管理
57,513860,SH,SH,2026-03-12,2026-03-12,临时数据/513860/513860_更新招募说明书_20260312.txt,120525,2,本基金申购赎回过程中涉及的基金份额、 现金替代、 现金差额及其他对价的 清算交收适用相关业务规则和参与各方相关协议及其不时修订的有关规定。 本基金申购业务采用实时逐笔全额结算（Real Time Gross Settlement，以 下简称RTGS） 模式； 赎回业务涉及的现金替代可采用代收代付处理； 申购、 赎回 业务涉及的现金差额和现金替代退补款可采用代收代付处理。 1）申购的清算交收 投资者 T 日现金申购后， 如交易记录已勾单且申购资金足额的， 登记结算机 构在T 日日间实时办理基金份额及现金替代的交收；T 日日间未进行勾单确认或 日间资金不足的， 登记结算机构在T 日日终根据资金是否足额办理基金份额及现 金替代的清算交收， 并将结果发送给基金管理人、 申购赎回代理券商和基金托管 人。 基金管理人在T+1 日内办理现金差额的清算， 在T+2 日内办理现金差额的交 收。 2）赎回的清算交收 投资者 T 日赎回申请受理后， 登记结算机构在T 日收市后为投资者办理基金 份额的清算交收。 基金管理人在T+1 日内办理现金差额的清算， 在T+2 日内通过 登记结算机构的代收代付平台办理现金差额的交收。 赎回现金替代款将自有效赎回申请之日起 7 个开放日内划往基金份额持有 人账户。 如遇本基金主要投资的证券市场休市或,8,4,出部分被替代证券， 或者不进行任何买入或卖出证券的操作， 基金 管理人可能不买入或不卖出被替代证券的情形包括但不限于市场流动性不足、 技术系统无法实现、申购赎回轧差以及基金管理人认为不应买入或卖出的其他 情形。 本基金投资品种包含资产支持证券品种， 由于资产支持证券一般都针对特定 机构投资人发行， 且仅在特定机构投资人范围内流通转让， 该品种的流动性较差， 海富通中证港股通科技交易型开放式指数证券投资基金 更新招募说明书 4 且抵押资产的流动性较差， 因此， 持有资产支持证券可能给组合资产净值带来一 定的风险。另外，资产支持证券还面临提前偿还和延期支付的风险。 本基金将股指期货、 国债期货纳入到投资范围当中， 股指期货、 国债期货采 用保证金交易制度， 由于保证金交易具有杠杆性， 当出现不利行情时， 股价、 指 数微小的变动就可能会使投资者权益遭受较大损失。 股指期货、 国债期货采用每 日无负债结算制度， 如果没有在规定的时间内补足保证金， 按规定将被强制平仓， 可能给投资带来重大损失。 本基金的投资范围包括股票期权， 投资期权主要存在市场风险、 流动性风险、 保证金风险、 信用风险、 操作风险等风险， 极端情况下会给投资组合带来较大损 失。 本基金的投资范围包括存托凭证， 若投资可能面临中国存托凭证价格大幅波 动甚至出现较大亏损的风险， 以及与,1,0,分按收盘价结算等风险； 发生特殊情况时， 基金管 理人将调整交收日期， 存在交收日期变动的风险。 此外， 基金管理人可在招募说 明书规定的时间内以收到的替代金额代投资者买入或卖出小于等于被替代证券 数量的任意数量的被替代证券，基金管理人有权根据基金投资的需要自主决定 不买入或不卖出部分被替代证券， 或者不进行任何买入或卖出证券的操作， 基金 管理人可能不买入或不卖出被替代证券的情形包括但不限于市场流动性不足、 技术系统无法实现、申购赎回轧差以及基金管理人认为不应买入或卖出的其他 情形。 本基金投资品种包含资产支持证券品种， 由于资产支持证券一般都针对特定 机构投资人发行， 且仅在特定机构投资人范围内流通转让， 该品种的流动性较差， 海富通中证港股通科技交易型开放式指数证券投资基金 更新招募说明书 4 且抵押资产的流动性较差， 因此， 持有资产支持证券可能给组合资产净值带来一 定的风险。另外，资产支持证券还面临提前偿还和延期支付的风险。 本基金将股指期货、 国债期货纳入到投资范围当中， 股指期货、 国债期货采 用保证金交易制度， 由于保证金交易具有杠杆性， 当出现不利行情时， 股价、 指 数微小的变动就可能会使投资者权益遭受较大损失。 股指期货、 国债期货采用每 日无负债结算制度， 如果没有在规定的时间内补足保证金， 按规定将被强制平仓， 可能给投资带来重,1,0,分按收盘价结算等风险； 发生特殊情况时， 基金管 理人将调整交收日期， 存在交收日期变动的风险。 此外， 基金管理人可在招募说 明书规定的时间内以收到的替代金额代投资者买入或卖出小于等于被替代证券 数量的任意数量的被替代证券，基金管理人有权根据基金投资的需要自主决定 不买入或不卖出部分被替代证券， 或者不进行任何买入或卖出证券的操作， 基金 管理人可能不买入或不卖出被替代证券的情形包括但不限于市场流动性不足、 技术系统无法实现、申购赎回轧差以及基金管理人认为不应买入或卖出的其他 情形。 本基金投资品种包含资产支持证券品种， 由于资产支持证券一般都针对特定 机构投资人发行， 且仅在特定机构投资人范围内流通转让， 该品种的流动性较差， 海富通中证港股通科技交易型开放式指数证券投资基金 更新招募说明书 4 且抵押资产的流动性较差， 因此， 持有资产支持证券可能给组合资产净值带来一 定的风险。另外，资产支持证券还面临提前偿还和延期支付的风险。 本基金将股指期货、 国债期货纳入到投资范围当中， 股指期货、 国债期货采 用保证金交易制度， 由于保证金交易具有杠杆性， 当出现不利行情时， 股价、 指 数微小的变动就可能会使投资者权益遭受较大损失。 股指期货、 国债期货采用每 日无负债结算制度， 如果没有在规定的时间内补足保证金， 按规定将被强制平仓， 可能给投资带来重大损失,证港股通科技交易型开放式指数证券投资基金 更新招募说明书 48 否则， 如因申请未得到登记机构的确认而造成的损失， 由投资者自行承担。 投资 者申购的基金份额，清算交收完成后方可卖出和赎回。 （3）申购和赎回的清算交收与登记 本基金申购赎回过程中涉及的基金份额、 现金替代、 现金差额及其他对价的 清算交收适用相关业务规则和参与各方相关协议及其不时修订的有关规定。 本基金申购业务采用实时逐笔全额结算（Real Time Gross Settlement，以 下简称RTGS） 模式； 赎回业务涉及的现金替代可采用代收代付处理； 申购、 赎回 业务涉及的现金差额和现金替代退补款可采用代收代付处理。 1）申购的清算交收 投资者 T 日现金申购后， 如交易记录已勾单且申购资金足额的， 登记结算机 构在T 日日间实时办理基金份额及现金替代的交收；T 日日间未进行勾单确认或 日间资金不足的， 登记结算机构在T 日日终根据资金是否足额办理基金份额及现 金替代的清算交收， 并将结果发送给基金管理人、 申购赎回代理券商和基金托管 人。 基金管理人在T+1 日内办理现金差额的清算， 在T+2 日内办理现金差额的交 收。 2）赎回的清算交收 投资者 T 日赎回申请受理后， 登记结算机构在T 日收市后为投资者办理基金 份额的清算交收。 基金管理人在T+1 日内办理现金差额的清
58,526010,SH,SH,2026-08-14,2026-08-14,临时数据/526010/526010_更新招募说明书_20260814.txt,118329,1,金替代、 现金差额及其他对价的 清算交收适用上海证券交易所、 中国证券登记结算有限责任公司发布的相关业务 规则和参与各方相关协议的有关规定。 本基金申购业务采用实时逐笔全额结算（Real Time Gross Settlement）模 式； 赎回业务涉及的现金替代采用代收代付处理； 申购、 赎回业务涉及的现金差 额和现金替代退补款采用代收代付处理。 投资者 T 日申购成功后， 如交易记录已勾单且申购资金足额的， 登记机构在 T 日日间实时办理基金份额及现金替代的交收；T 日日间未进行勾单确认或日间 资金不足的， 登记机构在T 日日终根据资金是否足额办理基金份额及现金替代的 清算交收， 并将结果发送给基金管理人、 申购赎回代理券商和基金托管人。 基金 管理人在T+1 日内办理现金差额的清算，在T+2 日内办理现金差额的交收。 基金 管理人可以对清算交收日期进行相应调整。 投资者 T 日赎回成功后， 正常情况下， 登记机构在T 日收市后为投资者办理 基金份额的交收， 在T+1 日内办理现金差额的清算， 并将结果发送给申购赎回代 理券商、 基金管理人和基金托管人。 基金管理人与申购赎回代理券商在T+2 日内 办理现金差额的交收。 赎回现金替代款将自有效赎回申请之日起7 个开放日内办 理。 如遇香港证券市场的交易清算规则有,6,4,办 理。在此期间若该证券发生除息、送股（转增）、配股等重要权益变动，则进行 相应调整。 5）在系统支持的情况下，对于 T 日的申购赎回申请，基金管理人有权进行 轧差处理，针对净申购，购入净申购份额对应的组合证券中被替代的成份证券， 针对净赎回， 卖出净赎回份额对应的组合证券中被替代的成份证券， 基金管理人 有权购入或者卖出不等于轧差处理后的上述被替代的成份证券的任意数量。 汇添富中证港股通医疗主题交易型开放式指数证券投资基金 更新招募说明书 49 6）基金管理人可以根据具体情况，调整上述 2）-5）的申购、赎回替代金 额的处理程序、规则等，并在招募说明书更新或其他公告中披露。 （2）关于必须现金替代 1）适用情形：必须现金替代的证券一般是由于标的指数调整将被剔除的成 份证券； 或处于停牌的成份证券； 或因法律法规限制投资的成份证券； 或出于保 护基金份额持有人利益等目的基金管理人认为有必要实行必须现金替代的成份 证券。 2）替代金额：对于必须现金替代的证券，基金管理人将在申购赎回清单中 公告替代的一定数量的现金， 即“固定替代金额”。 固定替代金额的计算方法为： 固定替代金额为替代证券数量乘以其经调整后的T 日开盘参考价并按照T-1 日估值汇率换算或基金管理人认为合理的其他方法。 4、预估现金部分相关内容 预估现金部分是指， 为便于计算基金份额参,2,0,入该部分证券的实际 成本， 则基金管理人将退还多收取的差额； 如果预先收取的金额低于基金购入该 部分证券的实际成本，则基金管理人将向投资者收取欠缺的差额。 3）申购替代金额的处理程序 在 T 日（指港股通交易日） 内， 基金管理人以收到的替代金额代投资者买入 被替代证券。 基金管理人有权在T 日 （指港股通交易日） 内任意时刻以收到的替 代金额代投资者买入小于等于被替代证券数量的任意数量的被替代证券。 基金管 理人有权根据基金投资的需要自主决定不买入部分被替代证券， 或者不进行任何 买入证券的操作。T 日（指港股通交易日）日终，基金管理人根据所购入的被替 代证券的实际单位购入成本 （包括买入价格与相关费用） 和未买入的被替代证券 的 T 日（指港股通交易日）收盘价（折算为人民币）；T 日（指港股通交易日） 在证券交易所无交易的， 取最近交易日的收盘价； 交易日无收盘价的， 取最后成 交价） 计算被替代证券的单位结算成本， 在此基础上根据替代证券数量和申购现 金替代保证金确定基金应退还投资者或投资者应补交的款项。T 日（指港股通交 易日） 后的第3 个港股通交收日后的 2 个工作日内， 基金管理人将应退款或补款 与相关申购赎回代理券商办理交收。 在此期间若该证券发生除息、 送股 （转增） 、 配股等重要权益变动， 则进行相应调整。 出现半日港股通交易日、临时停市或港,2,1,益， 该证券对应的 现金替代款的清算交收可在其复牌后按照实际交易成本办理。 在此期间若该证券 发生除息、送股（转增）、配股等重要权益变动，则进行相应调整。 4）赎回替代金额的处理程序 在 T 日 （指港股通交易日） 内， 基金管理人根据赎回申请代投资者卖出被替 代证券。 基金管理人有权在T 日 （指港股通交易日） 内任意时刻代投资者卖出小 于等于被替代证券数量的任意数量的被替代证券。 基金管理人有权根据基金投资 的需要自主决定不卖出部分被替代证券，或者不进行任何卖出证券的操作。T 日 （指港股通交易日） 日终， 基金管理人根据所卖出的被替代证券的实际单位卖出 金额 （扣除相关费用） 和未卖出的被替代证券的T 日 （指港股通交易日） 收盘价 （折算为人民币） ； 被替代证券T 日 （指港股通交易日） 在证券交易所无交易的， 取最近交易日的收盘价； 交易日无收盘价的， 取最后成交价） 计算被替代证券的 单位结算金额，在此基础上根据替代证券数量确定赎回替代金额。T 日（指港股 通交易日） 后的第3 个港股通交收日后的2 个工作日内， 基金管理人将应支付的 赎回替代金额与相关申购赎回代理券商办理交收。在此期间若该证券发生除息、 送股（转增）、配股等重要权益变动，则进行相应调整。 当出现半日港股通交易日、临时停市等特殊情况时， 计算并确定被替代证券 的单位结算成本的时间将顺,的投资”章节中“风险收益特征”的表述可能存在不同， 投资人在 购买本基金时需按照销售机构的要求完成风险承受能力与产品风险之间的匹配 检验。 根据本基金现行适用的清算交收和申赎处理规则， 投资者当日申购的基金份 额， 清算交收完成后方可卖出和赎回， 即T 日申购的基金份额且日间完成实时逐 笔全额结算（Real Time Gross Settlement）交收的，T 日可卖出和赎回，而 T 日申购的基金份额且日终完成逐笔全额非担保交收的，T+1 日方可卖出和赎回。 投资者投资于本基金前请认真阅读证券交易所和登记机构关于 ETF 的相关 业务规则及其不时的更新， 确保具备相关专业知识、 清楚了解相关规则流程后方 可参与本基金的申购、 赎回及交易。 投资者一旦认购、 申购或赎回本基金， 即表 示对基金认购、 申购和赎回所涉及的基金份额的证券变更登记方式以及申购赎回 所涉及现金替代、现金差额等相关的交收方式已经认可。 投资有风险， 投资者在进行投资决策前， 请仔细阅读本基金的 《招募说明书》 、 《基金合同》 、 基金产品资料概要等信息披露文件， 并根据自身的投资目的、 投 汇添富中证港股通医疗主题交易型开放式指数证券投资基金 更新招募说明书 3 资期限、投资经验、资产状况等判断基金是否和投资者的风险承受能力相适应， 自主判断基金的投资价值，自主做出投资决策，
59,159615,SZ,SZ,2026-01-14,2026-01-14,临时数据/159615/159615_更新招募说明书_20260114.txt,128539,4,"与标的指数组合证券仅在 境内上市的ETF产品有所差异。在目前结算规则下，投资者当日申购的基金份额，清算交收 完成后可卖出和赎回，即T日申购的ETF份额且日间完成RTGS（实时逐笔全额结算）交收， T日可卖出与赎回；T日申购的ETF份额日间未完成交收的，日终完成逐笔全额非担保交收， T+1日方可卖出和赎回；T日买入的基金份额，T日可以赎回。 本基金投资范围包括国内依法发行上市的存托凭证（“中国存托凭证”）,存在中国存 托凭证价格大幅波动甚至出现较大亏损的风险、与中国存托凭证发行机制相关的风险等。 本基金跟踪恒生生物科技指数，存在跟踪误差控制未达约定目标、指数编制机构停止服 务、成份股停牌、摘牌等潜在风险。 投资人在投资本基金之前，请仔细阅读本基金的基金合同、招募说明书和基金产品资料 概要等信息披露文件，自主判断基金的投资价值，自主做出投资决策，全面认识本基金的风 险收益特征和产品特性，并充分考虑自身的风险承受能力，理性判断市场，谨慎做出投资决 策。基金的过往业绩并不预示其未来表现，基金管理人管理的其他基金的业绩也不构成对本 基金业绩表现的保证。基金管理人承诺以恪尽职守、诚实信用、谨慎勤勉的原则管理和运用 基金财产，但不保证基金一定盈利，也不向投资人保证最低收益。基金管理人提醒投资人基 金投资的“买者自负”原则，在",3,1,3）本基金在任何交易日日终，持有的卖出股指期货合约价值不得超过基金持有的股票 总市值的20%。 4）本基金所持有的股票市值和买入、卖出股指期货合约价值，合计（轧差计算）应当 符合基金合同关于股票投资比例的有关约定； 5）本基金在任何交易日内交易（不包括平仓）的股指期货合约的成交金额不得超过上 一交易日基金资产净值的20%； （13）本基金参与股票期权交易，应当符合下列投资限制： 1）基金因未平仓的期权合约支付和收取的权利金总额不得超过基金资产净值的10%； 2）开仓卖出认购期权的，应持有足额标的证券；开仓卖出认沽期权的，应持有合约行 权所需的全额现金或交易所规则认可的可冲抵期权保证金的现金等价物； 3）未平仓的期权合约面值不得超过基金资产净值的20%。其中，合约面值按照行权价 乘以合约乘数计算； 除上述第（5） 、（8） 、（9）项另有约定外，因证券/期货市场波动、证券发行人合并、 基金规模变动、标的指数成份股调整、标的指数成份股流动性限制等基金管理人之外的因素 致使基金投资比例不符合上述规定投资比例的， 基金管理人应当在10个交易日内进行调整， 但中国证监会规定的特殊情形除外。法律法规另有规定的，从其规定。 2、本基金境外投资应遵循以下限制： （1）投资比例限制 1）基金持有同一家银行的存款不得超过基金净值的20%。在基金托管账户的存款可以,1,0,,1,2,,"本 基金的标的指数组合证券在香港交易所，本基金的申购、赎回流程与标的指数组合证券仅在 境内上市的ETF产品有所差异。在目前结算规则下，投资者当日申购的基金份额，清算交收 完成后可卖出和赎回，即T日申购的ETF份额且日间完成RTGS（实时逐笔全额结算）交收， T日可卖出与赎回；T日申购的ETF份额日间未完成交收的，日终完成逐笔全额非担保交收， T+1日方可卖出和赎回；T日买入的基金份额，T日可以赎回。 本基金投资范围包括国内依法发行上市的存托凭证（“中国存托凭证”）,存在中国存 托凭证价格大幅波动甚至出现较大亏损的风险、与中国存托凭证发行机制相关的风险等。 本基金跟踪恒生生物科技指数，存在跟踪误差控制未达约定目标、指数编制机构停止服 务、成份股停牌、摘牌等潜在风险。 投资人在投资本基金之前，请仔细阅读本基金的基金合同、招募说明书和基金产品资料 概要等信息披露文件，自主判断基金的投资价值，自主做出投资决策，全面认识本基金的风 险收益特征和产品特性，并充分考虑自身的风险承受能力，理性判断市场，谨慎做出投资决 策。基金的过往业绩并不预示其未来表现，基金管理人管理的其他基金的业绩也不构成对本 基金业绩表现的保证。基金管理人承诺以恪尽职守、诚实信用、谨慎勤勉的原则管理和运用 基金财产，但不保证基金一定盈利，也不向投资人保证最低收益。基金管理人提醒投资人基 金投资"
60,159167,SZ,SZ,,2026-01-16,临时数据/159167/159167_招募说明书_20260116.txt,120139,4,的基金份额、 现金替代、 现金差额及其他对价的清算交收适 用深圳证券交易所、登记机构的相关规定和参与各方相关协议的有关规定。 本基金现金申购业务中的现金替代采用实时逐笔全额结算（RTGS）与日终逐笔全额非 担保交收的方式处理； 现金赎回业务涉及的现金替代采用代收代付处理； 现金申购、 赎回业 务涉及的现金差额和现金替代退补款采用代收代付处理。 投资者 T 日提交的现金申购申请受理后，日间完成 RTGS 交收部分，登记机构在 T 日 日间实时为该投资者办理基金份额登记以及现金替代的交收；日间未完成 RTGS 交收部分， 登记机构在 T 日日终根据勾单情况及资金是否足额为投资者办理基金份额登记与现金替代 的交收， 并将结果发送给申购赎回代理券商、 基金管理人和基金托管人。 基金管理人在T+2 日办理现金差额的清算及交收。对于因申购赎回代理券商交收资金不足， 导致投资者现金申 购失败的情形，按照申购赎回代理券商的相关规则处理。 投资者 T 日提交的现金赎回申请受理后，登记机构在 T 日收市后为投资者办理基金份 额的清算和交收， 并将结果发送给申购赎回代理券商、 基金管理人和基金托管人。 基金管理 人在 T+2 日办理现金差额的清算及交收。赎回现金替代款将自有效赎回申请之日起 7 个开 放日内完成资金划拨。 如果出现基金投,2,1,证金后，应当保持不低于交易 保证金一倍的现金，其中现金不包括结算备付金、存出保证金和应收申购款等； 6）本基金所持有的股票市值和买入、卖出股指期货合约价值合计（轧差计算）应当符 合基金合同关于股票投资比例的有关约定； （9）本基金参与转融通证券出借业务，应当遵守以下交易限制： 1）参与转融通证券出借业务的资产不得超过基金资产净值的30%， 出借期限在10 个交 易日以上的出借证券应归为流动性受限资产； 2）参与转融通证券出借业务的单只证券不得超过基金持有该证券总量的30%； 3）最近 6 个月内日均基金资产净值不低于2 亿元； 4）证券出借的平均剩余期限不得超过30 天，平均剩余期限按照市值加权平均计算； （10）本基金主动投资于流动性受限资产的市值合计不得超过基金资产净值的15%；因 证券市场波动、 上市公司股票停牌、 基金规模变动等基金管理人之外的因素致使基金不符合 该比例限制的，基金管理人不得主动新增流动性受限资产的投资； （11） 本基金与私募类证券资管产品及中国证监会认定的其他主体为交易对手开展逆回 购交易的，可接受质押品的资质要求应当与基金合同约定的投资范围保持一致； （12）本基金资产总值不超过基金资产净值的140%； （13） 本基金投资存托凭证的比例限制依照境内上市交易的股票执行， 与境内上市交易 的股票合并计算； （14）法律,0,0,成本）， 则基金管理人将退还多收取的差额； 如果预先收取的金额低于基金买入证券的实际成本 （或 证券实际结算成本），则基金管理人将向投资者收取欠缺的差额。 2）申购替代金额的处理程序 基金管理人在T 日以收到的替代金额代投资者买入被替代证券。 基金管理人有权根据基 金投资的需要自主决定不买入部分被替代证券， 或者不进行任何买入被替代证券的操作。正 常情况下， 对于确认成功的T 日申购申请，基金管理人根据T 日所购入的被替代证券的实际 单位购入成本 （包括买入价格与相关费用， 折算为人民币） 和未买入的被替代证券T 日收盘 价 （折算为人民币， 被替代证券当日在证券交易所无交易的， 取最近交易日的收盘价； 交易 日无收盘价的， 取最后成交价） 计算被替代证券的单位结算成本， 在此基础上根据替代证券 数量和申购替代金额确定基金应退还投资者或投资者应补交的款项。T+6 日 （指开放日） 内， 基金管理人将应退款或补款的明细及汇总数据发送给登记机构， 登记机构办理现金替代多退 少补资金的清算， 并将结果发送给申购赎回代理券商和结算参与人， 由相关申购赎回代理券 商和结算参与人办理交收。基金管理人可以对交收日期进行相应调整。 如遇港股通临时停市、 港股通交易每日额度不足等特殊情况， 组合证券的代理买入及结 算价格可依次顺延至下一港股通交易日直至交易正常。 如遇证券长期停牌、,0,0,款的清算交 收可按照其复牌后实际交易成本或者基金管理人认为合理的价格办理。 在此期间若该证券发 生除息、送股（转增）、配股等重要权益变动，则进行相应调整。 3）赎回替代金额的处理程序 基金管理人在 T 日根据赎回申请代投资者卖出被替代证券。基金管理人有权根据基金 工银瑞信中证港股通医疗主题交易型开放式指数证券投资基金 招募说明书 40 投资的需要自主决定不卖出部分被替代证券， 或者不进行任何卖出被替代证券的操作。正常 情况下， 对于确认成功的T 日赎回申请， 基金管理人根据T 日所卖出的被替代证券的实际单 位卖出金额 （扣除相关费用， 折算为人民币） 和未卖出的被替代证券的T 日收盘价 （折算为 人民币， 被替代证券当日在证券交易所无交易的， 取最近交易日的收盘价； 交易日无收盘价 的， 取最后成交价） 计算被替代证券的单位结算金额， 在此基础上根据替代证券数量确定赎 回替代金额。T+6 日（指开放日）内，基金管理人将应支付的赎回替代金额的明细及汇总数 据发送给登记机构， 登记机构办理赎回现金替代款的清算， 并将结果发送给申购赎回代理券 商和结算参与人， 由相关申购赎回代理券商和结算参与人办理交收， 当交收期间出现港股通 交易日为非港股通交收日时， 款项交收日期顺延。 基金管理人可以对交收日期进行相应调整。 如遇港股通临时停市等特殊情况， 组合证券的代理卖出及结算,",000+1=1,001份 即投资者需准备1,003元资金，可得到1,000份基金份额。假如该笔认购金额产生利息1 元，则投资者可得1,001份基金份额。 4、清算交收：投资者提交的认购申请，由登记机构进行有效认购款项的清算交收。 5、认购确认：在基金合同生效后，投资者应通过其办理认购的销售网点查询认购确认 情况。 （十二）网下现金认购 1、认购时间详见基金份额发售公告。 2、通过基金管理人进行网下现金认购的认购金额的计算： 通过基金管理人进行网下现金认购的投资人， 认购以基金份额申请， 认购金额的计算公 式为： 认购金额＝认购价格×认购份额 认购总份额＝认购份额＋有效认购资金产生的利息/认购价格 基金管理人办理网下现金认购时不收取认购费用。 通过基金管理人进行网下现金认购款 项在基金募集期间产生的利息， 将折算为基金份额归基金份额持有人所有， 利息折算的份额 保留至整数位，小数部分舍去，舍去部分计入基金财产。 例：某投资人通过基金管理人以网下现金认购方式认购本基金800,000份，不收取认购 费用，假定认购金额产生的利息为100元，则该投资人的认购金额为： 认购金额＝1.00×800,000=800,000元 该投资人所得认购份额为： 认购总份额＝800,000＋100/1.00=800,100份 即某投资人通过基金管理人以网下现金认购方式认购本基"
61,520750,SH,SH,2026-08-28,2026-08-28,临时数据/520750/520750_更新招募说明书_20260828.txt,108285,2,及的基金份额、现金替代、现金差额及其他对价 的清算交收适用上海证券交易所、登记机构相关业务规则以及参与各方相关协 议及其不时修订的有关规定。 本基金申购业务采用实时逐笔全额结算 （RealRTGS）模式；赎回业务涉及的现金替 代采用代收代付处理；申购、赎回 业务涉及的现金差额和现金替代退补款采用代收代付处理。 1）申购的清算交收 投资者T日申购后，如交易记录已勾单且申购资金足额的，登记机构在T日 日间实时办理基金份额及现金替代的交收；T日日间未进行勾单确认或日间资金 不足的，登记机构在 T 日日终根据资金是否足额办理基金份额及现金替代的清 算交收，并将结果发送给基金管理人、申购赎回代理机构和基金托管人。基金 管理人在T+2 日内办理现金差额的清算交收。 2）赎回的清算交收 投资人 T 日提交的赎回申请受理后，由登记机构在 T 日为投资人办理基金 份额的清算和交收，并将结果发送给基金管理人、申购赎回代理券商和基金托 管人。基金管理人在 T+2 日内通过登记机构的代收代付平台办理现金差额的清 算交收。现金赎回替代金额的清算交收由基金管理人和申购赎回代理券商协商 处理。正常情况下，基金管理人不迟于 T+7 日（指开放日）办理赎回替代款项 的交付。 对于因申购赎回代理机构交收资金不足，导致投资人现金申购失败的情形， 按照申,4,1,何交易日内交易（不包括平仓） 的国债期货合约的成交金额不得超过上一交易日基金资产净值的 30%； 5）本基金所持有的股票市值和买入、卖出股指期货合约价值，合计（轧差 计算）应当符合基金合同关于股票投资比例有关约定；本基金所持有的债券 （不含到期日在一年以内的政府债券）市值和买入、卖出国债期货合约价值， 合计（轧差计算）应当符合基金合同关于债券投资比例的有关约定； 6）本基金每个交易日日终在扣除国债期货和股指期货合约需缴纳的交易保 证金后，应当保持不低于交易保证金一倍的现金，现金不包括结算备付金、存 出保证金、应收申购款等； （5）基金财产参与股票发行申购，本基金所申报的金额不超过本基金的总 资产，本基金所申报的股票数量不超过拟发行股票公司本次发行股票的总量； 华富中证港股通信息技术综合交易型开放式指数证券投资基金更新招募说明书 56 （6）本基金资产总值不超过基金资产净值的 140%； （7）本基金主动投资于流动性受限资产的市值合计不得超过本基金资产净 值的 15%；因证券/期货市场波动、上市公司股票停牌、基金规模变动等基金管 理人之外的因素致使基金不符合该比例限制的，基金管理人不得主动新增流动 性受限资产的投资； （8）本基金与私募类证券资管产品及中国证监会认定的其他主体为交易对 手开展逆回购交易的，可接受质押品的资 质要求应当与基金合同约定的,1,0,,1,0,补款的清算交收可按照其复牌后实际交易成本 或者基金管理人认为合理的价格办理。在此期间若该证券发生除息、送股（转 增）、配股等重要权益变动，则进行相应调整。 4）赎回替代金额的处理程序 正常情况下，对于确认成功的T日赎回申请，T日内，基金管理人根据赎回 规模进行组合证券的代理卖出。基金管理人有权根据基金投资的需要自主决定 不卖出部分被替代证券，或者不进行任何卖出被替代证券的操作。基金管理人 根据所卖出的被替代证券的实际单位卖出金额（扣除相关费用，折算为人民币） 和未卖出的被替代证券的 T 日收盘价（折算为人民币；被替代证券 T 日在证券 交易所无交易的，取最近交易日的收盘价；交易日无收盘价的，取最后成交价） 计算被替代证券的单位结算金额，在此基础上根据替代证券数量确定赎回替代 金额。正常情况下，T日后的4个港股通交收日内，基金管理人将应支付的赎回 替代金额与相关申购赎回代理机构办理交收。若发生特殊情况，基金管理人可 以对交收日期进行相应调整。如遇港股通临时停市、港股通交易每日额度或总 额度不足等特殊情况，组合证券的代理卖出及结算价格可依次顺延至下一港股 通交易日直至交易正常。 如遇证券长期停牌、流动性不足等可能导致收盘价或最后成交价不公允的 特殊情况，可参照证券的估值价格，对结算价格进行调整，如果基金管理人认 华富中证港股通信息技术综合交易型开放式指数证券投资基金更,"手续：投资人在认购本基金时，需按发售代理机构的规定，备足认 购资金，办理认购手续。网上现金认购申请提交后，投资人可以在当日交易时 间内撤销指定的认购申请。 5、清算交收：T 日通过发售代理机构提交的网上现金认购申请，由该发售 代理机构冻结相应的认购资金，登记机构进行清算交收并按照相关规则划拨。 6、认购确认：在基金合同生效后，投资人可通过其办理认购的销售网点或 以其提供的其他方式查询认购确认情况。 十一、网下现金认购 1、认购时间：详见基金份额发售公告或相关公告。 2、通过基金管理人进行网下现金认购的认购金额的计算 通过基金管理人进行网下现金认购的投资人，认购以基金份额申请，认购 金额的计算公式为： 认购金额＝认购份额×认购价格 利息折算的份额＝利息/认购价格 认购总份额＝认购份额＋利息折算的份额 网下现金认购的有效认购资金在基金募集期间产生的利息将折算为基金份 额归基金份额持有人所有，利息折算的基金份额保留至整数位，小数部分舍去， 舍去部分计入基金财产，认购款项利息数额以基金管理人的记录为准。 例：某投资人通过基金管理人认购本基金 500,000份，假定认购金额产生的 利息为 100 元，则该投资人的认购金额为： 认购金额＝500,000×1.00=500,000.00 元 利息折算的份额＝100/1.00=100份 投资人所得认购总份额＝500,"
62,513780,SH,SH,2026-06-30,2026-06-30,临时数据/513780/513780_更新招募说明书_20260630.txt,124364,2,购赎回过程中涉及的基金份额、 现金替代、 现金差额及其他对价的清算交收 适用相关业务规则和参与各方相关协议的有关规定及其不时修订的有关规定。 本基金申购业务采用实时逐笔全额结算（Real Time Gross Settlement ，以下简称 RTGS）模式；赎回业务涉及的现金替代可采用代收代付处理；申购、赎回业务涉及的现金 差额和现金替代退补款可采用代收代付处理。 （1）申购的清算交收 投资者T 日现金申购后， 如交易记录已勾单且申购资金足额的， 登记机构在T 日日间 景顺长城中证港股通创新药交易型开放式指数证券投资基金更新招募说明书 41 实时办理基金份额及现金替代的交收；T 日日间未进行勾单确认或日间资金不足的，登记 机构在 T 日日终根据资金是否足额办理基金份额及现金替代的清算交收。基金管理人在 T+1 日内办理现金差额的清算，在T+2 日内办理现金差额的交收。若发生特殊情况，基金 管理人可以对清算交收日期进行相应调整。 （2）赎回的清算交收 投资者 T 日赎回申请受理后，登记机构在 T 日收市后为投资者办理基金份额的清算 交收。 基金管理人在 T+1 日内办理现金差额的清算， 在T+2 日内办理现金差额的交收。 若 发生特殊情况， 基金管理人可以对清算交收日期进行相应调整。 赎回现金替代款将自有效 赎回申,4,1,不卖出部分被替代证券，或者不进行任 何买入或卖出证券的操作，基金管理人可能不买入或不卖出被替代证券的情形包括但不限于市场流动性 不足、技术系统无法实现、申购赎回轧差以及基金管理人认为不应该买入或卖出的其他情形。 （十六）本基金的标的指数为中证港股通创新药指数。 标的指数相关信息请详见本招募说明书“二十五、标的指数的编制方案及指数信息查阅方式”。 （十七）基金管理人深知个人信息对投资者的重要性，致力于投资者个人信息的保护。基金管理人 承诺按照法律法规和相关监管要求的规定处理投资者的个人信息，包括通过基金管理人直销、销售机构 或场内经纪机构购买景顺长城基金管理有限公司旗下基金产品的所有个人投资者。基金管理人需处理的 机构投资者信息中可能涉及其法定代表人、受益所有人、经办人等个人信息，也将遵守上述承诺进行处 理。 （十八）为充分维护投资者利益，本基金管理人已对文件所载重要提示（如有）及风险揭示章节相 关内容予以补充说明。除上述事项外，本招募说明书所载内容截止日为 2026 年 3 月 31 日。如本基金发 生重大期后事项的，本招募说明书也对相应内容进行了更新。本更新招募说明书中财务数据未经审计。 景顺长城中证港股通创新药交易型开放式指数证券投资基金更新招募说明书 目录 一、绪言 ................................ ....,1,0,要确定和调整现金替代溢价比例， 具体的现金 替代溢价比例以申购赎回清单公告为准。 景顺长城中证港股通创新药交易型开放式指数证券投资基金更新招募说明书 44 3）申购替代金额的处理程序 对于确认成功的 T 日申购申请，基金管理人有权在 T 日内任意时刻以收到的申购替 代金额代投资者买入小于等于被替代组合证券数量的任意数量的被替代组合证券。 基金管 理人有权根据基金投资运作情况自主决定不买入部分被替代组合证券， 或者不进行任何买 入证券的操作。T 日， 基金管理人在申购赎回清单中公布现金替代溢价比例， 并据此收取 申购替代金额。正常情况下，对于确认成功的 T 日申购申请，基金管理人根据 T 日所购 入的被替代证券的实际单位购入成本 （包括买入价格与相关费用，折算为人民币）和未买 入的被替代证券 T 日收盘价 （折算为人民币， 折算汇率采用当天的估值汇率； 被替代证券 当日在证券交易所无交易的， 取最近交易日的收盘价； 交易日无收盘价的， 取最后成交价） 计算被替代证券的单位结算成本， 在此基础上根据替代证券数量和申购替代金额确定基金 应退还投资人或投资人应补交的款项。T 日后的三个港股通交易日内，基金管理人将应退 款或补款与相关申购赎回代理券商办理交收， 当交收期间出现港股通交易日为非港股通交 收日时， 款项交收日期顺延。 若发生特殊情况， 基金管理人可以对交收日期进,1,0,该证券对应的 现金替代退补款的清算交收可在其复牌后按照实际交易成本办理。 在此期间若该证券发生 除息、送股（转增）、配股等重要权益变动，则进行相应调整。 4）赎回替代金额的处理程序 对于确认成功的 T 日赎回申请，基金管理人有权在 T 日内任意时刻代投资者卖出小 于等于被替代证券数量的任意数量的被替代证券。 基金管理人有权根据基金投资的需要自 主决定不卖出部分被替代组合证券，或者不进行任何卖出证券的操作。正常情况下， 对于 确认成功的 T 日赎回申请，基金管理人根据 T 日所卖出的被替代证券的实际单位卖出金 额 （扣除相关费用， 折算为人民币） 和未卖出的被替代证券的T 日收盘价 （折算为人民币， 折算汇率采用当天的估值汇率； 被替代证券当日在证券交易所无交易的， 取最近交易日的 收盘价；交易日无收盘价的，取最后成交价）计算被替代证券的单位结算金额，在此基础 上根据替代证券数量确定赎回替代金额。T 日后的第三个港股通交易日后的两个工作日内， 基金管理人将应支付的赎回替代金额与相关申购赎回代理券商办理交收， 当交收期间出现 港股通交易日为非港股通交收日时，款项交收日期顺延。若发生特殊情况， 基金管理人可 以对交收日期进行相应调整。 如遇港股通临时停市等特殊情况， 组合证券的代理卖出及结算价格可依次顺延至下一 港股通交易日直至交易正常。 如遇证券长期停牌、 流动性不,价、赎回对价包括现金替代、现金差额及其他对价。 （八）基金合同生效后，若上海证券交易所和中国证券登记结算有限责任公司针对交易型开放式指 数证券投资基金调整现有的清算交收与登记模式或推出新的清算交收与登记模式并引入新的申购、赎回 方式，本基金管理人有权调整本基金的清算交收与登记模式及申购、赎回方式，或新增本基金的清算交 收与登记模式并引入新的申购、赎回方式，届时将发布公告予以披露并在招募说明书及其更新中予以更 新，无须召开基金份额持有人大会审议。 （九）投资人在投资本基金前，请认真阅读本招募说明书，全面认识本基金产品的风险收益特征和 产品特性，充分考虑自身的风险承受能力，理性判断市场，对认购和/或申购基金的意愿、时机、数量 等投资行为作出独立决策，获得基金投资收益，亦承担基金投资中出现的各类风险。投资本基金可能遇 到的风险包括但不限于：市场风险、信用风险、管理风险、流动性风险、操作或技术风险、合规风险、 本基金的特有风险和其他风险等。本基金特有风险包括：标的指数回报与股票市场平均回报偏离的风 险、标的指数波动的风险、基金投资组合回报与标的指数回报偏离的风险及跟踪误差控制未达约定目标 的风险、标的指数变更的风险、指数编制机构停止服务风险、成份股停牌的风险、招募说明书中指数编 制方案简述未及时更新的风险、基金份额二级市场交易价格折溢价的风险、参考 IOPV 决策
63,159185,SZ,SZ,,2026-03-13,临时数据/159185/159185_招募说明书_20260313.txt,112849,1,基 金 现 金 申 购 业 务 中 的 现 金 替 代 采 用 实 时 逐 笔 全 额 结 算 （ Real Time Gross Settlement，简称RTGS）模式；赎回业务涉及的现金替代采用代收代付处理；申购、赎回业 务涉及的现金差额和现金替代退补款采用代收代付处理。 （1）申购的清算交收 投资者T日提交的申购申请受理后，如交易记录已勾单且申购资金足额的，登记机构在T 日日间实时办理基金份额及现金替代的交收；T日日间未进行勾单确认或日间资金不足的， 登记机构在T日日终根据资金是否足额办理基金份额及现金替代的清算交收，并将结果发送 鹏华中证港股通信息技术综合交易型开放式指数证券投资基金招募说明书 38 给基金管理人、申购赎回代理券商和基金托管人。基金管理人与申购赎回代理券商在T+2日 办理现金差额的交收。 （2）赎回的清算交收 投资者T日提交的赎回申请受理后，登记机构在T日收市后为投资者办理基金份额的交收， 并将结果发送给申购赎回代理券商、基金管理人和基金托管人。基金管理人与申购赎回代理 券商在T+2日办理现金差额的交收。 赎回替代金额的清算交收由基金管理人和申购赎回代理券商协商处理。正常情况下，该 款项的清算交收自有效赎回申请之日起7个工作日内办理。如遇国家外汇管理局相关规定有 变更或本基金主要投资,5,1,%；本基金在任何交易日日终，持有的卖出国债期货合约价值不得超过基金持有的 债券总市值的 30%； d.本基金所持有的股票市值和买入、卖出股指期货合约价值，合计（轧差计算）应当符 合基金合同关于股票投资比例的有关约定；本基金所持有的债券（不含到期日在一年以内的 政府债券）市值和买入、卖出国债期货合约价值，合计（轧差计算）应当符合基金合同关于 鹏华中证港股通信息技术综合交易型开放式指数证券投资基金招募说明书 53 债券投资比例的有关约定； e.本基金在任何交易日内交易（不包括平仓）的股指期货合约的成交金额不得超过上一 交易日基金资产净值的 20%；本基金在任何交易日内交易（不包括平仓）的国债期货合约的 成交金额不得超过上一交易日基金资产净值的 30%； f.本基金每个交易日日终在扣除股指期货、国债期货和股票期权合约需缴纳的交易保证 金后，应当保持不低于交易保证金一倍的现金，其中现金不包括结算备付金、存出保证金、 应收申购款等； （10）若本基金参与股票期权交易，需遵守下列投资比例限制： a.因未平仓的期权合约支付和收取的权利金总额不得超过基金资产净值的 10%； b.开仓卖出认购期权的，应持有足额标的证券；开仓卖出认沽期权的，应持有合约行权 所需的全额现金或交易所规则认可的可冲抵期权保证金的现金等价物； c.未平仓的期权合约面值不得超过基金资产净值的,2,0,管理人将 向投资者收取欠缺的差额。 基金管理人可以根据市场情况和实际需要确定和调整申购现金替代保证金率，具体的申 购现金替代保证金率以申购赎回清单公告为准。 ③申购替代金额的处理程序 T日，基金管理人在申购赎回清单中公布申购现金替代保证金率，并据此收取申购替代 金额。 对于确认成功的T日申购申请，通常情况下T日内基金管理人根据申购规模进行组合证券 的代理买入。基金管理人有权在T日内任意时刻以收到的替代金额代投资者买入小于等于被 替代证券数量的任意数量的被替代证券。基金管理人有权根据基金投资的需要自主决定不买 鹏华中证港股通信息技术综合交易型开放式指数证券投资基金招募说明书 41 入部分被替代证券，或者不进行任何买入证券的操作，基金管理人可能不买入被替代证券的 情形包括但不限于市场流动性不足、技术系统无法实现以及基金管理人认为不应买入的其他 情形。T日日终，基金管理人根据所购入的被替代证券的实际单位购入成本（包括买入价格 与相关费用，折算为人民币）和未买入的被替代证券的T日收盘价（折算为人民币，折算汇 率采用基金管理人和基金托管人商定的汇率公允价，汇率公允价包括中国人民银行或其授权 机构公布的人民币汇率中间价、中国外汇交易中心参考汇率、中国外汇交易中心收盘价、与 基金托管人商定的其他公允价格等；当日在证券交易所无交易的，取最近交易日的收盘价； 当日无收盘价的，取最后,2,0,股等重要权益变动，则进行相应调整。 ④赎回对应的替代金额 赎回时，对于可以现金替代的证券，替代金额为扣除相关费用后的该证券的卖出价值（或 证券实际结算价值） ⑤赎回替代金额的处理程序 对于确认成功的T日赎回申请，通常情况下T日内基金管理人根据赎回规模进行组合证券 的代理卖出。基金管理人有权在T日内任意时刻卖出小于等于被替代证券数量的任意数量的 被替代证券。基金管理人有权根据基金投资的需要自主决定不卖出部分被替代证券，或者不 进行任何卖出证券的操作，基金管理人可能不卖出被替代证券的情形包括但不限于市场流动 性不足、技术系统无法实现以及基金管理人认为不应卖出的其他情形。T日日终，基金管理 人根据所卖出的被替代证券的实际单位卖出金额（扣除相关费用，折算为人民币）和未卖出 的被替代证券的T日收盘价（折算为人民币，折算汇率采用基金管理人和基金托管人商定的 汇率公允价，汇率公允价包括中国人民银行或其授权机构公布的人民币汇率中间价、中国外 汇交易中心参考汇率、中国外汇交易中心收盘价、与基金托管人商定的其他公允价格等；当 日在证券交易所无交易的，取最近交易日的收盘价；当日无收盘价的，取最后成交价）计算 鹏华中证港股通信息技术综合交易型开放式指数证券投资基金招募说明书 42 被替代证券的单位结算金额，在此基础上根据替代证券数量确定赎回替代金额。正常情况下， T日后的第3个港股通交易,"。 4、认购手续：投资人在认购本基金时，需按发售代理机构的规定，备足认购资金，办 理认购手续。投资人可多次申报，不可撤单，申报一经确认，认购资金即被冻结。 5、清算交收：投资人提交的认购申请，由登记机构进行有效认购款项的清算交收。 6、认购确认：在基金合同生效后，投资人可通过其办理认购的销售网点查询认购确认 情况。 十、网下现金认购 1、认购时间：详见基金份额发售公告。 2、认购金额的计算： 通过基金管理人进行网下现金认购的投资人，认购以基金份额申请，基金管理人不收取 认购费用，认购金额和利息折算的份额的计算公式为： 认购金额＝认购价格×认购份额 利息折算的份额＝利息/认购价格 鹏华中证港股通信息技术综合交易型开放式指数证券投资基金招募说明书 30 网下现金认购款项在基金募集期产生的利息将折算为基金份额归投资人所有，利息折算 的份额以基金管理人的记录为准。利息折算的份额保留至整数位，小数部分舍去，舍去部分 计入基金财产。 例二：某投资人通过基金管理人以网下现金认购方式认购 100,000 份本基金，假设认购 资金募集期间产生的利息为 20.00 元，则需准备的认购资金金额及募集期间利息折算的份额 计算如下： 认购金额＝1.00×100,000＝100,000.00 元 利息折算的份额＝20.00/1.00＝20 份 即投资人需准备 100,000.0"
64,513980,SH,SH,2026-06-30,2026-06-30,临时数据/513980/513980_更新招募说明书_20260630.txt,133319,2,登记 本基金申购赎回过程中涉及的基金份额、现金替代、现金差额及其他对价 的清算交收适用相关业务规则和参与各方相关协议及其不时修订的有关规定。 本基金申购业务采用实时逐笔全额结算 （Real Time Gross Settlement， 以下 简称 RTGS）模式；赎回业务涉及的现金替代可采用代收代付处理；申购、赎 回业务涉及的现金差额和现金替代退补款可采用代收代付处理。 （1）申购的清算交收 投资者T日现金申购后，如交易记录已勾单且申购资金足额的，登记机构 在T日日间实时办理基金份额及现金替代的交收；T日日间未进行勾单确认或 日间资金不足的，登记机构在T日日终根据资金是否足额办理基金份额及现金 替代的清算交收，并将结果发送给基金管理人、申购赎回代理券商和基金托 管人。基金管理人在T+1日内办理现金差额的清算，在T+2日内办理现金差额 的交收。若发生特殊情况，基金管理人可以对清算交收日期进行相应调整。 （2）赎回的清算交收 投资者 T 日赎回申请受理后，登记机构在 T 日收市后为投资者办理基金 份额的清算交收。基金管理人在 T+1 日内办理现金差额的清算，在 T+2 日内 通过登记机构的代收代付平台办理现金差额的交收。若发生特殊情况，基金管 理人可以对清算交收日期进行相应调整。赎回现金替代款将自有效赎回申请之 日起,2,1,出部分被替代证券， 或者不进行任何买入或卖出证券的操 作， 基金管理人可能不买入或不卖出被替代证券的情形包括但不限于市场流动 性不足、技术系统无法实现、申购赎回轧差以及基金管理人认为不应该买入或 卖出的其他情形。 （十三）基金管理人深知个人信息对投资者的重要性，致力于投资者个 人信息的保护。基金管理人承诺按照法律法规和相关监管要求的规定处理投 资者的个人信息，包括通过基金管理人直销、销售机构或场内经纪机构购买 景顺长城基金管理有限公司旗下基金产品的所有个人投资者。基金管理人需 处理的机构投资者信息中可能涉及其法定代表人、受益所有人、经办人等个 人信息，也将遵守上述承诺进行处理。 （十四）为充分维护投资者利益， 本基金管理人已对文件所载重要提示 （如 有）及风险揭示章节相关内容予以补充说明。除此之外，本招募说明书所载内 容截止日为2025 年 9 月 30 日。如本基金发生重大期后事项的，本招募说明书 也对相应内容进行了更新。本更新招募说明书中财务数据未经审计。 景顺长城中证港股通科技交易型开放式指数证券投资基金招募说明书更新 目录 一、绪言 ................................ ........................ 1 二、释义 ................................ ......,1,0,则基金管理人将向投资 者收取欠缺的差额。 基金管理人可以根据市场情况和实际需要确定和调整现金替代溢价比例， 具体的现金替代溢价比例以申购赎回清单公告为准。 3）申购替代金额的处理程序 对于确认成功的 T 日申购申请， 基金管理人有权在T 日内任意时刻以收到 的申购替代金额代投资者买入小于等于被替代组合证券数量的任意数量的被 替代组合证券。 基金管理人有权根据基金投资运作情况自主决定不买入部分被 替代组合证券，或者不进行任何买入证券的操作。 T 日， 基金管理人在申购赎回清单中公布现金替代溢价比例， 并据此收取 申购替代金额。 正常情况下， 对于确认成功的T 日申购申请， 基金管理人根据 T 日所购入的被替代证券的实际单位购入成本（包括买入价格与相关费用，折 算为人民币）和未买入的被替代证券 T 日收盘价（折算为人民币，折算汇率采 用当天的估值汇率；被替代证券当日在证券交易所无交易的，取最近交易日的 收盘价； 交易日无收盘价的，取最后成交价） 计算被替代证券的单位结算成本， 在此基础上根据替代证券数量和申购替代金额确定基金应退还投资人 或投资 人应补交的款项。T 日后的三个港股通交易日内，基金管理人将应退款或补款 与相关申购赎回代理券商办理交收， 当交收期间出现港股通交易日为非港股通 交收日时，款项交收日期顺延。若发生特殊情况，基金管理人可以对交收日期 进行相应调整,1,1,，该证券对应的现金替代退补款的 清算交收可在其复牌后按照实际交易成本办理。在此期间若该证券发生除息、 送股（转增） 、配股等重要权益变动，则进行相应调整。 4）赎回替代金额的处理程序 对于确认成功的 T 日赎回申请，基金管理人有权在 T 日内任意时刻代投 资者卖出小于等于被替代证券数量的任意数量的被替代证券。 基金管理人有权 根据基金投资的需要自主决定不卖出部分被替代组合证券， 或者不进行任何卖 出证券的操作。正常情况下，对于确认成功的 T 日赎回申请，基金管理人根据 T 日所卖出的被替代证券的实际单位卖出金额 （扣除相关费用， 折算为人民币） 和未卖出的被替代证券的 T 日收盘价 （折算为人民币，折算汇率采用当天的估 值汇率；被替代证券当日在证券交易所无交易的，取最近交易日的收盘价；交 易日无收盘价的，取最后成交价）计算被替代证券的单位结算金额，在此基础 上根据替代证券数量确定赎回替代金额。T 日后的第三个港股通交易日后的两 个工作日内， 基金管理人将应支付的赎回替代金额与相关申购赎回代理券商办 理交收，当交收期间出现港股通交易日为非港股通交收日时，款项交收日期顺 延。若发生特殊情况，基金管理人可以对交收日期进行相应调整。 如遇港股通临时停市等特殊情况， 组合证券的代理卖出及结算价格可依次 顺延至下一港股通交易日直至交易正常。如遇证券长期停牌、流动性不足等可 能,技交易型开放式指数证券投资基金招募说明书更新 赎回模式， 申购对价、 赎回对价包括组合证券、 现金替代、 现金差额和/或其他 对价。 投资人当日申购的基金份额，清算交收完成后方可卖出和赎回。在目前的 结算规则下， 如投资人交易记录已勾单且申购资金足额的， 登记机构在T 日日 间实时办理基金份额及现金替代的交收，则 T 日日间交收成功后，T 日可卖出 和赎回。T 日日间未进行勾单确认或日间资金不足的，T 日日终交收成功后， T+1 日可卖出和赎回。T 日买入的基金份额，T 日可以赎回或卖出。本基金的 申购赎回遵守相关业务规则。上海证券交易所、登记机构、基金管理人及销售 机构对相关业务规则不时做出修订。 投资人认购本基金时需具有上海证券账户，上海证券账户是指上海证券 交易所A 股账户或基金账户。上海证券交易所证券投资基金账户只能进行基金 份额的现金认购和二级市场交易，如投资人需要参与基金的申购、赎回，则应 开立上海证券交易所 A 股账户。 （七） 本基金投资中证港股通科技指数成份股及备选成份股的资产不低于 基金资产净值的 90%且不低于非现金基金资产的 80％，其投资目标为紧密跟 踪标的指数，追求跟踪偏离度和跟踪误差最小化，以期获得与标的指数收益相 似的回报。本基金投资于证券市场，基金净值会因为证券市场波动等因素产生 波动， 投资人根据所持有的基金份额享
65,520510,SH,SH,2026-06-30,2026-06-30,临时数据/520510/520510_更新招募说明书_20260630.txt,114592,2,本基金申购赎回过程中涉及的基金份额、 现金替代、 现金差额及其他对价的清算交收适 用相关业务规则和参与各方相关协议及其不时修订的有关规定。 本基金申购业务采用实时逐笔全额结算（Real Time Gross Settlement，以下简称 RTGS） 模式； 赎回业务涉及的现金替代可采用代收代付处理； 申购、 赎回业务涉及的现金差额和现 金替代退补款可采用代收代付处理。 1）申购的清算交收 投资者 T 日现金申购后，如交易记录已勾单且申购资金足额的，登记机构在 T 日日间 实时办理基金份额及现金替代的交收；T 日日间未进行勾单确认或日间资金不足的， 登记机 构在 T 日日终根据资金是否足额办理基金份额及现金替代的清算交收，并将结果发送给基 金管理人、 申购赎回代理机构和基金托管人。 基金管理人在T+2 日内办理现金差额的交收。 2）赎回的清算交收 投资者 T 日赎回申请受理后，登记机构在 T 日收市后为投资者办理基金份额的清算交 收。基金管理人在 T+2 日内通过登记机构的代收代付平台办理现金差额的交收。 正常情况下， 基金管理人不迟于T+7 日 （指开放日） 办理赎回替代款项的交付。 但如果 出现基金投资市场交易清算规则发生较大变化、 基金赎回数额较大或组合证券内的部分证券 因停牌、流动性不足或其他原因导致无法,1,1,部分被替代证券， 或者不进行任何买入或卖出证券的操作， 基金管 理人可能不买入或不卖出被替代证券的情形包括但不限于市场流动性不足、技术系统无法 实现、 申购赎回轧差以及基金管理人认为不应买入或卖出的其他情形，因此投资者需承受可 能当天无法完成所有证券买卖、未完成买卖部分按收盘价结算等风险。 14、基金收益分配后基金份额净值低于面值的风险 基于本基金的性质和特点， 本基金收益分配不以弥补亏损为前提， 收益分配后可能存在 基金份额净值低于面值的风险。 15、第三方机构服务的风险 基金的多项服务委托第三方机构办理，存在以下风险： （1） 申购赎回代理机构因多种原因， 导致代理申购、 赎回业务受到限制、 暂停或终止， 由此影响对投资者申购赎回服务的风险。 （2）登记机构可能调整结算制度，如实施货银对付制度，对投资者基金份额、组合证 券及资金的结算方式发生变化， 制度调整可能给投资者带来理解偏差的风险。 同样的风险还 可能来自于证券交易所及其他代理机构。 （3）证券交易所、登记机构、基金托管人、申购赎回代理机构及其他代理机构可能违 约，导致基金或投资者利益受损的风险。 （三）声明 1、本基金未经任何一级政府、机构及部门担保。投资者自愿投资于本基金，须自行承 担投资风险。 2、除基金管理人直接办理本基金的销售外，本基金或还通过销售机构销售，但是，本 基金并不,1,0,（需按照 T-1 日中国人民银行最新公布的人民币对港币的 汇率中间价调整为人民币价格）。 （3）可以现金替代 ①适用情形：基金管理人认为需要在投资者申购或赎回时代投资者买入或卖出证券。 华夏中证港股通医疗主题交易型开放式指数证券投资基金招募说明书（更新） 44 ②替代金额： 对于可以现金替代的证券，替代金额的计算公式为： 申购的替代金额＝替代证券数量×该证券调整后 T 日开盘参考价×T-1 日中国人民银行 最新公布的人民币对港币的汇率中间价×（1+申购现金替代溢价比例） 。 收取现金替代溢价的原因是， 基金管理人需要在收到申购确认信息后， 在香港市场买入 组合证券， 实际结算成本与替代金额可能有所差异。 为便于操作， 基金管理人在申购赎回清 单中预先确定现金替代溢价比例， 并据此收取替代金额。如果预先收取的替代金额高于购入 该部分证券的实际结算成本，则基金管理人将退还多收取的差额；如果预先收取的替代金额 低于购入该部分证券的实际结算成本，则基金管理人将向投资者收取欠缺的差额。 ③替代金额的处理程序 【1】申购替代金额的处理程序 基金管理人在 T 日内以收到的替代金额代投资者买入被替代证券。T 日日终， 基金管理 人根据所购入的被替代证券的实际单位购入成本 （包括买入价格与相关费用） 和未买入的被 替代证券的 T 日收盘价 （折算为人民币， 折算汇率采用当,1,0,（需按照 T-1 日中国人民银行最新公布的人民币对港币的 汇率中间价调整为人民币价格）。 （3）可以现金替代 ①适用情形：基金管理人认为需要在投资者申购或赎回时代投资者买入或卖出证券。 华夏中证港股通医疗主题交易型开放式指数证券投资基金招募说明书（更新） 44 ②替代金额： 对于可以现金替代的证券，替代金额的计算公式为： 申购的替代金额＝替代证券数量×该证券调整后 T 日开盘参考价×T-1 日中国人民银行 最新公布的人民币对港币的汇率中间价×（1+申购现金替代溢价比例） 。 收取现金替代溢价的原因是， 基金管理人需要在收到申购确认信息后， 在香港市场买入 组合证券， 实际结算成本与替代金额可能有所差异。 为便于操作， 基金管理人在申购赎回清 单中预先确定现金替代溢价比例， 并据此收取替代金额。如果预先收取的替代金额高于购入 该部分证券的实际结算成本，则基金管理人将退还多收取的差额；如果预先收取的替代金额 低于购入该部分证券的实际结算成本，则基金管理人将向投资者收取欠缺的差额。 ③替代金额的处理程序 【1】申购替代金额的处理程序 基金管理人在 T 日内以收到的替代金额代投资者买入被替代证券。T 日日终， 基金管理 人根据所购入的被替代证券的实际单位购入成本 （包括买入价格与相关费用） 和未买入的被 替代证券的 T 日收盘价 （折算为人民币， 折算汇率采用当天的估,构提供的评级结果为准。 本基金为交易型开放式指数证券投资基金 （ETF） ， 在上海证券交易所上市。 由于本基金 的标的指数组合证券为香港交易所证券，基金份额的清算交收与境内普通 ETF 存在一定差 异。 通常情况下， 投资者申购的基金份额， 清算交收完成后方可卖出和赎回。 投资者认购本 基金时需具有上海证券账户， 但需注意， 使用基金账户只能参与本基金的现金认购和二级市 华夏中证港股通医疗主题交易型开放式指数证券投资基金招募说明书（更新） 2 场交易， 如投资者需要参与基金的申购、 赎回， 则应使用A 股账户。 本基金以人民币募集和 计价， 本基金可投资于香港市场以港币计价的金融工具， 人民币对港币的汇率的波动可能加 大基金净值的波动，从而对基金业绩产生一定影响。 本基金可投资存托凭证，基金净值可能受到存托凭证的境外基础证券价格波动影响， 存 托凭证的境外基础证券的相关风险可能直接或间接成为本基金的风险。 本基金可投资于股票期权、 股指期货、 国债期货等金融衍生品， 可能面临的风险包括市 场风险、 流动性风险、 基差风险、 保证金风险、 信用风险、 操作风险等。 本基金可投资于资 产支持证券， 可能面临的风险包括信用风险、 利率风险、 流动性风险、 提前偿付风险、 操作 风险和法律风险等。 本基金可参与转融通证券出借业务， 面临的风险包括但不限于流
66,159169,SZ,SZ,2026-07-06,2026-07-06,临时数据/159169/159169_更新招募说明书_20260706.txt,99489,6,相关的交收方式已经认可。 根据本基金现行适用的清算交收和申赎处理规则，投资者当日申购的基金份额，清算交 收完成后方可卖出和赎回，即T日申购的ETF份额且日间完成RTGS（实时逐笔全额结算）交 收，T日可卖出与赎回， 而T日申购的ETF份额且日终完成逐笔全额非担保交收的，T+1日方可 卖出和赎回；T日竞价买入的基金份额，T日可以卖出或赎回。由于登记结算机构对现金替代 采取非净额结算交收模式，当投资者赎回申请被登记结算机构确认后，被赎回的基金份额即 被记减，但此时投资者尚未收到赎回现金替代款。 投资者投资本基金时需具有证券账户，证券账户是指深圳证券交易所 A股账户或深圳证 券交易所证券投资基金账户。 本基金以1元初始面值进行募集，在市场波动等因素的影响下，存在单位份额净值跌破 1 元初始面值的风险。基金管理人提醒投资人基金投资的“买者自负”原则，在投资人作出投 资决策后，基金运营状况与基金净值变化引致的投资风险，由投资人自行负责。 投资人在进行投资决策前，请仔细阅读本基金的《招募说明书》、基金产品资料概要及 《基金合同》，自主判断基金的投资价值，自主做出投资决策，自行承担投资风险。 基金的过往业绩并不预示其未来表现，基金管理人管理的其他基金的业绩并不构成对本 基金表现的保证。 本次更新的招募说明书主要对基金管理人、,4,1,股指期货合约、国债期货合约、股票期权合约需缴纳的交易保证金后，应当保持不 低于交易保证金一倍的现金；本基金所持有的股票市值和买入、卖出股指期货合约价值，合 计（轧差计算）应当符合基金合同关于股票投资比例的有关约定； （3） 本基金投资于同一原始权益人的各类资产支持证券的比例， 不得超过基金资产净值 的 10%； （4）本基金持有的全部资产支持证券，其市值不得超过基金资产净值的 20%； （5）本基金主动投资于流动性受限资产的市值合计不得超过基金资产净值的15%，因证 券市场波动、上市公司股票停牌、基金规模变动等基金管理人之外的因素致使基金不符合该 比例限制的，基金管理人不得主动新增流动性受限资产的投资； （6）本基金持有的同一（指同一信用级别）资产支持证券的比例，不得超过该资产支持 证券规模的 10%； （7） 本基金管理人管理的全部基金投资于同一原始权益人的各类资产支持证券， 不得超 过其各类资产支持证券合计规模的 10%； （8）本基金应投资于信用级别评级为BBB 以上（含BBB）的资产支持证券。基金持有资 产支持证券期间，如果其信用等级下降、不再符合投资标准，应在评级报告发布之日起 3 个 月内予以全部卖出； （9） 基金财产参与股票发行申购， 本基金所申报的金额不超过本基金的总资产， 本基金 所申报的股票数量不超过拟发行股票公司本次发行股,1,0,际成本，则基金管理人将向投资者收取欠 缺的差额。 基金管理人可以根据市场情况和实际需要调整现金替代溢价比例，具体的现金替代溢价 比例以申购赎回清单公告为准。 ③申购替代金额的处理程序 T 日，基金管理人在申购赎回清单中公布现金替代溢价比例，并据此收取替代金额。对 于确认成功的 T 日申购申请，在 T 日内，基金管理人以收到的替代金额代投资者买入被替代 证券。在 T 日日终，基金管理人已买入的证券，依据替代金额与被替代证券的实际买入成本 （包括买入价格与相关交易费用）的差额，确定基金应退还投资者或投资者应补交的款项； 未买入的证券，依据替代金额与被替代证券 T 日收盘价（需用最新汇率折算为人民币，当日 在证券交易所无交易的， 取最近交易日的收盘价， 当日无收盘价的， 取最后成交价） 的差额， 33 确定基金应退还投资者或投资者应补交的款项。 正常情况下，T+3 日（指港股通交易日）内，基金管理人将应退款和补款的明细及汇总 数据发送给相关申购赎回代理机构和基金托管人，相关款项的清算交收将于此后 3 个工作日 内完成。 如遇港股通临时停市、港股通交易每日额度或总额度不足等特殊情况，组合证券的代理 买入及结算价格可依次顺延至下一港股通交易日直至交易正常。如遇证券长期停牌、流动性 不足等特殊情况，可参照证券的估值价格对结算价格进行调整，如果基金管理人认为该证券 复牌后的价格,1,2,中心正式对外发文后公布的人民币兑主要外 汇当日收盘价）等。 ④赎回对应的替代金额的处理程序 对于确认成功的 T 日赎回申请，在 T 日内，基金管理人根据赎回申请代投资者卖出被替 代证券。在 T 日日终，基金管理人已卖出的证券，按照被替代证券的实际卖出金额（扣除相 关费用）确定基金应支付的替代金额；未卖出的证券，按照被替代证券 T 日收盘价（需用最 新汇率折算为人民币，当日在证券交易所无交易的，取最近交易日的收盘价，当日无收盘价 的，取最后成交价）确定基金应支付给投资者的替代金额。 正常情况下，T+7 日（指港股通交易日）内，基金管理人将应支付的替代金额的明细及 汇总数据发送给登记结算机构，登记结算机构办理现金替代资金的清算，并将结果发送给相 关申购赎回代理机构和基金托管人，相关款项的清算交收将于此后 3 个工作日内完成。 如遇港股通临时停市等特殊情况，组合证券的代理卖出及结算价格可依次顺延至下一港 股通交易日直至交易正常。如遇证券长期停牌、流动性不足等特殊情况，可参照证券的估值 价格，对结算价格进行调整，如果基金管理人认为该证券复牌后的价格可能存在较大波动， 且可能对基金资产净值产生较大影响，为了更好的维护持有人利益，该证券对应的现金替代 款的清算交收可在其复牌后按照实际交易成本办理。 在此期间若该证券发生除息、送股（转增） 、配股等重要权益变动，则进行,回本基 金，即表示对基金认购、申购和赎回所涉及的基金份额的证券变更登记方式以及申购赎回所 涉及现金替代、现金差额等相关的交收方式已经认可。 根据本基金现行适用的清算交收和申赎处理规则，投资者当日申购的基金份额，清算交 收完成后方可卖出和赎回，即T日申购的ETF份额且日间完成RTGS（实时逐笔全额结算）交 收，T日可卖出与赎回， 而T日申购的ETF份额且日终完成逐笔全额非担保交收的，T+1日方可 卖出和赎回；T日竞价买入的基金份额，T日可以卖出或赎回。由于登记结算机构对现金替代 采取非净额结算交收模式，当投资者赎回申请被登记结算机构确认后，被赎回的基金份额即 被记减，但此时投资者尚未收到赎回现金替代款。 投资者投资本基金时需具有证券账户，证券账户是指深圳证券交易所 A股账户或深圳证 券交易所证券投资基金账户。 本基金以1元初始面值进行募集，在市场波动等因素的影响下，存在单位份额净值跌破 1 元初始面值的风险。基金管理人提醒投资人基金投资的“买者自负”原则，在投资人作出投 资决策后，基金运营状况与基金净值变化引致的投资风险，由投资人自行负责。 投资人在进行投资决策前，请仔细阅读本基金的《招募说明书》、基金产品资料概要及 《基金合同》，自主判断基金的投资价值，自主做出投资决策，自行承担投资风险。 基金的过往业绩并不预示其未来表现，基金管理人管理的其他基金的
67,513120,SH,SH,2026-07-06,2026-07-06,临时数据/513120/513120_更新招募说明书_20260706.txt,110095,6,价格折溢价的风险。 根据本基金现行适用的清算交收和申赎处理规则，投资者当日申购的基金份额，清算交 收完成后方可卖出和赎回，即T 日申购的ETF 份额且日间完成 RTGS（实时逐笔全额结算）交 收，T 日可卖出与赎回， 而T 日申购的 ETF 份额且日终完成逐笔全额非担保交收的，T+1 日方 可卖出和赎回；T 日买入的基金份额，T 日可以赎回或卖出。 投资者投资本基金时需具有证券 账户，证券账户是指上海证券交易所 A 股账户或上海证券交易所证券投资基金账户。 本基金以 1 元初始面值进行募集，在市场波动等因素的影响下，存在单位份额净值跌破 1 元初始面值的风险。 基金管理人提醒投资人基金投资的 “买者自负” 原则， 在投资人作出投 资决策后，基金运营状况与基金净值变化引致的投资风险，由投资人自行负责。 本基金由广发基金管理有限公司独立管理，未聘请境外投资顾问。 投资人在进行投资决策前， 请仔细阅读本基金的 《招募说明书》 、 基金产品资料概要及 《基 金合同》 ，自主判断基金的投资价值，自主做出投资决策，自行承担投资风险。 基金的过往业绩并不预示其未来表现，基金管理人管理的其他基金的业绩并不构成对本 基金表现的保证。 本次更新的招募说明书主要对基金管理人、基金托管人、财务数据、净值表现、其他应 披露事项等信息进行,1,1,购）等；在任何交易日日终，持有的卖出期货合约价值不得超过基金持有的股票及存托凭 证总市值的 20%；持有的股票及存托凭证市值和买入、卖出股指期货合约价值，合计（轧差 计算）应当符合基金合同关于股票及存托凭证投资比例的有关约定；在任何交易日内交易 （不包括平仓）的股指期货合约的成交金额不得超过上一交易日基金资产净值的 20%；每个 交易日日终在扣除股指期货合约需缴纳的交易保证金后，应当保持不低于交易保证金一倍的 现金； 9）本基金基金总资产不得超过基金净资产的 140%； 10）本基金参与转融通证券出借业务的，应当符合下列要求：最近 6 个月内日均基金资 产净值不得低于 2 亿元；参与转融通证券出借业务的资产不得超过基金资产净值的 30%，其 中出借期限在10 个交易日以上的出借证券归为流动性受限资产；参与转融通证券出借业务 的单只证券不得超过基金持有该证券总量的 30%；证券出借的平均剩余期限不得超过 30 天，平均剩余期限按照市值加权平均计算； 11）基金参与融资业务后，在任何交易日日终，持有的融资买入股票与其他有价证券市 值之和，不得超过基金资产净值的 95%； 12）本基金主动投资于流动性受限资产的市值合计不得超过该基金资产净值的 15%；因 证券市场波动、上市公司股票停牌、基金规模变动等基金管理人之外的因素致使基金不符合 该比例限制的，基,1,0,际结算成 本，则基金管理人将退还多收取的差额；如果预先收取的申购现金替代保证金低于基金购入 该部分证券的实际结算成本，则基金管理人将向投资者收取欠缺的差额。 ③申购替代金额的处理程序 T 日，基金管理人根据申购赎回清单收取申购现金替代保证金。 67 对于确认成功的 T 日申购申请，在 T 日（指香港交易所交易日）内，基金管理人以收到 的申购现金替代保证金代投资者买入被替代证券。在 T 日（指香港交易所交易日）日终，基 金管理人已买入的证券，依据申购现金替代保证金与被替代证券的实际买入成本（包括买入 价格与相关交易费用）的差额，确定基金应退还投资者或投资者应补交的款项；未买入的证 券，依据申购现金替代保证金与被替代证券 T 日（指香港交易所交易日）收盘价（需用最新 汇率折算为人民币， 当日在证券交易所无交易的， 取最近交易日的收盘价， 当日无收盘价的， 取最后成交价）的差额，确定基金应退还投资者或投资者应补交的款项。 正常情况下，T+3 日（指上海证券交易所与香港交易所的共同交易日）内，基金管理人 将应退款和补款的明细及汇总数据发送给登记结算机构，登记结算机构办理现金替代多退少 补资金的清算，并将结果发送给相关申购赎回代理机构和基金托管人。 如遇证券长期停牌、流动性不足等特殊情况，可参照证券的估值价格对结算价格进行调 整，如果基金管理人认为该证券复牌后的价格可能存在,1,2,的人民币兑主要外汇当日收盘价）等。 ④赎回对应的替代金额的处理程序 对于确认成功的 T 日赎回申请，在 T 日（指香港交易所交易日）内，基金管理人根据赎 回申请代投资者卖出被替代证券。在 T 日（指香港交易所交易日）日终，基金管理人已卖出 的证券，按照被替代证券的实际卖出金额（扣除相关费用）确定基金应支付的替代金额；未 卖出的证券，按照被替代证券 T 日（指香港交易所交易日）收盘价（需用最新汇率折算为人 民币，当日在证券交易所无交易的，取最近交易日的收盘价，当日无收盘价的，取最后成交 价）确定基金应支付给投资者的替代金额。 正常情况下，T+7 日（指上海证券交易所与香港交易所的共同交易日）内，基金管理人 将应支付的替代金额的明细及汇总数据发送给登记结算机构，登记结算机构办理现金替代资 金的清算，并将结果发送给相关申购赎回代理机构和基金托管人。如遇证券长期停牌、流动 性不足等特殊情况，可参照证券的估值价格，对结算价格进行调整，如果基金管理人认为该 68 证券复牌后的价格可能存在较大波动，且可能对基金资产净值产生较大影响，为了更好的维 护持有人利益，该证券对应的现金替代款的清算交收可在其复牌后按照实际交易成本办理。 在此期间若该证券发生除息、送股（转增） 、配股等重要权益变动，则进行相应调整。上 述汇率目前采用汇率公允价。汇率公允价包括中国人民银行或其授权机,规模接近或达到外汇额度使用上限时，基金管理人有权暂停基金的申购，届 时投资者可能面临申购失败的风险和基金份额二级市场交易价格折溢价的风险。 根据本基金现行适用的清算交收和申赎处理规则，投资者当日申购的基金份额，清算交 收完成后方可卖出和赎回，即T 日申购的ETF 份额且日间完成 RTGS（实时逐笔全额结算）交 收，T 日可卖出与赎回， 而T 日申购的 ETF 份额且日终完成逐笔全额非担保交收的，T+1 日方 可卖出和赎回；T 日买入的基金份额，T 日可以赎回或卖出。 投资者投资本基金时需具有证券 账户，证券账户是指上海证券交易所 A 股账户或上海证券交易所证券投资基金账户。 本基金以 1 元初始面值进行募集，在市场波动等因素的影响下，存在单位份额净值跌破 1 元初始面值的风险。 基金管理人提醒投资人基金投资的 “买者自负” 原则， 在投资人作出投 资决策后，基金运营状况与基金净值变化引致的投资风险，由投资人自行负责。 本基金由广发基金管理有限公司独立管理，未聘请境外投资顾问。 投资人在进行投资决策前， 请仔细阅读本基金的 《招募说明书》 、 基金产品资料概要及 《基 金合同》 ，自主判断基金的投资价值，自主做出投资决策，自行承担投资风险。 基金的过往业绩并不预示其未来表现，基金管理人管理的其他基金的业绩并不构成对本 基金表现的保证。 本次更新的招募说
68,513280,SH,SH,2026-08-06,2026-08-06,临时数据/513280/513280_更新招募说明书_20260806.txt,137866,1,本基金申购赎回过程中涉及的基金份额、 现金替代、 现金差额及其他对价的 清算交收适用相关业务规则和参与各方相关协议及其不时修订的有关规定。 本基金申购业务采用实时逐笔全额结算（Real Time Gross Settlement）模式； 赎回业务涉及的现金替代采用代收代付处理； 申购、 赎回业务涉及的现金差额和 现金替代退补款采用代收代付处理。 投资者 T 日申购成功后， 如交易记录已勾单且申购资金足额的， 登记机构在 T 日日间实时办理基金份额及现金替代的交收；T 日日间未进行勾单确认或日间 资金不足的， 登记机构在T 日日终根据资金是否足额办理基金份额及现金替代的 清算交收， 并将结果发送给基金管理人、 申购赎回代理券商和基金托管人。 基金 汇添富恒生生物科技交易型开放式指数证券投资基金（QDII） 更新招募说明书 68 管理人在 T+1 日内办理现金差额的清算，在 T+2 日内办理现金差额的交收。 投资者 T 日赎回成功后，正常情况下，登记机构在 T 日收市后为投资者办 理基金份额的交收。基金管理人在 T+1 日办理现金差额的清算，在 T+2 日内通 过登记机构的代收代付平台办理现金差额的交收。 赎回现金替代款将自有效赎回 申请之日起 10 个开放日内划往基金份额持有人账户。如遇国家外管局相关规定 有变更或,4,4,停牌或流动性不足等因素影 响， 导致投资者收到的赎回对价可能延期交收或赎回对价的金额出现较大波动的 风险。 在现有的申购赎回规则下， 可以现金替代证券采取T 日轧差补券而非实时补 券模式， 且未来基金管理人可能会根据运作情况调整补券模式。T 日轧差补券模 式下， 现金替代退补款的计算以实际成交价格和基金招募说明书的约定为准， 由 此可能影响投资者的投资损益。 12、申购赎回清单差错风险 如果基金管理人提供的当日申购赎回清单内容出现差错，包括组合证券名 单、数量、现金替代标志、现金替代比例、替代金额等出错，将会使投资人利益 受损或影响申购赎回的正常进行。 13、第三方机构服务的风险 本基金的多项服务委托第三方机构办理，存在以下风险： （1）申购赎回代理券商因多种原因，导致代理申购、赎回业务受到限制、 暂停或终止，由此影响对投资者申购赎回服务的风险。 （2）登记机构可能调整结算制度，如对投资者基金份额及资金的结算方式 发生变化， 制度调整可能给投资者带来理解偏差的风险。 同样的风险还可能来自 于证券交易所及其他代理机构。 （3）第三方机构可能违约，导致基金或投资者利益受损的风险。 以下为本基金标的指数-恒生科技指数的编制商发布的免责声明： 汇添富恒生生物科技交易型开放式指数证券投资基金（QDII） 更新招募说明书 31 恒生生物科技指数由恒生指数有限,1,0,入该部分证 券的实际成本， 则基金管理人将退还多收取的差额； 如果预先收取的金额低于基 金购入该部分证券的实际成本，则基金管理人将向投资者收取欠缺的差额。 3）申购替代金额的处理程序 对于确认成功的 T 日申购申请， 基金管理人可以通过在香港市场交易或港股 通等方式以收到的替代金额代投资者买入被替代证券。 基金管理人有权在T 日内 任意时刻以收到的替代金额代投资者买入小于等于被 替代证券数量的任意数量 汇添富恒生生物科技交易型开放式指数证券投资基金（QDII） 更新招募说明书 71 的被替代证券。 基金管理人有权根据基金投资的需要自主决定不买入部分被替代 证券，或者不进行任何买入证券的操作。T 日日终，基金管理人根据所购入的被 替代证券的实际单位购入成本 （包括买入价格与相关费用， 按照汇率折算为人民 币） 和未买入的被替代证券的T 日收盘价 （按照汇率折算为人民币；T 日在证券 交易所无交易的，取最近交易日的收盘价；交易日无收盘价的，取最后成交价） 计算被替代证券的单位结算成本， 在此基础上根据替代证券数量和申购现金替代 保证金确定基金应退还投资者或投资者应补交的款项。 正常情况下，T 日后的第 3 个港股通交易日内， 基金管理人将应退款或补款与相关申购赎回代理券商办理 交收。在此期间若该证券发生除息、送股（转增） 、配股等重要权益变动，则进 行相应调整。 当交,2,1,益， 该证券对应的现金替代款的清算交收可在其 复牌后按照实际交易成本办理。在此期间若该证券发生除息、送股（转增） 、配 股等重要权益变动，则进行相应调整。 4）赎回替代金额的处理程序 对于确认成功的 T 日赎回申请，在 T 日内，基金管理人可以通过在香港市 场交易或港股通等方式代投资者卖出被替代证券。 基金管理人有权在T 日内任意 时刻代投资者卖出小于等于被替代证券数量的任意数量的被替代证券。 基金管理 人有权根据基金投资的需要自主决定不卖出部分被替代证券， 或者不进行任何卖 出证券的操作。T 日日终， 基金管理人根据所卖出的被替代证券的实际单位卖出 汇添富恒生生物科技交易型开放式指数证券投资基金（QDII） 更新招募说明书 72 金额 （卖出价格扣除相关费用， 按照汇率折算为人民币） 和未卖出的被替代证券 的 T 日收盘价 （按照汇率折算为人民币；T 日在证券交易所无交易的， 取最近交 易日的收盘价； 交易日无收盘价的， 取最后成交价） 计算被替代证券的单位结算 金额， 在此基础上根据替代证券数量确定赎回替代金额。 正常情况下，T+7 日 （指 上海证券交易所与香港交易所的共同交易日） 内， 基金管理人将应支付的赎回替 代金额与相关申购赎回代理机构办理交收。 在此期间若该证券发生除息、 送股 （转 增） 、配股等重要权益变动，则进行相应调整。当交收期间出现港股通,合型基金、 债券型基金 与货币市场基金。 同时本基金为指数基金， 主要采用完全复制法跟踪标的指数表 现，具有与标的指数相似的风险收益特征。 根据本基金现行适用的清算交收和申赎处理规则， 投资者当日申购的基金份 额，清算交收完成后方可卖出和赎回，即T日申购的基金份额且日间完成实时逐 笔全额结算（Real Time Gross Settlement）交收的，T日可卖出和赎回，而T日申 购的基金份额且日终完成逐笔全额非担保交收的，T+1日方可卖出和赎回。 投资有风险， 投资者在进行投资决策前， 请仔细阅读本基金的 《招募说明书》 、 《基金合同》 、 基金产品资料概要等信息披露文件， 并根据自身的投资目的、 投 资期限、投资经验、资产状况等判断基金是否和投资者的风险承受能力相适应， 自主判断基金的投资价值，自主做出投资决策，自行承担投资风险。 基金的过往业绩并不预示其未来表现， 基金管理人管理的其他基金的业绩也 不构成对本基金业绩表现的保证。 基金管理人依照恪尽职守、 诚实信用、 谨慎勤勉的原则管理和运用基金财产， 但不保证投资于本基金一定盈利，也不保证最低收益。 基金管理人提醒投资者基金投资的 “买者自负” 原则， 在投资者作出投资决 策后，基金运营状况与基金净值变化导致的投资风险，由投资者自行负担。 本次招募说明书更新主要涉及基金管理人 章节 ，更新所
69,159506,SZ,SZ,2026-06-11,2026-06-11,临时数据/159506/159506_更新招募说明书_20260611.txt,116671,6,持 有人大会审议。 根据本基金现行适用的清算交收和申赎处理规则， 投资者当日申购的基金份 额，清算交收完成后方可卖出和赎回，即 T 日申购的基金份额且日间完成 RTGS （实时逐笔全额结算）交收的，T 日可卖出和赎回，而T 日申购的基金份额且日 终完成逐笔全额非担保交收的，T+1 日方可卖出和赎回；T 日竞价买入的基金份 额，T 日可以卖出或赎回；T 日大宗买入的基金份额，T 日可以大宗卖出，T+1 日 可以竞价卖出或赎回。 投资有风险， 投资者认购 （或申购） 基金时应认真阅读本招募说明书、 基金 合同、 基金产品资料概要等信息披露文件， 自主判断基金的投资价值， 自主做出 投资决策，自行承担投资风险。基金管理人提醒投资者基金投资的“买者自负” 原则， 在投资者作出投资决策后， 基金运营状况与基金净值变化引致的投资风险， 由投资者自行负责。 招募说明书（更新） 3 未来若出现标的指数不符合要求 （因成份股价格波动等指数编制方法变动之 外的因素致使标的指数不符合要求的情形除外） 、指数编制机构退出等情形，基 金管理人召集基金份额持有人大会对解决方案进行表决， 基金份额持有人大会未 成功召开或就上述事项表决未通过的， 基金合同终止。 因而， 本基金存在着无法 存续的风险。 因基金合同而产生的或与基金合同有关的一切,0,1,,2,0,际结算成本， 则基金管理人将退还多收取的差额； 如果预先收取的申购替代金额低于基金购入 该部分组合证券的实际结算成本，则基金管理人将向投资人收取欠缺的差额。 ③申购替代金额的处理程序 对于确认成功的 T 日申购申请，T 日内基金管理人根据申购规模进行组合证 券的代理买入。 基金管理人有权根据基金投资的需要自主决定不买入部分被替代 证券，或者不进行任何买入证券的操作。T 日日终，基金管理人根据所购入的被 替代组合证券的实际单位购入成本、 实际购入的相关费用 （实际购入金额根据港 股通相关业务规则按当天的港股通卖出结算汇兑比率结算为人民币） 、未购入的 被替代组合证券的 T 日收盘价 （折算为人民币， 折算汇率采用基金管理人和基金 托管人商定的汇率公允价， 包括中国外汇交易中心公布的北京时间16:00 参考汇 率、 港股通买入结算汇兑比率和卖出结算汇兑比率的算术平均值、 中国人民银行 或其授权机构公布的人民币汇率中间价、与基金托管人商定的其他公允价格等； 被替代组合证券 T 日无交易的， 取最近交易日的收盘价； 交易日无收盘价的， 取 最后收盘价） 计算并确定被替代组合证券的单位结算成本， 在此基础上根据替代 组合证券数量和申购现金替代保证金确定基金应退还投资人的 款项或投资人应 补交的款项。 若发生特殊情况， 包括如遇港股通结算异常等， 基金管理人可以对 折算汇率和,2,4,该证券对应的现金替代款的清算交收可在其复牌后按照实际交 易成本办理。 在此期间若该证券发生除息、 送股 （转增） 、 配股等重要权益变动， 则进行相应调整。 ④赎回替代金额的处理程序 对于确认成功的 T 日赎回申请，T 日内基金管理人根据赎回规模进行组合证 券的代理卖出。 基金管理人有权根据基金投资的需要自主决定不卖出部分被替代 证券， 或者不进行任何卖出证券的操作。T 日内基金管理人根据所卖出的被替代 组合证券的实际单位卖出金额、 实际卖出的相关费用（实际卖出金额根据港股通 相关业务规则按当天的港股通买入结算汇兑比率结算为人民币） 、未卖出的被替 代组合证券的 T 日收盘价 （折算为人民币， 折算汇率采用基金管理人和基金托管 人商定的汇率公允价，包括中国外汇交易中心公布的北京时间 16:00 参考汇率、 港股通买入结算汇兑比率和卖出结算汇兑比率的算术平均值、 中国人民银行或其 授权机构公布的人民币汇率中间价、 与基金托管人商定的其他公允价格等； 被替 代组合证券 T 日无交易的， 取最近交易日的收盘价； 交易日无收盘价的， 取最后 收盘价） 计算并确定被替代组合证券的单位结算金额， 在此基础上根据替代组合 证券数量确定赎回替代金额。若发生特殊情况， 包括如遇港股通结算异常等， 基 金管理人可以对折算汇率和结算金额进行相应调整。T 日后的第 4 个港股通交收 日后,， 或开通场外申购、 赎回相关业务， 相应的业 务规则、 申购赎回原则等相关事项届时将另行约定并公告， 无需召开基金份额持 有人大会审议。 根据本基金现行适用的清算交收和申赎处理规则， 投资者当日申购的基金份 额，清算交收完成后方可卖出和赎回，即 T 日申购的基金份额且日间完成 RTGS （实时逐笔全额结算）交收的，T 日可卖出和赎回，而T 日申购的基金份额且日 终完成逐笔全额非担保交收的，T+1 日方可卖出和赎回；T 日竞价买入的基金份 额，T 日可以卖出或赎回；T 日大宗买入的基金份额，T 日可以大宗卖出，T+1 日 可以竞价卖出或赎回。 投资有风险， 投资者认购 （或申购） 基金时应认真阅读本招募说明书、 基金 合同、 基金产品资料概要等信息披露文件， 自主判断基金的投资价值， 自主做出 投资决策，自行承担投资风险。基金管理人提醒投资者基金投资的“买者自负” 原则， 在投资者作出投资决策后， 基金运营状况与基金净值变化引致的投资风险， 由投资者自行负责。 招募说明书（更新） 3 未来若出现标的指数不符合要求 （因成份股价格波动等指数编制方法变动之 外的因素致使标的指数不符合要求的情形除外） 、指数编制机构退出等情形，基 金管理人召集基金份额持有人大会对解决方案进行表决， 基金份额持有人大会未 成功召开或就上述事项表决未通过的， 基金合同终止。
70,520690,SH,SH,2025-11-28,2025-11-28,临时数据/520690/520690_更新招募说明书_20251128.txt,117146,1,和参与各方相关协议的有关规定。 博时恒生港股通创新药精选交易型开放式指数证券投资基金更新招募说明书 第 45页 共 139页 本基金现金申购业务中的现金替代采用实时逐笔全额结算 （Real Time Gross Settlement）模式；现金赎回业务中的现金替代采用代收代付处理； 现金申购、赎回业务涉及的现金差额和现金替代退补款采用代收代付处理。 投资者 T 日申购成功后，登记机构在 T 日收市后为投资者办理基金份额的交收登记以及 现金替代的清算和交收；在 T+2 日内办理现金差额的清算交收，并将结果发送给申购赎回代 理券商、基金管理人和基金托管人。若发生特殊情况，基金管理人可以对清算交收日期进行 相应调整。 投资者 T 日赎回成功后，登记机构在 T 日收市后办理基金份额的注销；在 T+2 日内办理 现金差额的清算交收，并将结果发送给申购赎回代理券商、基金管理人和基金托管人。赎回 现金替代款的清算交收由基金管理人和申购赎回代理券商协商处理，正常情况下将自有效赎 回申请之日起 7 个开放日内办理。若发生特殊情况（包括但不限于基金投资市场交易清算规 则发生较大变化、港股通暂停交易或交收、基金赎回数额较大或组合证券内的部分证券因停 牌、流动性不足等原因导致无法足额卖出等），基金管理人可以对清算交收日期进行相应调 整。,4,1,何交易日内交易（不包括平仓）的国债期货合约的成交 金额不得超过上一交易日基金资产净值的 30%； 5）本基金所持有的股票市值和买入、卖出股指期货合约价值，合计（轧差计算）应当 符合基金合同关于股票投资比例有关约定；本基金所持有的债券（不含到期日在一年以内的 政府债券）市值和买入、卖出国债期货合约价值，合计（轧差计算）应当符合基金合同关于 债券投资比例的有关约定； （4）本基金投资于同一原始权益人的各类资产支持证券的比例，不得超过基金资产净 值的 10％； （5）本基金持有的全部资产支持证券，其市值不得超过基金资产净值的 20％； （6）本基金持有的同一(指同一信用级别)资产支持证券的比例，不得超过该资产支持 证券规模的 10％； （7）本基金管理人管理的全部基金投资于同一原始权益人的各类资产支持证券，不得 超过其各类资产支持证券合计规模的 10％； （8）本基金应投资于信用级别评级为 BBB 以上(含 BBB)的资产支持证券。基金持有资 产支持证券期间，如果其信用等级下降、不再符合投资标准，应在评级报告发布之日起 3 个月内予以全部卖出； （9）基金财产参与股票发行申购，本基金所申报的金额不超过本基金的总资产，本基 金所申报的股票数量不超过拟发行股票公司本次发行股票的总量； （10）本基金参与融资的，在任何交易日日终，本基金持有的融资买入股票与其,0,0,,0,0,,回代理券商确实接收到该申请。申购、赎回的确认以登记机构的确认结果为准。对于申购、 赎回申请的确认情况，投资人应及时查询并妥善行使合法权利。 当日申购的基金份额，清算交收完成后方可卖出和赎回；当日买入的基金份额，同日可 以赎回；当日申购总额、赎回总额超出基金管理人设定限额的，超出额度的申购、赎回申报 为无效申报。 如上海证券交易所、中国证券登记结算有限责任公司修改或更新上述规则并适用于本基 金的，则按照新的规则执行，并在本招募说明书中进行更新，无需召开基金份额持有人大会。 3、申购和赎回的清算交收与登记 本基金申购赎回过程中涉及的基金份额、现金替代、现金差额及其他对价的清算交收适 用相关业务规则和参与各方相关协议的有关规定。 博时恒生港股通创新药精选交易型开放式指数证券投资基金更新招募说明书 第 45页 共 139页 本基金现金申购业务中的现金替代采用实时逐笔全额结算 （Real Time Gross Settlement）模式；现金赎回业务中的现金替代采用代收代付处理； 现金申购、赎回业务涉及的现金差额和现金替代退补款采用代收代付处理。 投资者 T 日申购成功后，登记机构在 T 日收市后为投资者办理基金份额的交收登记以及 现金替代的清算和交收；在 T+2 日内办理现金差额的清算交收，并将结果发送给申购赎回代 理券商、基金管理人和基金托管人。若发生特殊
71,520810,SH,SH,,2025-11-28,临时数据/520810/520810_招募说明书_20251128.txt,111214,4,息泄露的风险等。 7、根据本基金现行适用的清算交收和申赎处理规则，投资者当日申购的基金份额， 清算交收完成后方可卖出和赎回，即 T 日申购的基金份额且日间完成 RTGS（实时逐笔全额 结算）交收，T 日可卖出和赎回，而 T 日申购的基金份额且日终完成逐笔全额非担保交收， T+1 日方可卖出和赎回；T 日买入的基金份额，T 日可以赎回或卖出。 投资者投资于本基金前请认真阅读证券交易所和登记结算机构关于 ETF 的相关业务规 则及其不时的更新，确保具备相关专业知识、清楚了解相关规则流程后方可参与本基金的 认购、申购、赎回及交易。投资者一旦认购、申购或赎回本基金，即表示对基金认购、申 购和赎回所涉及的登记方式以及申购赎回所涉及现金替代、现金差额等相关的交收方式及 业务规则已经认可。 8、基金管理人提醒投资者基金投资的“买者自负”原则，在投资者作出投资决策后， 基金运营状况与基金净值变化引致的投资风险，由投资者自行负责。此外，本基金以 1 元 初始面值进行募集，在市场波动等因素的影响下，存在单位份额净值跌破 1 元初始面值的 风险。 9、基金不同于银行储蓄，基金投资人投资于基金有可能获得较高的收益，也有可能 损失本金。投资有风险，投资人在进行投资决策前，请仔细阅读本基金的《招募说明书》 及《基金合同》。 10 、基金的,6,4,整后 T 日开盘参考价并按照 T-1 日估值汇率换算或基金管理人认为 合理的其他方法。 （4）在系统支持的情况下，对于 T 日的申购赎回申请，基金管理人有权进行轧差处理， 针对净申购，购入净申购份额对应的组合证券中被替代的成份证券，针对净赎回，卖 出净 赎回份额对应的组合证券中被替代的成份证券，基金管理人有权购入或者卖出不等于 轧差 处理后的上述被替代的成份证券的任意数量。 （5）基金管理人可根据运作情况调整代理申赎投资者买券卖券的相关规则并按规定公 告。 （6）未来如相关证券的交易、结算规则发生改变，或上海证券交易所、登记结算机构 有关申购赎回交易结算规则发生改变，或基金管理人与基金托管人之间的结算相关安 排发 生改变等，基金管理人可对上述相关现金替代处理规则进行调整，并按规定公告。 4、预估现金部分相关内容 预估现金部分是指为便于计算基金份额参考净值及申购赎回代理券商预先冻结申 请申 46 购、赎回的投资者的相应资金，由基金管理人计算的现金数额。 T 日申购赎回清单中公告 T 日预估现金部分。其计算公式为： T 日预估现金部分＝T-1 日最小申购、赎回单位的基金资产净值－（申购赎回清单中必 须现金替代成份证券的替代金额+申购赎回清单中可以现金替代成份证券的数量、该证券调 整后 T 日开盘参考价以及 T-1 日估值汇率的相乘之和） 其中，该证券,2,0,溢价比例，并据此收取 申 购现 金替代保证金。 基金管理人在 T 日内购入组合证券中被替代的成份证券。基金管理人有权在 T 日内任 意时刻，以收到的申购替代金额代投资者购入组合证券中被替代的成份证券的任意数 量。 正常情况下，对于确认成功的 T 日申购申请，基金管理人根据 T 日所购入的被替代证券的 实际单位购入成本（包括买入价格与相关费用，折算为人民币）和未 购入的被替代 证券 T 日收盘价（折算为人民币，被替代证券当日在证券交易所无交易的，取最近交易日的 收盘 价；交易日无收盘价的，取最后成交价）计算被替代证券的单位结算成本，在此基础 上根 据替代证券数量和申购现金替代保证金确定基金应退还 投资者或投资者应补交的款项 。 T 日后的 3 个港股通交易日内，基金管理人将成份证券的应退款或补款与相关申购赎回代理 券商办理交收，当交收期间出现港股通交易日为非港股通交收日时，款项交收日期顺 延。 若发生特殊情况，基金管理人可以对交收日期进行相应调整。 如遇港股通临时停市、港股通交易当日额度使用完毕而暂停或停止接受买入申报 等特 殊情况，基金管理人可考虑根据实际情况将成份证券的代理买入及结算价格顺延至下 一港 股通交易日直至交易正常。如遇成份证券长期停牌、流动性不足等可能导致收盘价或 最后 成交价不公允的特殊情况，可参照证券的估值价格，对结算价格进行调整，如果,2,1,款的清算交收可按照其复牌后 实际 交易成本或者基金管理人认为合理的价格办理。在此期间若该证券发生除息、送股（转 增）、配股等重要权益变动，则进行相应调整。 4）赎回替代金额的处理程序 基金管理人在 T 日内卖出组合证券中被替代的成份证券。基金管理人有权在 T 日内任 意时刻代投资者卖出组合证券中被替代的成份证券的任意数量。正常情况下，对于确 认成 功的 T 日赎回申请，基金管理人根据 T 日所卖出的被替代证券的实际单位卖出金额（扣除 相关费用，折算为人民币）和未卖出的被替代证券 T 日收盘价（折算为人民币，被替代证 券当日在证券交易所无交易的，取最近交易日的收盘价；交易日无收盘价的，取最后 成交 价）计算被替代证券的单位结算金额，在此基础上根据替代证券数量确定赎回替代金额。T 45 日后的第 3 个港股通交易日后的 1 个工作日内，基金管理人将应支付的成份证券赎回替代 金额与相关申购赎回代理券商办理交收，当交收期间出现港股通交易日为非港股通交 收日 时，款项交收日期顺延。若发生特殊情况，基金管理人可以对交收日期进行相应调整。 如遇港股通临时停市等特殊情况，成份证券的代理卖出及结算价格可依次顺延至 下一 港股通交易日直至交易正常。如遇成份证券长期停牌、流动性不足等可能导致收盘价 或最 后成交价不公允的特殊情况，可参照证券的估值价格，对结算价格进行调整，如果基 金管,息系统风险、操作风险、交易指令传输和资金使用效率降低的风险、无法完成当日估值的 风险、交易结算风险、基金投资非公开信息泄露的风险等。 7、根据本基金现行适用的清算交收和申赎处理规则，投资者当日申购的基金份额， 清算交收完成后方可卖出和赎回，即 T 日申购的基金份额且日间完成 RTGS（实时逐笔全额 结算）交收，T 日可卖出和赎回，而 T 日申购的基金份额且日终完成逐笔全额非担保交收， T+1 日方可卖出和赎回；T 日买入的基金份额，T 日可以赎回或卖出。 投资者投资于本基金前请认真阅读证券交易所和登记结算机构关于 ETF 的相关业务规 则及其不时的更新，确保具备相关专业知识、清楚了解相关规则流程后方可参与本基金的 认购、申购、赎回及交易。投资者一旦认购、申购或赎回本基金，即表示对基金认购、申 购和赎回所涉及的登记方式以及申购赎回所涉及现金替代、现金差额等相关的交收方式及 业务规则已经认可。 8、基金管理人提醒投资者基金投资的“买者自负”原则，在投资者作出投资决策后， 基金运营状况与基金净值变化引致的投资风险，由投资者自行负责。此外，本基金以 1 元 初始面值进行募集，在市场波动等因素的影响下，存在单位份额净值跌破 1 元初始面值的 风险。 9、基金不同于银行储蓄，基金投资人投资于基金有可能获得较高的收益，也有可能 损失本金。投资有风险，投资人在进行
72,159545,SZ,SZ,2026-01-14,2026-01-14,临时数据/159545/159545_更新招募说明书_20260114.txt,113381,4,结算风险、基金投资非公开信息泄露的风险等。 6、在目前结算规则下，投资者当日申购的基金份额，清算交收完成后方可卖出和赎 回，即 T 日申购的基金份额且日间完成 RTGS（实时逐笔全额结算）交收的，T 日可卖出和 赎回，而 T 日申购的基金份额且日终完成逐笔全额非担保交收的，T+1 日方可卖出和赎回； T 日竞价买入的基金份额，T 日可以卖出或赎回；T 日大宗买入的基金份额，T 日可以大宗 卖出，T+1 日可以竞价卖出或赎回。 投资者投资于本基金前请认真阅读证券交易所和登记结算机构关于 ETF 的相关业务规 则及其不时的更新，确保具备相关专业知识、清楚了解相关规则流程后方可参与本基金的 认购、申购、赎回及交易。投资者一旦认购、申购或赎回本基金，即表示对基金认购、申 购和赎回所涉及的登记方式以及申购赎回所涉及现金替代、现金差额等相关的交收方式及 业务规则已经认可。 7、基金管理人提醒投资者基金投资的“买者自负”原则，在投资者作出投资决策后， 基金运营状况与基金净值变化引致的投资风险，由投资者自行负责。此外，本基金以 1 元 初始面值进行募集，在市场波动等因素的影响下，存在单位份额净值跌破 1 元初始面值的 风险。 8、基 金不同于银行储蓄，基金投资人投资于基金有可能获得较高的收益，也有可能 损失本金。投资有风险，投,4,1,（不含质押式回购）等；在任何交易日日终，持有的卖出股指期货合约价值不得 超过基金持有的股票总市值的 20%；持有的股票市值和买入、卖出股指期货合约价值，合 计（轧差计算）应当符合基金合同关于股票投资比例的有关约定；在任何交易日内交易 （不包括平仓）的股指期货合约的成交金额不得超过上一交易日基金资产净值的 20%；每 个交易日日终在扣除股指期货、国债期货合约需缴纳的交易保证金后，应当保持不低于交 易保证金一倍的现金； （9）本基金参与国债期货交易的，应当符合下列要求：在任何交易日日终，本基金持 有的买入国债期货合约价值，不得超过基金资产净值的 15%；本基金在任何交易日日终， 持有的卖出国债期货合约价值不得超过基金持有的债券总市值的 30%；本基金在任何交易 日内交易（不包括平仓）的国债期货合约的成交金额不得超过上一交易日基金资产净值的 30%；本基金所持有的债券（不含到期日在一年以内的政府债券）市值和买入、卖出国债期 货合约价值，合计（轧差计算）应当符合基金合同关于债券投资比例的有关约定； （10）本基金参与股票期权交易的，应当符合下列要求：基金因未平仓的期权合约支 付和收取的权利金总额不得超过基金资产净值的 10%；开仓卖出认购期权的，应持有足额 标的证券；开仓卖出认沽期权的，应持有合约行权所需的全额现金或交易所规则认可的可 52 冲抵期权保证,0,0,人将向投资者收取欠缺的差额。 基金管理人可以根据市场情况和实际需要确定和调整申购现金替代保证金率 ，具 体的 申购现金替代保证金率以申购赎回清单公告为准。 3）申购替代金额的处理程序 T 日，基金管理人在申购赎回清单中公布申购现金替代保证金率，并据此收取申 购替 39 代金额。 正常情况下，对于确认成功的 T 日申购申请，基金管理人根据 T 日所购入的被替代证 券的实际单位购入成本（包括买入价格与相关费用，折算为人民币）和未买入的被替 代证 券 T 日收盘价（折算为人民币，折算汇率采用当天的估值汇率，被替代证券当日在证券交 易所无交易的，取最近交易日的收盘价；交易日无收盘价的，取最后成交价）计算被 替代 证券的单位结算成本，在此基础上根据替代证券数量和申购替代金额确定基金应退还 投资 者或投资者应补交的款项。T 日后的三个港股通交易日内，基金管理人将应退款或补 款与 相关申购赎回代理券商办理交收，当交收期间出现港股通交易日为非港股通交收日时 ，款 项交收日期顺延。若发生特殊情况，基金管理人可以对交收日期进行相应调整。 如遇港股通临时停市、港股通交易当日额度使用完毕而暂停或停止接受买入申报 等特 殊情况，基金管理人可考虑根据实际情况将港市组合证券的代理买入及结算价格顺延 至下 一港股通交易日直至交易正常。如遇港市成份证券长期停牌、流动性不足等可能导致 收盘 价或最后,0,4,的清算交收可按照 其复 牌后实际交易成本或者基金管理人认为合理的价格办理。在此期间若该证券发生除息 、送 股（转增）、配股等重要权益变动，则进行相应调整。 4）赎回替代金额的处理程序 正常情况下，对于确认成功的 T 日赎回申请，基金管理人根据 T 日所卖出的被替代港 市成份证券的实际单位卖出金额（扣除相关费用，折算为人民币）和未卖出的被替代 港市 成份证券的 T 日收盘价（折算为人民币，折算汇率采用当天的估值汇率，被替代证券当日 在证券交易所无交易的，取最近交易日的收盘价；交易日无收盘价的，取最后成交价 ）计 算被替代港市成份证券的单位结算金额，在此基础上根据替代港市成份证券数量确定 赎回 替代金额。T 日后的第3 个港股通交易日后的1 个工作日内，基金管理人将应支付的港市组 合证券赎回替代金额与相关申购赎回代理券商办理交收，当交收期间出现港股通交易 日为 非港股通交收日时，款项交收日期顺延。若发生特殊情况，基金管理人可以对交收日 期进 行相应调整。 如遇港股通临时停市等特殊情况，组合证券的代理卖出及结算价格可依次顺延至 下一 港股通交易日直至交易正常。如遇证券长期停牌、流动性不足等可能导致收盘价或最 后成 40 交价不公允的特殊情况，可参照证券的估值价格，对结算价格进行调整，如果基金管 理人 认为该证券复牌后的价格可能存在较大波动，且可能对基金资产净值产生较大影,交易指令传输和资金使用效率降低的风险、无法完成当日估值的风 险、交易结算风险、基金投资非公开信息泄露的风险等。 6、在目前结算规则下，投资者当日申购的基金份额，清算交收完成后方可卖出和赎 回，即 T 日申购的基金份额且日间完成 RTGS（实时逐笔全额结算）交收的，T 日可卖出和 赎回，而 T 日申购的基金份额且日终完成逐笔全额非担保交收的，T+1 日方可卖出和赎回； T 日竞价买入的基金份额，T 日可以卖出或赎回；T 日大宗买入的基金份额，T 日可以大宗 卖出，T+1 日可以竞价卖出或赎回。 投资者投资于本基金前请认真阅读证券交易所和登记结算机构关于 ETF 的相关业务规 则及其不时的更新，确保具备相关专业知识、清楚了解相关规则流程后方可参与本基金的 认购、申购、赎回及交易。投资者一旦认购、申购或赎回本基金，即表示对基金认购、申 购和赎回所涉及的登记方式以及申购赎回所涉及现金替代、现金差额等相关的交收方式及 业务规则已经认可。 7、基金管理人提醒投资者基金投资的“买者自负”原则，在投资者作出投资决策后， 基金运营状况与基金净值变化引致的投资风险，由投资者自行负责。此外，本基金以 1 元 初始面值进行募集，在市场波动等因素的影响下，存在单位份额净值跌破 1 元初始面值的 风险。 8、基 金不同于银行储蓄，基金投资人投资于基金有可能获得较高的收益，也有可
73,513800,SH,SH,2026-08-12,2026-08-12,临时数据/513800/513800_更新招募说明书_20260812.txt,115049,1,用相关《业务规则》和参与各方相关协议及其不时修订的有关规定。本基金申购业务采用实 时逐笔全额结算（Real Time Gross Settlement，以下简称RTGS）模式；赎回业务涉及的 现金替代可采用代收代付处理；申购、赎回业务涉及的现金差额和现金替代退补款可采用代 收代付处理。 投资者T日现金申购后，如交易记录已勾单且申购资金足额的，登记机构在T日日间实 时办理基金份额及现金替代的交收；T日日间未进行勾单确认或日间资金不足的，登记机构 在T日日终根据资金是否足额办理基金份额及现金替代的清算交收， 在T+1日办理现金差额 的清算，并将结果发送给基金管理人、申购赎回代理券商和基金托管人。基金管理人与申购 赎回代理券商在T+2日办理现金差额的交收。 投资者T 日赎回申请受理后，登记机构在T 日收市后为投资者办理基金份额的清算交 收，在T+1日办理现金差额的清算，并将结果发送给基金管理人、申购赎回代理券商和基金 托管人。 基金管理人与申购赎回代理券商在T+2日通过登记机构的代收代付平台办理现金差 额的交收。赎回现金替代款将自有效赎回申请之日起10个工作日内划往基金份额持有人账 南方顶峰TOPIX交易型开放式指数证券投资基金（QDII）招募说明书（20260812更新） 47 户。外汇局相关规定有变更或本基金境外,0,1,,0,3,,0,2,"若发生特殊情况，基金管理人可以对交收日 期进行相应调整。 南方顶峰TOPIX交易型开放式指数证券投资基金（QDII）招募说明书（20260812更新） 50 ④赎回替代金额的处理程序 对于确认成功的T日现金赎回申请，基金管理人将在T+1日内，卖出相应的成份证券。 T+1日终, 若基金管理人已卖出全部被替代的证券，则以实际卖出所得（卖出价格扣减相应 的交易费用）按照汇率折算后的差额，确定基金应交付给投资人的赎回现金替代金额；若基 金管理人未能卖出全部被替代的证券，则以实际卖出所得（卖出价格扣减相应的交易费用） 加上按照T+1日收盘价（被替代证券T+1日无交易的，取最近交易日的收盘价）计算的未卖 出的部分被替代证券价值按照汇率折算后的差额， 确定基金应交付给投资人的赎回现金替代 金额。 上述汇率目前采用汇率公允价。 汇率公允价包括但不限于中国外汇交易中心最新收盘价、 中国外汇交易中心参考汇率、中国人民银行或其授权机构最新公布的人民币汇率中间价、与 基金托管人商定的其他公允价格等。 若T日后至T+1日期间被替代的证券发生重要权益变动，则进行相应调整。 T+1日后的第5个上海证券交易所和东京证券交易所的共同交易日，基金管理人将应支 付的赎回替代金额与相关申购赎回代理券商办理交收。若发生特殊情况，基金管理人可以对 交收日期进行相应调整。 （3）必须现金替代 ①适用情形：必须","3 在投资人作出投资决策后， 基金运营状况与基金净值变化及基金份额上市交易价格波动引致 的投资风险，由投资人自行负责。 在目前结算规则下，投资者申购的基金份额，清算交收完成后方可卖出和赎回。当日买 入的基金份额，当日可以赎回。 本基金标的指数为东证指数（Tokyo Stock Price Index,“TOPIX”）。东证指数是东 京证券交易所编制的， 由在东京证券交易所第一市场上市的所有股票按自由流通市值加权平 均计算出的股价指数。该指数样本覆盖范围广，能够准确反映日本股票市场的总体走势。 有关标的指数具体编制方案及成份股信息详见东京证券交易所网站，网址： https://www.jpx.co.jp。 本次更新主要涉及调整基金经理等事项，并已在招募说明书中对相关表述做出了修订。 其他信息内容截止日为2026年4月22日,有关财务数据和净值表现截止日为2026年3月31 日（未经审计）。 南方顶峰TOPIX交易型开放式指数证券投资基金（QDII）招募说明书（20260812更新） 4 目录 §1 绪言..............................................................................................................................."
74,159130,SZ,SZ,2026-08-06,2026-08-06,临时数据/159130/159130_更新招募说明书_20260806.txt,106796,4,与基金的申购、赎回，则应开立深圳 A 股账户。 在目前结算规则下，投资者当日申购的基金份额，清算交收完成后方可卖出和赎回， 即 T 日申购的基金份额且日间完成 RTGS（实时逐笔全额结算）交收的，T 日可卖出和赎 回，而 T 日申购的基金份额且日终完成逐笔全额非担保交收的，T+1 日方可卖出和赎回。T 日竞价买入的基金份额，T 日可以卖出或赎回；T 日大宗买入的基金份额，T 日可以大宗卖 出，T+1 日可以竞价卖出或赎回。由于登记机构对赎回的现金替代采取非净额结算交收模 式，当投资者赎回申请被登记机构确认后，被赎回的基金份额即被记减，但此时投资者尚 未收到赎回现金替代款。 5 基金的过往业绩并不预示其未来表现，基金管理人管理的其他基金的业绩并不构成对 本基金表现的保证。 基金管理人依照恪尽职守、诚实信用、谨慎勤勉的原则管理和运用基金财产，但不保 证基金一定盈利，也不保证最低收益。基金管理人提醒投资人基金投资的“买者自负”原 则，在投资人作出投资决策后，基金运营状况与基金净值变化引致的投资风险，由投资人 自行承担。投资有风险，投资人在投资本基金前应认真阅读本基金的招募说明书、基金合 同和基金产品资料概要等信息披露文件。 各方当事人同意，因《基金合同》而产生的或与《基金合同》有关的一切争议，如经 友好协商未能解决的,5,0,%；本基金在任何交易日日终，持有的卖出国债期货合约价值不得超过基金持 有的债券总市值的 30%； d.本基金所持有的股票市值和买入、卖出股指期货合约价值，合计（轧差计算）应当 符合基金合同关于股票投资比例的有关约定；本基金所持有的债券（不含到期日在一年以 内的政府债券）市值和买入、卖出国债期货合约价值，合计（轧差计算）应当符合基金合 同关于债券投资比例的有关约定； e.本基金在任何交易日内交易（不包括平仓）的股指期货合约的成交金额不得超过上 一交易日基金资产净值的 20%；本基金在任何交易日内交易（不包括平仓）的国债期货合 约的成交金额不得超过上一交易日基金资产净值的 30%； f.本基金每个交易日日终在扣除股指期货、国债期货和股票期权合约需缴纳的交易保 证金后，应当保持不低于交易保证金一倍的现金，其中现金不包括结算备付金、存出保证 金、应收申购款等； （10）若本基金参与股票期权交易，需遵守下列投资比例限制： a.因未平仓的期权合约支付和收取的权利金总额不得超过基金资产净值的 10%； b.开仓卖出认购期权的，应持有足额标的证券；开仓卖出认沽期权的，应持有合约行 权所需的全额现金或交易所规则认可的可冲抵期权保证金的现金等价物； c.未平仓的期权合约面值不得超过基金资产净值的 20%。其中，合约面值按照行权价 乘以合约乘数计算； （11）本基金参,2,0,金管理人将向投资者收取欠缺的差额。 基金管理人可以根据市场情况和实际需要确定和调整申购现金替代保证金率，具体的 申购现金替代保证金率以申购赎回清单公告为准。 ③申购替代金额的处理程序 T 日，基金管理人在申购赎回清单中公布申购现金替代保证金率，并据此收取申购替 代金额。 对于确认成功的 T 日申购申请，通常情况下 T 日内基金管理人根据申购规模进行组合 证券的代理买入。基金管理人有权在 T 日内任意时刻以收到的替代金额代投资者买入小于 等于被替代证券数量的任意数量的被替代证券，实际买入被替代证券的价格可能为 T 日内 的任意成交价。基金管理人有权根据基金投资的需要自主决定不买入部分被替代证券，或 者不进行任何买入证券的操作，基金管理人可能不买入被替代证券的情形包括但不限于市 场流动性不足、技术系统无法实现以及基金管理人认为不应买入的其他情形。T 日日终， 基金管理人根据所购入的被替代证券的实际单位购入成本（包括买入价格与相关费用，折 算为人民币）和未买入的被替代证券的 T 日收盘价（折算为人民币，折算汇率采用基金管 34 理人和基金托管人商定的汇率公允价，汇率公允价包括中国人民银行或其授权机构公布的 人民币汇率中间价、中国外汇交易中心参考汇率、中国外汇交易中心收盘价、基金管理人 与基金托管人商定的其他公允价格等；当日在证券交易所无交易的，取最近交易日的收盘 价；当,2,2,股等重要权益变动，则进行相应调整。 ④赎回对应的替代金额 赎回时，对于可以现金替代的证券，替代金额为扣除相关费用后的该证券的卖出价值 （或证券实际结算价值） ⑤赎回替代金额的处理程序 对于确认成功的 T 日赎回申请，通常情况下 T 日内基金管理人根据赎回规模进行组合 证券的代理卖出。基金管理人有权在 T 日内任意时刻卖出小于等于被替代证券数量的任意 数量的被替代证券，实际卖出被替代证券的价格可能为 T 日内的任意成交价。基金管理人 有权根据基金投资的需要自主决定不卖出部分被替代证券，或者不进行任何卖出证券的操 作，基金管理人可能不卖出被替代证券的情形包括但不限于市场流动性不足、技术系统无 法实现以及基金管理人认为不应卖出的其他情形。T 日日终，基金管理人根据所卖出的被 替代证券的实际单位卖出金额（扣除相关费用，折算为人民币）和未卖出的被替代证券的 T 日收盘价（折算为人民币，折算汇率采用基金管理人和基金托管人商定的汇率公允价， 汇率公允价包括中国人民银行或其授权机构公布的人民币汇率中间价、中国外汇交易中心 参考汇率、中国外汇交易中心收盘价、基金管理人与基金托管人商定的其他公允价格等； 当日在证券交易所无交易的，取最近交易日的收盘价；当日无收盘价的，取最后成交价） 计算被替代证券的单位结算金额，在此基础上根据替代证券数量确定赎回替代金额。正常 情况下，T 日后的第,圳基金账户只能进行基金份额的现 金认购和二级市场交易，如投资者需要参与基金的申购、赎回，则应开立深圳 A 股账户。 在目前结算规则下，投资者当日申购的基金份额，清算交收完成后方可卖出和赎回， 即 T 日申购的基金份额且日间完成 RTGS（实时逐笔全额结算）交收的，T 日可卖出和赎 回，而 T 日申购的基金份额且日终完成逐笔全额非担保交收的，T+1 日方可卖出和赎回。T 日竞价买入的基金份额，T 日可以卖出或赎回；T 日大宗买入的基金份额，T 日可以大宗卖 出，T+1 日可以竞价卖出或赎回。由于登记机构对赎回的现金替代采取非净额结算交收模 式，当投资者赎回申请被登记机构确认后，被赎回的基金份额即被记减，但此时投资者尚 未收到赎回现金替代款。 5 基金的过往业绩并不预示其未来表现，基金管理人管理的其他基金的业绩并不构成对 本基金表现的保证。 基金管理人依照恪尽职守、诚实信用、谨慎勤勉的原则管理和运用基金财产，但不保 证基金一定盈利，也不保证最低收益。基金管理人提醒投资人基金投资的“买者自负”原 则，在投资人作出投资决策后，基金运营状况与基金净值变化引致的投资风险，由投资人 自行承担。投资有风险，投资人在投资本基金前应认真阅读本基金的招募说明书、基金合 同和基金产品资料概要等信息披露文件。 各方当事人同意，因《基金合同》而产生的或与《基金合同》有关的一切争
75,520930,SH,SH,,2026-01-08,临时数据/520930/520930_招募说明书_20260108.txt,103560,2,及的基金份额、现金替代、现金差额及其他对价的 清算交收适用上海证券交易所、登记机构相关业务规则以及参与各方相关协议及 其不时修订的有关规定。 本基金申购业务采用实时逐笔全额结算（Real Time Gross Settlement，简称 RTGS）模式；赎回业务涉及的现金替代采用代收代付处理；申购、赎回业务涉 及的现金差额和现金替代退补款采用代收代付处理。 投资者 T 日申购后，如交易记录已勾单且申购资金足额的，登记机构在 T 日日间实时办理基金份额及现金替代的交收；T 日日间未进行勾单确认或日间资 金不足的，登记机构在 T 日日终根据资金是否足额办理基金份额及现金替代的 清算交收；在 T+1 日内办理现金差额的清算，并将结果发送给申购赎回代理券 商、基金管理人和基金托管人。基金管理人与申购赎回代理券商在 T+2 日内办 理现金差额的交收。 投资者 T 日赎回申请受理后，登记机构在 T 日收市后为投资者办理基金份 额的清算交收，在 T+1 日内办理现金差额的清算，并将结果发送给申购赎回代 理券商、基金管理人和基金托管人。基金管理人与申购赎回代理券商在 T+2 日 内办理现金差额的交收。赎回现金替代款将自有效赎回申请之日起 7 个开放日内 划往基金份额持有人账户。 如遇国家外汇管理局相关规定有变更或本基金境外投资主要,4,1,2）本基金在任何交易日日终，持有的卖出股指期货合约价值不得超过基金 持有的股票总市值的 20%； 3）本基金所持有的股票市值和买入、卖出股指期货合约价值，合计（轧差 计算）应当符合基金合同关于股票投资比例的有关约定； 4）本基金在任何交易日内交易（不包括平仓）的股指期货合约的成交金额 不得超过上一交易日基金资产净值的 20%； （9）本基金若参与国债期货交易，应遵守以下投资限制： 1）本基金在任何交易日日终，持有的买入国债期货合约价值，不得超过基 金资产净值的 15%； 2）本基金在任何交易日日终，持有的卖出国债期货合约价值不得超过基金 持有的债券总市值的 30%； 3）本基金在任何交易日内交易（不包括平仓）的国债期货合约的成交金额 不得超过上一交易日基金资产净值的 30%； 4）本基金所持有的债券（不含到期日在一年以内的政府债券）市值和买入、 卖出国债期货合约价值，合计（轧差计算）应当符合基金合同关于债券投资比例 的有关约定； （10）本基金若参与股票期权交易，应遵守以下投资限制： 1）本基金因未平仓的期权合约支付和收取的权利金总额不得超过基金资产 净值的 10%； 2）开仓卖出认购期权的，应持有足额标的证券；开仓卖出认沽期权的，应 持有合约行权所需的全额现金或交易所规则认可的可冲抵期权保证金的现金等 价物； 3）未平仓的期权合约面值不得超过基,2,0,将向投资人收取欠缺的差额。 43 基金管理人可以根据市场情况和实际需要确定和调整申购现金替代溢价比 例，具体的申购现金替代溢价比例以申购赎回清单公告为准。 3）申购替代金额的处理程序 T 日，基金管理人在申购赎回清单中公布现金替代溢价比例，并据此收取申 购替代金额。 对于确认成功的 T 日申购申请，基金管理人在 T 日内购入组合证券中被替 代证券。基金管理人有权在 T 日内任意时刻，以收到的申购替代金额代投资者 购入组合证券中被替代证券的任意数量。基金管理人有权根据基金投资的需要自 主决定不买入部分被替代证券，或者不进行任何买入证券的操作。T 日日终，基 金管理人根据 T 日所购入被替代证券实际单位购入成本（包括买入价格与相关 费用，折算为人民币）和未购入的被替代证券的 T 日收盘价（折算为人民币， 折算汇率采用当天的港股通买入结算汇兑比率和卖出结算汇兑比率的算术平均 值；被替代组合证券当日无交易的，取最近交易日的收盘价；交易日无收盘价的， 取最后成交价）计算被替代证券的单位结算成本，在此基础上根据替代证券数量 和申购现金替代金额确定基金应退还投资人或投资人应补交的款项。若发生特殊 情况，包括如遇港股通结算异常等，基金管理人可以对折算汇率和结算成本进行 相应调整。 T 日后的 3 个港股通交收日内，基金管理人将应退款或补款与相关机构办理 交收。若发生特殊情况，基金,2,0,代款的清算交收可在其复牌后按照实际交易成本或基金管 理人认为合理的价格办理。在此期间若该证券发生除息、送股（转增）、配股等 重要权益变动，则进行相应调整。 4）赎回替代金额的处理程序 对于确认成功的 T 日赎回申请，基金管理人在 T 日内卖出组合证券中被替 44 代证券。基金管理人有权在 T 日内任意时刻代投资者卖出组合证券中被替代证 券的任意数量。基金管理人有权自主决定不卖出部分被替代证券，或者不进行任 何卖出证券的操作。T 日日终，基金管理人根据 T 日所卖出的被替代证券的实际 单位卖出金额（扣除相关费用，折算为人民币）和未卖出的被替代证券的 T 日 收盘价（折算为人民币，折算汇率采用当天的港股通买入结算汇兑比率和卖出结 算汇兑比率的算术平均值；被替代证券当日无交易的，取最近交易日的收盘价； 交易日无收盘价的，取最后成交价）计算被替代证券的单位结算金额，在此基础 上根据替代证券数量确定赎回替代金额。若发生特殊情况，包括如遇港股通结算 异常等，基金管理人可以对折算汇率和结算金额进行相应调整。 T 日后的第 3 个港股通交收日后的 2 个工作日内，基金管理人将应支付的赎 回替代金额与相关申购赎回代理券商办理交收。若发生特殊情况，基金管理人可 以对交收日期进行相应调整。 如遇港股通临时停市、港股通交易额度不足等特殊情况，组合证券的代理卖 出及结算价格可依次顺延至下一,"外。 3、认购申请：投资人在认购本基金时，需按发售代理机构的规定，备足认 购资金，办理认购手续。网上现金认购申请提交后，投资人可以在当日交易时间 内撤销。 4、清算交收：通过发售代理机构提交的网上现金认购申请，由该发售代理 机构冻结相应的认购资金，登记机构进行清算交收，并将有效认购数据发送发售 协调人，发售协调人于网上现金认购结束后按规定将实际到位的认购资金划往预 先开设的基金募集专户。 5、认购金额的计算 认购佣金＝认购价格×认购份额×佣金比率 （或若适用固定费用的，认购佣金=固定费用） 认购金额＝认购价格×认购份额×（1＋佣金比率） （或若适用固定费用的，认购金额＝认购价格×认购份额+固定费用） 认购佣金由发售代理机构向投资人收取，投资人需以现金方式支付认购佣金。 31 例：某投资人到某发售代理机构认购 1,000 份本基金，假设该发售代理机构 确认的佣金比率为 0.30%，则投资人需支付的认购佣金和需准备的认购金额计算 如下： 认购佣金＝1.00×1,000×0.30%＝3.00 元 认购金额＝1.00×1,000×（1＋0.30%）＝1,003.00 元 即投资人需准备 1,003.00 元资金，方可认购到 1,000 份本基金基金份额。 6、认购确认：在基金合同生效后，投资人应通过其办理认购的销售机构查 询认购确认情况。 十、网下现金认购"
76,159316,SZ,SZ,2026-03-06,2026-03-06,临时数据/159316/159316_更新招募说明书_20260306.txt,112324,4,交易互联互通机制投资的风险详见招募说明书。 6、在目前结算规则下，投资者当日申购的基金份额，清算交收完成后方可卖出和赎 回，即 T 日申购的基金份额且日间完成 RTGS（实时逐笔全额结算）交收的，T 日可卖出和 赎回，而 T 日申购的基金份额且日终完成逐笔全额非担保交收的，T+1 日方可卖出和赎回； T 日竞价买入的基金份额，T 日可以卖出或赎回；T 日大宗买入的基金份额，T 日可以大宗 卖出，T+1 日可以竞价卖出或赎回。 投资者投资于本基金前请认真阅读证券交易所和登记结算机构关于 ETF 的相关业务规 则及其不时的更新，确保具备相关专业知识、清楚了解相关规则流程后方可参与本基金的 申购、赎回及交易。投资者一旦申购或赎回本基金，即表示对基金申购和赎回所涉及的登 记方式以及申购赎回所涉及现金替代、现金差额等相关的交收方式及业务规则已经认可。 7、基金管理人提醒投资者基金投资的“买者自负”原则，在投资者作出 投资决策后， 基金运营状况与基金净值变化引致的投资风险，由投资者自行负责。此外，本基金以 1 元 初始面值进行募集，在市场波动等因素的影响下，存在单位份额净值跌破 1 元初始面值的 风险。 8、基金不同于银行储蓄，基金投资人投资于基金有可能获得较高的收益，也有可能 损失本金。投资有风险，投资人在进行投资决策前,5,3,轧 差处 理， 针对净申购，购入净申购份额对应的组合证券中被替代证券，针对净赎回，卖出 净赎 回份额对应的组合证券中被替代证券，基金管理人有权购入或者卖出不等于轧差处理 后的 上述被替代证券的任意数量。 （5）基金管理人可根据运作情况调整代理申赎投资者买券卖券的相关规则并按 规定 公告。 （6）未来如港股通的交易、结算规则发生改变，或深圳证券交易所、登记结算 机构 有关申购赎回交易结算规则发生改变，或基金管理人与基金托管人之间的结算相关安 排发 生改变等，基金管理人可对上述相关现金替代处理规则进行调整，并按规定公告。 5、预估现金差额相关内容 预估现金差额是指为便于计算基金份额参考净值及申购赎回代理券商预先冻结申 请申 购、赎回的投资者的相应资金，由基金管理人计算的现金数额。 T 日申购赎回清单中公告 T 日预估现金差额。其计算公式为： T 日预估现金差额＝T-1 日最小申购、赎回单位的基金资产净值－（申购赎回清单中必 41 须现金替代成份证券的替代金额＋申购赎回清单中可以现金替代成份证券的数量、调 整后 T 日开盘参考价以及 T-1 日估值汇率的乘积之和） 其中，该证券调整后 T 日开盘参考价主要根据指数公司提供的标的指数成份证券的调 整后开盘参考价确定。另外，若 T-1 日至 T 日期间存在香港证券交易所交易日为非申赎开 放日，则基金管理人可,2,0,理人将向投资者收取欠缺的差额。 基金管理人可以根据市场情况和实际需要确定和调整申购现金替代保证金率，具 体的 申购现金替代保证金率以申购赎回清单公告为准。 3）申购替代金额的处理程序 T 日，基金管理人在申购赎回清单中公布申购现金替代保证金率，并据此收取申 购替 39 代金额。 基金管理人在T 日内购入组合证券中被替代证券。基金管理人有权在T 日内任意时刻， 以收到的申购替代金额代投资者购入组合证券中被替代证券的任意数量。 正常情况下 ，对 于确认成功的 T 日申购申请，基金管理人根据 T 日所购入的被替代证券的实际单位购入成 本（包括买入价格与相关费用，折算为人民币）和未买入的被替代证券 T 日收盘价（折算 为人民币，被替代证券当日在证券交易所无交易的，取最近交易日的收盘价；交易日 无收 盘价的，取最后成交价）计算被替代证券的单位结算成本，在此基础上根据替代证券 数量 和申购替代金额确定基金应退还投资者或投资者应补交的款项。T 日后的三个港股通 交易 日内，基金管理人将应退款或补款与相关申购赎回代理券商办理交收，当交收期间出 现 港 股通交易日为非港股通交收日时，款项交收日期顺延。若发生特殊情况，基金管理人 可以 对交收日期进行相应调整。 如遇港股通临时停市、港股通交易当日额度使用完毕而暂停或停止接受买入申报 等特 殊情况，基金管理人可考虑根据实际情况将组合证券,2,4,的清算交收可按照其复牌后实际 交易 成本或者基金管理人认为合理的价格办理。在此期间若该证券发生除息、送股（转增 ）、 配股等重要权益变动，则进行相应调整。 4）赎回替代金额的处理程序 基金管理人在 T 日内卖出组合证券中被替代证券。基金管理人有权在 T 日内任意时刻 代投资者卖出组合证券中被替代证券的任意数量。正常情况下，对于确认成功的 T 日赎回 申请，基金管理人根据 T 日所卖出的被替代证券的实际单位卖出金额（扣除相关费用，折 算为人民币）和未卖出的被替代证券的 T 日收盘价（折算为人民币，被替代证券当日在证 券交易所无交易的，取最近交易日的收盘价；交易日无收盘价的，取最后成交价）计 算被 替代证券的单位结算金额，在此基础上根据替代证券数量确定赎回替代金额。T 日后的第 3 个港股通交易日后的 1 个工作日内，基金管理人将应支付的赎回替代金额与相关申购赎回 代理券商办理交收，当交收期间出现港股通交易日为非港股通交收日时，款项交收日 期顺 延。若发生特殊情况，基金管理人可以对交收日期进行相应调整。 40 如遇港股通临时停市等特殊情况，组合证券的代理卖出及结算价格可依次顺延至 下一 港股通交易日直至交易正常。如遇证券长期停牌、流动性不足等可能导致收盘价或最 后成 交价不公允的特殊情况，可参照证券的估值价格，对结算价格进行调整，如果基金管 理人 认为该证券复牌后的价,交易互联互通机制投资的风险等特有风险。本基金通过内地 与香港股票市场交易互联互通机制投资的风险详见招募说明书。 6、在目前结算规则下，投资者当日申购的基金份额，清算交收完成后方可卖出和赎 回，即 T 日申购的基金份额且日间完成 RTGS（实时逐笔全额结算）交收的，T 日可卖出和 赎回，而 T 日申购的基金份额且日终完成逐笔全额非担保交收的，T+1 日方可卖出和赎回； T 日竞价买入的基金份额，T 日可以卖出或赎回；T 日大宗买入的基金份额，T 日可以大宗 卖出，T+1 日可以竞价卖出或赎回。 投资者投资于本基金前请认真阅读证券交易所和登记结算机构关于 ETF 的相关业务规 则及其不时的更新，确保具备相关专业知识、清楚了解相关规则流程后方可参与本基金的 申购、赎回及交易。投资者一旦申购或赎回本基金，即表示对基金申购和赎回所涉及的登 记方式以及申购赎回所涉及现金替代、现金差额等相关的交收方式及业务规则已经认可。 7、基金管理人提醒投资者基金投资的“买者自负”原则，在投资者作出 投资决策后， 基金运营状况与基金净值变化引致的投资风险，由投资者自行负责。此外，本基金以 1 元 初始面值进行募集，在市场波动等因素的影响下，存在单位份额净值跌破 1 元初始面值的 风险。 8、基金不同于银行储蓄，基金投资人投资于基金有可能获得较高的收益，也有可能 损失本金。投资有
77,159102,SZ,SZ,2026-06-26,2026-06-26,临时数据/159102/159102_更新招募说明书_20260626.txt,109794,2,3、申购和赎回的清算交收与登记 本基金申购和赎回过程中涉及的申购赎回对价和基金份额的交收适用业务 规则的规定和参与各方相关协议的有关规定。 本基金申购业务采用实时逐笔全额结算（Real Time Gross Settlement， 简称 RTGS）模式；赎回业务涉及的现金替代采用代收代付处理；申购、赎回业 务涉及的现金差额和现金替代退补款采用代收代付处理。 1）申购的清算交收 投资者 T 日申购后，如交易记录已勾单且申购资金足额的，登记机构在 T 日日间实时办理基金份额及现金替代的交收；T 日日间未进行勾单确认或日间 资金不足的，登记机构在 T 日日终根据资金是否足额办理基金份额及现金替代 的清算交收，并将结果发送给基金管理人、申购赎回代理券商和基金托管人。 基金管理人在 T+1 日办理现金差额的清算，并将结果发送给申购赎回代理券商、 基金管理人和基金托管人。基金管理人与申购赎回代理券商在 T+2 日办理现金 差额的交收。 2）赎回的清算交收 投资者 T 日赎回成功后，登记机构在 T 日收市后为投资者办理基金份额的 交收，在 T+1 日办理现金差额的清算，并将结果发送给申购赎回代理券商、基 金管理人和基金托管人。基金管理人与申购赎回代理券商在 T+2 日办理现金差 额的交收。 赎回替代金额的清算交收由基金管理人和,4,1,卖出部分 被替代证券，或者不进行任何买入或卖出证券的操作，基金管理人可能不买入 或不卖出被替代证券的情形包括但不限于市场流动性不足、技术系统无法实现、 申购赎回轧差以及基金管理人认为不应买入或卖出的其他情形。 按照目前的证券代理买卖规则，正常情况下，对于 T 日确认成功的申购或 赎回申请，基金管理人正常情况下将在 T 日代理进行相关证券买卖，而对于 T 日未买入或未卖出的部分证券，基金管理人将按该证券 T 日收盘价（折算为人 民币，目前折算汇率采用 T 日估值汇率，基金管理人可根据情况调整所使用的 折算汇率，并及时公告，被替代证券 T 日在证券交易所无交易的，取最近交易 日的收盘价，交易日无收盘价的，取最后成交价）计算被替代证券的单位结算 成本或结算金额，因此投资者需承受可能当天无法完成所有证券买卖、未完成 第 4 页 共 151 页 买卖部分按收盘价结算、结算成本或结算金额不确定（含汇率波动、未完成买 卖部分的折算汇率与港股通结算汇率发生偏离）等风险。 本基金可参与内地与香港股票市场交易互联互通机制（以下简称“港股通 机制”）下港股通相关业务，基金资产投资于港股，会面临港股通机制下因投 资环境、投资标的、市场制度以及交易规则等差异带来的特有风险，包括港股 市场股价波动较大的风险（港股市场实行 T+0 回转交易，且对个股不设涨跌幅 限制，港股股价,1,0,的共同风险外，如投资存托凭证的，本基金还将面临投资存托凭证的特 殊风险，详见本招募说明书“风险揭示”章节。 基金管理人可在招募说明书规定的时间内以收到的替代金额代投资者买入 或卖出小于等于被替代证券数量的任意数量的被替代证券，实际买入被替代证 券的价格可能处于规定时间内较高的位置或处于最高价格，实际卖出被替代证 券的价格可能处于规定时间内较低的位置或处于最低价格，基金管理人对此不 承担责任。基金管理人有权根据基金投资的需要自主决定不买入或不卖出部分 被替代证券，或者不进行任何买入或卖出证券的操作，基金管理人可能不买入 或不卖出被替代证券的情形包括但不限于市场流动性不足、技术系统无法实现、 申购赎回轧差以及基金管理人认为不应买入或卖出的其他情形。 按照目前的证券代理买卖规则，正常情况下，对于 T 日确认成功的申购或 赎回申请，基金管理人正常情况下将在 T 日代理进行相关证券买卖，而对于 T 日未买入或未卖出的部分证券，基金管理人将按该证券 T 日收盘价（折算为人 民币，目前折算汇率采用 T 日估值汇率，基金管理人可根据情况调整所使用的 折算汇率，并及时公告，被替代证券 T 日在证券交易所无交易的，取最近交易 日的收盘价，交易日无收盘价的，取最后成交价）计算被替代证券的单位结算 成本或结算金额，因此投资者需承受可能当天无法完成所有证券买卖、未完成 第 4 页,0,0,的共同风险外，如投资存托凭证的，本基金还将面临投资存托凭证的特 殊风险，详见本招募说明书“风险揭示”章节。 基金管理人可在招募说明书规定的时间内以收到的替代金额代投资者买入 或卖出小于等于被替代证券数量的任意数量的被替代证券，实际买入被替代证 券的价格可能处于规定时间内较高的位置或处于最高价格，实际卖出被替代证 券的价格可能处于规定时间内较低的位置或处于最低价格，基金管理人对此不 承担责任。基金管理人有权根据基金投资的需要自主决定不买入或不卖出部分 被替代证券，或者不进行任何买入或卖出证券的操作，基金管理人可能不买入 或不卖出被替代证券的情形包括但不限于市场流动性不足、技术系统无法实现、 申购赎回轧差以及基金管理人认为不应买入或卖出的其他情形。 按照目前的证券代理买卖规则，正常情况下，对于 T 日确认成功的申购或 赎回申请，基金管理人正常情况下将在 T 日代理进行相关证券买卖，而对于 T 日未买入或未卖出的部分证券，基金管理人将按该证券 T 日收盘价（折算为人 民币，目前折算汇率采用 T 日估值汇率，基金管理人可根据情况调整所使用的 折算汇率，并及时公告，被替代证券 T 日在证券交易所无交易的，取最近交易 日的收盘价，交易日无收盘价的，取最后成交价）计算被替代证券的单位结算 成本或结算金额，因此投资者需承受可能当天无法完成所有证券买卖、未完成 第 4 页 共 1,页 有效性进行确认。投资人应及时查询有关申请的确认情况，否则如因申请未得 到登记机构的确认而造成的损失，由投资人自行承担。 若深圳证券交易所和登记机构推出新的清算交收与登记模式并引入新的申 购、赎回方式，本基金管理人将根据新的业务规则新增或调整申购和赎回申请 的确认方式，无须召开基金份额持有人大会审议。 3、申购和赎回的清算交收与登记 本基金申购和赎回过程中涉及的申购赎回对价和基金份额的交收适用业务 规则的规定和参与各方相关协议的有关规定。 本基金申购业务采用实时逐笔全额结算（Real Time Gross Settlement， 简称 RTGS）模式；赎回业务涉及的现金替代采用代收代付处理；申购、赎回业 务涉及的现金差额和现金替代退补款采用代收代付处理。 1）申购的清算交收 投资者 T 日申购后，如交易记录已勾单且申购资金足额的，登记机构在 T 日日间实时办理基金份额及现金替代的交收；T 日日间未进行勾单确认或日间 资金不足的，登记机构在 T 日日终根据资金是否足额办理基金份额及现金替代 的清算交收，并将结果发送给基金管理人、申购赎回代理券商和基金托管人。 基金管理人在 T+1 日办理现金差额的清算，并将结果发送给申购赎回代理券商、 基金管理人和基金托管人。基金管理人与申购赎回代理券商在 T+2 日办理现金 差额的交收。 2）赎回的清算交收 投资者 T
78,520500,SH,SH,2026-01-10,2026-01-10,临时数据/520500/520500_更新招募说明书_20260110.txt,113111,2,购、赎回的确认以登记机构的确认结果为准。对于申购、 赎回申请的确认情况，投资人应及时查询并妥善行使合法权利。 3、申购和赎回的清算交收与登记 本基金申购业务采用实时逐笔全额结算（Real Time Gross Settlement，以下简称 RTGS） 模式；赎回业务涉及的现金替代可采用代收代付处理；申购、赎回业务涉及的现金差额和现 金替代退补款可采用代收代付处理。 （1）申购的清算交收 投资者 T 日现金申购后，如交易记录已勾单且申购资金足额的，登记结算机构在 T 日日 间实时办理基金份额及现金替代的交收；T日日间未进行勾单确认或日间资金不足的，登记结 算机构在 T 日日终根据资金是否足额办理基金份额及现金替代的清算交收，并将结果发送给 基金管理人、申购赎回代理券商和基金托管人。基金管理人通过登记结算机构在 T+1 日办理 现金差额的清算，在T+2日办理现金差额的交收。 （2）赎回的清算交收 投资者 T 日赎回申请受理后，登记结算机构在 T 日收市后为投资者办理基金份额的清算 华泰柏瑞恒生创新药交易型开放式指数证券投资基金（QDII） 38 交收。基金管理人通过登记结算机构在 T+1 日办理现金差额的清算，在 T+2 日办理现金差额 的交收。 正常情况下，赎回替代款项的清算交收于 T+7 日（指开放日）内办理。但,2,1,在任何交易日内交易（不包括平仓）的股指期货合约的成交金额不得超过上一 交易日基金资产净值的20%； ⑤本基金所持有的股票市值和买入、卖出股指期货合约价值，合计（轧差计算）应当符 合基金合同关于股票投资比例的有关约定； 13）本基金可参与融资业务，在任何交易日日终，本基金持有的融资买入股票与其他有 价证券市值之和，不得超过基金资产净值的95%； 14）本基金参与转融通证券出借业务，需遵循下述比例限制： ①出借证券资产不得超过基金资产净值的 30%，出借期限在 10 个交易日以上的出借证券 华泰柏瑞恒生创新药交易型开放式指数证券投资基金（QDII） 50 应纳入《流动性风险管理规定》所述流动性受限证券的范围； ②参与出借业务的单只证券不得超过基金持有该证券总量的30%； ③最近6 个月内日均基金资产净值不得低于2亿元； ④证券出借的平均剩余期限不得超过30天，平均剩余期限按照市值加权平均计算； 因证券市场波动、上市公司合并、基金规模变动等基金管理人之外的因素致使基金投资 不符合上述规定的，基金管理人不得新增出借业务； 15）本基金投资境内发行的存托凭证的比例限制依照境内上市交易的股票执行，与境内 上市交易的股票合并计算； 本基金境外投资应遵循以下限制： 16）本基金持有非流动性资产市值不得超过基金净值的10%；前项非流动性资产是指法律 或基金合同规定,0,0,成本），则基金管理人将退还多收取的差额；如果预先收取的替 代金额低于购入该部分证券的实际成本（或证券实际结算成本），则基金管理人将向投资者 收取欠缺的差额。 ③申购替代金额的处理程序 对于确认成功的T日申购申请，在T日（指上海证券交易所与香港交易所的共同交易日） 内，基金管理人以收到的申购替代金额代投资者买入被替代证券。基金管理人有权在 T 日 （指上海证券交易所与香港交易所的共同交易日）内任意时刻以收到的申购替代金额代投资 者买入小于等于被替代证券数量的任意数量的被替代证券。基金管理人有权根据基金投资的 需要自主决定不买入部分被替代证券，或者不进行任何买入证券的操作。在 T 日（指上海证 券交易所与香港交易所的共同交易日）日终，基金管理人已买入的证券，依据申购的替代金 额与被替代证券的实际买入成本（包括买入价格与相关交易费用）的差额，确定基金应退还 投资者或投资者应补交的款项；未买入的证券，依据申购的替代金额与被替代证券 T 日（指 上海证券交易所与香港交易所的共同交易日）收盘价（需用汇率公允价折算为人民币，当日 在证券交易所无交易的，取最近交易日的收盘价，当日无收盘价的，取最后成交价）的差额， 确定基金应退还投资者或投资者应补交的款项。 在此期间若该部分证券发生除息、送股（转增）、配股等重要权益变动，则进行相应调 整。正常情况下，T日后的第2个港股通交收日后的,0,0,金（QDII） 41 ④赎回对应的替代金额的处理程序 对于确认成功的T日赎回申请，在T日（指上海证券交易所与香港交易所的共同交易日） 内，基金管理人根据赎回申请代投资者卖出被替代证券。基金管理人有权在 T 日（指上海证 券交易所与香港交易所的共同交易日）内任意时刻代投资者卖出小于等于被替代证券数量的 任意数量的被替代证券。基金管理人有权根据基金投资的需要自主决定不卖出部分被替代证 券，或者不进行任何卖出证券的操作。 在 T 日（指上海证券交易所与香港交易所的共同交易日）日终，基金管理人已卖出的证 券，按照被替代证券的实际卖出金额（扣除相关费用，需用汇率公允价折算为人民币）确定 基金应支付的替代金额；未卖出的证券，按照被替代证券 T 日（指上海证券交易所与香港交 易所的共同交易日）收盘价（需用汇率公允价折算为人民币，当日在证券交易所无交易的， 取最近交易日的收盘价，当日无收盘价的，取最后成交价）确定基金应支付给投资者的替代 金额。 在此期间若该部分证券发生除息、送股（转增）、配股等重要权益变动，则进行相应调 整。正常情况下，T日后的第2个港股通交收日后的第2个工作日内，基金管理人将应支付的 赎回替代金额与相关申购赎回代理机构办理交收。若发生特殊情况，基金管理人可以对交收 日期进行相应调整。 如遇港股通临时停市等特殊情况，组合证券的代理卖出及结算价格可依次顺,法规、监管 要求以及本基金发售规模控制方案另有规定的除外。 （4）认购申请：投资者在认购本基金时，需按发售代理机构的规定，备足认购资金，办 理认购手续。 （5）清算交收：T 日通过发售代理机构提交的网上现金认购申请，由该发售代理机构冻 结相应的认购资金，登记机构进行清算交收，并将有效认购数据发送发售协调人，发售协调 人将实际到位的认购资金划往其预先开设的基金募集专户。 （6）认购确认：在基金合同生效后，投资者应通过其办理认购的销售网点查询认购确认 情况。 5、网下现金认购 （1）认购时间：详见本基金基金份额发售公告。 （2）认购金额和利息折算的份额的计算： 通过基金管理人进行网下现金认购的投资者，认购以基金份额申请，认购费用、认购金 额的计算公式为： 认购费用＝认购份额×认购费率 （若适用固定费用的，认购费用＝固定费用） 认购金额＝认购份额×（1＋认购费率） （若适用固定费用的，认购金额＝认购价格×认购份额+固定费用） 净认购份额＝认购份额＋认购金额产生的利息/基金份额面值 华泰柏瑞恒生创新药交易型开放式指数证券投资基金（QDII） 30 其中： 认购费用由基金管理人在投资者认购确认时收取，投资者需以现金方式交纳认购费用。 通过发售代理机构进行网下现金认购的认购金额的计算：同通过发售代理机构进行网上 现金认购的认购金额的计算。 （3）认购限额：网下现
79,520970,SH,SH,2026-06-30,2026-06-30,临时数据/520970/520970_更新招募说明书_20260630.txt,122376,2,金申购赎回过程中涉及的基金份额、 现金替代、 现金差额及其他对价的清算交收适 用相关业务规则和参与各方相关协议及其不时修订的有关规定。 对于本基金的申购业务采用实时逐笔全额结算（Real Time Gross Settlement，以下简 称 RTGS）模式；赎回业务涉及的现金替代采用代收代付处理；申购、赎回业务涉及的现金 差额和现金替代退补款采用代收代付处理。 投资者T 日现金申购后， 如交易记录已勾单且申购资金足额的， 登记结算机构在T 日日 间实时办理基金份额及现金替代的交收；T 日日间未进行勾单确认或日间资金不足的， 登记 结算机构在 T 日日终根据资金是否足额办理基金份额及现金替代的清算交收；在T+1 日内 办理现金差额的清算， 并将结果发送给申购赎回代理券商、 基金管理人和基金托管人。 基金 管理人与申购赎回代理券商在T+3 日内办理现金差额的交收。 投资者 T 日赎回申请受理后，登记结算机构在 T 日收市后为投资者办理基金份额的清 算交收， 在T+1 日内办理现金差额的清算， 并将结果发送给申购赎回代理券商、 基金管理人 嘉实中证港股通创新药交易型开放式指数证券投资基金更新招募说明书（2026 年 06 月 30 日更新） 47 和基金托管人。 基金管理人与申购赎回代理券商在T+3 日内办理现金差额的,3,1,本基金在任何交易日日终， 持有的卖出股指期货合约价值不得超过基金持有的股票总 市值的20%； ④本基金所持有的股票市值和买入、 卖出股指期货合约价值， 合计 （轧差计算） 应当符 合基金合同关于股票投资比例的有关约定； ⑤本基金在任何交易日内交易 （不包括平仓） 的股指期货合约的成交金额不得超过上一 交易日基金资产净值的20%； ⑥每个交易日日终， 在扣除股指期货和国债期货合约需缴纳的交易保证金后， 本基金应 当保持不低于交易保证金一倍的现金； （10）本基金若参与国债期货交易，应当符合下列投资限制： ①本基金在任何交易日日终， 持有的买入国债期货合约价值， 不得超过基金资产净值的 15%； 嘉实中证港股通创新药交易型开放式指数证券投资基金更新招募说明书（2026 年 06 月 30 日更新） 60 ②本基金在任何交易日日终，在扣除股指期货和国债期货合约需缴纳的交易保证金后， 应当保持不低于交易保证金一倍的现金； ③本基金在任何交易日日终， 持有的买入股指期货、 国债期货合约价值与有价证券市值 之和，不得超过基金资产净值的100%。 其中，有价证券指股票、债券（不含到期日在一年以内的政府债券）、资产支持证券、 买入返售金融资产（不含质押式回购）等； ④本基金在任何交易日日终， 持有的卖出国债期货合约价值不得超过基金持有的债券总 市值的30%； ⑤,0,0,,1,0,， 该证券对应的现金替代款的清算交收可在其复牌 后按照实际交易成本办理。在此期间若该证券发生除息、 送股 （转增）、 配股等重要权益变 动，则进行相应调整。 ④赎回替代金额的处理程序 对于确认成功的T 日赎回申请，T 日内， 基金管理人根据赎回规模进行组合证券的代理 卖出。T 日日终， 基金管理人根据所卖出的被替代证券的实际单位卖出金额 （扣除相关费用， 按照汇率折算为人民币） 和未卖出的被替代证券的T 日收盘价 （按照汇率折算为人民币； 被 替代证券T 日在证券交易所无交易的， 取最近交易日的收盘价； 交易日无收盘价的， 取最后 成交价） 计算被替代证券的单位结算金额， 在此基础上根据替代证券数量确定赎回替代金额。 T+7 日（指开放日）内，基金管理人将应支付的赎回替代金额与相关申购赎回代理券商办理 交收， 当交收期间出现港股通交易日为非港股通交收日时， 款项交收日期可以顺延。 若发生 特殊情况，基金管理人可以对交收日期进行相应调整。 上述汇率是指汇率公允价。 汇率公允价包括但不限于中国人民银行或其授权机构最新公 布的人民币汇率中间价、 中国外汇交易中心公布的人民币对主要货币参考汇率、 与基金托管 人商定的其他公允价格 （如： 中国人民银行或国家外汇管理局或中国外汇交易中心正式对外 公布的人民币兑主要外汇当日收盘价）等。 嘉实中证港股通创新药交易型开放式指数证券,"（或若适用固定费用的，认购佣金＝固定费用） 嘉实中证港股通创新药交易型开放式指数证券投资基金更新招募说明书（2026 年 06 月 30 日更新） 40 5、清算交收：T 日通过发售代理机构提交的网上现金认购申请，由该发售代理机构冻 结相应的认购资金，登记结算机构进行清算交收，并将有效认购数据发送发售协调人，发 售协调人于网上现金认购结束后将实际到位的认购资金划往预先开设的基金募集专户。 （九）网下现金认购 1、认购时间：2025 年7 月14 日至2025 年 7 月25 日。 2、认购限额：网下现金认购以基金份额申请。投资者通过发售代理机构办理网下现金 认购的，每笔认购份额须为1,000 份或其整数倍，投资者通过基金管理人办理网下现金认 购的，每笔认购份额须在5 万份以上（含5 万份）。投资者可以多次认购，累计认购份额不 设上限。 3、通过基金管理人进行网下现金认购的投资者，认购申请一经受理不得撤销，投资者 在认购本基金时，需按基金管理人的规定办理相关认购手续，并备足认购资金，认购金额 和利息折算的份额的计算公式为： 认购金额＝认购价格×认购份额×（1＋认购费率） （或若适用固定费用的，认购金额＝认购价格×认购份额＋固定费用） 认购费用＝认购价格×认购份额×认购费率 （或若适用固定费用的，认购费用＝固定费用） 利息折算的份额＝利息/认购价格 通"
80,520760,SH,SH,2026-05-14,2026-05-14,临时数据/520760/520760_更新招募说明书_20260514.txt,111281,0,,6,1,任何交易日内交易 （不包括平仓） 的股指期货合约的成交金额不得超过上一交 易日基金资产净值的 20%；本基金所持有的股票市值和买入、卖出股指期货合约 价值合计（轧差计算）应当符合基金合同关于股票投资比例的有关约定； （4）在任何交易日日终，持有的买入国债期货和股指期货合约价值与有价 证券市值之和，不得超过基金资产净值的 100%，其中，有价证券指股票、债券 （不含到期日在一年以内的政府债券） 、买入返售金融资产（不含质押式回购） 等。 若本基金在交易日日终未持有股指期货、 国债期货合约， 则不受此条款约束； （5）每个交易日日终在扣除股指期货、国债期货和股票期权合约需缴纳的 交易保证金后， 本基金应当保持不低于交易保证金一倍的现金， 其中现金不包括 结算备付金、存出保证金、应收申购款等； （6）本基金参与国债期货交易的，应当符合下列要求：本基金在任何交易 日日终，持有的买入国债期货合约价值，不得超过基金资产净值的15%；基金在 任何交易日日终， 持有的卖出国债期货合约价值， 不得超过基金持有的债券总市 值的 30%；本基金在任何交易日内交易（不包括平仓）的国债期货合约的成交金 额不得超过上一交易日基金资产净值的 30%；本基金所持有的债券（不含到期日 在一年以内的政府债券） 市值和买入、 卖出国债期货合约价值， 合计 （轧差计算） 应当符合基金合,1,0,T-1 日估值汇率换 算或基金管理人认为合理的其他方法。 （2）关于可以现金替代 1）适用情形：可以现金替代的证券是指基金管理人认为需要在投资者申购 或赎回时代投资者买入或卖出的证券。 2）替代金额：对于可以现金替代的证券，替代金额的计算公式为： 申购的替代金额＝替代证券数量×该证券参考价格×T-1 日估值汇率×（1 ＋申购现金替代溢价比例） 。 其中， “该证券参考价格”目前为该证券经除权除息调整的T 日前一港股通 交易日收盘价， 主要根据指数服务机构提供的标的指数成份证券的调整后收盘价 确定。 如果成份证券上市市场参考价格确定原则发生变化， 以成份证券上市市场 通知规定的参考价格为准。 对可以现金替代而言， 申购时收取现金替代溢价的原因是， 对于使用现金替 代的证券， 基金管理人将买入该证券， 实际买入价格加上相关交易费用后与该证 券参考价格可能有所差异。 为便于操作， 基金管理人在申购、 赎回清单中预先确 定申购现金替代溢价比例， 并据此收取替代金额。 如果预先收取的金额高于基金 购入该部分证券的实际成本， 则基金管理人将退还多收取的差额； 如果预先收取 的金额低于基金购入该部分证券的实际成本， 则基金管理人将向投资者收取欠缺 的差额。 3）申购替代金额的处理程序 基金管理人可以根据市场情况和实际需要确定和调整申购现金替代溢价比 例，具体的申购现,0,0,T-1 日估值汇率换 算或基金管理人认为合理的其他方法。 （2）关于可以现金替代 1）适用情形：可以现金替代的证券是指基金管理人认为需要在投资者申购 或赎回时代投资者买入或卖出的证券。 2）替代金额：对于可以现金替代的证券，替代金额的计算公式为： 申购的替代金额＝替代证券数量×该证券参考价格×T-1 日估值汇率×（1 ＋申购现金替代溢价比例） 。 其中， “该证券参考价格”目前为该证券经除权除息调整的T 日前一港股通 交易日收盘价， 主要根据指数服务机构提供的标的指数成份证券的调整后收盘价 确定。 如果成份证券上市市场参考价格确定原则发生变化， 以成份证券上市市场 通知规定的参考价格为准。 对可以现金替代而言， 申购时收取现金替代溢价的原因是， 对于使用现金替 代的证券， 基金管理人将买入该证券， 实际买入价格加上相关交易费用后与该证 券参考价格可能有所差异。 为便于操作， 基金管理人在申购、 赎回清单中预先确 定申购现金替代溢价比例， 并据此收取替代金额。 如果预先收取的金额高于基金 购入该部分证券的实际成本， 则基金管理人将退还多收取的差额； 如果预先收取 的金额低于基金购入该部分证券的实际成本， 则基金管理人将向投资者收取欠缺 的差额。 3）申购替代金额的处理程序 基金管理人可以根据市场情况和实际需要确定和调整申购现金替代溢价比 例，具体的申购现金替代,请的确认情况， 否则如因申请未得到登记机构的确 认而造成的损失，由投资人自行承担。 本基金具体的申购、赎回确认流程详见本招募说明书及相关公告。 3、申购和赎回的清算交收与登记 本基金申购赎回过程中涉及的基金份额、 现金替代、 现金差额及其他对价的 清算交收适用《业务规则》和参与各方相关协议的有关规定。 投资者 T 日申购成功后，正常情况下，登记机构在 T 日收市后为投资人办 理基金份额与现金替代等的交收；在 T+1 日内办理现金差额的清算，在 T+2 日 办理现金差额的交收， 并将结果发送给申购赎回代理券商、 基金管理人和基金托 管人。 投资者 T 日赎回成功后，正常情况下，登记机构在 T 日收市后为投资人办 理基金份额的交收； 在T+1 日内办理现金差额的清算。 申购赎回代理券商、 基金 管理人在 T+2 日办理现金差额的交收，并将结果发送给申购赎回代理券商、基 金管理人和基金托管人。 正常情况下， 基金管理人不迟于T+7 日 （指开放日） 办 理赎回替代款项的交付。 如遇国家外汇管理局相关规定有变更或本基金主要投资的证券市场休市或 暂停交易、 主要投资的证券市场或港股通交易结算清算规则变更、 交易所或登记 结算机构有关申购赎回交易结算规则发生改变、 登记公司系统故障、 交易所或交 易市场数据传输延迟、 通讯系统故障、 银行数据交换系统故障或其它非基金管
81,513930,SH,SH,,2026-02-04,临时数据/513930/513930_招募说明书_20260204.txt,106046,2,涉及的基金份额、现金替代、现金差额及其他对价的清算交收适用 相关业务规则和参与各方相关协议及其不时修订的有关规定。 本基金现金申购业务中的申购份额和现金替代采用实时逐笔全额结算（ Real Time Gross Settlement，以下简称 RTGS）模式处理；现金赎回业务中的现金替代采用代收代付处理；现金 华泰柏瑞恒生生物科技交易型开放式指数证券投资基金 招募说明书 36 申购、赎回业务涉及的现金差额和现金替代退补款采用代收代付处理。 投资者 T 日现金申购后，如交易记录已勾单且申购资金足额的，登记机构在 T 日日间实时 办理基金份额及现金替代的交收；T 日日间未进行勾单确认或日间资金不足的，登记机构在 T 日日终根据资金是否足额办理基金份额及现金替代的清算交收，并将结果发送给基金管理人、 申购赎回代理券商和基金托管人。登记机构在 T+1 日办理现金差额的清算，并将结果发送给申 购赎回代理券商、基金管理人和基金托管人。基金管理人与申购赎回代理券商在 T+2 日办理现 金差额的交收。 投资者 T 日赎回成功后，正常情况下，登记机构在T 日收市后为投资者办理基金份额的交 收，在 T+1 日办理现金差额的清算，并将结果发送给申购赎回代理券商、基金管理人和基金托 管人。基金管理人与申购赎回代理券商在 T+2 日办理现金,4,1,（不含到期日在一年以内的政府 债券） 、资产支持证券、买入返售金融资产（不含质押式回购）等； （15）本基金所持有的股票市值和买入、卖出股指期货合约价值，合计（轧差计算）应当 符合基金合同关于股票投资比例的有关约定；基金所持有的债券（不含到期日在一年以内的政 府债券）市值和买入、卖出国债期货合约价值，合计（轧差计算）应当符合基金合同关于债券 投资比例的有关约定； （16）基金因未平仓的期权合约支付和收取的权利金总额不得超过基金资产净值的 10%； 开仓卖出认购期权的，应持有足额标的证券；开仓卖出认沽期权的，应持有合约行权所需的全 额现金或交易所规则认可的可冲抵期权保证金的现金等价物；未平仓的期权合约面值不得超过 基金资产净值的 20%。其中，合约面值按照行权价乘以合约乘数计算； （17）本基金可参与融资业务，在任何交易日日终，本基金持有的融资买入股票与其他有 价证券市值之和，不得超过基金资产净值的 95%； （18）本基金参与转融通证券出借业务，需遵循下述比例限制： 1）出借证券资产不得超过基金资产净值的 30%，出借期限在 10 个交易日以上的出借证券 华泰柏瑞恒生生物科技交易型开放式指数证券投资基金 招募说明书 50 应纳入《流动性风险管理规定》所述流动性受限证券的范围； 2）参与出借业务的单只证券不得超过基金持有该证券总量的30%； 3）最,0,0,开盘参考价并按照 T-1 日估值汇率换算或基金管理人认为合理的其他方法。 （2）可以现金替代 ①适用情形：可以现金替代是指基金管理人认为需要在投资者申购或赎回时代投资者买入 或卖出的证券 ②替代金额：对于可以现金替代的证券，替代金额的计算公式为： 申购的替代金额＝替代证券数量×该证券调整后 T 日开盘参考价×T-1 日估值汇率×（1+申购 现金替代溢价比例） 收取申购现金替代溢价的原因是，基金管理人需要在收到申购确认信息后买入组合证券， 实际结算成本与替代金额可能有所差异。为便于操作，基金管理人在申购、赎回清单中预先确 定申购现金替代溢价比例，并据此收取替代金额。如果预先收取的替代金额高于购入该部分证 券的实际成本 （或证券实际结算成本） ， 则基金管理人将退还多收取的差额； 如果预先收取的替 代金额低于购入该部分证券的实际成本 （或证券实际结算成本） ， 则基金管理人将向投资者收取 欠缺的差额。 ③申购替代金额的处理程序 对于确认成功的 T 日申购申请，在 T 日（指上海证券交易所与香港交易所的共同交易日） 内，基金管理人以收到的申购替代金额代投资者买入被替代证券。基金管理人有权在T 日（指 上海证券交易所与香港交易所的共同交易日）内任意时刻以收到的申购替代金额代投资者买入 小于等于被替代证券数量的任意数量的被替代证券。基金管理人有权根据基金投资的需要,0,0,开盘参考价并按照 T-1 日估值汇率换算或基金管理人认为合理的其他方法。 （2）可以现金替代 ①适用情形：可以现金替代是指基金管理人认为需要在投资者申购或赎回时代投资者买入 或卖出的证券 ②替代金额：对于可以现金替代的证券，替代金额的计算公式为： 申购的替代金额＝替代证券数量×该证券调整后 T 日开盘参考价×T-1 日估值汇率×（1+申购 现金替代溢价比例） 收取申购现金替代溢价的原因是，基金管理人需要在收到申购确认信息后买入组合证券， 实际结算成本与替代金额可能有所差异。为便于操作，基金管理人在申购、赎回清单中预先确 定申购现金替代溢价比例，并据此收取替代金额。如果预先收取的替代金额高于购入该部分证 券的实际成本 （或证券实际结算成本） ， 则基金管理人将退还多收取的差额； 如果预先收取的替 代金额低于购入该部分证券的实际成本 （或证券实际结算成本） ， 则基金管理人将向投资者收取 欠缺的差额。 ③申购替代金额的处理程序 对于确认成功的 T 日申购申请，在 T 日（指上海证券交易所与香港交易所的共同交易日） 内，基金管理人以收到的申购替代金额代投资者买入被替代证券。基金管理人有权在T 日（指 上海证券交易所与香港交易所的共同交易日）内任意时刻以收到的申购替代金额代投资者买入 小于等于被替代证券数量的任意数量的被替代证券。基金管理人有权根据基金投资的需要自主 决,"律法规、监管要求以及本基金发售规模控制方案另有规定的除外。 （4）认购申请：投资者在认购本基金时，需按发售代理机构的规定，备足认购资金，办理 认购手续。 （5）清算交收：T 日通过发售代理机构提交的网上现金认购申请，由该发售代理机构冻结 相应的认购资金，登记机构进行清算交收，并将有效认购数据发送发售协调人，发售协调人将 实际到位的认购资金划往其预先开设的基金募集专户。 （6） 认购确认： 在基金合同生效后， 投资者应通过其办理认购的销售网点查询认购确认情 况。 5、网下现金认购 （1）认购时间：详见本基金基金份额发售公告。 （2）认购金额和利息折算的份额的计算： 通过基金管理人进行网下现金认购的投资者，认购以基金份额申请，基金管理人不收取认 购费用。认购金额的计算公式为： 认购金额＝认购价格×认购份额 净认购份额＝认购份额＋认购金额产生的利息/基金份额面值 华泰柏瑞恒生生物科技交易型开放式指数证券投资基金 招募说明书 29 其中： 通过发售代理机构进行网下现金认购的认购金额的计算：同通过发售代理机构进行网上现 金认购的认购金额的计算。 （3） 认购限额： 网下现金认购以基金份额申请。 投资者以上海证券账户通过发售代理机构 办理网下现金认购的，每笔认购份额须为 1,000 份或其整数倍并须遵循销售机构的相关规定； 投资者通过基金管理人办理网下现金认购的"
82,526050,SH,SH,,2026-04-02,临时数据/526050/526050_招募说明书_20260402.txt,121614,2,、申购和赎回申请的清算交收与登记 本基金申购和赎回过程中涉及的申购、赎回对价和基金份额的交收适用《业务规则》和参与各 方相关协议的有关规定。 本基金申购业务采用实时逐笔全额结算（Real Time Gross Settlement ，以下简称 RTGS）模 式；赎回业务涉及的现金替代可采用代收代付处理；申购、赎回业务涉及的现金差额和现金替代退 补款可采用代收代付处理。 招商中证港股通信息技术综合交易型开放式指数证券投资基金招募说明书 33 投资者T 日现金申购后，如交易记录已勾单且申购资金足额的，登记机构在T 日日间实时办理 基金份额及现金替代的交收；T 日日间未进行勾单确认或日间资金不足的，登记机构在T 日日终根 据资金是否足额办理基金份额及现金替代的清算交收，并将结果发送给基金管理人、申购赎回代理 机构和基金托管人。登记机构在T+1 日内办理现金差额的清算，在T+2 日内办理现金差额的交收。 投资者T 日赎回申请受理后，登记机构在T 日收市后为投资者办理基金份额的清算交收。登记 机构在T+1 日内办理现金差额的清算，在T+2 日内办理现金差额的交收。 对于因申购赎回代理机构交收资金不足，导致投资者现金申购失败的情形，按照申购赎回代理 机构的相关规则处理。 如果在清算交收时发生清算交收参与方不能正常履约的情形，则,6,1,股票总市值的20％； 本基金所持有的股票市值和买入、 卖出股指期货合约 招商中证港股通信息技术综合交易型开放式指数证券投资基金招募说明书 45 价值， 合计 （轧差计算） 应当符合基金合同关于股票投资比例的有关约定； 在任何交易日内交易 （不 包括平仓）的股指期货合约的成交金额不得超过上一交易日基金资产净值的20％； （9）本基金参与国债期货交易，应当遵守下列要求：本基金在任何交易日日终，持有的买入 国债期货合约价值，不得超过基金资产净值的 15%；在任何交易日日终，持有的卖出国债期货合约 价值不得超过基金持有的债券总市值的 30%；基金所持有的债券（不含到期日在一年以内的政府债 券）市值和买入、卖出国债期货合约价值，合计（轧差计算）应当符合基金合同关于债券投资比例 的有关约定；在任何交易日内交易（不包括平仓）的国债期货合约的成交金额不得超过上一交易日 基金资产净值的30%； （10）本基金参与股票期权交易， 应当遵守下列要求： 基金因未平仓的期权合约支付和收取的 权利金总额不得超过基金资产净值的 10%；开仓卖出认购期权的，应持有足额标的证券；开仓卖出 认沽期权的， 应持有合约行权所需的全额现金或交易所规则认可的可冲抵期权保证金的现金等价物； 未平仓的期权合约面值不得超过基金资产净值的 20%。其中，合约面值按照行权价乘以合约乘数计 算； （1,0,0,,0,0,金作为替代，基金管 理人按照固定现金替代金额与投资者进行结算。 （2）可以现金替代 1） 适用情形：可以现金替代的证券是指基金管理人认为需要在投资者申购或赎回时代投资者买 入或卖出的证券。 2） 申购现金替代保证金： 对于可以现金替代的证券， 申购现金替代保证金的计算公式为： 替代 证券数量×该证券T 日预计开盘价×T-1 日估值汇率×（1＋现金替代溢价比例） 如果T-1 日至T 日期间存在其他证券交易所交易日为非申赎开放日或存在指数成份证券调整生 效日，则基金管理人可对公式中的“T 日预计开盘价” 、 “T-1 日估值汇率”进行调整。 设置现金替代溢价比例的原因是，基金管理人需要在收到申购确认信息后，在香港市场买入组 招商中证港股通信息技术综合交易型开放式指数证券投资基金招募说明书 35 合证券，结算成本与替代金额可能有所差异。为便于操作，基金管理人在申购赎回清单中预先确定 申购现金替代溢价比例，并据此收取申购现金替代保证金。如果预先收取的申购现金替代保证金高 于购入该部分证券的实际结算成本，则基金管理人将退还多收取的差额；如果预先收取的申购现金 替代保证金低于基金购入该部分证券的实际结算成本，则基金管理人将向投资者收取欠缺的差额。 基金管理人可以根据市场情况和实际需要确定和调整申购现金替代溢价比例，具体的申购现金 替代溢价比例以申购赎回清单公告为准。 3）申,"认购手续： 投资人在认购本基金时， 需按发售代理机构的规定， 备足认购资金， 办理认购手 续。网上现金认购申请提交后如需撤销以发售代理机构的规定为准。 5、 清算交收： 投资人通过发售代理机构提交的网上现金认购申请， 由登记机构进行有效认购款 项的清算交收。本基金网上现金认购过程中涉及的清算交收适用《业务规则》和参与各方相关协议 的有关规定，若《业务规则》或参与各方相关协议的有关规定发生变化，清算交收规则可视情况进 行调整。 6、认购确认：在基金合同生效后，投资人应通过其办理认购的销售机构查询认购确认情况。 十一、网下现金认购 1、认购时间：详见基金份额发售公告。 2、 认购限额： 网下现金认购以基金份额申请。 投资人通过发售代理机构办理网下现金认购的， 每笔认购份额需为1,000份或其整数倍。投资人通过基金管理人办理网下现金认购的，每笔认购份 额须在50万份以上（含50万份） 。投资人在认购时间内可以多次认购。 3、认购金额： （1） 通过基金管理人进行网下现金认购的投资人， 认购以基金份额申请， 认购金额、 利息折算 的份额等的计算公式为： 认购金额＝认购价格×认购份额 利息折算的份额=利息/认购价格 总认购份额＝认购份额＋利息折算的份额 招商中证港股通信息技术综合交易型开放式指数证券投资基金招募说明书 25 有效认购款项在募集期间产生的利息将"
83,159569,SZ,SZ,2026-08-27,2026-08-27,临时数据/159569/159569_更新招募说明书_20260827.txt,131554,4,有人大会审议。 （八）根据本基金现行适用的清算交收和申赎处理规则，投资者当日申购的基金份额，清算交收完 成后方可卖出和赎回，即 T 日申购的基金份额且日间完成 RTGS（实时逐笔全额结算）交收的，T 日可 卖出和赎回，而 T 日申购的基金份额且日终完成逐笔全额非担保交收的，T+1 日方可卖出和赎回；T 日 竞价买入的基金份额，T 日可以卖出或赎回；T 日大宗买入的基金份额，T 日可以大宗卖出，T+1 日可以 竞价卖出或赎回。 （九）投资人在投资本基金前，请认真阅读本招募说明书，全面认识本基金产品的风险收益特征和 产品特性，充分考虑自身的风险承受能力，理性判断市场，对认购和/或申购基金的意愿、时机、数量等 投资行为作出独立决策，获得基金投资收益，亦承担基金投资中出现的各类风险。投资本基金可能遇到 的风险包括但不限于：本基金的特有风险、市场风险、流动性风险、管理风险、信用风险、操作风险、 技术风险、合规性风险、政策变更风险、税负增加风险、不可抗力、本基金法律文件风险收益特征表述 与销售机构基金风险评价可能不一致的风险、其他风险等。 景顺长城国证港股通红利低波动率交易型开放式指数证券投资基金更新招募说明书 （十）本基金为股票型基金，其长期平均风险和预期收益率高于混合型基金、债券型基金及货币市 场基金。同时，本基金为指,4,1,不卖出部分被替代证券，或者不进行任 何买入或卖出证券的操作，基金管理人可能不买入或不卖出被替代证券的情形包括但不限于市场流动性 不足、技术系统无法实现、申购赎回轧差以及基金管理人认为不应该买入或卖出的其他情形。 （十六）本基金的标的指数为国证港股通红利低波动率指数。 标的指数相关信息请详见本招募说明书“二十五、标的指数的编制方案及指数信息查阅方式”。 投资者可通过国证指数官网（http://www.cnindex.com.cn）免费查阅指数相关信息。 （十七）基金管理人深知个人信息对投资者的重要性，致力于投资者个人信息的保护。基金管理人 承诺按照法律法规和相关监管要求的规定处理投资者的个人信息，包括通过基金管理人直销、销售机构 或场内经纪机构购买景顺长城基金管理有限公司旗下基金产品的所有个人投资者。基金管理人需处理的 机构投资者信息中可能涉及其法定代表人、受益所有人、经办人等 个人信息，也将遵守上述承诺进行处 理。 （十八）本基金管理人根据 2026 年 8 月 25 日发布的《景顺长城国证港股通红利低波动率交易型开 放式指数证券投资基金基金经理变更公告》更新了本基金基金经理的相关信息，同时更新了基金管理人 景顺长城国证港股通红利低波动率交易型开放式指数证券投资基金更新招募说明书 主要人员情况等信息。本招募说明书所载内容截止日为 2025 年 9,1,1,结算成本， 则基金管理人将退还多收取的差额； 如果预先收取的申购替代金额低于基金购入该部分组合证券的实际结算成本， 则基金管理 人将向投资人收取欠缺的差额。 ③申购替代金额的处理程序 对于确认成功的 T 日申购申请，基金管理人有权在 T 日内任意时刻以收到的申购替 代金额代投资者买入小于等于被替代组合证券数量的任意数量的被替代组合证券。 基金管 理人有权根据基金投资运作情况自主决定不买入部分被替代组合证券， 或者不进行任何买 入证券的操作。 T 日日终，基金管理人根据所购入的被替代组合证券的实际单位购入成本、实际购入 的相关费用、 未购入的被替代组合证券的T 日收盘价 （折算为人民币， 折算汇率采用当天 的估值汇率； 被替代组合证券T 日无交易的， 取最近交易日的收盘价； 交易日无收盘价的， 取最后收盘价） 计算并确定被替代组合证券的单位结算成本， 在此基础上根据替代组合证 券数量和申购现金替代保证金确定基金应退还投资人的款项或投资人应补交的款项。T 日 后的第 4 个港股通交收日后的 1 个工作日内， 基金管理人将应退款或补款与相关申购赎回 代理机构办理交收。若发生特殊情况，基金管理人可以对交收日期进行相应调整。 如遇港股通临时停市、 港股通交易每日额度或总额度不足等特殊情况， 组合证券的代 理买入及结算价格可依次顺延至下一港股通交易日直至交易正常。 如遇证券长,2,2,期间若 景顺长城国证港股通红利低波动率交易型开放式指数证券投资基金更新招募说明书 50 该证券发生除息、送股（转增） 、配股等重要权益变动，则进行相应调整。 ④赎回替代金额的处理程序 对于确认成功的 T 日赎回申请，基金管理人有权在 T 日内任意时刻代投资者卖出小 于等于被替代证券数量的任意数量的被替代证券。 基金管理人有权根据基金投资的需要自 主决定不卖出部分被替代组合证券，或者不进行任何卖出证券的操作。正常情况下，对于 确认成功的 T 日赎回申请，T 日内基金管理人根据所卖出的被替代组合证券的实际单位卖 出成本、实际卖出的相关费用、未卖出的被替代组合证券的 T 日收盘价（折算为人民币， 折算汇率采用当天的估值汇率；被替代组合证券 T 日无交易的，取最近交易日的收盘价； 交易日无收盘价的，取最后收盘价）计算并确定被替代组合证券的单位结算成本，在此基 础上根据替代组合证券数量确定赎回替代金额。T 日后的第 4 个港股通交收日后的 1 个工 作日内， 基金管理人将应支付的赎回现金替代款与相关申购赎回代理机构办理交收。 若发 生特殊情况，基金管理人可以对交收日期进行相应调整。 如遇港股通临时停市等特殊情况， 组合证券的代理卖出及结算价格可依次顺延至下一 港股通交易日直至交易正常。 如遇证券长期停牌、 流动性不足等可能导致收盘价或最后成 交价不公允的特殊情况， 可参照证,包括现金替代、现金差额及其他对价。若深 圳证券交易所和中国证券登记结算有限责任公司针对跨境交易型开放式指数证 券投资基金修改现有的清 算交收与登记模式、推出新的清算交收与登记模式并引入新的申购、赎回方式，本基金管理人有权调整 本基金的清算交收与登记模式及申购、 赎回方式， 或新增本基金的清算交收与登记模式并引入新的申购、 赎回方式，届时将发布公告予以披露并对本基金的基金合同和招募说明书及其更新中予以更新，无须召 开基金份额持有人大会审议。 （八）根据本基金现行适用的清算交收和申赎处理规则，投资者当日申购的基金份额，清算交收完 成后方可卖出和赎回，即 T 日申购的基金份额且日间完成 RTGS（实时逐笔全额结算）交收的，T 日可 卖出和赎回，而 T 日申购的基金份额且日终完成逐笔全额非担保交收的，T+1 日方可卖出和赎回；T 日 竞价买入的基金份额，T 日可以卖出或赎回；T 日大宗买入的基金份额，T 日可以大宗卖出，T+1 日可以 竞价卖出或赎回。 （九）投资人在投资本基金前，请认真阅读本招募说明书，全面认识本基金产品的风险收益特征和 产品特性，充分考虑自身的风险承受能力，理性判断市场，对认购和/或申购基金的意愿、时机、数量等 投资行为作出独立决策，获得基金投资收益，亦承担基金投资中出现的各类风险。投资本基金可能遇到 的风险包括但不限于：本基金的特有风险、市场
84,520950,SH,SH,2026-05-14,2026-05-14,临时数据/520950/520950_更新招募说明书_20260514.txt,108864,0,,3,1,何交易日内交易 （不包括平仓） 的股指期货合约的成交金额不得超过上一交易日基金资产净值的 20%； 本基金所持有的股票市值和买入、 卖出股指期货合约价值合计 （轧差计算） 应当符合基金合同关于股票投资比例的有关约定； （4）每个交易日日终在扣除股指期货和股票期权合约需缴纳的交易保证金 后， 应当保持不低于交易保证金一倍的现金， 其中现金不包括结算备付金、 存出 保证金、应收申购款等； （5）本基金参与股票期权交易的，应当符合下列要求：基金因未平仓的期 权合约支付和收取的权利金总额不得超过基金资产净值的 10%；开仓卖出认购 期权的， 应持有足额标的证券； 开仓卖出认沽期权的， 应持有合约行权所需的全 额现金或交易所规则认可的可冲抵期权保证金的现金等价物； 未平仓的期权合约 面值不得超过基金资产净值的 20%。 其中， 合约面值按照行权价乘以合约乘数计 算； （6）基金总资产不得超过基金净资产的 140%； （7）本基金参与融资的，每个交易日日终，本基金持有的融资买入股票与 其他有价证券市值之和，不得超过基金资产净值的 95%； （8）本基金参与转融通证券出借业务的，出借证券资产不得超过基金资产 净值的 30%，出借期限在 10 个交易日以上的出借证券应纳入《流动性风险管理 规定》 所述流动性受限证券的范围； 参与出借业务的单只证券不得超过基金持有,1,0,T-1 日估值汇率换 算或基金管理人认为合理的其他方法。 （2）关于可以现金替代 1）适用情形：可以现金替代的证券是指基金管理人认为需要在投资者申购 或赎回时代投资者买入或卖出的证券。 2）替代金额：对于可以现金替代的证券，替代金额的计算公式为： 申购的替代金额＝替代证券数量×该证券调整后 T 日开盘参考价×T-1 日 估值汇率×（1+申购现金替代溢价比例） 。 对可以现金替代而言， 申购时收取现金替代溢价的原因是， 对于使用现金替 代的证券， 基金管理人将买入该证券， 实际买入价格加上相关交易费用后与该证 券调整后 T 日开盘参考价可能有所差异。 为便于操作， 基金管理人在申购、 赎回 清单中预先确定现金替代溢价比例， 并据此收取替代金额。 如果预先收取的金额 高于基金购入该部分证券的实际成本， 则基金管理人将退还多收取的差额； 如果 预先收取的金额低于基金购入该部分证券的实际成本， 则基金管理人将向投资者 收取欠缺的差额。 其中，调整后 T 日开盘参考价主要根据指数服务机构提供的标的指数成份 证券的调整后开盘参考价确定。 3）申购替代金额的处理程序 基金管理人可以根据市场情况和实际需要确定和调整现金替代溢价比例， 具 体的现金替代溢价比例以申购赎回清单公告为准。 摩根恒生港股通 50 交易型开放式指数证券投资基金－招募说明书（更新） 对于确认成功的,0,0,T-1 日估值汇率换 算或基金管理人认为合理的其他方法。 （2）关于可以现金替代 1）适用情形：可以现金替代的证券是指基金管理人认为需要在投资者申购 或赎回时代投资者买入或卖出的证券。 2）替代金额：对于可以现金替代的证券，替代金额的计算公式为： 申购的替代金额＝替代证券数量×该证券调整后 T 日开盘参考价×T-1 日 估值汇率×（1+申购现金替代溢价比例） 。 对可以现金替代而言， 申购时收取现金替代溢价的原因是， 对于使用现金替 代的证券， 基金管理人将买入该证券， 实际买入价格加上相关交易费用后与该证 券调整后 T 日开盘参考价可能有所差异。 为便于操作， 基金管理人在申购、 赎回 清单中预先确定现金替代溢价比例， 并据此收取替代金额。 如果预先收取的金额 高于基金购入该部分证券的实际成本， 则基金管理人将退还多收取的差额； 如果 预先收取的金额低于基金购入该部分证券的实际成本， 则基金管理人将向投资者 收取欠缺的差额。 其中，调整后 T 日开盘参考价主要根据指数服务机构提供的标的指数成份 证券的调整后开盘参考价确定。 3）申购替代金额的处理程序 基金管理人可以根据市场情况和实际需要确定和调整现金替代溢价比例， 具 体的现金替代溢价比例以申购赎回清单公告为准。 摩根恒生港股通 50 交易型开放式指数证券投资基金－招募说明书（更新） 对于确认成功的 T,请的确认情况， 否则如因申请未得到登记机构的确 认而造成的损失，由投资人自行承担。 本基金具体的申购、赎回确认流程详见本招募说明书及相关公告。 3、申购和赎回的清算交收与登记 本基金申购赎回过程中涉及的基金份额、 现金替代、 现金差额及其他对价的 清算交收适用《业务规则》和参与各方相关协议的有关规定。 投资者 T 日申购成功后，正常情况下，登记机构在 T 日收市后为投资人办 理基金份额与现金替代等的交收；在 T+1 日内办理现金差额的清算，在 T+2 日 办理现金差额的交收， 并将结果发送给申购赎回代理券商、 基金管理人和基金托 管人。 投资者 T 日赎回成功后，正常情况下，登记机构在 T 日收市后为投资人办 理基金份额的交收； 在T+1 日内办理现金差额的清算。 申购赎回代理券商、 基金 管理人在 T+2 日办理现金差额的交收，并将结果发送给申购赎回代理券商、基 金管理人和基金托管人。 正常情况下， 基金管理人不迟于T+7 日 （指开放日） 办 理赎回替代款项的交付。 如遇国家外汇管理局相关规定有变更或本基金主要投资的证券市场休市或 暂停交易、 主要投资的证券市场或港股通交易结算清算规则变更、 交易所或登记 结算机构有关申购赎回交易结算规则发生改变、 登记公司系统故障、 交易所或交 易市场数据传输延迟、 通讯系统故障、 银行数据交换系统故障或其它非基金管
85,513820,SH,SH,2026-04-17,2026-04-17,临时数据/513820/513820_更新招募说明书_20260417.txt,122084,1,金差额及其他对价的 清算交收适用上海证券交易所、 中国证券登记结算有限责任公司发布的相关业务 规则和参与各方相关协议及其不时修订的有关规定。 本基金申购业务采用实时逐笔全额结算（Real Time Gross Settlement）模式； 汇添富中证港股通高股息投资交易型开放式指数证券投资基金 更新招募说明书 40 赎回业务涉及的现金替代采用代收代付处理；申购、赎回业务涉及的现金差额和 现金替代退补款采用代收代付处理。 投资者T日申购成功后，如交易记录已勾单且申购资金足额的，登记机构在 T日日间实时办理基金份额及现金替代的交收；T日日间未进行勾单确认或日间 资金不足的， 登记机构在T日日终根据资金是否足额办理基金份额及现金替代的 清算交收，并将结果发送给基金管理人、申购赎回代理券商和基金托管人。基金 管理人在T+1日内办理现金差额的清算，在T+2日内办理现金差额的交收。基 金管理人可以对清算交收日期进行相应调整。 投资者T日赎回成功后，正常情况下，登记机构在T日收市后为投资者办 理基金份额的交收。基金管理人在T+1日办理现金差额的清算，并将结果发送 给申购赎回代理券商、基金管理人和基金托管人，在T+2日内通过登记机构的 代收代付平台办理现金差额的交收。 赎回现金替代款将自有效赎回申请之日起7 个开放日内划往基金份额,7,4,理。 在此期间若该证券发生除息、 送股（转增） 、配股等重要权益变动，则进行相应调整。 6）在系统支持的情况下，对于 T 日的申购赎回申请，基金管理人有权进行 轧差处理，针对净申购，购入净申购份额对应的组合证券中被替代的成份证券， 针对净赎回，卖出净赎回份额对应的组合证券中被替代的成份证券，基金管理人 有权购入或者卖出不等于轧差处理后的上述被替代的成份证券的任意数量。 7）基金管理人可以根据具体情况，调整上述申购、赎回替代金额的处理程 序、规则等，并在招募说明书更新及其他公告中披露。 （2）必须现金替代 ①适用情形：必须现金替代的证券一般是由于标的指数调整，即将被剔除的 成份证券；或处于停牌的成份证券；或因法律法规限制投资的成份证券；或基金 管理人出于保护基金份额持有人利益等原因认为有必要实行必须现金替代的成 份证券。 ②替代金额：对于必须现金替代的证券，基金管理人将在申购赎回清单中公 告替代的一定数量的现金，即“固定替代金额”。固定替代金额的计算方法为申 购赎回清单中该证券的数量乘以其调整后T日开盘参考价 （使用T-1日估值汇率 调整） 。 4、预估现金部分相关内容 预估现金部分是指， 为便于计算基金份额参考净值及申购赎回代理券商预先 汇添富中证港股通高股息投资交易型开放式指数证券投资基金 更新招募说明书 45 冻结申请申购、赎回的投资人的相应,2,0,额低于基金购 入该部分证券的实际成本，则基金管理人将向投资者收取欠缺的差额。 汇添富中证港股通高股息投资交易型开放式指数证券投资基金 更新招募说明书 43 3）申购替代金额的处理程序 在T日（指港股通交易日） 内，基金管理人以收到的替代金额代投资者买入 被替代证券。基金管理人有权在T日（指港股通交易日） 内任意时刻以收到的替 代金额代投资者买入小于等于被替代证券数量的任意数量的被替代证券。 基金管 理人有权根据基金投资的需要自主决定不买入部分被替代证券， 或者不进行任何 买入证券的操作。T日（指港股通交易日） 日终，基金管理人根据所购入的被替 代证券的实际单位购入成本（包括买入价格与相关费用） 和未买入的被替代证券 的T日（指港股通交易日）收盘价（折算为人民币；T日（指港股通交易日）在 证券交易所无交易的，取最近交易日的收盘价；交易日无收盘价的，取最后成交 价） 计算被替代证券的单位结算成本，在此基础上根据替代证券数量和申购现金 替代保证金确定基金应退还投资者或投资者应补交的款项。T日（指港股通交易 日） 后的第3个港股通交收日后的2个工作日内，基金管理人将应退款或补款与 相关申购赎回代理券商办理交收。在此期间若该证券发生除息、送股（转增） 、 配股等重要权益变动，则进行相应调整。出现半日港股通交易日、因为风球等因 素引发临时停市或港股通每日额度不足等特殊情况时，,1,1,益， 该证券对应的现金替代款的清算交收可在其复牌后按照实际交易成本办理。 在此期间若该证券发生除息、送股（转增） 、配股等重要权益变动，则进行相应 调整。 4）赎回替代金额的处理程序 在T日（指港股通交易日） 内，基金管理人以收到的替代金额代投资者卖出 被替代证券。基金管理人有权在T日（指港股通交易日） 内任意时刻代投资者卖 出小于等于被替代证券数量的任意数量的被替代证券。 基金管理人有权根据基金 投资的需要自主决定不卖出部分被替代证券，或者不进行任何卖出证券的操作。 T日（指港股通交易日） 日终，基金管理人根据所卖出的被替代证券的实际单位 卖出金额（扣除相关费用） 和未卖出的被替代证券的T日（指港股通交易日） 收 盘价（折算为人民币；被替代证券T日（指港股通交易日） 在证券交易所无交易 汇添富中证港股通高股息投资交易型开放式指数证券投资基金 更新招募说明书 44 的，取最近交易日的收盘价；交易日无收盘价的，取最后成交价） 计算被替代证 券的单位结算金额，在此基础上根据替代证券数量确定赎回替代金额。T日（指 港股通交易日） 后的第3个港股通交收日后的2个工作日内，基金管理人将应支 付的赎回替代金额与相关申购赎回代理机构办理交收。 在此期间若该证券发生除 息、送股（转增） 、配股等重要权益变动，则进行相应调整。 5）当出现半日港股通交易日、因为风球等因素引发临时停市,基金的投资”章节中“风险收益特征”的表述可能存在不同，投资人在购买 本基金时需按照销售机构的要求完成风险承受能力与产品风险之间的匹配检验。 根据本基金现行适用的清算交收和申赎处理规则， 投资者当日申购的基金份 额，清算交收完成后方可卖出和赎回，即T日申购的基金份额且日间完成实时逐 笔全额结算（Real Time Gross Settlement）交收的，T日可卖出和赎回，而T日申 购的基金份额且日终完成逐笔全额非担保交收的，T+1日方可卖出和赎回。 投资有风险，投资者在进行投资决策前，请仔细阅读本基金的《招募说明 书》、《基金合同》、基金产品资料概要等信息披露文件，并根据自身的投资目 的、投资期限、投资经验、资产状况等判断基金是否和投资者的风险承受能力相 适应，自主判断基金的投资价值，自主做出投资决策，自行承担投资风险。 基金的过往业绩并不预示其未来表现， 基金管理人管理的其他基金的业绩也 不构成对本基金业绩表现的保证。 基金管理人依照恪尽职守、 诚实信用、 谨慎勤勉的原则管理和运用基金财产， 但不保证投资于本基金一定盈利，也不保证最低收益。 基金管理人提醒投资者基金投资的“买者自负”原则，在投资者作出投资决 策后，基金运营状况与基金净值变化导致的投资风险，由投资者自行负担。 汇添富中证港股通高股息投资交易型开放式指数证券投资基金 更新招募说明书 本
86,520880,SH,SH,2025-11-19,2025-11-19,临时数据/520880/520880_更新招募说明书_20251119.txt,102058,4,及其他对价， 并在实施 前依照有关规定在规定媒介上予以公告。 在目前结算规则下， 投资者当日申购的基金份额， 清算交收完成后方可卖出和赎回。本 基金申购业务采用实时逐笔全额结算（Real Time Gross Settlement ，以下简称RTGS）模 式，投资者T日申购后， 如交易记录已勾单且申购资金足额的， 登记机构在T日日间实时办理 基金份额及现金替代的交收；T日日间未进行勾单确认或日间资金不足的， 登记机构在T日日 终根据资金是否足额办理基金份额及现金替代的清算交收。 在目前的业务规则下， 投资者投资本基金时需具有上海证券交易所A股账户或基金账户。 其中，上海证券交易所基金账户只能进行基金的现金认购和二级市场交易。 本基金可投资股指期货， 可能面临杠杆风险、 基差风险、 股指期货展期时的流动性风险、 期货盯市结算制度带来的现金管理风险、 到期日风险、 对手方风险、 连带风险、 未平仓合约 不能继续持有风险等。 本基金的投资范围包括资产支持证券。 资产支持证券存在信用风险、 利率风险、 流动性 风险、提前偿付风险、操作风险和法律风险等。 本基金可参与融资业务。 融资业务存在信用风险、 投资风险和合规风险等风险。 本基金 可参与转融通证券出借业务。 转融通证券出借业务的风险包括但不限于流动性风险、 信用风 华,2,1,生港股通创新药精选交易型开放式指数证券投资基金招募说明书 46 付金、存出保证金、应收申购款等） ；本基金所持有的股票市值和买入、卖出股指期货合约 价值，合计（轧差计算）应当符合基金合同关于股票投资比例的有关约定； （3）本基金投资于同一原始权益人的各类资产支持证券的比例，不得超过基金资产净 值的10％； （4）本基金持有的全部资产支持证券，其市值不得超过基金资产净值的20％； （5）本基金持有的同一(指同一信用级别)资产支持证券的比例，不得超过该资产支持 证券规模的10％； （6）本基金管理人管理的全部基金投资于同一原始权益人的各类资产支持证券，不得 超过其各类资产支持证券合计规模的10％； （7）本基金应投资于信用级别评级为 BBB 以上(含 BBB)的资产支持证券。基金持有资 产支持证券期间， 如果其信用等级下降、 不再符合投资标准， 应在评级报告发布之日起3 个 月内予以全部卖出； （8）基金财产参与股票发行申购，本基金所申报的金额不超过本基金的总资产，本基 金所申报的股票数量不超过拟发行股票公司本次发行股票的总量； （9）本基金进入全国银行间同业市场进行债券回购的最长期限为1 年，债券回购到期 后不得展期； （10）本基金主动投资于流动性受限资产的市值合计不得超过基金资产净值的15%；因 证券市场波动、 上市公司股票停牌、 基金规模变动,0,1,先收取的申购现金替代保证金低于 基金购入该部分证券的实际结算成本，则基金管理人将向投资者收取欠缺的差额。 ③替代金额的处理程序 基金管理人在T日以收到的替代金额代投资者买入被替代证券。基金管理人有权根据基 金投资的需要自主决定不买入部分被替代证券， 或者不进行任何买入被替代证券的操作。 对 于确认成功的T日申购申请，T+1日内基金管理人根据申购规模进行组合证券的代理买入， 通常情况下代理买入在T日完成。基金管理人根据所购入的被替代证券的实际单位购入成本 （包括买入价格与相关费用）和未买入的被替代证券的T日收盘价（折算为人民币，折算汇 率采用当天的估值汇率；T日在证券交易所无交易的，取最近交易日的收盘价；交易日无收 盘价的， 取最后成交价） 计算被替代证券的单位结算成本， 在此基础上根据替代证券数量和 申购现金替代保证金确定基金应退还投资者或投资者应补交的款项。 T日后的第2个港股通 交收日后的第1个工作日内，基金管理人将应退款或补款与相关申购赎回代理机构办 理交 收。若发生特殊情况，基金管理人可以对交收日期进行相应调整。 如遇港股通临时停市、 港股通交易每日额度或总额度不足等特殊情况， 组合证券的代理 买入及结算价格可依次顺延至下一港股通交易日直至交易正常。 如遇证券长期停牌、 流动性 不足等可能导致收盘价或最后成交价不公允的特殊情况， 可参照证券的估值,0,1,代款的清算交收可 在其复牌后按照实际交易成本办理。在此期间若该证券发生除息、送股（转增） 、配股等重 要权益变动，则进行相应调整。 基金管理人在T日根据赎回申请代投资者卖出被替代证券。基金管理人有权根据基金投 资的需要自主决定不卖出部分被替代证券， 或者不进行任何卖出被替代证券的操作。 对于确 认成功的T日赎回申请，T+1日内，基金管理人根据赎回规模进行组合证券的代理卖出。基 金管理人根据所卖出的被替代证券的实际单位卖出金额 （扣除相关费用） 和未卖出的被替代 证券的T日收盘价 （折算为人民币， 折算汇率采用当天的估值汇率； 被替代证券T日在证券交 华宝恒生港股通创新药精选交易型开放式指数证券投资基金招募说明书 37 易所无交易的， 取最近交易日的收盘价； 交易日无收盘价的， 取最后成交价） 计算被替代证 券的单位结算金额，在此基础上根据替代证券数量确定赎回替代金额。 T日后的第3个港股通交收日后的第1个工作日内，基金管理人将应支付的赎回替代金额 与相关申购赎回代理机构办理交收。 若发生特殊情况， 基金管理人可以对交收日期进行相应 调整。 如遇港股通临时停市、 港股通交易每日额度或总额度不足等特殊情况， 组合证券的代理 卖出及结算价格可依次顺延至下一港股通交易日直至交易正常。 如遇证券长期停牌、 流动性 不足等可能导致收盘价或最后成交价不公允的特殊情况，,购对价、 赎回对价包括组合证券、现金替代、现金差额及其他对价， 并在实施 前依照有关规定在规定媒介上予以公告。 在目前结算规则下， 投资者当日申购的基金份额， 清算交收完成后方可卖出和赎回。本 基金申购业务采用实时逐笔全额结算（Real Time Gross Settlement ，以下简称RTGS）模 式，投资者T日申购后， 如交易记录已勾单且申购资金足额的， 登记机构在T日日间实时办理 基金份额及现金替代的交收；T日日间未进行勾单确认或日间资金不足的， 登记机构在T日日 终根据资金是否足额办理基金份额及现金替代的清算交收。 在目前的业务规则下， 投资者投资本基金时需具有上海证券交易所A股账户或基金账户。 其中，上海证券交易所基金账户只能进行基金的现金认购和二级市场交易。 本基金可投资股指期货， 可能面临杠杆风险、 基差风险、 股指期货展期时的流动性风险、 期货盯市结算制度带来的现金管理风险、 到期日风险、 对手方风险、 连带风险、 未平仓合约 不能继续持有风险等。 本基金的投资范围包括资产支持证券。 资产支持证券存在信用风险、 利率风险、 流动性 风险、提前偿付风险、操作风险和法律风险等。 本基金可参与融资业务。 融资业务存在信用风险、 投资风险和合规风险等风险。 本基金 可参与转融通证券出借业务。 转融通证券出借业务的风险包括但不限于流动性风险
87,159302,SZ,SZ,2026-08-03,2026-08-03,临时数据/159302/159302_更新招募说明书_20260803.txt,120561,2,记结算有限责任公司修改或更新上 述规则或新增设相关规则并适用于本基金的，则按照新的规则执行，并在招募说明 书中进行更新。 本基金现金申购业务中的现金替代日间实行RTGS交收，日间未完成交收的，日 终统一进行逐笔全额非担保交收；现金赎回业务中的现金替代采用代收代付处理； 现金申购、赎回业务涉及的现金差额和现金替代退补款采用代收代付处理。 正常情况下，投资者T日提交的现金申购申请受理后，登记机构对ETF申购对应 的份额和现金替代，日间实行RTGS交收，上述份额和现金替代日间未完成交收的， 日终统一进行逐笔全额非担保交收，登记机构在T日办理基金份额及现金替代的清 算交收，并将结果发送给基金管理人、申购赎回代理券商和基金托管人。基金管理 人在T+2日办理现金差额的清算交收。 投资者T日提交的现金赎回申请受理后，登记机构在T日为投资者办理基金份额 的注销，对ETF赎回份额实行逐笔全额非担保交收，对ETF赎回的现金替代、申赎的 现金差额及现金替代退补款，实行资金代收代付，并将结果发送给基金管理人、申 购赎回代理券商和基金托管人。基金管理人在T+2日办理现金差额的清算交收。赎 回现金替代款的清算交收由基金管理人和申购赎回代理券商协商处理，正常情况 下，赎回现金替代款将自有效赎回申请之日起7个开放日内划往基金份额持有人账 户。,6,2,卖出部分被替代证券，或者不进行任何买入或 卖出证券的操作，基金管理人可能不 买入或不卖出被替代证券的情形包括但不限 于市场流动性不足、技术系统无法实现、申购赎回轧差以及基金管理人认为不需 买入或卖出的其他情形。 按照目前的证券代理买卖规则， T日确认成功的申购或赎回申请，基金管理 人T日未买入或未卖出的部分证券，将按该证券T日收盘价（折算为人民币，目前 折算汇率采用T日估值汇率，基金管理人可根据情况调整所使用的折算汇率，并 及时公告，被替代证券T日在证券交易所无交易的，取最近交易日的收盘价，交 易日无收盘价的，取最后成交价）计算被替代证券的单位结算成本或结算金额， 因此投资者需承受可能当天无法完成所有证券买卖、未完成买卖部分按收盘价结 算、结算成本或结算金额不确定（含汇率波动、未完成买卖部分的折算汇率与港 股通结算汇率发生偏离）等风险。由于指数成份股采取基金管理人代买代卖模 式，可能给投资者申购和赎回带来价格的不确定性，而这种价格的不确定性可能 影响本基金二级市场价格的折溢价水平。投资人在赎回基金份额时，基金投资组 合变现可能受到市场变化、部分成份股停牌或流动性不足等因素影响，导致投资 者收到的赎回对价可能延期交收或赎回对价的金额出现较大波动的风险。此外， 基金管理人可根据运作情况调整代理申赎投资者买券卖券 的相关规则，存在相关 规则变动带来的风,2,0,境外发行人、中国存托凭证发行 机制以及交易机制等相关的风险。 基金管理人可在本招募说明书规定的时间内（详见本招募说明书第十部分 基金份额的申购与赎回的相关内容）代投资者买入或卖出组合证券中被替代证券 的任意数量，实际买入被替代证券的价格可能处于规定时间内（同上）较高的位 3 银华中证港股通高股息投资交易型开放式指数证券投资基金招募说明书更新(2026 年第2 号) 置或处于最高价格，实际卖出被替代证券的价格可能处于规定时间内（同上）较 低的位置或处于最低价格，基金管理人对此不承担责任。基金管理人有权根据基 金投资的需要自主决定不买入或不卖出部分被替代证券，或者不进行任何买入或 卖出证券的操作，基金管理人可能不 买入或不卖出被替代证券的情形包括但不限 于市场流动性不足、技术系统无法实现、申购赎回轧差以及基金管理人认为不需 买入或卖出的其他情形。 按照目前的证券代理买卖规则， T日确认成功的申购或赎回申请，基金管理 人T日未买入或未卖出的部分证券，将按该证券T日收盘价（折算为人民币，目前 折算汇率采用T日估值汇率，基金管理人可根据情况调整所使用的折算汇率，并 及时公告，被替代证券T日在证券交易所无交易的，取最近交易日的收盘价，交 易日无收盘价的，取最后成交价）计算被替代证券的单位结算成本或结算金额， 因此投资者需承受可能当天无法完成所有证券买卖、未完成买卖部,2,0,境外发行人、中国存托凭证发行 机制以及交易机制等相关的风险。 基金管理人可在本招募说明书规定的时间内（详见本招募说明书第十部分 基金份额的申购与赎回的相关内容）代投资者买入或卖出组合证券中被替代证券 的任意数量，实际买入被替代证券的价格可能处于规定时间内（同上）较高的位 3 银华中证港股通高股息投资交易型开放式指数证券投资基金招募说明书更新(2026 年第2 号) 置或处于最高价格，实际卖出被替代证券的价格可能处于规定时间内（同上）较 低的位置或处于最低价格，基金管理人对此不承担责任。基金管理人有权根据基 金投资的需要自主决定不买入或不卖出部分被替代证券，或者不进行任何买入或 卖出证券的操作，基金管理人可能不 买入或不卖出被替代证券的情形包括但不限 于市场流动性不足、技术系统无法实现、申购赎回轧差以及基金管理人认为不需 买入或卖出的其他情形。 按照目前的证券代理买卖规则， T日确认成功的申购或赎回申请，基金管理 人T日未买入或未卖出的部分证券，将按该证券T日收盘价（折算为人民币，目前 折算汇率采用T日估值汇率，基金管理人可根据情况调整所使用的折算汇率，并 及时公告，被替代证券T日在证券交易所无交易的，取最近交易日的收盘价，交 易日无收盘价的，取最后成交价）计算被替代证券的单位结算成本或结算金额， 因此投资者需承受可能当天无法完成所有证券买卖、未完成买卖部分按收,益受损的，基金管理人、基金托管人、基金销售机构不承担由此造成的 损失或不利后果。如因申请未得到登记机构的确认而造成的损失，由投资人自行承 担。 3、申购和赎回的清算交收与登记 本基金申购赎回过程中涉及的基金份额、现金替代、现金差额及其他对价的清 算交收适用相关证券交易所、登记机构的相关规则和参与各方相关协议及其不时修 订的有关规定。如相关证券交易所、中国证券登记结算有限责任公司修改或更新上 述规则或新增设相关规则并适用于本基金的，则按照新的规则执行，并在招募说明 书中进行更新。 本基金现金申购业务中的现金替代日间实行RTGS交收，日间未完成交收的，日 终统一进行逐笔全额非担保交收；现金赎回业务中的现金替代采用代收代付处理； 现金申购、赎回业务涉及的现金差额和现金替代退补款采用代收代付处理。 正常情况下，投资者T日提交的现金申购申请受理后，登记机构对ETF申购对应 的份额和现金替代，日间实行RTGS交收，上述份额和现金替代日间未完成交收的， 日终统一进行逐笔全额非担保交收，登记机构在T日办理基金份额及现金替代的清 算交收，并将结果发送给基金管理人、申购赎回代理券商和基金托管人。基金管理 人在T+2日办理现金差额的清算交收。 投资者T日提交的现金赎回申请受理后，登记机构在T日为投资者办理基金份额 的注销，对ETF赎回份额实行逐笔全额非担保交收，对ETF赎回的现
88,159735,SZ,SZ,2026-04-30,2026-04-30,临时数据/159735/159735_更新招募说明书_20260430.txt,113408,2,交易所、中国证券登记结算有限责任公司修改或更新上述规则并适 用于本基金的，则按照新的规则执行，并在招募说明书中进行更新。 本基金现金申购业务中的现金替代日间实行RTGS交收，日间未完成交收的，日 终统一进行逐笔全额非担保交收；现金赎回业务中的现金替代采用代收代付处理； 现金申购、赎回业务涉及的现金差额和现金替代退补款采用代收代付处理。 正常情况下，投资者T日提交的现金申购申请受理后，登记机构对ETF申购对应 的份额和现金替代，日间实行RTGS交收，上述份额和现金替代日间未完成交收的， 日终统一进行逐笔全额非担保交收，并将结果发送给基金管理人、申购赎回代理券 商和基金托管人。登记机构在T+2日办理现金差额的清算，基金管理人与申购赎回 代理券商在T+2日办理现金差额的交收。 投资者T日提交的现金赎回申请受理后，登记机构在T日为投资者办理基金份额 的注销，对ETF赎回份额实行逐笔全额非担保交收，对ETF赎回的现金替代、申赎的 现金差额及现金替代退补款，实行资金代收代付，并将结果发送给基金管理人、申 购赎回代理券商和基金托管人。正常情况下，登记机构在T+2日办理现金差额的清 算，基金管理人与申购赎回代理券商在T+2日办理现金差额的交收。正常情况下， 赎回现金替代款将自有效赎回申请之日起7个开放日内划往基金份额持有人账户,2,1,含质押式回购）等；在任何交易日日终，持有 的卖出股指期货合约价值不得超过基金持有的股票总市值的20%；基金所持有的股 票市值和买入、卖出股指期货合约价值，合计（轧差计算）应当符合基金合同关于 股票投资比例的有关约定；在任何交易日内交易（不包括平仓）的股指期货合约的 成交金额不得超过上一交易日基金资产净值的20%。 若本基金投资股指期货，本基金管理人应当按照中国金融期货交易所要求的内 容、格式与时限向交易所报告所交易和持有的卖出期货合约情况、交易目的及对应 的证券资产情况等； （6）本基金投资于同一原始权益人的各类资产支持证券的比例，不得超过基 金资产净值的10%；本基金持有的全部资产支持证券，其市值不得超过基金资产净 值的20%； （7）本基金持有的同一（指同一信用级别）资产支持证券的比例，不得超过 该资产支持证券规模的10%；本基金管理人管理的全部基金投资于同一原始权益人 64 银华中证港股通消费主题交易型开放式指数证券投资基金招募说明书更新(2026 年第 2 号) 的各类资产支持证券，不得超过其各类资产支持证券合计规模的10%； （8）本基金应投资于信用级别评级为BBB以上（含BBB）的资产支持证券。基 金持有资产支持证券期间，如果其信用等级下降、不再符合投资标准，应在评级报 告发布之日起3个月内予以全部卖出； （9）本基金主动投资于流动性,0,0,际结算成本）， 则基金管理人将退还多收取的差额；如果预先收取的金额低于基金买入证券的实际 成本（或证券实际结算成本），则基金管理人将向投资者收取欠缺的差额。 ②申购替代金额的处理程序 对于确认成功的T日现金申购申请，T日（指开放日）内基金管理人根据申购规 模进行组合证券的代理买入，通常情况下代理买入在T日（指开放日）完成。基金 管理人有权根据基金投资的需要自主决定不买入部分被替代证券，或者不进行任何 买入证券的操作。T日（指开放日）日终，基金管理人根据所购入的被替代证券的 实际单位购入成本（包括买入价格与相关费用，折算为人民币）和未买入的被替代 证券的T日（指开放日）收盘价（折算为人民币，折算汇率采用当天的估值汇率；T 日（指开放日）在证券交易所无交易的，取最近交易日的收盘价；交易日无收盘价 的，取最后成交价）计算被替代证券的单位结算成本，在此基础上根据替代证券数 量和申购现金替代金额确定基金应退还投资者或投资者应补交的款项。正常情况 下，T+5日（指开放日）内基金管理人将应退款或补款与相关申购赎回代理券商办 理交收。若发生特殊情况，基金管理人可以对以上交收日期进行相应调整。 如遇港股通临时停市、港股通交易每日额度或总额度不足等特殊情况，组合证 53 银华中证港股通消费主题交易型开放式指数证券投资基金招募说明书更新(2026 年第 2 号) 券的代理买入及结算价格,0,0,重要权益变动，则进行相应调 整。 ③赎回对应的替代金额 赎回时，对于可以现金替代的证券，替代金额为扣除相关费用后的该证券的卖 出价值（或证券实际结算价值）。 ④赎回替代金额的处理程序 对于确认成功的T日赎回申请，T日（指开放日）内基金管理人根据赎回规模进 行组合证券的代理卖出，通常情况下代理卖出在T日（指开放日）完成。基金管理 人有权根据基金投资的需要自主决定不卖出部分被替代证券，或者不进行任何卖出 证券的操作。T日（指开放日）日终，基金管理人根据所卖出的被替代证券的实际 单位卖出金额（扣除相关费用）和未卖出的被替代证券的T日（指开放日）收盘价 （折算为人民币，折算汇率采用当天的估值汇率；被替代证券T日（指开放日）在 证券交易所无交易的，取最近交易日的收盘价；交易日无收盘价的，取最后成交 价）计算被替代证券的单位结算金额，在此基础上根据替代证券数量确定赎回替代 金额。正常情况下，T+7日（指开放日）内基金管理人将应支付的赎回替代金额与 相关申购赎回代理券商办理交收。若发生特殊情况，基金管理人可以对以上交收日 期进行相应调整。 如遇港股通临时停市等特殊情况，组合证券的代理卖出及结算价格可依次顺延 至下一港股通交易日直至交易正常。如遇证券长期停牌、流动性不足等可能导致收 盘价或最后成交价不公允的特殊情况，可参照证券的估值价格，对结算价格进行调 整，如果基金管理人认为该,更新上述规则并适用于本基金的，则按照新的规则执行，届时基金管理人将发 布公告予以披露并更新本基金的招募说明书，无须召开基金份额持有人大会审议。 3、申购和赎回的清算交收与登记 本基金申购赎回过程中涉及的基金份额、现金替代、现金差额及其他对价的清 算交收适用相关证券交易所、登记机构的相关规定和参与各方相关协议的有关规 定。如相关证券交易所、中国证券登记结算有限责任公司修改或更新上述规则并适 用于本基金的，则按照新的规则执行，并在招募说明书中进行更新。 本基金现金申购业务中的现金替代日间实行RTGS交收，日间未完成交收的，日 终统一进行逐笔全额非担保交收；现金赎回业务中的现金替代采用代收代付处理； 现金申购、赎回业务涉及的现金差额和现金替代退补款采用代收代付处理。 正常情况下，投资者T日提交的现金申购申请受理后，登记机构对ETF申购对应 的份额和现金替代，日间实行RTGS交收，上述份额和现金替代日间未完成交收的， 日终统一进行逐笔全额非担保交收，并将结果发送给基金管理人、申购赎回代理券 商和基金托管人。登记机构在T+2日办理现金差额的清算，基金管理人与申购赎回 代理券商在T+2日办理现金差额的交收。 投资者T日提交的现金赎回申请受理后，登记机构在T日为投资者办理基金份额 的注销，对ETF赎回份额实行逐笔全额非担保交收，对ETF赎回的现金替代、申赎的 现金差额及
89,159331,SZ,SZ,2026-08-12,2026-08-12,临时数据/159331/159331_更新招募说明书_20260812.txt,106919,2,中涉及的基金份额、现金替代、现金差额及其他对价的 清算交收适用深圳证券交易所、登记机构的相关规定和参与各方相关协议及其不 时修订的有关规定。 本基金申购业务采用实时逐笔全额结算（Real Time Gross Settlement，简称 RTGS）模式；赎回业务涉及的现金替代采用代收代付处理；申购、赎回业务涉 及的现金差额和现金替代退补款采用代收代付处理。 国泰中证港股通高股息投资交易型开放式指数证券投资基金更新招募说明书（2026 年第一号） 36 投资者 T 日申购成功后，正常情况下，登记机构在 T 日为投资者办理基金 份额与现金替代等的交收，在 T+1 日办理现金差额的清算，并将结果发送给申 购赎回代理券商、基金管理人和基金托管人。基金管理人与申购赎回代理券商在 T+2 日办理现金差额的交收。 投资者 T 日赎回成功后，正常情况下，登记机构在 T 日收市后为投资者办 理基金份额的交收，在 T+1 日办理现金差额的清算，并将结果发送给基金管理 人、申购赎回代理券商和基金托管人。基金管理人与申购赎回代理券商在 T+2 日办理现金差额的交收。赎回现金替代款将自有效赎回申请之日起 7 个开放日内 划往基金份额持有人账户。 如遇国家外汇局相关规定有变更或本基金境外投资主要市场的交易清算规 则有变更、基金境外投资主要市场,3,2,2）本基金在任何交易日日终，持有的卖出股指期货合约价值不得超过基金 持有的股票总市值的 20%； 3）本基金所持有的股票市值和买入、卖出股指期货合约价值，合计（轧差 计算）应当符合基金合同关于股票投资比例的有关约定； 4）本基金在任何交易日内交易（不包括平仓）的股指期货合约的成交金额 不得超过上一交易日基金资产净值的 20%； （9）本基金若参与国债期货交易，应遵守以下投资限制： 1）本基金在任何交易日日终，持有的买入国债期货合约价值，不得超过基 金资产净值的 15%；在任何交易日日终，持有的卖出国债期货合约价值不得超过 基金持有的债券总市值的 30%； 2）本基金在任何交易日内交易（不包括平仓）的国债期货合约的成交金额 不得超过上一交易日基金资产净值的 30%； 3）本基金所持有的债券（不含到期日在一年以内的政府债券）市值和买入、 卖出国债期货合约价值，合计（轧差计算）应当符合基金合同关于债券投资比例 的有关约定； （10）本基金若参与股票期权交易，应遵守以下投资限制： 1）本基金因未平仓的期权合约支付和收取的权利金总额不得超过基金资产 净值的 10%； 2）开仓卖出认购期权的，应持有足额标的证券；开仓卖出认沽期权的，应 持有合约行权所需的全额现金或交易所规则认可的可冲抵期权保证金的现金等 价物； 3）未平仓的期权合约面值不得超过基金资产净值的,0,0,,0,0,,"请：投资人在认购本基金时，需按发售代理机构的规定，备足认 购资金，办理认购手续。网上现金认购可多次申报，申报提交后不得撤销，一经 申报，认购资金即被冻结。 4、清算交收：投资人提交的认购申请，由登记机构进行有效认购款项的清 算交收。 5、认购金额的计算 认购佣金＝认购价格×认购份额×佣金比率 （或若适用固定费用的，认购佣金=固定费用） 认购金额＝认购价格×认购份额×（1＋佣金比率） （或若适用固定费用的，认购金额＝认购价格×认购份额+固定费用） 认购佣金由发售代理机构向投资人收取，投资人需以现金方式支付认购佣 金。 网上现金认购款项在基金募集期间产生的利息将折算为基金份额归基金份 额持有人所有。网上现金认购的利息和具体份额以登记机构的记录为准。利息折 算的基金份额保留至整数位，小数部分舍去，舍去部分计入基金财产。 利息折算的份额＝利息/认购价格 例：某投资人到某发售代理机构认购 10,000 份本基金，假设该发售代理机 构确认的佣金比率为 0.80%，则投资人需支付的认购佣金和需准备的认购金额计 算如下： 认购佣金＝1.00×10,000×0.80%＝80.00 元 认购金额＝1.00×10,000×（1＋0.80%）＝10,080.00 元 国泰中证港股通高股息投资交易型开放式指数证券投资基金更新招募说明书（2026 年第一号） 28 即投资人需准"
90,520900,SH,SH,2026-06-22,2026-06-22,临时数据/520900/520900_更新招募说明书_20260622.txt,104785,6,交收方式已经认可。 根据本基金现行适用的清算交收和申赎处理规则，投资者当日申购的基金份额，清算交 收完成后方可卖出和赎回，即T 日申购的ETF 份额且日间完成 RTGS（实时逐笔全额结算）交 收，T 日可卖出与赎回， 而T 日申购的 ETF 份额且日终完成逐笔全额非担保交收的，T+1 日方 可卖出和赎回；T 日买入的基金份额，T 日可以赎回或卖出。 由于登记结算机构对现金替代采 取非净额结算交收模式，当投资者赎回申请被登记结算机构确认后，被赎回的基金份额即被 记减，但此时投资者尚未收到赎回现金替代款。投资者投资本基金时需具有证券账户，证券 账户是指上海证券交易所 A 股账户或上海证券交易所证券投资基金账户。 本基金以 1 元初始面值进行募集，在市场波动等因素的影响下，存在单位份额净值跌破 1 元初始面值的风险。 基金管理人提醒投资人基金投资的 “买者自负” 原则， 在投资人作出投 资决策后，基金运营状况与基金净值变化引致的投资风险，由投资人自行负责。 投资人在进行投资决策前， 请仔细阅读本基金的 《招募说明书》 、 基金产品资料概要及 《基 金合同》 ，自主判断基金的投资价值，自主做出投资决策，自行承担投资风险。 基金的过往业绩并不预示其未来表现，基金管理人管理的其他基金的业绩并不构成对本 基金表现的保证。 本,4,1,扣除股指期货合约、国债期货合约、期权合约需缴纳的交易保证金后，应当保持不低 于交易保证金一倍的现金；本基金所持有的股票市值和买入、卖出股指期货合约价值，合计 （轧差计算）应当符合基金合同关于股票投资比例的有关约定； 47 （3） 本基金投资于同一原始权益人的各类资产支持证券的比例， 不得超过基金资产净值 的 10%； （4）本基金持有的全部资产支持证券，其市值不得超过基金资产净值的 20%； （5）本基金主动投资于流动性受限资产的市值合计不得超过基金资产净值的15%，因证 券市场波动、上市公司股票停牌、基金规模变动等基金管理人之外的因素致使基金不符合该 比例限制的，基金管理人不得主动新增流动性受限资产的投资； （6）本基金持有的同一（指同一信用级别）资产支持证券的比例，不得超过该资产支持 证券规模的 10%； （7） 本基金管理人管理的全部基金投资于同一原始权益人的各类资产支持证券， 不得超 过其各类资产支持证券合计规模的 10%； （8）本基金应投资于信用级别评级为BBB 以上（含BBB）的资产支持证券。基金持有资 产支持证券期间，如果其信用等级下降、不再符合投资标准，应在评级报告发布之日起 3 个 月内予以全部卖出； （9） 基金财产参与股票发行申购， 本基金所申报的金额不超过本基金的总资产， 本基金 所申报的股票数量不超过拟发行股票公司本次,1,0,际结算成 本，则基金管理人将退还多收取的差额；如果预先收取的申购现金替代保证金低于基金购入 该部分证券的实际结算成本，则基金管理人将向投资者收取欠缺的差额。 ③申购替代金额的处理程序 T 日，基金管理人根据申购赎回清单收取申购现金替代保证金。 对于确认成功的 T 日申购申请，在 T 日内，基金管理人以收到的申购现金替代保证金代 投资者买入被替代证券。在 T 日日终，基金管理人已买入的证券，依据申购现金替代保证金 与被替代证券的实际买入成本（包括买入价格与相关交易费用）的差额，确定基金应退还投 资者或投资者应补交的款项；未买入的证券，依据申购现金替代保证金与被替代证券 T 日收 盘价（需用最新汇率折算为人民币，当日在证券交易所无交易的，取最近交易日的收盘价， 当日无收盘价的，取最后成交价）的差额，确定基金应退还投资者或投资者应补交的款项。 正常情况下，T+3 日（指港股通交易日）内，基金管理人将应退款和补款的明细及汇总 36 数据发送给相关申购赎回代理机构和基金托管人，相关款项的清算交收将于此后 3 个工作日 内完成。 如遇证券长期停牌、流动性不足等特殊情况，可参照证券的估值价格对结算价格进行调 整，如果基金管理人认为该证券复牌后的价格可能存在较大波动，且可能对基金资产净值产 生较大影响，为了更好的维护持有人利益，该证券对应的现金替代退补款的清算交收可在其 复牌后按,1,2,中心正式对外发文后 公布的人民币兑主要外汇当日收盘价）等。 ④赎回对应的替代金额的处理程序 对于确认成功的 T 日赎回申请，在 T 日内，基金管理人根据赎回申请代投资者卖出被替 代证券。在 T 日日终，基金管理人已卖出的证券，按照被替代证券的实际卖出金额（扣除相 关费用）确定基金应支付的替代金额；未卖出的证券，按照被替代证券 T 日收盘价（需用最 新汇率折算为人民币，当日在证券交易所无交易的，取最近交易日的收盘价，当日无收盘价 的，取最后成交价）确定基金应支付给投资者的替代金额。 正常情况下，T+7 日（指港股通交易日）内，基金管理人将应支付的替代金额的明细及 汇总数据发送给登记结算机构，登记结算机构办理现金替代资金的清算，并将结果发送给相 关申购赎回代理机构和基金托管人，相关款项的清算交收将于此后 3 个工作日内完成。如遇 证券长期停牌、流动性不足等特殊情况，可参照证券的估值价格，对结算价格进行调整，如 果基金管理人认为该证券复牌后的价格可能存在较大波动，且可能对基金资产净值产生较大 影响，为了更好的维护持有人利益，该证券对应的现金替代款的清算交收可在其复牌后按照 实际交易成本办理。 在此期间若该证券发生除息、送股（转增） 、配股等重要权益变动，则进行相应调整。上 述汇率目前采用汇率公允价。汇率公允价包括中国人民银行或其授权机构最新公布的人民币 汇率中,回本基 金，即表示对基金认购、申购和赎回所涉及的基金份额的证券变更登记方式以及申购赎回所 涉及现金替代、现金差额等相关的交收方式已经认可。 根据本基金现行适用的清算交收和申赎处理规则，投资者当日申购的基金份额，清算交 收完成后方可卖出和赎回，即T 日申购的ETF 份额且日间完成 RTGS（实时逐笔全额结算）交 收，T 日可卖出与赎回， 而T 日申购的 ETF 份额且日终完成逐笔全额非担保交收的，T+1 日方 可卖出和赎回；T 日买入的基金份额，T 日可以赎回或卖出。 由于登记结算机构对现金替代采 取非净额结算交收模式，当投资者赎回申请被登记结算机构确认后，被赎回的基金份额即被 记减，但此时投资者尚未收到赎回现金替代款。投资者投资本基金时需具有证券账户，证券 账户是指上海证券交易所 A 股账户或上海证券交易所证券投资基金账户。 本基金以 1 元初始面值进行募集，在市场波动等因素的影响下，存在单位份额净值跌破 1 元初始面值的风险。 基金管理人提醒投资人基金投资的 “买者自负” 原则， 在投资人作出投 资决策后，基金运营状况与基金净值变化引致的投资风险，由投资人自行负责。 投资人在进行投资决策前， 请仔细阅读本基金的 《招募说明书》 、 基金产品资料概要及 《基 金合同》 ，自主判断基金的投资价值，自主做出投资决策，自行承担投资风险。 基金的过往业绩并不
91,520660,SH,SH,2026-01-20,2026-01-20,临时数据/520660/520660_更新招募说明书_20260120.txt,118512,3,券 仅在境内证券交易所上市的ETF产品存在一定差异，在目前结算规则下，投资者当日申购的 基金份额，清算交收完成后方可卖出和赎回，即T日申购的ETF份额且日间完成RTGS（实 时逐笔全额结算）交收，T日可卖出与赎回；T日申购的ETF份额日间未完成交收的，日终 完成逐笔全额非担保交收，T+1日方可卖出和赎回；T日买入的基金份额，T日可以赎回。 投资人投资本基金时需具有上海证券交易所A股账户或基金账户。其中，上海证券交易 所基金账户只能进行基金的现金认购和二级市场交易， 如投资人需要参与基金的申购、 赎回， 则应开立并使用上海证券交易所A股账户。 投资人在投资本基金之前，请仔细阅读本基金的招募说明书、基金产品资料概要和基金 合同等信息披露文件，自主判断基金的投资价值，自主做出投资决策，全面认识本基金的风 险收益特征和产品特性，并充分考虑自身的风险承受能力，理性判断市场，谨慎做出投资决 策。基金的过往业绩并不预示其未来表现，基金管理人管理的其他基金的业绩也不构成对本 基金业绩表现的保证。基金管理人承诺以恪尽职守、诚实信用、谨慎勤勉的原则管理和运用 基金财产，但不保证基金一定盈利，也不向投资人保证最低收益。基金管理人提醒投资人基 金投资的“买者自负”原则，在投资人作出投资决策后，基金运营状况、基金份额上市交易 价格波动与,3,1,3）本基金在任何交易日日终，持有的卖出股指期货合约价值不得超过基金持有的股票 总市值的20%； 4）本基金所持有的股票市值和买入、卖出股指期货合约价值，合计（轧差计算）应当 符合基金合同关于股票投资比例的有关约定； 5）本基金在任何交易日内交易（不包括平仓）的股指期货合约的成交金额不得超过上 一交易日基金资产净值的20%； （13）本基金参与股票期权交易，应当符合下列投资限制： 1）基金因未平仓的期权合约支付和收取的权利金总额不得超过基金资产净值的10%； 2）开仓卖出认购期权的，应持有足额标的证券；开仓卖出认沽期权的，应持有合约行 权所需的全额现金或交易所规则认可的可冲抵期权保证金的现金等价物； 3）未平仓的期权合约面值不得超过基金资产净值的20%。其中，合约面值按照行权价 乘以合约乘数计算； （14）本基金参与转融通证券出借业务的，应当符合下列要求： 1）本基金在任何交易日日终，参与转融通证券出借业务的资产不得超过基金资产净值 的30%，其中出借期限在10个交易日以上的出借证券应纳入《流动性风险管理规定》所述 流动性受限证券的范围； 南方中证国新港股通央企红利交易型开放式指数证券投资基金招募说明书（更新） 48 2）本基金在任何交易日日终，参与出借业务的单只证券不得超过基金持有该证券总量 的30%； 3）证券出借的平均剩余期限不得超过30天,0,0,,0,1,送股（转增） 、配股等重要权益变动，则进 行相应调整。基金管理人有权根据基金投资的需要自主决定不买入部分被替代证券，或者不 进行任何买入被替代证券的操作。 D.赎回替代金额的处理程序 正常情况下，对于确认成功的 T 日赎回申请，基金管理人根据T日实际单位卖出金额 （扣除相关费用，折算为人民币） 、被替代证券的T日收盘价（按照汇率折算为人民币，被 替代证券当日在证券交易所无交易的，取最近交易日的收盘价；交易日无收盘价的，取最后 成交价）计算被替代证券的单位结算金额，在此基础上根据替代证券数量确定基金应交付给 投资人的赎回现金替代金额。上述汇率目前采用汇率公允价。汇率公允价包括但不限于中国 外汇交易中心最新收盘价、中国外汇交易中心参考汇率、中国人民银行或其授权机构最新公 布的人民币汇率中间价、与基金托管人商定的其他公允价格等。 正常情况下，T日后的第7个开放日内， 基金管理人将应支付的赎回替代金额与相关申 购赎回代理券商办理交收。若发生特殊情况，基金管理人可以对交收日期进行相应调整。 如遇港股通临时停市等特殊情况，组合证券的代理卖出及结算价格可依次顺延至下一 港股通交易日直至交易正常，款项交收的日期也可相应顺延。如遇证券长期停牌、流动性不 足等可能导致收盘价或最后成交价不公允的特殊情况，可参照证券的估值价格，对结算价格 进行调整，如果基金管理人认为该证券复牌后的价格可,付风险、法律风险和操作风险。 本基金的标的指数组合证券为内地与香港股票市场交易互联互通机制允许买卖的规定 范围内的香港联合交易所上市的股票，基金份额申购、赎回的清算交收与标的指数组合证券 仅在境内证券交易所上市的ETF产品存在一定差异，在目前结算规则下，投资者当日申购的 基金份额，清算交收完成后方可卖出和赎回，即T日申购的ETF份额且日间完成RTGS（实 时逐笔全额结算）交收，T日可卖出与赎回；T日申购的ETF份额日间未完成交收的，日终 完成逐笔全额非担保交收，T+1日方可卖出和赎回；T日买入的基金份额，T日可以赎回。 投资人投资本基金时需具有上海证券交易所A股账户或基金账户。其中，上海证券交易 所基金账户只能进行基金的现金认购和二级市场交易， 如投资人需要参与基金的申购、 赎回， 则应开立并使用上海证券交易所A股账户。 投资人在投资本基金之前，请仔细阅读本基金的招募说明书、基金产品资料概要和基金 合同等信息披露文件，自主判断基金的投资价值，自主做出投资决策，全面认识本基金的风 险收益特征和产品特性，并充分考虑自身的风险承受能力，理性判断市场，谨慎做出投资决 策。基金的过往业绩并不预示其未来表现，基金管理人管理的其他基金的业绩也不构成对本 基金业绩表现的保证。基金管理人承诺以恪尽职守、诚实信用、谨慎勤勉的原则管理和运用 基金财产，但不保证基金一定盈利
92,159091,SZ,SZ,,2026-06-17,临时数据/159091/159091_招募说明书_20260617.txt,104253,6,算风险、基金投资非公开信息泄露的风险等。 7、在目前结算规则 下，投资者当日申购的基金份额，清算交收完成后方可卖出和赎 回，即 T 日申购的基金份额且日间完成 RTGS（实时逐笔全额结算）交收的，T 日可卖出和 赎回，而 T 日申购的基金份额且日终完成逐笔全额非担保交收的，T+1 日方可卖出和赎回； T 日竞价买入的基金份额，T 日可以卖出或赎回；T 日大宗买入的基金份额，T 日可以大宗 卖出，T+1 日可以竞价卖出或赎回。 投资者投资于本基金前请认真阅读证券交易所和登记结算机构关于 ETF 的相关业务规 则及其不时的更新，确保具备相关专业知识、清楚了解相关规则流程后方可参与本基金的 认购、申购、赎回及交易。投资者一旦认购、申购或赎回本基金，即表示对基金认购、申 购和赎回所涉及的登记方式以及申购赎回所涉及现金替代、现金差额等相关的交收方式及 业务规则已经认可。 8、基金管理人提醒投资者基金投资的“买者自负”原则，在投资者作出投资决策后， 基金运营状况与基金净值变化引致的投资风险，由投资者自行负责。此外，本基金以 1 元 初始面值进行募集，在市场波动等因素的影响下，存在单位份额净值跌破 1 元初始面值的 风险。 9、基 金不同于银行储蓄，基金投资人投资于基金有可能获得较高的收益，也有可能 损失本金。投资有风险，投,6,4,整后 T 日开盘参考价并按照 T-1 日估值汇率换算或基金管理人认为合理的其他方法。 （4）在系统支持的情况下，对于 T 日的申购赎回申请，基金管理人有权进行轧差处理， 针对净申购，购入净申购份额对应的组合证券中被替代的成份证券，针对净赎回，卖 出净 赎回份额对应的组合证券中被替代的成份证券，基金管理人有权购入或者卖出不等于 轧差 处理后的上述被替代的成份证券的任意数量。 （5）基金管理人可根据运作情况调整代理申赎投资者买券卖券的相关规则并按规定公 告。 （6）未来如相关证券的交易、结算规则发生改变，或深圳证券交易所、登记结算机构 有关申购赎回交易结算规则发生改变，或基金管理人与基金托管人之间的结算相关安 排发 39 生改变等，基金管理人可对上述相关现金替代处理规则进行调整，并按规定公告。 5、预估现金差额相关内容 预估现金差额是指为便于计算基金份额参考净值及申购赎回代理券商预先冻结申 请申 购、赎回的投资者的相应资金，由基金管理人计算的现金数额。 T 日申购赎回清单中公告 T 日预估现金差额。其计算公式为： T 日预估现金差额＝T-1 日最小申购、赎回单位的基金资产净值－（申购赎回清单中必 须现金替代成份证券的替代金额+申购赎回清单中可以现金替代成份证券的数量、该证券调 整后 T 日开盘参考价以及 T-1 日估值汇率的相乘之和） 其中，该证券,2,0,人将向投资者收取欠缺的差额。 基金管理人可以根据市场情况和实际需要确定和调整申购现金替代保证金率 ，具 体的 申购现金替代保证金率以申购赎回清单公告为准。 3）申购替代金额的处理程序 T 日，基金管理人在申购赎回清单中公布申购现金替代保证金率，并据此收取替 代金 额。 基金管理人在 T 日内购入组合证券中被替代的成份证券。基金管理人有权在 T 日内任 意时刻，以收到的申购替代金额代投资者购入组合证券中被替代的成份证券的任意数 量。 正常情况下，对于确认成功的 T 日申购申请，基金管理人根据 T 日所购入的被替代证券的 实际单位购入成本（包括买入价格与相关费用，折算为人民币）和未购入的被替代 证券 T 日收盘价（折算为人民币，被替代证券当日在证券交易所无交易的，取最近交易日的 收盘 价；交易日无收盘价的，取最后成交价）计算被替代证券的单位结算成本，在此基础 上根 据替代证券数量和申购替代金额确定基金应退还投资者或投资者应补交的款项。T 日后的 3 个港股通交易日内，基金管理人将成份证券的应退款或补款与相关申购赎回代理券商 办理 交收，当交收期间出现港股通交易日为非港股通交收日时，款项交收日期顺延。若发 生特 殊情况，基金管理人可以对交收日期进行相应调整。 如遇港股通临时停市、港股通交易当日额度使用完毕而暂停或停止接受买入申报 等特 殊情况，基金管理人可考虑根据实际情,2,4,清算交收可按照其复牌后 实际 交易成本 或者基金管理人认为合理的价格 办理。在此期间若该证券发生除息、送股（转 增）、配股等重要权益变动，则进行相应调整。 4）赎回替代金额的处理程序 基金管理人在 T 日内卖出组合证券中被替代的成份证券。基金管理人有权在 T 日内任 意时刻代投资者卖出组合证券中被替代的成份证券的任意数量。正常情况下，对于确 认成 38 功的 T 日赎回申请，基金管理人根据 T 日所卖出的被替代证券的实际单位卖出金额（扣除 相关费用，折算为人民币）和未卖出的被替代证券 T 日收盘价（折算为人民币，被替代证 券当日在证券交易所无交易的，取最近交易日的收盘价；交易日无收盘价的，取最后 成交 价）计算被替代证券的单位结算金额，在此基础上根据替代证券数量确定赎回替代金额。T 日后的第 3 个港股通交易日后的 1 个工作日内，基金管理人将应支付的成份证券赎回替代 金额与相关申购赎回代理券商办理交收，当交收期间出现港股通交易日为非港股通交 收日 时，款项交收日期顺延。若发生特殊情况，基金管理人可以对交收日期进行相应调整。 如遇港股通临时停市等特殊情况，成份证券的代理卖出及结算价格可依次顺延至 下一 港股通交易日直至交易正常。如遇成份证券长期停牌、流动性不足等可能导致收盘价 或最 后成交价不公允的特殊情况，可参照证券的估值价格，对结算价格进行调整，如果基 金管,易指令传输和资金使用效率降低的风险、无法完成当日估值的 风险、交易结算风险、基金投资非公开信息泄露的风险等。 7、在目前结算规则 下，投资者当日申购的基金份额，清算交收完成后方可卖出和赎 回，即 T 日申购的基金份额且日间完成 RTGS（实时逐笔全额结算）交收的，T 日可卖出和 赎回，而 T 日申购的基金份额且日终完成逐笔全额非担保交收的，T+1 日方可卖出和赎回； T 日竞价买入的基金份额，T 日可以卖出或赎回；T 日大宗买入的基金份额，T 日可以大宗 卖出，T+1 日可以竞价卖出或赎回。 投资者投资于本基金前请认真阅读证券交易所和登记结算机构关于 ETF 的相关业务规 则及其不时的更新，确保具备相关专业知识、清楚了解相关规则流程后方可参与本基金的 认购、申购、赎回及交易。投资者一旦认购、申购或赎回本基金，即表示对基金认购、申 购和赎回所涉及的登记方式以及申购赎回所涉及现金替代、现金差额等相关的交收方式及 业务规则已经认可。 8、基金管理人提醒投资者基金投资的“买者自负”原则，在投资者作出投资决策后， 基金运营状况与基金净值变化引致的投资风险，由投资者自行负责。此外，本基金以 1 元 初始面值进行募集，在市场波动等因素的影响下，存在单位份额净值跌破 1 元初始面值的 风险。 9、基 金不同于银行储蓄，基金投资人投资于基金有可能获得较高的收益，也有可
93,159691,SZ,SZ,2026-02-10,2026-02-10,临时数据/159691/159691_更新招募说明书_20260210.txt,112530,4,程中涉及的基金份额、现金替代、现金差额及其他对价的交收适用深 圳证券交易所、登记机构的相关规定和参与各方相关协议的有关规定。 本基金现金申购业务中的现金替代采用实时逐笔全额结算（RTGS）与日终逐笔全额非担 保交收的方式处理；现金赎回业务涉及的现金替代采用代收代付处理；现金申购、赎回业务 涉及的现金差额和现金替代退补款采用代收代付处理。 投资者 T 日提交的现金申购申请受理后，日间完成 RTGS 交收部分，登记机构在 T 日日 间实时为该投资者办理基金份额登记以及现金替代的交收；日间未完成 RTGS 交收部分，登 记机构在 T 日日终为投资者办理基金份额登记与现金替代的交收，并将结果发送给申购赎回 工银瑞信中证港股通高股息精选交易型开放式指数证券投资基金 更新的招募说明书 28 代理券商、基金管理人和基金托管人。基金管理人在 T+2 日办理现金差额的清算及交收。对 于因申购赎回代理券商交收资金不足，导致投资者现金申购失败的情形，按照申购赎回代理 券商的相关规则处理。 投资者 T 日提交的现金赎回申请受理后，登记机构在 T 日收市后为投资者办理基金份 额的清算和交收，并将结果发送给申购赎回代理券商、基金管理人和基金托管人。基金管理 人在 T+2 日办理现金差额的清算及交收。赎回现金替代款将自有效赎回申请之日起 7 个,2,1,证金后，应当保持不低于交易 保证金一倍的现金，其中现金不包括结算备付金、存出保证金和应收申购款等； 6）本基金所持有的股票市值和买入、卖出股指期货合约价值合计（轧差计算）应当符 合基金合同关于股票投资比例的有关约定； （10）本基金参与转融通证券出借业务，应当遵守以下交易限制： 工银瑞信中证港股通高股息精选交易型开放式指数证券投资基金 更新的招募说明书 41 1）参与转融通证券出借业务的资产不得超过基金资产净值的 30%，出借期限在 10 个交 易日以上的出借证券应归为流动性受限资产； 2）参与转融通证券出借业务的单只证券不得超过基金持有该证券总量的 30%； 3）最近 6 个月内日均基金资产净值不低于 2 亿元； 4）证券出借的平均剩余期限不得超过 30 天，平均剩余期限按照市值加权平均计算； （11）本基金主动投资于流动性受限资产的市值合计不得超过基金资产净值的 15%；因 证券市场波动、上市公司股票停牌、基金规模变动等基金管理人之外的因素致使基金不符合 该比例限制的，基金管理人不得主动新增流动性受限资产的投资； （12）本基金与私募类证券资管产品及中国证监会认定的其他主体为交易对手开展逆回 购交易的，可接受质押品的资质要求应当与基金合同约定的投资范围保持一致； （13）本基金资产总值不超过基金资产净值的 140%； （14）本基金投资存托凭,0,0,结算成本）， 则基金管理人将退还多收取的差额；如果预先收取的金额低于基金买入证券的实际成本（或 证券实际结算成本），则基金管理人将向投资者收取欠缺的差额。 3）申购替代金额的处理程序 对于确认成功的 T 日申购申请，T 日内基金管理人根据申购规模进行组合证券的代理买 入。基金管理人有权根据基金投资的需要自主决定不买入部分被替代证券，或者不进行任何 买入被替代证券的操作。T 日日终，基金管理人根据所购入的被替代证券的实际单位购入成 本（包括买入价格与相关费用）和未买入的被替代证券的 T 日收盘价（折算为人民币，折算 汇率采用当天的估值汇率；T 日在证券交易所无交易的，取最近交易日的收盘价；交易日无 收盘价的，取最后成交价）计算被替代证券的单位结算成本，在此基础上根据替代证券数量 和申购替代金额确定基金应退还投资者或投资者应补交的款项。正常情况下，T+5 日（指开 放日）内，基金管理人将应退款和补款的明细及汇总数据发送给登记机构，登记机构办理现 金替代多退少补资金的清算，并将结果发送给相关申购赎回代理券商和基金托管人办理交收。 如遇港股通临时停市、港股通交易每日额度不足等特殊情况，组合证券的代理买入及结 算价格可依次顺延至下一港股通交易日直至交易正常。如遇证券长期停牌、流动性不足等可 工银瑞信中证港股通高股息精选交易型开放式指数证券投资基金 更新的招募说明书 31 能,1,0,人利益，该证券对应的现金替代款的清算交收可 在其复牌后按照实际交易成本办理。在此期间若该证券发生除息、送股（转增）、配股等重 要权益变动，则进行相应调整。 4）赎回替代金额的处理程序 对于确认成功的 T 日赎回申请，T 日内，基金管理人根据赎回规模进行组合证券的代理 卖出。基金管理人有权根据基金投资的需要自主决定不卖出部分被替代证券，或者不进行任 何卖出被替代证券的操作。T 日日终，基金管理人根据所卖出的被替代证券的实际单位卖出 金额（扣除相关费用）和未卖出的被替代证券的 T 日收盘价（折算为人民币，折算汇率采用 当天的估值汇率；T 日在证券交易所无交易的，取最近交易日的收盘价；交易日无收盘价的， 取最后成交价）计算被替代证券的单位结算金额，在此基础上根据替代证券数量确定赎回替 代金额。正常情况下，T+5 日（指开放日）内，基金管理人将应支付的替代金额的明细及汇 总数据发送给登记机构，登记机构办理赎回替代金额的清算，并将结果发送给相关申购赎回 代理券商和基金托管人办理交收。 如遇港股通临时停市等特殊情况，组合证券的代理卖出及结算价格可依次顺延至下一港 股通交易日直至交易正常。如遇证券长期停牌、流动性不足等可能导致收盘价或最后成交价 不公允的特殊情况，可参照证券的估值价格，对结算价格进行调整，如果基金管理人认为该 证券复牌后的价格可能存在较大波动，且可能对基金资产净,并适用于本基 金的，则按照新的规则执行，届时基金管理人将发布公告予以披露并更新本基金的基金合同 和招募说明书，无须召开基金份额持有人大会审议。 3、申购和赎回的清算交收与登记 本基金申购赎回过程中涉及的基金份额、现金替代、现金差额及其他对价的交收适用深 圳证券交易所、登记机构的相关规定和参与各方相关协议的有关规定。 本基金现金申购业务中的现金替代采用实时逐笔全额结算（RTGS）与日终逐笔全额非担 保交收的方式处理；现金赎回业务涉及的现金替代采用代收代付处理；现金申购、赎回业务 涉及的现金差额和现金替代退补款采用代收代付处理。 投资者 T 日提交的现金申购申请受理后，日间完成 RTGS 交收部分，登记机构在 T 日日 间实时为该投资者办理基金份额登记以及现金替代的交收；日间未完成 RTGS 交收部分，登 记机构在 T 日日终为投资者办理基金份额登记与现金替代的交收，并将结果发送给申购赎回 工银瑞信中证港股通高股息精选交易型开放式指数证券投资基金 更新的招募说明书 28 代理券商、基金管理人和基金托管人。基金管理人在 T+2 日办理现金差额的清算及交收。对 于因申购赎回代理券商交收资金不足，导致投资者现金申购失败的情形，按照申购赎回代理 券商的相关规则处理。 投资者 T 日提交的现金赎回申请受理后，登记机构在 T 日收市后为投资者办理基金份 额的清算和交收，并
94,159198,SZ,SZ,2026-08-24,2026-08-24,临时数据/159198/159198_更新招募说明书_20260824.txt,120613,6,有人大会审议。 根据本基金现行适用的清算交收和申赎处理规则， 投资者当日申购的基金份 额， 清算交收完成后方可卖出和赎回， 即T 日申购的基金份额且日间完成 RTGS （实时逐笔全额结算） 交收的，T 日可卖出和赎回， 而T 日申购的基金份额且日 终完成逐笔全额非担保交收的，T+1 日方可卖出和赎回；T 日竞价买入的基金份 额，T 日可以卖出或赎回；T 日大宗买入的基金份额，T 日可以大宗卖出，T+1 日可以竞价卖出或赎回。 投资有风险， 投资者认购 （或申购） 基金时应认真阅读本招募说明书、 基金 合同、 基金产品资料概要等信息披露文件， 自主判断基金的投资价值， 自主做出 投资决策，自行承担投资风险。基金管理人提醒投资者基金投资的“买者自负” 原则， 在投资者作出投资决策后， 基金运营状况与基金净值变化引致的投资风险， 由投资者自行负责。 未来若出现标的指数不符合要求 （因成份股价格波动等指数编制方法变动之 招募说明书（更新） 4 外的因素致使标的指数不符合要求的情形除外） 、 指数编制机构退出等情形， 基 金管理人召集基金份额持有人大会对解决方案进行表决， 基金份额持有人大会未 成功召开或就上述事项表决未通过的， 基金合同终止。 因而， 本基金存在着无法 存续的风险。 因基金合同而产生的或与基金合同有关,0,1,,2,0,际结算成本， 则基金管理人将退还多收取的差额； 如果预先收取的申购替代金额低于基金购入 该部分组合证券的实际结算成本，则基金管理人将向投资人收取欠缺的差额。 ③申购替代金额的处理程序 对于确认成功的 T 日申购申请，T 日内基金管理人根据申购规模进行组合证 券的代理买入。 基金管理人有权根据基金投资的需要自主决定不买入部分被替代 证券，或者不进行任何买入证券的操作。T 日日终，基金管理人根据所购入的被 替代组合证券的实际单位购入成本、 实际购入的相关费用 （实际购入金额根据港 股通相关业务规则按当天的港股通卖出结算汇兑比率折算为人民币） 、 未购入的 被替代组合证券的 T 日收盘价 （折算为人民币， 折算汇率采用基金管理人和基金 招募说明书（更新） 44 托管人商定的汇率公允价， 包括中国外汇交易中心公布的北京时间16:00 参考汇 率、 港股通买入结算汇兑比率和卖出结算汇兑比率的算术平均值、 中国人民银行 或其授权机构公布的人民币汇率中间价、与基金托管人商定的其他公允价格等； 被替代组合证券 T 日无交易的， 取最近交易日的收盘价； 交易日无收盘价的， 取 最后收盘价） 计算并确定被替代组合证券的单位结算成本， 在此基础上根据替代 组合证券数量和申购现金替代保证金确定基金应退还投资人的款项或投资人应 补交的款项。若发生特殊情况， 包括如遇港股通结算异常等， 基金,2,4,该证券对应的现金替代款的清算交收可在其复牌后按照实际交 易成本办理。 在此期间若该证券发生除息、 送股 （转增） 、 配股等重要权益变动， 则进行相应调整。 ④赎回替代金额的处理程序 对于确认成功的 T 日赎回申请，T 日内基金管理人根据赎回规模进行组合证 券的代理卖出。 基金管理人有权根据基金投资的需要自主决定不卖出部分被替代 证券， 或者不进行任何卖出证券的操作。T 日内基金管理人根据所卖出的被替代 组合证券的实际单位卖出金额、 实际卖出的相关费用（实际卖出金额根据港股通 相关业务规则按当天的港股通买入结算汇兑比率折算为人民币）、 未卖出的被替 代组合证券的 T 日收盘价 （折算为人民币， 折算汇率采用基金管理人和基金托管 人商定的汇率公允价，包括中国外汇交易中心公布的北京时间 16:00 参考汇率、 港股通买入结算汇兑比率和卖出结算汇兑比率的算术平均值、 中国人民银行或其 授权机构公布的人民币汇率中间价、 与基金托管人商定的其他公允价格等； 被替 招募说明书（更新） 45 代组合证券 T 日无交易的， 取最近交易日的收盘价； 交易日无收盘价的， 取最后 收盘价） 计算并确定被替代组合证券的单位结算金额， 在此基础上根据替代组合 证券数量确定赎回替代金额。若发生特殊情况， 包括如遇港股通结算异常等， 基 金管理人可以对折算汇率和结算金额进行相应调整。T 日后的,， 或开通场外申购、 赎回相关业务， 相应的业 务规则、 申购赎回原则等相关事项届时将另行约定并公告， 无需召开基金份额持 有人大会审议。 根据本基金现行适用的清算交收和申赎处理规则， 投资者当日申购的基金份 额， 清算交收完成后方可卖出和赎回， 即T 日申购的基金份额且日间完成 RTGS （实时逐笔全额结算） 交收的，T 日可卖出和赎回， 而T 日申购的基金份额且日 终完成逐笔全额非担保交收的，T+1 日方可卖出和赎回；T 日竞价买入的基金份 额，T 日可以卖出或赎回；T 日大宗买入的基金份额，T 日可以大宗卖出，T+1 日可以竞价卖出或赎回。 投资有风险， 投资者认购 （或申购） 基金时应认真阅读本招募说明书、 基金 合同、 基金产品资料概要等信息披露文件， 自主判断基金的投资价值， 自主做出 投资决策，自行承担投资风险。基金管理人提醒投资者基金投资的“买者自负” 原则， 在投资者作出投资决策后， 基金运营状况与基金净值变化引致的投资风险， 由投资者自行负责。 未来若出现标的指数不符合要求 （因成份股价格波动等指数编制方法变动之 招募说明书（更新） 4 外的因素致使标的指数不符合要求的情形除外） 、 指数编制机构退出等情形， 基 金管理人召集基金份额持有人大会对解决方案进行表决， 基金份额持有人大会未 成功召开或就上述事项表决未通过的， 基金合同
95,513630,SH,SH,2025-11-24,2025-11-24,临时数据/513630/513630_更新招募说明书_20251124.txt,108782,0,,3,1,；在任何交易日内交易（不包括平仓）的股指期货合约的成交 金额不得超过上一交易日基金资产净值的 20%；本基金所持有的股票市值和买入、 卖出股指期货合约价值合计（轧差计算）应当符合基金合同关于股票投资比例的 摩根标普港股通低波红利交易型开放式指数证券投资基金－招募说明书（更新） 42 有关约定； （9）每个交易日日终在扣除股指期货和股票期权合约需缴纳的交易保证金 后，应当保持不低于交易保证金一倍的现金，其中现金不包括结算备付金、存出 保证金、应收申购款等； （10）本基金参与股票期权交易的，应当符合下列要求：基金因未平仓的期 权合约支付和收取的权利金总额不得超过基金资产净值的 10%；开仓卖出认购期 权的，应持有足额标的证券；开仓卖出认沽期权的，应持有合约行权所需的全额 现金或交易所规则认可的可冲抵期权保证金的现金等价物； 未平仓的期权合约面 值不得超过基金资产净值的 20%。 其中， 合约面值按照行权价乘以合约乘数计算； （11）基金总资产不得超过基金净资产的 140%； （12）本基金参与融资的，每个交易日日终，本基金持有的融资买入股票与 其他有价证券市值之和，不得超过基金资产净值的 95%； （13）本基金参与转融通证券出借业务的，出借证券资产不得超过基金资产 净值的 30%，出借期限在 10 个交易日以上的出借证券应纳入《流动性风险管理 规,1,0,T-1 日估值汇率换 算或基金管理人认为合理的其他方法。 （2）关于可以现金替代 1）适用情形：可以现金替代的证券是指基金管理人认为需要在投资者申购 或赎回时代投资者买入或卖出的证券。 2）替代金额：对于可以现金替代的证券，替代金额的计算公式为： 申购的替代金额＝替代证券数量×该证券调整后T日开盘参考价×T-1日估 值汇率×（1+申购现金替代溢价比例） 。 对可以现金替代而言，申购时收取现金替代溢价的原因是，对于使用现金替 代的证券，基金管理人将买入该证券，实际买入价格加上相关交易费用后与该证 券调整后 T 日开盘参考价可能有所差异。为便于操作，基金管理人在申购、赎回 清单中预先确定现金替代溢价比例，并据此收取替代金额。如果预先收取的金额 摩根标普港股通低波红利交易型开放式指数证券投资基金－招募说明书（更新） 29 高于基金购入该部分证券的实际成本，则基金管理人将退还多收取的差额；如果 预先收取的金额低于基金购入该部分证券的实际成本， 则基金管理人将向投资者 收取欠缺的差额。 其中， 调整后T 日开盘参考价主要根据指数服务机构提供的标的指数成份证 券的调整后开盘参考价确定。 3）申购替代金额的处理程序 基金管理人可以根据市场情况和实际需要确定和调整现金替代溢价比例， 具 体的现金替代溢价比例以申购赎回清单公告为准。 对于确认成功的 T 日申购申请，T,0,0,T-1 日估值汇率换 算或基金管理人认为合理的其他方法。 （2）关于可以现金替代 1）适用情形：可以现金替代的证券是指基金管理人认为需要在投资者申购 或赎回时代投资者买入或卖出的证券。 2）替代金额：对于可以现金替代的证券，替代金额的计算公式为： 申购的替代金额＝替代证券数量×该证券调整后T日开盘参考价×T-1日估 值汇率×（1+申购现金替代溢价比例） 。 对可以现金替代而言，申购时收取现金替代溢价的原因是，对于使用现金替 代的证券，基金管理人将买入该证券，实际买入价格加上相关交易费用后与该证 券调整后 T 日开盘参考价可能有所差异。为便于操作，基金管理人在申购、赎回 清单中预先确定现金替代溢价比例，并据此收取替代金额。如果预先收取的金额 摩根标普港股通低波红利交易型开放式指数证券投资基金－招募说明书（更新） 29 高于基金购入该部分证券的实际成本，则基金管理人将退还多收取的差额；如果 预先收取的金额低于基金购入该部分证券的实际成本， 则基金管理人将向投资者 收取欠缺的差额。 其中， 调整后T 日开盘参考价主要根据指数服务机构提供的标的指数成份证 券的调整后开盘参考价确定。 3）申购替代金额的处理程序 基金管理人可以根据市场情况和实际需要确定和调整现金替代溢价比例， 具 体的现金替代溢价比例以申购赎回清单公告为准。 对于确认成功的 T 日申购申请，T 日内基,申请的确认情况，否则如因申请未得到登 记机构的确认而造成的损失，由投资人自行承担。 本基金具体的申购、赎回确认流程详见本招募说明书及相关公告。 3、申购和赎回的清算交收与登记 本基金申购赎回过程中涉及的基金份额、现金替代、现金差额及其他对价的 清算交收适用《业务规则》和参与各方相关协议的有关规定。 投资者 T 日申购成功后，正常情况下，登记机构在T 日收市后为投资人办理 基金份额与现金替代等的交收；在T+1 日办理现金差额的清算，并将结果发送给 申购赎回代理券商、基金管理人和基金托管人。申购赎回代理券商、基金管理人 在 T+2 日办理现金差额的交收。 投资者 T 日赎回成功后，正常情况下，登记机构在T 日收市后为投资人办理 摩根标普港股通低波红利交易型开放式指数证券投资基金－招募说明书（更新） 26 基金份额的交收；在T+1 日办理现金差额的清算，并将结果发送给申购赎回代理 券商、基金管理人和基金托管人。申购赎回代理券商、基金管理人在T+2 日办理 现金差额的交收。正常情况下，基金管理人不迟于T+7 日（指开放日）办理赎回 替代款项的交付。 如遇国家外汇管理局相关规定有变更或本基金主要投资的证券市场休市或 暂停交易、主要投资的证券市场或港股通交易结算清算规则变更、交易所或登记 结算机构有关申购赎回交易结算规则发生改变、登记公司系统故障、交易所或交 易市场数
96,520850,SH,SH,,2025-12-09,临时数据/520850/520850_招募说明书_20251209.txt,105560,4,息泄露的风险等。 7、根据本基金现行适用的清算交收和申赎处理规则，投资者当日申购的基金份额， 清算交收完成后方可卖出和赎回，即 T 日申购的基金份额且日间完成 RTGS（实时逐笔全额 结算）交收，T 日可卖出和赎回，而 T 日申购的基金份额且日终完成逐笔全额非担保交收， T+1 日方可卖出和赎回；T 日买入的基金份额，T 日可以赎回或卖出。 投资者投资于本基金前请认真阅读证券交易所和登记结算机构关于 ETF 的相关业务规 则及其不时的更新，确保具备相关专业知识、清楚了解相关规则流程后方可参与本基金的 认购、申购、赎回及交易。投资者一旦认购、申购或赎回本基金，即表示对基金认购、申 购和赎回所涉及的登记方式以及申购赎回所涉及现金替代、现金差额等相关的交收方式及 业务规则已经认可。 8、基金管理人提醒投资者基金投 资的“买者自负”原则，在投资者作出投资决策后， 基金运营状况与基金净值变化引致的投资风险，由投资者自行负责。此外，本基金以 1 元 初始面值进行募集，在市场波动等因素的影响下，存在单位份额净值跌破 1 元初始面值的 风险。 9、基金不同于银行储蓄，基金投资人投资于基金有可能获得较高的收益，也有可能 损失本金。投资有风险，投资人在进行投资决策前，请仔细阅读本基金的《招募说明书》 及《基金合同》。 10 、基金,6,4,整后 T 日开盘参考价并按照 T-1 日估值汇率换算或基金管理人认为合理 的其他方法。 （4）在系统支持的情况下，对于 T 日的申购赎回申请，基金管理人有权进行轧差处理， 针对净申购，购入净申购份额对应的组合证券中被替代的成份证券，针对净赎回，卖 出净 赎回份额对应的组合证券中被替代的成份证券，基金管理人有权购入或者卖出不等于 轧差 处理后的上述被替代的成份证券的任意数量。 （5）基金管理人可根据运作情况调整代理申赎投资者买券卖券的相关规则并按规定公 告。 （6）未来如港股通的交易、结算规则发生改变，或上海证券交易所、登记结算机构有 关申购赎回交易结算规则发生改变，或基金管理人与基金托管人之间的结算相 关安排 发生 改变等，基金管理人可对上述相关现金替代处理规则进行调整，并按规定公告。 4、预估现金部分相关内容 预估现金部分是指为便于计算基金份额参考净值及申购赎回代理券商预先冻结申 请申 40 购、赎回的投资者的相应资金，由基金管理人计算的现金数额。 T 日申购赎回清单中公告 T 日预估现金部分。其计算公式为： T 日预估现金部分＝T-1 日最小申购、赎回单位的基金资产净值－（申购赎回清单中必 须现金替代成份证券的替代金额+申购赎回清单中可以现金替代成份证券的数量、该证券调 整后 T 日开盘参考价以及 T-1 日估值汇率的相乘之和） 其中，该证券,2,0,代溢价比例，并据此收取申 购现 金替代保证金。 基金管理人在 T 日内购入组合证券中被替代的成份证券。基金管理人有权在 T 日内任 意时刻，以收到的申购替代金额代投资者购入组合证券中被替代的成份证券的任意数 量。 正常情况下，对于确认成功的 T 日申购申请，基金管理人根据 T 日所购入的被替代成份证 券的实际单位购入成本（包括买入价格与相关费用，折算为人民币）和未买入的被替 代成 份证券 T 日收盘价（折算为人民币，被替代证券当日在证券交易所无交易的，取最近交易 日的收盘价；交易日无收盘价的，取最后成交价）计算被替代成份证券的单位结算成 本， 在此基础上根据替代成份证券数量和申购现金替代保证金确定基金应退还投资者或投 资者 应补交的款项。T 日后的三个港股通交易日内，基金管理人将成份证券的应退款或补 款与 相关申购赎回代理券商办理交收，当交收期间出现港股通交易日为非港股通交收日时 ，款 项交收日期顺延。若发生特殊情况，基金管理人可以对交收日期进行相应调整。 如遇港股通临时停市、港股通交易当日额度使用完毕而暂停或停止接受买入申报 等特 殊情况，基金管理人可考虑根据实际情况将成份证券的代理买入及结算价格顺延至下 一港 股通交易日直至交易正常。如遇成份证券长期停牌、流动性不足等可能导致收盘价或 最后 成交价不公允的特殊情况，可参照证券的估值价格，对结算价格进行,2,1,款的清算交收可按照其复牌后 实际 交易成本或者基金管理人认为合理的价格办理。在此期间若该证券发生除息、送股（转 增）、配股等重要权益变动，则进行相应调整。 4）赎回替代金额的处理程序 基金管理人在 T 日内卖出组合证券中被替代的成份证券。基金管理人有权在 T 日内任 意时刻代投资者卖出组合证券中被替代的成份证券的任意数量。正常情况下，对于确 认成 功的T 日赎回申请，基金管理人根据T 日所卖出的被替代成份证券的实际单位卖出金额（扣 除相关费用，折算为人民币）和未卖出的被替代成份证券的 T 日收盘价（折算为人民币， 被替代证券当日在证券交易所无交易的，取最近交易日的收盘价；交易日无收盘价的 ，取 最后成交价）计算被替代成份证券的单位结算金额，在此基础上根据替代成份证券数 量确 定赎回替代金额。T 日后的第3 个港股通交易日后的1 个工作日内，基金管理人将应支付的 39 成份证券赎回替代金额与相关申购赎回代理券商办理交收，当交收期间出现港股通交 易日 为非港股通交收日时，款项交收日期顺延。若发生特殊情况，基金管理人可以对交收 日期 进行相应调整。 如遇港股通临时停市等特殊情况，成份证券的代理卖出及结算价格可依次顺延至 下一 港股通交易日直至交易正常。如遇成份证券长期停牌、流动性不足等可能导致收盘价 或最 后成交价不公允的特殊情况，可参照证券的估值价格，对结算价格进行调,息系统风险、操作风险、交易指令传输和资金使用效率降低的风险、无法完成当日估值的 风险、交易结算风险、基金投资非公开信息泄露的风险等。 7、根据本基金现行适用的清算交收和申赎处理规则，投资者当日申购的基金份额， 清算交收完成后方可卖出和赎回，即 T 日申购的基金份额且日间完成 RTGS（实时逐笔全额 结算）交收，T 日可卖出和赎回，而 T 日申购的基金份额且日终完成逐笔全额非担保交收， T+1 日方可卖出和赎回；T 日买入的基金份额，T 日可以赎回或卖出。 投资者投资于本基金前请认真阅读证券交易所和登记结算机构关于 ETF 的相关业务规 则及其不时的更新，确保具备相关专业知识、清楚了解相关规则流程后方可参与本基金的 认购、申购、赎回及交易。投资者一旦认购、申购或赎回本基金，即表示对基金认购、申 购和赎回所涉及的登记方式以及申购赎回所涉及现金替代、现金差额等相关的交收方式及 业务规则已经认可。 8、基金管理人提醒投资者基金投 资的“买者自负”原则，在投资者作出投资决策后， 基金运营状况与基金净值变化引致的投资风险，由投资者自行负责。此外，本基金以 1 元 初始面值进行募集，在市场波动等因素的影响下，存在单位份额净值跌破 1 元初始面值的 风险。 9、基金不同于银行储蓄，基金投资人投资于基金有可能获得较高的收益，也有可能 损失本金。投资有风险，投资人在进
97,513620,SH,SH,,2026-04-08,临时数据/513620/513620_招募说明书_20260408.txt,127996,2,算有限责任公司修改或 更新上述规则或新增设相关规则并适用于本基金的，则按照新的规则执行，并依 照《信息披露办法》的有关规定在规定媒介上公告。 本基金申购业务采用实时逐笔全额结算（Real Time Gross Settlement，简 称 RTGS）模式；赎回业务涉及的现金替代采用代收代付处理；申购、赎回业务 涉及的现金差额和现金替代退补款采用代收代付处理。 1）申购的清算交收 投资者 T 日申购后，如交易记录已勾单且申购资金足额的，登记机构在 T 日日间实时办理基金份额及现金替代的交收；T 日日间未进行勾单确认或日间资 金不足的， 登记机构在T 日日终根据资金是否足额办理基金份额及现金替代的清 算交收，并将结果发送给基金管理人、申购赎回代理券商和基金托管人。在 T+1 日内办理现金差额的清算，并将结果发送给申购赎回代理券商、基金管理人和基 金托管人。基金管理人与申购赎回代理券商在 T+2 日办理现金差额的交收。 2）赎回的清算交收 银华中证港股通医疗主题交易型开放式指数证券投资基金 招募说明书 47 投资者 T 日赎回申请受理后， 登记机构在T 日收市后为投资者办理基金份额 的清算交收，在T+1 日内办理现金差额的清算，并将结果发送给申购赎回代理券 商、基金管理人和基金托管人。基金管理人与申购赎回代理券商在T+2,8,4,出部分被替代证券，或者不进行任何买 入或卖出证券的操作，基金管理人可能不买入或不卖出被替代证券的情形包括 但不限于市场流动性不足、 技术系统无法实现、 申购赎回轧差以及基金管理人认 为不需买入或卖出的其他情形。 按照目前的证券代理买卖规则，T 日确认成功的申购或赎回申请，基金管理 人 T 日未买入或未卖出的部分证券，将按该证券T 日收盘价（折算为人民币，目 前折算汇率采用 T日估值汇率， 基金管理人可根据情况调整所使用的折算汇率， 并及时公告， 被替代证券T 日在证券交易所无交易的， 取最近交易日的收盘价， 交易日无收盘价的， 取最后成交价） 计算被替代证券的单位结算成本或结算金额， 因此投资者需承受可能当天无法完成所有证券买卖、未完成买卖部分按收盘价 结算、结算成本或结算金额不确定（含汇率波动、未完成买卖部分的折算汇率与 港股通结算汇率发生偏离） 等风险。 由于指数成份股采取基金管理人代买代卖模 式， 可能给投资者申购和赎回带来价格的不确定性， 而这种价格的不确定性可能 影响本基金二级市场价格的折溢价水平。 投资人在赎回基金份额时， 基金投资组 合变现可能受到市场变化、 部分成份股停牌或流动性不足等因素影响， 导致投资 者收到的赎回对价可能延期交收或赎回对价的金额出现较大波动的风险。此外， 基金管理人可根据运作情况调整代理申赎投资者买券卖券的相,2,0,境外发行人、中国存托凭证发行 机制以及交易机制等相关的风险。 基金管理人可在本招募说明书规定的时间内（详见本招募说明书第十部分 基金份额的申购与赎回的相关内容）代投资者买入或卖出组合证券中被替代证 券的任意数量，实际买入被替代证券的价格可能处于规定时间内（同上）较高的 位置或处于最高价格， 实际卖出被替代证券的价格可能处于规定时间内 （同上） 银华中证港股通医疗主题交易型开放式指数证券投资基金 招募说明书 3 较低的位置或处于最低价格， 基金管理人对此不承担责任。 基金管理人有权根据 基金投资的需要自主决定不买入或不卖出部分被替代证券，或者不进行任何买 入或卖出证券的操作，基金管理人可能不买入或不卖出被替代证券的情形包括 但不限于市场流动性不足、 技术系统无法实现、 申购赎回轧差以及基金管理人认 为不需买入或卖出的其他情形。 按照目前的证券代理买卖规则，T 日确认成功的申购或赎回申请，基金管理 人 T 日未买入或未卖出的部分证券，将按该证券T 日收盘价（折算为人民币，目 前折算汇率采用 T日估值汇率， 基金管理人可根据情况调整所使用的折算汇率， 并及时公告， 被替代证券T 日在证券交易所无交易的， 取最近交易日的收盘价， 交易日无收盘价的， 取最后成交价） 计算被替代证券的单位结算成本或结算金额， 因此投资者需承受可能当天无法完成所有证券买卖、未完成买卖,2,0,境外发行人、中国存托凭证发行 机制以及交易机制等相关的风险。 基金管理人可在本招募说明书规定的时间内（详见本招募说明书第十部分 基金份额的申购与赎回的相关内容）代投资者买入或卖出组合证券中被替代证 券的任意数量，实际买入被替代证券的价格可能处于规定时间内（同上）较高的 位置或处于最高价格， 实际卖出被替代证券的价格可能处于规定时间内 （同上） 银华中证港股通医疗主题交易型开放式指数证券投资基金 招募说明书 3 较低的位置或处于最低价格， 基金管理人对此不承担责任。 基金管理人有权根据 基金投资的需要自主决定不买入或不卖出部分被替代证券，或者不进行任何买 入或卖出证券的操作，基金管理人可能不买入或不卖出被替代证券的情形包括 但不限于市场流动性不足、 技术系统无法实现、 申购赎回轧差以及基金管理人认 为不需买入或卖出的其他情形。 按照目前的证券代理买卖规则，T 日确认成功的申购或赎回申请，基金管理 人 T 日未买入或未卖出的部分证券，将按该证券T 日收盘价（折算为人民币，目 前折算汇率采用 T日估值汇率， 基金管理人可根据情况调整所使用的折算汇率， 并及时公告， 被替代证券T 日在证券交易所无交易的， 取最近交易日的收盘价， 交易日无收盘价的， 取最后成交价） 计算被替代证券的单位结算成本或结算金额， 因此投资者需承受可能当天无法完成所有证券买卖、未完成买卖部分按,"购佣金由发售代理机构向投资人收取，投资人需以现金方式交纳认购佣金。 认购佣金由提出认购基金份额申请并成功确认的投资人承担。 网上现金认购的有效认购资金在登记机构清算交收后至划入基金托管专户 前产生的利息遵循登记机构相关规则处理，计入基金财产，不折算为投资人基金 银华中证港股通医疗主题交易型开放式指数证券投资基金 招募说明书 37 份额。 例：某投资人通过某发售代理机构以网上现金认购方式认购1,000份本基 金，假设该发售代理机构确认的佣金比率为0.30%，则投资人需支付的认购佣金 和需准备的认购金额计算如下： 认购佣金＝1.00×1,000×0.30%＝3.00元 认购金额＝1.00×1,000×（1+0.30%）＝1,003.00元 即投资人需准备1,003.00元资金，方可认购到1,000份本基金基金份额。 3、认购限额 网上现金认购以基金份额申请。单一账户每笔认购份额需为1，000份或其整 数倍， 并须遵循销售机构的相关规定。 投资人可以多次认购，但需符合法律法规、 监管要求、业务规则以及本基金发售规模控制方案的规定。 4、认购申请 投资人在认购本基金时，需按发售代理机构的规定，备足认购资金，办理认 购手续。 5、清算交收 T日通过发售代理机构提交的网上现金认购申请，由该发售代理机构冻结相 应的认购资金，登记机构进行清算交收，并将有效认购数据发"
98,159726,SZ,SZ,2026-08-18,2026-08-18,临时数据/159726/159726_更新招募说明书_20260818.txt,104878,0,,1,0,不卖出部分被替代证券，或者不进行任何买入或卖出证券的操作，基 金管理人可能不买入或不卖出被替代证券的情形包括但不限于市场流动性不足、技术系统 无法实现、申购赎回轧差以及基金管理人认为不应买入或卖出的其他情形。 14、基金收益分配后基金份额净值低于面值的风险 基于本基金的性质和特点，本基金收益分配不以弥补亏损为前提，收益分配后可能存 在基金份额净值低于面值的风险。 15、第三方机构服务的风险 基金的多项服务委托第三方机构办理，存在以下风险： 华夏恒生港股通中国内地企业高股息率交易型开放式指数证券投资基金招募说明书（更新） 93 （1）申购赎回代理券商因多种原因，导致代理申购、赎回业务受到限制、暂停或终止， 由此影响对投资者申购赎回服务的风险。 （2）登记机构可能调整结算制度，如实施货银对付制度，对投资者基金份额、组合证 券及资金的结算方式发生变化，制度调整可能给投资者带来理解偏差的风险。同样的风险 还可能来自于证券交易所及其他代理机构。 （3）证券交易所、登记机构、基金托管人、申购赎回代理券商及其他代理机构可能违 约，导致基金或投资者利益受损的风险。 16、参与转融通证券出借及融资业务的风险 本基金可参与转融通证券出借业务，面临的风险包括但不限于： （1）流动性风险，指面临大额赎回时，可能因证券出借原因发生无法及时变现支付赎 回款项的风险； （2）,2,0,际结算成本）， 则基金管理人将退还多收取的差额；如果预先收取的金额低于基金买入证券的实际成本（或 证券实际结算成本），则基金管理人将向投资者收取欠缺的差额。 ②申购替代金额的处理程序 T 日，基金管理人根据申购赎回清单收取替代金额。 在 T 日内，基金管理人以收到的替代金额代投资者买入被替代证券。基金管理人有权 在 T 日内任意时刻以收到的替代金额代投资者买入小于等于被替代证券数量的任意数量的 被替代证券。基金管理人有权根据基金投资的需要自主决定不买入部分被替代证券，或者不 进行任何买入证券的操作。在 T 日日终，基金管理人已买入的证券，依据替代金额与被替 代证券的实际买入成本（包括买入价格与相关交易费用）的差额，确定基金应退还投资者或 投资者应补交的款项；未买入的证券，依据替代金额与被替代证券 T 日收盘价（需用最新 汇率折算为人民币，当日在证券交易所无交易的，取最近交易日的收盘价，当日无收盘价的， 取最后成交价）的差额，确定基金应退还投资者或投资者应补交的款项。 在此期间若该部分证券发生除息、送股（转增）、配股等重要权益变动，则进行相应调 整。正常情况下，T 日后的第 2 个港股通交易日后的 2 个工作日内，基金管理人将应退款和 补款的明细及汇总数据发送给登记结算机构，登记结算机构办理现金替代多退少补资金的清 算，并将结果发送给相关申购赎回代理机构和基金托管人,2,0,于可以现金替代的证券，替代金额为扣除相关费用后的该证券的卖出价值（或 证券实际结算价值）。 ④赎回对应的替代金额的处理程序 在 T 日内，基金管理人根据赎回申请代投资者卖出被替代证券。基金管理人有权在 T 日内任意时刻代投资者卖出小于等于被替代证券数量的任意数量的被替代证券。基金管理人 有权根据基金投资的需要自主决定不卖出部分被替代证券，或者不进行任何卖出证券的操作。 在 T 日日终，基金管理人已卖出的证券，按照被替代证券的实际卖出金额（扣除相关费用） 确定基金应支付的替代金额；未卖出的证券，按照被替代证券 T 日收盘价（需用最新汇率 折算为人民币，当日在证券交易所无交易的，取最近交易日的收盘价，当日无收盘价的，取 最后成交价）确定基金应支付给投资者的替代金额。 在此期间若该部分证券发生除息、送股（转增）、配股等重要权益变动，则进行相应调 整。正常情况下，T 日后的第 3 个港股通交易日后的 2 个工作日内，基金管理人将应支付的 替代金额的明细及汇总数据发送给登记结算机构，登记结算机构办理现金替代资金的清算， 并将结果发送给相关申购赎回代理机构和基金托管人。 如遇证券长期停牌、流动性不足等特殊情况，可参照证券的估值价格，对结算价格进行 调整，如果基金管理人认为该证券复牌后的价格可能存在较大波动，且可能对基金资产净值 产生较大影响，为了更好的维护持有人利益,投资基金招募说明书（更新） 2 本基金为交易型开放式指数证券投资基金（ETF），在深圳证券交易所上市。由于本基 金的标的指数组合证券为香港交易所证券，基金份额的清算交收与境内普通 ETF 存在一定 差异。通常情况下，T 日申购的基金份额在交收完成后可以卖出或赎回。投资者认购本基 金时需具有深圳证券账户，但需注意，使用基金账户只能参与本基金的现金认购和二级市 场交易，如投资者需要参与基金的申购、赎回，则应使用 A 股账户。本基金以人民币募集 和计价，本基金可投资于香港市场以港币计价的金融工具，人民币对港币的汇率的波动可 能加大基金净值的波动，从而对基金业绩产生一定影响。 本基金可投资存托凭证，基金净值可能受到存托凭证的境外基础证券价格波动影响， 存托凭证的境外基础证券的相关风险可能直接或间接成为本基金的风险。 投资有风险，投资者在投资本基金之前，请仔细阅读本基金的招募说明书、基金合同、 基金产品资料概要，全面认识本基金的风险收益特征和产品特性，并充分考虑自身的风险 承受能力，理性判断市场，谨慎做出投资决策。投资者应当认真阅读并完全理解基金合同 第二十一部分规定的免责条款、第二十二部分规定的争议处理方式。 基金的过往业绩并不预示其未来表现。 基金管理人依照恪尽职守、诚实信用、谨慎勤勉的原则管理和运用基金财产，但不保 证基金一定盈利，也不保证最低收益。 投
99,159286,SZ,SZ,2026-07-03,2026-07-03,临时数据/159286/159286_更新招募说明书_20260703.txt,109747,3,与基金的申购、赎回，则应开立深圳 A 股账户。 在目前结算规则下，投资者当日申购的基金份额，清算交收完成后方可卖出和赎回， 即 T 日申购的基金份额且日间完成 RTGS（实时逐笔全额结算）交收的，T 日可卖出和赎 回，而 T 日申购的基金份额且日终完成逐笔全额非担保交收的，T+1 日方可卖出和赎回。T 日竞价买入的基金份额， T 日可以卖出或赎回； T 日大宗买入的基金份额，T 日可以大宗卖 出，T+1 日可以竞价卖出或赎回。由于登记机构对赎回的现金替代采取非净额结算交收模 式，当投资者赎回申请被登记机构确认后，被赎回的基金份额即被记减，但此时投资者尚 未收到赎回现金替代款。 基金的过往业绩并不预示其未来表现，基金管理人管理的其他基金的业绩并不构成对 本基金表现的保证。 基金管理人依照恪尽职守、诚实信用、谨慎勤勉的原则管理和运用基金财产，但不保 证基金一定盈利，也不保证最低收益。基金管理人提醒投资人基金投资的“买者自负”原 则，在投资人作出投资决策后，基金运营状况与基金净值变化引致的投资风险，由投资人 自行承担。投资有风险，投资人在投资本基金前应认真阅读本基金的招募说明书、基金合 同和基金产品资料概要。 各方当事人同意，因《基金合同》而产生的或与《基金合同》有关的一切争议，如经 友好协商未能解决的，任何一方均应,2,1,c.本基金在任何交易日日终，持有的卖出股指期货合约价值不得超过基金持有的股票 总市值的 20%； d.本基金所持有的股票市值和买入、卖出股指期货合约价值，合计（轧差计算）应当 符合基金合同关于股票投资比例的有关约定； e.本基金在任何交易日内交易（不包括平仓）的股指期货合约的成交金额不得超过上 一交易日基金资产净值的 20%； f.本基金每个交易日日终在扣除股指期货合约需缴纳的交易保证金后，应当保持不低 于交易保证金一倍的现金，其中现金不包括结算备付金、存出保证金、应收申购款等； （10）本基金参与融资的，每个交易日日终，本基金持有的融资买入股票与其他有价 证券市值之和，不得超过基金资产净值的 95%； （11）本基金参与转融通证券出借业务的，应当符合以下要求： a.出借证券资产不得超过基金资产净值的 30%； b.参与出借业务的单只证券不得超过基金持有该证券总量的 30%； c.最近 6 个月内日均基金资产净值不低于 2 亿元； d.证券出借的平均剩余期限不得超过 30 天，平均剩余期限按照市值加权平均计算； （12）本基金主动投资于流动性受限资产的市值合计不得超过本基金资产净值的 15%。因证券市场波动、上市公司股票停牌、基金规模变动等基金管理人之外的因素致使基 金不符合该比例限制的，基金管理人不得主动新增流动性受限资产的投资； （13）本基,2,0,保证金。 对于确认成功的 T 日申购申请，通常情况下 T 日内基金管理人根据申购规模进行组合 证券的代理买入。基金管理人有权在 T 日内任意时刻以收到的替代金额代投资者买入小于 等于被替代证券数量的任意数量的被替代证券，实际买入被替代证券的价格可能处于 T 日 内较高的位置或处于最高价格，基金管理人对此不承担责任。基金管理人有权根据基金投 资的需要自主决定不买入部分被替代证券，或者不进行任何买入证券的操作，基金管理人 可能不买入被替代证券的情形包括但不限于市场流动性不足、技术系统无法实现以及基金 管理人认为不应买入的其他情形。 T 日日终，基金管理人根据所购入的被替代证券的实际 单位购入成本（包括买入价格与相关费用，折算为人民币）和未买入的被替代证券的 T 日 收盘价（折算为人民币，折算汇率采用当天的估值汇率；当日在证券交易所无交易的，取 最近交易日的收盘价；当日无收盘价的，取最后成交价）计算被替代证券的单位结算成 本，在此基础上根据替代证券数量和申购现金替代保证金确定基金应退还投资者或投资者 应补交的款项。 正常情况下， T+3 日（指港股通交易日）内，基金管理人将应退款和补款的明细及汇 总数据发送给登记机构，登记机构办理现金替代多退少补资金的清算，并将结果发送给相 关申购赎回代理券商和基金托管人。 如遇港股通临时停市、港股通交易每日额度或总额度不足等,2,2,股等重要权益变动，则进行相应调整。 ④赎回对应的替代金额 赎回时，对于可以现金替代的证券，替代金额为扣除相关费用后的该证券的卖出价值 （或证券实际结算价值） ⑤赎回替代金额的处理程序 对于确认成功的 T 日赎回申请，通常情况下 T 日内基金管理人根据赎回规模进行组合 证券的代理卖出。基金管理人有权在 T 日内任意时刻卖出小于等于被替代证券数量的任意 34 数量的被替代证券，实际卖出被替代证券的价格可能处于 T 日内较低的位置或处于最低价 格，基金管理人对此不承担责任。基金管理人有权根据基金投资的需要自主决定不卖出部 分被替代证券，或者不进行任何卖出证券的操作，基金管理人可能不卖出被替代证券的情 形包括但不限于市场流动性不足、技术系统无法实现以及基金管理人认为不应卖出的其他 情形。T 日日终，基金管理人根据所卖出的被替代证券的实际单位卖出金额（扣除相关费 用，折算为人民币）和未卖出的被替代证券的 T 日收盘价（折算为人民币，折算汇率采用 当天的估值汇率；当日在证券交易所无交易的，取最近交易日的收盘价；当日无收盘价 的，取最后成交价）计算被替代证券的单位结算金额，在此基础上根据替代证券数量确定 赎回替代金额。 如遇港股通临时停市等特殊情况，组合证券的代理卖出及结算价格可依次顺延至下一 港股通交易日直至交易正常。如遇证券长期停牌、流动性不足等可能导致收盘价或最后成 交价,圳基金账户只能进行基金份额的现 金认购和二级市场交易，如投资者需要参与基金的申购、赎回，则应开立深圳 A 股账户。 在目前结算规则下，投资者当日申购的基金份额，清算交收完成后方可卖出和赎回， 即 T 日申购的基金份额且日间完成 RTGS（实时逐笔全额结算）交收的，T 日可卖出和赎 回，而 T 日申购的基金份额且日终完成逐笔全额非担保交收的，T+1 日方可卖出和赎回。T 日竞价买入的基金份额， T 日可以卖出或赎回； T 日大宗买入的基金份额，T 日可以大宗卖 出，T+1 日可以竞价卖出或赎回。由于登记机构对赎回的现金替代采取非净额结算交收模 式，当投资者赎回申请被登记机构确认后，被赎回的基金份额即被记减，但此时投资者尚 未收到赎回现金替代款。 基金的过往业绩并不预示其未来表现，基金管理人管理的其他基金的业绩并不构成对 本基金表现的保证。 基金管理人依照恪尽职守、诚实信用、谨慎勤勉的原则管理和运用基金财产，但不保 证基金一定盈利，也不保证最低收益。基金管理人提醒投资人基金投资的“买者自负”原 则，在投资人作出投资决策后，基金运营状况与基金净值变化引致的投资风险，由投资人 自行承担。投资有风险，投资人在投资本基金前应认真阅读本基金的招募说明书、基金合 同和基金产品资料概要。 各方当事人同意，因《基金合同》而产生的或与《基金合同》有关的一切争议，如经 友好
100,513950,SH,SH,2026-09-09,2026-09-09,临时数据/513950/513950_更新招募说明书_20260909.txt,126561,4,投资者自行负责。 5、根据本基金现行适用的清算交收和申赎处理规则，投资者当日申购的基 金份额，清算交收完成后方可卖出和赎回，即 T 日申购的基金份额且日间完成 RTGS（实时逐笔全额结算）交收的，T 日可卖出和赎回，而 T 日申购的基金份额 且日终完成逐笔全额非担保交收的，T+1 日可卖出和赎回；T 日买入的基金份额， T 日可以赎回或卖出。 6、投资有风险，投资者认购（或申购）基金时应认真阅读本招募说明书、 基金合同和基金产品资料概要等信息披露文件，全面认识本基金产品的风险收益 特征和产品特性，自主判断基金的投资价值，并根据自身的投资目的、投资期限、 投资经验、资产状况等判断本基金是否和自身的风险承受能力相适；投资者应充 分考虑自身的风险承受能力，理性判断市场，对认购（或申购）基金的意愿、时 机、数量等投资行为作出独立决策，获得基金投资收益，亦自行承担基金投资中 出现的各类风险。 7、本基金的投资范围包括境内发行的存托凭证。境内发行的存托凭证是新 证券品种，如本基金投资境内发行的存托凭证的，在承担境内上市交易股票投资 的共同风险外，还将承担与存托凭证、创新企业发行、境外发行人以及交易机制 相关的特有风险。 8、本基金投资内地与香港股票市场交易互联互通机制允许买卖的规定范围 内的香港联合交易所上市的股票（以下简,0,1,,0,0,券，替代金额的计算公式为： 申购现金替代保证金＝替代证券数量×该证券调整后 T 日开盘参考价以及 T-1 日估值汇率相乘之和×（1+申购现金替代溢价比例）； ③申购替代金额的处理程序 T 日，基金管理人根据申购赎回清单收取申购现金替代保证金。对于确认成 功的 T 日申购申请，在 T 日（指上海证券交易所和香港联合交易所的共同交易 日）内，基金管理人以收到的申购现金替代保证金代投资者买入被替代证券。基 金管理人有权在 T 日（指上海证券交易所和香港联合交易所的共同交易日）内 任意时刻以收到的申购现金替代保证金代投资者买入小于等于被替代证券数量 的任意数量的被替代证券。基金管理人有权根据基金投资的需要自主决定不买入 部分被替代证券，或者不进行任何买入证券的操作。 在 T 日（指上海证券交易所和香港联合交易所的共同交易日）日终，基金 管理人已买入的证券，依据申购现金替代保证金与被替代证券的实际买入成本 招募说明书（更新） 70 （包括买入价格与相关交易费用）的差额，确定基金应退还投资者或投资者应补 交的款项；未买入的证券，依据申购现金替代保证金与被替代证券 T 日（指上 海证券交易所和香港联合交易所的共同交易日）收盘价（需用最新汇率公允价折 算为人民币，当日在证券交易所无交易的，取最近交易日的收盘价，当日无收盘 价的，取最后成交价）的差额，确定基金应退还投资者或投资者应,0,1,00 参考汇率、港股通买入结算汇兑比率和卖出结 算汇兑比率的算术平均值、中国人民银行或其授权机构公布的人民币汇率中间价、 与基金托管人商定的其他公允价格等。 ④赎回替代金额的处理程序 对于确认成功的 T 日赎回申请，在 T 日（指上海证券交易所和香港联合交 易所的共同交易日）内，基金管理人根据赎回申请代投资者卖出被替代证券。基 金管理人有权在 T 日（指上海证券交易所和香港联合交易所的共同交易日）内 任意时刻代投资者卖出小于等于被替代证券数量的任意数量的被替代证券。基金 管理人有权根据基金投资的需要自主决定不卖出部分被替代证券，或者不进行任 何卖出证券的操作。 在 T 日（指上海证券交易所和香港联合交易所的共同交易日）日终，基金 管理人已卖出的证券，按照被替代证券的实际卖出金额（扣除相关费用）确定基 招募说明书（更新） 71 金应支付的替代金额；未卖出的证券，按照被替代证券 T 日（指上海证券交易 所和香港联合交易所的共同交易日）收盘价（需用最新汇率公允价折算为人民币， 当日在证券交易所无交易的，取最近交易日的收盘价，当日无收盘价的，取最后 成交价）确定基金应支付给投资者的替代金额。 在此期间若该部分证券发生除息、送股（转增）、配股等重要权益变动，则 进行相应调整。正常情况下，T+7 日（指上海证券交易所和香港联合交易所的共 同交易日）内，基金管理人将应支付的替代,基金管理人提醒投资者基金投资的“买者自负”原则，在投资者作出投资决 策后，基金运营状况与基金净值变化引致的投资风险，由投资者自行负责。 5、根据本基金现行适用的清算交收和申赎处理规则，投资者当日申购的基 金份额，清算交收完成后方可卖出和赎回，即 T 日申购的基金份额且日间完成 RTGS（实时逐笔全额结算）交收的，T 日可卖出和赎回，而 T 日申购的基金份额 且日终完成逐笔全额非担保交收的，T+1 日可卖出和赎回；T 日买入的基金份额， T 日可以赎回或卖出。 6、投资有风险，投资者认购（或申购）基金时应认真阅读本招募说明书、 基金合同和基金产品资料概要等信息披露文件，全面认识本基金产品的风险收益 特征和产品特性，自主判断基金的投资价值，并根据自身的投资目的、投资期限、 投资经验、资产状况等判断本基金是否和自身的风险承受能力相适；投资者应充 分考虑自身的风险承受能力，理性判断市场，对认购（或申购）基金的意愿、时 机、数量等投资行为作出独立决策，获得基金投资收益，亦自行承担基金投资中 出现的各类风险。 7、本基金的投资范围包括境内发行的存托凭证。境内发行的存托凭证是新 证券品种，如本基金投资境内发行的存托凭证的，在承担境内上市交易股票投资 的共同风险外，还将承担与存托凭证、创新企业发行、境外发行人以及交易机制 相关的特有风险。 8、本基金投资内地与香港股
101,520820,SH,SH,2026-05-22,2026-05-22,临时数据/520820/520820_更新招募说明书_20260522.txt,115680,1,，由此 产生的任何损失由投资者自行承担。 3、申购和赎回的清算交收与登记 汇添富恒指港股通交易型开放式指数证券投资基金 更新招募说明书 41 本基金申购业务采用实时逐笔全额结算 （Real Time Gross Settlement） 模式 ； 赎回业务涉及的现金替代采用代收代付处理；申购、赎回业务涉及的现金差额和 现金替代退补款采用代收代付处理。 投资者T日申购成功后，如交易记录已勾单且申购资金足额的，登记机构在 T日日间实时办理基金份额及现金替代的交收；T日日间未进行勾单确认或日间 资金不足的， 登记机构在T日日终根据资金是否足额办理基金份额及现金替代的 清算交收，并将结果发送给基金管理人、申购赎回代理券商和基金托管人。基金 管理人在T+1日内办理现金差额的清算，在T+2日内办理现金差额的交收。基金 管理人可以对清算交收日期进行相应调整。 投资者T日赎回成功后，正常情况下，登记机构在T日收市后为投资者办理 基金份额的交收，在T+1日内办理现金差额的清算，并将结果发送给申购赎回代 理券商、基金管理人和基金托管人。基金管理人与申购赎回代理券商在T+2日内 办理现金差额的交收。 赎回现金替代款将自有效赎回申请之日起7个开放日内办 理。如遇香港证券市场的交易清算规则有变更、香港证券市场及外汇市场休市或 暂停交易、港股通,7,4,理。在此期间若该证券发生除息、送股（转增） 、配股等重要权益变动，则进行 相应调整。 5）在系统支持的情况下，对于 T 日的申购赎回申请，基金管理人有权进行 轧差处理，针对净申购，购入净申购份额对应的组合证券中被替代的成份证券， 针对净赎回，卖出净赎回份额对应的组合证券中被替代的成份证券，基金管理人 有权购入或者卖出不等于轧差处理后的上述被替代的成份证券的任意数量。 6）基金管理人可以根据具体情况，调整上述2）-5）的申购、赎回替代金 汇添富恒指港股通交易型开放式指数证券投资基金 更新招募说明书 46 额的处理程序、规则等，并在招募说明书更新或其他公告中披露。 （2）关于必须现金替代 1）适用情形：必须现金替代的证券一般是由于标的指数调整将被剔除的成 份证券；或处于停牌的成份证券；或因法律法规限制投资的成份证券；或出于保 护基金份额持有人利益等目的基金管理人认为有必要实行必须现金替代的成份 证券。 2）替代金额：对于必须现金替代的证券，基金管理人将在申购赎回清单中 公告替代的一定数量的现金，即“固定替代金额”。固定替代金额的计算方法为 ： 固定替代金额为替代证券数量乘以其经调整后的T日开盘参考价并按照T-1 日估值汇率换算或基金管理人认为合理的其他方法。 4、预估现金部分相关内容 预估现金部分是指， 为便于计算基金份额参考净值及申购赎回代理券商,2,0,金购入该部分证券的 实际成本，则基金管理人将退还多收取的差额；如果预先收取的金额低于基金购 入该部分证券的实际成本，则基金管理人将向投资者收取欠缺的差额。 3）申购替代金额的处理程序 在T日（指港股通交易日）内，基金管理人以收到的替代金额代投资者买入 被替代证券。基金管理人有权在T日（指港股通交易日）内任意时刻以收到的替 代金额代投资者买入小于等于被替代证券数量的任意数量的被替代证券。 基金管 理人有权根据基金投资的需要自主决定不买入部分被替代证券， 或者不进行任何 买入证券的操作。T日（指港股通交易日）日终，基金管理人根据所购入的被替 代证券的实际单位购入成本（包括买入价格与相关费用）和未买入的被替代证券 的T日（指港股通交易日）收盘价（折算为人民币）；T日（指港股通交易日） 在证券交易所无交易的，取最近交易日的收盘价；交易日无收盘价的，取最后成 交价）计算被替代证券的单位结算成本，在此基础上根据替代证券数量和申购现 金替代保证金确定基金应退还投资者或投资者应补交的款项。T日（指港股通交 易日）后的第3个港股通交收日后的2个工作日内，基金管理人将应退款或补款 与相关申购赎回代理券商办理交收。在此期间若该证券发生除息、送股（转增）、 配股等重要权益变动，则进行相应调整。出现半日港股通交易日、临时停市或港 股通每日额度不足等特殊情况时， 计算并确定被替代证券的单位结,2,1,利益，该证券对应的 现金替代款的清算交收可在其复牌后按照实际交易成本办理。 在此期间若该证券 发生除息、送股（转增）、配股等重要权益变动，则进行相应调整。 4）赎回替代金额的处理程序 在T日（指港股通交易日）内，基金管理人根据赎回申请代投资者卖出被替 代证券。基金管理人有权在T日（指港股通交易日）内任意时刻代投资者卖出小 于等于被替代证券数量的任意数量的被替代证券。 基金管理人有权根据基金投资 的需要自主决定不卖出部分被替代证券，或者不进行任何卖出证券的操作。T日 （指港股通交易日）日终，基金管理人根据所卖出的被替代证券的实际单位卖出 金额（扣除相关费用）和未卖出的被替代证券的T日（指港股通交易日）收盘价 （折算为人民币） ； 被替代证券T日（指港股通交易日）在证券交易所无交易的， 取最近交易日的收盘价；交易日无收盘价的，取最后成交价）计算被替代证券的 单位结算金额，在此基础上根据替代证券数量确定赎回替代金额。T日（指港股 通交易日）后的第3个港股通交收日后的2个工作日内，基金管理人将应支付的 赎回替代金额与相关申购赎回代理券商办理交收。在此期间若该证券发生除息、 送股（转增）、配股等重要权益变动，则进行相应调整。 当出现半日港股通交易日、临时停市等特殊情况时，计算并确定被替代证券 的单位结算成本的时间将顺延，款项交收的日期也顺延。如遇证券长期停牌、流 动性不足等,基金的投资”章节中“风险收益特征”的表述可能存在不同，投资人在购买 本基金时需按照销售机构的要求完成风险承受能力与产品风险之间的匹配检验。 根据本基金现行适用的清算交收和申赎处理规则， 投资者当日申购的基金份 额，清算交收完成后方可卖出和赎回，即T日申购的基金份额且日间完成实时逐 笔全额结算（Real Time Gross Settlement）交收的，T日可卖出和赎回，而T 日申购的基金份额且日终完成逐笔全额非担保交收的，T+1日方可卖出和赎回。 投资者投资于本基金前请认真阅读证券交易所和登记机构关于ETF的相关 业务规则及其不时的更新，确保具备相关专业知识、清楚了解相关规则流程后方 可参与本基金的申购、赎回及交易。投资者一旦认购、申购或赎回本基金，即表 示对基金认购、 申购和赎回所涉及的基金份额的证券变更登记方式以及申购赎回 所涉及现金替代、现金差额等相关的交收方式已经认可。 投资有风险，投资者在进行投资决策前，请仔细阅读本基金的《招募说明 书》、《基金合同》、基金产品资料概要等信息披露文件，并根据自身的投资目 的、投资期限、投资经验、资产状况等判断基金是否和投资者的风险承受能力相 汇添富恒指港股通交易型开放式指数证券投资基金 更新招募说明书 3 适应，自主判断基金的投资价值，自主做出投资决策，自行承担投资风险。 基金的过往业绩并不预示其未来表现
102,159132,SZ,SZ,2026-06-17,2026-06-17,临时数据/159132/159132_更新招募说明书_20260617.txt,122183,6,有人大会审议。 根据本基金现行适用的清算交收和申赎处理规则， 投资者当日申购的基金份 额， 清算交收完成后方可卖出和赎回， 即T 日申购的基金份额且日间完成 RTGS （实时逐笔全额结算） 交收的，T 日可卖出和赎回， 而T 日申购的基金份额且日 终完成逐笔全额非担保交收的，T+1 日方可卖出和赎回；T 日竞价买入的基金份 额，T 日可以卖出或赎回；T 日大宗买入的基金份额，T 日可以大宗卖出，T+1 日可以竞价卖出或赎回。 投资有风险， 投资者认购 （或申购） 基金时应认真阅读本招募说明书、 基金 合同、 基金产品资料概要等信息披露文件， 自主判断基金的投资价值， 自主做出 投资决策，自行承担投资风险。基金管理人提醒投资者基金投资的“买者自负” 原则， 在投资者作出投资决策后， 基金运营状况与基金净值变化引致的投资风险， 由投资者自行负责。 未来若出现标的指数不符合要求 （因成份股价格波动等指数编制方法变动之 外的因素致使标的指数不符合要求的情形除外） 、 指数编制机构退出等情形， 基 富国恒生生物科技交易型开放式指数证券投资基金 招募说明书 4 金管理人召集基金份额持有人大会对解决方案进行表决， 基金份额持有人大会未 成功召开或就上述事项表决未通过的， 基金合同终止。 因而， 本基金存在着无法 存续的风险,0,1,,2,0,际结算成本， 则基金管理人将退还多收取的差额； 如果预先收取的申购替代金额低于基金购入 该部分组合证券的实际结算成本，则基金管理人将向投资人收取欠缺的差额。 ③申购替代金额的处理程序 对于确认成功的 T 日申购申请，T 日内基金管理人根据申购规模进行组合证 券的代理买入。 基金管理人有权根据基金投资的需要自主决定不买入部分被替代 证券，或者不进行任何买入证券的操作。T 日日终，基金管理人根据所购入的被 替代组合证券的实际单位购入成本、 实际购入的相关费用 （实际购入金额根据港 股通相关业务规则按当天的港股通卖出结算汇兑比率折算为人民币） 、 未购入的 被替代组合证券的 T 日收盘价 （折算为人民币， 折算汇率采用基金管理人和基金 托管人商定的汇率公允价， 包括中国外汇交易中心公布的北京时间16:00 参考汇 率、 港股通买入结算汇兑比率和卖出结算汇兑比率的算术平均值、 中国人民银行 富国恒生生物科技交易型开放式指数证券投资基金 招募说明书 47 或其授权机构公布的人民币汇率中间价、与基金托管人商定的其他公允价格等； 被替代组合证券 T 日无交易的， 取最近交易日的收盘价； 交易日无收盘价的， 取 最后收盘价） 计算并确定被替代组合证券的单位结算成本， 在此基础上根据替代 组合证券数量和申购现金替代保证金确定基金应退还投资人的款项或投资人应 补交的款项。若发生特殊情,2,4,该证券对应的现金替代款的清算交收可在其复牌后按照实际交 易成本办理。 在此期间若该证券发生除息、 送股 （转增） 、 配股等重要权益变动， 则进行相应调整。 ④赎回替代金额的处理程序 对于确认成功的 T 日赎回申请，T 日内基金管理人根据赎回规模进行组合证 券的代理卖出。 基金管理人有权根据基金投资的需要自主决定不卖出部分被替代 证券， 或者不进行任何卖出证券的操作。T 日内基金管理人根据所卖出的被替代 组合证券的实际单位卖出金额、 实际卖出的相关费用（实际卖出金额根据港股通 相关业务规则按当天的港股通买入结算汇兑比率折算为人民币）、 未卖出的被替 代组合证券的 T 日收盘价 （折算为人民币， 折算汇率采用基金管理人和基金托管 人商定的汇率公允价，包括中国外汇交易中心公布的北京时间 16:00 参考汇率、 港股通买入结算汇兑比率和卖出结算汇兑比率的算术平均值、 中国人民银行或其 授权机构公布的人民币汇率中间价、 与基金托管人商定的其他公允价格等； 被替 代组合证券 T 日无交易的， 取最近交易日的收盘价； 交易日无收盘价的， 取最后 收盘价） 计算并确定被替代组合证券的单位结算金额， 在此基础上根据替代组合 富国恒生生物科技交易型开放式指数证券投资基金 招募说明书 48 证券数量确定赎回替代金额。若发生特殊情况， 包括如遇港股通结算异常等， 基 金管理人可以对折算,， 或开通场外申购、 赎回相关业务， 相应的业 务规则、 申购赎回原则等相关事项届时将另行约定并公告， 无需召开基金份额持 有人大会审议。 根据本基金现行适用的清算交收和申赎处理规则， 投资者当日申购的基金份 额， 清算交收完成后方可卖出和赎回， 即T 日申购的基金份额且日间完成 RTGS （实时逐笔全额结算） 交收的，T 日可卖出和赎回， 而T 日申购的基金份额且日 终完成逐笔全额非担保交收的，T+1 日方可卖出和赎回；T 日竞价买入的基金份 额，T 日可以卖出或赎回；T 日大宗买入的基金份额，T 日可以大宗卖出，T+1 日可以竞价卖出或赎回。 投资有风险， 投资者认购 （或申购） 基金时应认真阅读本招募说明书、 基金 合同、 基金产品资料概要等信息披露文件， 自主判断基金的投资价值， 自主做出 投资决策，自行承担投资风险。基金管理人提醒投资者基金投资的“买者自负” 原则， 在投资者作出投资决策后， 基金运营状况与基金净值变化引致的投资风险， 由投资者自行负责。 未来若出现标的指数不符合要求 （因成份股价格波动等指数编制方法变动之 外的因素致使标的指数不符合要求的情形除外） 、 指数编制机构退出等情形， 基 富国恒生生物科技交易型开放式指数证券投资基金 招募说明书 4 金管理人召集基金份额持有人大会对解决方案进行表决， 基金份额持有人大会未 成功召
103,159127,SZ,SZ,,2025-10-24,临时数据/159127/159127_招募说明书_20251024.txt,111766,4,证券 仅在境内证券交易所上市的ETF产品存在一定差异。在目前结算规则下，投资者当日申购的 基金份额，清算交收完成后可卖出和赎回，即T日申购的ETF份额且日间完成RTGS（实时 逐笔全额结算）交收，T日可卖出与赎回；T日申购的ETF份额日间未完成交收的，日终完 成逐笔全额非担保交收，T+1日方可卖出和赎回；T日竞价买入的基金份额，T日可以卖出 或赎回；T日大宗买入的基金份额，T日可以大宗卖出，T+1日可以竞价卖出或赎回。 投资人投资本基金时需具有深圳证券交易所A股账户或基金账户。其中，深圳证券交易 所基金账户只能进行基金的现金认购和二级市场交易， 如投资人需要参与基金的申购、 赎回， 则应开立深圳证券交易所A股账户。 投资人在投资本基金之前，请仔细阅读本基金的招募说明书、基金产品资料概要和基 金合同等信息披露文件，自主判断基金的投资价值，自主做出投资决策，全面认识本基金 的风险收益特征和产品特性，并充分考虑自身的风险承受能力，理性判断市场，谨慎做出 投资决策。基金的过往业绩并不预示其未来表现，基金管理人管理的其他基金的业绩也不 构成对本基金业绩表现的保证。基金管理人承诺以恪尽职守、诚实信用、谨慎勤勉的原则 管理和运用基金财产，但不保证基金一定盈利，也不向投资人保证最低收益。基金管理人 提醒投资人基金投资的“买者自,3,1,3）本基金在任何交易日日终，持有的卖出股指期货合约价值不得超过基金持有的股票 总市值的20%； 4）本基金所持有的股票市值和买入、卖出股指期货合约价值，合计（轧差计算）应当 符合基金合同关于股票投资比例的有关约定； 5）本基金在任何交易日内交易（不包括平仓）的股指期货合约的成交金额不得超过上 一交易日基金资产净值的20%； （13）本基金参与股票期权交易，应当符合下列投资限制： 1）基金因未平仓的期权合约支付和收取的权利金总额不得超过基金资产净值的10%； 2）开仓卖出认购期权的，应持有足额标的证券；开仓卖出认沽期权的，应持有合约行 权所需的全额现金或交易所规则认可的可冲抵期权保证金的现金等价物； 3）未平仓的期权合约面值不得超过基金资产净值的20%。其中，合约面值按照行权价 乘以合约乘数计算； （14）本基金参与转融通证券出借业务的，应当符合下列要求： 1）本基金在任何交易日日终，参与转融通证券出借业务的资产不得超过基金资产净值 的30%，其中出借期限在10个交易日以上的出借证券应纳入《流动性风险管理规定》所述 流动性受限证券的范围； 2）本基金在任何交易日日终，参与出借业务的单只证券不得超过基金持有该证券总量 45 的30%； 3）证券出借的平均剩余期限不得超过30天，平均剩余期限按市值加权平均计算； 4）最近6个月内日均基金资产净值不得低,1,0,,1,4,,付风险、法律风险和操作风险。 本基金的标的指数组合证券为内地与香港股票市场交易互联互通机制允许买卖的规定 范围内的香港联合交易所上市的股票，基金份额申购、赎回的清算交收与标的指数组合证券 仅在境内证券交易所上市的ETF产品存在一定差异。在目前结算规则下，投资者当日申购的 基金份额，清算交收完成后可卖出和赎回，即T日申购的ETF份额且日间完成RTGS（实时 逐笔全额结算）交收，T日可卖出与赎回；T日申购的ETF份额日间未完成交收的，日终完 成逐笔全额非担保交收，T+1日方可卖出和赎回；T日竞价买入的基金份额，T日可以卖出 或赎回；T日大宗买入的基金份额，T日可以大宗卖出，T+1日可以竞价卖出或赎回。 投资人投资本基金时需具有深圳证券交易所A股账户或基金账户。其中，深圳证券交易 所基金账户只能进行基金的现金认购和二级市场交易， 如投资人需要参与基金的申购、 赎回， 则应开立深圳证券交易所A股账户。 投资人在投资本基金之前，请仔细阅读本基金的招募说明书、基金产品资料概要和基 金合同等信息披露文件，自主判断基金的投资价值，自主做出投资决策，全面认识本基金 的风险收益特征和产品特性，并充分考虑自身的风险承受能力，理性判断市场，谨慎做出 投资决策。基金的过往业绩并不预示其未来表现，基金管理人管理的其他基金的业绩也不 构成对本基金业绩表现的保证。基金管理人承诺以恪
104,520960,SH,SH,2026-01-23,2026-01-23,临时数据/520960/520960_更新招募说明书_20260123.txt,97970,2,本基金申购赎回过程中涉及的基金份额、现金替代、现金差额及其他对价的清算交收适用相关业务规 则和参与各方相关协议及其不时修订的有关规定。 对于本基金的申购业务采用实时逐笔全额结算（Real Time Gross Settlement，以下简称 RTGS）模式； 赎回业务涉及的现金替代采用代收代付处理；申购、赎回业务涉及的现金差额和现金替代退补款采用代收 代付处理。 投资者 T 日现金申购后，如交易记录已勾单且申购资金足额的，登记结算机构在 T 日日间实时办理基 金份额及现金替代的交收；T 日日间未进行勾单确认或日间资金不足的，登记结算机构在 T 日日终根据资金 嘉实恒指港股通交易型开放式指数证券投资基金更新招募说明书（2026 年 01 月 23 日更新） 是否足额办理基金份额及现金替代的清算交收；在 T+1 日内办理现金差额的清算，并将结果发送给申购赎 回代理券商、基金管理人和基金托管人。基金管理人与申购赎回代理券商在 T+3 日内办理现金差额的交收。 投资者 T 日赎回申请受理后，登记结算机构在 T 日收市后为投资者办理基金份额的清算交收，在 T+1 日内办理现金差额的清算，并将结果发送给申购赎回代理券商、基金管理人和基金托管人。基金管理人与 申购赎回代理券商在 T+3 日内办理现金差额的交收。赎回现金替代款将自,4,1,等； ③本基金在任何交易日日终，持有的卖出股指期货合约价值不得超过基金持有的股票总市值的 20%； ④本基金所持有的股票市值和买入、卖出股指期货合约价值，合计（轧差计算）应当符合基金合同关 于股票投资比例的有关约定； ⑤本基金在任何交易日内交易（不包括平仓）的股指期货合约的成交金额不得超过上一交易日基金资 产净值的 20%； ⑥每个交易日日终，在扣除股指期货和国债期货合约需缴纳的交易保证金后，本基金应当保持不低于 交易保证金一倍的现金； （10）本基金若参与国债期货交易，应当符合下列投资限制： ①本基金在任何交易日日终，持有的买入国债期货合约价值，不得超过基金资产净值的 15%； ②本基金在任何交易日日终，在扣除股指期货和国债期货合约需缴纳的交易保证金后，应当保持不低 于交易保证金一倍的现金； ③本基金在任何交易日日终，持有的买入股指期货、国债期货合约价值与有价证券市值之和，不得超 过基金资产净值的 100%。 其中，有价证券指股票、债券（不含到期日在一年以内的政府债券）、资产支持证券、买入返售金融资 产（不含质押式回购）等； ④本基金在任何交易日日终，持有的卖出国债期货合约价值不得超过基金持有的债券总市值的 30%； ⑤本基金所持有的债券(不含到期日在一年以内的政府债券)市值和买入、卖出国债期货合约价值，合 计(轧差计算)应当符合基金合同关于债,1,0,考价并按照 T-1 日估值汇率换算或基金管理人认为合理的其他方法。 （3）可以现金替代 ①适用情形：可以现金替代的证券是指基金管理人认为需要在投资者申购或赎回时代投资者买入或卖 出的证券。 ②申购现金替代保证金： 对于可以现金替代的证券，申购现金替代保证金的计算公式为： 替代金额=替代证券数量×该证券 T 日预计开盘价×T-1 日估值汇率 申购现金替代保证金＝替代金额×（1＋现金替代溢价比例） 设置溢价比率的原因是，基金管理人需要在收到申购确认信息后，在香港市场买入组合证券，结算成 嘉实恒指港股通交易型开放式指数证券投资基金更新招募说明书（2026 年 01 月 23 日更新） 本与替代金额可能有所差异。为便于操作，基金管理人在申购赎回清单中预先确定溢价率，并据此收取申 购现金替代保证金。如果申购现金替代保证金高于购入该部分证券的实际结算成本，则基金管理人将退还 多收取的差额；如果预先收取的申购现金替代保证金低于基金购入该部分证券的实际结算成本，则基金管 理人将向投资者收取欠缺的差额。 基金管理人可以根据市场情况和实际需要确定和调整现金替代溢价比例，具体的现金替代溢价比例以 申购赎回清单公告为准。 ③申购现金替代保证金的处理程序 对于确认成功的 T 日申购申请，T 日内基金管理人根据申购规模进行组合证券的代理买入。T 日日终， 基金管理人根据所购入的被替,1,0,有人利益，该证券对应 的现金替代款的清算交收可在其复牌后按照实际交易成本办理。在此期间若该证券发生除息、送股（转增）、 配股等重要权益变动，则进行相应调整。 ④赎回替代金额的处理程序 对于确认成功的 T 日赎回申请，T 日内，基金管理人根据赎回规模进行组合证券的代理卖出。T 日日终， 基金管理人根据所卖出的被替代证券的实际单位卖出金额（扣除相关费用，按照汇率折算为人民币）和未 卖出的被替代证券的 T 日收盘价（按照汇率折算为人民币；被替代证券 T 日在证券交易所无交易的，取最 近交易日的收盘价；交易日无收盘价的，取最后成交价）计算被替代证券的单位结算金额，在此基础上根 据替代证券数量确定赎回替代金额。T+7 日（指开放日）内，基金管理人将应支付的赎回替代金额与相关申 购赎回代理券商办理交收，当交收期间出现港股通交易日为非港股通交收日时，款项交收日期可以顺延。 嘉实恒指港股通交易型开放式指数证券投资基金更新招募说明书（2026 年 01 月 23 日更新） 若发生特殊情况，基金管理人可以对交收日期进行相应调整。 上述汇率是指汇率公允价。汇率公允价包括但不限于中国人民银行或其授权机构最新公布的人民币汇 率中间价、中国外汇交易中心公布的人民币对主要货币参考汇率、与基金托管人商定的其他公允价格（如： 中国人民银行或国家外汇管理局或中国外汇交易中心正式对外公布的人民币兑主要,"比率） （或若适用固定费用的，认购金额＝认购价格×认购份额＋固定费用） 认购佣金＝认购价格×认购份额×佣金比率 （或若适用固定费用的，认购佣金＝固定费用） 5、清算交收：T 日通过发售代理机构提交的网上现金认购申请，由该发售代理机构冻结相应的认购资 金，登记结算机构进行清算交收，并将有效认购数据发送发售协调人，发售协调人于网上现金认购结束后 将实际到位的认购资金划往预先开设的基金募集专户。 （九）网下现金认购 1、认购时间：2025 年 10 月 9 日至 2025 年 10 月 17 日。 嘉实恒指港股通交易型开放式指数证券投资基金更新招募说明书（2026 年 01 月 23 日更新） 2、认购限额：网下现金认购以基金份额申请。投资者通过发售代理机构办理网下现金认购的，每笔认 购份额须为 1,000 份或其整数倍，投资者通过基金管理人办理网下现金认购的，每笔认购份额须在 5 万份 以上（含 5 万份）。投资者可以多次认购，累计认购份额不设上限。 3、通过基金管理人进行网下现金认购的投资者，认购申请一经受理不得撤销，投资者在认购本基金时， 需按基金管理人的规定办理相关认购手续，并备足认购资金，认购金额和利息折算的份额的计算公式为： 认购金额＝认购价格×认购份额×（1＋认购费率） （或若适用固定费用的，认购金额＝认购价格×认购份额＋固定费用） 认购费用"
105,513690,SH,SH,2026-06-01,2026-06-01,临时数据/513690/513690_更新招募说明书_20260601.txt,139007,1,的清算交收与登记 本基金申购赎回过程中涉及的基金份额、现金替代、现金差额及其他对价的清算交收适 用相关业务规则和参与各方相关协议的有关规定。 本基金申购业务采用实时逐笔全额结算（Real Time Gross Settlement）模式；赎回 业务涉及的现金替代可采用代收代付处理；申购、赎回业务涉及的现金差额和现金替代退补 款可采用代收代付处理。 投资者 T 日申购成功后，如交易记录已勾单且申购资金足额的，登记结算机构在 T 日日 间实时办理基金份额及现金替代的交收；T 日日间未进行勾单确认或日间资金不足的，登记 结算机构在 T 日日终根据资金是否足额办理基金份额及现金替代的清算交收，并将结果发送 给基金管理人、申购赎回代理券商和基金托管人。登记结算机构在 T+1 日内办理现金差额的 清算，在 T+2 日内办理现金差额的交收。若发生特殊情况，基金管理人可以对清算交收日期 进行相应调整。 投资者 T 日赎回成功后，登记机构在 T 日收市后办理基金份额的注销；在 T+1 日办理现 金差额的清算；在 T+2 日办理现金差额的交收，并将结果发送给申购赎回代理券商、基金管 理人和基金托管人。赎回现金替代款的清算交收由基金管理人和申购赎回代理券商协商处理， 正常情况下将自有效赎回申请之日起 7 个开放日内办理。若发生特殊情况（,8,1,在 任何交易日内交易（不包括平仓）的股指期货合约的成交金额不得超过上一交易日基金资产 净值的 20%；本基金所持有的股票市值和买入、卖出股指期货合约价值，合计（轧差计算） 应当符合基金合同关于股票投资比例有关约定； 博时恒生港股通高股息率交易型开放式指数证券投资基金更新招募说明书 第 50页 共 161页 （4）本基金参与国债期货交易依据下列标准建构组合： 在任何交易日日终，持有的买入国债期货合约价值，不得超过基金资产净值的 15%；在 任何交易日日终，持有的卖出国债期货合约价值不得超过基金持有的债券总市值的 30%；在 任何交易日内交易（不包括平仓）的国债期货合约的成交金额不得超过上一交易日基金资产 净值的 30%；本基金所持有的债券（不含到期日在一年以内的政府债券）市值和买入、卖出 国债期货合约价值，合计（轧差计算）应当符合基金合同关于债券投资比例的有关约定； （5）在任何交易日日终，持有的买入国债期货和股指期货合约价值与有价证券市值之 和，不得超过基金资产净值的 100%，其中，有价证券指股票、债券（不含到期日在一年以 内的政府债券）、资产支持证券、买入返售金融资产（不含质押式回购）等； （6）本基金持有的全部资产支持证券，其市值不得超过基金资产净值的 20％； （7）本基金投资于同一原始权益人的各类资产支持证券的比例，不得超过基金资产净,0,2,,0,1,,回代理券商确实接收到该申请。申购、赎回的确认以登记机构的确认结果为准。对于申购、 赎回申请的确认情况，投资人应及时查询并妥善行使合法权利。 当日申购的基金份额，清算交收完成后方可卖出和赎回；当日买入的基金份额，同日可 以赎回；当日申购总额、赎回总额超出基金管理人设定限额的，超出额度的申购、赎回申报 为无效申报。 如上海证券交易所、中国证券登记结算有限责任公司修改或更新上述规则并适用于本基 金的，则按照新的规则执行，并在本招募说明书中进行更新，无需召开基金份额持有人大会。 3、申购和赎回的清算交收与登记 本基金申购赎回过程中涉及的基金份额、现金替代、现金差额及其他对价的清算交收适 用相关业务规则和参与各方相关协议的有关规定。 本基金申购业务采用实时逐笔全额结算（Real Time Gross Settlement）模式；赎回 业务涉及的现金替代可采用代收代付处理；申购、赎回业务涉及的现金差额和现金替代退补 款可采用代收代付处理。 投资者 T 日申购成功后，如交易记录已勾单且申购资金足额的，登记结算机构在 T 日日 间实时办理基金份额及现金替代的交收；T 日日间未进行勾单确认或日间资金不足的，登记 结算机构在 T 日日终根据资金是否足额办理基金份额及现金替代的清算交收，并将结果发送 给基金管理人、申购赎回代理券商和基金托管人。登记结算机构在 T+1 日内
106,513700,SH,SH,2026-04-08,2026-04-08,临时数据/513700/513700_更新招募说明书_20260408.txt,103597,2,的清算交收与登记 本基金申购赎回过程中涉及的基金份额、现金替代、现金差额及其他对价的清算交收 适用《业务规则》和参与各方相关协议的有关规定。 本基金申购业务采用实时逐笔全额结算（ Real Time Gross Settlement ，以下简称 RTGS）模式；赎回业务涉及的现金替代可采用代收代付处理；申购、赎回业务涉及的现金 差额和现金替代退补款可采用代收代付处理。 投资者 T 日现金申购后，如交易记录已勾单且申购资金足额的，登记机构在 T 日日间 实时办理基金份额及现金替代的交收； T 日日间未进行勾单确认或日间资金不足的，登记 机构在 T 日日终根据资金是否足额办理基金份额及现金替代的清算交收，并将结果发送给 基金管理人、申购赎回代理券商和基金托管人。基金管理人在 T+1 日内办理现金差额的清 算，在 T+2 日内办理现金差额的交收。 投资者 T 日赎回成功后，正常情况下，登记机构在 T 日收市后为投资者办理基金份 额的交收，在 T+1 日办理现金差额的清算，并将结果发送给申购赎回代理券商、基金管理 人和基金托管人。基金管理人与申购赎回代理券商在 T+2 日办理现金差额的交收。赎回现 金替代款将自有效赎回申请之日起 7 个开放日内划往基金份额持有人账户。如遇本基金主 要投资的证券市场休市或暂停交易、主要投资的,6,4,成本办理。在此期间若该证券发生除息、送股（转增）、配股等重要权益变动，则进行相 应调整。 ⑤在系统支持的情况下，对于 T 日的申购赎回申请，基金管理人有权进行轧差处理， 针对净申购，购入净申购份额对应的组合证券中被替代的成份证券，针对净赎回，卖出净 赎回份额对应的组合证券中被替代的成份证券，基金管理人有权购入或者卖出不等于轧差 处理后的上述被替代的成份证券的任意数量。 ⑥基金管理人可根据运作情况调整代理申赎投资者买券卖券的相关规则并按规定公 告。 ⑦未来如港股通的交易、结算规则发生改变，或上海证券交易所、登记机构有关申购 赎回交易结算规则发生改变，或基金管理人与基金托管人之间的结算相关安排发生改变， 基金管理人可对上述相关现金替代处理规则进行调整，并按规定公告。 4、预估现金部分相关内容 预估现金部分是指为便于计算基金份额参考净值及申购赎回代理券商预先冻结申请申 购、赎回的投资者的相应资金，由基金管理人计算的现金数额。 T 日申购、赎回清单中公告 T 日预估现金部分。其计算公式为： T 日预估现金部分＝T-1 日最小申购、赎回单位的基金资产净值－（申购、赎回清单 中必须现金替代的固定替代金额＋申购、赎回清单中可以现金替代成份证券的数量与该证 券调整后 T 日开盘参考价以及 T-1 日估值汇率相乘之和） 若 T 日为基金分红除息日，则计算公式中的,2,0,开盘参考价按照 T-1 日估值汇率换算或基金管理人认为合 理的其他方法。 （2）可以现金替代 ①适用情形：可以现金替代是指基金管理人认为需要在投资者申购或赎回时代投资者 买入或卖出的证券 ②替代金额：对于可以现金替代的证券，替代金额的计算公式为： 申购的替代金额＝替代证券数量×该证券调整后 T 日开盘参考价× T-1 日估值汇率× （1+ 现金替代溢价比例）； 收取现金替代溢价的原因是，基金管理人需要在收到申购确认信息后，在香港市场购 31 入组合证券，实际结算成本与替代金额可能有所差异。为便于操作，基金管理人在申购赎 回清单中预先确定现金替代溢价比例，并据此收取替代金额。如果预先收取的替代金额高 于购入该部分证券的实际成本（或证券实际结算成本），则基金管理人将退还多收取的差 额；如果预先收取的替代金额低于购入该部分证券的实际成本（或证券实际结算成本）， 则基金管理人将向投资者收取欠缺的差额。 ③申购替代金额的处理程序 对于确认成功的 T 日申购申请，通常情况下 T 日内基金管理人根据申购规模进行组合 证券的代理买入。基金管理人有权在 T 日内任意时刻以收到的申购替代金额代投资者买入 小于等于被替代证券数量的任意数量的被替代证券。基金管理人有权根据基金投资的需要 自主决定不买入部分被替代证券，或者不进行任何买入证券的操作。T 日日终，基金管理 人根据所购入,2,0,开盘参考价按照 T-1 日估值汇率换算或基金管理人认为合 理的其他方法。 （2）可以现金替代 ①适用情形：可以现金替代是指基金管理人认为需要在投资者申购或赎回时代投资者 买入或卖出的证券 ②替代金额：对于可以现金替代的证券，替代金额的计算公式为： 申购的替代金额＝替代证券数量×该证券调整后 T 日开盘参考价× T-1 日估值汇率× （1+ 现金替代溢价比例）； 收取现金替代溢价的原因是，基金管理人需要在收到申购确认信息后，在香港市场购 31 入组合证券，实际结算成本与替代金额可能有所差异。为便于操作，基金管理人在申购赎 回清单中预先确定现金替代溢价比例，并据此收取替代金额。如果预先收取的替代金额高 于购入该部分证券的实际成本（或证券实际结算成本），则基金管理人将退还多收取的差 额；如果预先收取的替代金额低于购入该部分证券的实际成本（或证券实际结算成本）， 则基金管理人将向投资者收取欠缺的差额。 ③申购替代金额的处理程序 对于确认成功的 T 日申购申请，通常情况下 T 日内基金管理人根据申购规模进行组合 证券的代理买入。基金管理人有权在 T 日内任意时刻以收到的申购替代金额代投资者买入 小于等于被替代证券数量的任意数量的被替代证券。基金管理人有权根据基金投资的需要 自主决定不买入部分被替代证券，或者不进行任何买入证券的操作。T 日日终，基金管理 人根据所购入的被替,。如投资人持有的符合要求的基金份额不足或未能根据要求准备足 额的现金，或本基金投资组合内不具备足额的符合要求的赎回对价，则赎回申请失败。投 资者申购的基金份额，清算交收完成后方可卖出和赎回。 销售机构对申购、赎回申请的受理并不代表该申请一定成功，而仅代表销售机构确实 28 接收到该申请。申购、赎回的确认以登记机构的确认结果为准。对于申购、赎回申请的确 认情况，投资人应及时查询并妥善行使合法权利。 基金管理人在不违反法律法规的前提下，可对上述程序规则进行调整。基金管理人应 依照《信息披露办法》的有关规定在规定媒介上公告。 3、申购和赎回的清算交收与登记 本基金申购赎回过程中涉及的基金份额、现金替代、现金差额及其他对价的清算交收 适用《业务规则》和参与各方相关协议的有关规定。 本基金申购业务采用实时逐笔全额结算（ Real Time Gross Settlement ，以下简称 RTGS）模式；赎回业务涉及的现金替代可采用代收代付处理；申购、赎回业务涉及的现金 差额和现金替代退补款可采用代收代付处理。 投资者 T 日现金申购后，如交易记录已勾单且申购资金足额的，登记机构在 T 日日间 实时办理基金份额及现金替代的交收； T 日日间未进行勾单确认或日间资金不足的，登记 机构在 T 日日终根据资金是否足额办理基金份额及现金替代的清算交收，并将结果发送给 基金
107,520520,SH,SH,2026-07-25,2026-07-25,临时数据/520520/520520_更新招募说明书_20260725.txt,120512,2,购、赎回的确认以登记机构的确认结果为准。对于申购、 赎回申请的确认情况，投资人应及时查询并妥善行使合法权利。 3、申购和赎回的清算交收与登记 本基金申购业务采用实时逐笔全额结算（Real Time Gross Settlement，以下简称 RTGS）模 式；赎回业务涉及的现金替代可采用代收代付处理；申购、赎回业务涉及的现金差额和现金替代 退补款可采用代收代付处理。 （1）申购的清算交收 投资者T日现金申购后，如交易记录已勾单且申购资金足额的，登记结算机构在T日日间实 时办理基金份额及现金替代的交收；T日日间未进行勾单确认或日间资金不足的，登记结算机构在 T日日终根据资金是否足额办理基金份额及现金替代的清算交收，并将结果发送给基金管理人、申 购赎回代理券商和基金托管人。基金管理人通过登记结算机构在T+1日办理现金差额的清算， 在T+2日办理现金差额的交收。 （2）赎回的清算交收 华泰柏瑞恒生消费交易型开放式指数证券投资基金（QDII） 40 投资者T日赎回申请受理后，登记结算机构在T日收市后为投资者办理基金份额的清算 交收。基金管理人通过登记结算机构在T+1日办理现金差额的清算，在T+2日办理现金差额 的交收。 正常情况下，赎回替代款项的清算交收于T+7日（指开放日）内办理。但如果出现基金 投资市场交易清算规则发生,2,1,一 交易日基金资产净值的20%； 华泰柏瑞恒生消费交易型开放式指数证券投资基金（QDII） 52 5）本基金所持有的股票市值和买入、卖出股指期货合约价值，合计（轧差计算）应当符 合基金合同关于股票投资比例的有关约定； （13）本基金可参与融资业务，在任何交易日日终，本基金持有的融资买入股票与其他 有价证券市值之和，不得超过基金资产净值的95%； （14）本基金参与转融通证券出借业务，需遵循下述比例限制： 1）出借证券资产不得超过基金资产净值的30%，出借期限在10个交易日以上的出借证 券应纳入《流动性风险管理规定》所述流动性受限证券的范围； 2）参与出借业务的单只证券不得超过基金持有该证券总量的30%； 3）最近6个月内日均基金资产净值不得低于2亿元； 4）证券出借的平均剩余期限不得超过30天，平均剩余期限按照市值加权平均计算； 因证券市场波动、上市公司合并、基金规模变动等基金管理人之外的因素致使基金投资 不符合上述规定的，基金管理人不得新增出借业务； （15）本基金投资境内发行的存托凭证的比例限制依照境内上市交易的股票执行，与境 内上市交易的股票合并计算； 本基金境外投资应遵循以下限制： （16）本基金持有非流动性资产市值不得超过基金净值的10%；前项非流动性资产是指 法律或基金合同规定的流通受限证券以及中国证监会认定的其他资产； （17）本基,0,0,成本），则基金管理人将退还多收取的差额；如果预先收取 的替代金额低于购入该部分证券的实际成本（或证券实际结算成本），则基金管理人将向投 资者收取欠缺的差额。 ③申购替代金额的处理程序 对于确认成功的T日申购申请，在T日（指上海证券交易所与香港交易所的共同交易 日）内，基金管理人以收到的申购替代金额代投资者买入被替代证券。基金管理人有权在T 日（指上海证券交易所与香港交易所的共同交易日）内任意时刻以收到的申购替代金额代投 资者买入小于等于被替代证券数量的任意数量的被替代证券。基金管理人有权根据基金投资 的需要自主决定不买入部分被替代证券，或者不进行任何买入证券的操作。 在T日（指上海证券交易所与香港交易所的共同交易日）日终，基金管理人已买入的证 券，依据申购的替代金额与被替代证券的实际买入成本（包括买入价格与相关交易费用）的 差额，确定基金应退还投资者或投资者应补交的款项；未买入的证券，依据申购的替代金额 与被替代证券T日（指上海证券交易所与香港交易所的共同交易日）收盘价（需用汇率公允 价折算为人民币，当日在证券交易所无交易的，取最近交易日的收盘价，当日无收盘价的， 取最后成交价）的差额，确定基金应退还投资者或投资者应补交的款项。 在此期间若该部分证券发生除息、送股（转增）、配股等重要权益变动，则进行相应调 整。正常情况下，T日后的第2个港股通交收日后的第2个工作日,0,0,金（QDII） 43 ④赎回对应的替代金额的处理程序 对于确认成功的T日赎回申请，在T日（指上海证券交易所与香港交易所的共同交易 日）内，基金管理人根据赎回申请代投资者卖出被替代证券。基金管理人有权在T日（指上 海证券交易所与香港交易所的共同交易日）内任意时刻代投资者卖出小于等于被替代证券数 量的任意数量的被替代证券。基金管理人有权根据基金投资的需要自主决定不卖出部分被替 代证券，或者不进行任何卖出证券的操作。 在T日（指上海证券交易所与香港交易所的共同交易日）日终，基金管理人已卖出的证 券，按照被替代证券的实际卖出金额（扣除相关费用，需用汇率公允价折算为人民币）确定 基金应支付的替代金额；未卖出的证券，按照被替代证券T日（指上海证券交易所与香港交 易所的共同交易日）收盘价（需用汇率公允价折算为人民币，当日在证券交易所无交易的， 取最近交易日的收盘价，当日无收盘价的，取最后成交价）确定基金应支付给投资者的替代 金额。 在此期间若该部分证券发生除息、送股（转增）、配股等重要权益变动，则进行相应调 整。正常情况下，T日后的第2个港股通交收日后的第2个工作日内，基金管理人将应支付 的赎回替代金额与相关申购赎回代理机构办理交收。若发生特殊情况，基金管理人可以对交 收日期进行相应调整。 如遇港股通临时停市等特殊情况，组合证券的代理卖出及结算价格可依次顺延至下一港,法规、监管 要求以及本基金发售规模控制方案另有规定的除外。 （4）认购申请：投资者在认购本基金时，需按发售代理机构的规定，备足认购资金，办 理认购手续。 （5）清算交收：T日通过发售代理机构提交的网上现金认购申请，由该发售代理机构冻 结相应的认购资金，登记机构进行清算交收，并将有效认购数据发送发售协调人，发售协调 人将实际到位的认购资金划往其预先开设的基金募集专户。 （6）认购确认：在基金合同生效后，投资者应通过其办理认购的销售网点查询认购确认 情况。 5、网下现金认购 （1）认购时间：详见本基金基金份额发售公告。 （2）认购金额和利息折算的份额的计算： 华泰柏瑞恒生消费交易型开放式指数证券投资基金（QDII） 32 通过基金管理人进行网下现金认购的投资者，认购以基金份额申请，认购费用、认购金 额的计算公式为： 认购费用＝认购份额×认购费率 （若适用固定费用的，认购费用＝固定费用） 认购金额＝认购份额×（1＋认购费率） （若适用固定费用的，认购金额＝认购价格×认购份额+固定费用） 净认购份额＝认购份额＋认购金额产生的利息/基金份额面值 其中： 认购费用由基金管理人在投资者认购确认时收取，投资者需以现金方式交纳认购费用。 通过发售代理机构进行网下现金认购的认购金额的计算：同通过发售代理机构进行网上 现金认购的认购金额的计算。 （3）认购限额：网下现金认
108,513970,SH,SH,2026-06-30,2026-06-30,临时数据/513970/513970_更新招募说明书_20260630.txt,146402,2,交易所上市。根据本基金现行适用的清算交收和申赎处理规则，投资者当日申 购的基金份额，清算交收完成后方可卖出和赎回，即 T 日申购的 ETF 份额且 日间完成 RTGS（实时逐笔全额结算）交收，T 日可卖出与赎回，而 T 日申购 的 ETF 份额且日终完成逐笔全额非担保交收的，T+1 日方可卖出和赎回；T 日 买入的基金份额，T 日可以赎回或卖出。由于登记机构对现金替代采取非净额 结算交收模式，当投资者赎回申请被登记机构确认后，被赎回的基金份额即被 记减，但此时投资者尚未收到赎回现金替代款。投资者投资本基金时需具有证 券账户， 证券账户是指上海证券交易所A 股账户或上海证券交易所证券投资基 金账户。 （七） 本基金投资恒生消费指数成份股及备选成份股的资产不低于基金资 产净值的 90%且不低于非现金基金资产的 80％， 其投资目标为紧密跟踪标的指 数， 追求跟踪偏离度和跟踪误差最小化， 以期获得与标的指数收益相似的回报。 本基金投资于证券市场，基金净值会因为证券市场波动等因素产生波动，投资 人根据所持有的基金份额享受基金收益，同时承担相应的投资风险。投资人在 投资本基金前，请认真阅读本招募说明书、基金产品资料概要和基金合同等信 息披露文件，全面认识本基金产品的风险收益特征和产品特性，充分考虑自身 的风险承受能力，,2,1,卖出部分被替代证券， 或者不进行任何买入或卖出证券的操作， 基金管理人可能不买入或不卖出被替代证券的情形包括但不限于市场流动性 不足、技术系统无法实现、申购赎回轧差以及基金管理人认为不应该买入或卖 出的其他情形。 （十六）基金管理人深知个人信息对投资者的重要性，致力于投资者个人 信息的保护。 基金管理人承诺按照法律法规和相关监管要求的规定处理投资者 的个人信息，包括通过基金管理人直销、销售机构或场内经纪机构购买景顺长 城基金管理有限公司旗下基金产品的所有个人投资者。 基金管理人需处理的机 构投资者信息中可能涉及其法定代表人、受益所有人、经办人等个人信息，也 将遵守上述承诺进行处理。 （十七）为充分维护投资者利益， 本基金管理人已对文件所载重要提示 （如 有）及风险揭示章节相关内容予以补充说明。除上述事项外，本招募说明书所 载内容截止日为 2025 年 9 月 30 日。如本基金发生重大期后事项的，本招募说 明书也对相应内容进行了更新。本更新招募说明书中财务数据未经审计。 景顺长城恒生消费交易型开放式指数证券投资基金（QDII）更新招募说明书 目录 一、绪言 ................................ .......................... 1 二、释义 .............................,1,0,人将向 投资者收取欠缺的差额。 基金管理人可以根据市场情况和实际需要确定和调整 申购现金替代溢价 比例，具体的申购现金替代溢价比例以申购赎回清单公告为准。 3）申购替代金额的处理程序 对于确认成功的 T 日申购申请， 基金管理人有权在T 日内任意时刻以收到 的申购替代金额代投资者买入小于等于被替代组合证券数量的任意数量的被 替代组合证券。 基金管理人有权根据基金投资运作情况自主决定不买入部分被 替代组合证券，或者不进行任何买入证券的操作。 T 日，基金管理人在申购赎回清单中公布申购现金替代溢价比例，并据此 收取申购替代金额。 正常情况下， 对于确认成功的T 日申购申请， 基金管理人根据T 日所购入 的被替代证券的实际单位购入成本 （包括买入价格与相关费用， 折算为人民币， 通过港交所交易的被替代证券的购入成本折算汇率采用当天的估值汇率， 通过 港股通机制交易的 被替代证券 的购入成本 折算汇率以 登记机构 当日结算汇率 为准）和未买入的被替代证券 T 日收盘价（折算为人民币，折算汇率采用当天 的估值汇率， 被替代证券当日在证券交易所无交易的， 取最近交易日的收盘价； 交易日无收盘价的，取最后成交价）计算被替代证券的单位结算成本，在此基 础上根据替代证券数量和申购替代金额确定基金应退还投资人或投资人应补 交的款项。T 日后的三个港股通交易日内，基金管理人将应退款或补,2,1,能存在较大波动， 且可能对基金资产净值产生较大影响， 为了更好的维护持有人利益， 该证券对应的现金替代退补款的清算交收可在其 复牌后按照实际交易成本办理。 4）赎回替代金额的处理程序 对于确认成功的 T 日赎回申请，基金管理人有权在 T 日内任意时刻代投 资者卖出小于等于被替代证券数量的任意数量的被替代证券。 基金管理人有权 根据基金投资的需要自主决定不卖出部分被替代组合证券， 或者不进行任何卖 出证券的操作。正常情况下，对于确认成功的 T 日赎回申请，在 T 日（指香港 交易所交易日）内，基金管理人根据赎回申请通过香港市场交易或港股通等方 式代投资者卖出被替代证券。在 T 日（指香港交易所交易日）日终，基金管理 人已卖出的证券，按照被替代证券的实际卖出金额（ 卖出价格扣除相关费用， 折算为人民币，通过港交所交易的被替代证券的卖出金额折算汇率采用当天的 估值汇率， 通过港股通机制交易的被替代证券的卖出金额折算汇率以登记机构 当日结算汇率为准）确定基金应支付的替代金额；未卖出的证券，按照被替代 证券 T 日（指香港交易所交易日）收盘价（折算为人民币，折算汇率采用当天 的估值汇率；T 日在证券交易所无交易的，取最近交易日的收盘价；交易日无 收盘价的，取最后成交价）确定基金应支付给投资者的替代金额。 正常情况下，T+7 日 （指上海证券交易所与香港联合交易所的共同交易日,消费交易型开放式指数证券投资基金（QDII）更新招募说明书 （六）本基金为交易型开放式指数证券投资基金（ETF），将在上海证券 交易所上市。根据本基金现行适用的清算交收和申赎处理规则，投资者当日申 购的基金份额，清算交收完成后方可卖出和赎回，即 T 日申购的 ETF 份额且 日间完成 RTGS（实时逐笔全额结算）交收，T 日可卖出与赎回，而 T 日申购 的 ETF 份额且日终完成逐笔全额非担保交收的，T+1 日方可卖出和赎回；T 日 买入的基金份额，T 日可以赎回或卖出。由于登记机构对现金替代采取非净额 结算交收模式，当投资者赎回申请被登记机构确认后，被赎回的基金份额即被 记减，但此时投资者尚未收到赎回现金替代款。投资者投资本基金时需具有证 券账户， 证券账户是指上海证券交易所A 股账户或上海证券交易所证券投资基 金账户。 （七） 本基金投资恒生消费指数成份股及备选成份股的资产不低于基金资 产净值的 90%且不低于非现金基金资产的 80％， 其投资目标为紧密跟踪标的指 数， 追求跟踪偏离度和跟踪误差最小化， 以期获得与标的指数收益相似的回报。 本基金投资于证券市场，基金净值会因为证券市场波动等因素产生波动，投资 人根据所持有的基金份额享受基金收益，同时承担相应的投资风险。投资人在 投资本基金前，请认真阅读本招募说明书、基金产品资料概要和基金合同等信
109,159237,SZ,SZ,2025-11-28,2025-11-28,临时数据/159237/159237_更新招募说明书_20251128.txt,113647,4,涉及的基金份额、现金替代、现金差额及其他对价的清算交收适 用深圳证券交易所、登记机构的相关规定和参与各方相关协议的有关规定。 本基金现金申购业务中的现金替代采用实时逐笔全额结算（RTGS）与日终逐笔全额非担 保交收的方式处理；现金赎回业务涉及的现金替代可采用代收代付处理；现金申购、赎回业 工银瑞信中证港股通汽车产业主题交易型开放式指数证券投资基金 更新的招募说明书 29 务涉及的现金差额和现金替代退补款采用代收代付处理。 投资者 T 日提交的现金申购申请受理后，日间完成 RTGS 交收部分，登记机构在 T 日为 该投资者办理基金份额登记以及现金替代的交收；日间未完成 RTGS 交收部分，登记机构在 T 日日终根据勾单情况及资金是否足额为投资者办理基金份额登记与现金替代的交收，并将 结果发送给申购赎回代理券商、基金管理人和基金托管人。基金管理人在 T+2 日办理现金差 额的清算及交收。对于因申购赎回代理券商交收资金不足，导致投资者现金申购失败的情形， 按照申购赎回代理券商的相关规则处理。 投资者 T 日提交的现金赎回申请受理后，登记机构在 T 日收市后为投资者办理基金份 额的清算和交收，并将结果发送给申购赎回代理券商、基金管理人和基金托管人。基金管理 人在 T+2 日办理现金差额的清算及交收。赎回现金替代款将自有效赎,2,1,证金后，应当保持不低于交易 保证金一倍的现金，其中现金不包括结算备付金、存出保证金和应收申购款等； 6）本基金所持有的股票市值和买入、卖出股指期货合约价值合计（轧差计算）应当符 合基金合同关于股票投资比例的有关约定； （9）本基金参与转融通证券出借业务，应当遵守以下交易限制： 1）参与转融通证券出借业务的资产不得超过基金资产净值的 30%，出借期限在 10 个交 易日以上的出借证券应归为流动性受限资产； 2）参与转融通证券出借业务的单只证券不得超过基金持有该证券总量的 30%； 3）最近 6 个月内日均基金资产净值不低于 2 亿元； 4）证券出借的平均剩余期限不得超过 30 天，平均剩余期限按照市值加权平均计算； （10）本基金主动投资于流动性受限资产的市值合计不得超过基金资产净值的 15%；因 证券市场波动、上市公司股票停牌、基金规模变动等基金管理人之外的因素致使基金不符合 该比例限制的，基金管理人不得主动新增流动性受限资产的投资； （11）本基金与私募类证券资管产品及中国证监会认定的其他主体为交易对手开展逆回 购交易的，可接受质押品的资质要求应当与基金合同约定的投资范围保持一致； （12）本基金资产总值不超过基金资产净值的 140%； （13）本基金投资存托凭证的比例限制依照境内上市交易的股票执行，与境内上市交易 的股票合并计算； （14）法,0,0,结算成本）， 则基金管理人将退还多收取的差额；如果预先收取的金额低于基金买入证券的实际成本（或 证券实际结算成本），则基金管理人将向投资者收取欠缺的差额。 2）申购替代金额的处理程序 基金管理人在 T 日以收到的替代金额代投资者买入被替代证券。基金管理人有权根据基 金投资的需要自主决定不买入部分被替代证券，或者不进行任何买入被替代证券的操作。正 常情况下，对于确认成功的 T 日申购申请，基金管理人根据 T 日所购入的被替代证券的实际 单位购入成本（包括买入价格与相关费用，折算为人民币）和未买入的被替代证券 T 日收盘 价（折算为人民币，被替代证券当日在证券交易所无交易的，取最近交易日的收盘价；交易 日无收盘价的，取最后成交价）计算被替代证券的单位结算成本，在此基础上根据替代证券 数量和申购替代金额确定基金应退还投资者或投资者应补交的款项。T+6 日（指开放日）内， 基金管理人将应退款或补款的明细及汇总数据发送给登记机构，登记机构办理现金替代多退 工银瑞信中证港股通汽车产业主题交易型开放式指数证券投资基金 更新的招募说明书 32 少补资金的清算，并将结果发送给申购赎回代理券商和结算参与人，由相关申购赎回代理券 商和结算参与人办理交收。基金管理人可以对交收日期进行相应调整。 如遇港股通临时停市、港股通交易每日额度等特殊情况，组合证券的代理买入及结算价 格可依次顺延至下,0,0,补款的清算交收可 按照其复牌后实际交易成本或者基金管理人认为合理的价格办理。在此期间若该证券发生除 息、送股（转增）、配股等重要权益变动，则进行相应调整。 3）赎回替代金额的处理程序 基金管理人在 T 日根据赎回申请代投资者卖出被替代证券。基金管理人有权根据基金 投资的需要自主决定不卖出部分被替代证券，或者不进行任何卖出被替代证券的操作。正常 情况下，对于确认成功的 T 日赎回申请，基金管理人根据 T 日所卖出的被替代证券的实际单 位卖出金额（扣除相关费用，折算为人民币）和未卖出的被替代证券的 T 日收盘价（折算为 人民币，被替代证券当日在证券交易所无交易的，取最近交易日的收盘价；交易日无收盘价 的，取最后成交价）计算被替代证券的单位结算金额，在此基础上根据替代证券数量确定赎 回替代金额。T+6 日（指开放日）内，基金管理人将应支付的赎回替代金额的明细及汇总数 据发送给登记机构，登记机构办理赎回现金替代款的清算，并将结果发送给申购赎回代理券 商和结算参与人，由与相关申购赎回代理券商和结算参与人办理交收，当交收期间出现港股 通交易日为非港股通交收日时，款项交收日期顺延。基金管理人可以对交收日期进行相应调 整。 如遇港股通临时停市等特殊情况，组合证券的代理卖出及结算价格可依次顺延至下一港 股通交易日直至交易正常。如遇证券长期停牌、流动性不足等可能导致收盘价或最后成交价,并适用于本基 金的，则按照新的规则执行，届时基金管理人将发布公告予以披露并更新本基金的基金合同 和招募说明书，无须召开基金份额持有人大会审议。 3、申购和赎回的清算交收与登记 本基金申购赎回过程中涉及的基金份额、现金替代、现金差额及其他对价的清算交收适 用深圳证券交易所、登记机构的相关规定和参与各方相关协议的有关规定。 本基金现金申购业务中的现金替代采用实时逐笔全额结算（RTGS）与日终逐笔全额非担 保交收的方式处理；现金赎回业务涉及的现金替代可采用代收代付处理；现金申购、赎回业 工银瑞信中证港股通汽车产业主题交易型开放式指数证券投资基金 更新的招募说明书 29 务涉及的现金差额和现金替代退补款采用代收代付处理。 投资者 T 日提交的现金申购申请受理后，日间完成 RTGS 交收部分，登记机构在 T 日为 该投资者办理基金份额登记以及现金替代的交收；日间未完成 RTGS 交收部分，登记机构在 T 日日终根据勾单情况及资金是否足额为投资者办理基金份额登记与现金替代的交收，并将 结果发送给申购赎回代理券商、基金管理人和基金托管人。基金管理人在 T+2 日办理现金差 额的清算及交收。对于因申购赎回代理券商交收资金不足，导致投资者现金申购失败的情形， 按照申购赎回代理券商的相关规则处理。 投资者 T 日提交的现金赎回申请受理后，登记机构在 T 日收市后为投资者办理基
110,520910,SH,SH,2026-06-30,2026-06-30,临时数据/520910/520910_更新招募说明书_20260630.txt,123198,2,本基金申购赎回过程中涉及的基金份额、 现金替代、 现金差额及其他对价的清算交收适 用相关业务规则和参与各方相关协议及其不时修订的有关规定。 本基金申购业务采用实时逐笔全额结算（Real Time Gross Settlement，以下简称 RTGS） 模式； 赎回业务涉及的现金替代可采用代收代付处理； 申购、 赎回业务涉及的现金差额和现 金替代退补款可采用代收代付处理。 1）申购的清算交收 投资者 T 日现金申购后，如交易记录已勾单且申购资金足额的，登记机构在 T 日日间 实时办理基金份额及现金替代的交收；T 日日间未进行勾单确认或日间资金不足的， 登记机 构在 T 日日终根据资金是否足额办理基金份额及现金替代的清算交收，并将结果发送给基 金管理人、 申购赎回代理机构和基金托管人。 基金管理人在T+2 日内办理现金差额的交收。 2）赎回的清算交收 投资者 T 日赎回申请受理后，登记机构在 T 日收市后为投资者办理基金份额的清算交 收。基金管理人在 T+2 日内通过登记机构的代收代付平台办理现金差额的交收。 正常情况下， 基金管理人不迟于T+7 日 （指开放日） 办理赎回替代款项的交付。 但如果 出现基金投资市场交易清算规则发生较大变化、 基金赎回数额较大或组合证券内的部分证券 因停牌、流动性不足或其他原因导致无法,1,1,部分被替代证券， 或者不进行任何买入或卖出证券的操作， 基金管 理人可能不买入或不卖出被替代证券的情形包括但不限于市场流动性不足、技术系统无法 实现、 申购赎回轧差以及基金管理人认为不应买入或卖出的其他情形， 因此投资者需承受可 能当天无法完成所有证券买卖、未完成买卖部分按收盘价结算等风险。 14、基金收益分配后基金份额净值低于面值的风险 基于本基金的性质和特点， 本基金收益分配不以弥补亏损为前提， 收益分配后可能存在 基金份额净值低于面值的风险。 15、第三方机构服务的风险 基金的多项服务委托第三方机构办理，存在以下风险： （1） 申购赎回代理机构因多种原因， 导致代理申购、 赎回业务受到限制、 暂停或终止， 由此影响对投资者申购赎回服务的风险。 （2）登记机构可能调整结算制度，如实施货银对付制度，对投资者基金份额、组合证 券及资金的结算方式发生变化， 制度调整可能给投资者带来理解偏差的风险。 同样的风险还 可能来自于证券交易所及其他代理机构。 （3）证券交易所、登记机构、基金托管人、申购赎回代理机构及其他代理机构可能违 约，导致基金或投资者利益受损的风险。 （三）声明 1、本基金未经任何一级政府、机构及部门担保。投资者自愿投资于本基金，须自行承 担投资风险。 2、除基金管理人直接办理本基金的销售外，本基金或还通过销售机构销售，但是，本 基金并,2,0,新公布的人民币对港币的 汇率中间价调整为人民币价格，或基金管理人认为合理的其他方法） 。 （3）可以现金替代 ①适用情形：基金管理人认为需要在投资者申购或赎回时代投资者买入或卖出证券。 华夏中证港股通互联网交易型开放式指数证券投资基金招募说明书（更新） 46 ②替代金额： 对于可以现金替代的证券，替代金额的计算公式为： 申购的替代金额＝替代证券数量×该证券调整后 T 日开盘参考价×T-1 日中国人民银行 最新公布的人民币对港币的汇率中间价×（1+申购现金替代溢价比例） 。 收取申购现金替代溢价的原因是， 基金管理人需要在收到申购确认信息后， 在香港市场 买入组合证券，实际结算成本与替代金额可能有所差异。 为便于操作， 基金管理人在申购赎 回清单中预先确定申购现金替代溢价比例， 并据此收取替代金额。 如果预先收取的替代金额 高于购入该部分证券的实际结算成本，则基金管理人将退还多收取的差额； 如果预先收取的 替代金额低于购入该部分证券的实际结算成本，则基金管理人将向投资者收取欠缺的差额。 ③替代金额的处理程序 【1】申购替代金额的处理程序 基金管理人在 T 日内以收到的替代金额代投资者买入被替代证券。基金管理人有权在 T 日内任意时刻，以收到的申购替代金额代投资者购入组合证券中被替代证券的任意数量。 正常情况下，T 日日终， 基金管理人根据所购入的被替代证券,1,0,新公布的人民币对港币的 汇率中间价调整为人民币价格，或基金管理人认为合理的其他方法） 。 （3）可以现金替代 ①适用情形：基金管理人认为需要在投资者申购或赎回时代投资者买入或卖出证券。 华夏中证港股通互联网交易型开放式指数证券投资基金招募说明书（更新） 46 ②替代金额： 对于可以现金替代的证券，替代金额的计算公式为： 申购的替代金额＝替代证券数量×该证券调整后 T 日开盘参考价×T-1 日中国人民银行 最新公布的人民币对港币的汇率中间价×（1+申购现金替代溢价比例） 。 收取申购现金替代溢价的原因是， 基金管理人需要在收到申购确认信息后， 在香港市场 买入组合证券，实际结算成本与替代金额可能有所差异。 为便于操作， 基金管理人在申购赎 回清单中预先确定申购现金替代溢价比例， 并据此收取替代金额。 如果预先收取的替代金额 高于购入该部分证券的实际结算成本，则基金管理人将退还多收取的差额； 如果预先收取的 替代金额低于购入该部分证券的实际结算成本，则基金管理人将向投资者收取欠缺的差额。 ③替代金额的处理程序 【1】申购替代金额的处理程序 基金管理人在 T 日内以收到的替代金额代投资者买入被替代证券。基金管理人有权在 T 日内任意时刻，以收到的申购替代金额代投资者购入组合证券中被替代证券的任意数量。 正常情况下，T 日日终， 基金管理人根据所购入的被替代证券的实际,构提供的评级结果为准。 本基金为交易型开放式指数证券投资基金 （ETF） ， 在上海证券交易所上市。 由于本基金 的标的指数组合证券为香港交易所证券，基金份额的清算交收与境内普通 ETF 存在一定差 异。 通常情况下， 投资者申购的基金份额， 清算交收完成后方可卖出和赎回。 投资者认购本 基金时需具有上海证券账户， 但需注意， 使用基金账户只能参与本基金的现金认购和二级市 华夏中证港股通互联网交易型开放式指数证券投资基金招募说明书（更新） 2 场交易， 如投资者需要参与基金的申购、 赎回， 则应使用A 股账户。 本基金以人民币募集和 计价， 本基金投资于香港市场以港币计价的金融工具， 人民币对港币的汇率的波动可能加大 基金净值的波动，从而对基金业绩产生一定影响。 本基金可投资存托凭证， 基金净值可能受到存托凭证的境外基础证券价格波动影响， 存 托凭证的境外基础证券的相关风险可能直接或间接成为本基金的风险。 本基金可投资于股票期权、 股指期货、 国债期货等金融衍生品， 可能面临的风险包括市 场风险、 流动性风险、 基差风险、 保证金风险、 信用风险、 操作风险等。 本基金可投资于资 产支持证券， 可能面临的风险包括信用风险、 利率风险、 流动性风险、 提前偿付风险、 操作 风险和法律风险等。 本基金可参与转融通证券出借业务， 面临的风险包括但不限于流动
111,513260,SH,SH,2026-08-14,2026-08-14,临时数据/513260/513260_更新招募说明书_20260814.txt,141037,1,本基金申购赎回过程中涉及的基金份额、 现金替代、 现金差额及其他对价的 清算交收适用相关业务规则和参与各方相关协议及其不时修订的有关规定。 本基金申购业务采用实时逐笔全额结算（Real Time Gross Settlement）模式； 赎回业务涉及的现金替代采用代收代付处理； 申购、 赎回业务涉及的现金差额和 现金替代退补款采用代收代付处理。 投资者 T 日申购成功后， 如交易记录已勾单且申购资金足额的， 登记机构在 T 日日间实时办理基金份额及现金替代的交收；T 日日间未进行勾单确认或日间 资金不足的， 登记机构在T 日日终根据资金是否足额办理基金份额及现金替代的 清算交收， 并将结果发送给基金管理人、 申购赎回代理券商和基金托管人。 基金 汇添富恒生科技交易型开放式指数证券投资基金 （QDII） 更新招募说明书 66 管理人在 T+1 日内办理现金差额的清算，在 T+2 日内办理现金差额的交收。 投资者 T 日赎回成功后，正常情况下，登记机构在 T 日收市后为投资者办 理基金份额的交收。基金管理人在 T+1 日办理现金差额的清算，在 T+2 日内通 过登记机构的代收代付平台办理现金差额的交收。 赎回现金替代款将自有效赎回 申请之日起 10 个开放日内划往基金份额持有人账户。如遇国家外管局相关规定 有变更或本,4,4,停牌或流动性不足等因素影 响， 导致投资者收到的赎回对价可能延期交收或赎回对价的金额出现较大波动的 风险。 在现有的申购赎回规则下， 可以现金替代证券采取T 日轧差补券而非实时补 券模式， 且未来基金管理人可能会根据运作情况调整补券模式。T 日轧差补券模 式下， 现金替代退补款的计算以实际成交价格和基金招募说明书的约定为准， 由 此可能影响投资者的投资损益。 12、申购赎回清单差错风险 如果基金管理人提供的当日申购赎回清单内容出现差错，包括组合证券名 单、数量、现金替代标志、现金替代比例、替代金额等出错，将会使投资人利益 受损或影响申购赎回的正常进行。 13、第三方机构服务的风险 本基金的多项服务委托第三方机构办理，存在以下风险： （1）申购赎回代理券商因多种原因，导致代理申购、赎回业务受到限制、 暂停或终止，由此影响对投资者申购赎回服务的风险。 （2）登记机构可能调整结算制度，如对投资者基金份额及资金的结算方式 发生变化， 制度调整可能给投资者带来理解偏差的风险。 同样的风险还可能来自 于证券交易所及其他代理机构。 （3）第三方机构可能违约，导致基金或投资者利益受损的风险。 以下为本基金标的指数-恒生科技指数的编制商发布的免责声明： 汇添富恒生科技交易型开放式指数证券投资基金 （QDII） 更新招募说明书 30 恒生科技指数由恒生指数有限公司根,1,0,入该部分证 券的实际成本， 则基金管理人将退还多收取的差额； 如果预先收取的金额低于基 金购入该部分证券的实际成本，则基金管理人将向投资者收取欠缺的差额。 3）申购替代金额的处理程序 对于确认成功的 T 日申购申请， 基金管理人可以通过在香港市场交易或港股 通等方式以收到的替代金额代投资者买入被替代证券。 基金管理人有权在T 日内 任意时刻以收到的替代金额代投资者买入小于等于被替代证券数量的任意数量 汇添富恒生科技交易型开放式指数证券投资基金 （QDII） 更新招募说明书 69 的被替代证券。 基金管理人有权根据基金投资的需要自主决定不买入部分被替代 证券，或者不进行任何买入证券的操作。T 日日终，基金管理人根据所购入的被 替代证券的实际单位购入成本 （包括买入价格与相关费用， 按照汇率折算为人民 币） 和未买入的被替代证券的T 日收盘价 （按照汇率折算为人民币；T 日在证券 交易所无交易的，取最近交易日的收盘价；交易日无收盘价的，取最后成交价） 计算被替代证券的单位结算成本， 在此基础上根据替代证券数量和申购现金替代 保证金确定基金应退还投资者或投资者应补交的款项。 正常情况下，T 日后的第 3 个港股通交易日内， 基金管理人将应退款或补款与相关申购赎回代理券商办理 交收。在此期间若该证券发生除息、送股（转增） 、配股等重要权益变动，则进 行相应调整。 当交收期,2,1,益， 该证券对应的现金替代款的清算交收可在其 复牌后按照实际交易成本办理。在此期间若该证券发生除息、送股（转增） 、配 股等重要权益变动，则进行相应调整。 4）赎回替代金额的处理程序 对于确认成功的 T 日赎回申请，在 T 日内，基金管理人可以通过在香港市 场交易或港股通等方式代投资者卖出被替代证券。 基金管理人有权在T 日内任意 时刻代投资者卖出小于等于被替代证券数量的任意数量的被替代证券。 基金管理 人有权根据基金投资的需要自主决定不卖出部分被替代证券， 或者不进行任何卖 出证券的操作。T 日日终， 基金管理人根据所卖出的被替代证券的实际单位卖出 汇添富恒生科技交易型开放式指数证券投资基金 （QDII） 更新招募说明书 70 金额 （卖出价格扣除相关费用， 按照汇率折算为人民币） 和未卖出的被替代证券 的 T 日收盘价 （按照汇率折算为人民币；T 日在证券交易所无交易的， 取最近交 易日的收盘价； 交易日无收盘价的， 取最后成交价） 计算被替代证券的单位结算 金额， 在此基础上根据替代证券数量确定赎回替代金额。 正常情况下，T+7 日 （指 上海证券交易所与香港交易所的共同交易日） 内， 基金管理人将应支付的赎回替 代金额与相关申购赎回代理机构办理交收。 在此期间若该证券发生除息、 送股 （转 增） 、配股等重要权益变动，则进行相应调整。当交收期间出现港股通交,混合型基金、债券型基金 与货币市场基金。 同时本基金为指数基金， 主要采用完全复制法跟踪标的指数表 现，具有与标的指数相似的风险收益特征。 根据本基金现行适用的清算交收和申赎处理规则， 投资者当日申购的基金份 额，清算交收完成后方可卖出和赎回，即T日申购的基金份额且日间完成实时逐 笔全额结算（Real Time Gross Settlement）交收的，T日可卖出和赎回，而T日申 购的基金份额且日终完成逐笔全额非担保交收的，T+1日方可卖出和赎回。 投资有风险， 投资者在进行投资决策前， 请仔细阅读本基金的 《招募说明书》 、 《基金合同》 、 基金产品资料概要等信息披露文件， 并根据自身的投资目的、 投 资期限、投资经验、资产状况等判断基金是否和投资者的风险承受能力相适应， 自主判断基金的投资价值，自主做出投资决策，自行承担投资风险。 基金的过往业绩并不预示其未来表现， 基金管理人管理的其他基金的业绩也 不构成对本基金业绩表现的保证。 基金管理人依照恪尽职守、 诚实信用、 谨慎勤勉的原则管理和运用基金财产， 但不保证投资于本基金一定盈利，也不保证最低收益。 基金管理人提醒投资者基金投资的 “买者自负” 原则， 在投资者作出投资决 策后，基金运营状况与基金净值变化导致的投资风险，由投资者自行负担。 本次招募说明书更新主要涉及基金管理人、 基金托管人、
112,520590,SH,SH,2026-08-06,2026-08-06,临时数据/520590/520590_更新招募说明书_20260806.txt,111861,4,售、基金投资等运作环节中的任何汇率 变动风险。 在目前结算规则下，投资者当日申购的基金份额，清算交收完成后方可卖出和赎回， 即 T 日申购的基金份额且日间完成 RTGS（实时逐笔全额结算）交收的，T 日可卖出和赎 回，而 T 日申购的基金份额且日终完成逐笔全额非担保交收的，T+1 日方可卖出和赎回。 当日买入的基金份额，同日可以赎回或卖出。由于登记机构对赎回现金替代采取非净额结 算交收模式，当投资者赎回申请被登记机构确认后，被赎回的基金份额即被记减，但此时 投资者尚未收到赎回现金替代款。 基金的过往业绩并不预示其未来表现，基金管理人管理的其他基金的业绩并不构成对 本基金表现的保证。 基金管理人依照恪尽职守、诚实信用、谨慎勤勉的原则管理和运用基金财产，但不保 证基金一定盈利，也不保证最低收益。基金管理人提醒投资人基金投资的“买者自负”原 4 则，在投资人作出投资决策后，基金运营状况与基金净值变化引致的投资风险，由投资人 自行承担。投资有风险，投资人在投资本基金前应认真阅读本基金的招募说明书、基金合 同和基金产品资料概要。 各方当事人同意，因《基金合同》而产生的或与《基金合同》有关的一切争议，如经 友好协商未能解决的，任何一方均应将争议提交深圳国际仲裁院，按照深圳国际仲裁院届 时有效的仲裁规则进行仲裁。仲裁地点为深,5,1,不卖出部分被替代证券，或者不进行任何买入或卖出证券的操作，基 金管理人可能不买入或不卖出被替代证券的情形包括但不限于市场流动性不足、技术系统 无法实现、申购赎回轧差以及基金管理人认为不应买入或卖出的其他情形。 （15）本基金为境内募集和上市交易、投资于境内外证券/期货市场、跟踪特定指数的 交易型开放式指数基金，涉及到境内、境外的证券/期货市场，境外证券交易所、期货交易 所、证券与期货登记机构的交易规则、业务规则和市场惯例与境内有较大差异，相关市场 参与主体涉及跨境业务的处理能力、经验、系统等有待验证，从而导致本基金的运作可能 受到影响而带来风险。 2、港股投资风险 本基金可通过港股通投资于港股，也可通过合格境内机构投资者（QDII）境外投资额 度投资于港股，会面临因投资环境、投资标的、市场制度以及交易规则等差异带来的特有 风险，包括港股市场股价波动较大的风险（港股市场实行 T+0 回转交易，且对个股不设涨 跌幅限制，港股股价可能表现出比 A 股更为剧烈的股价波动）、汇率风险（汇率波动可能 对基金的投资收益造成损失）、港股交易日不连贯可能带来的风险（在内地开市香港休市 的情形下，港股不能正常交易，港股不能及时卖出，可能带来一定的流动性风险）等。 （1）海外市场风险 本基金在参与港股市场投资时将受到全球宏观经济和货币政策变动等因素所导致的系 统性风险,0,0,的价值与赎回 时赎回对价的价值有差异，存在变现风险。 14 （14）基金管理人代理申赎投资者买券卖券的风险 基金管理人可在招募说明书规定的时间内以收到的替代金额代投资者买入或卖出小于 等于被替代证券数量的任意数量的被替代证券，实际买入被替代证券的价格可能处于规定 时间内较高的位置或处于最高价格，实际卖出被替代证券的价格可能处于规定时间内较低 的位置或处于最低价格，基金管理人对此不承担责任。基金管理人有权根据基金投资的需 要自主决定不买入或不卖出部分被替代证券，或者不进行任何买入或卖出证券的操作，基 金管理人可能不买入或不卖出被替代证券的情形包括但不限于市场流动性不足、技术系统 无法实现、申购赎回轧差以及基金管理人认为不应买入或卖出的其他情形。 （15）本基金为境内募集和上市交易、投资于境内外证券/期货市场、跟踪特定指数的 交易型开放式指数基金，涉及到境内、境外的证券/期货市场，境外证券交易所、期货交易 所、证券与期货登记机构的交易规则、业务规则和市场惯例与境内有较大差异，相关市场 参与主体涉及跨境业务的处理能力、经验、系统等有待验证，从而导致本基金的运作可能 受到影响而带来风险。 2、港股投资风险 本基金可通过港股通投资于港股，也可通过合格境内机构投资者（QDII）境外投资额 度投资于港股，会面临因投资环境、投资标的、市场制度以及交易规则等差异带来的特有,0,1,的价值与赎回 时赎回对价的价值有差异，存在变现风险。 14 （14）基金管理人代理申赎投资者买券卖券的风险 基金管理人可在招募说明书规定的时间内以收到的替代金额代投资者买入或卖出小于 等于被替代证券数量的任意数量的被替代证券，实际买入被替代证券的价格可能处于规定 时间内较高的位置或处于最高价格，实际卖出被替代证券的价格可能处于规定时间内较低 的位置或处于最低价格，基金管理人对此不承担责任。基金管理人有权根据基金投资的需 要自主决定不买入或不卖出部分被替代证券，或者不进行任何买入或卖出证券的操作，基 金管理人可能不买入或不卖出被替代证券的情形包括但不限于市场流动性不足、技术系统 无法实现、申购赎回轧差以及基金管理人认为不应买入或卖出的其他情形。 （15）本基金为境内募集和上市交易、投资于境内外证券/期货市场、跟踪特定指数的 交易型开放式指数基金，涉及到境内、境外的证券/期货市场，境外证券交易所、期货交易 所、证券与期货登记机构的交易规则、业务规则和市场惯例与境内有较大差异，相关市场 参与主体涉及跨境业务的处理能力、经验、系统等有待验证，从而导致本基金的运作可能 受到影响而带来风险。 2、港股投资风险 本基金可通过港股通投资于港股，也可通过合格境内机构投资者（QDII）境外投资额 度投资于港股，会面临因投资环境、投资标的、市场制度以及交易规则等差异带来的特有 风险,托凭证发行机制相关的风险。 在本基金存续期间，基金管理人不承担基金销售、基金投资等运作环节中的任何汇率 变动风险。 在目前结算规则下，投资者当日申购的基金份额，清算交收完成后方可卖出和赎回， 即 T 日申购的基金份额且日间完成 RTGS（实时逐笔全额结算）交收的，T 日可卖出和赎 回，而 T 日申购的基金份额且日终完成逐笔全额非担保交收的，T+1 日方可卖出和赎回。 当日买入的基金份额，同日可以赎回或卖出。由于登记机构对赎回现金替代采取非净额结 算交收模式，当投资者赎回申请被登记机构确认后，被赎回的基金份额即被记减，但此时 投资者尚未收到赎回现金替代款。 基金的过往业绩并不预示其未来表现，基金管理人管理的其他基金的业绩并不构成对 本基金表现的保证。 基金管理人依照恪尽职守、诚实信用、谨慎勤勉的原则管理和运用基金财产，但不保 证基金一定盈利，也不保证最低收益。基金管理人提醒投资人基金投资的“买者自负”原 4 则，在投资人作出投资决策后，基金运营状况与基金净值变化引致的投资风险，由投资人 自行承担。投资有风险，投资人在投资本基金前应认真阅读本基金的招募说明书、基金合 同和基金产品资料概要。 各方当事人同意，因《基金合同》而产生的或与《基金合同》有关的一切争议，如经 友好协商未能解决的，任何一方均应将争议提交深圳国际仲裁院，按照深圳国际仲裁院届 时有效的仲
113,159323,SZ,SZ,2026-05-29,2026-05-29,临时数据/159323/159323_更新招募说明书_20260529.txt,110703,2,司及相关证券交易所最新的规则和参与各方相关协议的有 关规定。 华夏中证港股通汽车产业主题交易型开放式指数证券投资基金招募说明书（更新） 41 本基金申购业务采用实时逐笔全额结算（Real Time Gross Settlement，以下简称 RTGS） 模式；赎回业务涉及的现金替代可采用代收代付处理；申购、赎回业务涉及的现金差额和现 金替代退补款可采用代收代付处理。 （1）申购的清算交收 投资者 T 日现金申购后，如交易记录已勾单且申购资金足额的，登记机构在 T 日日间 实时办理基金份额及现金替代的交收；T 日日间未进行勾单确认或日间资金不足的，登记机 构在 T 日日终根据资金是否足额办理基金份额及现金替代的清算交收，并将结果发送给基 金管理人、申购赎回代理机构和基金托管人。基金管理人在 T+2 日内办理现金差额的交收。 （2）赎回的清算交收 投资者 T 日赎回申请受理后，登记机构在 T 日收市后为投资者办理基金份额的清算交 收。基金管理人在 T+2 日内通过登记机构的代收代付平台办理现金差额的交收。 正常情况下，基金管理人不迟于 T+7 日（指开放日）办理赎回替代款项的交付。但如 果出现基金投资市场交易清算规则发生较大变化、基金赎回数额较大或组合证券内的部分证 券因停牌、流动性不足或其他原因导致无法足额卖出，则赎,1,0,不卖出部分被替代证券，或者不进行任何买入或卖出证券的操作，基 金管理人可能不买入或不卖出被替代证券的情形包括但不限于市场流动性不足、技术系统 无法实现、申购赎回轧差以及基金管理人认为不应买入或卖出的其他情形。 14、基金收益分配后基金份额净值低于面值的风险 基于本基金的性质和特点，本基金收益分配不以弥补亏损为前提，收益分配后可能存 在基金份额净值低于面值的风险。 15、第三方机构服务的风险 基金的多项服务委托第三方机构办理，存在以下风险： （1）申购赎回代理机构因多种原因，导致代理申购、赎回业务受到限制、暂停或终止， 由此影响对投资者申购赎回服务的风险。 （2）登记机构可能调整结算制度，如实施货银对付制度，对投资者基金份额、组合证 券及资金的结算方式发生变化，制度调整可能给投资者带来理解偏差的风险。同样的风险 还可能来自于证券交易所及其他代理机构。 （3）证券交易所、登记机构、基金托管人、申购赎回代理机构及其他代理机构可能违 约，导致基金或投资者利益受损的风险。 （三）声明 1、本基金未经任何一级政府、机构及部门担保。投资者自愿投资于本基金，须自行承 担投资风险。 2、除基金管理人直接办理本基金的销售外，本基金或还通过销售机构销售，但是，本 基金并不是销售机构的存款或负债，也没有经销售机构担保或者背书，销售机构并不能保 证其收益或本金安全。 华夏,0,0,际结算成本）， 则基金管理人将退还多收取的差额；如果预先收取的金额低于基金买入证券的实际成本（或 证券实际结算成本），则基金管理人将向投资者收取欠缺的差额。 ②申购替代金额的处理程序 华夏中证港股通汽车产业主题交易型开放式指数证券投资基金招募说明书（更新） 44 对于确认成功的 T 日申购申请，T 日内基金管理人根据申购规模进行组合证券的代理买 入。T 日日终，基金管理人根据所购入的被替代证券的实际单位购入成本（包括买入价格与 相关费用）和未买入的被替代证券的 T 日收盘价（折算为人民币，折算汇率采用当天的估 值汇率；T 日在证券交易所无交易的，取最近交易日的收盘价；交易日无收盘价的，取最后 成交价）计算被替代证券的单位结算成本，在此基础上根据替代证券数量和申购现金替代金 额确定基金应退还投资者或投资者应补交的款项。正常情况下，T 日后的第 2 个港股通交易 日后的 2 个工作日内，基金管理人将应退款或补款与相关申购赎回代理机构办理交收。若发 生特殊情况，基金管理人可以对交收日期进行相应调整。 如遇港股通临时停市、港股通交易每日额度或总额度不足等特殊情况，组合证券的代 理买入及结算价格可依次顺延至下一港股通交易日直至交易正常。如遇证券长期停牌、流动 性不足等可能导致收盘价或最后成交价不公允的特殊情况，可参照证券的估值价格，对结算 价格进行调整，如果基金管理人认为该,1,0,有人利益，该证券对应的现金替代款的清算交收 可在其复牌后按照实际交易成本办理。在此期间若该证券发生除息、送股（转增）、配股等 重要权益变动，则进行相应调整。 ③赎回替代金额的处理程序 对于确认成功的 T 日赎回申请，T 日内，基金管理人根据赎回规模进行组合证券的代理 卖出。T 日日终，基金管理人根据所卖出的被替代证券的实际单位卖出金额（扣除相关费用） 和未卖出的被替代证券的 T 日收盘价（折算为人民币，折算汇率采用当天的估值汇率；T 日 在证券交易所无交易的，取最近交易日的收盘价；交易日无收盘价的，取最后成交价）计算 被替代证券的单位结算金额，在此基础上根据替代证券数量确定赎回替代金额。正常情况下， T 日后的第 3 个港股通交易日后的 2 个工作日内，基金管理人将应支付的赎回替代金额与相 关申购赎回代理机构办理交收。若发生特殊情况，基金管理人可以对交收日期进行相应调整。 如遇港股通临时停市等特殊情况，组合证券的代理卖出及结算价格可依次顺延至下一港股通 交易日直至交易正常。如遇证券长期停牌、流动性不足等可能导致收盘价或最后成交价不公 允的特殊情况，可参照证券的估值价格，对结算价格进行调整，如果基金管理人认为该证券 复牌后的价格可能存在较大波动，且可能对基金资产净值产生较大影响，为了更好的维护持 有人利益，该证券对应的现金替代款的清算交收可在其复牌后按照实际交易成本,销售 机构提供的评级结果为准。 本基金为交易型开放式指数证券投资基金（ETF），在深圳证券交易所上市。由于本基 金的标的指数组合证券为香港交易所证券，基金份额的清算交收与境内普通 ETF 存在一定 差异。通常情况下，T 日申购的基金份额在交收完成后可以卖出或赎回。投资者认购本基金 华夏中证港股通汽车产业主题交易型开放式指数证券投资基金招募说明书（更新） 2 时需具有深圳证券账户，但需注意，使用基金账户只能参与本基金的现金认购和二级市场交 易，如投资者需要参与基金的申购、赎回，则应使用 A 股账户。本基金以人民币募集和计 价，本基金可投资于香港市场以港币计价的金融工具，人民币对港币的汇率的波动可能加大 基金净值的波动，从而对基金业绩产生一定影响。 本基金可投资存托凭证，基金净值可能受到存托凭证的境外基础证券价格波动影响， 存托凭证的境外基础证券的相关风险可能直接或间接成为本基金的风险。 本基金可投资于股票期权、股指期货、国债期货等金融衍生品，可能面临的风险包括 市场风险、流动性风险、基差风险、保证金风险、信用风险、操作风险等。本基金可投资 于资产支持证券，可能面临的风险包括信用风险、利率风险、流动性风险、提前偿付风险、 操作风险和法律风险等。本基金可参与转融通证券出借业务，面临的风险包括但不限于流 动性风险、信用风险、市场风险、操作风险等。 投资有风险
114,513010,SH,SH,2025-11-27,2025-11-27,临时数据/513010/513010_更新招募说明书_20251127.txt,118858,3,投资者自行负责。 5、根据本基金现行适用的清算交收和申赎处理规则，投资者当日申购的基 金份额，清算交收完成后方可卖出和赎回，即 T 日申购的基金份额且日间完成 RTGS( 实时逐笔全额结算)交收的，T 日可卖出和赎回， 而T 日申购的基金份额且 日终完成逐笔全额非担保交收的，T+1 日方可卖出和赎回；T 日买入的基金份额， T 日可以赎回或卖出。 由于登记结算机构对现金替代采取非净额结算交收模式，当投资者赎回申 请被登记结算机构确认后， 被赎回的基金份额即被记减， 但此时投资者尚未收到 赎回现金替代款。 投资者投资本基金时需具有证券账户， 证券账户是指上海证券 交易所 A 股账户或上海证券交易所证券投资基金账户。 投资者投资于本基金前请认真阅读证券交易所和登记结算机构关于 ETF 的 相关业务规则及其不时的更新， 确保具备相关专业知识、清楚了解相关规则流程 后方可参与本基金的申购、 赎回及交易。 投资者一旦申购或赎回本基金， 即表示 对基金申购和赎回所涉及的登记方式以及申购赎回所涉及组合证券、现金替代、 现金差额等相关的交收方式及业务规则已经认可。 6、本基金由易方达基金管理有限公司独立管理，未聘请境外投资顾问。 7、基金不同于银行储蓄，基金投资人投资于基金有可能获得较高的收益， 也有可能损失本金。 投资有风险,2,4,后的 T 日开盘参考价并按照 T-1 日估值汇率换算或基金管理人认为合理的其他方法。 （4）在系统支持的情况下，对于 T 日的申购赎回申请，基金管理人有权进 行轧差处理， 针对净申购， 购入净申购份额对应的组合证券中被替代的香港证券， 针对净赎回， 卖出净赎回份额对应的组合证券中被替代的香港证券， 基金管理人 有权购入或者卖出不等于轧差处理后的上述被替代的香港证券的任意数量。 （5）基金管理人可根据运作情况调整代理申赎投资者买券卖券的相关规则 并按规定公告。 （6）未来如相关证券的交易、结算规则发生改变，或上海证券交易所、登 记结算机构有关申购赎回交易结算规则发生改变， 或基金管理人与基金托管人之 间的结算相关安排发生改变等， 基金管理人可对上述相关现金替代处理规则进行 调整，并按规定公告。 4、预估现金部分相关内容 预估现金部分是指为便于计算基金份额参考净值及申购赎回代理券 商预先 冻结申请申购、赎回的投资者的相应资金，由基金管理人计算的现金数额。 T 日申购赎回清单中公告 T 日预估现金部分。其计算公式为： 62 T 日预估现金部分＝T-1 日最小申购、赎回单位的基金资产净值－（申购赎 回清单中必须现金替代成份证券的替代金额+申购赎回清单中可以现金替代成份 证券的数量、该证券调整后 T 日开盘参考价以及 T-1 日估值汇率的相乘之和） 如果,0,3,， 并据此收 取申购现金替代保证金。 基金管理人在 T+1 日内购入组合证券中被替代的香港证券。 基金管理人有权 在T+1 日内任意时刻， 以收到的申购替代金额代投资者购入组合证券中被替代的 香港证券的任意数量。对于确认成功的 T 日申购申请， 基金管理人可以通过在香 港市场交易或港股通等方式代投资者买入相关证券。正常情况下， 对于确认成功 的T 日申购申请，基金管理人根据 T+1 日所购入的被替代证券的实际单位购入成 本 （包括买入价格与相关费用， 折算为人民币， 折算汇率采用基金管理人和基金 托管人商定的汇率公允价， 汇率公允价包括中国人民银行或其授权机构公布的人 民币汇率中间价、 中国外汇交易中心参考汇率、中国外汇交易中心收盘价、 与基 金托管人商定的其他公允价格等） 和未购入的被替代证券 T+1 日收盘价 （折算为 人民币， 折算汇率采用基金管理人和基金托管人商定的汇率公允价， 汇率公允价 包括中国人民银行或其授权机构公布的人民币汇率中间价、 中国外汇交易中心参 考汇率、中国外汇交易中心收盘价、 与基金托管人商定的其他公允价格等； 被替 代证券 T+1 日在证券交易所无交易的， 取最近交易日的收盘价） 计算被替代证券 的单位结算成本， 在此基础上根据替代证券数量和申购现金替代保证金确定基金 应退还投资者或投资者应补交的款项，若 T 日后至 T+1,0,4,款的清算交收可按照其复 牌后实际交易成本或者基金管理人认为合理的价格办理。 在此期间若该证券发生 除息、送股（转增）、配股等重要权益变动，则进行相应调整。 4）赎回替代金额的处理程序 基金管理人在 T+1 日内卖出组合证券中被替代的香港证券。 基金管理人有权 在T+1 日内任意时刻代投资者卖出组合证券中被替代的香港证券的任意数量。对 于确认成功的 T 日赎回申请， 基金管理人可以通过在香港市场交易或港股通等方 式代投资者卖出相关证券。正常情况下， 对于确认成功的T 日赎回申请，基金管 理人根据 T+1 日所卖出的被替代证券的实际单位卖出金额 （扣除相关费用， 折算 为人民币， 折算汇率采用基金管理人和基金托管人商定的汇率公允价， 汇率公允 价包括中国人民银行或其授权机构公布的人民币汇率中间价、 中国外汇交易中心 参考汇率、中国外汇交易中心收盘价、 与基金托管人商定的其他公允价格等） 和 未卖出的被替代证券 T+1 日收盘价 （折算为人民币， 折算汇率采用基金管理人和 基金托管人商定的汇率公允价， 汇率公允价包括中国人民银行或其授权机构公布 的人民币汇率中间价、中国外汇交易中心参考汇率、中国外汇交易中心收盘价、 与基金托管人商定的其他公允价格等；被替代证券 T+1 日在证券交易所无交易 的， 取最近交易日的收盘价） 计算被替代证券的单位结算金额， 在此基础上根据 替,管理人提醒投资者基金投资的 “买者自负”原则， 在投资者作出投资决策 后，基金运营状况与基金净值变化引致的投资风险，由投资者自行负责。 5、根据本基金现行适用的清算交收和申赎处理规则，投资者当日申购的基 金份额，清算交收完成后方可卖出和赎回，即 T 日申购的基金份额且日间完成 RTGS( 实时逐笔全额结算)交收的，T 日可卖出和赎回， 而T 日申购的基金份额且 日终完成逐笔全额非担保交收的，T+1 日方可卖出和赎回；T 日买入的基金份额， T 日可以赎回或卖出。 由于登记结算机构对现金替代采取非净额结算交收模式，当投资者赎回申 请被登记结算机构确认后， 被赎回的基金份额即被记减， 但此时投资者尚未收到 赎回现金替代款。 投资者投资本基金时需具有证券账户， 证券账户是指上海证券 交易所 A 股账户或上海证券交易所证券投资基金账户。 投资者投资于本基金前请认真阅读证券交易所和登记结算机构关于 ETF 的 相关业务规则及其不时的更新， 确保具备相关专业知识、清楚了解相关规则流程 后方可参与本基金的申购、 赎回及交易。 投资者一旦申购或赎回本基金， 即表示 对基金申购和赎回所涉及的登记方式以及申购赎回所涉及组合证券、现金替代、 现金差额等相关的交收方式及业务规则已经认可。 6、本基金由易方达基金管理有限公司独立管理，未聘请境外投资顾问。 7、基金不同于银行储
115,159366,SZ,SZ,2026-06-30,2026-06-30,临时数据/159366/159366_更新招募说明书_20260630.txt,109923,2,登记 本基金申购赎回过程中涉及的基金份额、现金替代、现金差额及其他对价的清 算交收适用相关业务规则和参与各方相关协议及其不时修订的有关规定。 本基金申购业务采用RTGS（实时逐笔全额结算）模式；赎回业务涉及的现金替 代可采用代收代付处理；申购、赎回业务涉及的现金差额和现金替代退补款可采用 代收代付处理。 投资者T日现金申购后，如交易记录已勾单且申购资金足额的，登记机构在T日 日间实时办理基金份额及现金替代的交收；T日日间未进行勾单确认或日间资金不 足的，登记机构在T日日终根据资金是否足额办理基金份额及现金替代的清算交 收，并将结果发送给基金管理人、申购赎回代理券商和基金托管人。基金管理人在 T+2日办理现金差额的交收。 投资者T日赎回申请受理后，登记机构在T日收市后为投资者办理基金份额的清 算交收。基金管理人在T+2日通过登记机构的代收代付平台办理现金差额的交收。 正常情况下，基金管理人不迟于T+7日（指开放日）办理赎回替代款项的交付。 如遇国家外汇局相关规定有变更或本基金境外投资主要市场的交易清算规则有 变更、基金境外投资主要市场及外汇市场休市或暂停交易、港股通非交收日导致延 迟交收、交易所或登记结算机构有关申购赎回交易结算规则发生改变、登记公司系 统故障、交易所或交易市场数据传输延迟、通讯系统故障、银行数据,4,1,日内交易（不包括平仓）的股指期货合约的成交金额不得 超过上一交易日基金资产净值的 20%； （10.5）基金所持有的股票市值和买入、卖出股指期货合约价值，合计（轧差 计算）应当符合基金合同关于股票投资比例的有关约定； （10.6）每个交易日日终在扣除股指期货、国债期货需缴纳的交易保证金后， 应当保持不低于交易保证金一倍的现金，其中，现金不包括结算备付金、存出保证 金、应收申购款等； （11）本基金参与国债期货交易，应当遵守下列要求： （11.1）基金在任何交易日日终，持有的买入国债期货合约价值，不得超过基 金资产净值的 15%； （11.2）基金在任何交易日日终，持有的卖出国债期货合约价值不得超过基金 持有的债券总市值的 30%； （11.3）基金在任何交易日内交易（不包括平仓）的国债期货合约的成交金额 52 永赢中证港股通医疗主题交易型开放式指数证券投资基金 更新招募说明书(2026 年第 1 号) 不得超过上一交易日基金资产净值的 30%； （11.4）在任何交易日日终，持有的买入股指期货和国债期货合约价值与有价 证券市值之和，不得超过基金资产净值的 100%；其中，有价证券指股票、债券(不 含到期日在一年以内的政府债券)、资产支持证券、买入返售金融资产(不含质押式 回购)等； （11.5）每个交易日日终在扣除股指期货、国债期货需缴纳的交易保,1,0,基金管理人将向投资人收取欠缺的差额。 基金管理人可以根据市场情况和实际需要确定和调整申购现金替代溢价比例， 具体申购现金替代溢价比例以申购赎回清单公告为准。 ③申购替代金额的处理程序 对于确认成功的T日申购申请，T日内基金管理人根据申购规模进行组合证券的 代理买入。T日日终，基金管理人根据所购入的被替代组合证券的实际单位购入成 本、实际购入的相关费用、未购入的被替代组合证券的T日收盘价（折算为人民 币，折算汇率采用当天的估值汇率；被替代组合证券T日无交易的，取最近交易日 的收盘价；交易日无收盘价的，取最后收盘价）计算并确定被替代组合证券的单位 结算成本，在此基础上根据替代组合证券数量和申购现金替代金额确定基金应退还 投资人的款项或投资人应补交的款项。T日后的3个工作日内，基金管理人将应退款 40 永赢中证港股通医疗主题交易型开放式指数证券投资基金 更新招募说明书(2026 年第 1 号) 或补款与相关申购赎回代理机构办理交收。若发生特殊情况，基金管理人可以对交 收日期进行相应调整。 如遇港股通临时停市、港股通交易每日额度或总额度不足等特殊情况，组合证 券的代理买入及结算价格可依次顺延至下一港股通交易日直至交易正常。如遇证券 长期停牌、流动性不足等可能导致收盘价或最后成交价不公允的特殊情况，可参照 证券的估值价格，对结算成本进行调整。如果基金管理人认为该证券复牌后的,1,0,利益，该证券对应的现金替代款的清算交收可在其复牌后按照实际交易成本办理。 在此期间若该证券发生除息、送股（转增） 、配股等重要权益变动，则进行相应调 整。 ④赎回替代金额的处理程序 对于确认成功的T日赎回申请，T日内基金管理人根据所卖出的被替代组合证券 的实际单位卖出成本、实际卖出的相关费用、未卖出的被替代组合证券的T日收盘 价（折算为人民币，折算汇率采用当天的估值汇率；被替代组合证券T日无交易 的，取最近交易日的收盘价；交易日无收盘价的，取最后收盘价）计算并确定被替 代组合证券的单位结算成本，在此基础上根据替代组合证券数量确定赎回替代金 额。T日后的第3个港股通交收日后的2个工作日内，基金管理人将应支付的赎回现 金替代款与相关申购赎回代理机构办理交收。若发生特殊情况，基金管理人可以对 交收日期进行相应调整。 如遇港股通临时停市等特殊情况，组合证券的代理卖出及结算价格可依次顺延 至下一港股通交易日直至交易正常。如遇证券长期停牌、流动性不足等可能导致收 盘价或最后成交价不公允的特殊情况，可参照证券的估值价格，对结算成本进行调 整。如果基金管理人认为该证券复牌后的价格可能存在较大波动，且可能对基金资 产净值产生较大影响，为了更好的维护持有人利益，该证券对应的现金替代款的清 算交收可在其复牌后按照实际交易成本办理。在此期间若该证券发生除息、送股 （转增） 、配股等重要,购赎回代理机构确实接收到该申请。申购、赎回的确认以登记机构的确认结果 为准。对于申购、赎回申请的确认情况，投资人应及时查询并妥善行使合法权利。 3、申购与赎回的清算交收与登记 本基金申购赎回过程中涉及的基金份额、现金替代、现金差额及其他对价的清 算交收适用相关业务规则和参与各方相关协议及其不时修订的有关规定。 本基金申购业务采用RTGS（实时逐笔全额结算）模式；赎回业务涉及的现金替 代可采用代收代付处理；申购、赎回业务涉及的现金差额和现金替代退补款可采用 代收代付处理。 投资者T日现金申购后，如交易记录已勾单且申购资金足额的，登记机构在T日 日间实时办理基金份额及现金替代的交收；T日日间未进行勾单确认或日间资金不 足的，登记机构在T日日终根据资金是否足额办理基金份额及现金替代的清算交 收，并将结果发送给基金管理人、申购赎回代理券商和基金托管人。基金管理人在 T+2日办理现金差额的交收。 投资者T日赎回申请受理后，登记机构在T日收市后为投资者办理基金份额的清 算交收。基金管理人在T+2日通过登记机构的代收代付平台办理现金差额的交收。 正常情况下，基金管理人不迟于T+7日（指开放日）办理赎回替代款项的交付。 如遇国家外汇局相关规定有变更或本基金境外投资主要市场的交易清算规则有 变更、基金境外投资主要市场及外汇市场休市或暂停交易、港股通非交收日导致延 迟交收、交
116,520550,SH,SH,2026-01-14,2026-01-14,临时数据/520550/520550_更新招募说明书_20260114.txt,128098,2,和赎回申请的清算交收与登记 本基金申购和赎回过程中涉及的申购、 赎回对价和基金份额的交收适用 《业务规则》 和 参与各方相关协议的有关规定。 本基金申购业务采用实时逐笔全额结算 （Real Time Gross Settlement， 以下简称 RTGS） 模式； 赎回业务涉及的现金替代可采用代收代付处理； 申购、 赎回业务涉及的现金差额和现 金替代退补款可采用代收代付处理。 投资者T 日现金申购后， 如交易记录已勾单且申购资金足额的， 登记机构在T 日日间实 时办理基金份额及现金替代的交收；T 日日间未进行勾单确认或日间资金不足的， 登记机构 在T 日日终根据资金是否足额办理基金份额及现金替代的清算交收， 并将结果发送给基金管 理人、申购赎回代理机构和基金托管人。登记机构在T+1 日内办理现金差额的清算，在T+2 日内办理现金差额的交收。 投资者T 日赎回申请受理后， 登记机构在T 日收市后为投资者办理基金份额的清算交收。 登记机构在T+1 日内办理现金差额的清算，在T+2 日内办理现金差额的交收。 对于因申购赎回代理机构交收资金不足， 导致投资者现金申购失败的情形， 按照申购赎 回代理机构的相关规则处理。 如果在清算交收时发生清算交收参与方不能正常履约的情形， 则依据 《业务规则》 和参 与各方相关协议的有关规,6,2,10%；在任何交易日日终，持有的卖出 股指期货合约价值不得超过基金持有的股票总市值的 20％；本基金所持有的股票市值和买 入、 卖出股指期货合约价值， 合计 （轧差计算） 应当符合基金合同关于股票投资比例的有关 约定； 在任何交易日内交易 （不包括平仓） 的股指期货合约的成交金额不得超过上一交易日 基金资产净值的20％； （9）本基金参与国债期货交易，应当遵守下列要求：本基金在任何交易日日终，持有 的买入国债期货合约价值，不得超过基金资产净值的15%；在任何交易日日终，持有的卖出 国债期货合约价值不得超过基金持有的债券总市值的30%； 基金所持有的债券 （不含到期日 在一年以内的政府债券） 市值和买入、卖出国债期货合约价值，合计（轧差计算） 应当符合 基金合同关于债券投资比例的有关约定； 在任何交易日内交易 （不包括平仓） 的国债期货合 约的成交金额不得超过上一交易日基金资产净值的30%； （10） 本基金参与股票期权交易， 应当遵守下列要求： 基金因未平仓的期权合约支付和 收取的权利金总额不得超过基金资产净值的10%； 开仓卖出认购期权的， 应持有足额标的证 券； 开仓卖出认沽期权的， 应持有合约行权所需的全额现金或交易所规则认可的可冲抵期权 保证金的现金等价物；未平仓的期权合约面值不得超过基金资产净值的20%。其中，合约面 值按照行权价乘以合,0,0,3）申购现金替代保证金的处理程序 对于确认成功的 T 日申购申请，在 T 日（指上海证券交易所与香港交易所的共同交易 日） 内， 基金管理人以收到的申购替代金额代投资者买入被替代证券。 基金管理人有权在T 日 （指上海证券交易所与香港交易所的共同交易日） 内任意时刻以收到的申购替代金额代投 资者买入小于等于被替代证券数量的任意数量的被替代证券。 基金管理人有权根据基金投资 的需要自主决定不买入部分被替代证券，或者不进行任何买入证券的操作。在 T 日（指上 招商恒生港股通高股息低波动交易型开放式指数证券投资基金更新的招募说明书（二零二六年第一号） 43 海证券交易所与香港交易所的共同交易日） 日终， 基金管理人已买入的证券， 依据申购的替 代金额与被替代证券的实际买入成本 （包括买入价格与相关交易费用） 的差额， 确定基金应 退还投资者或投资者应补交的款项；未买入的证券，依据申购的替代金额与被替代证券 T 日 （指上海证券交易所与香港交易所的共同交易日） 收盘价 （需用汇率公允价折算为人民币， 当日在证券交易所无交易的， 取最近交易日的收盘价， 当日无收盘价的， 取最后成交价） 的 差额，确定基金应退还投资者或投资者应补交的款项。 T 日后的 3 个工作日 （指上海证券交易所和香港交易所的共同交易日） 内， 基金管理人 将应退款或补款与相关申购赎回代理机构,0,0,益， 该证券对应的现金替代款的清算交收可 在其复牌后按照实际交易成本办理。在此期间若该证券发生除息、送股（转增） 、配股等重 要权益变动，则进行相应调整。 4）赎回替代金额的处理程序 对于确认成功的 T 日赎回申请，在 T 日（指上海证券交易所与香港交易所的共同交易 日）内，基金管理人根据赎回申请代投资者卖出被替代证券。基金管理人有权在 T 日（指 上海证券交易所与香港交易所的共同交易日） 内任意时刻代投资者卖出小于等于被替代证券 数量的任意数量的被替代证券。 基金管理人有权根据基金投资的需要自主决定不卖出部分被 替代证券，或者不进行任何卖出证券的操作。 在 T 日（指上海证券交易所与香港交易所的共同交易日）日终，基金管理人已卖出的 证券， 按照被替代证券的实际卖出金额 （扣除相关费用） 确定基金应支付的替代金额； 未卖 出的证券，按照被替代证券 T 日（指上海证券交易所与香港交易所的共同交易日）收盘价 （需用汇率公允价折算为人民币， 当日在证券交易所无交易的， 取最近交易日的收盘价， 当 日无收盘价的，取最后成交价）确定基金应支付给投资者的替代金额。 T 日后的第 2 个港股通交收日后的 2 个工作日内， 基金管理人将应支付的赎回替代金额 与相关申购赎回代理机构办理交收。 若发生特殊情况， 基金管理人可以对交收日期进行相应 调整。 招商恒生港股通高股息低波动交易,"31 4、认购手续：投资人在认购本基金时，需按发售代理机构的规定，备足认购资金，办 理认购手续。网上现金认购申请提交后如需撤销以发售代理机构的规定为准。 5、清算交收：投资人通过发售代理机构提交的网上现金认购申请，由登记机构进行有 效认购款项的清算交收。 本基金网上现金认购过程中涉及的清算交收适用 《业务规则》 和参 与各方相关协议的有关规定， 若 《业务规则》 或参与各方相关协议的有关规定发生变化， 清 算交收规则可视情况进行调整。 6、认购确认：在基金合同生效后，投资人应通过其办理认购的销售机构查询认购确认 情况。 6.11 网下现金认购 1、认购时间：详见基金份额发售公告。 2、认购限额：网下现金认购以基金份额申请。投资人通过发售代理机构办理网下现金 认购的，每笔认购份额需为1,000份或其整数倍。投资人通过基金管理人办理网下现金认购 的，每笔认购份额须在50万份以上（含50万份） 。投资人在认购时间内可以多次认购。 3、认购金额： （1）通过基金管理人进行网下现金认购的投资人，认购以基金份额申请，认购费用、 认购金额、利息折算的份额等的计算公式为： 认购费用＝认购价格×认购份额×认购费率 （若适用固定费用的，认购费用=固定费用） 认购金额＝认购价格×认购份额×（1＋认购费率） （或若适用固定费用的，认购金额=认购价格×认购份额+固定费用）"
117,159742,SZ,SZ,2026-06-01,2026-06-01,临时数据/159742/159742_更新招募说明书_20260601.txt,146615,4,证券仅在境内上市的 ETF 产品有所差异。在 目前结算规则下，投资者当日申购的基金份额，清算交收完成后可卖出和赎回，即 T 日申购 的 ETF 份额且日间完成 RTGS（实时逐笔全额结算）交收，T 日可卖出与赎回，而 T 日申购的 ETF 份额且日终完成逐笔全额非担保交收，T+1 日方可卖出和赎回；T 日竞价买入的基金份 额，T 日可以赎回，T 日可以卖出。 7、基金合同生效后，连续 50 个工作日出现基金份额持有人数量不满二百人或者基金资 产净值低于五千万元情形的，本基金将根据基金合同的约定进行基金财产清算并终止，且无 需召开基金份额持有人大会。因此本基金有面临自动清算的风险。 8、本基金为指数基金，投资者投资于本基金面临跟踪误差控制未达约定目标、指数编 制机构停止服务、成份股停牌或退市等潜在风险，详见下文“风险揭示”章节。 博时恒生科技交易型开放式指数证券投资基金(QDII)更新招募说明书 第 5页 共 171页 9、投资有风险，投资者认购（或申购）基金时应仔细阅读本基金的招募说明书、基金 合同及基金产品资料概要等文件，了解本基金的风险收益特征，并根据自身的投资目的、投 资期限、投资经验、资产状况等判断基金是否和投资人的风险承受能力相适应。 10、本基金按照基金份额初始面值 1.00 元发售，在市场波动等因,4,0,何交易日内交易（不包括平仓）的国债期货合约的成交 金额不得超过上一交易日基金资产净值的 30%； 5）本基金所持有的股票市值和买入、卖出股指期货合约价值，合计（轧差计算）应当 符合基金合同关于股票投资比例有关约定；本基金所持有的债券（不含到期日在一年以内的 政府债券）市值和买入、卖出国债期货合约价值，合计（轧差计算）应当符合基金合同关于 债券投资比例的有关约定； （12）本基金投资流通受限证券，基金管理人应制订严格的投资决策流程和风险控制制 度，防范流动性风险、法律风险和操作风险等各种风险； （13）本基金主动投资于流动性受限资产的市值合计不得超过基金资产净值的 15%；因 证券市场波动、上市公司股票停牌、基金规模变动等基金管理人之外的因素致使基金不符合 该比例限制的，基金管理人不得主动新增流动性受限资产的投资； 博时恒生科技交易型开放式指数证券投资基金(QDII)更新招募说明书 第 39页 共 171页 （14）本基金与私募类证券资管产品及中国证监会认定的其他主体为交易对手开展逆回 购交易的，可接受质押品的资质要求应当与基金合同约定的投资范围保持一致； （15）本基金资产总值不得超过基金资产净值的 140%； （16）本基金每个交易日日终在扣除需缴纳的交易保证金后，应当保持不低于交易保证 金一倍的现金；其中现金不包括结算备付金、存出保证金和应收,0,2,"结算成本）， 则基金管理人将退还多收取的差额；如果预先收取的金额低于基金买入证券的实际成本（或 证券实际结算成本），则基金管理人将向投资者收取欠缺的差额。 3）申购替代金额的处理程序 T 日，基金管理人在申购赎回清单中公布现金替代溢价比例，并据此收取申购替代金额。 正常情况下，对于确认成功的 T 日申购申请，T+1 日（指开放日）内（即 T 日及 T+1 日） 基金管理人根据申购规模进行组合证券的代理买入。T+1 日（指开放日）日终，基金管理人 根据所购入的被替代证券的实际单位购入成本（包括买入价格与相关费用,其中通过港股通 买入的交易使用中国证券登记结算有限责任公司代理换汇后的人民币成本）和未买入的被替 代证券的 T+1 日（指开放日）收盘价（折算为人民币，折算汇率包括但不限于中国外汇交易 中心公布的北京时间 16:00 主要货币兑人民币参考汇率、中国人民银行或其授权机构最新公 布的人民币汇率中间价、与基金托管人商定的其他公允价格等；被替代组合证券 T+1 日（指 开放日）无交易的，取最近交易日的收盘价）计算被替代证券的单位结算成本，在此基础上 根据替代证券数量和申购现金替代保证金确定基金应退还投资者或投资者应补交的款项。在 此期间若该部分证券发生除息、送股（转增）、配股等重要权益变动，则进行相应调整。 正常情况下，T+5 日（指开放日）内，基金管理人将应退款和",0,4,II)更新招募说明书 第 72页 共 171页 复牌后按照实际交易成本办理。在此期间若该证券发生除息、送股（转增）、配股等重要权 益变动，则进行相应调整。 4）赎回替代金额的处理程序 正常情况下，对于确认成功的 T 日赎回申请，T+1 日（指开放日）内（即 T 日及 T+1 日） 基金管理人根据赎回规模进行组合证券的代理卖出。T+1 日（指开放日）日终，基金管理人 根据所卖出的被替代证券的实际单位卖出金额（扣除相关费用，其中通过港股通卖出的交易 使用中国证券登记结算有限责任公司代理换汇后的人民币金额）和未卖出的被替代证券的 T+1 日（指开放日）收盘价（折算为人民币，折算汇率包括但不限于中国外汇交易中心公布 的北京时间 16:00 主要货币兑人民币参考汇率、中国人民银行或其授权机构最新公布的人民 币汇率中间价、与基金托管人商定的其他公允价格等；被替代组合证券 T+1 日（指开放日） 无交易的，取最近交易日的收盘价）计算被替代证券的单位结算金额，在此基础上根据替代 证券数量确定赎回替代金额。在此期间若该部分证券发生除息、送股（转增）、配股等重要 权益变动，则进行相应调整。 T+7 日（指开放日）内，基金管理人将应支付的赎回替代金额与相关申购赎回代理券商 办理交收。若发生特殊情况，基金管理人可以对交收日期进行相应调整。 如遇港股通临时停市等特殊情况，组合证券的代理卖出,由于本基金主要投资于香港证券 市场，本基金的申购、赎回流程与标的指数组合证券仅在境内上市的 ETF 产品有所差异。在 目前结算规则下，投资者当日申购的基金份额，清算交收完成后可卖出和赎回，即 T 日申购 的 ETF 份额且日间完成 RTGS（实时逐笔全额结算）交收，T 日可卖出与赎回，而 T 日申购的 ETF 份额且日终完成逐笔全额非担保交收，T+1 日方可卖出和赎回；T 日竞价买入的基金份 额，T 日可以赎回，T 日可以卖出。 7、基金合同生效后，连续 50 个工作日出现基金份额持有人数量不满二百人或者基金资 产净值低于五千万元情形的，本基金将根据基金合同的约定进行基金财产清算并终止，且无 需召开基金份额持有人大会。因此本基金有面临自动清算的风险。 8、本基金为指数基金，投资者投资于本基金面临跟踪误差控制未达约定目标、指数编 制机构停止服务、成份股停牌或退市等潜在风险，详见下文“风险揭示”章节。 博时恒生科技交易型开放式指数证券投资基金(QDII)更新招募说明书 第 5页 共 171页 9、投资有风险，投资者认购（或申购）基金时应仔细阅读本基金的招募说明书、基金 合同及基金产品资料概要等文件，了解本基金的风险收益特征，并根据自身的投资目的、投 资期限、投资经验、资产状况等判断基金是否和投资人的风险承受能力相适应。 10、本基金按照基金份额初始面值
118,513070,SH,SH,2026-06-26,2026-06-26,临时数据/513070/513070_更新招募说明书_20260626.txt,109562,2,产品资料概要 。 5、根据本基金现行适用的清算交收和申赎处理规则，投资者当日申购的基金份额，清 算交收完成后方可卖出和赎回，即 T 日申购的基金份额且日间完成 RTGS（实时逐笔全额结 算） 交收的，T 日可卖出和赎回， 而T 日申购的基金份额且日终完成逐笔全额非担保交收的， T+1 日方可卖出和赎回；T 日买入的基金份额，T 日可以赎回或卖出。 投资者投资于本基金前请认真阅读证券交易所和登记结算机构关于 ETF 的相关业务规 则及其不时的更新， 确保具备相关专业知识、 清楚了解相关规则流程后方可参与本基金的申 购、 赎回及交易。 投资者一旦申购或赎回本基金， 即表示对基金申购和赎回所涉及的登记方 式以及申购赎回所 涉及现金替代、现金差额等相关的交收方式及业务规则已经认可。 6、基金的过往业绩并不预示其未来表现，基金管理人管理的其他基金的业绩并不构成 对本基金表现的保证。 本基金有关财务数据截止日为 2026 年 3 月 31 日，净值表现截止日为 2026 年 3 月 31 日，主要人员情况截止日为 2026 年 6 月 25 日，除非另有说明，本招募说明书其他所载内 容截止日为 2026 年5 月16 日。（本报告中财务数据未经审计） I 目 录 一、绪 言.........................,4,4,T 日开盘参考价并按照 T-1 日估值汇率换算或基金管理人认为合理 的其他方法。 （4） 在系统支持的情况下， 对于T 日的申购赎回申请， 基金管理人有权进行轧差处理， 针对净申购， 购入净申购份额对应的组合证券中被替代的成份证券， 针对净赎回， 卖出净赎 回份额对应的组合证券中被替代的成份证券， 基金管理人有权购入或者卖出不等于轧差处理 后的上述被替代的成份证券的任意数量。 （5）基金管理人可根据运作情况调整代理申赎投资者买券卖券的相关规则并按规定公 告。 （6）未来如相关证券的交易、结算规则发生改变，或上海证券交易所、登记结算机构 有关申购赎回交易结算规则发生改变， 或基金管理人与基金托管人之间的结算相关安排发生 改变等，基金管理人可对上述相关现金替代处理规则进行调整，并按规定公告。 4、预估现金部分相关内容 预估现金部分是指为便于计算基金份额参考净值及申购赎回代理券商预先冻 结申请申 购、赎回的投资者的相应资金，由基金管理人计算的现金数额。T 日申购赎回清单中公告 T 日预估现金部分。其计算公式为： T 日预估现金部分＝T-1 日最小申购、赎回单位的基金资产净值－（申购赎回清单中必 须现金替代成份证券的替代金额＋申购赎回清单中可以现金替代成份证券的数量、 该证券调 整后 T 日开盘参考价以及 T-1 日估值汇率的相乘之和） 其中，该证券调,2,0,溢价比率， 并据此收取申购现金 替代保证金。 基金管理人在 T 日内购入组合证券中被替代的成份证券。基金管理人有权在 T 日内任 意时刻， 以收到的申购替代金额代投资者购入组合证券中被替代的成份证券的任意数量。 正 常情况下， 对于确认成功的T 日申购申请， 基金管理人根据T 日所购入的被替代证券的实际 单位购入成本 （包括买入价格与相关费用， 折算为人民币） 和未购入的被替代证券T 日收盘 价 （折算为人民币， 被替代证券当日在证券交易所无交易的， 取最近交易日的收盘价； 交易 日无收盘价的， 取最后成交价） 计算被替代证券的单位结算成本， 在此基础上根据替代证券 数量和申购现金替代保证金确定基金应退还投资者或投资者应补交的款项。T 日后的三个港 股通交易日内，基金管理人将成份证券的应退款或补款与相关申购赎回代理券商办理交收， 38 当交收期间出现港股通交易日为非港股通交收日时，款项交收日期顺延。若发生特殊情况， 基金管理人可以对交收日期进行相应调整。 如遇港股通临时停市、 港股通交易当日额度使用完毕而暂停或停止接受买入申报等特殊 情况， 基金管理人可考虑根据实际情况将成份证券的代理买入及结算价格顺延至下一港股通 交易日直至交易正常。 如遇成份证券长期停牌、 流动性不足等可能导致收盘价或最后成交价 不公允的特殊情况， 可参照证券的估值价格， 对结算价格,2,1,补款的清算交收可按照其复牌后实际交易成本或者 基金管理人认为合理的价格办理。在此期间若该证券发生除息、送股（转增）、配股等重要 权益变动，则进行相应调整。 4）赎回替代金额的处理程序 基金管理人在 T 日内卖出组合证券中被替代的成份证券。基金管理人有权在 T 日内任 意时刻代投资者卖出组合证券中被替代的成份证券的任意数量。 正常情况下， 对于确认成功 的 T 日赎回申请， 基金管理人根据T 日所卖出的被替代证券的实际单位卖出金额 （扣除相关 费用， 折算为人民币） 和未卖出的被替代证券T 日收盘价 （折算为人民币， 被替代证券当日 在证券交易所无交易的， 取最近交易日的收盘价； 交易日无收盘价的， 取最后成交价） 计算 被替代证券的单位结算金额，在此基础上根据替代证券数量确定赎回替代金额。T 日后的第 三个港股通交易日后的一个工作日内， 基金管理人将应支付的成份证券赎回替代金额与相关 申购赎回代理券商办理交收， 当交收期间出现港股通交易日为非港股通交收日时， 款项交收 日期顺延。若发生特殊情况，基金管理人可以对交收日期进行相应调整。 如遇港股通临时停市等特殊情况， 成份证券的代理卖出及结算价格可依次顺延至下一港 股通交易日直至交易正常。 如遇成份证券长期停牌、 流动性不足等可能导致收盘价或最后成 交价不公允的特殊情况， 可参照证券的估值价格， 对结算价格进行调整，,益， 也有可能损失本 金。投资有风险，投资人在进行投资决策前，请仔细阅读本基金的《招募说明书》 《基金合 同》 及基金产品资料概要 。 5、根据本基金现行适用的清算交收和申赎处理规则，投资者当日申购的基金份额，清 算交收完成后方可卖出和赎回，即 T 日申购的基金份额且日间完成 RTGS（实时逐笔全额结 算） 交收的，T 日可卖出和赎回， 而T 日申购的基金份额且日终完成逐笔全额非担保交收的， T+1 日方可卖出和赎回；T 日买入的基金份额，T 日可以赎回或卖出。 投资者投资于本基金前请认真阅读证券交易所和登记结算机构关于 ETF 的相关业务规 则及其不时的更新， 确保具备相关专业知识、 清楚了解相关规则流程后方可参与本基金的申 购、 赎回及交易。 投资者一旦申购或赎回本基金， 即表示对基金申购和赎回所涉及的登记方 式以及申购赎回所 涉及现金替代、现金差额等相关的交收方式及业务规则已经认可。 6、基金的过往业绩并不预示其未来表现，基金管理人管理的其他基金的业绩并不构成 对本基金表现的保证。 本基金有关财务数据截止日为 2026 年 3 月 31 日，净值表现截止日为 2026 年 3 月 31 日，主要人员情况截止日为 2026 年 6 月 25 日，除非另有说明，本招募说明书其他所载内 容截止日为 2026 年5 月16 日。（本报告中财务数据未经审
119,513180,SH,SH,2026-07-20,2026-07-20,临时数据/513180/513180_更新招募说明书_20260720.txt,128559,2,本基金申购赎回过程中涉及的基金份额、 现金替代、 现金差额及其他对价的清算交收适 用相关业务规则和参与各方相关协议及其不时修订的有关规定。 本基金申购业务采用实时逐笔全额结算（Real Time Gross Settlement，以下简称 RTGS） 模式； 赎回业务涉及的现金替代可采用代收代付处理； 申购、 赎回业务涉及的现金差额和现 金替代退补款可采用代收代付处理。 1）申购的清算交收 投资者 T 日现金申购后，如交易记录已勾单且申购资金足额的，登记结算机构在 T 日 日间实时办理基金份额及现金替代的交收；T 日日间未进行勾单确认或日间资金不足的， 登 记结算机构在 T 日日终根据资金是否足额办理基金份额及现金替代的清算交收，并将结果 发送给基金管理人、申购赎回代理券商和基金托管人。基金管理人在 T+2 日内办理现金差 额的清算，在 T+3 日内办理现金差额的交收。 2）赎回的清算交收 投资者 T 日赎回申请受理后，登记结算机构在 T 日收市后为投资者办理基金份额的清 算交收。基金管理人在 T+2 日内办理现金差额的清算，在 T+3 日内通过登记结算机构的代 收代付平台办理现金差额的交收。正常情况下，赎回替代款项的清算交收于 T+7 日（指开 放日） 内办理。 但如果出现基金投资市场交易清算规则发生较大变化、,1,1,不卖出部分被替代证券，或者不进行任何买入或卖出证券的操作，基 金管理人可能不买入或不卖出被替代证券的情形包括但不限于市场流动性不足、技术系统 无法实现、申购赎回轧差以及基金管理人认为不应买入或卖出的其他情形。 14、基金收益分配后基金份额净值低于面值的风险 本基金收益分配原则为使收益分配后基金累计报酬率尽可能贴近标的指数同期累计报 酬率。基于本基金的性质和特点，本基金收益分配不以弥补亏损为前提，收益分配后可能 存在基金份额净值低于面值的风险。 15、第三方机构服务的风险 华夏恒生科技交易型开放式指数证券投资基金（QDII）招募说明书（更新） 17 基金的多项服务委托第三方机构办理，存在以下风险： （1） 申购赎回代理券商因多种原因， 导致代理申购、 赎回业务受到限制、 暂停或终止， 由此影响对投资者申购赎回服务的风险。 （2）登记机构可能调整结算制度，如实施货银对付制度，对投资者基金份额、组合证 券及资金的结算方式发生变化，制度调整可能给投资者带来理解偏差的风险。同样的风险 还可能来自于证券交易所及其他代理机构。 （3）证券交易所、登记机构、基金托管人、申购赎回代理券商及其他代理机构可能违 约，导致基金或投资者利益受损的风险。 （三）声明 1、本基金未经任何一级政府、机构及部门担保。投资者自愿投资于本基金，须自行承 担投资风险。 2、除基金管理人,0,3,照新的最小申购、赎回单位全部赎回，而只能在二 级市场卖出全部或部分基金份额。 13、申购赎回的代理买卖风险 基金管理人可在招募说明书规定的时间内以收到的替代金额代投资者买入或卖出小于 等于被替代证券数量的任意数量的被替代证券，实际买入被替代证券的价格可能处于规定 时间内较高的位置或处于最高价格，实际卖出被替代证券的价格可能处于规定时间内较低 的位置或处于最低价格，基金管理人对此不承担责任。基金管理人有权根据基金投资的需 要自主决定不买入或不卖出部分被替代证券，或者不进行任何买入或卖出证券的操作，基 金管理人可能不买入或不卖出被替代证券的情形包括但不限于市场流动性不足、技术系统 无法实现、申购赎回轧差以及基金管理人认为不应买入或卖出的其他情形。 14、基金收益分配后基金份额净值低于面值的风险 本基金收益分配原则为使收益分配后基金累计报酬率尽可能贴近标的指数同期累计报 酬率。基于本基金的性质和特点，本基金收益分配不以弥补亏损为前提，收益分配后可能 存在基金份额净值低于面值的风险。 15、第三方机构服务的风险 华夏恒生科技交易型开放式指数证券投资基金（QDII）招募说明书（更新） 17 基金的多项服务委托第三方机构办理，存在以下风险： （1） 申购赎回代理券商因多种原因， 导致代理申购、 赎回业务受到限制、 暂停或终止， 由此影响对投资者申购赎回服务的风险。,0,3,照新的最小申购、赎回单位全部赎回，而只能在二 级市场卖出全部或部分基金份额。 13、申购赎回的代理买卖风险 基金管理人可在招募说明书规定的时间内以收到的替代金额代投资者买入或卖出小于 等于被替代证券数量的任意数量的被替代证券，实际买入被替代证券的价格可能处于规定 时间内较高的位置或处于最高价格，实际卖出被替代证券的价格可能处于规定时间内较低 的位置或处于最低价格，基金管理人对此不承担责任。基金管理人有权根据基金投资的需 要自主决定不买入或不卖出部分被替代证券，或者不进行任何买入或卖出证券的操作，基 金管理人可能不买入或不卖出被替代证券的情形包括但不限于市场流动性不足、技术系统 无法实现、申购赎回轧差以及基金管理人认为不应买入或卖出的其他情形。 14、基金收益分配后基金份额净值低于面值的风险 本基金收益分配原则为使收益分配后基金累计报酬率尽可能贴近标的指数同期累计报 酬率。基于本基金的性质和特点，本基金收益分配不以弥补亏损为前提，收益分配后可能 存在基金份额净值低于面值的风险。 15、第三方机构服务的风险 华夏恒生科技交易型开放式指数证券投资基金（QDII）招募说明书（更新） 17 基金的多项服务委托第三方机构办理，存在以下风险： （1） 申购赎回代理券商因多种原因， 导致代理申购、 赎回业务受到限制、 暂停或终止， 由此影响对投资者申购赎回服务的风险。 （2）,金和股票在T+2日才进行交收）的交收安 排，本基金在T日（港股通交易日）卖出股票，T+2日（港股通交易日，即为卖出当日之后 第二个港股通交易日） 在香港市场完成清算交收， 卖出的资金在T+3日才能回到人民币资金 账户。因此交收制度的不同以及港股通交易日的设定原因，本基金可能面临卖出港股后资 金不能及时到账，造成支付赎回款日期比正常情况延后的风险。 （5）港股通标的权益分派、转换等处理规则带来的风险 根据现行的港股通规则，本基金因所持港股通股票权益分派、转换、上市公司被收购 等情形或者其他异常情况，所取得的港股通股票以外的香港联交所上市证券，只能通过港 股通卖出，但不得买入；因港股通股票权益分派或者转换等情形取得的香港联交所上市 股 票的认购权利在联交所上市的，可以通过港股通卖出，但不得行权；因港股通股票权益分 派、转换或者上市公司被收购等所取得的非联交所上市证券，可以享有相关权益，但不得 通过港股通买入或卖出。 本基金存在因上述规则，利益得不到最大化甚至受损的风险。 （6）香港联合交易所停牌、退市等制度性差异带来的风险 香港联交所规定，在交易所认为所要求的停牌合理而且必要时，上市公司方可采取停 牌措施。 此外， 不同于内地A股市场的停牌制度， 联交所对停牌的具体时长并没有量化规定， 只是确定了 “尽量缩短停牌时间” 的原则； 同时与A股市场对存在退市
120,513170,SH,SH,2026-02-05,2026-02-05,临时数据/513170/513170_更新招募说明书_20260205.txt,105998,4,损的风 险，以及与存托凭证发行机制相关的风险。 在目前结算规则下，投资者当日申购的基金份额，清算交收完成后方可卖出和赎回， 即 T 日申购的基金份额且日间完成 RTGS（实时逐笔全额结算）交收的，T 日可卖出和赎 回，而 T 日申购的基金份额且日终完成逐笔全额非担保交收的，T+1 日方可卖出和赎回。 当日买入的基金份额，同日可以赎回或卖出。由于登记机构对现金替代采取非净额结算交 收模式，当投资者赎回申请被登记机构确认后，被赎回的基金份额即被记减，但此时投资 者尚未收到赎回现金替代款。 基金的过往业绩并不预示其未来表现，基金管理人管理的其他基金的业绩并不构成对 本基金表现的保证。 基金管理人依照恪尽职守、诚实信用、谨慎勤勉的原则管理和运用基金财产，但不保 证基金一定盈利，也不保证最低收益。基金管理人提醒投资人基金投资的“买者自负”原 则，在投资人作出投资决策后，基金运营状况与基金净值变化引致的投资风险，由投资人 自行承担。投资有风险，投资人在投资本基金前应认真阅读本基金的招募说明书、基金合 同和基金产品资料概要。 各方当事人同意，因《基金合同》而产生的或与《基金合同》有关的一切争议，如经 友好协商未能解决的，任何一方均有权将争议提交中国国际经济贸易仲裁委员会，按照中 国国际经济贸易仲裁委员会届时有效的仲裁规则进行,4,4,到市场变化、部分成份股 停牌或流动性不足等因素影响，导致投资者收到的赎回对价可能延期交收或赎回对价的金 额出现较大波动的风险。 目前可以现金替代证券采取 T 日轧差补券而非实时补券模式，且未来基金管理人可能 会根据运作情况调整补券模式。 T 日轧差补券模式下，现金替代退补款的计算以实际成交 价格和基金招募说明书的约定为准，由此可能影响投资者的投资损益。 （15）本基金为境内募集和上市交易、投资于境内外证券市场、跟踪特定指数的交易 型开放式指数基金，涉及到境内、境外的证券市场，境外证券交易所、期货交易所、证券 与期货登记机构的交易规则、业务规则和市场惯例与境内有较大差异，相关市场参与主体 涉及跨境业务的处理能力、经验、系统等有待验证，从而导致本基金的运作可能受到影响 而带来风险。 2、港股投资风险 本基金可通过港股通投资于港股，也可通过合格境内机构投资者（QDII）境外投资额 度投资于港股，会面临因投资环境、投资标的、市场制度以及交易规则等差异带来的特有 风险，包括港股市场股价波动较大的风险（港股市场实行 T+0 回转交易，且对个股不设涨 跌幅限制，港股股价可能表现出比 A 股更为剧烈的股价波动）、汇率风险（汇率波动可能 对基金的投资收益造成损失）、港股通机制下交易日不连贯可能带来的风险（在内地开市 香港休市的情形下，港股通不能正常交易，港股不能及,1,0,际结算成本，则基金管理人将退还多收取的差额；如果预先收取 的申购现金替代保证金低于基金购入该部分证券的实际结算成本，则基金管理人将向投资 者收取欠缺的差额。 ③申购替代金额的处理程序 T 日，基金管理人根据申购赎回清单收取申购现金替代保证金。 对于确认成功的 T 日申购申请，在 T 日内，基金管理人以收到的申购现金替代保证金 代投资者买入被替代证券。基金管理人有权以收到的申购现金替代保证金代投资者买入小 于等于被替代证券数量的任意数量的被替代证券。基金管理人有权根据基金投资的需要自 主决定不买入部分被替代证券，或者不进行任何买入证券的操作。在 T 日日终，基金管理 人已买入的证券，依据申购现金替代保证金与被替代证券的实际买入成本（包括买入价格 与相关交易费用，按汇率公允价折算为人民币）的差额，确定基金应退还投资者或投资者 应补交的款项；未买入的证券，依据申购现金替代保证金与被替代证券 T 日收盘价（按汇 率公允价折算为人民币，当日在证券交易所无交易的，取最近交易日的收盘价，当日无收 盘价的，取最后成交价）的差额，确定基金应退还投资者或投资者应补交的款项。 正常情况下，T+3 日内，基金管理人将应退款和补款的明细及汇总数据发送给登记机 构，登记机构办理现金替代多退少补资金的清算，并将结果发送给相关申购赎回代理券商 和基金托管人。 49 如遇证券长期停牌、流动性不足等,1,1,中 心正式对外发文后公布的人民币兑主要外汇当日收盘价）等。 ④赎回对应的替代金额的处理程序 对于确认成功的 T 日赎回申请，在 T 日内，基金管理人根据赎回申请代投资者卖出被 替代证券。基金管理人有权代投资者卖出小于等于被替代证券数量的任意数量的被替代证 券。基金管理人有权根据基金投资的需要自主决定不卖出部分被替代证券，或者不进行任 何卖出证券的操作。在 T 日日终，基金管理人已卖出的证券，按照被替代证券的实际卖出 金额（扣除相关费用，按汇率公允价折算为人民币）确定基金应支付的替代金额；未卖出 的证券，按照被替代证券 T 日收盘价（按汇率公允价折算为人民币，当日在证券交易所无 交易的，取最近交易日的收盘价，当日无收盘价的，取最后成交价）确定基金应支付给投 资者的替代金额。 正常情况下，T 日后的第 7 个上海证券交易所与香港交易所的共同交易日内，基金管 理人将应支付的替代金额的明细及汇总数据发送给登记机构，登记机构办理现金替代资金 的清算，并将结果发送给相关申购赎回代理券商和基金托管人。如遇证券长期停牌、流动 性不足等特殊情况，可参照证券的估值价格，对结算价格进行调整，如果基金管理人认为 该证券复牌后的价格可能存在较大波动，且可能对基金资产净值产生较大影响，为了更好 的维护持有人利益，该证券对应的现金替代款的清算交收可在其复牌后按照实际交易成本 办理。,，若本基金投资存托凭证的，还将面临存托凭证价格大幅波动甚至出现较大亏损的风 险，以及与存托凭证发行机制相关的风险。 在目前结算规则下，投资者当日申购的基金份额，清算交收完成后方可卖出和赎回， 即 T 日申购的基金份额且日间完成 RTGS（实时逐笔全额结算）交收的，T 日可卖出和赎 回，而 T 日申购的基金份额且日终完成逐笔全额非担保交收的，T+1 日方可卖出和赎回。 当日买入的基金份额，同日可以赎回或卖出。由于登记机构对现金替代采取非净额结算交 收模式，当投资者赎回申请被登记机构确认后，被赎回的基金份额即被记减，但此时投资 者尚未收到赎回现金替代款。 基金的过往业绩并不预示其未来表现，基金管理人管理的其他基金的业绩并不构成对 本基金表现的保证。 基金管理人依照恪尽职守、诚实信用、谨慎勤勉的原则管理和运用基金财产，但不保 证基金一定盈利，也不保证最低收益。基金管理人提醒投资人基金投资的“买者自负”原 则，在投资人作出投资决策后，基金运营状况与基金净值变化引致的投资风险，由投资人 自行承担。投资有风险，投资人在投资本基金前应认真阅读本基金的招募说明书、基金合 同和基金产品资料概要。 各方当事人同意，因《基金合同》而产生的或与《基金合同》有关的一切争议，如经 友好协商未能解决的，任何一方均有权将争议提交中国国际经济贸易仲裁委员会，按照中 国国际经济贸易仲裁
121,159245,SZ,SZ,2026-08-28,2026-08-28,临时数据/159245/159245_更新招募说明书_20260828.txt,124706,6,持 有人大会审议。 根据本基金现行适用的清算交收和申赎处理规则， 投资者当日申购的基金份 额，清算交收完成后方可卖出和赎回，即 T 日申购的基金份额且日间完成 RTGS （实时逐笔全额结算）交收的，T 日可卖出和赎回，而T 日申购的基金份额且日 终完成逐笔全额非担保交收的，T+1 日方可卖出和赎回；T 日竞价买入的基金份 额，T 日可以卖出或赎回；T 日大宗买入的基金份额，T 日可以大宗卖出，T+1 日 可以竞价卖出或赎回。 投资有风险， 投资者认购 （或申购） 基金时应认真阅读本招募说明书、 基金 合同、 基金产品资料概要等信息披露文件， 自主判断基金的投资价值， 自主做出 投资决策，自行承担投资风险。基金管理人提醒投资者基金投资的“买者自负” 原则， 在投资者作出投资决策后， 基金运营状况与基金净值变化引致的投资风险， 由投资者自行负责。 未来若出现标的指数不符合要求 （因成份股价格波动等指数编制方法变动之 外的因素致使标的指数不符合要求的情形除外） 、指数编制机构退出等情形，基 金管理人召集基金份额持有人大会对解决方案进行表决， 基金份额持有人大会未 招募说明书（更新） 3 成功召开或就上述事项表决未通过的， 基金合同终止。 因而， 本基金存在着无法 存续的风险。 因基金合同而产生的或与基金合同有关的一切,0,1,,2,0,际结算成本， 则基金管理人将退还多收取的差额； 如果预先收取的申购替代金额低于基金购入 该部分组合证券的实际结算成本，则基金管理人将向投资人收取欠缺的差额。 ③申购替代金额的处理程序 对于确认成功的 T 日申购申请，T 日内基金管理人根据申购规模进行组合证 券的代理买入。 基金管理人有权根据基金投资的需要自主决定不买入部分被替代 证券，或者不进行任何买入证券的操作。T 日日终，基金管理人根据所购入的被 替代组合证券的实际单位购入成本、 实际购入的相关费用 （实际购入金额根据港 股通相关业务规则按当天的港股通卖出结算汇兑比率折算为人民币） 、未购入的 被替代组合证券的 T 日收盘价 （折算为人民币， 折算汇率采用基金管理人和基金 托管人商定的汇率公允价， 包括中国外汇交易中心公布的北京时间16:00 参考汇 率、 港股通买入结算汇兑比率和卖出结算汇兑比率的算术平均值、 中国人民银行 或其授权机构公布的人民币汇率中间价、与基金托管人商定的其他公允价格等； 被替代组合证券 T 日无交易的， 取最近交易日的收盘价； 交易日无收盘价的， 取 最后收盘价） 计算并确定被替代组合证券的单位结算成本， 在此基础上根据替代 组合证券数量和申购现金替代保证金确定基金应退还投资人的款项或投资人应 补交的款项。若发生特殊情况， 包括如遇港股通结算异常等， 基金管理人可以对 折算汇率和结算,2,4,该证券对应的现金替代款的清算交收可在其复牌后按照实际交 易成本办理。 在此期间若该证券发生除息、 送股 （转增） 、 配股等重要权益变动， 则进行相应调整。 ④赎回替代金额的处理程序 对于确认成功的 T 日赎回申请，T 日内基金管理人根据赎回规模进行组合证 券的代理卖出。 基金管理人有权根据基金投资的需要自主决定不卖出部分被替代 证券， 或者不进行任何卖出证券的操作。T 日内基金管理人根据所卖出的被替代 组合证券的实际单位卖出金额、 实际卖出的相关费用（实际卖出金额根据港股通 相关业务规则按当天的港股通买入结算汇兑比率折算为人民币）、未卖出的被替 代组合证券的 T 日收盘价 （折算为人民币， 折算汇率采用基金管理人和基金托管 人商定的汇率公允价，包括中国外汇交易中心公布的北京时间 16:00 参考汇率、 港股通买入结算汇兑比率和卖出结算汇兑比率的算术平均值、 中国人民银行或其 授权机构公布的人民币汇率中间价、 与基金托管人商定的其他公允价格等； 被替 代组合证券 T 日无交易的， 取最近交易日的收盘价； 交易日无收盘价的， 取最后 收盘价） 计算并确定被替代组合证券的单位结算金额， 在此基础上根据替代组合 证券数量确定赎回替代金额。若发生特殊情况， 包括如遇港股通结算异常等， 基 金管理人可以对折算汇率和结算金额进行相应调整。T 日后的第 4 个港股通交收 日后的,， 或开通场外申购、 赎回相关业务， 相应的业 务规则、 申购赎回原则等相关事项届时将另行约定并公告， 无需召开基金份额持 有人大会审议。 根据本基金现行适用的清算交收和申赎处理规则， 投资者当日申购的基金份 额，清算交收完成后方可卖出和赎回，即 T 日申购的基金份额且日间完成 RTGS （实时逐笔全额结算）交收的，T 日可卖出和赎回，而T 日申购的基金份额且日 终完成逐笔全额非担保交收的，T+1 日方可卖出和赎回；T 日竞价买入的基金份 额，T 日可以卖出或赎回；T 日大宗买入的基金份额，T 日可以大宗卖出，T+1 日 可以竞价卖出或赎回。 投资有风险， 投资者认购 （或申购） 基金时应认真阅读本招募说明书、 基金 合同、 基金产品资料概要等信息披露文件， 自主判断基金的投资价值， 自主做出 投资决策，自行承担投资风险。基金管理人提醒投资者基金投资的“买者自负” 原则， 在投资者作出投资决策后， 基金运营状况与基金净值变化引致的投资风险， 由投资者自行负责。 未来若出现标的指数不符合要求 （因成份股价格波动等指数编制方法变动之 外的因素致使标的指数不符合要求的情形除外） 、指数编制机构退出等情形，基 金管理人召集基金份额持有人大会对解决方案进行表决， 基金份额持有人大会未 招募说明书（更新） 3 成功召开或就上述事项表决未通过的， 基金合同终止。
122,159101,SZ,SZ,2026-06-30,2026-06-30,临时数据/159101/159101_更新招募说明书_20260630.txt,117878,2,基金份额、现金替代、现金差额及其他对价的清算交收适 用中国证券登记结算有限责任公司及相关证券交易所最新的规则和参与各方相关协议的有 关规定。 本基金申购业务采用实时逐笔全额结算（Real Time Gross Settlement，以下简称 RTGS） 模式；赎回业务涉及的现金替代可采用代收代付处理；申购、赎回业务涉及的现金差额和现 金替代退补款可采用代收代付处理。 （1）申购的清算交收 投资者 T 日现金申购后，如交易记录已勾单且申购资金足额的，登记机构在 T 日日间 实时办理基金份额及现金替代的交收；T 日日间未进行勾单确认或日间资金不足的，登记机 构在 T 日日终根据资金决定是否足额办理基金份额及现金替代的清算交收，并将结果发送 给基金管理人、申购赎回代理机构和基金托管人。基金管理人在 T+2 日内办理现金差额的 交收。 （2）赎回的清算交收 投资者 T 日赎回申请受理后，登记机构在 T 日收市后为投资者办理基金份额的清算交 收。基金管理人在 T+2 日内通过登记机构的代收代付平台办理现金差额的交收。 正常情况下，基金管理人不迟于 T+7 日（指开放日）办理赎回替代款项的交付。但如 华夏国证港股通科技交易型开放式指数证券投资基金招募说明书（更新） 45 果出现基金投资市场交易清算规则发生较大变化、基金赎回数额,1,0,不卖出部分被替代证券，或者不进行任何买入或卖出证券的操作，基 金管理人可能不买入或不卖出被替代证券的情形包括但不限于市场流动性不足、技术系统 无法实现、申购赎回轧差以及基金管理人认为不应买入或卖出的其他情形。 14、基金收益分配后基金份额净值低于面值的风险 基于本基金的性质和特点，本基金收益分配不以弥补亏损为前提，收益分配后可能存 在基金份额净值低于面值的风险。 15、第三方机构服务的风险 基金的多项服务委托第三方机构办理，存在以下风险： （1）申购赎回代理机构因多种原因，导致代理申购、赎回业务受到限制、暂停或终止， 由此影响对投资者申购赎回服务的风险。 （2）登记机构可能调整结算制度，如实施货银对付制度，对投资者基金份额、组合证 券及资金的结算方式发生变化，制度调整可能给投资者带来理解偏差的风险。同样的风险 还可能来自于证券交易所及其他代理机构。 （3）证券交易所、登记机构、基金托管人、申购赎回代理机构及其他代理机构可能违 约，导致基金或投资者利益受损的风险。 （三）声明 1、本基金未经任何一级政府、机构及部门担保。投资者自愿投资于本基金，须自行承 担投资风险。 2、除基金管理人直接办理本基金的销售外，本基金或还通过销售机构销售，但是，本 基金并不是销售机构的存款或负债，也没有经销售机构担保或者背书，销售机构并不能保 证其收益或本金安全。 3、,0,0,际结算成本）， 则基金管理人将退还多收取的差额；如果预先收取的金额低于基金买入证券的实际成本（或 证券实际结算成本），则基金管理人将向投资者收取欠缺的差额。 ②申购替代金额的处理程序 对于确认成功的 T 日申购申请，T 日内基金管理人根据申购规模进行组合证券的代理买 入。T 日日终，基金管理人根据所购入的被替代证券的实际单位购入成本（包括买入价格与 相关费用）和未买入的被替代证券的 T 日收盘价（折算为人民币，折算汇率采用当天的估 值汇率；T 日在证券交易所无交易的，取最近交易日的收盘价；交易日无收盘价的，取最后 成交价）计算被替代证券的单位结算成本，在此基础上根据替代证券数量和申购现金替代金 额确定基金应退还投资者或投资者应补交的款项。正常情况下，T 日后的第 2 个港股通交易 日后的 2 个工作日内，基金管理人将应退款或补款与相关申购赎回代理机构办理交收。若发 生特殊情况，基金管理人可以对交收日期进行相应调整。 如遇港股通临时停市、港股通交易每日额度或总额度不足等特殊情况，组合证券的代 理买入及结算价格可依次顺延至下一港股通交易日直至交易正常。如遇证券长期停牌、流动 性不足等可能导致收盘价或最后成交价不公允的特殊情况，可参照证券的估值价格，对结算 价格进行调整，如果基金管理人认为该证券复牌后的价格可能存在较大波动，且可能对基金 资产净值产生较大影响，为了更好的,1,0,有人利益，该证券对应的现金替代款的清算交收 可在其复牌后按照实际交易成本办理。在此期间若该证券发生除息、送股（转增）、配股等 重要权益变动，则进行相应调整。 ③赎回替代金额的处理程序 对于确认成功的 T 日赎回申请，T 日内，基金管理人根据赎回规模进行组合证券的代理 卖出。T 日日终，基金管理人根据所卖出的被替代证券的实际单位卖出金额（扣除相关费用） 华夏国证港股通科技交易型开放式指数证券投资基金招募说明书（更新） 48 和未卖出的被替代证券的 T 日收盘价（折算为人民币，折算汇率采用当天的估值汇率；T 日 在证券交易所无交易的，取最近交易日的收盘价；交易日无收盘价的，取最后成交价）计算 被替代证券的单位结算金额，在此基础上根据替代证券数量确定赎回替代金额。正常情况下， T 日后的第 3 个港股通交易日后的 2 个工作日内，基金管理人将应支付的赎回替代金额与相 关申购赎回代理机构办理交收。若发生特殊情况，基金管理人可以对交收日期进行相应调整。 如遇港股通临时停市等特殊情况，组合证券的代理卖出及结算价格可依次顺延至下一港股通 交易日直至交易正常。如遇证券长期停牌、流动性不足等可能导致收盘价或最后成交价不公 允的特殊情况，可参照证券的估值价格，对结算价格进行调整，如果基金管理人认为该证券 复牌后的价格可能存在较大波动，且可能对基金资产净值产生较大影响，为了更好的维护持,和销售机构提供的评级结果为准。 本基金为交易型开放式指数证券投资基金（ETF），在深圳证券交易所上市。由于本基 金的标的指数组合证券为香港交易所证券，基金份额的清算交收与境内普通 ETF 存在一定 差异。通常情况下，T 日申购的基金份额在交收完成后可以卖出或赎回。投资者认购本基金 华夏国证港股通科技交易型开放式指数证券投资基金招募说明书（更新） 2 时需具有深圳证券账户，但需注意，使用基金账户只能参与本基金的现金认购和二级市场交 易，如投资者需要参与基金的申购、赎回，则应使用 A 股账户。本基金以人民币募集和计 价，本基金可投资于香港市场以港币计价的金融工具，人民币对港币的汇率的波动可能加大 基金净值的波动，从而对基金业绩产生一定影响。 本基金可投资存托凭证，基金净值可能受到存托凭证的境外基础证券价格波动影响， 存托凭证的境外基础证券的相关风险可能直接或间接成为本基金的风险。 本基金可投资于股票期权、股指期货、国债期货等金融衍生品，可能面临的风险包括 市场风险、流动性风险、基差风险、保证金风险、信用风险、操作风险等。本基金可投资 于资产支持证券，可能面临的风险包括信用风险、利率风险、流动性风险、提前偿付风险、 操作风险和法律风险等。本基金可参与转融通证券出借业务，面临的风险包括但不限于流 动性风险、信用风险、市场风险、操作风险等。 投资有风险，投资者
123,159519,SZ,SZ,2025-09-30,2025-09-30,临时数据/159519/159519_更新招募说明书_20250930.txt,130847,0,,2,1,2）本基金在任何交易日日终，持有的卖出股指期货合约价值不得超过基金 持有的股票总市值的 20%； 3）本基金所持有的股票市值和买入、卖出股指期货合约价值，合计（轧差 计算）应当符合基金合同关于股票投资比例的有关约定； 4）本基金在任何交易日内交易（不包括平仓）的股指期货合约的成交金额 不得超过上一交易日基金资产净值的 20%； 5）每个交易日日终在扣除股指期货合约需缴纳的交易保证金后，本基金应 当保持不低于交易保证金一倍的现金； （9）本基金资产总值不超过基金资产净值的 140%； （10）本基金若参与融资，每个交易日日终，本基金持有的融资买入股票与 其他有价证券市值之和，不得超过基金资产净值的 95%； （11）本基金若参与转融通证券出借业务，遵守以下投资限制： 1）出借证券资产不得超过基金资产净值的 30%，出借期限在 10 个交易日以 上的出借证券应纳入《流动性风险管理规定》所述流动性受限证券的范围； 2）参与转融通证券出借业务的单只证券不得超过本基金持有该证券总量的 30%； 3）最近 6 个月内日均基金资产净值不得低于 2 亿元； 4）证券出借的平均剩余期限不得超过 30 天，平均剩余期限按照市值加权平 均计算； 5）因证券市场波动、上市公司合并、基金规模变动等基金管理人之外的因 素致使基金投资不符合上述比例限制的，基金管理人不得新增出,0,0,部分“T+5 日”、“T+7 日”指 T 日后本基金的第 5 个、第 7 个开放日。 ①适用情形：可以现金替代的证券是指基金管理人认为需要在投资者申购或 赎回时代投资者买入或卖出的证券。 ②替代金额： 替代金额＝替代证券数量×该证券 T 日预计开盘价×（1＋现金替代溢价比 例）×T-1 日估值汇率 基金管理人可以调整替代金额计算方法，并予以公告。 收取现金替代溢价的原因是，对于使用现金替代的证券，基金管理人需为投 资人买入组合证券，而实际买入价格加上相关交易费用后与申购时的参考价格可 能有所差异。为便于操作，基金管理人在申购赎回清单中预先确定现金替代溢价 比例，并据此收取替代金额。如果预先收取的金额高于基金买入该部分证券的实 际成本，则基金管理人将退还多收取的差额；如果预先收取的金额低于基金买入 该部分证券的实际成本，则基金管理人将向投资人收取欠缺的差额。 国泰中证香港内地国有企业交易型开放式指数证券投资基金（QDII）更新招募说明书（2025 年第一号） 50 ③替代金额的处理程序如下： 对于确认成功的 T 日申购申请，T 日日终，基金管理人根据所购入的被替代 证券的实际单位购入成本（包括买入价格与相关费用，折算为人民币）和未买入 的被替代证券的 T 日收盘价（折算为人民币，折算汇率采用当天的港股通买入 结算汇兑比率和卖出结算汇兑比率的算术平均值；T,0,0,部分“T+5 日”、“T+7 日”指 T 日后本基金的第 5 个、第 7 个开放日。 ①适用情形：可以现金替代的证券是指基金管理人认为需要在投资者申购或 赎回时代投资者买入或卖出的证券。 ②替代金额： 替代金额＝替代证券数量×该证券 T 日预计开盘价×（1＋现金替代溢价比 例）×T-1 日估值汇率 基金管理人可以调整替代金额计算方法，并予以公告。 收取现金替代溢价的原因是，对于使用现金替代的证券，基金管理人需为投 资人买入组合证券，而实际买入价格加上相关交易费用后与申购时的参考价格可 能有所差异。为便于操作，基金管理人在申购赎回清单中预先确定现金替代溢价 比例，并据此收取替代金额。如果预先收取的金额高于基金买入该部分证券的实 际成本，则基金管理人将退还多收取的差额；如果预先收取的金额低于基金买入 该部分证券的实际成本，则基金管理人将向投资人收取欠缺的差额。 国泰中证香港内地国有企业交易型开放式指数证券投资基金（QDII）更新招募说明书（2025 年第一号） 50 ③替代金额的处理程序如下： 对于确认成功的 T 日申购申请，T 日日终，基金管理人根据所购入的被替代 证券的实际单位购入成本（包括买入价格与相关费用，折算为人民币）和未买入 的被替代证券的 T 日收盘价（折算为人民币，折算汇率采用当天的港股通买入 结算汇兑比率和卖出结算汇兑比率的算术平均值；T 日在证,"投资人在认购本基金时，需按发售代理机构的规定，备足认 购资金，办理认购手续。网上现金认购可多次申报，申报提交后不得撤销，申报 一经确认，认购资金即被冻结。 4、清算交收：投资人提交的认购申请，由登记机构进行有效认购款项的清 算交收。 5、认购金额的计算 认购佣金＝认购价格×认购份额×佣金比率 （或若适用固定费用的，认购佣金=固定费用） 认购金额＝认购价格×认购份额×（1＋佣金比率） （或若适用固定费用的，认购金额＝认购价格×认购份额+固定费用） 认购佣金由发售代理机构向投资人收取，投资人需以现金方式支付认购佣金。 国泰中证香港内地国有企业交易型开放式指数证券投资基金（QDII）更新招募说明书（2025 年第一号） 37 网上现金认购款项在基金募集期间产生的利息将折算为基金份额归基金份 额持有人所有。网上现金认购的利息和具体份额以登记机构的记录为准。利息折 算的基金份额保留至整数位，小数部分舍去，舍去部分计入基金财产。 利息折算的份额＝利息/认购价格 例：某投资人到某发售代理机构认购 10,000 份本基金，假设该发售代理机 构确认的佣金比率为 0.80%，则投资人需支付的认购佣金和需准备的认购金额计 算如下： 认购佣金＝1.00×10,000×0.80%＝80.00 元 认购金额＝1.00×10,000×（1＋0.80%）＝10,080.00 元 即"
124,520620,SH,SH,2026-07-15,2026-07-15,临时数据/520620/520620_更新招募说明书_20260715.txt,113833,2,本基金申购赎回过程中涉及的基金份额、现金替代、现金差额及其他对价的清算交收 适用相关业务规则和参与各方相关协议及其不时修订的有关规定。 对于本基金的申购业务采用实时逐笔全额结算（Real Time Gross Settlement ，以下 简称 RTGS）模式；赎回业务涉及的现金替代采用代收代付处理；申购、赎回业务涉及的现 金差额和现金替代退补款采用代收代付处理。 投资者 T 日现金申购后，如交易记录已勾单且申购资金足额的，登记结算机构在T 日 日间实时办理基金份额及现金替代的交收；T 日日间未进行勾单确认或日间资金不足的， 登记结算机构在 T 日日终根据资金是否足额办理基金份额及现金替代的清算交收；在 T+1 日内办理现金差额的清算，并将结果发送给申购赎回代理券商、基金管理人和基金托管人。 基金管理人与申购赎回代理券商在T+3 日内办理现金差额的交收。 投资者 T 日赎回申请受理后，登记结算机构在 T 日收市后为投资者办理基金份额的清 算交收，在 T+1 日内办理现金差额的清算，并将结果发送给申购赎回代理券商、基金管理 嘉实恒生消费交易型开放式指数证券投资基金更新招募说明书（2026 年 07 月 15 日更新） 46 人和基金托管人。基金管理人与申购赎回代理券商在 T+3 日内办理现金差额的交收。赎回 现金替代,2,1,③本基金在任何交易日日 终，持有的卖出股指期货合约价值不得超过基金持有的股票 总市值的20%； ④本基金所持有的股票市值和买入、卖出股指期货合约价值，合计 （轧差计算） 应当符 合基金合同关于股票投资比例的有关约定； ⑤本基金在任何交易日内交易 （不包括平仓） 的股指期货合约的成交金额不得超过上一 交易日基金资产净值的20%； ⑥每个交易日日终，在扣除股指期货和国债期货合约需缴纳的交易保证金后，本基金 应当保持不低于交易保证金一倍的现金； （10）本基金若参与国债期货交易，应当符合下列投资限制： ①本基金在任何交易日日终，持有的买入国债期货合约价 值，不得超过基金资产净值 的15%； 嘉实恒生消费交易型开放式指数证券投资基金更新招募说明书（2026 年 07 月 15 日更新） 59 ②本基金在任何交易日日终，在扣除股指期货和国债期货合约需缴纳的交易保证金后， 应当保持不低于交易保证金一倍的现金； ③本基金在任何交易日日终，持有的买入股指期货、国债期货合约价值与有价证券市 值之和，不得超过基金资产净值的100%。 其中，有价证券指股票、债券 （不含到期日在一年以内的政府债券） 、资产支持证券、 买入返售金融资产（不含质押式回购）等； ④本基金在任何交易日日终，持有的卖出国债期货合约价值不得超过基金持有的债券 总市值的30%； ⑤本基金所持有的债,0,0,,1,0,利益，该证券对应的现金替代款的清算交收 可在其复牌后按照实际交易成本办理。在此期间若该证券发生除息、送股 （转增） 、配股等 重要权益变动，则进行相应调整。 ④赎回替代金额的处理程序 对于确认成功的T 日赎回申请，T 日内，基金管理人根据赎回规模进行组合证券的代理 卖出。T 日日终，基金管理人根据所卖出的被替代证券的实际单位卖出金额 （扣除相关费用， 按照汇率折算为人民币） 和未卖出的被替代证券的T 日收盘价 （按照汇率折算为人民币；被 替代证券 T 日在证券交易所无交易的，取最近交易日的收盘价；交易日无收盘价的，取最 后成交价） 计算被替代证券的单位结算金额，在此基础上根据替代证券数量确定赎回替代金 额。T+7 日 （指开放日） 内，基金管理人将应支付的赎回替代金额与相关申购赎回代理券商 办理交收，当交收期间出现港股通交易日为非港股通交收日时，款项交收日期可以顺延。 若发生特殊情况，基金管理人可以对交收日期进行相应调整。 嘉实恒生消费交易型开放式指数证券投资基金更新招募说明书（2026 年 07 月 15 日更新） 49 上述汇率是指汇率公允价。汇率公允价包括但不限于中国人民银行或其授权机构最新 公布的人民币汇率中间价、中国外汇交易中心公布的人民币对主要货币参考汇率、与基金 托管人商定的其他公允价格 （如：中国人民银行或国家外汇管理局或中国外汇交易中心正式 对外,"比率） （或若适用固定费用的，认购金额＝认购价格×认购份额＋固定费用） 认购佣金＝认购价格×认购份额×佣金比率 （或若适用固定费用的，认购佣金＝固定费用） 5、清算交收：T 日通过发售代理机构提交的网上现金认购申请，由该发售代理机构冻 结相应的认购资金，登记结算机构进行清算交收，并将有效认购数据发送发售协调人，发 嘉实恒生消费交易型开放式指数证券投资基金更新招募说明书（2026 年 07 月 15 日更新） 39 售协调人于网上现金认购结束后将实际到位的认购资金划往预先开设的基金募集专户。 （九）网下现金认购 1、认购时间：2025 年7 月28 日至2025 年 8 月6 日。 2、认购限额：网下现金认购以基金份额申请。投资者通过发售代理机构办理网下现金 认购的，每笔认购份额须为1,000 份或其整数倍，投资者通过基金管理人办理网下现金认 购的，每笔认购份额须在5 万份以上（含5 万份）。投资者可以多次认购，累计认购份额不 设上限。 3、通过基金管理人进行网下现金认购的投资者，认购申请一经受理不得撤销，投资者 在认购本基金时，需按基金管理人的规定办理相关认购手续，并备足认购资金，认购金额 和利息折算的份额的计算公式为： 认购金额＝认购价格×认购份额×（1＋认购费率） （或若适用固定费用的，认购金额＝认购价格×认购份额＋固定费用） 认购费用＝认购价格"
125,159280,SZ,SZ,2026-08-14,2026-08-14,临时数据/159280/159280_更新招募说明书_20260814.txt,118618,4,成风险承受能力与产品风险之间的匹配 检验。 在目前结算规则下， 投资者当日申购的基金份额， 清算交收完成后方可卖出 和赎回， 即T 日申购的基金份额且日间完成 RTGS（实时逐笔全额结算） 交收的， T 日可卖出和赎回，而 T 日申购的基金份额且日终完成逐笔全额非担保交收的， T+1 日方可卖出和赎回；T 日竞价买入的基金份额，T 日可以卖出或赎回；T 日大 宗买入的基金份额，T 日可以大宗卖出，T+1 日可以竞价卖出或赎回。 投资者投资于本基金前请认真阅读证券交易所和登记机构关于 ETF 的相关 业务规则及其不时的更新， 确保具备相关专业知识、 清楚了解相关规则流程后方 可参与本基金的申购、 赎回及交易。 投资者一旦认购、 申购或赎回本基金， 即表 示对基金认购、 申购和赎回所涉及的基金份额的证券变更登记方式以及申购赎回 所涉及现金替代、现金差额等相关的交收方式已经认可。 投资有风险， 投资者在进行投资决策前， 请仔细阅读本基金的 《招募说明书》 、 汇添富国证港股通互联网交易型开放式指数证券投资基金 更新招募说明书 4 《基金合同》 、 基金产品资料概要等信息披露文件， 并根据自身的投资目的、 投 资期限、投资经验、资产状况等判断基金是否和投资者的风险承受能力相适应， 自主判断基金的投资价值，自主做出投资决,2,1,持有的股票总市值的 20%； 持有的卖出国债期货合约价值不得超过基金持有的债 券总市值的30%； 4）本基金所持有的股票市值和买入、卖出股指期货合约价值，合计（轧差 计算） 应当符合基金合同关于股票投资比例的有关约定； 基金所持有的债券 （不 含到期日在一年以内的政府债券） 市值和买入、 卖出国债期货合约价值， 合计 （轧 差计算）应当符合基金合同关于债券投资比例的有关约定； 汇添富国证港股通互联网交易型开放式指数证券投资基金 更新招募说明书 58 5）本基金在任何交易日内交易（不包括平仓）的股指期货合约的成交金额 不得超过上一交易日基金资产净值的 20%；在任何交易日内交易（不包括平仓） 的国债期货合约的成交金额不得超过上一交易日基金资产净值的 30%； 6）本基金每个交易日日终在扣除国债期货和股指期货合约需缴纳的交易保 证金后，应当保持不低于交易保证金一倍的现金，其中现金不包括结算备付金、 存出保证金、应收申购款等； （9）因未平仓的股票期权合约支付和收取的权利金总额不得超过基金资产 净值的10%；开仓卖出认购股票期权的，应持有足额标的证券；开仓卖出认沽股 票期权的， 应持有合约行权所需的全额现金或交易所规则认可的可冲抵期权保证 金的现金等价物；未平仓的股票期权合约面值不得超过基金资产净值的20%。其 中，合约面值按照行权价乘以合约乘数计算；,2,0,入该部分 证券的实际成本， 则基金管理人将退还多收取的差额； 如果预先收取的金额低于 基金购入该部分证券的实际成本，则基金管理人将向投资者收取欠缺的差额。 3）申购替代金额的处理程序 在 T 日 （指港股通交易日） 内， 基金管理人以收到的替代金额代投资者买入 被替代证券。 基金管理人有权在T 日 （指港股通交易日） 内任意时刻以收到的替 代金额代投资者买入小于等于被替代证券数量的任意数量的被替代证券。 基金管 理人有权根据基金投资的需要自主决定不买入部分被替代证券， 或者不进行任何 买入证券的操作。T 日（指港股通交易日）日终，基金管理人根据所购入的被替 代证券的实际单位购入成本 （包括买入价格与相关费用） 和未买入的被替代证券 的 T 日（指港股通交易日）收盘价（折算为人民币）；T 日（指港股通交易日） 在证券交易所无交易的， 取最近交易日的收盘价； 交易日无收盘价的， 取最后成 交价） 计算被替代证券的单位结算成本， 在此基础上根据替代证券数量和申购替 代金额确定基金应退还投资者或投资者应补交的款项。T 日（指港股通交易日） 后的第 3 个港股通交易日后的 2 个工作日内， 基金管理人将应退款或补款与相关 申购赎回代理券商办理交收。在此期间若该证券发生除息、送股（转增）、配股 等重要权益变动，则进行相应调整。 当出现半日港股通交易日、临时停市或港股通每日额度,2,4,利益， 该证券对应的现金替代款的清算交收可在其复牌 后按照实际交易成本办理。在此期间若该证券发生除息、送股（转增）、配股等 重要权益变动，则进行相应调整。 4）赎回替代金额的处理程序 在 T 日 （指港股通交易日） 内， 基金管理人根据赎回申请代投资者卖出被替 代证券。 基金管理人有权在T 日 （指港股通交易日） 内任意时刻代投资者卖出小 于等于被替代证券数量的任意数量的被替代证券。 基金管理人有权根据基金投资 的需要自主决定不卖出部分被替代证券，或者不进行任何卖出证券的操作。T 日 （指港股通交易日） 日终， 基金管理人根据所卖出的被替代证券的实际单位卖出 金额 （扣除相关费用） 和未卖出的被替代证券的T 日 （指港股通交易日） 收盘价 （折算为人民币） ； 被替代证券T 日 （指港股通交易日） 在证券交易所无交易的， 取最近交易日的收盘价； 交易日无收盘价的， 取最后成交价） 计算被替代证券的 单位结算金额，在此基础上根据替代证券数量确定赎回替代金额。T 日（指港股 通交易日） 后的第 3 个港股通交收日后的2 个工作日内， 基金管理人将应支付的 赎回替代金额与相关申购赎回代理券商办理交收。在此期间若该证券发生除息、 送股（转增）、配股等重要权益变动，则进行相应调整。 当出现半日港股通交易日、 临时停市等特殊情况时， 计算并确定被替代证券 的单位结算成本的时间,”的表述可能存在不同， 投资人在 购买本基金时需按照销售机构的要求完成风险承受能力与产品风险之间的匹配 检验。 在目前结算规则下， 投资者当日申购的基金份额， 清算交收完成后方可卖出 和赎回， 即T 日申购的基金份额且日间完成 RTGS（实时逐笔全额结算） 交收的， T 日可卖出和赎回，而 T 日申购的基金份额且日终完成逐笔全额非担保交收的， T+1 日方可卖出和赎回；T 日竞价买入的基金份额，T 日可以卖出或赎回；T 日大 宗买入的基金份额，T 日可以大宗卖出，T+1 日可以竞价卖出或赎回。 投资者投资于本基金前请认真阅读证券交易所和登记机构关于 ETF 的相关 业务规则及其不时的更新， 确保具备相关专业知识、 清楚了解相关规则流程后方 可参与本基金的申购、 赎回及交易。 投资者一旦认购、 申购或赎回本基金， 即表 示对基金认购、 申购和赎回所涉及的基金份额的证券变更登记方式以及申购赎回 所涉及现金替代、现金差额等相关的交收方式已经认可。 投资有风险， 投资者在进行投资决策前， 请仔细阅读本基金的 《招募说明书》 、 汇添富国证港股通互联网交易型开放式指数证券投资基金 更新招募说明书 4 《基金合同》 、 基金产品资料概要等信息披露文件， 并根据自身的投资目的、 投 资期限、投资经验、资产状况等判断基金是否和投资者的风险承受能力相适应， 自主判断基
126,159121,SZ,SZ,2026-04-16,2026-04-16,临时数据/159121/159121_更新招募说明书_20260416.txt,107091,6,结算风险、基金投资非公开信息泄露的风险等。 7、在目前结算规则下，投资者当日申购的基金份额，清算交收完成后方可卖出和赎 回，即 T 日申购的基金份额且日间完成 RTGS（实时逐笔全额结算）交收的，T 日可卖出和 赎回，而 T 日申购的基金份额且日终完成逐笔全额非担保交收的，T+1 日方可卖出和赎回； T 日竞价买入的基金份额，T 日可以卖出或赎回；T 日大宗买入的基金份额，T 日可以大宗 卖出，T+1 日可以竞价卖出或赎回。 投资者投资于本基金前请认真阅读证券交易所和登记结算机构关于 ETF 的相关业务规 则及其不时的更新，确保具备相关专业知识、清楚了解相关规则流程后方可参与本基金的 申购、赎 回及交易。投资者一旦申购或赎回本基金，即表示对基金申购和赎回所涉及的登 记方式以及申购赎回所涉及现金替代、现金差额等相关的交收方式及业务规则已经认可。 8、基金管理人提醒投资者基金投资的“买者自负”原则，在投资者作出投资决策后， 基金运营状况与基金净值变化引致的投资风险，由投资者自行负责。此外，本基金以 1 元 初始面值进行募集，在市场波动等因素的影响下，存在单位份额净值跌破 1 元初始面值的 风险。 9、基金不同于银行储蓄，基金投资人投资于基金有可能获得较高的收益，也有可能 损失本金。投资有风险，投资人在进行投资决策前,6,3,整后 T 日开盘参考价并按照 T-1 日估值汇率换算或基金管理人认为合理的其他方法。 （4）在系统支持的情况下，对于 T 日的申购赎回申请，基金管理人有权进行轧差处理， 针对净申购，购入净申购份额对应的组合证券中被替代的成份证券，针对净赎 回，卖 出净 赎回份额对应的组合证券中被替代的成份证券，基金管理人有权购入或者卖出不等于 轧差 处理后的上述被替代的成份证券的任意数量。 （5）基金管理人可根据运作情况调整代理申赎投资者买券卖券的相关规则并按规定公 告。 （6）未来如港股通的交易、结算规则发生改变，或深圳证券交易所、登记结算机构有 关申购赎回交易结算规则发生改变，或基金管理人与基金托管人之间的结算相关安排 发生 改变等，基金管理人可对上述相关现金替代处理规则进行调整，并按规定公告。 5、预估现金差额相关内容 预估现金差额是指为便于计算基金份额参考净值及申购赎回代理券商预先冻结申 请申 购、赎回的投资者的相应资金，由基金管理人计算的现金数额。 39 T 日申购赎回清单中公告 T 日预估现金差额。其计算公式为： T 日预估现金差额＝T-1 日最小申购、赎回单位的基金资产净值－（申购赎回清单中必 须现金替代成份证券的替代金额+申购赎回清单中可以现金替代成份证券的数量、调整后 T 日开盘参考价以及 T-1 日估值汇率的乘积之和） 其中，该证券调整后,2,0,投资者收取欠缺的差额。 基金管理人可以根据市场情况和实际需要确定和调整申购现金替代保证金率 ，具 体的 申购现金替代保证金率以申购赎回清单公告为准。 37 3）申购替代金额的处理程序 T 日，基金管理人在申购赎回清单中公布申购现金替代保证金率，并据此收取申 购替 代金额。 基金管理人在 T 日内购入组合证券中被替代的成份证券。基金管理人有权在 T 日内任 意时刻，以收到的申购替代金额代投资者购入组合证券中被替代的成份证券的任意数 量。 正常情况下，对于确认成功的 T 日申购申请，基金管理人根据 T 日所购入的被替代证券的 实际单位购入成本（包括买入价格与相关费用，折算为人民币）和未买入的被替代 证券 T 日收盘价（折算为人民币，被替代证券当日在证券交易所无交易的，取最近交易日的 收盘 价；交易日无收盘价的，取最后成交价）计算被替代证券的单位结算成本，在此基础 上根 据替代证券数量和申购替代金额确定基金应退还投资者或投资者应补交的款项。T 日 后的 三个港股通交易日内，基金管理人将成份证券的应退款或补款与相关申购赎回代理券 商办 理交收，当交收期间出现港股通交易日为非港股通交收日时，款项交收日期顺延。若 发生 特殊情况，基金管理人可以对交收日期进行相应调整。 如遇港股通临时停市、港股通交易当日额度使用完毕而暂停或停止接受买入申报 等特 殊情况，基金管理人可考虑根据实,2,4,算交收可按照其复牌后 实际 交易成本 或者基金管理 人认为合理的价格 办理。在此期间若该证券发生除息、送股（转 增）、配股等重要权益变动，则进行相应调整。 4）赎回替代金额的处理程序 基金管理人在 T 日内卖出组合证券中被替代的成份证券。基金管理人有权在 T 日内任 意时刻代投资者卖出组合证券中被替代的成份证券的任意数量。正常情况下，对于确 认成 功的T 日赎回申请，基金管理人根据T 日所卖出的被替代成份证券的实际单位卖出金额（扣 除相关费用，折算为人民币）和未卖出的被替代成份证券的 T 日收盘价（折算为人民币， 被替代证券当日在证券交易所无交易的，取最近交易日的收盘价；交易日无收盘价的 ，取 最后成交价）计算被替代成份证券的单位结算金额，在此基础上根据替代 成份证券数 量确 定赎回替代金额。T 日后的第3 个港股通交易日后的1 个工作日内，基金管理人将应支付的 38 成份证券赎回替代金额与相关申购赎回代理券商办理交收，当交收期间出现港股通交 易日 为非港股通交收日时，款项交收日期顺延。若发生特殊情况，基金管理人可以对交收 日期 进行相应调整。 如遇港股通临时停市等特殊情况，组合证券的代理卖出及结算价格可依次顺延至 下一 港股通交易日直至交易正常。如遇证券长期停牌、流动性不足等可能导致收盘价或最 后成 交价不公允的特殊情况，可参照证券的估值价格，对结算价格进行调整,交易指令传输和资金使用效率降低的风险、无法完成当日估值的 风险、交易结算风险、基金投资非公开信息泄露的风险等。 7、在目前结算规则下，投资者当日申购的基金份额，清算交收完成后方可卖出和赎 回，即 T 日申购的基金份额且日间完成 RTGS（实时逐笔全额结算）交收的，T 日可卖出和 赎回，而 T 日申购的基金份额且日终完成逐笔全额非担保交收的，T+1 日方可卖出和赎回； T 日竞价买入的基金份额，T 日可以卖出或赎回；T 日大宗买入的基金份额，T 日可以大宗 卖出，T+1 日可以竞价卖出或赎回。 投资者投资于本基金前请认真阅读证券交易所和登记结算机构关于 ETF 的相关业务规 则及其不时的更新，确保具备相关专业知识、清楚了解相关规则流程后方可参与本基金的 申购、赎 回及交易。投资者一旦申购或赎回本基金，即表示对基金申购和赎回所涉及的登 记方式以及申购赎回所涉及现金替代、现金差额等相关的交收方式及业务规则已经认可。 8、基金管理人提醒投资者基金投资的“买者自负”原则，在投资者作出投资决策后， 基金运营状况与基金净值变化引致的投资风险，由投资者自行负责。此外，本基金以 1 元 初始面值进行募集，在市场波动等因素的影响下，存在单位份额净值跌破 1 元初始面值的 风险。 9、基金不同于银行储蓄，基金投资人投资于基金有可能获得较高的收益，也有可能 损失本金。投资有
127,159281,SZ,SZ,2026-03-07,2026-03-07,临时数据/159281/159281_更新招募说明书_20260307.txt,109054,4,、赎回，具体业务的办理时间请参见相关公告。 在目前结算规则下，投资者当日申购的基金份额，清算交收完成后可卖出和 赎回，即 T 日申购的 ETF 份额且日间完成 RTGS（实时逐笔全额结算）交收的，T 日可卖出与赎回，而 T 日申购的 ETF 份额且日终完成逐笔全额非担保交收的，T+1 日方可卖出和赎回；T 日竞价买入的基金份额，T 日可以卖出或赎回；T 日大宗 买入的基金份额，T 日可以大宗卖出，T+1 日可以竞价卖出或赎回。 目前本基金的申购赎回采用全现金替代模式，申购对价、赎回对价包括现金 替代、现金差额及其他对价，即投资人在场内可以现金申购、赎回办理本基金的 申购、赎回业务。未来在条件允许的情况下，基金管理人可以在场内开通本基金 实物申购赎回方式或者其他现金申购、赎回以外的方式办理本基金的申购、赎回 业务，相关业务规则、申购赎回原则等相关事项届时将另行约定并公告。 本基金为股票型基金，其预期风险与预期收益高于混合型基金、债券型基金 与货币市场基金。本基金为指数型基金，采用完全复制法跟踪标的指数的表现， 具有与标的指数以及标的指数所代表的股票市场相似的风险收益特征。 本基金标的指数为中证港股通央企红利指数。 1、样本空间 中证港股通综合指数样本 2、选样方法 （1）对于样本空间内符合流动性筛选条件的证券，选,4,1,在任何交易日内交易（不包括平仓）的股指 期货合约的成交金额不得超过上一交易日基金资产净值的 20%；本基金所持有的 股票市值和买入、卖出股指期货合约价值，合计（轧差计算）应当符合基金合同 关于股票投资比例的有关约定； 招募说明书（更新） 55 本基金在任何交易日日终，持有的买入国债期货合约价值，不得超过基金资 产净值的 15%；本基金在任何交易日日终，持有的卖出国债期货合约价值不得超 过基金持有的债券总市值的 30%；本基金在任何交易日内交易（不包括平仓）的 国债期货合约的成交金额不得超过上一交易日基金资产净值的 30%；本基金所持 有的债券（不含到期日在一年以内的政府债券）市值和买入、卖出国债期货合约 价值，合计（轧差计算）应当符合基金合同关于债券投资比例的有关约定； （10）本基金参与股票期权交易，应当符合下列要求：基金因未平仓的期权 合约支付和收取的权利金总额不得超过基金资产净值的 10%；开仓卖出认购期权 的，应持有足额标的证券；开仓卖出认沽期权的，应持有合约行权所需的全额现 金或交易所规则认可的可冲抵期权保证金的现金等价物；未平仓的期权合约面值 不得超过基金资产净值的 20%。其中，合约面值按照行权价乘以合约乘数计算； （11）本基金主动投资于流动性受限资产的市值合计不得超过基金资产净值 的 15%；因证券市场波动、上市公司股票停牌、基,1,0,管理人将向投资人收取欠缺的差额。 基金管理人可以根据市场情况和实际需要确定和调整申购现金替代保证金 率，具体的申购现金替代保证金率以申购赎回清单公告为准。 3）申购替代金额的处理程序如下： 对于确认成功的 T 日申购申请，基金管理人有权在 T 日（指港股通交易日） 内任意时刻以收到的申购替代金额代投资者买入小于等于被替代证券数量的任 意数量的被替代证券。基金管理人有权根据基金投资的需要自主决定不买入部分 被替代证券，或者不进行任何买入证券的操作。 T 日（指港股通交易日）日终，基金管理人根据所购入的被替代证券的实际 单位购入成本（包括买入价格与相关费用）和未买入的被替代证券的 T 日（指港 股通交易日）收盘价（折算为人民币，目前折算汇率采用 T 日估值汇率，基金管 理人可根据情况调整所使用的折算汇率，并及时公告；T 日（指港股通交易日） 在证券交易所无交易的，取最近交易日的收盘价；交易日无收盘价的，取最后成 交价）计算被替代证券的单位结算成本，在此基础上根据替代证券数量和申购替 代金额确定基金应退还投资者或投资者应补交的款项。T 日（指港股通交易日） 招募说明书（更新） 42 后的第 2 个港股通交易日后的 3 个工作日内，基金管理人将应退款或补款与相关 申购赎回代理券商办理交收。在此期间若该证券发生除息、送股（转增）、配股 等重要权益变动，则进行相应调整。 当出,1,4,人利益，该证券对应的现金替代款的清算交收可在其复牌 后按照实际交易成本办理。在此期间若该证券发生除息、送股（转增）、配股等 重要权益变动，则进行相应调整。 4）赎回替代金额的处理程序如下： 对于确认成功的 T 日赎回申请，基金管理人有权在 T 日（指港股通交易日） 内任意时刻代投资者卖出小于等于被替代证券数量的任意数量的被替代证券。基 金管理人有权根据基金投资的需要自主决定不卖出部分被替代证券，或者不进行 任何卖出证券的操作。 T 日（指港股通交易日）日终，基金管理人根据所卖出的被替代证券的实际 单位卖出金额（扣除相关费用）和未卖出的被替代证券的 T 日（指港股通交易 日）收盘价（折算为人民币，目前折算汇率采用 T 日估值汇率，基金管理人可 根据情况调整所使用的折算汇率，并及时公告；被替代证券 T 日（指港股通交 易日）在证券交易所无交易的，取最近交易日的收盘价；交易日无收盘价的，取 最后成交价）计算被替代证券的单位结算金额，在此基础上根据替代证券数量确 定赎回替代金额。T 日（指港股通交易日）后的第 2 个港股通交收日后的 3 个工 作日内，基金管理人将应支付的赎回替代金额与相关申购赎回代理券商办理交收。 在此期间若该证券发生除息、送股（转增）、配股等重要权益变动，则进行相应 调整。 当出现半日港股通交易日、临时停市等特殊情况时，计算并确定被替代证券 的单位结算,基金按照深圳证券交易所及中国证券登记结算有限责任公司的相关规定 进行申购、赎回，具体业务的办理时间请参见相关公告。 在目前结算规则下，投资者当日申购的基金份额，清算交收完成后可卖出和 赎回，即 T 日申购的 ETF 份额且日间完成 RTGS（实时逐笔全额结算）交收的，T 日可卖出与赎回，而 T 日申购的 ETF 份额且日终完成逐笔全额非担保交收的，T+1 日方可卖出和赎回；T 日竞价买入的基金份额，T 日可以卖出或赎回；T 日大宗 买入的基金份额，T 日可以大宗卖出，T+1 日可以竞价卖出或赎回。 目前本基金的申购赎回采用全现金替代模式，申购对价、赎回对价包括现金 替代、现金差额及其他对价，即投资人在场内可以现金申购、赎回办理本基金的 申购、赎回业务。未来在条件允许的情况下，基金管理人可以在场内开通本基金 实物申购赎回方式或者其他现金申购、赎回以外的方式办理本基金的申购、赎回 业务，相关业务规则、申购赎回原则等相关事项届时将另行约定并公告。 本基金为股票型基金，其预期风险与预期收益高于混合型基金、债券型基金 与货币市场基金。本基金为指数型基金，采用完全复制法跟踪标的指数的表现， 具有与标的指数以及标的指数所代表的股票市场相似的风险收益特征。 本基金标的指数为中证港股通央企红利指数。 1、样本空间 中证港股通综合指数样本 2、选样方法 （1）对于样本空
128,513380,SH,SH,2026-07-06,2026-07-06,临时数据/513380/513380_更新招募说明书_20260706.txt,111812,6,价格折溢价的风险。 根据本基金现行适用的清算交收和申赎处理规则，投资者当日申购的基金份额，清算交 收完成后方可卖出和赎回，即T 日申购的ETF 份额且日间完成 RTGS（实时逐笔全额结算）交 收，T 日可卖出与赎回，而T 日申购的 ETF 份额且日终完成逐笔全额非担保交收的，T+1 日方 可卖出和赎回；T 日买入的基金份额，T 日可以赎回或卖出。由于登记结算机构对现金替代采 取非净额结算交收模式，当投资者赎回申请被登记结算机构确认后，被赎回的基金份额即被 记减，但此时投资者尚未收到赎回现金替代款。投资者投资本基金时需具有证券账户，证券 账户是指上海证券交易所 A 股账户或上海证券交易所证券投资基金账户。 本基金以 1 元初始面值进行募集，在市场波动等因素的影响下，存在单位份额净值跌破 1 元初始面值的风险。基金管理人提醒投资人基金投资的“买者自负”原则，在投资人作出投 资决策后，基金运营状况与基金净值变化引致的投资风险，由投资人自行负责。 本基金由广发基金管理有限公司独立管理，未聘请境外投资顾问。 投资人在进行投资决策前，请仔细阅读本基金的《招募说明书》 、 《基金产品资料概要》 及《基金合同》 ，自主判断基金的投资价值，自主做出投资决策，自行承担投资风险。 基金的过往业绩并不预示其未来表现，基金管理人管理的其,0,1,,1,0,际结算成 本，则基金管理人将退还多收取的差额；如果预先收取的申购现金替代保证金低于基金购入 该部分证券的实际结算成本，则基金管理人将向投资者收取欠缺的差额。 ③申购替代金额的处理程序 T日，基金管理人根据申购赎回清单收取申购现金替代保证金。 对于确认成功的 T日申购申请，在 T日（指香港交易所交易日）内，基金管理人以收到 67 的申购现金替代保证金代投资者买入被替代证券。在 T 日（指香港交易所交易日）日终，基 金管理人已买入的证券，依据申购现金替代保证金与被替代证券的实际买入成本（包括买入 价格与相关交易费用）的差额，确定基金应退还投资者或投资者应补交的款项；未买入的证 券，依据申购现金替代保证金与被替代证券 T 日（指香港交易所交易日）收盘价（需用最新 汇率折算为人民币， 当日在证券交易所无交易的， 取最近交易日的收盘价， 当日无收盘价的， 取最后成交价）的差额，确定基金应退还投资者或投资者应补交的款项。 正常情况下，T+3 日（指上海证券交易所与香港交易所的共同交易日）内，基金管理人 将应退款和补款的明细及汇总数据发送给登记结算机构，登记结算机构办理现金替代多退少 补资金的清算，并将结果发送给相关申购赎回代理机构和基金托管人。 如遇证券长期停牌、流动性不足等特殊情况，可参照证券的估值价格对结算价格进行调 整，如果基金管理人认为该证券复牌后的价格可能存在较大波,1,2,公布的人民币兑主要外汇当日收盘价）等。 ④赎回对应的替代金额的处理程序 对于确认成功的 T日赎回申请，在 T日（指香港交易所交易日）内，基金管理人根据赎 回申请代投资者卖出被替代证券。在 T 日（指香港交易所交易日）日终，基金管理人已卖出 的证券，按照被替代证券的实际卖出金额（扣除相关费用）确定基金应支付的替代金额；未 卖出的证券，按照被替代证券 T 日（指香港交易所交易日）收盘价（需用最新汇率折算为人 民币，当日在证券交易所无交易的，取最近交易日的收盘价，当日无收盘价的，取最后成交 价）确定基金应支付给投资者的替代金额。 正常情况下，T+7 日（指上海证券交易所与香港交易所的共同交易日）内，基金管理人 将应支付的替代金额的明细及汇总数据发送给登记结算机构，登记结算机构办理现金替代资 金的清算，并将结果发送给相关申购赎回代理机构和基金托管人。如遇证券长期停牌、流动 性不足等特殊情况，可参照证券的估值价格，对结算价格进行调整，如果基金管理人认为该 证券复牌后的价格可能存在较大波动，且可能对基金资产净值产生较大影响，为了更好的维 68 护持有人利益，该证券对应的现金替代款的清算交收可在其复牌后按照实际交易成本办理。 在此期间若该证券发生除息、送股（转增） 、配股等重要权益变动，则进行相应调整。上 述汇率目前采用汇率公允价。汇率公允价包括中国人民银行或其授权机,规模接近或达到外汇额度使用上限时，基金管理人有权暂停基金的申购，届 时投资者可能面临申购失败的风险和基金份额二级市场交易价格折溢价的风险。 根据本基金现行适用的清算交收和申赎处理规则，投资者当日申购的基金份额，清算交 收完成后方可卖出和赎回，即T 日申购的ETF 份额且日间完成 RTGS（实时逐笔全额结算）交 收，T 日可卖出与赎回，而T 日申购的 ETF 份额且日终完成逐笔全额非担保交收的，T+1 日方 可卖出和赎回；T 日买入的基金份额，T 日可以赎回或卖出。由于登记结算机构对现金替代采 取非净额结算交收模式，当投资者赎回申请被登记结算机构确认后，被赎回的基金份额即被 记减，但此时投资者尚未收到赎回现金替代款。投资者投资本基金时需具有证券账户，证券 账户是指上海证券交易所 A 股账户或上海证券交易所证券投资基金账户。 本基金以 1 元初始面值进行募集，在市场波动等因素的影响下，存在单位份额净值跌破 1 元初始面值的风险。基金管理人提醒投资人基金投资的“买者自负”原则，在投资人作出投 资决策后，基金运营状况与基金净值变化引致的投资风险，由投资人自行负责。 本基金由广发基金管理有限公司独立管理，未聘请境外投资顾问。 投资人在进行投资决策前，请仔细阅读本基金的《招募说明书》 、 《基金产品资料概要》 及《基金合同》 ，自主判断基金的投资价值，自主做出投
129,520680,SH,SH,,2026-02-24,临时数据/520680/520680_招募说明书_20260224.txt,119214,3,券 仅在境内证券交易所上市的ETF产品存在一定差异。在目前结算规则下，投资者当日申购的 基金份额，清算交收完成后方可卖出和赎回，即T日申购的ETF份额且日间完成RTGS（实 时逐笔全额结算）交收，T日可卖出与赎回；T日申购的ETF份额日间未完成交收的，日终 完成逐笔全额非担保交收，T+1日方可卖出和赎回；T日买入的基金份额，T日可以赎回。 投资人投资本基金时需具有上海证券交易所A股账户或基金账户。其中，上海证券交易 所基金账户只能进行基金的现金认购和二级市场交易， 如投资人需要参与基金的申购、 赎回， 则应开立并使用上海证券交易所A股账户。 投资人在投资本基金之前，请仔细阅读本基金的招募说明书、基金产品资料概要和基金 合同等信息披露文件，自主判断基金的投资价值，自主做出投资决策，全面认识本基金的风 险收益特征和产品特性，并充分考虑自身的风险承受能力，理性判断市场，谨慎做出投资决 策。基金的过往业绩并不预示其未来表现，基金管理人管理的其他基金的业绩也不构成对本 基金业绩表现的保证。基金管理人承诺以恪尽职守、诚实信用、谨慎勤勉的原则管理和运用 基金财产，但不保证基金一定盈利，也不向投资人保证最低收益。基金管理人提醒投资人基 金投资的“买者自负”原则，在投资人作出投资决策后，基金运营状况、基金份额上市交易 价格波动与,3,1,3）本基金在任何交易日日终，持有的卖出股指期货合约价值不得超过基金持有的股票 总市值的20%； 4）本基金所持有的股票市值和买入、卖出股指期货合约价值，合计（轧差计算）应当 符合基金合同关于股票投资比例的有关约定； 5）本基金在任何交易日内交易（不包括平仓）的股指期货合约的成交金额不得超过上 一交易日基金资产净值的20%； （13）本基金参与股票期权交易，应当符合下列投资限制： 1）基金因未平仓的期权合约支付和收取的权利金总额不得超过基金资产净值的10%； 2）开仓卖出认购期权的，应持有足额标的证券；开仓卖出认沽期权的，应持有合约行 权所需的全额现金或交易所规则认可的可冲抵期权保证金的现金等价物； 3）未平仓的期权合约面值不得超过基金资产净值的20%。其中，合约面值按照行权价 乘以合约乘数计算； （14）本基金参与转融通证券出借业务的，应当符合下列要求： 1）本基金在任何交易日日终，参与转融通证券出借业务的资产不得超过基金资产净值 的30%，其中出借期限在10个交易日以上的出借证券应纳入《流动性风险管理规定》所述 流动性受限证券的范围； 2）本基金在任何交易日日终，参与出借业务的单只证券不得超过基金持有该证券总量 南方中证港股通汽车产业主题交易型开放式指数证券投资基金招募说明书 51 的30%； 3）证券出借的平均剩余期限不得超过30天，平均剩,0,0,,0,1,型开放式指数证券投资基金招募说明书 40 行相应调整。基金管理人有权根据基金投资的需要自主决定不买入部分被替代证券，或者不 进行任何买入被替代证券的操作。 D.赎回替代金额的处理程序 正常情况下，对于确认成功的 T 日赎回申请，基金管理人根据实际单位卖出金额（扣 除相关费用， 按照汇率折算为人民币） 或被替代证券的T日收盘价 （按照汇率折算为人民币， 被替代证券当日在证券交易所无交易的，取最近交易日的收盘价；交易日无收盘价的，取最 后成交价）计算被替代证券的单位结算金额，在此基础上根据替代证券数量确定赎回替代金 额。上述汇率目前采用汇率公允价。汇率公允价包括但不限于港股通结算汇兑比率、中国外 汇交易中心最新收盘价、中国外汇交易中心参考汇率或交易汇率、中国人民银行或其授权机 构最新公布的人民币汇率中间价、与基金托管人商定的其他公允价格等。 正常情况下，T 日后的第7个港股通交易日内，基金管理人将应支付的赎回替代金额 与相关申购赎回代理券商办理交收。若发生特殊情况，基金管理人可以对交收日期进行相应 调整。 如遇港股通临时停市等特殊情况，组合证券的代理卖出及结算价格可依次顺延至下一 港股通交易日直至交易正常，款项交收的日期也可相应顺延。如遇证券长期停牌、流动性不 足等可能导致收盘价或最后成交价不公允的特殊情况，可参照证券的估值价格，对结算价格 进行调整，如果基金管理人认,择是否采用存托凭证投资策略。 本基金的标的指数组合证券为内地与香港股票市场交易互联互通机制允许买卖的规定 范围内的香港联合交易所上市的股票，基金份额申购、赎回的清算交收与标的指数组合证券 仅在境内证券交易所上市的ETF产品存在一定差异。在目前结算规则下，投资者当日申购的 基金份额，清算交收完成后方可卖出和赎回，即T日申购的ETF份额且日间完成RTGS（实 时逐笔全额结算）交收，T日可卖出与赎回；T日申购的ETF份额日间未完成交收的，日终 完成逐笔全额非担保交收，T+1日方可卖出和赎回；T日买入的基金份额，T日可以赎回。 投资人投资本基金时需具有上海证券交易所A股账户或基金账户。其中，上海证券交易 所基金账户只能进行基金的现金认购和二级市场交易， 如投资人需要参与基金的申购、 赎回， 则应开立并使用上海证券交易所A股账户。 投资人在投资本基金之前，请仔细阅读本基金的招募说明书、基金产品资料概要和基金 合同等信息披露文件，自主判断基金的投资价值，自主做出投资决策，全面认识本基金的风 险收益特征和产品特性，并充分考虑自身的风险承受能力，理性判断市场，谨慎做出投资决 策。基金的过往业绩并不预示其未来表现，基金管理人管理的其他基金的业绩也不构成对本 基金业绩表现的保证。基金管理人承诺以恪尽职守、诚实信用、谨慎勤勉的原则管理和运用 基金财产，但不保证基金一定盈利
130,159152,SZ,SZ,2026-07-29,2026-07-29,临时数据/159152/159152_更新招募说明书_20260729.txt,114912,3,现金替代、现金差额及其他对价的 清算交收适用相关业务规则和参与各方相关协议及其不时修订的有关规定。 本基金现金申购业务中的现金替代采用逐笔全额结算（T 日日间 RTGS 交收 +T 日日终逐笔全额非担保交收）处理；现金赎回业务中的现金替代采用代收代付 处理；现金申购、赎回业务涉及的现金差额和现金替代退补款采用代收代付处理。 投资者 T 日现金申购后，正常情况下，如选择采用 RTGS 交收且申购资金足 额的，登记结算机构在 T 日日间实时办理基金份额及现金替代的清算交收；T 日 日间资金不足或不选择 RTGS 交收的，登记结算机构在 T 日收市后办理基金份额 及现金替代的清算交收，并将结果发送给基金管理人、申购赎回代理券商和基金 托管人。基金管理人在 T+1 日办理现金差额的清算，在 T+2 日办理现金差额的交 收。 投资者 T 日提交的现金赎回申请受理后，登记结算机构在 T 日收市后为投资 者办理基金份额的清算，在 T 日办理基金份额的交收，并将结果发送给基金管理 人、申购赎回代理券商和基金托管人。基金管理人在 T+1 日办理现金差额的清算， 在 T+2 日办理现金差额的交收。现金赎回替代款的清算交收由基金管理人和申购 赎回代理券商协商处理，正常情况下，该款项的清算交收于 T+7 日（指开放日） 内办理，但如果,4,1,）本基金在任何交易日日终，持有的卖出股指期货合约价值不得超过本基金 持有的股票总市值的 20%； 4）本基金所持有的股票市值和买入、卖出股指期货合约价值，合计（轧差计 算）应当符合基金合同关于股票投资比例的有关约定； 5）本基金在任何交易日内交易（不包括平仓）的股指期货合约的成交金额不 得超过上一交易日基金资产净值的 20%； （9）本基金若参与国债期货交易，应当符合下列投资限制： 1）本基金在任何交易日日终，持有的买入国债期货合约价值，不得超过基金 资产净值的 15%； 2）本基金在任何交易日日终，持有的卖出国债期货合约价值不得超过基金持 69 有的债券总市值的 30%； 3）本基金在任何交易日内交易（不包括平仓）的国债期货合约的成交金额不 得超过上一交易日基金资产净值的 30%； 4）本基金所持有的债券（不含到期日在一年以内的政府债券）市值和买入、 卖出国债期货合约价值，合计（轧差计算）应当符合基金合同关于债券投资比例 的有关约定； 5）本基金在任何交易日日终，持有的买入国债期货和股指期货合约价值与有 价证券市值之和不得超过基金资产净值的 100%，其中，有价证券指股票、债券（不 含到期日在一年以内的政府债券）、资产支持证券、买入返售金融资产（不含质 押式回购）等； （10）每个交易日日终在扣除股指期货、国债期货、股票期权合约需缴纳的 交易保,2,0,基金份额时，该成份证券必须使用现金作为 替代，采取固定替代金额。 （2）可以现金替代 ①适用情形：可以现金替代的证券是指基金管理人认为需要在投资者申购或 赎回时代投资者买入或卖出的证券。 55 ②替代金额： 替代金额＝替代证券数量×该证券参考价格×（1＋现金替代保证金率）×T-1 日估值汇率 其中，“该证券参考价格”为该证券调整后 T 日开盘参考价。 如果深圳证券交易所参考价格确定原则发生变化，以深圳证券交易所通知规 定的参考价格为准。 收取现金替代保证金的原因是，对于使用现金替代的证券，基金管理人需在 该证券恢复交易后买入，而实际买入价格加上相关交易费用后与申购时的参考价 格可能有所差异。为便于操作，基金管理人在申购赎回清单中预先确定现金替代 保证金率，并据此收取替代金额。如果预先收取的金额高于基金买入该部分证券 的实际成本，则基金管理人将退还多收取的差额；如果预先收取的金额低于基金 买入该部分证券的实际成本，则基金管理人将向投资人收取欠缺的差额。 ③替代金额的处理程序如下： 对于确认成功的 T 日申购申请，T 日内基金管理人根据申购规模进行组合证 券的代理买入。基金管理人有权在 T 日内任意时刻以收到的申购替代金额代投资 者买入小于等于被替代证券数量的任意数量的被替代证券。基金管理人有权根据 基金投资的需要自主决定不买入部分被替代证券，或者不进行任何,2,0,基金份额时，该成份证券必须使用现金作为 替代，采取固定替代金额。 （2）可以现金替代 ①适用情形：可以现金替代的证券是指基金管理人认为需要在投资者申购或 赎回时代投资者买入或卖出的证券。 55 ②替代金额： 替代金额＝替代证券数量×该证券参考价格×（1＋现金替代保证金率）×T-1 日估值汇率 其中，“该证券参考价格”为该证券调整后 T 日开盘参考价。 如果深圳证券交易所参考价格确定原则发生变化，以深圳证券交易所通知规 定的参考价格为准。 收取现金替代保证金的原因是，对于使用现金替代的证券，基金管理人需在 该证券恢复交易后买入，而实际买入价格加上相关交易费用后与申购时的参考价 格可能有所差异。为便于操作，基金管理人在申购赎回清单中预先确定现金替代 保证金率，并据此收取替代金额。如果预先收取的金额高于基金买入该部分证券 的实际成本，则基金管理人将退还多收取的差额；如果预先收取的金额低于基金 买入该部分证券的实际成本，则基金管理人将向投资人收取欠缺的差额。 ③替代金额的处理程序如下： 对于确认成功的 T 日申购申请，T 日内基金管理人根据申购规模进行组合证 券的代理买入。基金管理人有权在 T 日内任意时刻以收到的申购替代金额代投资 者买入小于等于被替代证券数量的任意数量的被替代证券。基金管理人有权根据 基金投资的需要自主决定不买入部分被替代证券，或者不进行任何买入证,"、认购申请：投资者在认购本基金时，需按发售代理机构的规定备足认购资金， 办理认购手续。网上现金认购可多次申报，不可撤单，申报一经确认，认购资金即 被冻结。 4、清算交收：投资者提交的认购委托，由登记结算机构进行有效认购款项的清 算交收。 5、认购确认：在基金合同生效后，投资人可通过其办理认购的销售网点查询认 购确认情况。 6、认购金额的计算 41 本基金认购金额和利息折算的份额的计算如下： （1）认购佣金适用比例费率时： 认购佣金＝认购价格×认购份额×佣金比率 认购金额＝认购价格×认购份额×（1＋佣金比率） 利息折算的份额＝利息/认购价格 总认购份额＝认购份额＋利息折算的份额 （2）认购佣金适用固定费用时： 认购佣金＝固定费用 认购金额=认购价格×认购份额+固定费用 利息折算的份额＝利息/认购价格 总认购份额＝认购份额＋利息折算的份额 认购佣金由发售代理机构向投资人收取，投资人需以现金方式交纳认购佣金。 网上现金认购款项在基金募集期间产生的利息将折算为基金份额归基金份额持有 人所有。利息折算的基金份额采用截尾法保留至整数位,小数部分舍去,舍去部分计 入基金财产。网上现金认购的利息和具体份额以登记结算机构的记录为准。 例：某投资者通过发售代理机构采用网上现金方式认购本基金 100,000 份，假 设该发售代理机构确认的佣金比率为 0.80%，则需准备的"
131,159010,SZ,SZ,2026-05-30,2026-05-30,临时数据/159010/159010_更新招募说明书_20260530.txt,107345,2,认情况，投资人应及时查询并妥善行使合法权利。 在目前结算规则下，投资者当日申购的基金份额，清算交收完成后可卖出和赎回，即 T 日申购的 ETF 份额且日间完成 RTGS（实时逐笔全额结算）交收，T 日可卖出与赎回，而 T 日申购的 ETF 份额且日终完成逐笔全额非担保交收，T+1 日方可卖出和赎回；T 日竞价买入 的基金份额，T 日可以赎回，T 日可以卖出。 本基金获批后，若深圳证券交易所和中国证券登记结算有限责任公司针对交易型开放式 指数证券投资基金推出新的清算交收与登记模式并引入新的申购、赎回方式，在履行适当程 序后，本基金管理人将根据新的业务规则新增或调整申购和赎回申请的确认方式，届时将发 布公告予以披露并对本基金的招募说明书予以更新，而无需召开基金份额持有人大会审议。 3、申购和赎回的清算交收与登记 本基金申购、赎回过程中涉及的基金份额、现金替代、现金差额及其他对价的清算交收 适用深圳证券交易所、登记机构的相关规定和参与各方相关协议的有关规定，其中本基金现 金申购业务中的现金替代采用逐笔全额结算处理；现金赎回业务中的现金替代采用代收代付 处理；现金申购、赎回业务涉及的现金差额和现金替代退补款采用代收代付处理。 投资者 T 日申购成功后，正常情况下，登记机构在 T 日为投资者办理基金份额与现 金替代等的交,4,0,在任何交易日内交易（不包括平仓）的股指期货合约的成交金额不得超过上一交易日基金资 产净值的 20%；本基金所持有的股票市值和买入、卖出股指期货合约价值，合计（轧差计算） 应当符合基金合同关于股票投资比例有关约定； 2）在任何交易日日终，持有的买入国债期货合约价值，不得超过基金资产净值的 15%； 在任何交易日日终，持有的卖出国债期货合约价值不得超过基金持有的债券总市值的 30%； 在任何交易日内交易（不包括平仓）的国债期货合约的成交金额不得超过上一交易日基金资 博时恒生港股通科技主题交易型开放式指数证券投资基金更新招募说明书 第 51页 共 127页 产净值的 30%；本基金所持有的债券（不含到期日在一年以内的政府债券）市值和买入、卖 出国债期货合约价值，合计（轧差计算）应当符合基金合同关于债券投资比例的有关约定； 3）在任何交易日日终，持有的买入国债期货和股指期货合约价值与有价证券市值之和， 不得超过基金资产净值的 100%，其中，有价证券指股票、债券（不含到期日在一年以内的 政府债券）、资产支持证券、买入返售金融资产（不含质押式回购）等； （4）本基金持有的全部资产支持证券，其市值不得超过基金资产净值的 20％； （5）本基金投资于同一原始权益人的各类资产支持证券的比例，不得超过基金资产净 值的 10％； （6）本基金持有的同一(指同一信用,0,0,结算成本）， 则基金管理人将退还多收取的差额；如果预先收取的金额低于基金买入证券的实际成本（或 证券实际结算成本），则基金管理人将向投资者收取欠缺的差额。 3）申购替代金额的处理程序 T 日，基金管理人在申购赎回清单中公布现金替代溢价比例，并据此收取申购替代金 额。 正常情况下，对于确认成功的 T 日申购申请，在 T 日（指深圳证券交易所与香港交易所 的共同交易日）内，基金管理人以收到的申购替代金额代投资者买入被替代证券。基金管理 人有权在 T 日（指深圳证券交易所与香港交易所的共同交易日）内任意时刻以收到的申购替 代金额代投资者买入小于等于被替代证券数量的任意数量的被替代证券。基金管理人有权根 据基金投资的需要自主决定不买入部分被替代证券，或者不进行任何买入证券的操作。 T 日日终，基金管理人根据所购入的被替代证券的实际单位购入成本（包括买入价格与 相关费用）和未买入的被替代证券的 T 日收盘价（折算为人民币，折算汇率包括但不限于中 国外汇交易中心参考汇率或交易汇率、中国人民银行或其授权机构最新公布的人民币汇率中 间价、与基金托管人商定的其他公允价格等；T 日在证券交易所无交易的，取最近交易日的 收盘价）计算被替代证券的单位结算成本，在此基础上根据替代证券数量和申购现金替代保 证金确定基金应退还投资者或投资者应补交的款项。在此期间若该部分证券发生除息、送股 （转,0,1,益，该证券对应的现金替代退补款的清算交收可在其 复牌后按照实际交易成本办理。在此期间若该证券发生除息、送股（转增）、配股等重要权 益变动，则进行相应调整。 4）赎回替代金额的处理程序 正常情况下，对于确认成功的 T 日赎回申请，在 T 日（指深圳证券交易所与香港交易所 的共同交易日）内，基金管理人根据赎回申请代投资者卖出被替代证券。基金管理人有权在 T 日（指深圳证券交易所与香港交易所的共同交易日）内任意时刻代投资者卖出小于等于被 替代证券数量的任意数量的被替代证券。基金管理人有权根据基金投资的需要自主决定不卖 出部分被替代证券，或者不进行任何卖出证券的操作。 T 日日终，基金管理人根据所卖出的被替代证券的实际单位卖出金额（扣除相关费用） 和未卖出的被替代证券的 T 日收盘价（折算为人民币，折算汇率包括但不限于中国外汇交易 中心参考汇率或交易汇率、中国人民银行或其授权机构最新公布的人民币汇率中间价、与基 金托管人商定的其他公允价格等；被替代证券 T 日（指开放日）在证券交易所无交易的，取 最近交易日的收盘价）计算被替代证券的单位结算金额，在此基础上根据替代证券数量确定 赎回替代金额。在此期间若该部分证券发生除息、送股（转增）、配股等重要权益变动，则 进行相应调整。 T+7 日（指开放日）内，基金管理人将应支付的赎回替代金额与相关申购赎回代理券商 办理交收。若发生特,规定，制定了完善的基金托管业务内部控制制度，具体包括《资产托管业务管 理办法》、《资产托管业务管理实施细则》、《资产托管业务资产保管操作规程》、《资产 托管业务清算交收操作规程》、《资产托管业务估值与会计核算操作规程》、《资产托管业 务投资监督操作规程》、《资产托管业务信息披露与报告操作规程》、《资产托管业务基金 份额持有人大会操作规程》、《资产托管业务系统数据备份操作规程》、《资产托管业务信 息系统管理细则》、《资产托管业务内部控制管理细则》、《资产托管业务风险管理细则》、 《资产托管业务稽核检查操作规程》、《资产托管业务保密管理细则》、《资产托管业务档 案管理细则》、《资产托管业务应急管理细则》、《资产托管业务从业人员管理细则》、《资 产托管业务印章管理细则》、《资产托管业务风险准备金管理细则》、《资产托管业务债券 质押式回购交易结算业务管理细则》等，涵盖了基金托管业务的管理规范、资产保管、清算 交割、估值核算、投资监督、信息披露、业务系统管理、内部控制、风险管理、稽核监控、 保密和档案管理、应急处理、从业人员管理、风险准备金管理等全部业务环节。 六、基金托管人对基金管理人运作基金进行监督的方法和程序 基金托管人根据《中华人民共和国证券投资基金法》《公开募集证券投资基金运作管理 办法》等有关法律法规的规定及基金合同、托管协议的约定，对基金投资范围
132,159750,SZ,SZ,2026-01-23,2026-01-23,临时数据/159750/159750_更新招募说明书_20260123.txt,131664,0,,5,1,更新的招募说明书（二零二六年第一号） 28 股指期货合约价值不得超过基金持有的股票总市值的 20％；本基金所持有的股票市值和买 入、卖出股指期货合约价值，合计（轧差计算）应当符合基金合同关于股票投资比例的有关 约定；在任何交易日内交易（不包括平仓）的股指期货合约的成交金额不得超过上一交易日 基金资产净值的 20％； （9）本基金参与国债期货交易，应当遵守下列要求：本基金在任何交易日日终，持有 的买入国债期货合约价值，不得超过基金资产净值的 15%；在任何交易日日终，持有的卖出 国债期货合约价值不得超过基金持有的债券总市值的 30%；基金所持有的债券（不含到期日 在一年以内的政府债券）市值和买入、卖出国债期货合约价值，合计（轧差计算）应当符合 基金合同关于债券投资比例的有关约定；在任何交易日内交易（不包括平仓）的国债期货合 约的成交金额不得超过上一交易日基金资产净值的 30%； （10）本基金参与股票期权交易，应当遵守下列要求：基金因未平仓的期权合约支付和 收取的权利金总额不得超过基金资产净值的 10%；开仓卖出认购期权的，应持有足额标的证 券；开仓卖出认沽期权的，应持有合约行权所需的全额现金或交易所规则认可的可冲抵期权 保证金的现金等价物；未平仓的期权合约面值不得超过基金资产净值的 20%。其中，合约面 值按照行权价乘以合约乘数计算； （11）在,0,0,结算成本）， 则基金管理人将退还多收取的差额；如果预先收取的金额低于基金买入证券的实际成本（或 证券实际结算成本），则基金管理人将向投资者收取欠缺的差额。 3）申购替代金额的处理程序 T 日，基金管理人根据申购赎回清单收取替代金额。T 日基金管理人将买入证券。T 日 日终，基金管理人已买入的证券，依据替代金额与经最新汇率调整的证券的实际买入成本的 差额，确定基金应退还投资者或投资者应补交的款项；未买入的证券，T 日（指香港交易所 交易日）日终，依据替代金额与经最新汇率调整的证券 T 日（指香港交易所交易日）收盘价 的差额，确定基金应退还投资者或投资者应补交的款项；未买入且没有 T 日（指香港交易所 交易日）收盘价的证券，依据替代金额与经最新汇率调整的证券最近收盘价的差额，确定基 金应退还投资者或投资者应补交的款项。在此期间若该部分证券发生除息、送股（转增）、 配股等重要权益变动，则进行相应调整。正常情况下，T+5 日（指开放日）内，基金管理人 将应退款和补款的明细及汇总数据发送给登记机构，登记机构办理现金替代多退少补资金的 清算，并将结果发送给相关申购赎回代理机构和基金托管人，相关款项的交收于数据发送后 的第 1 个工作日内完成。如遇证券长期停牌、流动性不足等特殊情况，可参照证券的估值价 格对结算价格进行调整，如果基金管理人认为该证券复牌后的价格可能存在较大波动，,0,0,,理人在基金管理实施 过程中产生的基金管理风险，本基金的特定风险等。本基金的具体风险详见招募说明书“风 险揭示”章节。 本基金为投资香港市场的 ETF，基金份额的清算交收和境内普通 ETF 存在一定差异，通 常情况下，T 日申购的基金份额在交收完成后才可以卖出或赎回，T 日竞价买入的基金份额 T 日可以赎回。投资者认购本基金时需具有深圳证券账户，但需注意：使用深圳证券投资基 金账户只能进行本基金的现金认购和二级市场交易，如投资者需要参与基金的申购、赎回， 则应使用深圳 A 股账户。本基金以人民币募集和计价，经过换汇后主要投资于香港市场以 招商中证香港科技交易型开放式指数证券投资基金（QDII）更新的招募说明书（二零二六年第一号） 3 港币计价的金融工具，人民币对港币的汇率的波动可能加大基金净值的波动，从而对基金 业绩产生影响。 本基金的基金资产投资于港股，会面临港股通机制下因投资环境、投资标的、市场制 度以及交易规则等差异带来的特有风险，包括港股市场股价波动较大的风险（港股市场实 行 T+0 回转交易，且对个股不设涨跌幅限制，港股股价可能表现出比 A 股更为剧烈的股价 波动）、汇率风险（汇率波动可能对基金的投资收益造成损失）、港股通机制下交易日不 连贯可能带来的风险（在内地开市香港休市的情形下，港股通不能正常交易，港股不能及 时卖出，可能带来一定的流动
133,513330,SH,SH,2026-07-20,2026-07-20,临时数据/513330/513330_更新招募说明书_20260720.txt,128700,2,本基金申购赎回过程中涉及的基金份额、 现金替代、 现金差额及其他对价的清算交收适 用相关业务规则和参与各方相关协议及其不时修订的有关规定。 本基金申购业务采用实时逐笔全额结算（Real Time Gross Settlement，以下简称 RTGS） 模式； 赎回业务涉及的现金替代可采用代收代付处理； 申购、 赎回业务涉及的现金差额和现 金替代退补款可采用代收代付处理。 1）申购的清算交收 投资者 T 日现金申购后，如交易记录已勾单且申购资金足额的，登记结算机构在 T 日 日间实时办理基金份额及现金替代的交收；T 日日间未进行勾单确认或日间资金不足的， 登 记结算机构在 T 日日终根据资金是否足额办理基金份额及现金替代的清算交收，并将结果 发送给基金管理人、申购赎回代理券商和基金托管人。基金管理人在 T+2 日内办理现金差 额的清算，在 T+3 日内办理现金差额的交收。 2）赎回的清算交收 投资者 T 日赎回申请受理后，登记结算机构在 T 日收市后为投资者办理基金份额的清 算交收。基金管理人在 T+2 日内办理现金差额的清算，在 T+3 日内通过登记结算机构的代 收代付平台办理现金差额的交收。 正常情况下，赎回替代款项的清算交收于 T+7 日（指开放日）内办理。但如果出现基 金投资市场交易清算规则发生较大变化、,1,1,不卖出部分被替代证券，或者不进行任何买入或卖出证券的操作，基 金管理人可能不买入或不卖出被替代证券的情形包括但不限于市场流动性不足、技术系统 无法实现、申购赎回轧差以及基金管理人认为不应买入或卖出的其他情形。 14、基金收益分配后基金份额净值低于面值的风险 本基金收益分配原则为使收益分配后基金累计报酬率尽可能贴近标的指数同期累计报 酬率。基于本基金的性质和特点，本基 金收益分配不以弥补亏损为前提，收益分配后可能 存在基金份额净值低于面值的风险。 15、第三方机构服务的风险 基金的多项服务委托第三方机构办理，存在以下风险： （1） 申购赎回代理券商因多种原因， 导致代理申购、 赎回业务受到限制、 暂停或终止， 由此影响对投资者申购赎回服务的风险。 （2）登记机构可能调整结算制度，如实施货银对付制度，对投资者基金份额、组合证 券及资金的结算方式发生变化，制度调整可能给投资者带来理解偏差的风险。同样的风险 还可能来自于证券交易所及其他代理机构。 （3）证券交易所、登记机构、基金托管人、申购赎回代理券商及其他代理机构可能违 约，导致基金或投资者利益受损的风险。 （三）声明 1、本基金未经任何一级政府、机构及部门担保。投资者自愿投资于本基金，须自行承 担投资风险。 2、除基金管理人直接办理本基金的销售外，本基金或还通过代销机构销售，但是，本 华夏恒生互联网,0,3,照新的最小申购、赎回单位全部赎回，而只能在二 级市场卖出全部或部分基金份额。 13、申购赎回的代理买卖风险 基金管理人可在招募说明书规定的时间内以收到的替代金额代投资者买入或卖出小于 等于被替代证券数量的任意数量的被替代证券，实际买入被替代证券的价格可能处于规定 时间内较高的位置或处于最 高价格，实际卖出被替代证券的价格可能处于规定时间内较低 的位置或处于最低价格，基金管理人对此不承担责任。基金管理人有权根据基金投资的需 要自主决定不买入或不卖出部分被替代证券，或者不进行任何买入或卖出证券的操作，基 金管理人可能不买入或不卖出被替代证券的情形包括但不限于市场流动性不足、技术系统 无法实现、申购赎回轧差以及基金管理人认为不应买入或卖出的其他情形。 14、基金收益分配后基金份额净值低于面值的风险 本基金收益分配原则为使收益分配后基金累计报酬率尽可能贴近标的指数同期累计报 酬率。基于本基金的性质和特点，本基 金收益分配不以弥补亏损为前提，收益分配后可能 存在基金份额净值低于面值的风险。 15、第三方机构服务的风险 基金的多项服务委托第三方机构办理，存在以下风险： （1） 申购赎回代理券商因多种原因， 导致代理申购、 赎回业务受到限制、 暂停或终止， 由此影响对投资者申购赎回服务的风险。 （2）登记机构可能调整结算制度，如实施货银对付制度，对投资者基金份额、组合,0,3,照新的最小申购、赎回单位全部赎回，而只能在二 级市场卖出全部或部分基金份额。 13、申购赎回的代理买卖风险 基金管理人可在招募说明书规定的时间内以收到的替代金额代投资者买入或卖出小于 等于被替代证券数量的任意数量的被替代证券，实际买入被替代证券的价格可能处于规定 时间内较高的位置或处于最 高价格，实际卖出被替代证券的价格可能处于规定时间内较低 的位置或处于最低价格，基金管理人对此不承担责任。基金管理人有权根据基金投资的需 要自主决定不买入或不卖出部分被替代证券，或者不进行任何买入或卖出证券的操作，基 金管理人可能不买入或不卖出被替代证券的情形包括但不限于市场流动性不足、技术系统 无法实现、申购赎回轧差以及基金管理人认为不应买入或卖出的其他情形。 14、基金收益分配后基金份额净值低于面值的风险 本基金收益分配原则为使收益分配后基金累计报酬率尽可能贴近标的指数同期累计报 酬率。基于本基金的性质和特点，本基 金收益分配不以弥补亏损为前提，收益分配后可能 存在基金份额净值低于面值的风险。 15、第三方机构服务的风险 基金的多项服务委托第三方机构办理，存在以下风险： （1） 申购赎回代理券商因多种原因， 导致代理申购、 赎回业务受到限制、 暂停或终止， 由此影响对投资者申购赎回服务的风险。 （2）登记机构可能调整结算制度，如实施货银对付制度，对投资者基金份额、组合证 券,金和股票在T+2日才进行交收）的交收安 排，本基金在T日（港股通交易日）卖出股票，T+2日（港股通交易日，即为卖出当日之后 第二个港股通交易日） 在香港市场完成清算交收， 卖出的资金在T+3日才能回到人民币资金 账户。因此交收制度的不同以及港股通交易日的设定原因，本基金可能面临卖出港股后资 金不能及时到账，造成支付赎回款日期比正常情况延后的风险。 （5）港股通标的权益分派、转换等处理规则带来的风险 根据现行的港股通规则，本基金因所持港股通股票权益分派、转换、上市公司被收购 等情形或者其他异常情况，所取得的港股通股票以外的香港联交所上市证券，只能通过港 股通卖出，但不得买入；因港股通股票权益分派或者转换等情形 取得的香港联交所上市股 票的认购权利在联交所上市的，可以通过港股通卖出，但不得行权；因港股通股票权益分 派、转换或者上市公司被收购等所取得的非联交所上市证券，可以享有相关权益，但不得 通过港股通买入或卖出。 本基金存在因上述规则，利益得不到最大化甚至受损的风险。 （6）香港联合交易所停牌、退市等制度性差异带来的风险 香港联交所规定，在交易所认为所要求的停牌合理而且必要时，上市公司方可采取停 牌措施。此外，不同于内地A股市场的停牌制度，联交所对停牌的具体时长并没有量化规定， 只是确定了“尽量缩短停牌时间”的原则；同时与A股市场对存在退市可能的上市公
134,159202,SZ,SZ,2025-10-15,2025-10-15,临时数据/159202/159202_更新招募说明书_20251015.txt,136902,4,险收益特征相似。 根据本基金现行适用的清算交收和申赎处理规则， 投资者当日申购的基金份 额， 清算交收完成后方可卖出和赎回， 即T 日申购的基金份额且日间完成 RTGS （实时逐笔全额结算） 交收，T 日可卖出和赎回， 而T 日申购的基金份额且日终 完成逐笔全额非担保交收，T+1 日方可卖出和赎回；T 日竞价买入的基金份额， T 日可以赎回和卖出。 在本基金存续期间， 基金管理人不承担基金销售、 基金投资等运作环节中的 任何汇率变动风险。 本基金的具体风险详见本招募说明书的“风险揭示”部分。 投资者投资于本基金前请认真阅读证券交易所及登记机构的相关业务规则 及其不时的更新， 确保具备相关专业知识、 清楚了解相关规则流程后方可参与本 基金的认购、申购、赎回及交易。投资者一旦认购、申购或赎回本基金，即表示 对基金认购、 申购和赎回所涉及的基金份额的证券变更登记方式以及申购赎回所 涉及现金替代、现金差额等相关的交收方式已经认可。 基金管理人提醒投资者基金投资的 “买者自负” 原则， 在投资者作出投资决 策后， 基金运营状况与基金净值变化引致的投资风险， 由投资者自行负责。 此外， 本基金以 1.00 元初始面值进行募集，在市场波动等因素的影响下，存在单位份 额净值跌破 1.00 元初始面值的风险。 基金不同于银行储蓄,8,5,5 年第 2 号） 36 包括平仓）的股指期货合约的成交金额不得超过上一交易日基金资产净值的 20%；本基金所持有的股票市值和买入、卖出股指期货合约价值，合计（轧差计 算）占基金资产的比例应当符合《基金合同》关于股票投资比例的有关规定； 每个交易日日终在扣除股票期权、 股指期货和国债期货合约需缴纳的交易保 证金后，应当保持不低于交易保证金一倍的现金，其中现金不包括结算备付金、 存出保证金、应收申购款等； 本基金在任何交易日日终， 持有的买入国债期货合约价值， 不得超过基金资 产净值的 15%； 本基金在任何交易日日终， 持有的卖出国债期货合约价值不得超 过基金持有的债券总市值的 30%； 本基金在任何交易日内交易 （不包括平仓） 的 国债期货合约的成交金额不得超过上一交易日基金资产净值的 30%； 本基金所持 有的债券 （不含到期日在一年以内的政府债券） 市值和买入、 卖出国债期货合约 价值，合计（轧差计算）应当符合基金合同关于债券投资比例的有关约定； （9）本基金参与股票期权交易，应当符合下列要求：基金因未平仓的期权 合约支付和收取的权利金总额不得超过基金资产净值的 10%； 开仓卖出认购期权 的， 应持有足额标的证券； 开仓卖出认沽期权的， 应持有合约行权所需的全额现 金或交易所规则认可的可冲抵期权保证金的现金等价物； 未平仓的期权合约面值,1,0,"算成 本， 则基金管理人将退还多收取的差额； 如果预先收取的申购替代金额低于基金 购入该部分组合证券的实际结算成本，则基金管理人将向投资人收取欠缺的差 额。 ③申购替代金额的处理程序 T 日， 基金管理人在申购赎回清单中公布申购现金替代保证金率， 并据此收 取申购替代金额。 正常情况下，对于确认成功的 T 日申购申请，T 日内基金管理人根据申购规 模进行组合证券的代理买入。基金管理人有权在 T 日（指深圳证券交易所和香 港联合交易所同时开放的交易日） 内任意时刻代投资者买入组合证券中被替代证 券的任意数量。T 日日终， 基金管理人根据所购入的被替代组合证券的实际单位 购入成本（包括买入价格与相关费用， 折算为人民币， 若通过港股通机制买入港 股，则折算汇率 采用当天的港股通结算汇兑比率 ；若通过合格境内机构投资者 （QDII）境外投资额度买入港股,则折算汇率采用当天中国外汇交易中心公布的 北京时间 16：00 人民币对港币参考汇率）和未购入的被替代组合证券的 T 日收 盘价（折算为人民币，折算汇率采用当天的估值汇率；被替代组合证券 T 日无 交易的， 取最近交易日的收盘价； 交易日无收盘价的， 取最后成交价） 计算并确 万家恒生互联网科技业交易型开放式指数证券投资基金 （QDII） 更新招募说明书（2025 年第 2 号） 69 定被替代组合证券的单位结算成本，",0,1,人利益， 该证券对应的现金替代款的清算交收可在其复牌后按照实际交易成本办 理。在此期间若该证券发生除息、送股（转增）、配股等重要权益变动，则进行 相应调整。 ④赎回替代金额的处理程序 正常情况下，对于确认成功的 T 日赎回申请，T 日日终基金管理人根据所卖 出的被替代组合证券的实际卖出金额（扣除相关费用， 折算为人民币， 若通过港 股通机制卖出港股， 则折算汇率采用当天的港股通结算汇兑比率； 若通过合格境 内机构投资者（QDII）境外投资额度 卖出港股，则折算汇率采用当天中国外汇 交易中心公布的北京时间 16：00 人民币对港币参考汇率）和未卖出的被替代组 合证券的 T 日收盘价（折算为人民币，折算汇率为采用当天的估值汇率；被替 代组合证券 T 日无交易的，取最近交易日的收盘价；交易日无收盘价的，取最 后成交价） 计算并确定被替代组合证券的单位结算成本， 在此基础上根据替代组 合证券数量确定赎回替代金额。未卖出部分包含因申购赎回轧差处理而未实际卖 出的赎回申请对应的被替代组合证券。基金管理人有权在 T 日（指深圳证券交 易所和香港联合交易所同时开放的交易日） 内任意时刻代投资者卖出组合证券中 万家恒生互联网科技业交易型开放式指数证券投资基金 （QDII） 更新招募说明书（2025 年第 2 号） 70 被替代证券的任意数量。T+7 日 （指深圳证券交易所和香港联合,） 4 本基金为指数型基金， 主要采用完全复制法跟踪恒生互联网科技业指数， 其 风险收益特征与标的指数所表征的市场组合的风险收益特征相似。 根据本基金现行适用的清算交收和申赎处理规则， 投资者当日申购的基金份 额， 清算交收完成后方可卖出和赎回， 即T 日申购的基金份额且日间完成 RTGS （实时逐笔全额结算） 交收，T 日可卖出和赎回， 而T 日申购的基金份额且日终 完成逐笔全额非担保交收，T+1 日方可卖出和赎回；T 日竞价买入的基金份额， T 日可以赎回和卖出。 在本基金存续期间， 基金管理人不承担基金销售、 基金投资等运作环节中的 任何汇率变动风险。 本基金的具体风险详见本招募说明书的“风险揭示”部分。 投资者投资于本基金前请认真阅读证券交易所及登记机构的相关业务规则 及其不时的更新， 确保具备相关专业知识、 清楚了解相关规则流程后方可参与本 基金的认购、申购、赎回及交易。投资者一旦认购、申购或赎回本基金，即表示 对基金认购、 申购和赎回所涉及的基金份额的证券变更登记方式以及申购赎回所 涉及现金替代、现金差额等相关的交收方式已经认可。 基金管理人提醒投资者基金投资的 “买者自负” 原则， 在投资者作出投资决 策后， 基金运营状况与基金净值变化引致的投资风险， 由投资者自行负责。 此外， 本基金以 1.00 元初始面值进行募集，在市场波动等因素
135,159186,SZ,SZ,2026-04-23,2026-04-23,临时数据/159186/159186_更新招募说明书_20260423.txt,114126,3,与基金的申购、赎回，则应开立深圳A 股账户。 在目前结算规则下， 投资者当日申购的基金份额， 清算交收完成后方可卖出和赎回， 即 T 日申购的基金份额且日间完成RTGS（实时逐笔全额结算）交收的，T 日可卖出和赎回，而 T 日申购的基金份额且日终完成逐笔全额非担保交收的，T+1 日方可卖出和赎回。T 日竞价 买入的基金份额，T 日可以卖出或赎回；T 日大宗买入的基金份额，T 日可以大宗卖出，T+1 日可以竞价卖出或赎回。 由于登记机构对赎回的现金替代采取非净额结算交收模式， 当投资 者赎回申请被登记机构确认后， 被赎回的基金份额即被记减， 但此时投资者尚未收到赎回现 金替代款。 基金的过往业绩并不预示其未来表现， 基金管理人管理的其他基金的业绩并不构成对本 基金表现的保证。 基金管理人依照恪尽职守、 诚实信用、 谨慎勤勉的原则管理和运用基金财产， 但不保证 基金一定盈利，也不保证最低收益。基金管理人提醒投资人基金投资的“买者自负”原则， 在投资人作出投资决策后， 基金运营状况与基金净值变化引致的投资风险， 由投资人自行承 担。 投资有风险，投资人在投资本基金前应认真阅读本基金的招募说明书、基金合同和基金 产品资料概要等信息披露文件。 各方当事人同意，因《基金合同》而产生的或与《基金合同》有关的一切争议，如经友,5,1,%；本基金在任何交易日日终，持有的卖出国债期货合约价值不得超过基金持有 的债券总市值的 30%； d.本基金所持有的股票市值和买入、卖出股指期货合约价值，合计（轧差计算）应当符 合基金合同关于股票投资比例的有关约定； 本基金所持有的债券 （不含到期日在一年以内的 政府债券）市值和买入、卖出国债期货合约价值，合计（轧差计算）应当符合基金合同关于 债券投资比例的有关约定； e.本基金在任何交易日内交易（不包括平仓）的股指期货合约的成交金额不得超过上一 交易日基金资产净值的 20%；本基金在任何交易日内交易（不包括平仓）的国债期货合约 的成交金额不得超过上一交易日基金资产净值的 30%； f.本基金每个交易日日终在扣除股指期货、国债期货和股票期权合约需缴纳的交易保证 金后，应当保持不低于交易保证金一倍的现金，其中现金不包括结算备付金、存出保证金、 应收申购款等； 50 （10）若本基金参与股票期权交易，需遵守下列投资比例限制： a.因未平仓的期权合约支付和收取的权利金总额不得超过基金资产净值的10%； b.开仓卖出认购期权的，应持有足额标的证券；开仓卖出认沽期权的，应持有合约行权 所需的全额现金或交易所规则认可的可冲抵期权保证金的现金等价物； c.未平仓的期权合约面值不得超过基金资产净值的 20%。 其中， 合约面值按照行权价乘 以合约乘数计算； （1,2,0,管理人将向投资者收取欠缺的差额。 基金管理人可以根据市场情况和实际需要确定和调整申购现金替代保证金率， 具体的申 购现金替代保证金率以申购赎回清单公告为准。 ③申购替代金额的处理程序 T日，基金管理人在申购赎回清单中公布申购现金替代保证金率，并据此收取申购替代 金额。 对于确认成功的T日申购申请，通常情况下T日内基金管理人根据申购规模进行组合证券 的代理买入。基金管理人有权在T日内任意时刻以收到的替代金额代投资者买入小于等于被 替代证券数量的任意数量的被替代证券，实际买入被替代证券的价格可能为T日内的任意成 39 交价。 基金管理人有权根据基金投资的需要自主决定不买入部分被替代证券， 或者不进行任 何买入证券的操作，基金管理人可能不买入被替代证券的情形包括但不限于市场流动性不 足、技术系统无法实现以及基金管理人认为不应买入的其他情形。T日日终，基金管理人根 据所购入的被替代证券的实际单位购入成本 （包括买入价格与相关费用， 折算为人民币）和 未买入的被替代证券的T日收盘价（折算为人民币，折算汇率采用基金管理人和基金托管人 商定的汇率公允价，汇率公允价包括中国人民银行或其授权机构公布的人民币汇率中间价、 中国外汇交易中心参考汇率、 中国外汇交易中心收盘价、基金管理人与基金托管人商定的其 他公允价格等； 当日在证券交易所无交易的， 取最近交易日的收盘价；当日无收盘价的,2,2,要权益变动，则进行相应调整。 ④赎回对应的替代金额 赎回时， 对于可以现金替代的证券， 替代金额为扣除相关费用后的该证券的卖出价值 （或 证券实际结算价值） ⑤赎回替代金额的处理程序 对于确认成功的T日赎回申请，通常情况下T日内基金管理人根据赎回规模进行组合证券 的代理卖出。基金管理人有权在T日内任意时刻卖出小于等于被替代证券数量的任意数量的 被替代证券，实际卖出被替代证券的价格可能为T日内的任意成交价。基金管理人有权根据 基金投资的需要自主决定不卖出部分被替代证券， 或者不进行任何卖出证券的操作， 基金管 理人可能不卖出被替代证券的情形包括但不限于市场流动性不足、 技术系统无法实现以及基 金管理人认为不应卖出的其他情形。T日日终，基金管理人根据所卖出的被替代证券的实际 单位卖出金额（扣除相关费用，折算为人民币）和未卖出的被替代证券的T日收盘价（折算 为人民币， 折算汇率采用基金管理人和基金托管人商定的汇率公允价， 汇率公允价包括中国 人民银行或其授权机构公布的人民币汇率中间价、 中国外汇交易中心参考汇率、 中国外汇交 40 易中心收盘价、基金管理人与基金托管人商定的其他公允价格等； 当日在证券交易所无交易 的， 取最近交易日的收盘价；当日无收盘价的， 取最后成交价） 计算被替代证券的单位结算 金额， 在此基础上根据替代证券数量确定赎回替代金额。 正常情况下，T日,基金账户只能进行基金份额的现金认 购和二级市场交易，如投资者需要参与基金的申购、赎回，则应开立深圳A 股账户。 在目前结算规则下， 投资者当日申购的基金份额， 清算交收完成后方可卖出和赎回， 即 T 日申购的基金份额且日间完成RTGS（实时逐笔全额结算）交收的，T 日可卖出和赎回，而 T 日申购的基金份额且日终完成逐笔全额非担保交收的，T+1 日方可卖出和赎回。T 日竞价 买入的基金份额，T 日可以卖出或赎回；T 日大宗买入的基金份额，T 日可以大宗卖出，T+1 日可以竞价卖出或赎回。 由于登记机构对赎回的现金替代采取非净额结算交收模式， 当投资 者赎回申请被登记机构确认后， 被赎回的基金份额即被记减， 但此时投资者尚未收到赎回现 金替代款。 基金的过往业绩并不预示其未来表现， 基金管理人管理的其他基金的业绩并不构成对本 基金表现的保证。 基金管理人依照恪尽职守、 诚实信用、 谨慎勤勉的原则管理和运用基金财产， 但不保证 基金一定盈利，也不保证最低收益。基金管理人提醒投资人基金投资的“买者自负”原则， 在投资人作出投资决策后， 基金运营状况与基金净值变化引致的投资风险， 由投资人自行承 担。 投资有风险，投资人在投资本基金前应认真阅读本基金的招募说明书、基金合同和基金 产品资料概要等信息披露文件。 各方当事人同意，因《基金合同》而产生的或与《基金合同
136,159960,SZ,SZ,2026-07-28,2026-07-28,临时数据/159960/159960_更新招募说明书_20260728.txt,110994,3,现金替代、现金差额及其他对价的清算交收 适用相关业务规则和参与各方相关协议及其不时修订的有关规定。本基金现金申购业务中 的现金替代采用逐笔全额结算（T 日日间 RTGS 交收+T 日日终逐笔全额非担保交收）处理； 现金赎回业务中的现金替代采用代收代付处理；现金申购、赎回业务涉及的现金差额和现 金替代退补款采用代收代付处理。 投资者 T 日提交的现金申购申请受理后，日间完成 RTGS 交收部分，登记机构在 T 日为 该投资者办理基金份额登记以及现金替代的交收；日间未完成 RTGS 交收部分，登记机构在 T 日日终为该投资者办理基金份额登记以及现金替代的交收，并将结果发送给基金管理人、 申购赎回代理券商和基金托管人。基金管理人在 T+2 日内办理现金差额的清算，在 T+3 日 内办理现金差额的交收。 投资者 T 日提交的现金赎回申请受理后，登记机构在 T 日为投资者办理基金份额的注 销，并将结果发送给基金管理人、申购赎回代理券商和基金托管人。基金管理人在 T+2 日 内办理现金差额的清算，在 T+3 日内办理现金差额的交收。现金赎回替代款的清算交收由 平安港股通恒生中国企业交易型开放式指数证券投资基金招募说明书（更新） 46 基金管理人和申购赎回代理券商协商处理，正常情况下，该款项的清算交收于 T+7 日（指 开放,3,0,；在 任何交易日内交易（不包括平仓）的股指期货合约的成交金额不得超过上一交易日基金资 产净值的 20%；本基金所持有的股票市值和买入、卖出股指期货合约价值合计（轧差计算） 应当符合基金合同关于股票投资比例的有关约定； （4）本基金持有的全部权证，其市值不得超过基金资产净值的 3％； （5）本基金管理人管理的全部基金持有的同一权证，不得超过该权证的 10％； （6）本基金在任何交易日买入权证的总金额，不得超过上一交易日基金资产净值的 0.5％； （7）本基金投资于同一原始权益人的各类资产支持证券的比例，不得超过基金资产净 值的 10％； 平安港股通恒生中国企业交易型开放式指数证券投资基金招募说明书（更新） 41 （8）本基金持有的全部资产支持证券，其市值不得超过基金资产净值的 20％； （9）本基金持有的同一(指同一信用级别)资产支持证券的比例，不得超过该资产支持 证券规模的 10％； （10）本基金管理人管理的全部基金投资于同一原始权益人的各类资产支持证券，不 得超过其各类资产支持证券合计规模的 10％； （11）本基金应投资于信用级别评级为 BBB 以上(含 BBB)的资产支持证券。基金持有 资产支持证券期间，如果其信用等级下降、不再符合投资标准，应在评级报告发布之日起 3 个月内予以全部卖出； （12）基金财产参与股票发行申购，本基金所申报的,1,0,成功的 T 日申购申请，T 日（指开放日）内基金管理人根据申购规模进行组 合证券的代理买入。基金管理人有权在 T 日（指开放日）内任意时刻以收到的申购替代金 额代投资者买入小于等于被替代证券数量的任意数量的被替代证券。基金管理人有权根据 平安港股通恒生中国企业交易型开放式指数证券投资基金招募说明书（更新） 49 基金投资的需要自主决定不买入部分被替代证券，或者不进行任何买入证券的操作。T 日 （指开放日）日终，基金管理人根据所购入的被替代证券的实际单位购入成本（包括买入 价格与相关费用，折算为人民币）和未买入的被替代证券的 T 日（指开放日）收盘价（折 算为人民币，T 日（指开放日）在证券交易所无交易的，取最近交易日的收盘价）计算被 替代证券的单位结算成本，在此基础上根据替代证券数量和申购现金替代保证金确定基金 应退还投资者或投资者应补交的款项。在此期间若该部分证券发生除息、送股（转增）、 配股等重要权益变动，则进行相应调整。正常情况下，T+5 日（指开放日）内，基金管理 人将应退款和补款的明细及汇总数据发送给登记结算机构，登记结算机构办理现金替代多 退少补资金的清算，并将结果发送给相关申购赎回代理机构和基金托管人，相关款项的交 收于数据发送后的第 1 个工作日内完成。若发生特殊情况，基金管理人可以对交收日期进 行相应调整。上述汇率目前采用汇率公允价。汇,1,0,基金托管人商定的其他公允 价格等。 ④赎回对应的替代金额 赎回时，对于可以现金替代的证券，替代金额为扣除相关费用后的该证券的卖出价值 （或证券实际结算价值） ⑤赎回替代金额的处理程序 对于确认成功的 T 日赎回申请，T 日（指开放日）基金管理人根据赎回规模进行组合 证券的代理卖出。基金管理人有权在 T 日（指开放日）内任意时刻代投资者卖出小于等于 被替代证券数量的任意数量的被替代证券。基金管理人有权根据基金投资的需要自主决定 不卖出部分被替代证券，或者不进行任何卖出证券的操作。T 日（指开放日）日终，基金 管理人根据所卖出的被替代证券的实际单位卖出金额（扣除相关费用，折算为人民币）和 未卖出的被替代证券的 T 日（指开放日）收盘价（折算为人民币，被替代证券 T 日（指开 放日）在证券交易所无交易的，取最近交易日的收盘价）计算被替代证券的单位结算金 额，在此基础上根据替代证券数量确定赎回替代金额。在此期间若该部分证券发生除息、 送股（转增）、配股等重要权益变动，则进行相应调整。T+5 日（指开放日）内，基金管 理人将应支付的替代金额的明细及汇总数据发送给登记结算机构，登记结算机构办理赎回 替代金额的清算，并将结果发送给相关申购赎回代理机构和基金托管人，相关款项的交收 于数据发送后的第 1 个工作日内完成。上述汇率目前采用汇率公允价。汇率公允价包括但 不限于港股通结算,在投资 人作出投资决策后，基金运营状况、基金份额上市交易价格波动与基金净值变化引致的投 资风险，由投资人自行负责。 在目前结算规则下，投资者当日申购的基金份额，清算交收完成后方可卖出和赎回。 投资者确认知晓并同意申购本基金基金份额的行为即视为同意履行全力配合基金管理 人穿透识别最终投资者（穿透识别标准以法律法规、自律规则及相关开户机构的要求为准， 下同）的义务，如投资者拒绝配合基金管理人进行穿透识别最终投资者的，基金管理人有 权拒绝投资者的申购申请，申购申请已经确认的，基金管理人有权强制赎回相应的基金份 额。 2026 年 7 月 24 日，对本招募说明书中的基金经理相关信息进行了更新。除上述事项 外，本招募说明书所载内容截止日期为 2026 年 3 月 31 日，其中投资组合报告与基金业绩 截止日期为 2026 年 3 月 31 日。有关财务数据未经审计。 平安港股通恒生中国企业交易型开放式指数证券投资基金招募说明书（更新） 4 目录 重要提示 .............................................................................................................................................2 第一部分 绪言 ...
137,520790,SH,SH,,2026-02-02,临时数据/520790/520790_招募说明书_20260202.txt,110532,4,易型开放式指数证券投资基金 招募说明书 5 目前结算规则下，投资者当日申购的基金份额，清算交收完成后方可卖出和赎回， 即 T 日申购的 ETF 份额且日间完成 RTGS（实时逐笔全额结算）交收，T 日可卖 出与赎回；T 日申购的 ETF 份额日间未完成交收的，日终完成逐笔全额非担保 交收，T+1 日方可卖出和赎回；T 日买入的基金份额，T 日可以赎回。 投资人投资本基金时需具有上海证券交易所 A 股账户或基金账户。其中，上 海证券交易所基金账户只能进行基金的现金认购和二级市场交易，如投资人需要 参与基金的申购、赎回，则应开立并使用上海证券交易所 A 股账户。 投资者投资于本基金前请认真阅读证券交易所和登记结算机构关于 ETF 的 相关业务规则及其不时的更新，确保具备相关专业知识、清楚了解相关规则流程 后方可参与本基金的认购、申购、赎回及交易。投资者一旦认购、申购或赎回本 基金，即表示对基金认购、申购和赎回所涉及的登记方式以及申购赎回所涉及组 合证券（如适用）、现金替代、现金差额等相关的交收方式及业务规则已经认可。 本基金以 1 元初始面值进行募集，在市场波动等因素的影响下，存在单位份 额净值跌破 1 元初始面值的风险。 基金的过往业绩并不代表其未来表现。基金管理人管理的其他基金的业绩不 构成新基金业绩表现的保证,6,4,根据基金投资的 需要自主决定不卖出部分被替代证券，或者不进行任何卖出被替代证券的操作。 E.在系统支持的情况下，对于 T 日的申购赎回申请，基金管理人有权进行 轧差处理，针对净申购，购入净申购份额对应的组合证券中被替代的成份证券， 针对净赎回，卖出净赎回份额对应的组合证券中被替代的成份证券，基金管理人 有权购入或者卖出不等于轧差处理后的上述被替代的成份证券的任意数量。 兴业中证港股通互联网交易型开放式指数证券投资基金 招募说明书 41 F.基金管理人可根据运作情况调整代理申赎投资者买券卖券的相关规则并 按规定公告。 G.未来如港股通交易、结算规则发生改变，或上海证券交易所、登记机构有 关申购赎回交易结算规则发生改变，或基金管理人与基金托管人之间的结算相关 安排发生改变等，基金管理人可对上述相关现金替代处理规则进行调整，并按规 定公告。 （2）必须现金替代 A.适用情形：必须现金替代的证券一般是由于标的指数调整，即将被剔除的 成份证券；或处于停牌的成份证券；或因法律法规限制投资的成份证券；或基金 管理人出于保护持有人利益等原因认为有必要实行必须现金替代的成份证券。 B.替代金额：对于必须现金替代的证券，基金管理人将在申购赎回清单中公 告替代的一定数量的现金，即“固定替代金额”。固定替代金额的计算方法为申 购赎回清单中该证券的数量乘以其 T 日预计开,0,0,金作为 替代，基金管理人按照固定现金替代金额与投资者进行结算。 （1）可以现金替代 A.适用情形：可以现金替代的证券是指基金管理人认为需要在投资者申购或 赎回时代投资者买入或卖出的证券。 B.申购现金替代保证金：对于可以现金替代的证券，申购现金替代保证金的 计算公式为： 替代金额=替代证券数量×该证券 T 日预计开盘价×T-1 日估值汇率 申购现金替代保证金＝替代金额×（1＋申购现金替代溢价比例） 兴业中证港股通互联网交易型开放式指数证券投资基金 招募说明书 39 收取现金替代溢价的原因是，基金管理人需要在收到申购确认信息后，在香 港市场买入相应的组合证券，而实际买入价格（或证券实际结算价格）加上相关 交易费用后与申购时证券的预计开盘价（使用估值汇率调整）可能有所差异。为 便于操作，基金管理人在申购赎回清单中预先确定申购现金替代溢价比例，并据 此收取申购现金替代保证金。如果预先收取的申购现金替代保证金高于购入该部 分证券的实际结算成本，则基金管理人将退还多收取的差额；如果预先收取的申 购现金替代保证金低于基金购入该部分证券的实际结算成本，则基金管理人将向 投资者收取欠缺的差额。 基金管理人可以根据市场情况和实际需要确定和调整申购现金替代溢价比 例，具体的申购现金替代溢价比例以申购赎回清单公告为准。 C.申购现金替代保证金的处理程序 T 日，基金管理人在申,0,1,金作为 替代，基金管理人按照固定现金替代金额与投资者进行结算。 （1）可以现金替代 A.适用情形：可以现金替代的证券是指基金管理人认为需要在投资者申购或 赎回时代投资者买入或卖出的证券。 B.申购现金替代保证金：对于可以现金替代的证券，申购现金替代保证金的 计算公式为： 替代金额=替代证券数量×该证券 T 日预计开盘价×T-1 日估值汇率 申购现金替代保证金＝替代金额×（1＋申购现金替代溢价比例） 兴业中证港股通互联网交易型开放式指数证券投资基金 招募说明书 39 收取现金替代溢价的原因是，基金管理人需要在收到申购确认信息后，在香 港市场买入相应的组合证券，而实际买入价格（或证券实际结算价格）加上相关 交易费用后与申购时证券的预计开盘价（使用估值汇率调整）可能有所差异。为 便于操作，基金管理人在申购赎回清单中预先确定申购现金替代溢价比例，并据 此收取申购现金替代保证金。如果预先收取的申购现金替代保证金高于购入该部 分证券的实际结算成本，则基金管理人将退还多收取的差额；如果预先收取的申 购现金替代保证金低于基金购入该部分证券的实际结算成本，则基金管理人将向 投资者收取欠缺的差额。 基金管理人可以根据市场情况和实际需要确定和调整申购现金替代溢价比 例，具体的申购现金替代溢价比例以申购赎回清单公告为准。 C.申购现金替代保证金的处理程序 T 日，基金管理人在申购赎回,境内证券交易所上市的 ETF 产品存在一定差异。在 兴业中证港股通互联网交易型开放式指数证券投资基金 招募说明书 5 目前结算规则下，投资者当日申购的基金份额，清算交收完成后方可卖出和赎回， 即 T 日申购的 ETF 份额且日间完成 RTGS（实时逐笔全额结算）交收，T 日可卖 出与赎回；T 日申购的 ETF 份额日间未完成交收的，日终完成逐笔全额非担保 交收，T+1 日方可卖出和赎回；T 日买入的基金份额，T 日可以赎回。 投资人投资本基金时需具有上海证券交易所 A 股账户或基金账户。其中，上 海证券交易所基金账户只能进行基金的现金认购和二级市场交易，如投资人需要 参与基金的申购、赎回，则应开立并使用上海证券交易所 A 股账户。 投资者投资于本基金前请认真阅读证券交易所和登记结算机构关于 ETF 的 相关业务规则及其不时的更新，确保具备相关专业知识、清楚了解相关规则流程 后方可参与本基金的认购、申购、赎回及交易。投资者一旦认购、申购或赎回本 基金，即表示对基金认购、申购和赎回所涉及的登记方式以及申购赎回所涉及组 合证券（如适用）、现金替代、现金差额等相关的交收方式及业务规则已经认可。 本基金以 1 元初始面值进行募集，在市场波动等因素的影响下，存在单位份 额净值跌破 1 元初始面值的风险。 基金的过往业绩并不代表其未来表现。基金管理人管理的其他基金
138,513890,SH,SH,2026-08-26,2026-08-26,临时数据/513890/513890_更新招募说明书_20260826.txt,124040,0,,3,1,任何交易日内交易（不包括平仓）的股指期货合约的成交金额不得超 过上一交易日基金资产净值的 20%； 5）本基金所持有的股票市值和买入、卖出股指期货合约价值合计（轧差计 算）应当符合基金合同关于股票投资比例的有关约定； （9）每个交易日日终在扣除股指期货和股票期权合约需缴纳的交易保证金 摩根恒生科技交易型开放式指数证券投资基金（QDII）－招募说明书（更新） 后， 应当保持不低于交易保证金一倍的现金， 其中现金不包括结算备付金、 存出 保证金、应收申购款等； （10）本基金参与股票期权交易的，应当符合下列要求： 基金因未平仓的期权合约支付和收取的权利金总额不得超过基金资产净值 的 10%； 开仓卖出认购期权的， 应持有足额标的证券； 开仓卖出认沽期权的， 应 持有合约行权所需的全额现金或交易所规则认可的可冲抵期权保证金的现金等 价物； 未平仓的期权合约面值不得超过基金资产净值的20%。 其中， 合约面值按 照行权价乘以合约乘数计算； （11）基金总资产不得超过基金净资产的 140%； （12） 本基金参与融资的， 每个交易日日终， 本基金持有的融资买入股票与 其他有价证券市值之和，不得超过基金资产净值的 95%； （13） 本基金参与转融通证券出借业务的， 出借证券资产不得超过基金资产 净值的 30%，出借期限在 10 个交易日以上的出借证券应纳入,0,1,照 T-1 日估值汇率换 算或基金管理人认为合理的其他方法。 ②关于可以现金替代 A. 适用情形：可以现金替代的证券是指基金管理人认为需要在投资者申购 或赎回时代投资者买入或卖出的证券。 B. 申购替代金额：对于可以现金替代的证券，替代金额的计算公式为： 申购的替代金额＝替代证券数量×该证券调整后 T 日开盘参考价×T-1 日 估值汇率×（1+申购现金替代溢价比例） ； C. 申购替代金额的处理程序：对可以现金替代而言，申购时收取现金替代 溢价的原因是， 对于使用现金替代的证券， 基金管理人将买入该证券， 实际买入 价格加上相关交易费用后与该证券调整后 T 日开盘参考价可能有所差异。为便 于操作， 基金管理人在申购、 赎回清单中预先确定现金替代溢价比例， 并据此收 取替代金额。 如果预先收取的金额高于基金购入该部分证券的实际成本， 则基金 管理人将退还多收取的差额；如果预先收取的金额低于基金购入该部分证券的 实际成本，则基金管理人将向投资者收取欠缺的差额。 其中，调整后 T 日开盘参考价主要根据指数服务机构提供的标的指数成份 证券的调整后开盘参考价确定。 对于确认成功的 T 日申购申请，基金管理人可以通过在香港市场交易或港 股通等方式代投资者买入相关证券。T+1 日（指香港交易所交易日）日终，基金 管理人根据所购入的被替代证券的实际单位买入成本（包含买入,0,1,照 T-1 日估值汇率换 算或基金管理人认为合理的其他方法。 ②关于可以现金替代 A. 适用情形：可以现金替代的证券是指基金管理人认为需要在投资者申购 或赎回时代投资者买入或卖出的证券。 B. 申购替代金额：对于可以现金替代的证券，替代金额的计算公式为： 申购的替代金额＝替代证券数量×该证券调整后 T 日开盘参考价×T-1 日 估值汇率×（1+申购现金替代溢价比例） ； C. 申购替代金额的处理程序：对可以现金替代而言，申购时收取现金替代 溢价的原因是， 对于使用现金替代的证券， 基金管理人将买入该证券， 实际买入 价格加上相关交易费用后与该证券调整后 T 日开盘参考价可能有所差异。为便 于操作， 基金管理人在申购、 赎回清单中预先确定现金替代溢价比例， 并据此收 取替代金额。 如果预先收取的金额高于基金购入该部分证券的实际成本， 则基金 管理人将退还多收取的差额；如果预先收取的金额低于基金购入该部分证券的 实际成本，则基金管理人将向投资者收取欠缺的差额。 其中，调整后 T 日开盘参考价主要根据指数服务机构提供的标的指数成份 证券的调整后开盘参考价确定。 对于确认成功的 T 日申购申请，基金管理人可以通过在香港市场交易或港 股通等方式代投资者买入相关证券。T+1 日（指香港交易所交易日）日终，基金 管理人根据所购入的被替代证券的实际单位买入成本（包含买入价格与,本基金的标的指 数组合证券均为境外证券交易场所上市股票， 本基金的申购、 赎回流程与标的指 数组合证券仅在境内上市的 ETF 产品有所差异， 存在因投资者不了解清算交收 规则及其差异而导致的风险。基金管理人提醒投资者投资于本基金前应认真阅 读证券交易所及登记机构的相关业务规则及其不时的更新，确保具备相关专业 知识后方可参与本基金的申购、赎回及交易。 2、本基金目前采用现金申赎原则，投资者的申购、赎回对价依据招募说明 书约定的代理买卖原则确定， 可能受组合证券的买卖价格、 汇率等的影响， 与申 请当日的基金份额净值或有不同， 投资者须承担其中的交易费用、 汇率波动和冲 击成本，也可能因期间市场波动而遭遇损失。 3、投资者在赎回基金份额时，基金投资组合变现可能受到市场变化、部分 成份股停牌或流动性不足等因素影响，导致投资者收到的赎回对价可能延期交 收或赎回对价的金额出现较大波动的风险。 4、投资者申购失败的风险 本基金申购时， 如果投资人未能提供符合要求的申购对价， 申购申请可能失 败。 基金还可能在申购赎回清单中设定申购份额上限， 如果投资人的申购申请接 受后将使当日申购总份额超过申购份额上限， 则投资人的申购申请可能失败。 此 外， 如果申购赎回代理机构交收资金不足， 登记机构将按照投资人申报时间先后 摩根恒生科技交易型开放式指数证券投资基金（QDI
139,520780,SH,SH,2025-12-24,2025-12-24,临时数据/520780/520780_更新招募说明书_20251224.txt,100882,4,华宝中证港股通汽车产业主题交易型开放式指数证券投资基金招募说明书 在目前结算规则下，投资者当日申购的基金份额，清算交收完成后方可卖出和赎回。本 基金申购业务采用实时逐笔全额结算（Real Time Gross Settlement ，以下简称RTGS）模 式，投资者T日申购后，如交易记录已勾单且申购资金足额的，登记机构在T日日间实时办理 基金份额及现金替代的交收；T日日间未进行勾单确认或日间资金不足的，登记机构在T日日 终根据资金是否足额办理基金份额及现金替代的清算交收。 在目前的业务规则下， 投资者投资本基金时需具有上海证券交易所A股账户或基金账户。 其中，上海证券交易所基金账户只能进行基金的现金认购和二级市场交易。 本基金可参与股指期货交易，可能面临杠杆风险、基差风险、股指期货展期时的流动性 风险、期货盯市结算制度带来的现金管理风险、到期日风险、对手方风险、连带风险、未平 仓合约不能继续持有风险等。 本基金的投资范围包括资产支持证券。资产支持证券存在信用风险、利率风险、流动性 风险、提前偿付风险、操作风险和法律风险等。 本基金可参与融资业务。融资业务存在信用风险、投资风险和合规风险等风险。本基金 可参与转融通证券出借业务。转融通证券出借业务的风险包括但不限于流动性风险、信用风 险和市场风险。 本基金可投资存托凭,2,1,港股通汽车产业主题交易型开放式指数证券投资基金招募说明书 48 付金、存出保证金、应收申购款等） ；本基金所持有的股票市值和买入、卖出股指期货合约 价值，合计（轧差计算）应当符合基金合同关于股票投资比例的有关约定； （3）本基金投资于同一原始权益人的各类资产支持证券的比例，不得超过基金资产净 值的10％； （4）本基金持有的全部资产支持证券，其市值不得超过基金资产净值的20％； （5）本基金持有的同一(指同一信用级别)资产支持证券的比例，不得超过该资产支持 证券规模的10％； （6）本基金管理人管理的全部基金投资于同一原始权益人的各类资产支持证券，不得 超过其各类资产支持证券合计规模的10％； （7）本基金应投资于信用级别评级为 BBB 以上(含 BBB)的资产支持证券。基金持有资 产支持证券期间，如果其信用等级下降、不再符合投资标准，应在评级报告发布之日起3个 月内予以全部卖出； （8）基金财产参与股票发行申购，本基金所申报的金额不超过本基金的总资产，本基 金所申报的股票数量不超过拟发行股票公司本次发行股票的总量； （9）本基金进入全国银行间同业市场进行债券回购的最长期限为1 年，债券回购到期 后不得展期； （10）本基金主动投资于流动性受限资产的市值合计不得超过基金资产净值的15%；因 证券市场波动、上市公司股票停牌、基金规模变动等基金管理人,0,1,先收取的申购现金替代保证金低于基金购入该部分证券的实际结算成本，则基 金管理人将向投资者收取欠缺的差额。 ③替代金额的处理程序 基金管理人在T日以收到的替代金额代投资者买入被替代证券。基金管理人有权根据 基金投资的需要自主决定不买入部分被替代证券，或者不进行任何买入被替代证券的操 作。对于确认成功的T日申购申请，T+1日内基金管理人根据申购规模进行组合证券的代 理买入，通常情况下代理买入在T日完成。基金管理人根据所购入的被替代证券的实际单 位购入成本（包括买入价格与相关费用）和未买入的被替代证券的T 日收盘价（折算为人 华宝中证港股通汽车产业主题交易型开放式指数证券投资基金招募说明书 38 民币，折算汇率采用当天的估值汇率；T日在证券交易所无交易的，取最近交易日的收盘 价；交易日无收盘价的，取最后成交价）计算被替代证券的单位结算成本，在此基础上根 据替代证券数量和申购现金替代保证金确定基金应退还投资者或投资者应补交的款项。T 日后的第2个港股通交收日后的第1个工作日内，基金管理人将应退款或补款与相关申购 赎回代理机构办理交收。若发生特殊情况，基金管理人可以对交收日期进行相应调整。 如遇港股通临时停市、港股通交易每日额度或总额度不足等特殊情况，组合证券的代 理买入及结算价格可依次顺延至下一港股通交易日直至交易正常。如遇证券长期停牌、流 动性不足等可能导致收,0,0,替代款的 清算交收可在其复牌后按照实际交易成本办理。在此期间若该证券发生除息、送股（转 增）、配股等重要权益变动，则进行相应调整。 基金管理人在T日根据赎回申请代投资者卖出被替代证券。基金管理人有权根据基金 投资的需要自主决定不卖出部分被替代证券，或者不进行任何卖出被替代证券的操作。对 于确认成功的T日赎回申请，T+1日内，基金管理人根据赎回规模进行组合证券的代理卖 出。基金管理人根据所卖出的被替代证券的实际单位卖出金额（扣除相关费用）和未卖出 的被替代证券的T日收盘价（折算为人民币，折算汇率采用当天的估值汇率；被替代证券 T 日在证券交易所无交易的，取最近交易日的收盘价；交易日无收盘价的，取最后成交 价）计算被替代证券的单位结算金额，在此基础上根据替代证券数量确定赎回替代金额。 T 日后的第3个港股通交收日后的第1个工作日内，基金管理人将应支付的赎回替代 金额与相关申购赎回代理机构办理交收。若发生特殊情况，基金管理人可以对交收日期进 行相应调整。 如遇港股通临时停市、港股通交易每日额度或总额度不足等特殊情况，组合证券的代 理卖出及结算价格可依次顺延至下一港股通交易日直至交易正常。如遇证券长期停牌、流 动性不足等可能导致收盘价或最后成交价不公允的特殊情况，可参照证券的估值价格，对 结算价格进行调整，如果基金管理人认为该证券复牌后的价格可能存在较大波动，且,，并在实施 前依照有关规定在规定媒介上予以公告。 华宝中证港股通汽车产业主题交易型开放式指数证券投资基金招募说明书 在目前结算规则下，投资者当日申购的基金份额，清算交收完成后方可卖出和赎回。本 基金申购业务采用实时逐笔全额结算（Real Time Gross Settlement ，以下简称RTGS）模 式，投资者T日申购后，如交易记录已勾单且申购资金足额的，登记机构在T日日间实时办理 基金份额及现金替代的交收；T日日间未进行勾单确认或日间资金不足的，登记机构在T日日 终根据资金是否足额办理基金份额及现金替代的清算交收。 在目前的业务规则下， 投资者投资本基金时需具有上海证券交易所A股账户或基金账户。 其中，上海证券交易所基金账户只能进行基金的现金认购和二级市场交易。 本基金可参与股指期货交易，可能面临杠杆风险、基差风险、股指期货展期时的流动性 风险、期货盯市结算制度带来的现金管理风险、到期日风险、对手方风险、连带风险、未平 仓合约不能继续持有风险等。 本基金的投资范围包括资产支持证券。资产支持证券存在信用风险、利率风险、流动性 风险、提前偿付风险、操作风险和法律风险等。 本基金可参与融资业务。融资业务存在信用风险、投资风险和合规风险等风险。本基金 可参与转融通证券出借业务。转融通证券出借业务的风险包括但不限于流动性风险、信用风 险和市场风险。 本基
140,520570,SH,SH,2025-11-12,2025-11-12,临时数据/520570/520570_更新招募说明书_20251112.txt,138309,4,券仅在境内证券交易所上市的ETF产品存在一定差异， 在目前结 算规则下，投资者当日申购的基金份额，清算交收完成后方可卖出和赎回，即T日申购的基 金份额且日间完成RTGS(实时逐笔全额结算)交收，T日可卖出和赎回，而T日申购的基金份 额且日终完成逐笔全额非担保交收，T+1日方可卖出和赎回。T日买入的基金份额，T日可 以赎回。 投资人投资本基金时需具有上海证券交易所A股账户或基金账户。其中，上海证券交易 所基金账户只能进行基金的现金认购和二级市场交易， 如投资人需要参与基金的申购、 赎回， 则应开立并使用上海证券交易所A股账户。 投资人在投资本基金之前，请仔细阅读本基金的招募说明书、基金产品资料概要和基 金合同等信息披露文件，自主判断基金的投资价值，自主做出投资决策，全面认识本基金 的风险收益特征和产品特性，并充分考虑自身的风险承受能力，理性判断市场，谨慎做出 投资决策。基金的过往业绩并不预示其未来表现，基金管理人管理的其他基金的业绩也不 构成对本基金业绩表现的保证。基金管理人承诺以恪尽职守、诚实信用、谨慎勤勉的原则 管理和运用基金财产，但不保证基金一定盈利，也不向投资人保证最低收益。基金管理人 提醒投资人基金投资的“买者自负”原则，在投资人作出投资决策后，基金运营状况、基 金份额上市交易价格波动与基金净值变化引致,3,1,3）本基金在任何交易日日终，持有的卖出股指期货合约价值不得超过基金持有的股票 总市值的20%； 4）本基金所持有的股票市值和买入、卖出股指期货合约价值，合计（轧差计算）应当 符合基金合同关于股票投资比例的有关约定； 5）本基金在任何交易日内交易（不包括平仓）的股指期货合约的成交金额不得超过上 一交易日基金资产净值的20%； （11）本基金参与股票期权交易，应当符合下列投资限制： 1）基金因未平仓的期权合约支付和收取的权利金总额不得超过基金资产净值的10%； 2）开仓卖出认购期权的，应持有足额标的证券；开仓卖出认沽期权的，应持有合约行 权所需的全额现金或交易所规则认可的可冲抵期权保证金的现金等价物； 3）未平仓的期权合约面值不得超过基金资产净值的20%。其中，合约面值按照行权价 乘以合约乘数计算； （12）本基金参与转融通证券出借业务的，应当符合下列要求： 1）本基金在任何交易日日终，参与转融通证券出借业务的资产不得超过基金资产净值 的30%，其中出借期限在10个交易日以上的出借证券应纳入《流动性风险管理规定》所述 流动性受限证券的范围； 2）本基金在任何交易日日终，参与出借业务的单只证券不得超过基金持有该证券总量 的30%； 3）证券出借的平均剩余期限不得超过30天，平均剩余期限按市值加权平均计算； 4）最近6个月内日均基金资产净值不得低于2亿,0,3,"购现金替代保证金的处理程序 T日， 基金管理人在申购赎回清单中公布现金替代溢价比例， 并据此收取申购现金替代 保证金。 T+1日内， 基金管理人以收到的替代金额代投资者买入被替代证券。 基金管理人有权根 据基金投资的需要自主决定不买入部分被替代证券， 或者不进行任何买入被替代证券的操作。 对于确认成功的T日申购申请，T+1日日终, 若基金管理人已买入全部被替代的证券，则以 申购现金替代保证金与被替代证券的实际买入成本（包括买入价格与相关费用，按照汇率折 算为人民币）的差额，确定基金应退还投资人或投资人应补交的款项；若基金管理人未能买 入全部被替代的证券，则以申购现金替代保证金与所买入的部分被替代证券实际买入成本 （包括买入价格与相关费用，按照汇率折算为人民币）加上按照T+1日收盘价（按照汇率折 算为人民币，被替代证券T+1日无交易的，取最近交易日的收盘价）计算的未买入的部分被 替代证券价值的差额，确定基金应退还投资人或投资人应补交的款项。上述汇率目前采用汇 率公允价。汇率公允价包括中国外汇交易中心公布的人民币对主要货币参考汇率、中国人民 银行或其授权机构最新公布的人民币汇率中间价、与基金托管人商定的其他公允价格（如： 中国人民银行或国家外汇管理局或中国外汇交易中心正式对外公布的人民币兑主要外汇当 日收盘价）等。 正常情况下，T日后的第5个上海证券交易所、",0,4,"的清算交收可在其复牌后按照实际交易成本或者基金管理人认为 合理的价格办理。在此期间若该证券发生除息、送股（转增） 、配股等重要权益变动，则进 行相应调整。 D.赎回替代金额的处理程序 T+1日内， 基金管理人根据赎回申请代投资者卖出被替代证券。 基金管理人有权根据基 金投资的需要自主决定不卖出部分被替代证券，或者不进行任何卖出被替代证券的操作。对 于确认成功的T日赎回申请，T+1日日终, 若基金管理人已卖出全部被替代的证券，则以实 际卖出所得（卖出价格扣除相关费用，按照汇率折算为人民币） ，确定基金应交付给投资人 的赎回现金替代金额；若基金管理人未能卖出全部被替代的证券，则以实际卖出所得（卖出 价格扣除相关费用，按照汇率折算为人民币）加上按照T+1日收盘价（按照汇率折算为人民 币，被替代证券T+1日无交易的，取最近交易日的收盘价）计算的未卖出的部分被替代证券 价值，确定基金应交付给投资人的赎回现金替代金额。上述汇率目前采用汇率公允价。汇率 公允价包括但不限于中国外汇交易中心最新收盘价、中国外汇交易中心参考汇率、中国人民 银行或其授权机构最新公布的人民币汇率中间价、与基金托管人商定的其他公允价格等。 正常情况下，T日后的第8个上海证券交易所、香港证券交易所的共同交易日内，基金 管理人将应支付的赎回替代金额与相关申购赎回代理券商办理交收。 如遇半日港股通交易日 或因为",险、 交易对手信用风险、操作风险、保证金风险等；由此可能增加本基金净值的波动性。 本基金的标的指数组合证券主要在境外证券交易场所上市交易，基金份额申购、赎回的 清算交收与标的指数组合证券仅在境内证券交易所上市的ETF产品存在一定差异， 在目前结 算规则下，投资者当日申购的基金份额，清算交收完成后方可卖出和赎回，即T日申购的基 金份额且日间完成RTGS(实时逐笔全额结算)交收，T日可卖出和赎回，而T日申购的基金份 额且日终完成逐笔全额非担保交收，T+1日方可卖出和赎回。T日买入的基金份额，T日可 以赎回。 投资人投资本基金时需具有上海证券交易所A股账户或基金账户。其中，上海证券交易 所基金账户只能进行基金的现金认购和二级市场交易， 如投资人需要参与基金的申购、 赎回， 则应开立并使用上海证券交易所A股账户。 投资人在投资本基金之前，请仔细阅读本基金的招募说明书、基金产品资料概要和基 金合同等信息披露文件，自主判断基金的投资价值，自主做出投资决策，全面认识本基金 的风险收益特征和产品特性，并充分考虑自身的风险承受能力，理性判断市场，谨慎做出 投资决策。基金的过往业绩并不预示其未来表现，基金管理人管理的其他基金的业绩也不 构成对本基金业绩表现的保证。基金管理人承诺以恪尽职守、诚实信用、谨慎勤勉的原则 管理和运用基金财产，但不保证基金一定盈利，也不向投资人保
141,159239,SZ,SZ,2026-08-28,2026-08-28,临时数据/159239/159239_更新招募说明书_20260828.txt,118717,6,持 有人大会审议。 根据本基金现行适用的清算交收和申赎处理规则， 投资者当日申购的基金份 额，清算交收完成后方可卖出和赎回，即 T 日申购的基金份额且日间完成 RTGS （实时逐笔全额结算）交收的，T 日可卖出和赎回，而T 日申购的基金份额且日 终完成逐笔全额非担保交收的，T+1 日方可卖出和赎回；T 日竞价买入的基金份 额，T 日可以卖出或赎回；T 日大宗买入的基金份额，T 日可以大宗卖出，T+1 日 可以竞价卖出或赎回。 投资有风险， 投资者认购 （或申购） 基金时应认真阅读本招募说明书、 基金 合同、 基金产品资料概要等信息披露文件， 自主判断基金的投资价值， 自主做出 投资决策，自行承担投资风险。基金管理人提醒投资者基金投资的“买者自负” 原则， 在投资者作出投资决策后， 基金运营状况与基金净值变化引致的投资风险， 由投资者自行负责。 未来若出现标的指数不符合要求 （因成份股价格波动等指数编制方法变动之 外的因素致使标的指数不符合要求的情形除外） 、指数编制机构退出等情形，基 金管理人召集基金份额持有人大会对解决方案进行表决， 基金份额持有人大会未 成功召开或就上述事项表决未通过的， 基金合同终止。 因而， 本基金存在着无法 招募说明书（更新） 3 存续的风险。 因基金合同而产生的或与基金合同有关的一切,0,1,,2,0,际结算成本， 则基金管理人将退还多收取的差额； 如果预先收取的申购替代金额低于基金购入 该部分组合证券的实际结算成本，则基金管理人将向投资人收取欠缺的差额。 ③申购替代金额的处理程序 对于确认成功的 T 日申购申请，T 日内基金管理人根据申购规模进行组合证 券的代理买入。 基金管理人有权根据基金投资的需要自主决定不买入部分被替代 证券，或者不进行任何买入证券的操作。T 日日终，基金管理人根据所购入的被 替代组合证券的实际单位购入成本、 实际购入的相关费用 （实际购入金额根据港 股通相关业务规则按当天的港股通卖出结算汇兑比率折算为人民币） 、未购入的 被替代组合证券的 T 日收盘价 （折算为人民币， 折算汇率采用基金管理人和基金 托管人商定的汇率公允价， 包括中国外汇交易中心公布的北京时间16:00 参考汇 率、 港股通买入结算汇兑比率和卖出结算汇兑比率的算术平均值、 中国人民银行 或其授权机构公布的人民币汇率中间价、与基金托管人商定的其他公允价格等； 被替代组合证券 T 日无交易的， 取最近交易日的收盘价； 交易日无收盘价的， 取 最后收盘价） 计算并确定被替代组合证券的单位结算成本， 在此基础上根据替代 组合证券数量和申购现金替代保证金确定基金应退还投资人的款项或投资人应 补交的款项。 若发生特殊情况， 包括如遇港股通结算异常等， 基金管理人可以对 折算汇率和结,2,4,该证券对应的现金替代款的清算交收可在其复牌后按照实际交 易成本办理。 在此期间若该证券发生除息、 送股 （转增） 、 配股等重要权益变动， 则进行相应调整。 ④赎回替代金额的处理程序 对于确认成功的 T 日赎回申请，T 日内基金管理人根据赎回规模进行组合证 券的代理卖出。 基金管理人有权根据基金投资的需要自主决定不卖出部分被替代 证券， 或者不进行任何卖出证券的操作。T 日内基金管理人根据所卖出的被替代 组合证券的实际单位卖出金额、 实际卖出的相关费用（实际卖出金额根据港股通 相关业务规则按当天的港股通买入结算汇兑比率折算为人民币）、未卖出的被替 代组合证券的 T 日收盘价 （折算为人民币， 折算汇率采用基金管理人和基金托管 人商定的汇率公允价，包括中国外汇交易中心公布的北京时间 16:00 参考汇率、 港股通买入结算汇兑比率和卖出结算汇兑比率的算术平均值、 中国人民银行或其 授权机构公布的人民币汇率中间价、 与基金托管人商定的其他公允价格等； 被替 代组合证券 T 日无交易的， 取最近交易日的收盘价； 交易日无收盘价的， 取最后 收盘价） 计算并确定被替代组合证券的单位结算金额， 在此基础上根据替代组合 证券数量确定赎回替代金额。若发生特殊情况， 包括如遇港股通结算异常等， 基 金管理人可以对折算汇率和结算金额进行相应调整。T 日后的第 4 个港股通交收 日后的,， 或开通场外申购、 赎回相关业务， 相应的业 务规则、 申购赎回原则等相关事项届时将另行约定并公告， 无需召开基金份额持 有人大会审议。 根据本基金现行适用的清算交收和申赎处理规则， 投资者当日申购的基金份 额，清算交收完成后方可卖出和赎回，即 T 日申购的基金份额且日间完成 RTGS （实时逐笔全额结算）交收的，T 日可卖出和赎回，而T 日申购的基金份额且日 终完成逐笔全额非担保交收的，T+1 日方可卖出和赎回；T 日竞价买入的基金份 额，T 日可以卖出或赎回；T 日大宗买入的基金份额，T 日可以大宗卖出，T+1 日 可以竞价卖出或赎回。 投资有风险， 投资者认购 （或申购） 基金时应认真阅读本招募说明书、 基金 合同、 基金产品资料概要等信息披露文件， 自主判断基金的投资价值， 自主做出 投资决策，自行承担投资风险。基金管理人提醒投资者基金投资的“买者自负” 原则， 在投资者作出投资决策后， 基金运营状况与基金净值变化引致的投资风险， 由投资者自行负责。 未来若出现标的指数不符合要求 （因成份股价格波动等指数编制方法变动之 外的因素致使标的指数不符合要求的情形除外） 、指数编制机构退出等情形，基 金管理人召集基金份额持有人大会对解决方案进行表决， 基金份额持有人大会未 成功召开或就上述事项表决未通过的， 基金合同终止。 因而， 本基金存在着无法
142,513230,SH,SH,2026-08-18,2026-08-18,临时数据/513230/513230_更新招募说明书_20260818.txt,111448,2,登记 本基金申购赎回过程中涉及的基金份额、现金替代、现金差额及其他对价的清算交收适 用相关业务规则和参与各方相关协议及其不时修订的有关规定。 本基金申购业务采用实时逐笔全额结算（Real Time Gross Settlement，以下简称RTGS） 模式；赎回业务涉及的现金替代可采用代收代付处理；申购、赎回业务涉及的现金差额和现 金替代退补款可采用代收代付处理。 1）申购的清算交收 投资者T日现金申购后，如交易记录已勾单且申购资金足额的，登记结算机构在T日 日间实时办理基金份额及现金替代的交收；T日日间未进行勾单确认或日间资金不足的，登 记结算机构在T日日终根据资金是否足额办理基金份额及现金替代的清算交收，并将结果 发送给基金管理人、申购赎回代理券商和基金托管人。基金管理人在T+2日内办理现金差 额的交收。 2）赎回的清算交收 投资者T日赎回申请受理后，登记结算机构在T日收市后为投资者办理基金份额的清 算交收。基金管理人在T+2日内通过登记结算机构的代收代付平台办理现金差额的交收。 正常情况下，基金管理人不迟于T+7日（指开放日）办理赎回替代款项的交付。但如 果出现基金投资市场交易清算规则发生较大变化、 基金赎回数额较大或组合证券内的部分证 券因停牌、流动性不足或其他原因导致无法足额卖出，则赎回款项的清算交收可延,1,1,不卖出部分被替代证券，或者不进行任何买入或卖出证券的操作，基 金管理人可能不买入或不卖出被替代证券的情形包括但不限于市场流动性不足、技术系统 无法实现、申购赎回轧差以及基金管理人认为不应买入或卖出的其他情形，投资者需关注 由此引发的相关风险。 14、基金收益分配后基金份额净值低于面值的风险 基于本基金的性质和特点，本基金收益分配不以弥补亏损为前提，收益分配后可能存 在基金份额净值低于面值的风险。 15、第三方机构服务的风险 基金的多项服务委托第三方机构办理，存在以下风险： （1）申购赎回代理券商因多种原因，导致代理申购、赎回业务受到限制、暂停或终止， 由此影响对投资者申购赎回服务的风险。 （2）登记机构可能调整结算制度，如实施货银对付制度，对投资者基金份额、组合证 券及资金的结算方式发生变化，制度调整可能给投资者带来理解偏差的风险。同样的风险 还可能来自于证券交易所及其他代理机构。 （3）证券交易所、登记机构、基金托管人、申购赎回代理券商及其他代理机构可能违 约，导致基金或投资者利益受损的风险。 （三）声明 1、本基金未经任何一级政府、机构及部门担保。投资者自愿投资于本基金，须自行承 担投资风险。 2、除基金管理人直接办理本基金的销售外，本基金或还通过销售机构销售，但是，本 基金并不是销售机构的存款或负债，也没有经销售机构担保或者背书，销售机构并,1,0,日中国人民银行最新公布的人民币对港币 的汇率中间价调整为人民币价格） 。 （3）可以现金替代 ①适用情形：可以现金替代是指基金管理人认为需要在投资者申购或赎回时代投资者 买入或卖出的证券。 ②替代金额： 对于可以现金替代的证券，替代金额的计算公式为： 华夏中证港股通消费主题交易型开放式指数证券投资基金招募说明书（更新） 47 申购的替代金额＝替代证券数量×该证券调整后T日开盘参考价×T-1日中国人民银行 最新公布的人民币对港币的汇率中间价×（1+申购现金替代溢价比例） 。 收取现金替代溢价的原因是，基金管理人需要在收到申购确认信息后，在香港市场买 入组合证券，实际结算成本与替代金额可能有所差异。为便于操作，基金管理人在申购赎回 清单中预先确定现金替代溢价比例，并据此收取替代金额。如果预先收取的替代金额高于购 入该部分证券的实际结算成本，则基金管理人将退还多收取的差额；如果预先收取的替代金 额低于购入该部分证券的实际结算成本，则基金管理人将向投资者收取欠缺的差额。 ③替代金额的处理程序 【1】申购替代金额的处理程序 基金管理人在T日内以收到的替代金额代投资者买入被替代证券。T日日终，基金管理 人根据所购入的被替代证券的实际单位购入成本（包括买入价格与相关费用）和未买入的被 替代证券的T日收盘价（折算为人民币，折算汇率采用当天的估值汇率；T日在证券交易所 无交,1,0,日中国人民银行最新公布的人民币对港币 的汇率中间价调整为人民币价格） 。 （3）可以现金替代 ①适用情形：可以现金替代是指基金管理人认为需要在投资者申购或赎回时代投资者 买入或卖出的证券。 ②替代金额： 对于可以现金替代的证券，替代金额的计算公式为： 华夏中证港股通消费主题交易型开放式指数证券投资基金招募说明书（更新） 47 申购的替代金额＝替代证券数量×该证券调整后T日开盘参考价×T-1日中国人民银行 最新公布的人民币对港币的汇率中间价×（1+申购现金替代溢价比例） 。 收取现金替代溢价的原因是，基金管理人需要在收到申购确认信息后，在香港市场买 入组合证券，实际结算成本与替代金额可能有所差异。为便于操作，基金管理人在申购赎回 清单中预先确定现金替代溢价比例，并据此收取替代金额。如果预先收取的替代金额高于购 入该部分证券的实际结算成本，则基金管理人将退还多收取的差额；如果预先收取的替代金 额低于购入该部分证券的实际结算成本，则基金管理人将向投资者收取欠缺的差额。 ③替代金额的处理程序 【1】申购替代金额的处理程序 基金管理人在T日内以收到的替代金额代投资者买入被替代证券。T日日终，基金管理 人根据所购入的被替代证券的实际单位购入成本（包括买入价格与相关费用）和未买入的被 替代证券的T日收盘价（折算为人民币，折算汇率采用当天的估值汇率；T日在证券交易所 无交易的，,售 机构提供的评级结果为准。 本基金为交易型开放式指数证券投资基金（ETF） ，在上海证券交易所上市。由于本基 金的标的指数组合证券为香港交易所证券，基金份额的清算交收与境内普通ETF存在一定 差异。通常情况下，投资者申购的基金份额，清算交收完成后方可卖出和赎回。投资者认购 本基金时需具有上海证券账户，但需注意，使用基金账户只能参与本基金的现金认购和二级 华夏中证港股通消费主题交易型开放式指数证券投资基金招募说明书（更新） 2 市场交易，如投资者需要参与基金的申购、赎回，则应使用A股账户。本基金以人民币募 集和计价，本基金可投资于香港市场以港币计价的金融工具，人民币对港币的汇率的波动可 能加大基金净值的波动，从而对基金业绩产生一定影响。 本基金可投资存托凭证，基金净值可能受到存托凭证的境外基础证券价格波动影响， 存托凭证的境外基础证券的相关风险可能直接或间接成为本基金的风险。 投资有风险，投资者在投资本基金之前，请仔细阅读本基金的招募说明书、基金合同、 基金产品资料概要，全面认识本基金的风险收益特征和产品特性，并充分考虑自身的风险 承受能力，理性判断市场，谨慎做出投资决策。投资者应当认真阅读并完全理解基金合同 第二十一部分规定的免责条款、第二十二部分规定的争议处理方式。 基金的过往业绩并不预示其未来表现。 基金管理人依照恪尽职守、诚实信用、谨慎勤勉的
143,159568,SZ,SZ,2026-06-01,2026-06-01,临时数据/159568/159568_更新招募说明书_20260601.txt,121297,2,认情况，投资人应及时查询并妥善行使合法权利。 在目前结算规则下，投资者当日申购的基金份额，清算交收完成后可卖出和赎回，即 T 日申购的 ETF 份额且日间完成 RTGS（实时逐笔全额结算）交收，T 日可卖出与赎回，而 T 日申购的 ETF 份额且日终完成逐笔全额非担保交收，T+1 日方可卖出和赎回；T 日竞价买入 的基金份额，T 日可以赎回，T 日可以卖出。 本基金获批后，若深圳证券交易所和中国证券登记结算有限责任公司针对交易型开放式 指数证券投资基金推出新的清算交收与登记模式并引入新的申购、赎回方式，在履行适当程 序后，本基金管理人将根据新的业务规则新增或调整申购和赎回申请的确认方式，届时将发 布公告予以披露并对本基金的招募说明书予以更新，而无需召开基金份额持有人大会审议。 博时中证港股通互联网交易型开放式指数证券投资基金更新招募说明书 第 45页 共 144页 3、申购和赎回的清算交收与登记 本基金申购、赎回过程中涉及的基金份额、现金替代、现金差额及其他对价的清算交收 适用深圳证券交易所、登记机构的相关规定和参与各方相关协议的有关规定，其中本基金现 金申购业务中的现金替代采用逐笔全额结算处理；现金赎回业务中的现金替代采用代收代付 处理；现金申购、赎回业务涉及的现金差额和现金替代退补款采用代收代付处理。 投资,4,0,在任何交易日内交易（不包括平仓）的股指期货合约的成交金额不得超过上一交易日基金资 产净值的 20%；本基金所持有的股票市值和买入、卖出股指期货合约价值，合计（轧差计算） 应当符合基金合同关于股票投资比例有关约定； 2）在任何交易日日终，持有的买入国债期货合约价值，不得超过基金资产净值的 15%； 在任何交易日日终，持有的卖出国债期货合约价值不得超过基金持有的债券总市值的 30%； 在任何交易日内交易（不包括平仓）的国债期货合约的成交金额不得超过上一交易日基金资 产净值的 30%；本基金所持有的债券（不含到期日在一年以内的政府债券）市值和买入、卖 出国债期货合约价值，合计（轧差计算）应当符合基金合同关于债券投资比例的有关约定； 3）在任何交易日日终，持有的买入国债期货和股指期货合约价值与有价证券市值之和， 不得超过基金资产净值的 100%，其中，有价证券指股票、债券（不含到期日在一年以内的 政府债券）、资产支持证券、买入返售金融资产（不含质押式回购）等； （4）本基金持有的全部资产支持证券，其市值不得超过基金资产净值的 20％； （5）本基金投资于同一原始权益人的各类资产支持证券的比例，不得超过基金资产净 值的 10％； （6）本基金持有的同一(指同一信用级别)资产支持证券的比例，不得超过该资产支持 证券规模的 10％； （7）本基金管理人管理的,1,0,结算成本）， 则基金管理人将退还多收取的差额；如果预先收取的金额低于基金买入证券的实际成本（或 证券实际结算成本），则基金管理人将向投资者收取欠缺的差额。 3）申购替代金额的处理程序 T 日，基金管理人在申购赎回清单中公布现金替代溢价比例，并据此收取申购替代金额。 正常情况下，对于确认成功的 T 日申购申请，T 日内基金管理人根据申购规模进行组合 证券的代理买入。T 日日终，基金管理人根据所购入的被替代证券的实际单位购入成本（包 括买入价格与相关费用）和未买入的被替代证券的 T 日收盘价（折算为人民币，折算汇率包 括但不限于中国外汇交易中心公布的北京时间 16:00 主要货币兑人民币参考汇率、中国人民 银行或其授权机构最新公布的人民币汇率中间价、与基金托管人商定的其他公允价格等；被 替代组合证券 T 日（指开放日）无交易的，取最近交易日的收盘价）计算被替代证券的单位 结算成本，在此基础上根据替代证券数量和申购现金替代保证金确定基金应退还投资者或投 资者应补交的款项。在此期间若该部分证券发生除息、送股（转增）、配股等重要权益变动， 则进行相应调整。 博时中证港股通互联网交易型开放式指数证券投资基金更新招募说明书 第 49页 共 144页 正常情况下，T+5 日（指开放日）内，基金管理人将应退款和补款的明细及汇总数据发 送给登记机构，登记机构办理现金替代多退少补资金的,1,1,益，该证券对应的现金替代退补款的清算交收可在其 复牌后按照实际交易成本办理。在此期间若该证券发生除息、送股（转增）、配股等重要权 益变动，则进行相应调整。 4）赎回替代金额的处理程序 正常情况下，对于确认成功的 T 日赎回申请，T 日内基金管理人根据赎回规模进行组合 证券的代理卖出。T 日日终，基金管理人根据所卖出的被替代证券的实际单位卖出金额（扣 除相关费用）和未卖出的被替代证券的 T 日收盘价（折算为人民币，折算汇率包括但不限于 中国外汇交易中心公布的北京时间 16:00 主要货币兑人民币参考汇率、中国人民银行或其授 权机构最新公布的人民币汇率中间价、与基金托管人商定的其他公允价格等；被替代组合证 券 T 日（指开放日）无交易的，取最近交易日的收盘价）计算被替代证券的单位结算金额， 在此基础上根据替代证券数量确定赎回替代金额。在此期间若该部分证券发生除息、送股（转 增）、配股等重要权益变动，则进行相应调整。 T+7 日（指开放日）内，基金管理人将应支付的赎回替代金额与相关申购赎回代理券商 办理交收。若发生特殊情况，基金管理人可以对交收日期进行相应调整。 博时中证港股通互联网交易型开放式指数证券投资基金更新招募说明书 第 50页 共 144页 若自 T 日起，香港证券交易所正常交易日已达 20 日而该部分证券的正常交易日低于 1 日，则以被替代证券卖出部分的实际,请。申购、赎回的确认以登记机构的确认结果为准。对于申购、 赎回申请的确认情况，投资人应及时查询并妥善行使合法权利。 在目前结算规则下，投资者当日申购的基金份额，清算交收完成后可卖出和赎回，即 T 日申购的 ETF 份额且日间完成 RTGS（实时逐笔全额结算）交收，T 日可卖出与赎回，而 T 日申购的 ETF 份额且日终完成逐笔全额非担保交收，T+1 日方可卖出和赎回；T 日竞价买入 的基金份额，T 日可以赎回，T 日可以卖出。 本基金获批后，若深圳证券交易所和中国证券登记结算有限责任公司针对交易型开放式 指数证券投资基金推出新的清算交收与登记模式并引入新的申购、赎回方式，在履行适当程 序后，本基金管理人将根据新的业务规则新增或调整申购和赎回申请的确认方式，届时将发 布公告予以披露并对本基金的招募说明书予以更新，而无需召开基金份额持有人大会审议。 博时中证港股通互联网交易型开放式指数证券投资基金更新招募说明书 第 45页 共 144页 3、申购和赎回的清算交收与登记 本基金申购、赎回过程中涉及的基金份额、现金替代、现金差额及其他对价的清算交收 适用深圳证券交易所、登记机构的相关规定和参与各方相关协议的有关规定，其中本基金现 金申购业务中的现金替代采用逐笔全额结算处理；现金赎回业务中的现金替代采用代收代付 处理；现金申购、赎回业务涉及的现金差额和现金替代
144,520920,SH,SH,2026-06-26,2026-06-26,临时数据/520920/520920_更新招募说明书_20260626.txt,129170,1,算交收与登记 本基金申购赎回过程中涉及的基金份额、现金替代、现金差额及其他对价的 清算交收适用相关《业务规则》和参与各方相关协议的有关规定。 本基金申购业务采用实时逐笔全额结算（Real Time Gross Settlement）模 式；赎回业务涉及的现金替代可采用代收代付处理；申购、赎回业务涉及的现金 差额和现金替代退补款可采用代收代付处理。 （1）申购的清算交收 投资者 T 日提交的现金申购申请受理后， 如交易记录已勾单且申购资金足额 的，登记机构在T 日日间实时办理基金份额及现金替代的交收；T 日日间未进行 勾单确认或日间资金不足的， 登记机构在T 日日终根据资金是否足额办理基金份 额及现金替代的清算交收；在T+1日内办理现金差额的清算，并将结果发送给基 金管理人、申购赎回代理券商和基金托管人。基金管理人与申购赎回代理券商在 T+2日内办理现金差额的交收。 （2）赎回的清算交收 投资者 T 日赎回成功后， 登记机构在T 日收市后为投资者办理基金份额的交 收，在T+1 日办理现金差额的清算，并将结果发送给申购赎回代理券商、基金管 理人和基金托管人。 基金管理人与申购赎回代理券商在T+2 日办理现金差额的交 收。 赎回替代金额的清算交收由基金管理人和申购赎回代理券商协商处理。 正常 情况下，该款项的清算交收于T,3,4,在此期间若该证券发生除息、 送股 （转增） 、 配股等重要权益变动，则进行相应调整。 5）在系统支持的情况下，对于 T 日的申购赎回申请，基金管理人有权进行 轧差处理，针对净申购，购入净申购份额对应的组合证券中被替代的成份证券， 针对净赎回，卖出净赎回份额对应的组合证券中被替代的成份证券，基金管理人 有权购入或者卖出不等于轧差处理后的上述被替代的成份证券的任意数量。 6）基金管理人可以根据具体情况，调整上述2）—5）的申购、赎回替代金 额的处理程序、规则等，并在招募说明书更新及其他公告中披露。 （2）关于必须现金替代 1）适用情形：必须现金替代的证券一般是由于标的指数调整将被剔除或因 法律法规限制投资的成份证券， 或基金管理人出于保护基金份额持有人利益原则 等原因认为有必要实行必须现金替代的成份证券。 2）替代金额：对于必须现金替代的证券，基金管理人将在申购赎回清单中 公告替代的一定数量的现金， 即“固定替代金额”。 固定替代金额的计算方法为： 固定替代金额为替代证券数量乘以其经调整后的T日开盘参考价并按照T-1 日估值汇率换算或基金管理人认为合理的其他方法。 4、预估现金部分相关内容 预估现金部分是指， 为便于计算基金份额参考净值及申购赎回代理券商预先 冻结申请申购、赎回的投资人的相应资金，由基金管理人计算的现金数额。 T 日申购赎回清单中公,1,0,金购入该部分证券的 实际成本，则基金管理人将退还多收取的差额；如果预先收取的金额低于基金购 入该部分证券的实际成本，则基金管理人将向投资者收取欠缺的差额。 3）申购替代金额的处理程序 对于确认成功的 T 日申购申请， 基金管理人可以通过在香港市场交易或港股 通等方式以收到的替代金额代投资者买入被替代证券。 基金管理人有权在T 日内 任意时刻以收到的替代金额代投资者买入小于等于被替代证券数量的任意数量 的被替代证券。 基金管理人有权根据基金投资的需要自主决定不买入部分被替代 证券，或者不进行任何买入证券的操作。T 日日终，基金管理人根据所购入的被 替代证券的实际单位购入成本（包括买入价格与相关费用，按照汇率折算为人民 币）和未买入的被替代证券的T 日收盘价（按照汇率折算为人民币；T 日在证券 交易所无交易的，取最近交易日的收盘价；交易日无收盘价的，取最后成交价） 计算被替代证券的单位结算成本， 在此基础上根据替代证券数量和申购现金替代 保证金确定基金应退还投资者或投资者应补交的款项。正常情况下，T 日后的第 3 个港股通交易日内，基金管理人将应退款或补款与相关申购赎回代理券商办理 交收。在此期间若该证券发生除息、送股（转增）、配股等重要权益变动，则进 行相应调整。当交收期间出现港股通交易日为非港股通交收日时，款项交收日期 顺延。基金管理人可以对交收日期进行相应调整。,2,1,券对应的现金替代退补款的清算交收可 在其复牌后按照实际交易成本办理。 在此期间若该证券发生除息、 送股 （转增） 、 配股等重要权益变动，则进行相应调整。 4）赎回替代金额的处理程序 对于确认成功的 T 日赎回申请，在T 日内，基金管理人可以通过在香港市场 交易或港股通等方式代投资者卖出被替代证券。 基金管理人有权在T 日内任意时 刻代投资者卖出小于等于被替代证券数量的任意数量的被替代证券。 基金管理人 有权根据基金投资的需要自主决定不卖出部分被替代证券， 或者不进行任何卖出 证券的操作。T 日日终，基金管理人根据所卖出的被替代证券的实际单位卖出金 额（卖出价格扣除相关费用，按照汇率折算为人民币）和未卖出的被替代证券的 T 日收盘价（按照汇率折算为人民币；T 日在证券交易所无交易的，取最近交易 日的收盘价；交易日无收盘价的，取最后成交价）计算被替代证券的单位结算金 额，在此基础上根据替代证券数量确定赎回替代金额。正常情况下，T+7 日（指 上海证券交易所与香港交易所的共同交易日）内，基金管理人将应支付的赎回替 代金额与相关申购赎回代理机构办理交收。 在此期间若该证券发生除息、 送股 （转 增）、配股等重要权益变动，则进行相应调整。当交收期间出现港股通交易日为 非港股通交收日时，款项交收日期顺延。基金管理人可以对交收日期进行相应调 整。未来基金管理人有权视基金运行情,和跟踪误差扩大。 二、本基金按照上海证券交易所及中国证券登记结算有限责任公司的相关规 定进行申购、赎回，具体业务的办理时间请参见相关公告。 根据本基金现行适用的清算交收和申赎处理规则， 投资者当日申购的基金份 额，清算交收完成后方可卖出和赎回，即T 日申购的基金份额且日间完成实时逐 笔全额结算（Real Time Gross Settlement）交收的，T 日可卖出和赎回，而 T 日申 购的基金份额且日终完成逐笔全额非担保交收的，T+1 日方可卖出和赎回。 目前本基金的申购赎回采用全现金替代模式，申购对价、赎回对价包括现金 替代、现金差额及其他对价，即投资人在场内可以现金申购、赎回办理本基金的 申购、赎回业务。未来在条件允许的情况下，基金管理人可以在场内开通本基金 实物申购赎回方式或者其他现金申购、赎回以外的方式办理本基金的申购、赎回 业务，相关业务规则、申购赎回原则等相关事项届时将另行约定并公告。 三、本基金可投资存托凭证，基金净值可能受到存托凭证的境外基础证券价 格波动影响， 存托凭证的境外基础证券的相关风险可能直接或间接成为本基金的 风险。具体风险揭示烦请查阅本基金招募说明书“风险揭示”章节内容。 本基金可根据投资策略需要或市场环境的变化， 选择将部分基金资产投资于 存托凭证或选择不将基金资产投资于存托凭证， 基金资产并非必然投资存托凭证。
145,159028,SZ,SZ,,2026-04-02,临时数据/159028/159028_招募说明书_20260402.txt,115275,4,、赎回，具体业务的办理时间请参见相关公告。 在目前结算规则下，投资者当日申购的基金份额，清算交收完成后可卖出和 赎回，即 T 日申购的 ETF 份额且日间完成 RTGS（实时逐笔全额结算）交收的，T 日可卖出与赎回，而 T 日申购的 ETF 份额且日终完成逐笔全额非担保交收的，T+1 日方可卖出和赎回；T 日竞价买入的基金份额，T 日可以卖出或赎回；T 日大宗 买入的基金份额，T 日可以大宗卖出，T+1 日可以竞价卖出或赎回。 目前本基金的申购赎回采用全现金替代模式，申购对价、赎回对价包括现金 替代、现金差额及其他对价，即投资人在场内可以现金申购、赎回办理本基金的 申购、赎回业务。未来在条件允许的情况下，基金管理人可以在场内开通本基金 实物申购赎回方式或者其他现金申购、赎回以外的方式办理本基金的申购、赎回 业务，相关业务规则、申购赎回原则等相关事项届时将另行约定并公告。 三、本基金可投资存托凭证，基金净值可能受到存托凭证的境外基础证券价 格波动影响，存托凭证的境外基础证券的相关风险可能直接或间接成为本基金的 风险。具体风险揭示烦请查阅本基金招募说明书“基金的风险提示”章节内容。 本基金可根据投资策略需要或市场环境的变化，选择将部分基金资产投资于 招募说明书 3 存托凭证或选择不将基金资产投资于存托凭证，基金资产,6,1,在任何交易日内交易（不包括平仓）的股指 期货合约的成交金额不得超过上一交易日基金资产净值的 20%；本基金所持有的 股票市值和买入、卖出股指期货合约价值，合计（轧差计算）应当符合基金合同 关于股票投资比例的有关约定； 招募说明书 60 本基金在任何交易日日终，持有的买入国债期货合约价值，不得超过基金资 产净值的 15%；本基金在任何交易日日终，持有的卖出国债期货合约价值不得超 过基金持有的债券总市值的 30%；本基金在任何交易日内交易（不包括平仓）的 国债期货合约的成交金额不得超过上一交易日基金资产净值的 30%；本基金所持 有的债券（不含到期日在一年以内的政府债券）市值和买入、卖出国债期货合约 价值，合计（轧差计算）应当符合基金合同关于债券投资比例的有关约定； （10）本基金参与股票期权交易，应当符合下列要求：基金因未平仓的期权 合约支付和收取的权利金总额不得超过基金资产净值的 10%；开仓卖出认购期权 的，应持有足额标的证券；开仓卖出认沽期权的，应持有合约行权所需的全额现 金或交易所规则认可的可冲抵期权保证金的现金等价物；未平仓的期权合约面值 不得超过基金资产净值的 20%。其中，合约面值按照行权价乘以合约乘数计算； （11）本基金主动投资于流动性受限资产的市值合计不得超过基金资产净值 的 15%；因证券市场波动、上市公司股票停牌、基金规模变,2,0,管理人将向投资人收取欠缺的差额。 基金管理人可以根据市场情况和实际需要确定和调整申购现金替代保证金 率，具体的申购现金替代保证金率以申购赎回清单公告为准。 3）申购替代金额的处理程序如下： 招募说明书 46 在 T 日（指港股通交易日）内，基金管理人以收到的申购替代金额代投资者 买入被替代证券。基金管理人有权在 T 日（指港股通交易日）内任意时刻以收到 的申购替代金额代投资者买入小于等于被替代证券数量的任意数量的被替代证 券。基金管理人有权根据基金投资的需要自主决定不买入部分被替代证券，或者 不进行任何买入证券的操作。 T 日（指港股通交易日）日终，基金管理人根据所购入的被替代证券的实际 单位购入成本（包括买入价格与相关费用）和未买入的被替代证券的 T 日（指港 股通交易日）收盘价（折算为人民币；T 日（指港股通交易日）在证券交易所无 交易的，取最近交易日的收盘价；交易日无收盘价的，取最后成交价）计算被替 代证券的单位结算成本，在此基础上根据替代证券数量和申购替代金额确定基金 应退还投资者或投资者应补交的款项。T 日（指港股通交易日）后的第 2 个港股 通交易日后的 3 个工作日内，基金管理人将应退款或补款与相关申购赎回代理券 商办理交收。在此期间若该证券发生除息、送股（转增）、配股等重要权益变动， 则进行相应调整。 当出现半日港股通交易日、临时停市或港股通每日额,2,4,人利益，该证券对应的现金替代款的清算交收可在其复牌 后按照实际交易成本办理。在此期间若该证券发生除息、送股（转增）、配股等 重要权益变动，则进行相应调整。 4）赎回替代金额的处理程序如下： 在 T 日（指港股通交易日）内，基金管理人代投资者卖出被替代证券。基 金管理人有权在 T 日（指港股通交易日）内任意时刻代投资者卖出小于等于被 替代证券数量的任意数量的被替代证券。基金管理人有权根据基金投资的需要自 主决定不卖出部分被替代证券，或者不进行任何卖出证券的操作。 T 日（指港股通交易日）内基金管理人根据所卖出的被替代组合证券的实际 单位卖出金额、实际卖出的相关费用（实际卖出金额根据港股通相关业务规则按 招募说明书 47 当天的港股通买入结算汇兑比率折算为人民币）、未卖出的被替代组合证券的 T 日（指港股通交易日）收盘价（折算为人民币，折算汇率采用当天的估值汇率； 被替代组合证券 T 日（指港股通交易日）无交易的，取最近交易日的收盘价； 交易日无收盘价的，取最后成交价）计算并确定被替代组合证券的单位结算金额， 在此基础上根据替代组合证券数量确定赎回替代金额。T 日（指港股通交易日） 后的第 2 个港股通交收日后的 3 个工作日内，基金管理人将应支付的赎回替代金 额与相关申购赎回代理券商办理交收。在此期间若该证券发生除息、送股（转增）、 配股等重要权益变动，则进行相应调,基金按照深圳证券交易所及中国证券登记结算有限责任公司的相关规 定进行申购、赎回，具体业务的办理时间请参见相关公告。 在目前结算规则下，投资者当日申购的基金份额，清算交收完成后可卖出和 赎回，即 T 日申购的 ETF 份额且日间完成 RTGS（实时逐笔全额结算）交收的，T 日可卖出与赎回，而 T 日申购的 ETF 份额且日终完成逐笔全额非担保交收的，T+1 日方可卖出和赎回；T 日竞价买入的基金份额，T 日可以卖出或赎回；T 日大宗 买入的基金份额，T 日可以大宗卖出，T+1 日可以竞价卖出或赎回。 目前本基金的申购赎回采用全现金替代模式，申购对价、赎回对价包括现金 替代、现金差额及其他对价，即投资人在场内可以现金申购、赎回办理本基金的 申购、赎回业务。未来在条件允许的情况下，基金管理人可以在场内开通本基金 实物申购赎回方式或者其他现金申购、赎回以外的方式办理本基金的申购、赎回 业务，相关业务规则、申购赎回原则等相关事项届时将另行约定并公告。 三、本基金可投资存托凭证，基金净值可能受到存托凭证的境外基础证券价 格波动影响，存托凭证的境外基础证券的相关风险可能直接或间接成为本基金的 风险。具体风险揭示烦请查阅本基金招募说明书“基金的风险提示”章节内容。 本基金可根据投资策略需要或市场环境的变化，选择将部分基金资产投资于 招募说明书 3 存托凭证或选择不将
146,520650,SH,SH,2025-11-25,2025-11-25,临时数据/520650/520650_更新招募说明书_20251125.txt,111446,3,券 仅在境内证券交易所上市的ETF产品存在一定差异。在目前结算规则下，投资者当日申购的 基金份额，清算交收完成后方可卖出和赎回，即T日申购的ETF份额且日间完成RTGS（实 时逐笔全额结算）交收，T日可卖出与赎回；T日申购的ETF份额日间未完成交收的，日终 完成逐笔全额非担保交收，T+1日方可卖出和赎回；T日买入的基金份额，T日可以赎回。 投资人投资本基金时需具有上海证券交易所A股账户或基金账户。其中，上海证券交易 所基金账户只能进行基金的现金认购和二级市场交易， 如投资人需要参与基金的申购、 赎回， 则应开立并使用上海证券交易所A股账户。 投资人在投资本基金之前，请仔细阅读本基金的招募说明书、基金产品资料概要和基金 合同等信息披露文件，自主判断基金的投资价值，自主做出投资决策，全面认识本基金的风 险收益特征和产品特性，并充分考虑自身的风险承受能力，理性判断市场，谨慎做出投资决 策。基金的过往业绩并不预示其未来表现，基金管理人管理的其他基金的业绩也不构成对本 基金业绩表现的保证。基金管理人承诺以恪尽职守、诚实信用、谨慎勤勉的原则管理和运用 基金财产，但不保证基金一定盈利，也不向投资人保证最低收益。基金管理人提醒投资人基 金投资的“买者自负”原则，在投资人作出投资决策后，基金运营状况、基金份额上市交易 价格波动与,3,1,3）本基金在任何交易日日终，持有的卖出股指期货合约价值不得超过基金持有的股票 总市值的20%； 4）本基金所持有的股票市值和买入、卖出股指期货合约价值，合计（轧差计算）应当 符合基金合同关于股票投资比例的有关约定； 5）本基金在任何交易日内交易（不包括平仓）的股指期货合约的成交金额不得超过上 一交易日基金资产净值的20%； （13）本基金参与股票期权交易，应当符合下列投资限制： 1）基金因未平仓的期权合约支付和收取的权利金总额不得超过基金资产净值的10%； 2）开仓卖出认购期权的，应持有足额标的证券；开仓卖出认沽期权的，应持有合约行 权所需的全额现金或交易所规则认可的可冲抵期权保证金的现金等价物； 3）未平仓的期权合约面值不得超过基金资产净值的20%。其中，合约面值按照行权价 乘以合约乘数计算； （14）本基金参与转融通证券出借业务的，应当符合下列要求： 1）本基金在任何交易日日终，参与转融通证券出借业务的资产不得超过基金资产净值 的30%，其中出借期限在10个交易日以上的出借证券应纳入《流动性风险管理规定》所述 流动性受限证券的范围； 2）本基金在任何交易日日终，参与出借业务的单只证券不得超过基金持有该证券总量 的30%； 3）证券出借的平均剩余期限不得超过30天，平均剩余期限按市值加权平均计算； 4）最近6个月内日均基金资产净值不得低于2亿,0,0,,0,1,转增） 、配股等重要权益变动，则进 38 行相应调整。基金管理人有权根据基金投资的需要自主决定不买入部分被替代证券，或者不 进行任何买入被替代证券的操作。 D.赎回替代金额的处理程序 正常情况下，对于确认成功的 T 日赎回申请，基金管理人根据实际单位卖出金额（扣 除相关费用， 按照汇率折算为人民币） 或被替代证券的T日收盘价 （按照汇率折算为人民币， 被替代证券当日在证券交易所无交易的，取最近交易日的收盘价；交易日无收盘价的，取最 后成交价）计算被替代证券的单位结算金额，在此基础上根据替代证券数量确定赎回替代金 额。上述汇率目前采用汇率公允价。汇率公允价包括但不限于港股通结算汇兑比率、中国外 汇交易中心最新收盘价、中国外汇交易中心参考汇率或交易汇率、中国人民银行或其授权机 构最新公布的人民币汇率中间价、与基金托管人商定的其他公允价格等。 正常情况下，T 日后的第7个港股通交易日内，基金管理人将应支付的赎回替代金额 与相关申购赎回代理券商办理交收。若发生特殊情况，基金管理人可以对交收日期进行相应 调整。 如遇港股通临时停市等特殊情况，组合证券的代理卖出及结算价格可依次顺延至下一 港股通交易日直至交易正常，款项交收的日期也可相应顺延。如遇证券长期停牌、流动性不 足等可能导致收盘价或最后成交价不公允的特殊情况，可参照证券的估值价格，对结算价格 进行调整，如果基金管理人认,择是否采用存托凭证投资策略。 本基金的标的指数组合证券为内地与香港股票市场交易互联互通机制允许买卖的规定 范围内的香港联合交易所上市的股票，基金份额申购、赎回的清算交收与标的指数组合证券 仅在境内证券交易所上市的ETF产品存在一定差异。在目前结算规则下，投资者当日申购的 基金份额，清算交收完成后方可卖出和赎回，即T日申购的ETF份额且日间完成RTGS（实 时逐笔全额结算）交收，T日可卖出与赎回；T日申购的ETF份额日间未完成交收的，日终 完成逐笔全额非担保交收，T+1日方可卖出和赎回；T日买入的基金份额，T日可以赎回。 投资人投资本基金时需具有上海证券交易所A股账户或基金账户。其中，上海证券交易 所基金账户只能进行基金的现金认购和二级市场交易， 如投资人需要参与基金的申购、 赎回， 则应开立并使用上海证券交易所A股账户。 投资人在投资本基金之前，请仔细阅读本基金的招募说明书、基金产品资料概要和基金 合同等信息披露文件，自主判断基金的投资价值，自主做出投资决策，全面认识本基金的风 险收益特征和产品特性，并充分考虑自身的风险承受能力，理性判断市场，谨慎做出投资决 策。基金的过往业绩并不预示其未来表现，基金管理人管理的其他基金的业绩也不构成对本 基金业绩表现的保证。基金管理人承诺以恪尽职守、诚实信用、谨慎勤勉的原则管理和运用 基金财产，但不保证基金一定盈利
147,159210,SZ,SZ,2026-05-22,2026-05-22,临时数据/159210/159210_更新招募说明书_20260522.txt,119119,4,构的要求完成风险承受能力与产品风险之间的匹配 检验。 在目前结算规则下，投资者当日申购的基金份额，清算交收完成后方可卖出 和赎回，即T日申购的基金份额且日间完成RTGS（实时逐笔全额结算）交收的， T日可卖出和赎回，而T日申购的基金份额且日终完成逐笔全额非担保交收的， T+1日方可卖出和赎回；T日竞价买入的基金份额，T日可以卖出或赎回；T日大 宗买入的基金份额，T日可以大宗卖出，T+1日可以竞价卖出或赎回。 投资者投资于本基金前请认真阅读证券交易所和登记机构关于 ETF 的相关 业务规则及其不时的更新，确保具备相关专业知识、清楚了解相关规则流程后方 可参与本基金的申购、赎回及交易。投资者一旦认购、申购或赎回本基金，即表 示对基金认购、申购和赎回所涉及的基金份额的证券变更登记方式以及申购赎回 所涉及现金替代、现金差额等相关的交收方式已经认可。 投资有风险，投资者在进行投资决策前，请仔细阅读本基金的《招募说明书》、 汇添富中证港股通汽车产业主题交易型开放式指数证券投资基金 更新招募说明书 3 《基金合同》、基金产品资料概要等信息披露文件，并根据自身的投资目的、投 资期限、投资经验、资产状况等判断基金是否和投资者的风险承受能力相适应， 自主判断基金的投资价值，自主做出投资决策，自行承担投资风险。 基金的过往业绩并不预,2,1,持有的股票总市值的 20%；持有的卖出国债期货合约价值不得超过基金持有的债 券总市值的 30%； 4）本基金所持有的股票市值和买入、卖出股指期货合约价值，合计（轧差 计算）应当符合基金合同关于股票投资比例的有关约定；基金所持有的债券（不 含到期日在一年以内的政府债券）市值和买入、卖出国债期货合约价值，合计（轧 差计算）应当符合基金合同关于债券投资比例的有关约定； 汇添富中证港股通汽车产业主题交易型开放式指数证券投资基金 更新招募说明书 59 5）本基金在任何交易日内交易（不包括平仓）的股指期货合约的成交金额 不得超过上一交易日基金资产净值的 20%；在任何交易日内交易（不包括平仓） 的国债期货合约的成交金额不得超过上一交易日基金资产净值的 30%； 6）本基金每个交易日日终在扣除国债期货和股指期货合约需缴纳的交易保 证金后，应当保持不低于交易保证金一倍的现金，其中现金不包括结算备付金、 存出保证金、应收申购款等； （9）因未平仓的股票期权合约支付和收取的权利金总额不得超过基金资产 净值的 10%；开仓卖出认购股票期权的，应持有足额标的证券；开仓卖出认沽股 票期权的，应持有合约行权所需的全额现金或交易所规则认可的可冲抵期权保证 金的现金等价物；未平仓的股票期权合约面值不得超过基金资产净值的 20%。其 中，合约面值按照行权价乘以合约乘数计算； （1,2,0,金购入该部分 证券的实际成本，则基金管理人将退还多收取的差额；如果预先收取的金额低于 基金购入该部分证券的实际成本，则基金管理人将向投资者收取欠缺的差额。 3）申购替代金额的处理程序 在 T 日（指港股通交易日）内，基金管理人以收到的替代金额代投资者买入 被替代证券。基金管理人有权在 T 日（指港股通交易日）内任意时刻以收到的替 代金额代投资者买入小于等于被替代证券数量的任意数量的被替代证券。基金管 理人有权根据基金投资的需要自主决定不买入部分被替代证券，或者不进行任何 买入证券的操作。T 日（指港股通交易日）日终，基金管理人根据所购入的被替 代证券的实际单位购入成本（包括买入价格与相关费用）和未买入的被替代证券 的 T 日（指港股通交易日）收盘价（折算为人民币）；T 日（指港股通交易日） 在证券交易所无交易的，取最近交易日的收盘价；交易日无收盘价的，取最后成 交价）计算被替代证券的单位结算成本，在此基础上根据替代证券数量和申购替 代金额确定基金应退还投资者或投资者应补交的款项。T 日（指港股通交易日） 后的第 2 个港股通交易日后的 3 个工作日内，基金管理人将应退款或补款与相关 申购赎回代理券商办理交收。在此期间若该证券发生除息、送股（转增）、配股 等重要权益变动，则进行相应调整。 当出现半日港股通交易日、因为风球等因素引发临时停市或港股通每日额度 不足等特殊,2,4,人利益，该证券对应的现金替代款的 清算交收可在其复牌后按照实际交易成本办理。在此期间若该证券发生除息、送 股（转增）、配股等重要权益变动，则进行相应调整。 4）赎回替代金额的处理程序 在 T 日（指港股通交易日）内，基金管理人根据赎回申请代投资者卖出被替 代证券。基金管理人有权在 T 日（指港股通交易日）内任意时刻代投资者卖出小 于等于被替代证券数量的任意数量的被替代证券。基金管理人有权根据基金投资 的需要自主决定不卖出部分被替代证券，或者不进行任何卖出证券的操作。T 日 （指港股通交易日）日终，基金管理人根据所卖出的被替代证券的实际单位卖出 金额（扣除相关费用）和未卖出的被替代证券的 T 日（指港股通交易日）收盘价 （折算为人民币）；被替代证券 T 日（指港股通交易日）在证券交易所无交易的， 取最近交易日的收盘价；交易日无收盘价的，取最后成交价）计算被替代证券的 单位结算金额，在此基础上根据替代证券数量确定赎回替代金额。T 日（指港股 通交易日）后的第 2 个港股通交收日后的 3 个工作日内，基金管理人将应支付的 赎回替代金额与相关申购赎回代理券商办理交收。在此期间若该证券发生除息、 送股（转增）、配股等重要权益变动，则进行相应调整。 当出现半日港股通交易日、因为风球等因素引发临时停市等特殊情况时，计 算并确定被替代证券的单位结算成本的时间将顺延，款项交收的日期,益特征”的表述可能存在不同，投资人在 购买本基金时需按照销售机构的要求完成风险承受能力与产品风险之间的匹配 检验。 在目前结算规则下，投资者当日申购的基金份额，清算交收完成后方可卖出 和赎回，即T日申购的基金份额且日间完成RTGS（实时逐笔全额结算）交收的， T日可卖出和赎回，而T日申购的基金份额且日终完成逐笔全额非担保交收的， T+1日方可卖出和赎回；T日竞价买入的基金份额，T日可以卖出或赎回；T日大 宗买入的基金份额，T日可以大宗卖出，T+1日可以竞价卖出或赎回。 投资者投资于本基金前请认真阅读证券交易所和登记机构关于 ETF 的相关 业务规则及其不时的更新，确保具备相关专业知识、清楚了解相关规则流程后方 可参与本基金的申购、赎回及交易。投资者一旦认购、申购或赎回本基金，即表 示对基金认购、申购和赎回所涉及的基金份额的证券变更登记方式以及申购赎回 所涉及现金替代、现金差额等相关的交收方式已经认可。 投资有风险，投资者在进行投资决策前，请仔细阅读本基金的《招募说明书》、 汇添富中证港股通汽车产业主题交易型开放式指数证券投资基金 更新招募说明书 3 《基金合同》、基金产品资料概要等信息披露文件，并根据自身的投资目的、投 资期限、投资经验、资产状况等判断基金是否和投资者的风险承受能力相适应， 自主判断基金的投资价值，自主做出投资决策，自行承担投资风险。
148,159699,SZ,SZ,2026-07-06,2026-07-06,临时数据/159699/159699_更新招募说明书_20260706.txt,104849,4,价格折溢价的风险。 根据本基金现行适用的清算交收和申赎处理规则，投资者当日申购的基金份额，清算交 收完成后方可卖出和赎回，即T 日申购的ETF 份额且日间完成 RTGS（实时逐笔全额结算）交 收，T 日可卖出与赎回，而T 日申购的 ETF 份额且日终完成逐笔全额非担保交收的，T+1 日方 可卖出和赎回；T 日竞价买入的基金份额，T 日可以赎回或卖出。由于登记结算机构对现金替 代采取非净额结算交收模式，当投资者赎回申请被登记结算机构确认后，被赎回的基金份额 即被记减，但此时投资者尚未收到赎回现金替代款。投资者投资本基金时需具有证券账户， 证券账户是指深圳证券交易所 A 股账户或深圳证券交易所证券投资基金账户。 基金管理人提醒投资人基金投资的“买者自负”原则，在投资人作出投资决策后，基金 运营状况与基金净值变化引致的投资风险，由投资人自行负责。 本基金由广发基金管理有限公司独立管理，未聘请境外投资顾问。 投资人在进行投资决策前，请仔细阅读本基金的《招募说明书》 、 《基金产品资料概要》 及《基金合同》 ，自主判断基金的投资价值，自主做出投资决策，自行承担投资风险。 基金的过往业绩并不预示其未来表现，基金管理人管理的其他基金的业绩并不构成对本 基金表现的保证。 本次更新的招募说明书主要对基金管理人、基金托管人、财务数,1,1,值不得超过基金持有的股票及存托凭 证总市值的 20%；本基金所持有的标的指数成份股、备选成份股（含存托凭证）的市值和买 116 入、卖出股指期货合约价值，合计（轧差计算）应当不低于基金资产净值的 90%，且不低于 非现金资产的 80%；在任何交易日内交易（不包括平仓）的股指期货合约的成交金额不得超 过上一交易日基金资产净值的 20%；每个交易日日终在扣除股指期货合约、股票期权合约需 缴纳的交易保证金后，应当保持不低于交易保证金一倍的现金； 9）本基金基金总资产不得超过基金净资产的 140%； 10）本基金参与转融通证券出借业务的，应当符合下列要求：最近 6 个月内日均基金资 产净值不得低于 2 亿元；参与转融通证券出借业务的资产不得超过基金资产净值的 30%，其 中出借期限在 10 个交易日以上的出借证券归为流动性受限资产；参与转融通证券出借业务 的单只证券不得超过基金持有该证券总量的 30%；证券出借的平均剩余期限不得超过 30 天，平均剩余期限按照市值加权平均计算； 11）基金参与融资业务后，在任何交易日日终，持有的融资买入股票与其他有价证券市 值之和，不得超过基金资产净值的 95%； 12）本基金主动投资于流动性受限资产的市值合计不得超过该基金资产净值的 15%；因 证券市场波动、上市公司股票停牌、基金规模变动等基金管理人之外的因素致使基金,1,0,人在申购赎回清单中公布现金替代溢价比例， 并据此收取申购替代金额。 正常情况下，对于确认成功的 T日申购申请，在 T日内，基金管理人以收到的申购现金 替代保证金代投资者买入被替代证券。在 T 日日终，基金管理人已买入的证券，依据被替代 证券的实际购入成本（包括买入价格与相关费用，折算为人民币）计算被替代证券的单位成 本，在此基础上根据替代证券数量和申购替代金额确定基金应退还投资者或投资者应补交的 款项；未买入的证券，依据被替代证券的 T 日收盘价（折算为人民币，被替代证券当日在证 券交易所无交易的，取最近交易日的收盘价）计算被替代证券的单位成本，在此基础上根据 65 替代证券数量和申购替代金额确定基金应退还投资者或投资者应补交的款项。若发生特殊情 况，基金管理人可以对交收日期进行相应调整。 正常情况下，对于确认成功的 T日赎回申请，在 T日内，基金管理人根据赎回申请代投 资者卖出被替代证券。在 T 日日终，基金管理人已卖出的证券，按照实际单位卖出金额（扣 除相关费用，折算为人民币）计算被替代证券的单位结算金额，在此基础上根据替代证券数 量确定赎回替代金额；未卖出的证券，按照被替代证券的 T 日收盘价（折算为人民币，被替 代证券当日在证券交易所无交易的，取最近交易日的收盘价）计算被替代证券的单位结算金 额，在此基础上根据替代证券数量确定赎回替代金额。若发生,1,2,,规模接近或达到外汇额度使用上限时，基金管理人有权暂停基金的申购，届 时投资者可能面临申购失败的风险和基金份额二级市场交易价格折溢价的风险。 根据本基金现行适用的清算交收和申赎处理规则，投资者当日申购的基金份额，清算交 收完成后方可卖出和赎回，即T 日申购的ETF 份额且日间完成 RTGS（实时逐笔全额结算）交 收，T 日可卖出与赎回，而T 日申购的 ETF 份额且日终完成逐笔全额非担保交收的，T+1 日方 可卖出和赎回；T 日竞价买入的基金份额，T 日可以赎回或卖出。由于登记结算机构对现金替 代采取非净额结算交收模式，当投资者赎回申请被登记结算机构确认后，被赎回的基金份额 即被记减，但此时投资者尚未收到赎回现金替代款。投资者投资本基金时需具有证券账户， 证券账户是指深圳证券交易所 A 股账户或深圳证券交易所证券投资基金账户。 基金管理人提醒投资人基金投资的“买者自负”原则，在投资人作出投资决策后，基金 运营状况与基金净值变化引致的投资风险，由投资人自行负责。 本基金由广发基金管理有限公司独立管理，未聘请境外投资顾问。 投资人在进行投资决策前，请仔细阅读本基金的《招募说明书》 、 《基金产品资料概要》 及《基金合同》 ，自主判断基金的投资价值，自主做出投资决策，自行承担投资风险。 基金的过往业绩并不预示其未来表现，基金管理人管理的其他基金的业绩并不构成
149,159135,SZ,SZ,,2025-12-29,临时数据/159135/159135_招募说明书_20251229.txt,113630,2,中涉及的基金份额、现金替代、现金差额及其他对价的清算交收适 用深圳证券交易所、登记机构相关业务规则和参与各方相关协议及其不时修订的有关规定。 本基金申购业务采用实时逐笔全额结算（Real Time Gross Settlement，简称 RTGS）模式； 赎回业务涉及的现金替代采用代收代付处理；申购、赎回业务涉及的现金差额和现金替代退 补款采用代收代付处理。 投资者 T 日申购成功后，正常情况下，登记机构在 T 日为投资者办理基金份额与现金 替代等的交收，并将结果发送给申购赎回代理券商、基金管理人和基金托管人。基金管理人 与申购赎回代理券商在 T+2 日内根据登记机构代收代付业务规则办理现金差额的交收。 投资者 T 日赎回成功后，正常情况下，登记机构在 T 日收市后为投资者办理基金份额 的交收，并将结果发送给申购赎回代理券商、基金管理人和基金托管人。基金管理人与申购 赎回代理券商在 T+2 日内根据登记机构代收代付业务规则办理现金差额的交收。赎回现金 替代款将自有效赎回申请之日起 7 个开放日内划往基金份额持有人账户。 如遇国家外汇局相关规定有变更或本基金境外投资主要市场的交易清算规则有变更、基 金境外投资主要市场及外汇市场休市或暂停交易、港股通非交收日导致延迟交收、港股通交 易结算清算规则变更、港股通额度限制、交,8,4,替代证券价值的差额，确 定基金应退还投资人或投资人应补交的款项。在 T 日发生除息、送股（转增）、配股等重要 权益变动，则进行相应调整。未买入部分包含因申购赎回轧差处理而未实际买入的申购申请 对应的被替代组合证券。 上述汇率目前采用汇率公允价。汇率公允价包括但不限于港股通结算汇兑比率、中国人 民银行或其授权机构最新公布的人民币汇率中间价、中国外汇交易中心参考汇率或交易汇率、 中国外汇交易中心最新收盘价、基金管理人与基金托管人商定的其他公允价格等。 T 日后（不含 T 日）的 3 个港股通交收日内，基金管理人将应退款或补款与相关申购赎 回代理券商办理交收。若发生特殊情况，基金管理人可以对交收日期进行相应调整。未来基 金管理人有权视基金运行情况，经与基金托管人协商一致，对折算汇率和未买入被替代证券 的计算价格进行调整，并提前公告。 4）赎回替代金额的处理程序 正常情况下，对于确认成功的 T 日赎回申请，T 日内基金管理人根据赎回规模进行组合 证券的代理卖出。基金管理人有权根据投资需要自主决定不卖出部分被替代证券，或者不进 行任何卖出证券的操作。T 日日终，若已卖出全部被替代的证券，则以被替代证券的实际卖 出收入（卖出价格扣除交易费用，按汇率折算为人民币），确定基金应支付给投资者的赎回 替代金额；若未能卖出全部被替代的证券，则以所卖出部分被替代证券实际,1,0,证券的实际结算成本，则基金管理人将向投资人收取欠缺的差额。 基金管理人可以根据市场情况和实际需要确定和调整现金替代溢价比例，具体以申购赎 回清单公告为准。 3）申购替代金额的处理程序 T 日，基金管理人在申购赎回清单中公布现金替代溢价比例，并据此收取申购替代金额。 正常情况下，对于确认成功的 T 日申购申请，T 日内基金管理人根据申购规模进行组合 证券的代理买入。基金管理人有权根据投资需要自主决定不买入部分被替代证券，或者不进 行任何买入证券的操作。T 日日终，若已买入全部被替代的证券，则以申购替代金额与被替 招募说明书 43 代证券的实际买入成本（包括买入价格与交易费用，按汇率折算为人民币）的差额，确定基 金应退还投资人或投资人应补交的款项；若未能买入全部被替代的证券，则以申购替代金额 与所买入部分被替代证券实际买入成本（包括买入价格与交易费用，按汇率折算为人民币） 加上按照 T 日收盘价（按汇率折算为人民币；被替代证券当日无交易的，取最近交易日的 收盘价；交易日无收盘价的，取最后成交价）计算的未买入部分被替代证券价值的差额，确 定基金应退还投资人或投资人应补交的款项。在 T 日发生除息、送股（转增）、配股等重要 权益变动，则进行相应调整。未买入部分包含因申购赎回轧差处理而未实际买入的申购申请 对应的被替代组合证券。 上述汇率目前采用汇率公允价。汇率公允价包括但,1,0,理人可以对交收日期进行相应调整。未来基 金管理人有权视基金运行情况，经与基金托管人协商一致，对折算汇率和未买入被替代证券 的计算价格进行调整，并提前公告。 4）赎回替代金额的处理程序 正常情况下，对于确认成功的 T 日赎回申请，T 日内基金管理人根据赎回规模进行组合 证券的代理卖出。基金管理人有权根据投资需要自主决定不卖出部分被替代证券，或者不进 行任何卖出证券的操作。T 日日终，若已卖出全部被替代的证券，则以被替代证券的实际卖 出收入（卖出价格扣除交易费用，按汇率折算为人民币），确定基金应支付给投资者的赎回 替代金额；若未能卖出全部被替代的证券，则以所卖出部分被替代证券实际卖出收入（卖出 价格扣除交易费用，按汇率折算为人民币）加上按照 T 日收盘价（按汇率折算为人民币； 被替代证券当日无交易的，取最近交易日的收盘价；交易日无收盘价的，取最后成交价）计 算的未卖出部分被替代证券的价值，确定基金应支付给投资者的赎回替代金额。在 T 日发 生除息、送股（转增）、配股等重要权益变动，则进行相应调整。未卖出部分包含因申购赎 回轧差处理而未实际卖出的赎回申请对应的被替代组合证券。 上述汇率目前采用汇率公允价。汇率公允价包括但不限于港股通结算汇兑比率、中国人 民银行或其授权机构最新公布的人民币汇率中间价、中国外汇交易中心参考汇率或交易汇率、 中国外汇交易中心最新收盘价、基金管,"投资人在认购本基金时，需按发售代理机构的规定，备足认购资金，办 理认购手续。网上现金认购可多次申报，申报提交后不得撤销，申报一经确认，认购资金即 被冻结。 4、清算交收：投资人提交的认购申请，由登记机构进行有效认购款项的清算交收。 5、认购金额的计算 通过发售代理机构进行网上现金认购的投资人，认购以基金份额申请，认购佣金和认购 金额的计算如下： 认购佣金＝认购价格×认购份额×佣金比率 （或若适用固定费用的，认购佣金=固定费用） 认购金额＝认购价格×认购份额×（1＋佣金比率） （或若适用固定费用的，认购金额＝认购价格×认购份额+固定费用） 认购佣金由发售代理机构向投资人收取，投资人需以现金方式支付认购佣金。 网上现金认购的有效认购款项在募集期产生的利息，将折算为基金份额归投资人所有， 其中利息折算的份额以登记机构的记录为准。利息折算的份额保留至整数位，小数部分舍去， 舍去部分计入基金财产。 利息折算的份额＝利息/认购价格 总认购份额＝认购份额＋利息折算的份额 例：某投资人通过发售代理机构以网上现金认购的方式认购本基金 10,000 份基金份额， 招募说明书 30 假设该发售代理机构确认的佣金比率为 0.80%，并假设该笔认购金额产生利息 10 元，则需 准备的资金金额计算如下： 认购佣金＝1.00×10,000×0.80%＝80.00 元 认购金额＝1"
150,520740,SH,SH,,2026-06-26,临时数据/520740/520740_招募说明书_20260626.txt,105101,2,3、申购和赎回的清算交收与登记 本基金申购和赎回过程中涉及的申购赎回对价和基金份额的交收适用业务 规则的规定和参与各方相关协议的有关规定。 本基金申购业务采用实时逐笔全额结算（Real Time Gross Settlement ，简称 RTGS）模式；赎回业务涉及的现金替代采用代收代付处理；申购、赎回业务涉 及的现金差额和现金替代退补款采用代收代付处理。 1）申购的清算交收 投资者 T 日申购后， 如交易记录已勾单且申购资金足额的， 登记机构在T 日 日间实时办理基金份额及现金替代的交收；T 日日间未进行勾单确认或日间资金 不足的，登记机构在 T 日日终根据资金是否足额办理基金份额及现金替代的清 算交收， 并将结果发送给基金管理人、 申购赎回代理券商和基金托管人。 基金管 理人在 T+1 日办理现金差额的清算，并将结果发送给申购赎回代理券商、基金 管理人和基金托管人。基金管理人与申购赎回代理券商在 T+2 日办理现金差额 的交收。 2）赎回的清算交收 投资者 T 日赎回成功后，登记机构在 T 日收市后为投资者办理基金份额的 交收， 在T+1 日办理现金差额的清算， 并将结果发送给申购赎回代理券商、 基金 管理人和基金托管人。基金管理人与申购赎回代理券商在 T+2 日办理现金差额 的交收。 赎回替代金额的清算交收,9,4,被替代证券， 或者不进行任何买入或卖出证券的操作， 基金管理人可能不买入或 不卖出被替代证券的情形包括但不限于市场流动性不足、 技术系统无法实现、 申 购赎回轧差以及基金管理人认为不应买入或卖出的其他情形。 按照目前的证券代理买卖规则， 正常情况下， 对于T日确认成功的申购或赎 回申请，基金管理人正常情况下将在 T日代理进行相关证券买卖，而对于 T日未 买入或未卖出的部分证券，基金管理人将按该证券 T日收盘价（折算为人民币， 目前折算汇率采用T日估值汇率， 基金管理人可根据情况调整所使用的折算汇率， 并及时公告，被替代证券 T日在证券交易所无交易的，取最近交易日的收盘价， 交易日无收盘价的， 取最后成交价） 计算被替代证券的单位结算成本或结算金额， 因此投资者需承受可能当天无法完成所有证券买卖、未完成买卖部分 及因轧差 处理而未买卖部分按收盘价结算、 结算成本或结算金额不确定 （含汇率波动、 未 完成买卖部分 及因轧差处理而未买卖部分 的折算汇率与港股通结算汇率发生偏 离）等风险。 本基金可参与内地与香港股票市场交易互联互通机制 （以下简称 “港股通机 制” ）下港股通相关业务，基金资产投资于港股，会面临港股通机制下因投资环 境、 投资标的、 市场制度以及交易规则等差异带来的特有风险， 包括港股市场股 价波动较大的风险（港股市场实行T+0回转交,1,0,同风险外， 如投资存托凭证的， 本基金还将面临投资存托凭证的特殊风 险，详见本招募说明书“风险揭示”章节。 基金管理人可在招募说明书规定的时间内以收到的替代金额代投资者买入 或卖出小于等于被替代证券数量的任意数量的被替代证券，实际买入被替代证 券的价格可能处于规定时间内较高的位置或处于最高价格，实际卖出被替代证 券的价格可能处于规定时间内较低的位置或处于最低价格，基金管理人对此不 承担责任。基金管理人有权根据基金投资的需要自主决定不买入或不卖出部分 被替代证券， 或者不进行任何买入或卖出证券的操作， 基金管理人可能不买入或 不卖出被替代证券的情形包括但不限于市场流动性不足、 技术系统无法实现、 申 购赎回轧差以及基金管理人认为不应买入或卖出的其他情形。 按照目前的证券代理买卖规则， 正常情况下， 对于T日确认成功的申购或赎 回申请，基金管理人正常情况下将在 T日代理进行相关证券买卖，而对于 T日未 买入或未卖出的部分证券，基金管理人将按该证券 T日收盘价（折算为人民币， 目前折算汇率采用T日估值汇率， 基金管理人可根据情况调整所使用的折算汇率， 并及时公告，被替代证券 T日在证券交易所无交易的，取最近交易日的收盘价， 交易日无收盘价的， 取最后成交价） 计算被替代证券的单位结算成本或结算金额， 因此投资者需承受可能当天无法完成所有证券买卖、未完成买卖部分,1,0,同风险外， 如投资存托凭证的， 本基金还将面临投资存托凭证的特殊风 险，详见本招募说明书“风险揭示”章节。 基金管理人可在招募说明书规定的时间内以收到的替代金额代投资者买入 或卖出小于等于被替代证券数量的任意数量的被替代证券，实际买入被替代证 券的价格可能处于规定时间内较高的位置或处于最高价格，实际卖出被替代证 券的价格可能处于规定时间内较低的位置或处于最低价格，基金管理人对此不 承担责任。基金管理人有权根据基金投资的需要自主决定不买入或不卖出部分 被替代证券， 或者不进行任何买入或卖出证券的操作， 基金管理人可能不买入或 不卖出被替代证券的情形包括但不限于市场流动性不足、 技术系统无法实现、 申 购赎回轧差以及基金管理人认为不应买入或卖出的其他情形。 按照目前的证券代理买卖规则， 正常情况下， 对于T日确认成功的申购或赎 回申请，基金管理人正常情况下将在 T日代理进行相关证券买卖，而对于 T日未 买入或未卖出的部分证券，基金管理人将按该证券 T日收盘价（折算为人民币， 目前折算汇率采用T日估值汇率， 基金管理人可根据情况调整所使用的折算汇率， 并及时公告，被替代证券 T日在证券交易所无交易的，取最近交易日的收盘价， 交易日无收盘价的， 取最后成交价） 计算被替代证券的单位结算成本或结算金额， 因此投资者需承受可能当天无法完成所有证券买卖、未完成买卖部分 及因轧,"需按发售代理机构的规定， 备足认购资金， 办理认 购手续。 网上现金认购申请提交后， 投资者可以在当日交易时间内撤销指定的认 购申请。 招募说明书 28 5、清算交收 通过发售代理机构提交的网上现金认购申请， 由该发售代理机构冻结相应的 认购资金，登记机构进行有效认购款项的清算交收。 6、认购确认 在基金合同生效后， 投资者可通过其办理认购的销售网点查询认购确认情况。 十二、网下现金认购 1、认购时间 详见基金份额发售公告， 具体业务办理时间由基金管理人或指定发售代理机 构确定。 2、认购金额和利息折算的份额的计算 （1）通过基金管理人进行网下现金认购的投资者，认购以基金份额申请， 认购金额的计算公式为： 认购金额＝认购价格×认购份额 总认购份额＝认购份额＋认购金额产生的利息/认购价格 通过基金管理人进行网下现金认购不收取认购费用。 网下现金认购在基金募集期间产生的利息将折算为基金份额归基金份额持 有人所有， 网下现金认购的利息和具体份额以基金管理人或登记机构的记录为准。 利息折算的基金份额保留至整数位，小数部分舍去，舍去部分计入基金财产。 例：某投资者通过基金管理人采用网下现金方式认购本基金 800,000 份，假 定认购金额产生的利息为 100 元，则该投资者的认购金额为： 认购金额＝1.00×800,000＝800,000.00 元 该投资者"
151,159015,SZ,SZ,,2026-04-08,临时数据/159015/159015_招募说明书_20260408.txt,111199,2,利，否则，由此产生的任何损失由投资人自行承担。 在目前结算规则下，投资者当日申购的基金份额清算交收完成后可卖出和赎 回，即T 日申购的 ETF 份额且日间完成 RTGS（实时逐笔全额结算）交收，T 日可卖 出与赎回，而T 日申购的 ETF 份额且日终完成逐笔全额非担保交收，T+1 日方可卖 出和赎回；T 日竞价买入的基金份额，T 日可以卖出或赎回；T 日大宗买入的基金 份额，T 日可以大宗卖出，T+1 日可以竞价卖出或赎回。 基金管理人可以在不违反法律法规规定和基金合同约定的情形下，对上述业 务办理规则进行调整，并按照《信息披露办法》的有关规定在规定媒介上公告。 3、申购和赎回的清算交收与登记 本基金申购、赎回过程中涉及的基金份额、组合证券、现金替代、现金差额及 其他对价的清算交收适用深圳证券交易所、中国证券登记结算有限责任公司相关 业务实施细则和参与各方相关协议的有关规定。 投资者 T 日申购成功后，正常情况下，登记结算机构在 T 日为投资者办理基 金份额与现金替代等的交收，在 T+1 日办理现金差额的清算，并将结果发送给申 购赎回代理券商、基金管理人和基金托管人。正常情况下，基金管理人与申购赎回 代理券商在T+2 日办理现金差额的交收。 投资者 T 日赎回成功后，正常情况下，登记结算机构在 T 日收市后为投,4,1,何交易日内交易（不包括平仓）的股指期货合约的成交金额不得超 过上一个交易日基金资产净值的 20%； 5）基金所持有的股票市值和买入、卖出股指期货合约价值，合计（轧差计 算）应当符合基金合同关于股票投资比例的有关约定；本基金所持有的债券（不 含到期日在一年以内的政府债券）市值和买入、卖出国债期货合约价值，合计 （轧差计算）应当符合基金合同关于债券投资比例的有关约定； 6）在任何交易日日终，持有的买入国债期货合约价值，不得超过基金资产 净值的 15%； 7）在任何交易日日终，持有的卖出国债期货合约价值不得超过基金持有的 债券总市值的 30%； 8）在任何交易日内交易（不包括平仓）的国债期货合约的成交金额不得超 过上一交易日基金资产净值的 30%； 9）每个交易日日终，在扣除股指期货、国债期货和股票期权合约需缴纳的 交易保证金后，应当保持不低于交易保证金一倍的现金； （9）本基金参与股票期权交易的，需遵守下列投资比例限制： 国联恒生港股通科技主题交易型开放式指数证券投资基金 招募说明书 59 1）本基金因未平仓的期权合约支付和收取的权利金总额不得超过基金资产 净值的 10%； 2）本基金开仓卖出认购期权的，应持有足额标的证券；开仓卖出认沽期权 的，应持有合约行权所需的全额现金或交易所规则认可的可冲抵期权保证金的现 金等价物； 3）本基金未平仓的期权合约,1,0,"-1 日前的最新收盘价。如 果 T-1 日至 T 日期间有香港联合交易所交易日非本基金申赎开放日，基金管理人 可对证券参考价格、T-1 日估值汇率进行调整。 ③申购替代金额的处理程序 对于确认成功的 T 日申购申请， 对于组合证券中需要代为买入的港股， 基金管 理人将在T 日内买入申购被替代的部分证券。T 日（指港股通交易日）日终，基金 管理人根据所购入的被替代证券的实际单位购入成本（包括买入价格与相关费用， 折算为人民币）和未买入的被替代证券的T 日（指港股通交易日）收盘价（折算为 人民币,折算汇率采用基金管理人和基金托管人商定的汇率公允价，汇率公允价包 括中国人民银行或其授权机构公布的人民币汇率中间价、中国外汇交易中心参考 汇率、中国外汇交易中心收盘价、与基金托管人商定的其他公允价格等；T 日（指 港股通交易日）在证券交易所无交易的，取最近交易日的收盘价；交易日无收盘价 的，取最后收盘价）计算被替代证券的单位结算成本，在此基础上根据替代证券数 量和申购替代金额确定基金应退还投资者或投资者应补交的款项。T 日（指港股通 交易日）后的第 2 个港股通交易日后的 3 个工作日内，基金管理人将应退款或补 款与相关申购赎回代理券商办理交收。 在此期间若该证券发生除息、 送股 （转增） 、 配股等重要权益变动，则进行相应调整。 当出现半日港股通交易日、联交所临时停市或港股",1,1,交收可在其复牌后按照实际交易成本办理。 在此期间若该证券发生除息、送股（转增）、配股等重要权益变动，则进行相应调 整。 ⑤基金管理人可以根据具体情况，调整申购、赎回替代金额的处理程序、规则 等，并在招募说明书更新及其他公告中披露。 （3）必须现金替代 ①适用情形： 必须现金替代的证券一般是由于标的指数调整， 即将被剔除的成 份证券；或处于停牌的成份证券；或因法律法规限制投资的成份证券；或基金管理 人出于保护持有人利益等原因认为有必要实行必须现金替代的成份证券。 ②替代金额： 对于必须现金替代的证券， 基金管理人将在申购赎回清单中公告 替代的一定数量的现金。必须替代金额的计算方法为申购赎回清单中该成份证券 的数量、T 日预计开盘价以及 T-1 日估值汇率的乘积或基金管理人认为合理的其他 国联恒生港股通科技主题交易型开放式指数证券投资基金 招募说明书 46 方法。 5、预估现金差额相关内容 预估现金差额是指为便于计算基金份额参考净值及申购赎回代理机构预先冻 结申请申购赎回的投资者的相应资金，由基金管理人计算的现金数额。 T日申购赎回清单中公告 T 日预估现金差额。其计算公式为： T日预估现金差额＝T-1 日最小申购赎回单位的基金资产净值－（申购赎回清 单中必须现金替代成份证券的替代金额之和＋申购赎回清单中可以现金替代成份 证券的数量、相应证券调整后 T 日开盘参考价以,"、认购申请：投资者在认购本基金时，需按发售代理机构的规定备足认购资 金，办理认购手续。网上现金认购可多次申报，不可撤单，申报一经确认，认购资 金即被冻结。 4、清算交收：投资者提交的认购委托，由登记结算机构进行有效认购款项的 清算交收。 5、认购确认：在基金合同生效后，投资人可通过其办理认购的销售网点查询 认 购确认情况。 6、认购金额的计算本基金认购金额的计算如下： （1）认购佣金适用比例费率时： 认购佣金＝认购价格×认购份额×佣金比率 认购金额＝认购价格×认购份额×（1＋佣金比率） 净认购金额＝认购价格×认购份额 （2）认购佣金适用固定费用时： 认购佣金＝固定费用 认购金额=认购价格×认购份额+固定费用 净认购金额＝认购价格×认购份额 认购佣金由发售代理机构收取，投资者需以现金方式交纳认购佣金。 例：某投资者通过发售代理机构采用网上现金方式认购本基金 1,000 份，假 设该发售代理机构确认的佣金比率为 0.30%，则需准备的资金数额计算如下： 认购佣金＝1.00×1,000×0.30%＝3.00 元 认购金额＝1.00×1,000×（1＋0.30%）＝1,003.00 元 净认购金额＝1.00×1,000＝1,000.00 元 即，若该投资人通过发售代理机构采用网上现金方式认购本基金 1,000 份， 则需缴纳认购金额 1,003.00 元。"
152,159262,SZ,SZ,2026-07-06,2026-07-06,临时数据/159262/159262_更新招募说明书_20260706.txt,103472,6,相关的交收方式已经认可。 根据本基金现行适用的清算交收和申赎处理规则，投资者当日申购的基金份额，清算交 收完成后方可卖出和赎回，即T日申购的ETF份额且日间完成RTGS（实时逐笔全额结算）交 收，T日可卖出与赎回， 而T日申购的ETF份额且日终完成逐笔全额非担保交收的，T+1日方可 卖出和赎回；T日竞价买入的基金份额，T日可以卖出或赎回。由于登记结算机构对现金替代 采取非净额结算交收模式，当投资者赎回申请被登记结算机构确认后，被赎回的基金份额即 被记减，但此时投资者尚未收到赎回现金替代款。 投资者投资本基金时需具有证券账户，证券账户是指深圳证券交易所 A股账户或深圳证 券交易所证券投资基金账户。 本基金以1元初始面值进行募集，在市场波动等因素的影响下，存在单位份额净值跌破 1 元初始面值的风险。基金管理人提醒投资人基金投资的“买者自负”原则，在投资人作出投 资决策后，基金运营状况与基金净值变化引致的投资风险，由投资人自行负责。 投资人在进行投资决策前，请仔细阅读本基金的《招募说明书》、基金产品资料概要及 《基金合同》，自主判断基金的投资价值，自主做出投资决策，自行承担投资风险。 基金的过往业绩并不预示其未来表现，基金管理人管理的其他基金的业绩并不构成对本 基金表现的保证。 本次更新的招募说明书主要对基金管理人、,4,1,股指期货合约、国债期货合约、股票期权合约需缴纳的交易保证金后，应当保持不 低于交易保证金一倍的现金；本基金所持有的股票市值和买入、卖出股指期货合约价值，合 计（轧差计算）应当符合基金合同关于股票投资比例的有关约定； （3） 本基金投资于同一原始权益人的各类资产支持证券的比例， 不得超过基金资产净值 的 10%； （4）本基金持有的全部资产支持证券，其市值不得超过基金资产净值的 20%； （5）本基金主动投资于流动性受限资产的市值合计不得超过基金资产净值的15%，因证 券市场波动、上市公司股票停牌、基金规模变动等基金管理人之外的因素致使基金不符合该 比例限制的，基金管理人不得主动新增流动性受限资产的投资； （6）本基金持有的同一（指同一信用级别）资产支持证券的比例，不得超过该资产支持 证券规模的 10%； （7） 本基金管理人管理的全部基金投资于同一原始权益人的各类资产支持证券， 不得超 过其各类资产支持证券合计规模的 10%； （8）本基金应投资于信用级别评级为BBB 以上（含BBB）的资产支持证券。基金持有资 产支持证券期间，如果其信用等级下降、不再符合投资标准，应在评级报告发布之日起 3 个 月内予以全部卖出； （9） 基金财产参与股票发行申购， 本基金所申报的金额不超过本基金的总资产， 本基金 所申报的股票数量不超过拟发行股票公司本次发行股,1,0,际成本，则基金管理人将向投资者收取欠 缺的差额。 基金管理人可以根据市场情况和实际需要调整现金替代溢价比例，具体的现金替代溢价 比例以申购赎回清单公告为准。 ③申购替代金额的处理程序 T 日，基金管理人在申购赎回清单中公布现金替代溢价比例，并据此收取替代金额。对 于确认成功的 T 日申购申请，在 T 日内，基金管理人以收到的替代金额代投资者买入被替代 证券。在 T 日日终，基金管理人已买入的证券，依据替代金额与被替代证券的实际买入成本 （包括买入价格与相关交易费用）的差额，确定基金应退还投资者或投资者应补交的款项； 未买入的证券，依据替代金额与被替代证券 T 日收盘价（需用最新汇率折算为人民币，当日 33 在证券交易所无交易的，取最近交易日的收盘价，当日无收盘价的，取最后成交价）的差 额，确定基金应退还投资者或投资者应补交的款项。 正常情况下，T+3 日（指港股通交易日）内，基金管理人将应退款和补款的明细及汇总 数据发送给相关申购赎回代理机构和基金托管人，相关款项的清算交收将于此后 3 个工作日 内完成。 如遇港股通临时停市、港股通交易每日额度或总额度不足等特殊情况，组合证券的代理 买入及结算价格可依次顺延至下一港股通交易日直至交易正常。如遇证券长期停牌、流动性 不足等特殊情况，可参照证券的估值价格对结算价格进行调整，如果基金管理人认为该证券 复牌后的价格可能存在,1,2,中心正式对外发文后公布的人民币兑主要外 汇当日收盘价）等。 ④赎回对应的替代金额的处理程序 对于确认成功的 T 日赎回申请，在 T 日内，基金管理人根据赎回申请代投资者卖出被替 代证券。在 T 日日终，基金管理人已卖出的证券，按照被替代证券的实际卖出金额（扣除相 关费用）确定基金应支付的替代金额；未卖出的证券，按照被替代证券 T 日收盘价（需用最 新汇率折算为人民币，当日在证券交易所无交易的，取最近交易日的收盘价，当日无收盘价 的，取最后成交价）确定基金应支付给投资者的替代金额。 正常情况下，T+7 日（指港股通交易日）内，基金管理人将应支付的替代金额的明细及 汇总数据发送给登记结算机构，登记结算机构办理现金替代资金的清算，并将结果发送给相 关申购赎回代理机构和基金托管人，相关款项的清算交收将于此后 3 个工作日内完成。 如遇港股通临时停市等特殊情况，组合证券的代理卖出及结算价格可依次顺延至下一港 股通交易日直至交易正常。如遇证券长期停牌、流动性不足等特殊情况，可参照证券的估值 价格，对结算价格进行调整，如果基金管理人认为该证券复牌后的价格可能存在较大波动， 且可能对基金资产净值产生较大影响，为了更好的维护持有人利益，该证券对应的现金替代 款的清算交收可在其复牌后按照实际交易成本办理。 34 在此期间若该证券发生除息、送股（转增） 、配股等重要权益变动，,回本基 金，即表示对基金认购、申购和赎回所涉及的基金份额的证券变更登记方式以及申购赎回所 涉及现金替代、现金差额等相关的交收方式已经认可。 根据本基金现行适用的清算交收和申赎处理规则，投资者当日申购的基金份额，清算交 收完成后方可卖出和赎回，即T日申购的ETF份额且日间完成RTGS（实时逐笔全额结算）交 收，T日可卖出与赎回， 而T日申购的ETF份额且日终完成逐笔全额非担保交收的，T+1日方可 卖出和赎回；T日竞价买入的基金份额，T日可以卖出或赎回。由于登记结算机构对现金替代 采取非净额结算交收模式，当投资者赎回申请被登记结算机构确认后，被赎回的基金份额即 被记减，但此时投资者尚未收到赎回现金替代款。 投资者投资本基金时需具有证券账户，证券账户是指深圳证券交易所 A股账户或深圳证 券交易所证券投资基金账户。 本基金以1元初始面值进行募集，在市场波动等因素的影响下，存在单位份额净值跌破 1 元初始面值的风险。基金管理人提醒投资人基金投资的“买者自负”原则，在投资人作出投 资决策后，基金运营状况与基金净值变化引致的投资风险，由投资人自行负责。 投资人在进行投资决策前，请仔细阅读本基金的《招募说明书》、基金产品资料概要及 《基金合同》，自主判断基金的投资价值，自主做出投资决策，自行承担投资风险。 基金的过往业绩并不预示其未来表现，基金管理人管理的其他基金的
153,520840,SH,SH,2026-06-26,2026-06-26,临时数据/520840/520840_更新招募说明书_20260626.txt,110721,2,3、申购和赎回的清算交收与登记 本基金申购和赎回过程中涉及的申购赎回对价和基金份额的交收适用业务 规则的规定和参与各方相关协议的有关规定。 本基金申购业务采用实时逐笔全额结算（ Real Time Gross Settlement， 简称 RTGS）模式；赎回业务涉及的现金替代采用代收代付处理；申购、赎回业 务涉及的现金差额和现金替代退补款采用代收代付处理。 1）申购的清算交收 投资者 T 日申购后，如交易记录已勾单且申购资金足额的，登记机构在 T 日日间实时办理基金份额及现金替代的交收； T 日日间未进行勾单确认或日间 资金不足的，登记机构在 T 日日终根据资金是否足额办理基金份额及现金替代 的清算交收，并将结果发送给基金管理人、申购赎回代理券商和基金托管人。 基金管理人在 T+1 日办理现金差额的清算，并将结果发送给申购赎回代理券商、 基金管理人和基金托管人。基金管理人与申购赎回代理券商在 T+2 日办理现金 差额的交收。 2）赎回的清算交收 投资者 T 日赎回成功后，登记机构在 T 日收市后为投资者办理基金份额的 交收，在 T+1 日办理现金差额的清算，并将结果发送给申购赎回代理券商、基 金管理人和基金托管人。基金管理人与申购赎回代理券商在 T+2 日办理现金差 额的交收。 赎回替代金额的清算交收由基金管理,9,3,卖出部分 被替代证券，或者不进行任何买入或卖出证券的操作，基金管理人可能不买入 或不卖出被替代证券的情形包括但不限于市场流动性不足、技术系统无法实现、 申购赎回轧差以及基金管理人认为不应买入或卖出的其他情形。 按照目前的证券代理买卖规则，正常情况下，对于 T 日确认成功的申购或 赎回申请，基金管理人正常情况下将在 T 日代理进行相关证券买卖，而对于 T 第 4 页 共 146 页 日未买入或未卖出的部分证券，基金管理人将按该证券 T 日收盘价（折算为人 民币，目前折算汇率采用 T 日估值汇率，基金管理人可根据情况调整所使用的 折算汇率，并及时公告，被替代证券 T 日在证券交易所无交易的，取最近交易 日的收盘价，交易日无收盘价的，取最后成交价）计算被替代证券的单位结算 成本或结算金额，因此投资者需承受可能当天无法完成所有证券买卖、未完成 买卖部分及因轧差处理而未买卖部分按收盘价结算、结算成本或结算金额不确 定（含汇率波动、未完成买卖部分及因轧差处理而未买卖部分的折算汇率与港 股通结算汇率发生偏离）等风险。 本基金可参与内地与香港股票市场交易互联互通机制（以下简称 “港股通 机制”）下港股通相关业务，基金资产投资于港股，会面临港股通机制下因投 资环境、投资标的、市场制度以及交易规则等差异带来的特有风险，包括港股 市场股价波动较大的风险（港股市场实行,1,0,的共同风险外，如投资存托凭证的，本基金还将面临投资存托凭证的特 殊风险，详见本招募说明书“风险揭示”章节。 基金管理人可在招募说明书规定的时间内以收到的替代金额代投资者买入 或卖出小于等于被替代证券数量的任意数量的被替代证券，实际买入被替代证 券的价格可能处于规定时间内较高的位置或处于最高价格，实际卖出被替代证 券的价格可能处于规定时间内较低的位置或处于最低价格，基金管理人对此不 承担责任。基金管理人有权根据基金投资的需要自主决定不买入或不卖出部分 被替代证券，或者不进行任何买入或卖出证券的操作，基金管理人可能不买入 或不卖出被替代证券的情形包括但不限于市场流动性不足、技术系统无法实现、 申购赎回轧差以及基金管理人认为不应买入或卖出的其他情形。 按照目前的证券代理买卖规则，正常情况下，对于 T 日确认成功的申购或 赎回申请，基金管理人正常情况下将在 T 日代理进行相关证券买卖，而对于 T 第 4 页 共 146 页 日未买入或未卖出的部分证券，基金管理人将按该证券 T 日收盘价（折算为人 民币，目前折算汇率采用 T 日估值汇率，基金管理人可根据情况调整所使用的 折算汇率，并及时公告，被替代证券 T 日在证券交易所无交易的，取最近交易 日的收盘价，交易日无收盘价的，取最后成交价）计算被替代证券的单位结算 成本或结算金额，因此投资者需承受可能当天无法完成所有,0,0,的共同风险外，如投资存托凭证的，本基金还将面临投资存托凭证的特 殊风险，详见本招募说明书“风险揭示”章节。 基金管理人可在招募说明书规定的时间内以收到的替代金额代投资者买入 或卖出小于等于被替代证券数量的任意数量的被替代证券，实际买入被替代证 券的价格可能处于规定时间内较高的位置或处于最高价格，实际卖出被替代证 券的价格可能处于规定时间内较低的位置或处于最低价格，基金管理人对此不 承担责任。基金管理人有权根据基金投资的需要自主决定不买入或不卖出部分 被替代证券，或者不进行任何买入或卖出证券的操作，基金管理人可能不买入 或不卖出被替代证券的情形包括但不限于市场流动性不足、技术系统无法实现、 申购赎回轧差以及基金管理人认为不应买入或卖出的其他情形。 按照目前的证券代理买卖规则，正常情况下，对于 T 日确认成功的申购或 赎回申请，基金管理人正常情况下将在 T 日代理进行相关证券买卖，而对于 T 第 4 页 共 146 页 日未买入或未卖出的部分证券，基金管理人将按该证券 T 日收盘价（折算为人 民币，目前折算汇率采用 T 日估值汇率，基金管理人可根据情况调整所使用的 折算汇率，并及时公告，被替代证券 T 日在证券交易所无交易的，取最近交易 日的收盘价，交易日无收盘价的，取最后成交价）计算被替代证券的单位结算 成本或结算金额，因此投资者需承受可能当天无法完成所有证券买卖,易的 有效性进行确认。投资人应及时查询有关申请的确认情况，否则如因申请未得 到登记机构的确认而造成的损失，由投资人自行承担。 若上海证券交易所和登记机构推出新的清算交收与登记模式并引入新的申 购、赎回方式，本基金管理人将根据新的业务规则新增或调整申购和赎回申请 的确认方式，无须召开基金份额持有人大会审议。 3、申购和赎回的清算交收与登记 本基金申购和赎回过程中涉及的申购赎回对价和基金份额的交收适用业务 规则的规定和参与各方相关协议的有关规定。 本基金申购业务采用实时逐笔全额结算（ Real Time Gross Settlement， 简称 RTGS）模式；赎回业务涉及的现金替代采用代收代付处理；申购、赎回业 务涉及的现金差额和现金替代退补款采用代收代付处理。 1）申购的清算交收 投资者 T 日申购后，如交易记录已勾单且申购资金足额的，登记机构在 T 日日间实时办理基金份额及现金替代的交收； T 日日间未进行勾单确认或日间 资金不足的，登记机构在 T 日日终根据资金是否足额办理基金份额及现金替代 的清算交收，并将结果发送给基金管理人、申购赎回代理券商和基金托管人。 基金管理人在 T+1 日办理现金差额的清算，并将结果发送给申购赎回代理券商、 基金管理人和基金托管人。基金管理人与申购赎回代理券商在 T+2 日办理现金 差额的交收。 2）赎回的清算交收 投资者
154,159120,SZ,SZ,2026-05-15,2026-05-15,临时数据/159120/159120_更新招募说明书_20260515.txt,106689,2,况，投资人应及时查询并妥善 行使合法权利。 在目前结算规则下，投资者当日申购的基金份额，清算交收完成后可卖出和 赎回，即 T 日申购的 ETF 份额且日间完成 RTGS（实时逐笔全额结算）交收，T 日 可卖出与赎回，而 T 日申购的 ETF 份额且日终完成逐笔全额非担保交收，T+1 日 国联安恒生港股通科技主题交易型开放式指数证券投资基金招募说明书(更新) 42 方可卖出和赎回；T 日竞价买入的基金份额，T 日可以卖出或赎回。 3、申购与赎回的清算交收与登记 本基金申购、赎回过程中涉及的基金份额、现金替代、现金差额及其他对价 的清算交收适用深圳证券交易所、中国证券登记结算有限责任公司相关业务实施 细则和参与各方相关协议的有关规定。 投资者 T 日申购成功后，正常情况下，登记结算机构在 T 日为投资者办理基 金份额与现金替代等的交收，并将结果发送给申购赎回代理券商、基金管理人和 基金托管人。基金管理人与申购赎回代理券商在 T+2 日办理现金差额的交收。 投资者 T 日赎回成功后，正常情况下，登记结算机构在 T 日收市后为投资者 办理基金份额的交收，并将结果发送给基金管理人、申购赎回代理券商和基金托 管人。基金管理人与申购赎回代理券商在 T+2 日办理现金差额的交收。赎回现金 替代款将自有效赎回申请之日起 7 个工,4,1,何交易日内交易（不包括 平仓）的国债期货合约的成交金额不得超过上一交易日基金资产净值的 30%； 5）本基金所持有的股票市值和买入、卖出股指期货合约价值，合计（轧差计 算）应当符合基金合同关于股票投资比例的有关约定；本基金所持有的债券（不 含到期日在一年以内的政府债券）市值和买入、卖出国债期货合约价值，合计 （轧差计算）应当符合基金合同关于债券投资比例的有关约定；； （3）本基金投资于同一原始权益人的各类资产支持证券的比例，不得超过基 金资产净值的 10%； （4）本基金持有的全部资产支持证券，其市值不得超过基金资产净值的 20%； （5）本基金主动投资于流动性受限资产的市值合计不得超过基金资产净值的 15%，因证券市场波动、上市公司股票停牌、基金规模变动等基金管理人之外的因 素致使基金不符合该比例限制的，基金管理人不得主动新增流动性受限资产的投 资； （6）本基金持有的同一（指同一信用级别）资产支持证券的比例，不得超过 该资产支持证券规模的 10%； （7）本基金管理人管理的全部基金投资于同一原始权益人的各类资产支持证 券，不得超过其各类资产支持证券合计规模的 10%； （8）本基金应投资于信用级别评级为 BBB 以上（含 BBB）的资产支持证券。 国联安恒生港股通科技主题交易型开放式指数证券投资基金招募说明书(更新) 57 基金持有资产支持证,1,0,"-1 日前的最新收盘价。 如果 T-1 日至 T 日期间有香港联合交易所交易日非本基金申赎开放日，基金管理 人可对证券参考价格、T-1 日估值汇率进行调整。 ③申购替代金额的处理程序 对于确认成功的 T 日申购申请，对于组合证券中需要代为买入的港股，基金 管理人将在 T 日内买入申购被替代的部分证券。T 日（指港股通交易日）日终， 基金管理人根据所购入的被替代证券的实际单位购入成本（包括买入价格与相关 费用，折算为人民币）和未买入的被替代证券的 T 日（指港股通交易日）收盘价 （折算为人民币,折算汇率采用基金管理人和基金托管人商定的汇率公允价，汇率 公允价包括中国人民银行或其授权机构公布的人民币汇率中间价、中国外汇交易 中心参考汇率、中国外汇交易中心收盘价、与基金托管人商定的其他公允价格等； T 日（指港股通交易日）在证券交易所无交易的，取最近交易日的收盘价）计算 被替代证券的单位结算成本，在此基础上根据替代证券数量和申购替代金额确定 基金应退还投资者或投资者应补交的款项。T 日（指港股通交易日）后的第 2 个 港股通交易日后的 3 个工作日内，基金管理人将应退款或补款与相关申购赎回代 理券商办理交收。在此期间若该证券发生除息、送股（转增）、配股等重要权益变 动，则进行相应调整。 当出现半日港股通交易日、联交所临时停市或港股通每日额度不足等特殊情 国联安恒生港股通",1,1,交收可在其复牌后按照实际交易 成本办理。在此期间若该证券发生除息、送股（转增）、配股等重要权益变动，则 进行相应调整。 ⑤基金管理人可以根据具体情况，调整申购、赎回替代金额的处理程序、规 则等，并在招募说明书更新及其他公告中披露。 国联安恒生港股通科技主题交易型开放式指数证券投资基金招募说明书(更新) 47 （2）必须现金替代 ①适用情形：必须现金替代的证券一般是由于标的指数调整，即将被剔除的 成份证券；或处于停牌的成份证券；或因法律法规限制投资的成份证券；或基金 管理人出于保护持有人利益等原因认为有必要实行必须现金替代的成份证券。 ②替代金额：对于必须现金替代的证券，基金管理人将在申购赎回清单中公 告替代的一定数量的现金。必须替代金额的计算方法为申购赎回清单中该成份证 券的数量、T 日预计开盘价以及 T-1 日估值汇率的乘积或基金管理人认为合理的 其他方法。 5、预估现金差额相关内容 预估现金差额是指为便于计算基金份额参考净值及申购赎回代理机构预先冻 结申请申购赎回的投资者的相应资金，由基金管理人计算的现金数额。 T 日申购赎回清单中公告 T 日预估现金差额。其计算公式为： T 日预估现金差额＝T-1 日最小申购赎回单位的基金资产净值－（申购赎回清 单中必须现金替代成份证券的替代金额之和＋申购赎回清单中可以现金替代成份 证券的数量、相应证券调整后 T 日开盘参考,购、赎回的确认以登记结算机 构的确认结果为准。对于申购、赎回申请的确认情况，投资人应及时查询并妥善 行使合法权利。 在目前结算规则下，投资者当日申购的基金份额，清算交收完成后可卖出和 赎回，即 T 日申购的 ETF 份额且日间完成 RTGS（实时逐笔全额结算）交收，T 日 可卖出与赎回，而 T 日申购的 ETF 份额且日终完成逐笔全额非担保交收，T+1 日 国联安恒生港股通科技主题交易型开放式指数证券投资基金招募说明书(更新) 42 方可卖出和赎回；T 日竞价买入的基金份额，T 日可以卖出或赎回。 3、申购与赎回的清算交收与登记 本基金申购、赎回过程中涉及的基金份额、现金替代、现金差额及其他对价 的清算交收适用深圳证券交易所、中国证券登记结算有限责任公司相关业务实施 细则和参与各方相关协议的有关规定。 投资者 T 日申购成功后，正常情况下，登记结算机构在 T 日为投资者办理基 金份额与现金替代等的交收，并将结果发送给申购赎回代理券商、基金管理人和 基金托管人。基金管理人与申购赎回代理券商在 T+2 日办理现金差额的交收。 投资者 T 日赎回成功后，正常情况下，登记结算机构在 T 日收市后为投资者 办理基金份额的交收，并将结果发送给基金管理人、申购赎回代理券商和基金托 管人。基金管理人与申购赎回代理券商在 T+2 日办理现金差额的交收。赎回现金 替代款
155,520610,SH,SH,,2026-01-07,临时数据/520610/520610_招募说明书_20260107.txt,128288,2,算有限责任公司修改或 更新上述规则或新增设相关规则并适用于本基金的，则按照新的规则执行，并依 照《信息披露办法》的有关规定在规定媒介上公告。 本基金申购业务采用实时逐笔全额结算（Real Time Gross Settlement，简 称 RTGS）模式；赎回业务涉及的现金替代采用代收代付处理；申购、赎回业务 涉及的现金差额和现金替代退补款采用代收代付处理。 1）申购的清算交收 投资者 T 日申购后，如交易记录已勾单且申购资金足额的，登记机构在 T 日日间实时办理基金份额及现金替代的交收；T 日日间未进行勾单确认或日间资 金不足的， 登记机构在T 日日终根据资金是否足额办理基金份额及现金替代的清 算交收，并将结果发送给基金管理人、申购赎回代理券商和基金托管人。在 T+1 日内办理现金差额的清算，并将结果发送给申购赎回代理券商、基金管理人和基 金托管人。基金管理人与申购赎回代理券商在 T+2 日办理现金差额的交收。 2）赎回的清算交收 银华标普港股通低波红利交易型开放式指数证券投资基金 招募说明书 50 投资者 T 日赎回申请受理后，登记机构在 T 日收市后为投资者办理基金份额 的清算交收，在T+1 日内办理现金差额的清算，并将结果发送给申购赎回代理券 商、基金管理人和基金托管人。基金管理人与申购赎回代理券商在T+2,8,4,卖出部分被替代证券，或者不进行任何买 入或卖出证券的操作，基金管理人可能不买入或不卖出被替代证券的情形包括 但不限于市场流动性不足、 技术系统无法实现、申购赎回轧差以及基金管理人认 为不需买入或卖出的其他情形。 按照目前的证券代理买卖规则，T 日确认成功的申购或赎回申请，基金管理 人 T 日未买入或未卖出的部分证券，将按该证券T 日收盘价（折算为人民币，目 前折算汇率采用 T日估值汇率， 基金管理人可根据情况调整所使用的折算汇率， 并及时公告， 被替代证券T 日在证券交易所无交易的， 取最近交易日的收盘价， 交易日无收盘价的， 取最后成交价） 计算被替代证券的单位结算成本或结算金额， 因此投资者需承受可能当天无法完成所有证券买卖、未完成买卖部分按收盘价 结算、结算成本或结算金额不确定（含汇率波动、未完成买卖部分的折算汇率与 港股通结算汇率发生偏离） 等风险。 由于指数成份股采取基金管理人代买代卖模 式， 可能给投资者申购和赎回带来价格的不确定性， 而这种价格的不确定性可能 影响本基金二级市场价格的折溢价水平。 投资人在赎回基金份额时， 基金投资组 合变现可能受到市场变化、 部分成份股停牌或流动性不足等因素影响， 导致投资 者收到的赎回对价可能延期交收或赎回对价的金额出现较大波动的风险。此外， 基金管理人可根据运作情况调整代理申赎投资者买券卖券的相,2,0,境外发行人、中国存托凭证发行 机制以及交易机制等相关的风险。 基金管理人可在本招募说明书规定的时间内（详见本招募说明书第十部分 基金份额的申购与赎回的相关内容）代投资者买入或卖出组合证券中被替代证 券的任意数量，实际买入被替代证券的价格可能处于规定时间内（同上）较高的 位置或处于最高价格， 实际卖出被替代证券的价格可能处于规定时间内 （同上） 银华标普港股通低波红利交易型开放式指数证券投资基金 招募说明书 3 较低的位置或处于最低价格， 基金管理人对此不承担责任。 基金管理人有权根据 基金投资的需要自主决定不买入或不卖出部分被替代证券，或者不进行任何买 入或卖出证券的操作，基金管理人可能不买入或不卖出被替代证券的情形包括 但不限于市场流动性不足、 技术系统无法实现、申购赎回轧差以及基金管理人认 为不需买入或卖出的其他情形。 按照目前的证券代理买卖规则，T 日确认成功的申购或赎回申请，基金管理 人 T 日未买入或未卖出的部分证券，将按该证券T 日收盘价（折算为人民币，目 前折算汇率采用 T日估值汇率， 基金管理人可根据情况调整所使用的折算汇率， 并及时公告， 被替代证券T 日在证券交易所无交易的， 取最近交易日的收盘价， 交易日无收盘价的， 取最后成交价） 计算被替代证券的单位结算成本或结算金额， 因此投资者需承受可能当天无法完成所有证券买卖、未完成买卖部,2,0,境外发行人、中国存托凭证发行 机制以及交易机制等相关的风险。 基金管理人可在本招募说明书规定的时间内（详见本招募说明书第十部分 基金份额的申购与赎回的相关内容）代投资者买入或卖出组合证券中被替代证 券的任意数量，实际买入被替代证券的价格可能处于规定时间内（同上）较高的 位置或处于最高价格， 实际卖出被替代证券的价格可能处于规定时间内 （同上） 银华标普港股通低波红利交易型开放式指数证券投资基金 招募说明书 3 较低的位置或处于最低价格， 基金管理人对此不承担责任。 基金管理人有权根据 基金投资的需要自主决定不买入或不卖出部分被替代证券，或者不进行任何买 入或卖出证券的操作，基金管理人可能不买入或不卖出被替代证券的情形包括 但不限于市场流动性不足、 技术系统无法实现、申购赎回轧差以及基金管理人认 为不需买入或卖出的其他情形。 按照目前的证券代理买卖规则，T 日确认成功的申购或赎回申请，基金管理 人 T 日未买入或未卖出的部分证券，将按该证券T 日收盘价（折算为人民币，目 前折算汇率采用 T日估值汇率， 基金管理人可根据情况调整所使用的折算汇率， 并及时公告， 被替代证券T 日在证券交易所无交易的， 取最近交易日的收盘价， 交易日无收盘价的， 取最后成交价） 计算被替代证券的单位结算成本或结算金额， 因此投资者需承受可能当天无法完成所有证券买卖、未完成买卖部分按收,"购佣金由发售代理机构向投资人收取，投资人需以现金方式交纳认购佣金。 认购佣金由提出认购基金份额申请并成功确认的投资人承担。 网上现金认购的有效认购资金在登记机构清算交收后至划入基金托管专户 前产生的利息遵循登记机构相关规则处理，计入基金财产，不折算为投资人基金 银华标普港股通低波红利交易型开放式指数证券投资基金 招募说明书 40 份额。 例：某投资人通过某发售代理机构以网上现金认购方式认购1,000份本基 金，假设该发售代理机构确认的佣金比率为0.30%，则投资人需支付的认购佣金 和需准备的认购金额计算如下： 认购佣金＝1.00×1,000×0.30%＝3.00元 认购金额＝1.00×1,000×（1+0.30%）＝1,003.00元 即投资人需准备1,003.00元资金，方可认购到1,000份本基金基金份额。 3、认购限额 网上现金认购以基金份额申请。单一账户每笔认购份额需为1，000份或其整 数倍， 并须遵循销售机构的相关规定。 投资人可以多次认购，但需符合法律法规、 监管要求、业务规则以及本基金发售规模控制方案的规定。 4、认购申请 投资人在认购本基金时，需按发售代理机构的规定，备足认购资金，办理认 购手续。 5、清算交收 T日通过发售代理机构提交的网上现金认购申请，由该发售代理机构冻结相 应的认购资金，登记机构进行清算交收，并将有效认购数据发"
156,513770,SH,SH,2026-07-10,2026-07-10,临时数据/513770/513770_更新招募说明书_20260710.txt,110712,4,现金差额及其他对价，并在实施前依照有关规定在规定媒介上予以公告。 在目前结算规则下，投资者当日申购的基金份额，清算交收完成后方可卖出和赎回。本基金申购 业务采用实时逐笔全额结算（Real Time Gross Settlement，以下简称 RTGS）模式，投资者 T 日申购 后，如交易记录已勾单且申购资金足额的，登记机构在 T 日日间实时办理基金份额及现金替代的交 收；T 日日间未进行勾单确认或日间资金不足的，登记机构在 T 日日终根据资金是否足额办理基金份 额及现金替代的清算交收。 在目前的业务规则下，投资者投资本基金时需具有上海证券交易所 A 股账户或基金账户。其中， 上海证券交易所基金账户只能进行基金的现金认购和二级市场交易。 华宝中证港股通互联网交易型开放式指数证券投资基金招募说明书（更新） 本基金可投资股指期货，可能面临杠杆风险、基差风险、股指期货展期时的流动性风险、期货盯 市结算制度带来的现金管理风险、到期日风险、对手方风险、连带风险、未平仓合约不能继续持有风 险等。 本基金的投资范围包括资产支持证券。资产支持证券存在信用风险、利率风险、流动性风险、提 前偿付风险、操作风险和法律风险等。 本基金可参与融资业务。融资业务存在信用风险、投资风险和合规风险等风险。本基金可参与转 融通证券出借业务。转融通证券,2,1,的交易保证金后，应当保持不低于 交易保证金一倍的现金（不包括结算备付金、存出保证金、应收申购款等）；本基金所持有的股票市 值和买入、卖出股指期货合约价值，合计（轧差计算）应当符合基金合同关于股票投资比例的有关约 定； （3）本基金投资于同一原始权益人的各类资产支持证券的比例，不得超过基金资产净值的 10％； （4）本基金持有的全部资产支持证券，其市值不得超过基金资产净值的 20％； （5）本基金持有的同一(指同一信用级别)资产支持证券的比例，不得超过该资产支持证券规模的 10％； （6）本基金管理人管理的全部基金投资于同一原始权益人的各类资产支持证券，不得超过其各类 资产支持证券合计规模的 10％； （7）本基金应投资于信用级别评级为 BBB 以上(含 BBB)的资产支持证券。基金持有资产支持证券 期间，如果其信用等级下降、不再符合投资标准，应在评级报告发布之日起 3 个月内予以全部卖出； （8）基金财产参与股票发行申购，本基金所申报的金额不超过本基金的总资产，本基金所申报的 股票数量不超过拟发行股票公司本次发行股票的总量； （9）本基金进入全国银行间同业市场进行债券回购的资金余额不得超过基金资产净值的 40%，进 入全国银行间同业市场进行债券回购的最长期限为 1 年，债券回购到期后不得展期； 华宝中证港股通互联网交易型开放式指数证券投资基金招募,0,1,使用现金作为替代，基金管理人按 照固定现金替代金额与投资者进行结算。 2）可以现金替代 ①适用情形：可以现金替代的证券是指基金管理人认为需要在投资者申购或赎回时代投资者买入 或卖出的证券。 ②替代金额：对于可以现金替代的证券，替代金额的计算公式为： 替代金额=替代证券数量×该证券 T 日预计开盘价×T-1 日估值汇率× 申购现金替代保证金＝替代金额×（1＋现金替代溢价比例） 申购时收取现金替代保证金的原因是，基金管理人需要在收到申购确认信息后，在香港市场买入 组合证券，结算成本与替代金额可能有所差异。为便于操作，基金管理人在申购赎回清单中预先确定 申购现金替代溢价比例，并据此收取申购现金替代保证金。如果申购现金替代保证金高于购入该部分 证券的实际结算成本，则基金管理人将退还多收取的差额；如果预先收取的申购现金替代保证金低于 基金购入该部分证券的实际结算成本，则基金管理人将向投资者收取欠缺的差额。 ③替代金额的处理程序 基金管理人在 T 日以收到的替代金额代投资者买入被替代证券。基金管理人有权根据基金投资的 需要自主决定不买入部分被替代证券，或者不进行任何买入被替代证券的操作。对于确认成功的 T 日 华宝中证港股通互联网交易型开放式指数证券投资基金招募说明书（更新） 34 申购申请，T+1 日内基金管理人根据申购规模进行组合证券的代理买入，通常情况下代理买,0,1,使用现金作为替代，基金管理人按 照固定现金替代金额与投资者进行结算。 2）可以现金替代 ①适用情形：可以现金替代的证券是指基金管理人认为需要在投资者申购或赎回时代投资者买入 或卖出的证券。 ②替代金额：对于可以现金替代的证券，替代金额的计算公式为： 替代金额=替代证券数量×该证券 T 日预计开盘价×T-1 日估值汇率× 申购现金替代保证金＝替代金额×（1＋现金替代溢价比例） 申购时收取现金替代保证金的原因是，基金管理人需要在收到申购确认信息后，在香港市场买入 组合证券，结算成本与替代金额可能有所差异。为便于操作，基金管理人在申购赎回清单中预先确定 申购现金替代溢价比例，并据此收取申购现金替代保证金。如果申购现金替代保证金高于购入该部分 证券的实际结算成本，则基金管理人将退还多收取的差额；如果预先收取的申购现金替代保证金低于 基金购入该部分证券的实际结算成本，则基金管理人将向投资者收取欠缺的差额。 ③替代金额的处理程序 基金管理人在 T 日以收到的替代金额代投资者买入被替代证券。基金管理人有权根据基金投资的 需要自主决定不买入部分被替代证券，或者不进行任何买入被替代证券的操作。对于确认成功的 T 日 华宝中证港股通互联网交易型开放式指数证券投资基金招募说明书（更新） 34 申购申请，T+1 日内基金管理人根据申购规模进行组合证券的代理买入，通常情况下代理买入在 T,方式，申购对价、赎回对价包括 组合证券、现金替代、现金差额及其他对价，并在实施前依照有关规定在规定媒介上予以公告。 在目前结算规则下，投资者当日申购的基金份额，清算交收完成后方可卖出和赎回。本基金申购 业务采用实时逐笔全额结算（Real Time Gross Settlement，以下简称 RTGS）模式，投资者 T 日申购 后，如交易记录已勾单且申购资金足额的，登记机构在 T 日日间实时办理基金份额及现金替代的交 收；T 日日间未进行勾单确认或日间资金不足的，登记机构在 T 日日终根据资金是否足额办理基金份 额及现金替代的清算交收。 在目前的业务规则下，投资者投资本基金时需具有上海证券交易所 A 股账户或基金账户。其中， 上海证券交易所基金账户只能进行基金的现金认购和二级市场交易。 华宝中证港股通互联网交易型开放式指数证券投资基金招募说明书（更新） 本基金可投资股指期货，可能面临杠杆风险、基差风险、股指期货展期时的流动性风险、期货盯 市结算制度带来的现金管理风险、到期日风险、对手方风险、连带风险、未平仓合约不能继续持有风 险等。 本基金的投资范围包括资产支持证券。资产支持证券存在信用风险、利率风险、流动性风险、提 前偿付风险、操作风险和法律风险等。 本基金可参与融资业务。融资业务存在信用风险、投资风险和合规风险等风险。本基金可参与转 融通证券出借业
157,159567,SZ,SZ,2025-12-05,2025-12-05,临时数据/159567/159567_更新招募说明书_20251205.txt,122740,2,记结算有限责任公司修改或更新上述规则或新 增设相关规则并适用于本基金的，则按照新的规则执行，并在招募说明书中进行更 新。 本基金现金申购业务中的现金替代日间实行RTGS交收，日间未完成交收的，日 终统一进行逐笔全额非担保交收；现金赎回业务中的现金替代采用代收代付处理； 现金申购、赎回业务涉及的现金差额和现金替代退补款采用代收代付处理。 正常情况下，投资者T日提交的现金申购申请受理后，登记机构对ETF申购对应 的份额和现金替代，日间实行RTGS交收，上述份额和现金替代日间未完成交收的， 日终统一进行逐笔全额非担保交收，登记机构在T日办理基金份额及现金替代的清 算交收，并将结果发送给基金管理人、申购赎回代理券商和基金托管人。基金管理 人在T+2日办理现金差额的清算交收。 投资者T日提交的现金赎回申请受理后，登记机构在T日为投资者办理基金份额 的注销，对ETF赎回份额实行逐笔全额非担保交收，对ETF赎回的现金替代、申赎的 现金差额及现金替代退补款，实行资金代收代付，并将结果发送给基金管理人、申 购赎回代理券商和基金托管人。基金管理人在T+2日办理现金差额的清算交收。赎 回现金替代款的清算交收由基金管理人和申购赎回代理券商协商处理，正常情况 下，赎回现金替代款将自有效赎回申请之日起7个开放日内划往基金份额持有人账 户。,2,1,含质押式回购）等；在任 何交易日日终，持有的卖出股指期货合约价值不得超过基金持有的股票总市值的 20%；基金所持有的股票市值和买入、卖出股指期货合约价值，合计（轧差计算） 应当符合基金合同关于股票投资比例的有关约定；在任何交易日内交易（不包括平 仓）的股指期货合约的成交金额不得超过上一交易日基金资产净值的20%； （6）本基金投资于同一原始权益人的各类资产支持证券的比例，不得超过基 67 银华国证港股通创新药交易型开放式指数证券投资基金招募说明书更新(2025 年第 1 号) 金资产净值的10%；本基金持有的全部资产支持证券，其市值不得超过基金资产净 值的20%，中国证监会规定的特殊品种除外； （7）本基金持有的同一（指同一信用级别）资产支持证券的比例，不得超过 该资产支持证券规模的10%；本基金管理人管理的全部基金投资于同一原始权益人 的各类资产支持证券，不得超过其各类资产支持证券合计规模的10%； （8）本基金应投资于信用级别评级为BBB以上（含BBB）的资产支持证券。基 金持有资产支持证券期间，如果其信用等级下降、不再符合投资标准，应在评级报 告发布之日起3个月内予以全部卖出； （9）本基金主动投资于流动性受限资产的市值合计，不得超过基金资产净值 的15%；因证券市场波动、上市公司股票停牌、基金规模变动等基金管理人之外的 因素致使基金不符合,0,0,结算 成本），则基金管理人将退还多收取的差额；如果预先收取的金额低于基金买入证 券的实际成本（或证券实际结算成本），则基金管理人将向投资者收取欠缺的差 额。 ②申购替代金额的处理程序 55 银华国证港股通创新药交易型开放式指数证券投资基金招募说明书更新(2025 年第 1 号) 对于确认成功的T日现金申购申请，T日（指开放日）内基金管理人根据申购规 模进行组合证券的代理买入，通常情况下代理买入在T日（指开放日）完成。T日 （指开放日）日终，基金管理人根据所购入的被替代证券的实际单位购入成本（包 括买入价格与相关费用，折算为人民币）和未买入的被替代证券的T日（指开放 日）收盘价（折算为人民币，折算汇率采用当天的估值汇率；T日（指开放日）在 证券交易所无交易的，取最近交易日的收盘价；交易日无收盘价的，取最后成交 价）计算被替代证券的单位结算成本，在此基础上根据替代证券数量和申购现金替 代金额确定基金应退还投资者或投资者应补交的款项。正常情况下，T+5日（指开 放日）内基金管理人将应退款或补款与相关申购赎回代理券商办理交收。若发生特 殊情况，基金管理人可以对以上交收日期进行相应调整。 如遇港股通临时停市、港股通交易每日额度或总额度不足等特殊情况，组合证 券的代理买入及结算价格可依次顺延至下一港股通交易日直至交易正常。如遇证券 长期停牌、流动性不足等可能导致收盘价或最后成,0,0,重要权益变动，则进行相应调 整。 ③赎回对应的替代金额 赎回时，对于可以现金替代的证券，替代金额为扣除相关费用后的该证券的卖 出价值（或证券实际结算价值）。 ④赎回替代金额的处理程序 对于确认成功的T日赎回申请，T日（指开放日）内基金管理人根据赎回规模进 行组合证券的代理卖出，通常情况下代理卖出在T日（指开放日）完成。T日（指开 放日）日终，基金管理人根据所卖出的被替代证券的实际单位卖出金额（扣除相关 费用）和未卖出的被替代证券的T日（指开放日）收盘价（折算为人民币，折算汇 率采用当天的估值汇率；被替代证券T日（指开放日）在证券交易所无交易的，取 最近交易日的收盘价；交易日无收盘价的，取最后成交价）计算被替代证券的单位 结算金额，在此基础上根据替代证券数量确定赎回替代金额。正常情况下，T+7日 （指开放日）内基金管理人将应支付的赎回替代金额与相关申购赎回代理券商办理 56 银华国证港股通创新药交易型开放式指数证券投资基金招募说明书更新(2025 年第 1 号) 交收。若发生特殊情况，基金管理人可以对以上交收日期进行相应调整。 如遇港股通临时停市等特殊情况，组合证券的代理卖出及结算价格可依次顺延 至下一港股通交易日直至交易正常。如遇证券长期停牌、流动性不足等可能导致收 盘价或最后成交价不公允的特殊情况，可参照证券的估值价格，对结算价格进行调 整，如果基金管理人认为该,益受损的，基金管理人、基金托管人、基金销售机构不承担由此造成的 损失或不利后果。如因申请未得到登记机构的确认而造成的损失，由投资人自行承 担。 3、申购和赎回的清算交收与登记 本基金申购赎回过程中涉及的基金份额、现金替代、现金差额及其他对价的清 算交收适用相关证券交易所、登记机构的相关规则和参与各方相关协议的有关规 定。如相关证券交易所、中国证券登记结算有限责任公司修改或更新上述规则或新 增设相关规则并适用于本基金的，则按照新的规则执行，并在招募说明书中进行更 新。 本基金现金申购业务中的现金替代日间实行RTGS交收，日间未完成交收的，日 终统一进行逐笔全额非担保交收；现金赎回业务中的现金替代采用代收代付处理； 现金申购、赎回业务涉及的现金差额和现金替代退补款采用代收代付处理。 正常情况下，投资者T日提交的现金申购申请受理后，登记机构对ETF申购对应 的份额和现金替代，日间实行RTGS交收，上述份额和现金替代日间未完成交收的， 日终统一进行逐笔全额非担保交收，登记机构在T日办理基金份额及现金替代的清 算交收，并将结果发送给基金管理人、申购赎回代理券商和基金托管人。基金管理 人在T+2日办理现金差额的清算交收。 投资者T日提交的现金赎回申请受理后，登记机构在T日为投资者办理基金份额 的注销，对ETF赎回份额实行逐笔全额非担保交收，对ETF赎回的现金替代、申赎
158,159741,SZ,SZ,2026-04-30,2026-04-30,临时数据/159741/159741_更新招募说明书_20260430.txt,133979,3,现金替代、现金差额及其他对价的清算交收适 用相关业务规则和参与各方相关协议及其不时修订的有关规定。 本基金现金申购业务中的现金替代采用逐笔全额结算（T 日日间 RTGS 交收 +T 日日终 逐笔全额非担保交收）处理；现金赎回业务中的现金替代采用代收代付处理；现金申购、赎 回业务涉及的现金差额和现金替代退补款采用代收代付处理。 投资者 T 日现金申购后，正常情况下，如选择采用 RTGS 交收且申购资金足额的，登记 结算机构在 T 日日间实时办理基金份额及现金替代的清算交收；T 日日间资金不足或不选择 RTGS 交收的，登记结算机构在 T 日收市后办理基金份额及现金替代的清算交收，并将结果 嘉实恒生科技交易型开放式指数证券投资基金（QDII）更新招募说明书（2026 年 04 月 30 日更新） 47 发送给基金管理人、申购赎回代理券商和基金托管人。基金管理人在 T+1 日办理现金差额的 清算，在 T+2 日办理现金差额的交收。 投资者 T 日提交的现金赎回申请受理后，登记结算机构在 T 日收市后为投资者办理基 金份额的清算，在 T 日办理基金份额的交收，并将结果发送给基金管理人、申购赎回代理券 商和基金托管人。基金管理人在 T+1 日办理现金差额的清算，在 T+2 日办理现金差额的交收。 现金赎回替代款的清算交收,2,1,）等； ③本基金在任何交易日日终，持有的卖出期货合约价值不得超过基金持有的股票总市值 的 20%。 ④本基金所持有的股票市值和买入、卖出股指期货合约价值，合计（轧差计算）应当符 合基金合同关于股票投资比例的有关约定； ⑤本基金在任何交易日内交易（不包括平仓）的股指期货合约的成交金额不得超过上一 交易日基金资产净值的 20%； ⑥每个交易日日终，在扣除股指期货合约需缴纳的交易保证金后，本基金应当保持不低 于交易保证金一倍的现金； （13）本基金参与股票期权交易，应当符合下列投资限制： ①基金因未平仓的期权合约支付和收取的权利金总额不得超过基金资产净值的 10%； ②开仓卖出认购期权的，应持有足额标的证券；开仓卖出认沽期权的，应持有合约行权 所需的全额现金或交易所规则认可的可冲抵期权保证金的现金等价物； 嘉实恒生科技交易型开放式指数证券投资基金（QDII）更新招募说明书（2026 年 04 月 30 日更新） 21 ③未平仓的期权合约面值不得超过基金资产净值的 20%。其中，合约面值按照行权价乘 以合约乘数计算； （14）本基金参与融资业务后，在任何交易日日终，持有的融资买入股票与其他有价证 券市值之和，不得超过基金资产净值的 95%； （15）本基金参与转融通证券出借业务，应当符合下列投资限制： ①出借证券资产不得超过基金资产净值的 30%，出借期,2,0,T 日申购申请，在 T 日（内地香港共同交易日）内基金管理人根据申购 申请进行被替代证券的代理买入。基金管理人有权在 T 日（内地香港共同交易日）内任意时 刻代投资者买入小于等于被替代证券数量的任意数量的被替代证券。基金管理人有权根据基 金投资的需要自主决定不买入部分被替代证券，或者不进行任何买入证券的操作。T 日（内 地香港共同交易日）日终，基金管理人根据所买入的被替代证券的实际单位买入成本（包括 买入价格与相关费用，需用汇率折算为人民币）和未买入的被替代证券的 T 日（内地香港共 同交易日）收盘价（需用汇率折算为人民币；当日在证券交易所无交易的，取该证券交易所 最近交易日的收盘价；当日无收盘价的，取最后成交价）计算被替代证券的单位结算成本， 在此基础上根据替代证券数量和申购现金替代金额确定基金应退还投资者或投资者应补交 的款项。 正常情况下，T+3 日（内地香港共同交易日）内，基金管理人应将退款和补款的明细及 汇总数据发送给登记结算机构，登记结算机构办理现金替代多退少补资金的清算，并将结果 发送给相关申购赎回代理机构和基金托管人，相关款项的交收于数据发送后的第 1 个工作日 内完成。若发生特殊情况，基金管理人可以对交收日期进行相应调整。 对于确认成功的 T 日赎回申请，在 T 日（内地香港共同交易日）内基金管理人根据赎回 申请进行被替代证券的代理卖,2,0,T 日赎回申请，在 T 日（内地香港共同交易日）内基金管理人根据赎回 申请进行被替代证券的代理卖出。基金管理人有权在 T 日（内地香港共同交易日）内任意时 刻代投资者卖出小于等于被替代证券数量的任意数量的被替代证券。基金管理人有权根据基 金投资的需要自主决定不卖出部分被替代证券，或者不进行任何卖出证券的操作。T 日（内 地香港共同交易日）日终，基金管理人根据所卖出的被替代证券的实际单位卖出金额（扣除 嘉实恒生科技交易型开放式指数证券投资基金（QDII）更新招募说明书（2026 年 04 月 30 日更新） 50 相关费用，需用汇率折算为人民币）和未卖出的被替代证券的 T 日（内地香港共同交易日） 收盘价（需用汇率折算为人民币；当日在证券交易所无交易的，取该证券交易所最近交易日 的收盘价；当日无收盘价的，取最后成交价）计算被替代证券的单位结算金额，在此基础上 根据替代证券数量确定赎回替代金额。 正常情况下，T+7 日（内地香港共同交易日）内，基金管理人将应支付的替代金额的明 细及汇总数据发送给登记结算机构，登记结算机构办理现金替代资金的清算，并将结果发送 给相关申购赎回代理机构和基金托管人，相关款项的交收于数据发送后的第 1 个工作日内完 成。若发生特殊情况，基金管理人可以对交收日期进行相应调整。 上述汇率目前采用汇率公允价，包括中国人民银行或其授权机构,"DII）更新招募说明书（2026 年 04 月 30 日更新） 41 认购佣金＝认购价格 ×认购份额×认购费率 （或若适用固定费用的，认购佣金＝固定费用） 5、清算交收：投资者提交的认购委托，由登记结算机构进行有效认购款项的清算交收。 （九）网下现金认购 1、认购时间：2021 年 5 月 14 日至 2021 年 5 月 21 日。 2、认购限额：网下现金认购以基金份额申请。投资者通过发售代理机构办理网下现金 认购的，每笔认购份额须为 1,000 份或其整数倍，投资者通过基金管理人办理网下现金认购 的,每笔认购份额须在 5 万份以上（含 5 万份）。投资者可以多次认购,累计认购份额不设上 限。 3、通过基金管理人进行网下现金认购的投资者，认购申请一经受理不得撤销，投资者 在认购本基金时,需按基金管理人的规定办理相关认购手续,并备足认购资金，认购金额和利 息折算的份额的计算公式为： 认购金额＝认购价格×认购份额×（1＋认购费率） （或若适用固定费用的，认购金额＝认购价格×认购份额＋固定费用） 认购费用＝认购价格×认购份额×认购费率 （或若适用固定费用的，认购费用＝固定费用） 利息折算的份额＝利息/认购价格 通过发售代理机构进行网下现金认购的认购金额的计算同通过发售代理机构进行网上 现金认购的认购金额的计算。 4、清算交收：通过基金管理人提交的网下现金"
159,159747,SZ,SZ,2026-08-12,2026-08-12,临时数据/159747/159747_更新招募说明书_20260812.txt,129275,4,的指数组 合证券仅在境内上市的ETF产品有所差异。 在目前结算规则下， 投资者当日申购的基金份额， 清算交收完成后可卖出和赎回，即T日申购的ETF份额且日间完成RTGS（实时逐笔全额结 算）交收，T日可卖出与赎回；T日申购的ETF份额日间未完成交收的，日终完成逐笔全额 非担保交收，T+1日方可卖出和赎回；T日买入的基金份额，T日可以赎回。 投资人在投资本基金之前，请仔细阅读本基金的基金合同、招募说明书和基金产品资料 概要等信息披露文件，自主判断基金的投资价值，自主做出投资决策，全面认识本基金的风 险收益特征和产品特性，并充分考虑自身的风险承受能力，理性判断市场，谨慎做出投资决 策。基金的过往业绩并不预示其未来表现，基金管理人管理的其他基金的业绩也不构成对本 基金业绩表现的保证。基金管理人承诺以恪尽职守、诚实信用、谨慎勤勉的原则管理和运用 基金财产，但不保证基金一定盈利，也不向投资人保证最低收益。基金管理人提醒投资人基 金投资的“买者自负”原则，在投资人作出投资决策后，基金运营状况、基金份额上市交易 价格波动与基金净值变化引致的投资风险，由投资人自行负责。 本基金标的指数为中证香港科技指数，从香港上市证券中选取50只市值较大、研发投 入较高且营收增速较好的科技龙头上市公司证券作为指数样本， 以反映香港市场科技龙头,3,1,3）本基金在任何交易日日终，持有的卖出股指期货合约价值不得超过基金持有的股票 总市值的20%。 4）本基金所持有的股票市值和买入、卖出股指期货合约价值，合计（轧差计算）应当 符合基金合同关于股票投资比例的有关约定； 5）本基金在任何交易日内交易（不包括平仓）的股指期货合约的成交金额不得超过上 一交易日基金资产净值的20%； （13）本基金参与股票期权交易，应当符合下列投资限制： 1）基金因未平仓的期权合约支付和收取的权利金总额不得超过基金资产净值的10%； 2）开仓卖出认购期权的，应持有足额标的证券；开仓卖出认沽期权的，应持有合约行 权所需的全额现金或交易所规则认可的可冲抵期权保证金的现金等价物； 3）未平仓的期权合约面值不得超过基金资产净值的20%。其中，合约面值按照行权价 乘以合约乘数计算； 除上述第（5） 、（8） 、（9）项另有约定外，因证券/期货市场波动、证券发行人合并、 基金规模变动、标的指数成份股调整、标的指数成份股流动性限制等基金管理人之外的因素 致使基金投资比例不符合上述规定投资比例的， 基金管理人应当在10个交易日内进行调整， 但中国证监会规定的特殊情形除外。法律法规另有规定的，从其规定。 2、本基金境外投资应遵循以下限制： （1）投资比例限制 1）基金持有同一家银行的存款不得超过基金净值的20%。在基金托管账户的存款可以,0,0,,0,2,,数组合证券主要在境外证券交易场所，本基金的申购、赎回流程与标的指数组 合证券仅在境内上市的ETF产品有所差异。 在目前结算规则下， 投资者当日申购的基金份额， 清算交收完成后可卖出和赎回，即T日申购的ETF份额且日间完成RTGS（实时逐笔全额结 算）交收，T日可卖出与赎回；T日申购的ETF份额日间未完成交收的，日终完成逐笔全额 非担保交收，T+1日方可卖出和赎回；T日买入的基金份额，T日可以赎回。 投资人在投资本基金之前，请仔细阅读本基金的基金合同、招募说明书和基金产品资料 概要等信息披露文件，自主判断基金的投资价值，自主做出投资决策，全面认识本基金的风 险收益特征和产品特性，并充分考虑自身的风险承受能力，理性判断市场，谨慎做出投资决 策。基金的过往业绩并不预示其未来表现，基金管理人管理的其他基金的业绩也不构成对本 基金业绩表现的保证。基金管理人承诺以恪尽职守、诚实信用、谨慎勤勉的原则管理和运用 基金财产，但不保证基金一定盈利，也不向投资人保证最低收益。基金管理人提醒投资人基 金投资的“买者自负”原则，在投资人作出投资决策后，基金运营状况、基金份额上市交易 价格波动与基金净值变化引致的投资风险，由投资人自行负责。 本基金标的指数为中证香港科技指数，从香港上市证券中选取50只市值较大、研发投 入较高且营收增速较好的科技龙头上市公司证券作为指数样本， 以
160,513130,SH,SH,2026-04-29,2026-04-29,临时数据/513130/513130_更新招募说明书_20260429.txt,108744,2,购、赎回的确认以登记机构的确认结果为准。对于申购、 赎回申请的确认情况，投资人应及时查询并妥善行使合法权利。 3、申购和赎回的清算交收与登记 本基金申购业务采用实时逐笔全额结算（Real Time Gross Settlement ，以下简称RTGS） 模式；赎回业务涉及的现金替代可采用代收代付处理；申购、赎回业务涉及的现金差额和现 金替代退补款可采用代收代付处理。 （1）申购的清算交收 投资者 T 日现金申购后，如交易记录已勾单且申购资金足额的，登记结算机构在 T 日日 间实时办理基金份额及现金替代的交收；T 日日间未进行勾单确认或日间资金不足的，登记结 算机构在 T 日日终根据资金是否足额办理基金份额及现金替代的清算交收，并将结果发送给 华泰柏瑞南方东英恒生科技指数交易型开放式指数证券投资基金（QDII） 32 基金管理人、申购赎回代理券商和基金托管人。基金管理人通过登记结算机构在 T+1 日办理 现金差额的清算，在T+2 日办理现金差额的交收。 （2）赎回的清算交收 投资者 T 日赎回申请受理后，登记结算机构在 T 日收市后为投资者办理基金份额的清算 交收。基金管理人通过登记结算机构在 T+1 日办理现金差额的清算，在 T+2 日办理现金差额 的交收。 正常情况下，赎回替代款项的清算交收于 T+7 日（指开放,4,4,价格（如：中国人民银行或国家外汇管理局或中国外汇交易中心正式对外发文 后公布的人民币兑主要外汇当日收盘价）等。 ⑤对于 T 日的申购赎回申请，基金管理人有权进行轧差处理，针对净申购，买入净申购 份额对应被替代证券，针对净赎回，卖出净赎回份额对应被替代证券，基金管理人有权买入 或者卖出不等于轧差处理后的上述被替代证券数量的任意数量的被替代证券，在 T+1 日（指 上海证券交易所和香港交易所共同交易日）日终，所有申购赎回对应的被替代证券均按照轧 差处理后买入或者卖出的交易金额（买入价格加 上相关费用或者卖出价格扣除相关费用，需 用汇率公允价折算为人民币），确定基金应退还投资者或投资者应补交的款项。 上述汇率目前采用汇率公允价。汇率公允价包括中国人民银行或其授权机构最新公布的 人民币汇率中间价、中国外汇交易中心最新收盘价、与基金托管人商定的其他公允价格（如： 华泰柏瑞南方东英恒生科技指数交易型开放式指数证券投资基金（QDII） 36 中国人民银行或国家外汇管理局或中国外汇交易中心正式对外发文后公布的人民币兑主要外 汇当日收盘价）等。 ⑥基金管理人可以根据具体情况，调整申购、赎回替代金额的处理程序、规则等，并在 招募说明书更新及其他公告中披露。 4、预估现金部分相关内容 预估现金部分是指为便于计算基金份额参考净值及申购赎回代理券商预先冻结申请申购、 赎回,0,4,成本），则基金管理人将退还多收取的差额；如果预先收取的替 代金额低于购入该部分证券的实际成本（或证券实际结算成本），则基金管理人将向投资者 收取欠缺的差额。 ③申购替代金额的处理程序 T 日，基金管理人根据申购赎回清单收取申购的替代金额。 对于确认成功的T 日申购申请，在T+1 日（指上海证券交易所和香港交易所共同交易日） 内，基金管理人以收到的 申购替代金额代投资者买入被替代 证券（买入方式包括但不限于二 级市场买入、一级市场申购等）。基金管理人有权在 T+1 日（指上海证券交易所和香港交易 所共同交易日）内任意时刻以收到的 申购替代金额代投资者买入小于等于被替代证券数量的 任意数量的被替代证券。基金管理人有权根据基金投资的需要自主决定不买入部分被替代证 券，或者不进行任何买入证券的操作。在 T+1 日（指上海证券交易所和香港交易所共同交易 日）日终，基金管理人已买入的证券，依据 申购的替代金额 与被替代证券的实际买入成本 （包括买入价格与相关交易费用，需用汇率公允价折算为人民币）的差额，确定基金应退还 投资者或投资者应补交的款项；未买入的证券，依据 申购的替代金额 与被替代证券 T+1 日 （指上海证券交易所和香港交易所共同交易日）收盘价（需用汇率公允价折算为人民币，当 日在证券交易所无交易的，取最近交易日的收盘价，当日无收盘价的，取最后成交价）的差 额，确定,0,4,日收盘价）等。 ④赎回对应的替代金额的处理程序 对于确认成功的T 日赎回申请，在T+1 日（指上海证券交易所和香港交易所共同交易日） 内，基金管理人根据赎回申请代投资者卖出被替代证券（卖出方式包括但不限于二级市场卖 出、一级市场赎回等）。基金管理人有权在 T+1 日（指上海证券交易所和香港交易所共同交 易日）内任意时刻代投资者卖出小于等于被替代证券数量的任意数量的被替代证券。基金管 理人有权根据基金投资的需要自主决定不卖出部分被替代证券，或者不进行任何卖出证券的 操作。 在 T+1 日（指上海证券交易所和香港交易所共同交易日）日终，基金管理人已卖出的证 券，按照被替代证券的实际 卖出金额（扣除相关费用，需用汇率公允价折算为人民币）确定 基金应支付的替代金额；未卖出的证券，按照被替代证券 T+1 日（指上海证券交易所和香港 交易所共同交易日）收盘价（需用汇率公允价折算为人民币，当日在证券交易所无交易的， 取最近交易日的收盘价，当日无收盘价的，取最后成交价）确定基金应支付给投资者的替代 金额。 在此期间若该部分证券发生除息、送股（转增）、配股等重要权益变动，则进行相应调 整。正常情况下，T+7 日（指上海证券交易所与香港交易所的共同交易日）内，基金管理人将 应支付的赎回替代金额与相关申购赎回代理机构办理 交收。若发生特殊情况，基金管理人可 以对交收日期进行相应调整。 如遇证,"倍。投资人在认购时间内可以多次认购，累计认购份额不设上限。 （4）认购申请：投资者在认购本基金时，需按发售代理机构的规定，备足认购资金，办 理认购手续。 （5）清算交收：T 日通过发售代理机构提交的网上现金认购申请，由该发售代理机构冻 结相应的认购资金，登记机构进行清算交收，并将有效认购数据发送发售协调人，发售协调 人将实际到位的认购资金划往其预先开设的基金募集专户。 （6）认购确认：在基金合同生效后，投资者应通过其办理认购的销售网点查询认购确认 情况。 5、网下现金认购 （1）认购时间：详见本基金基金份额发售公告。 （2）认购金额和利息折算的份额的计算： 通过基金管理人进行网下现金认购的投资者，认购以基金份额申请，认购费用、认购金 额的计算公式为： 认购费用＝认购份额×认购费率 认购金额＝认购份额×（1＋认购费率） 净认购份额＝认购份额＋认购金额产生的利息/基金份额面值 其中： 认购费用由基金管理人在投资者认购确认时收取，投资者需以现金方式交纳认购费用。 通过发售代理机构进行网下现金认购的认购金额的计算：同通过发售代理机构进行网上 现金认购的认购金额的计算。 （3）认购限额：网下现金认购以基金份额申请。 投资者以上海证券账户通过发售代理机构办理网下现金认购的，每笔认购份额须为1,000 份或其整数倍，投资者通过基金管理人办理网下现金认购的，每笔认购"
161,513160,SH,SH,2026-07-16,2026-07-16,临时数据/513160/513160_更新招募说明书_20260716.txt,124866,0,,6,3,不卖出部分被替代证券，或者不进行任何买入或 卖出证券的操作，基金管理人可能不买入或不卖出被替代证券的情形包括但不限 于市场流动性不足、技术系统无法实现、申购赎回轧差以及基金管理人认为不需 买入或卖出的其他情形。 按照目前的证券代理买卖规则， T日确认成功的申购或赎回申请，基金管理 人T日未买入或未卖出的部分证券，将按该证券 T日收盘价（折算为人民币，目前 折算汇率采用 T日估值汇率，基金管理人可根据情况调整所使用的折算汇率，并 及时公告，被替代证券 T日在证券交易所无交易的，取最近交易日的收盘价，交 易日无收盘价的，取最后成交价）计算被替代证券的单位结算成本或结算金额， 因此投资者需承受可能当天无法完成所有证券买卖、未完成买卖部分按收盘价结 算、结算成本或结算金额不确定（含汇率波动、未完成买卖部分的折算汇率与港 股通结算汇率发生偏离）等 风险。由于指数成份股采取基金管理人代买代卖模 式，可能给投资者申购和赎回带来价格的不确定性，而这种价格的不确定性可能 影响本基金二级市场价格的折溢价水平。投资人在赎回基金份额时，基金投资组 合变现可能受到市场变化、部分成份股停牌或流动性不足等因素影响，导致投资 者收到的赎回对价可能延期交收或赎回对价的金额出现较大波动的风险。此外， 基金管理人可根据运作情况调整代理申赎投资者买券卖券的相关规则，存在相关 规则变动带,2,0,境外发行人、中国存托凭证发行 机制以及交易机制等相关的风险。 基金管理人可在本招募说明书规定的时间内（详见本招募说明书第十部分 基金份额的申购与赎回的相关内容）代投资者买入或卖出组合证券中被替代证券 的任意数量，实际买入被替代证券的价格可能处于规定时间内（同上）较高的位 置或处于最高价格，实际卖出被替代证券的价格可能处于规定时间内（同上）较 3 银华恒生港股通中国科技交易型开放式指数证券投资基金招募说明书更新(2026 年第1 号) 低的位置或处于最低价格，基金管理人对此不承担责任。基金管理人有权根据基 金投资的需要自主决定不买入或不卖出部分被替代证券，或者不进行任何买入或 卖出证券的操作，基金管理人可能不买入或不卖出被替代证券的情形包括但不限 于市场流动性不足、技术系统无法实现、申购赎回轧差以及基金管理人认为不需 买入或卖出的其他情形。 按照目前的证券代理买卖规则， T日确认成功的申购或赎回申请，基金管理 人T日未买入或未卖出的部分证券，将按该证券 T日收盘价（折算为人民币，目前 折算汇率采用 T日估值汇率，基金管理人可根据情况调整所使用的折算汇率，并 及时公告，被替代证券 T日在证券交易所无交易的，取最近交易日的收盘价，交 易日无收盘价的，取最后成交价）计算被替代证券的单位结算成本或结算金额， 因此投资者需承受可能当天无法完成所有证券买卖、未完成买卖,2,0,境外发行人、中国存托凭证发行 机制以及交易机制等相关的风险。 基金管理人可在本招募说明书规定的时间内（详见本招募说明书第十部分 基金份额的申购与赎回的相关内容）代投资者买入或卖出组合证券中被替代证券 的任意数量，实际买入被替代证券的价格可能处于规定时间内（同上）较高的位 置或处于最高价格，实际卖出被替代证券的价格可能处于规定时间内（同上）较 3 银华恒生港股通中国科技交易型开放式指数证券投资基金招募说明书更新(2026 年第1 号) 低的位置或处于最低价格，基金管理人对此不承担责任。基金管理人有权根据基 金投资的需要自主决定不买入或不卖出部分被替代证券，或者不进行任何买入或 卖出证券的操作，基金管理人可能不买入或不卖出被替代证券的情形包括但不限 于市场流动性不足、技术系统无法实现、申购赎回轧差以及基金管理人认为不需 买入或卖出的其他情形。 按照目前的证券代理买卖规则， T日确认成功的申购或赎回申请，基金管理 人T日未买入或未卖出的部分证券，将按该证券 T日收盘价（折算为人民币，目前 折算汇率采用 T日估值汇率，基金管理人可根据情况调整所使用的折算汇率，并 及时公告，被替代证券 T日在证券交易所无交易的，取最近交易日的收盘价，交 易日无收盘价的，取最后成交价）计算被替代证券的单位结算成本或结算金额， 因此投资者需承受可能当天无法完成所有证券买卖、未完成买卖部分按,益受损的，基金管理人、基金托管 人、基金销售机构不承担由此造成的损失或不利后果。如因申请未得到登记机构的 确认而造成的损失，由投资人自行承担。 3、申购和赎回的清算交收与登记 本基金的申购和赎回的清算交收与登记规则适用《上海证券交易所交易型开放 式指数基金业务实施细则》 、 《中国证券登记结算有限责任公司关于交易所交易型开 放式证券投资基金登记结算业务实施细则》和参与各方相关协议的有关规定。基金 合同生效后，本基金的申购赎回采用全现金替代，申购对价、赎回对价包括现金替 代、现金差额及其他对价。 通常情况下，投资人T日申购成功后，登记机构在T日收市后为投资人办理基金 份额与现金替代等的交收，在T+1日办理现金差额的清算，并将结果发送给基金管 理人、申购赎回代理券商和基金托管人。基金管理人与申购赎回代理券商在T+2日 办理现金差额的交收。若发生特殊情况，基金管理人可以对清算交收日期进行相应 调整。 通常情况下，投资人T日赎回成功后，登记机构在T日收市后为投资人办理基金 份额的交收，在T+1日办理现金差额的清算，并将结果发送给基金管理人、申购赎 回代理券商和基金托管人。基金管理人与申购赎回代理券商在T+2日办理现金差额 的交收。赎回现金替代款的清算交收由基金管理人和申购赎回代理券商协商处理， 正常情况下将自有效赎回申请之日起7个开放日内划往基金份额持有人账户。
162,526070,SH,SH,,2026-04-28,临时数据/526070/526070_招募说明书_20260428.txt,104388,0,,4,1,何交易日内交易（不包括平仓）的国债期货合约的成交 金额不得超过上一交易日基金资产净值的 30%； 5）本基金所持有的股票市值和买入、卖出股指期货合约价值，合计（轧差计算）应当 符合基金合同关于股票投资比例有关约定；本基金所持有的债券（不含到期日在一年以内的 政府债券）市值和买入、卖出国债期货合约价值，合计（轧差计算）应当符合基金合同关于 债券投资比例的有关约定； （4）本基金投资于同一原始权益人的各类资产支持证券的比例，不得超过基金资产净 值的 10％； （5）本基金持有的全部资产支持证券，其市值不得超过基金资产净值的 20％； （6）本基金持有的同一(指同一信用级别)资产支持证券的比例，不得超过该资产支持 证券规模的 10％； （7）本基金管理人管理的全部基金投资于同一原始权益人的各类资产支持证券，不得 超过其各类资产支持证券合计规模的 10％； （8）本基金应投资于信用级别评级为 BBB 以上(含 BBB)的资产支持证券。基金持有资 产支持证券期间，如果其信用等级下降、不再符合投资标准，应在评级报告发布之日起 3 个月内予以全部卖出； （9）基金财产参与股票发行申购，本基金所申报的金额不超过本基金的总资产，本基 金所申报的股票数量不超过拟发行股票公司本次发行股票的总量； （10）本基金参与融资的，在任何交易日日终，本基金持有的融资买入股票与其,0,0,,0,0,,"购手续：投资人在认购本基金时，需按发售代理机构的规定，备足认购资金，办 理认购手续。网上现金认购申请提交后，投资人可以在当日交易时间内撤销指定的认购申请。 5、清算交收：T 日通过发售代理机构提交的网上现金认购申请，由该发售代理机构冻 结相应的认购资金，登记机构进行清算交收，并将有效认购数据发送发售协调人，发售协调 人于网上现金认购结束后的第 4 个工作日内将实际到位的认购资金划往基金管理人预先开 设的基金募集专户。 6、认购确认：在基金合同生效后，投资人可通过其办理认购的销售网点查询认购确认 情况。 十三、网下现金认购 1、认购时间：详见基金份额发售公告。 2、认购金额的计算： （1）通过基金管理人进行网下现金认购的投资人，不收取认购费用。认购以基金份额 申请，认购金额的计算公式为： 认购金额＝认购份额×认购价格 利息折算的份额＝利息/认购价格 投资人实际可得份额=认购份额+利息折算的份额 例：某投资人通过基金管理人以网下现金认购方式认购 100,000 份本基金，利息为 10 7-4 元，则投资人需支付的认购费用和需准备的认购金额计算如下： 认购金额＝100,000×1.00＝100,000 元 利息折算的份额=10/1.00=10 份 投资人实际可得份额=100,000+10=100,010 份 即，投资人通过基金管理人以网下现金认购需准备 1"
163,520980,SH,SH,2026-06-18,2026-06-18,临时数据/520980/520980_更新招募说明书_20260618.txt,122376,1,金替代、 现金差额及其他对价的 清算交收适用上海证券交易所、 中国证券登记结算有限责任公司发布的相关业务 规则和参与各方相关协议的有关规定。 本基金申购业务采用实时逐笔全额结算（Real Time Gross Settlement）模 式； 赎回业务涉及的现金替代采用代收代付处理； 申购、 赎回业务涉及的现金差 额和现金替代退补款采用代收代付处理。 投资者 T 日申购成功后， 如交易记录已勾单且申购资金足额的， 登记机构在 T 日日间实时办理基金份额及现金替代的交收；T 日日间未进行勾单确认或日间 资金不足的， 登记机构在T 日日终根据资金是否足额办理基金份额及现金替代的 清算交收， 并将结果发送给基金管理人、 申购赎回代理券商和基金托管人。 基金 管理人在T+1 日内办理现金差额的清算， 在T+2 日内办理现金差额的交收。 基金 管理人可以对清算交收日期进行相应调整。 投资者 T 日赎回成功后， 正常情况下， 登记机构在T 日收市后为投资者办理 基金份额的交收， 在T+1 日内办理现金差额的清算， 并将结果发送给申购赎回代 理券商、 基金管理人和基金托管人。 基金管理人与申购赎回代理券商在T+2 日内 办理现金差额的交收。 赎回现金替代款将自有效赎回申请之日起7 个开放日内办 理。 如遇香港证券市场的交易清算规则,8,4,理。在此期间若该证券发生除息、送股（转增）、配股等重要权益变动，则进行 相应调整。 5）在系统支持的情况下， 对于 T 日的申购赎回申请， 基金管理人有权进行 轧差处理，针对净申购，购入净申购份额对应的组合证券中被替代的成份证券， 针对净赎回， 卖出净赎回份额对应的组合证券中被替代的成份证券， 基金管理人 汇添富恒生港股通中国科技交易型开放式指数证券投资基金 更新招募说明书 49 有权购入或者卖出不等于轧差处理后的上述被替代的成份证券的任意数量。 6）基金管理人可以根据具体情况， 调整上述2）-5） 的申购、 赎回替代金额 的处理程序、规则等，并在招募说明书更新或其他公告中披露。 （2）关于必须现金替代 1）适用情形：必须现金替代的证券一般是由于标的指数调整将被剔除的成 份证券； 或处于停牌的成份证券； 或因法律法规限制投资的成份证券； 或出于保 护基金份额持有人利益等目的基金管理人认为有必要实行必须现金替代的成份 证券。 2）替代金额：对于必须现金替代的证券，基金管理人将在申购赎回清单中 公告替代的一定数量的现金， 即“固定替代金额”。 固定替代金额的计算方法为： 固定替代金额为替代证券数量乘以其经调整后的 T 日开盘参考价并按照 T- 1 日估值汇率换算或基金管理人认为合理的其他方法。 4、预估现金部分相关内容 预估现金部分是指， 为便于计算,2,0,入该部分证券的实际 成本， 则基金管理人将退还多收取的差额； 如果预先收取的金额低于基金购入该 部分证券的实际成本，则基金管理人将向投资者收取欠缺的差额。 3）申购替代金额的处理程序 在 T 日 （指港股通交易日） 内， 基金管理人以收到的替代金额代投资者买入 被替代证券。 基金管理人有权在T 日 （指港股通交易日） 内任意时刻以收到的替 代金额代投资者买入小于等于被替代证券数量的任意数量的被替代证券。 基金管 理人有权根据基金投资的需要自主决定不买入部分被替代证券， 或者不进行任何 买入证券的操作。T 日（指港股通交易日）日终，基金管理人根据所购入的被替 代证券的实际单位购入成本 （包括买入价格与相关费用） 和未买入的被替代证券 的 T 日（指港股通交易日）收盘价（折算为人民币）；T 日（指港股通交易日） 在证券交易所无交易的， 取最近交易日的收盘价； 交易日无收盘价的， 取最后成 交价） 计算被替代证券的单位结算成本， 在此基础上根据替代证券数量和申购现 金替代保证金确定基金应退还投资者或投资者应补交的款项。T 日（指港股通交 易日） 后的第3 个港股通交收日后的 2 个工作日内， 基金管理人将应退款或补款 与相关申购赎回代理券商办理交收。 在此期间若该证券发生除息、 送股 （转增） 、 配股等重要权益变动， 则进行相应调整。 出现半日港股通交易日、 临时停市,2,1,益， 该证券对应的 现金替代款的清算交收可在其复牌后按照实际交易成本办理。 在此期间若该证券 发生除息、送股（转增）、配股等重要权益变动，则进行相应调整。 4）赎回替代金额的处理程序 在 T 日 （指港股通交易日） 内， 基金管理人根据赎回申请代投资者卖出被替 代证券。 基金管理人有权在T 日 （指港股通交易日） 内任意时刻代投资者卖出小 于等于被替代证券数量的任意数量的被替代证券。 基金管理人有权根据基金投资 的需要自主决定不卖出部分被替代证券，或者不进行任何卖出证券的操作。T 日 （指港股通交易日） 日终， 基金管理人根据所卖出的被替代证券的实际单位卖出 金额 （扣除相关费用） 和未卖出的被替代证券的T 日 （指港股通交易日） 收盘价 （折算为人民币） ； 被替代证券T 日 （指港股通交易日） 在证券交易所无交易的， 取最近交易日的收盘价； 交易日无收盘价的， 取最后成交价） 计算被替代证券的 单位结算金额，在此基础上根据替代证券数量确定赎回替代金额。T 日（指港股 通交易日） 后的第3 个港股通交收日后的2 个工作日内， 基金管理人将应支付的 赎回替代金额与相关申购赎回代理券商办理交收。在此期间若该证券发生除息、 送股（转增）、配股等重要权益变动，则进行相应调整。 当出现半日港股通交易日、 临时停市等特殊情况时， 计算并确定被替代证券 的单位结算成本的时间将,的投资”章节中“风险收益特征”的表述可能存在不同， 投资人在 购买本基金时需按照销售机构的要求完成风险承受能力与产品风险之间的匹配 检验。 根据本基金现行适用的清算交收和申赎处理规则， 投资者当日申购的基金份 额， 清算交收完成后方可卖出和赎回， 即T 日申购的基金份额且日间完成实时逐 笔全额结算（Real Time Gross Settlement ）交收的，T 日可卖出和赎回，而 T 日申购的基金份额且日终完成逐笔全额非担保交收的，T+1 日方可卖出和赎回。 投资者投资于本基金前请认真阅读证券交易所和登记机构关于 ETF 的相关 业务规则及其不时的更新，确保具备相关专业知识、清楚了解相关规则流程后 方可参与本基金的申购、赎回及交易。投资者一旦认购、申购或赎回本基金， 即表示对基金认购、申购和赎回所涉及的基金份额的证券变更登记方式以及申 购赎回所涉及现金替代、现金差额等相关的交收方式已经认可。 投资有风险， 投资者在进行投资决策前， 请仔细阅读本基金的 《招募说明书》 、 《基金合同》 、 基金产品资料概要等信息披露文件， 并根据自身的投资目的、 投 汇添富恒生港股通中国科技交易型开放式指数证券投资基金 更新招募说明书 4 资期限、投资经验、资产状况等判断基金是否和投资者的风险承受能力相适应， 自主判断基金的投资价值，自主做出投资决策，自行承担投资
164,159109,SZ,SZ,2026-05-23,2026-05-23,临时数据/159109/159109_更新招募说明书_20260523.txt,123292,4,有人大会审议。 （八）根据本基金现行适用的清算交收和申赎处理规则，投资者当日申购的基金份额，清算交收完 成后方可卖出和赎回，即 T 日申购的基金份额且日间完成 RTGS（实时逐笔全额结算）交收的，T 日可 卖出和赎回，而 T 日申购的基金份额且日终完成逐笔全额非担保交收的，T+1 日方可卖出和赎回；T 日 竞价买入的基金份额，T 日可以卖出或赎回；T 日大宗买入的基金份额，T 日可以大宗卖出，T+1 日可以 竞价卖出或赎回。 （九）投资人在投资本基金前，请认真阅读本招募说明书，全面认识本基金产品的风险收益特征和 产品特性，充分考虑自身的风险承受能力，理性判断市场，对认购和/或申购基金的意愿、时机、数量等 投资行为作出独立决策，获得基金投资收益，亦承担基金投资中出现的各类风险 。投资本基金可能遇到 的风险包括但不限于：本基金的特有风险、市场风险、流动性风险、管理风险、信用风险、操作风险、 技术风险、合规性风险、政策变更风险、税负增加风险、不可抗力、本基金法律文件风险收益特征表述 与销售机构基金风险评价可能不一致的风险、其他风险等。 景顺长城恒生港股通 50 交易型开放式指数证券投资基金更新招募说明书 （十）本基金为股票型基金，其长期平均风险和预期收益率高于混合型基金、债券型基金及货币市 场基金。同时，本基金为指数,2,1,基金在任何交易日日终，持有的卖出股指期货合约价值不得超过本基金持有的 股票总市值的 20%； 8.4 本基金所持有的股票市值和买入、卖出股指期货合约价值，合计（轧差计算）应 当符合基金合同关于股票投资比例的有关约定； 8.5 本基金在任何交易日内交易（不包括平仓）的股指期货合约的成交金额不得超过 上一交易日基金资产净值的 20%； 8.6 本基金每个交易日日终在扣除股指期货合约、股票期权合约需缴纳的交易保证金 后，应当保持不低于交易保证金一倍的现金，其中，现金不包括结算备付金、存出保证金 和应收申购款等； （9）因未平仓的股 票期权合约支付和收取的权利金总额不得超过基金资产净值的 10%；开仓卖出认购股票期权的，应持有足额标的证券；开仓卖出认沽股票期权的，应持 有合约行权所需的全额现金或交易所规则认可的可冲抵股票期权保证金的现金等价物； 未 平仓的股票期权合约面值不得超过基金资产净值的 20%。 其中， 合约面值按照行权价乘以 合约乘数计算；基金投资股票期权符合基金合同约定的比例限制 （如股票仓位、 个股占比 等） 、投资目标和风险收益特征； （10）本基金参与融资的，每个交易日日终，本基金持有的融资买入股票与 其他有价证券市值之和，不得超过基金资产净值的 95%； （11）本基金参与转融通证券出借业务，应当遵守以下交易限制： 11.1 参与转融,1,0,结算成本， 则基金管理人将退还多收取的差额； 如果预先收取的申购替代金额低于基金购入该部分组合证券的实际结算成本， 则基金管理 人将向投资人收取欠缺的差额。 ③申购替代金额的处理程序 对于确认成功的 T 日申购申请，基金管理人有权在 T 日内任意时刻以收到的申购替 代金额代投资者买入小于等于被替代组合证券数量的任意数量的被替代组合证券。 基金管 理人有权根据基金投资的需要自主决定不买入部分被替代组合证券， 或者不进行任何买入 证券的操作。T 日日终，基金管理人根据所购入的被替代组合证券的实际单位购入成本、 实际购入的相关费用、未购入的被替代组合证券的 T 日收盘价（依照汇率折算为人民币； 被替代组合证券 T 日无交易的， 取最近交易日的收盘价； 交易日无收盘价的， 取最后收盘 价） 计算并确定被替代组合证券的单位结算成本， 在此基础上根据替代组合证券数量和申 购现金替代保证金确定基金应退还投资人的款项或投资人应补交的款项。T 日后的第 4 个 港股通交收日后的 1 个工作日内， 基金管理人将应退款或补款与相关申购赎回代理机构办 理交收。若发生特殊情况，基金管理人可以对交收日期进行相应调整。 如遇港股通临时停市、 港股通交易每日额度或总额度不足等特殊情况， 组合证券的代 理买入及结算价格可依次顺延至下一港股通交易日直至交易正常。 如遇证券长期停牌、 流 动性不足等可,1,2,构在发布和计算境外指数产品中 景顺长城恒生港股通 50 交易型开放式指数证券投资基金更新招募说明书 44 采用的汇率价格和与基金托管人商定的其他公允价格等。 ④赎回替代金额的处理程序 对于确认成功的 T 日赎回申请，基金管理人有权在 T 日内任意时刻代投资者卖出小 于等于被替代证券数量的任意数量的被替代证券。T 日日终，基金管理人有权根据所卖出 的被替代组合证券的实际单位卖出成本、 实际卖出的相关费用、 未卖出的被替代组合证券 的 T 日收盘价（依照汇率折算为人民币；被替代组合证券 T 日无交易的，取最近交易日 的收盘价；交易日无收盘价的，取最后收盘价）计算并确定被替代组合证券的单位结算成 本，在此基础上根据替代组合证券数量确定赎回替代金额。T 日后的第 4 个港股通交收日 后的 1 个工作日内， 基金管理人将应支付的赎回现金替代款与相关申购赎回代理机构办理 交收。若发生特殊情况，基金管理人可以对交收日期进行相应调整。 如遇港股通临时停市等特殊情况， 组合证券的代理卖出及结算价格可依次顺延至下一 港股通交易日直至交易正常。 如遇证券长期停牌、 流动性不足等可能导致收盘价或最后成 交价不公允的特殊情况， 可参照证券的估值价格， 对结算成本进行调整。 如果基金管理人 认为该证券复牌后的价格可能存在较大波动， 且可能对基金资产净值产生较大影响， 为了 更好的维护持有人利,括现金替代、现金差额及其他对价。 若深 圳证券交易所和中国证券登记结算有限责任公司针对跨境交易型开放式指数证券投资基金 修改现有的清 算交收与登记模式、推出新的清算交收与登记模式并引入新的申购、赎回方式，本基金管理人有权调整 本基金的清算交收与登记模式及申购、 赎回方式， 或新增本基金的清算交收与登记模式并引入新的申购、 赎回方式，届时将发布公告予以披露并对本基金的基金合同和招募说明书及其更新中予以更新，无须召 开基金份额持有人大会审议。 （八）根据本基金现行适用的清算交收和申赎处理规则，投资者当日申购的基金份额，清算交收完 成后方可卖出和赎回，即 T 日申购的基金份额且日间完成 RTGS（实时逐笔全额结算）交收的，T 日可 卖出和赎回，而 T 日申购的基金份额且日终完成逐笔全额非担保交收的，T+1 日方可卖出和赎回；T 日 竞价买入的基金份额，T 日可以卖出或赎回；T 日大宗买入的基金份额，T 日可以大宗卖出，T+1 日可以 竞价卖出或赎回。 （九）投资人在投资本基金前，请认真阅读本招募说明书，全面认识本基金产品的风险收益特征和 产品特性，充分考虑自身的风险承受能力，理性判断市场，对认购和/或申购基金的意愿、时机、数量等 投资行为作出独立决策，获得基金投资收益，亦承担基金投资中出现的各类风险 。投资本基金可能遇到 的风险包括但不限于：本基金的特有风险、市
165,159220,SZ,SZ,,2025-04-08,临时数据/159220/159220_招募说明书_20250408.txt,97628,4,及其他对价，并在实施 前依照有关规定在规定媒介上予以公告。 在目前结算规则下， 投资者当日申购的基金份额， 清算交收完成后方可卖出和赎回。 本 基金申购业务采用实时逐笔全额结算（Real Time Gross Settlement ，以下简称RTGS）模 式， 投资者T日申购后， 如交易记录已勾单且申购资金足额的， 登记机构在T日日间实时办理 基金份额及现金替代的交收；T日日间未进行勾单确认或日间资金不足的， 登记机构在T日日 终根据资金是否足额办理基金份额及现金替代的清算交收。 在目前的业务规则下， 投资者投资本基金时需具有深圳证券交易所A股账户或基金账户。 其中，深圳证券交易所基金账户只能进行基金的现金认购和二级市场交易。 投资者在进行投资决策前， 请仔细阅读本基金的招募说明书、基金合同及基金产品资料 概要 等信息披露文件， 并根据自身的投资目的、 投资期限、 投资经验、 资产状况等判断基金 是否和投资 者的风险承受能力相适应， 自主判断基金的投资价值， 自主做出投资决策， 自行 承担投资风险。 基金的过往业绩并不预示其未来表现， 基金管理人管理的其他基金的业绩也不构成对本 基金业绩表现的保证。 基金管理人依照恪尽职守、 诚实信用、 谨慎勤勉的原则管理和运用基金财产， 但不保证 投资于本基金一定盈利，也不保证最,2,1,后， 应当保持不低于交易保证金一倍的现金 （不包括结算备 45 付金、存出保证金、应收申购款等） ；本基金所持有的股票市值和买入、卖出股指期货合约 价值，合计（轧差计算）应当符合基金合同关于股票投资比例的有关约定； （3）本基金投资于同一原始权益人的各类资产支持证券的比例，不得超过基金资产净 值的 10％； （4）本基金持有的全部资产支持证券，其市值不得超过基金资产净值的 20％； （5）本基金持有的同一(指同一信用级别)资产支持证券的比例，不得超过该资产支持 证券规模的 10％； （6）本基金管理人管理的全部基金投资于同一原始权益人的各类资产支持证券，不得 超过其各类资产支持证券合计规模的 10％； （7）本基金应投资于信用级别评级为 BBB 以上(含 BBB)的资产支持证券。基金持有资 产支持证券期间， 如果其信用等级下降、 不再符合投资标准， 应在评级报告发布之日起3 个 月内予以全部卖出； （8）基金财产参与股票发行申购，本基金所申报的金额不超过本基金的总资产，本基 金所申报的股票数量不超过拟发行股票公司本次发行股票的总量； （9）本基金进入全国银行间同业市场进行债券回购的最长期限为 1 年，债券回购到期 后不得展期； （10）本基金主动投资于流动性受限资产的市值合计不得超过基金资产净值的 15%；因 证券市场波动、 上市公司股票停牌、,0,1,的申购现金替代保证金低于基金购入该部分证券的实际结算成本， 则基金管理人将 向投资者收取欠缺的差额。 ③替代金额的处理程序 基金管理人在 T 日以收到的替代金额代投资者买入被替代证券。基金管理人有权根据 基金投资的需要自主决定不买入部分被替代证券，或者不进行任何买入被替代证券的操作。 对于确认成功的 T 日申购申请，T+1 日内基金管理人根据申购规模进行组合证券的代理买 入， 通常情况下代理买入在T 日完成。 基金管理人根据所购入的被替代证券的实际单位购入 成本 （包括买入价格与相关费用） 和未买入的被替代证券的 T 日收盘价 （折算为人民币， 折 算汇率采用当天的估值汇率；T 日在证券交易所无交易的，取最近交易日的收盘价；交易日 无收盘价的， 取最后成交价） 计算被替代证券的单位结算成本， 在此基础上根据替代证券数 量和申购现金替代保证金确定基金应退还投资者或投资者应补交的款项。T 日后的第 2 个港 股通交收日后的第 1 个工作日内，基金管理人将应退款或补款与相关申购赎回代理机构办 理交收。若发生特殊情况，基金管理人可以对交收日期进行相应调整。 如遇港股通临时停市、 港股通交易每日额度或总额度不足等特殊情况， 组合证券的代理 买入及结算价格可依次顺延至下一港股通交易日直至交易正常。 如遇证券长期停牌、 流动性 不足等可能导致收盘价或最后成交价不公允的,0,1,的清算交收可 在其复牌后按照实际交易成本办理。在此期间若该证券发生除息、送股（转增） 、配股等重 要权益变动，则进行相应调整。 基金管理人在 T 日根据赎回申请代投资者卖出被替代证券。基金管理人有权根据基金 投资的需要自主决定不卖出部分被替代证券， 或者不进行任何卖出被替代证券的操作。 对于 确认成功的 T 日赎回申请，T+1 日内，基金管理人根据赎回规模进行组合证券的代理卖出。 基金管理人根据所卖出的被替代证券的实际单位卖出金额 （扣除相关费用） 和未卖出的被替 代证券的 T 日收盘价 （折算为人民币， 折算汇率采用当天的估值汇率； 被替代证券T 日在证 券交易所无交易的， 取最近交易日的收盘价； 交易日无收盘价的， 取最后成交价） 计算被替 代证券的单位结算金额，在此基础上根据替代证券数量确定赎回替代金额。 T 日后的第 3 个港股通交收日后的第 1 个工作日内， 基金管理人将应支付的赎回替代金 额与相关申购赎回代理机构办理交收。 若发生特殊情况， 基金管理人可以对交收日期进行相 应调整。 如遇港股通临时停市、 港股通交易每日额度或总额度不足等特殊情况， 组合证券的代理 卖出及结算价格可依次顺延至下一港股通交易日直至交易正常。 如遇证券长期停牌、 流动性 不足等可能导致收盘价或最后成交价不公允的特殊情况， 可参照证券的估值价格， 对结算价 格进行调整,，申购对价、赎回对价包括组合证券、现金替代、现金差额及其他对价，并在实施 前依照有关规定在规定媒介上予以公告。 在目前结算规则下， 投资者当日申购的基金份额， 清算交收完成后方可卖出和赎回。 本 基金申购业务采用实时逐笔全额结算（Real Time Gross Settlement ，以下简称RTGS）模 式， 投资者T日申购后， 如交易记录已勾单且申购资金足额的， 登记机构在T日日间实时办理 基金份额及现金替代的交收；T日日间未进行勾单确认或日间资金不足的， 登记机构在T日日 终根据资金是否足额办理基金份额及现金替代的清算交收。 在目前的业务规则下， 投资者投资本基金时需具有深圳证券交易所A股账户或基金账户。 其中，深圳证券交易所基金账户只能进行基金的现金认购和二级市场交易。 投资者在进行投资决策前， 请仔细阅读本基金的招募说明书、基金合同及基金产品资料 概要 等信息披露文件， 并根据自身的投资目的、 投资期限、 投资经验、 资产状况等判断基金 是否和投资 者的风险承受能力相适应， 自主判断基金的投资价值， 自主做出投资决策， 自行 承担投资风险。 基金的过往业绩并不预示其未来表现， 基金管理人管理的其他基金的业绩也不构成对本 基金业绩表现的保证。 基金管理人依照恪尽职守、 诚实信用、 谨慎勤勉的原则管理和运用基金财产， 但不保证 投资于本基金一定
166,159277,SZ,SZ,2026-08-21,2026-08-21,临时数据/159277/159277_更新招募说明书_20260821.txt,121236,6,持 有人大会审议。 根据本基金现行适用的清算交收和申赎处理规则， 投资者当日申购的基金份 额，清算交收完成后方可卖出和赎回，即 T 日申购的基金份额且日间完成 RTGS （实时逐笔全额结算）交收的，T 日可卖出和赎回，而T 日申购的基金份额且日 终完成逐笔全额非担保交收的，T+1 日方可卖出和赎回；T 日竞价买入的基金份 额，T 日可以卖出或赎回；T 日大宗买入的基金份额，T 日可以大宗卖出，T+1 日 可以竞价卖出或赎回。 投资有风险， 投资者认购 （或申购） 基金时应认真阅读本招募说明书、 基金 合同、 基金产品资料概要等信息披露文件， 自主判断基金的投资价值， 自主做出 投资决策，自行承担投资风险。基金管理人提醒投资者基金投资的“买者自负” 原则， 在投资者作出投资决策后， 基金运营状况与基金净值变化引致的投资风险， 由投资者自行负责。 未来若出现标的指数不符合要求 （因成份股价格波动等指数编制方法变动之 外的因素致使标的指数不符合要求的情形除外） 、指数编制机构退出等情形，基 金管理人召集基金份额持有人大会对解决方案进行表决， 基金份额持有人大会未 成功召开或就上述事项表决未通过的， 基金合同终止。 因而， 本基金存在着无法 招募说明书（更新） 3 存续的风险。 因基金合同而产生的或与基金合同有关的一切,0,1,,2,0,际结算成本， 则基金管理人将退还多收取的差额； 如果预先收取的申购替代金额低于基金购入 该部分组合证券的实际结算成本，则基金管理人将向投资人收取欠缺的差额。 ③申购替代金额的处理程序 对于确认成功的 T 日申购申请，T 日内基金管理人根据申购规模进行组合证 券的代理买入。 基金管理人有权根据基金投资的需要自主决定不买入部分被替代 证券，或者不进行任何买入证券的操作。T 日日终，基金管理人根据所购入的被 替代组合证券的实际单位购入成本、 实际购入的相关费用 （实际购入金额根据港 股通相关业务规则按当天的港股通卖出结算汇兑比率折算为人民币） 、未购入的 被替代组合证券的 T 日收盘价 （折算为人民币， 折算汇率采用基金管理人和基金 托管人商定的汇率公允价， 包括中国外汇交易中心公布的北京时间16:00 参考汇 率、 港股通买入结算汇兑比率和卖出结算汇兑比率的算术平均值、 中国人民银行 或其授权机构公布的人民币汇率中间价、与基金托管人商定的其他公允价格等； 被替代组合证券 T 日无交易的， 取最近交易日的收盘价； 交易日无收盘价的， 取 最后收盘价） 计算并确定被替代组合证券的单位结算成本， 在此基础上根据替代 组合证券数量和申购现金替代保证金确定基金应退还投资人的款项或投资人应 补交的款项。 若发生特殊情况， 包括如遇港股通结算异常等， 基金管理人可以对 折算汇率和结,2,4,该证券对应的现金替代款的清算交收可在其复牌后按照实际交 易成本办理。 在此期间若该证券发生除息、 送股 （转增） 、 配股等重要权益变动， 则进行相应调整。 ④赎回替代金额的处理程序 对于确认成功的 T 日赎回申请，T 日内基金管理人根据赎回规模进行组合证 券的代理卖出。 基金管理人有权根据基金投资的需要自主决定不卖出部分被替代 证券， 或者不进行任何卖出证券的操作。T 日内基金管理人根据所卖出的被替代 组合证券的实际单位卖出金额、 实际卖出的相关费用（实际卖出金额根据港股通 相关业务规则按当天的港股通买入结算汇兑比率折算为人民币）、未卖出的被替 代组合证券的 T 日收盘价 （折算为人民币， 折算汇率采用基金管理人和基金托管 人商定的汇率公允价，包括中国外汇交易中心公布的北京时间 16:00 参考汇率、 港股通买入结算汇兑比率和卖出结算汇兑比率的算术平均值、 中国人民银行或其 授权机构公布的人民币汇率中间价、 与基金托管人商定的其他公允价格等； 被替 代组合证券 T 日无交易的， 取最近交易日的收盘价； 交易日无收盘价的， 取最后 收盘价） 计算并确定被替代组合证券的单位结算金额， 在此基础上根据替代组合 证券数量确定赎回替代金额。若发生特殊情况， 包括如遇港股通结算异常等， 基 金管理人可以对折算汇率和结算金额进行相应调整。T 日后的第 4 个港股通交收 日后的,， 或开通场外申购、 赎回相关业务， 相应的业 务规则、 申购赎回原则等相关事项届时将另行约定并公告， 无需召开基金份额持 有人大会审议。 根据本基金现行适用的清算交收和申赎处理规则， 投资者当日申购的基金份 额，清算交收完成后方可卖出和赎回，即 T 日申购的基金份额且日间完成 RTGS （实时逐笔全额结算）交收的，T 日可卖出和赎回，而T 日申购的基金份额且日 终完成逐笔全额非担保交收的，T+1 日方可卖出和赎回；T 日竞价买入的基金份 额，T 日可以卖出或赎回；T 日大宗买入的基金份额，T 日可以大宗卖出，T+1 日 可以竞价卖出或赎回。 投资有风险， 投资者认购 （或申购） 基金时应认真阅读本招募说明书、 基金 合同、 基金产品资料概要等信息披露文件， 自主判断基金的投资价值， 自主做出 投资决策，自行承担投资风险。基金管理人提醒投资者基金投资的“买者自负” 原则， 在投资者作出投资决策后， 基金运营状况与基金净值变化引致的投资风险， 由投资者自行负责。 未来若出现标的指数不符合要求 （因成份股价格波动等指数编制方法变动之 外的因素致使标的指数不符合要求的情形除外） 、指数编制机构退出等情形，基 金管理人召集基金份额持有人大会对解决方案进行表决， 基金份额持有人大会未 成功召开或就上述事项表决未通过的， 基金合同终止。 因而， 本基金存在着无法
167,520860,SH,SH,2026-08-27,2026-08-27,临时数据/520860/520860_更新招募说明书_20260827.txt,121632,4,明书（更新） 2 5、根据本基金现行适用的清算交收和申赎处理规则，投资者当日申购的基 金份额，清算交收完成后方可卖出和赎回，即 T 日申购的基金份额且日间完成 RTGS（实时逐笔全额结算）交收的，T 日可卖出和赎回，而T 日申购的基金份额 且日终完成逐笔全额非担保交收的，T+1 日方可卖出和赎回；T 日买入的基金份 额，T 日可以赎回或卖出。 6、投资有风险，投资者认购（或申购）基金时应认真阅读本招募说明书、 基金合同和基金产品资料概要等信息披露文件， 全面认识本基金产品的风险收益 特征和产品特性， 自主判断基金的投资价值， 并根据自身的投资目的、 投资期限、 投资经验、 资产状况等判断本基金是否和自身的风险承受能力相适； 投资者应充 分考虑自身的风险承受能力，理性判断市场，对认购（或申购）基金的意愿、时 机、 数量等投资行为作出独立决策， 获得基金投资收益， 亦自行承担基金投资中 出现的各类风险。 7、本基金的投资范围包括存托凭证。存托凭证是新证券品种，如本基金投 资存托凭证的， 在承担境内上市交易股票投资的共同风险外， 还将承担与存托凭 证、创新企业发行、境外发行人以及交易机制相关的特有风险。 8、本基金投资内地与香港股票市场交易互联互通机制允许买卖的规定范围 内的香港联合交易所上市的股票（以下简称“港股通,1,1,票总市值的 20%；持有的卖出国债期货合约价值不得超过基金持有的 债券总市值的 30%； 11)本基金所持有的股票市值和买入、 卖出股指期货合约价值， 合计 （轧差计 算） 应当符合基金合同关于股票投资比例的有关约定； 基金所持有的债券 （不含 到期日在一年以内的政府债券） 市值和买入、 卖出国债期货合约价值， 合计 （轧 招募说明书（更新） 130 差计算）应当符合基金合同关于债券投资比例的有关约定； 12)本基金在任何交易日内交易（不包括平仓）的股指期货合约的成交金额 不得超过上一交易日基金资产净值的 20%；在任何交易日内交易（不包括平仓） 的国债期货合约的成交金额不得超过上一交易日基金资产净值的 30%； 13)本基金每个交易日日终在扣除股指期货、国债期货和股票期权合约需缴 纳的交易保证金后， 应当保持不低于交易保证金一倍的现金， 其中现金不包括结 算备付金、存出保证金、应收申购款等； 本基金参与股票期权交易的，应当遵守下列 14）- 16）要求： 14)因未平仓的期权合约支付和收取的权利金总额不得超过基金资产净值的 10%； 15)开仓卖出认购期权的， 应持有足额标的证券； 开仓卖出认沽期权的， 应持 有合约行权所需的全额现金或交易所规则认可的可冲抵期权保证金的现金等价 物； 16)未平仓的期权合约面值不得超过基金资产净值的 20%。其,2,0,替代金额的计算公式为： 申购现金替代保证金＝替代证券数量×该证券调整后 T 日开盘参考价以及 T- 1 日估值汇率相乘之和×（1+申购现金替代溢价比例） ； ③申购替代金额的处理程序 T 日， 基金管理人根据申购赎回清单收取申购现金替代保证金。对于确认成 功的 T 日申购申请，在 T 日内，基金管理人以收到的申购现金替代保证金代投 资者买入被替代证券。基金管理人有权在 T 日内任意时刻以收到的申购现金替 代保证金代投资者买入小于等于被替代证券数量的任意数量的被替代证券。 基金 管理人有权根据基金投资的需要自主决定不买入部分被替代证券， 或者不进行任 何买入证券的操作。 在 T 日日终， 基金管理人已买入的证券， 依据申购现金替代保证金与被替代 证券的实际买入成本 （包括买入价格与相关交易费用， 实际买入金额根据港股通 相关业务规则按当天的港股通卖出结算汇兑比率结算为人民币） 的差额， 确定基 金应退还投资者或投资者应补交的款项； 未买入的证券， 依据申购现金替代保证 金与被替代证券 T 日收盘价 （折算为人民币， 折算汇率采用基金管理人和基金托 管人商定的汇率公允价， 包括中国外汇交易中心公布的北京时间16:00 参考汇率、 港股通买入结算汇兑比率和卖出结算汇兑比率的算术平均值、 中国人民银行或其 授权机构公布的人民币汇率中间价、 与基金托管人商定的其他公允价格等,2,1,， 该证券对应的现金替代退补款的清算交收可在其复牌 后按照实际交易成本办理。在此期间若该证券发生除息、送股（转增） 、配股等 重要权益变动，则进行相应调整。 ④赎回替代金额的处理程序 对于确认成功的 T 日赎回申请，在 T 日内，基金管理人根据赎回申请代投 资者卖出被替代证券。基金管理人有权在 T 日内任意时刻代投资者卖出小于等 于被替代证券数量的任意数量的被替代证券。 基金管理人有权根据基金投资的需 要自主决定不卖出部分被替代证券，或者不进行任何卖出证券的操作。 在 T 日日终，基金管理人已卖出的证券，按照被替代证券的实际卖出金额 （扣除相关费用， 实际卖出金额根据港股通相关业务规则按当天的港股通买入结 算汇兑比率结算为人民币） 确定基金应支付的替代金额； 未卖出的证券， 按照被 替代证券 T 日（指上海证券交易所和的共同交易日） 收盘价 （折算为人民币， 折 算汇率采用基金管理人和基金托管人商定的汇率公允价， 包括中国外汇交易中心 公布的北京时间 16:00 参考汇率、 港股通买入结算汇兑比率和卖出结算汇兑比率 的算术平均值、 中国人民银行或其授权机构公布的人民币汇率中间价、 与基金托 管人商定的其他公允价格等； 被替代组合证券T 日无交易的， 取最近交易日的收 盘价； 交易日无收盘价的， 取最后成交价） 确定基金应支付给投资者的替代金额。 在此期间若该部分证,买者自 负” 原则， 在投资者作出投资决策后， 基金运营状况与基金净值变化引致的投资 风险，由投资者自行负责。 招募说明书（更新） 2 5、根据本基金现行适用的清算交收和申赎处理规则，投资者当日申购的基 金份额，清算交收完成后方可卖出和赎回，即 T 日申购的基金份额且日间完成 RTGS（实时逐笔全额结算）交收的，T 日可卖出和赎回，而T 日申购的基金份额 且日终完成逐笔全额非担保交收的，T+1 日方可卖出和赎回；T 日买入的基金份 额，T 日可以赎回或卖出。 6、投资有风险，投资者认购（或申购）基金时应认真阅读本招募说明书、 基金合同和基金产品资料概要等信息披露文件， 全面认识本基金产品的风险收益 特征和产品特性， 自主判断基金的投资价值， 并根据自身的投资目的、 投资期限、 投资经验、 资产状况等判断本基金是否和自身的风险承受能力相适； 投资者应充 分考虑自身的风险承受能力，理性判断市场，对认购（或申购）基金的意愿、时 机、 数量等投资行为作出独立决策， 获得基金投资收益， 亦自行承担基金投资中 出现的各类风险。 7、本基金的投资范围包括存托凭证。存托凭证是新证券品种，如本基金投 资存托凭证的， 在承担境内上市交易股票投资的共同风险外， 还将承担与存托凭 证、创新企业发行、境外发行人以及交易机制相关的特有风险。 8、本基金投资内地与香港股票市场交易
168,520730,SH,SH,,2026-03-31,临时数据/520730/520730_招募说明书_20260331.txt,111164,2,额及其他对价 的清算交收与登记规则适用上海证券交易所、 中国证券登记结算有限责任公司相 关业务规则和参与各方相关协议及其不时修订的有关规定。 本基金申购业务采用实时逐笔全额结算（Real Time Gross Settlement ，简称 RTGS）模式；赎回业务涉及的现金替代可采用代收代付处理；申购、赎回业务 涉及的现金差额和现金替代退补款可采用代收代付处理。 投资者 T 日现金申购后，如交易记录已勾单且申购资金足额的，登记机构 在 T 日日间实时办理基金份额及现金替代的交收；T 日日间未进行勾单确认或日 间资金不足的，登记机构在 T 日日终根据资金是否足额办理基金份额及现金替 代的清算交收，并将结果发送给基金管理人、申购赎回代理券商和基金托管人。 登记机构在 T+1 日内办理现金差额的清算，基金管理人与申购赎回代理券商在 T+2 日内办理现金差额的交收。 投资者 T 日赎回申请受理后，登记机构在 T 日收市后为投资者办理基金份 额的清算交收，在 T+1 日内办理现金差额的清算，并将结果发送给基金管理人、 申购赎回代理券商和基金托管人。基金管理人与申购赎回代理券商在 T+2 日内 通过登记机构的代收代付平台办理现金差额的交收。 赎回现金替代款将自有效赎 回申请之日起 7 个工作日内划往基金份额持有人账户。 投资人,6,4,被替代组合证券的单位结算成本， 在此基础上根据替 代组合证券数量和申购现金替代保证金确定基金应退还投资人的款项或投资人 应补交的款项。 未购入部分包含因申购赎回轧差处理而未实际购入的申购申请对 应的被替代组合证券。 未来基金管理人有权视产品运行情况， 经与基金托管人协 商一致，对折算汇率和未购入被替代证券的计算价格进行调整，并提前公告。 正常情况下，T 日后的第 2 个港股通交收日后的 2 个工作日内， 基金管理人 将应退款或补款与相关申购赎回代理券商办理交收。 若发生特殊情况， 基金管理 人可以对交收日期进行相应调整。 如遇港股通临时停市、 港股通交易每日额度或总额度不足等特殊情况， 基金 管理人可考虑根据实际情况将组合证券的代理买入及结算价格可依次顺延至下 一港股通交易日直至交易正常。 如遇证券长期停牌、 流动性不足等可能导致收盘 万家恒生港股通汽车主题交易型开放式指数证券投资基金 招募说明书 44 价或最后成交价不公允的特殊情况， 可参照证券的估值价格， 对结算价格进行调 整， 如果基金管理人认为该证券复牌后的价格可能存在较大波动， 且可能对基金 资产净值产生较大影响， 为了更好的维护持有人利益， 该证券对应的现金替代退 补款的清算交收可在其复牌后按照实际交易成本办理。 在此期间若该证券发生除 息、送股（转增）、配股等重要权益变动，则进行相,1,0,金作为 替代，基金管理人按照固定现金替代金额与投资者进行结算。 （2）可以现金替代 1）适用情形：可以现金替代的证券是指基金管理人认为需要在投资者申购 或赎回时代投资者买入或卖出的证券。 2）申购现金替代保证金：对于可以现金替代的证券，申购现金替代保证金 的计算公式为： 替代金额＝替代证券数量×该证券调整后 T 日开盘参考价×T-1 日估值汇率 申购现金替代保证金＝替代金额×（1＋现金替代溢价比例） 其中， “该证券调整后T 日开盘参考价” 目前为该证券经除权除息调整的T 日前一香港联合交易所交易日收盘价， 主要根据指数公司提供的标的指数成份证 券的调整后收盘价确定。 万家恒生港股通汽车主题交易型开放式指数证券投资基金 招募说明书 43 收取现金替代溢价的原因是， 基金管理人需要在收到申购确认信息后买入组 合证券， 结算成本与替代金额可能有所差异。 为便于操作， 基金管理人在申购赎 回清单中预先确定现金替代溢价比例， 并据此收取申购现金替代保证金。 如果预 先收取的申购现金替代保证金高于购入该部分证券的实际结算成本， 则基金管理 人将退还多收取的差额； 如果预先收取的申购现金替代保证金低于基金购入该部 分证券的实际结算成本，则基金管理人将向投资者收取欠缺的差额。 基金管理人可以根据市场情况和实际需要确定和调整现金替代溢价比例， 具 体的现金替代溢价比例以,2,0,金作为 替代，基金管理人按照固定现金替代金额与投资者进行结算。 （2）可以现金替代 1）适用情形：可以现金替代的证券是指基金管理人认为需要在投资者申购 或赎回时代投资者买入或卖出的证券。 2）申购现金替代保证金：对于可以现金替代的证券，申购现金替代保证金 的计算公式为： 替代金额＝替代证券数量×该证券调整后 T 日开盘参考价×T-1 日估值汇率 申购现金替代保证金＝替代金额×（1＋现金替代溢价比例） 其中， “该证券调整后T 日开盘参考价” 目前为该证券经除权除息调整的T 日前一香港联合交易所交易日收盘价， 主要根据指数公司提供的标的指数成份证 券的调整后收盘价确定。 万家恒生港股通汽车主题交易型开放式指数证券投资基金 招募说明书 43 收取现金替代溢价的原因是， 基金管理人需要在收到申购确认信息后买入组 合证券， 结算成本与替代金额可能有所差异。 为便于操作， 基金管理人在申购赎 回清单中预先确定现金替代溢价比例， 并据此收取申购现金替代保证金。 如果预 先收取的申购现金替代保证金高于购入该部分证券的实际结算成本， 则基金管理 人将退还多收取的差额； 如果预先收取的申购现金替代保证金低于基金购入该部 分证券的实际结算成本，则基金管理人将向投资者收取欠缺的差额。 基金管理人可以根据市场情况和实际需要确定和调整现金替代溢价比例， 具 体的现金替代溢价比例以申购赎,"资人在认购本基金时， 需按发售代理机构的规定， 备足认购资金， 办理认 购手续。网上现金认购申请提交后， 投资人可以在当日交易时间内撤销指定的认 购申请。 5、清算交收 T 日通过发售代理机构提交的网上现金认购申请， 由该发售代理机构冻结相 应的认购资金， 登记机构进行清算交收， 并将有效认购数据发送发售协调人， 发 售协调人于网上现金认购结束后将实际到位的认购资金划往基金募集专户。 6、认购确认 在基金合同生效后，投资人应通过其办理认购的 销售机构查询认购确认情 况。 十六、网下现金认购 1、认购程序： 投资者认购时间安排、 认购时应提交的文件和办理的手续， 详见基金份额发 售公告。 2、认购金额和利息折算的份额的计算 （1）通过基金管理人进行网下现金认购的投资人，不收取认购费，认购以 基金份额申请，认购金额的计算公式为： 认购金额＝认购价格×认购份额 净认购份额＝认购份额＋认购金额产生的利息/基金份额发售面值 有效认购资金在募集期间产生的利息， 将折算为基金份额， 归基金份额持有 人所有， 具体利息折份额数量以基金管理人的记录为准。 利息折算的份额保留至 整数位，小数部分舍去，舍去部分计入基金财产。 例：某投资人通过基金管理人以网下现金认购方式认购本基金 800,000 份， 假定认购金额产生的利息为 10.00 元，则投资人需准备的认购金额计算"
169,513190,SH,SH,2026-05-29,2026-05-29,临时数据/513190/513190_更新招募说明书_20260529.txt,119016,2,登记 本基金申购赎回过程中涉及的基金份额、现金替代、现金差额及其他对价的清算交收适 用相关业务规则和参与各方相关协议及其不时修订的有关规定。 本基金申购业务采用实时逐笔全额结算（Real Time Gross Settlement，以下简称RTGS） 模式；赎回业务涉及的现金替代可采用代收代付处理；申购、赎回业务涉及的现金差额和现 金替代退补款可采用代收代付处理。 1）申购的清算交收 投资者T日现金申购后，如交易记录已勾单且申购资金足额的，登记机构在T日日间 实时办理基金份额及现金替代的交收；T日日间未进行勾单确认或日间资金不足的，登记机 构在T日日终根据资金是否足额办理基金份额及现金替代的清算交收，并将结果发送给基 金管理人、申购赎回代理券商和基金托管人。基金管理人在T+2日内办理现金差额的交收。 2）赎回的清算交收 投资者T日赎回申请受理后，登记机构在T日收市后为投资者办理基金份额的清算交 收。基金管理人在T+2日内通过登记机构的代收代付平台办理现金差额的交收。 华夏中证港股通内地金融交易型开放式指数证券投资基金招募说明书（更新） 48 正常情况下，基金管理人不迟于T+7日（指开放日）办理赎回替代款项的交付。但如 果出现基金投资市场交易清算规则发生较大变化、 基金赎回数额较大或组合证券内的部分证 券因停牌、流动,1,1,不卖出部分被替代证券，或者不进行任何买入或卖出证券的操作，基 金管理人可能不买入或不卖出被替代证券的情形包括但不限于市场流动性不足、技术系统 无法实现、申购赎回轧差以及基金管理人认为不应买入或卖出的其他情形，因此投资者需 承受可能当天无法完成所有证券买卖、未完成买卖部分按收盘价结算等风险。 14、基金收益分配后基金份额净值低于面值的风险 基于本基金的性质和特点，本基金收益分配不以弥补亏损为前提，收益分配后可能存 在基金份额净值低于面值的风险。 15、第三方机构服务的风险 基金的多项服务委托第三方机构办理，存在以下风险： 华夏中证港股通内地金融交易型开放式指数证券投资基金招募说明书（更新） 98 （1）申购赎回代理券商因多种原因，导致代理申购、赎回业务受到限制、暂停或终止， 由此影响对投资者申购赎回服务的风险。 （2）登记机构可能调整结算制度，如实施货银对付制度，对投资者基金份额、组合证 券及资金的结算方式发生变化，制度调整可能给投资者带来理解偏差的风险。同样的风险 还可能来自于证券交易所及其他代理机构。 （3）证券交易所、登记机构、基金托管人、申购赎回代理券商及其他代理机构可能违 约，导致基金或投资者利益受损的风险。 （三）声明 1、本基金未经任何一级政府、机构及部门担保。投资者自愿投资于本基金，须自行承 担投资风险。 2、除基金管理人直接办理本,1,0,盘参考价（需按照T-1日中国人民银行公布的人民币对港币的汇 率中间价调整为人民币价格）。 （3）可以现金替代 ①适用情形：基金管理人认为需要在投资者申购或赎回时代投资者买入或卖出证券。 ②替代金额： 对于可以现金替代的证券，替代金额的计算公式为： 申购的替代金额＝替代证券数量×该证券T日开盘参考价×T-1日中国人民银行公布的 人民币对港币的汇率中间价×（1+申购现金替代溢价比例）。 收取现金替代溢价的原因是，基金管理人需要在收到申购确认信息后，在香港市场买 入组合证券，实际结算成本与替代金额可能有所差异。为便于操作，基金管理人在申购赎回 清单中预先确定现金替代溢价比例，并据此收取替代金额。如果预先收取的替代金额高于购 入该部分证券的实际结算成本，则基金管理人将退还多收取的差额；如果预先收取的替代金 额低于购入该部分证券的实际结算成本，则基金管理人将向投资者收取欠缺的差额。 ③替代金额的处理程序 【1】申购替代金额的处理程序 基金管理人在T日内以收到的替代金额代投资者买入被替代证券。T日日终，基金管理 人根据所购入的被替代证券的实际单位购入成本（包括买入价格与相关费用）和未买入的被 替代证券的T日收盘价（折算为人民币，折算汇率采用当天的估值汇率；T日在证券交易所 无交易的，取最近交易日的收盘价；交易日无收盘价的，取最后成交价）计算被替代证券的 单位结算成本,1,0,盘参考价（需按照T-1日中国人民银行公布的人民币对港币的汇 率中间价调整为人民币价格）。 （3）可以现金替代 ①适用情形：基金管理人认为需要在投资者申购或赎回时代投资者买入或卖出证券。 ②替代金额： 对于可以现金替代的证券，替代金额的计算公式为： 申购的替代金额＝替代证券数量×该证券T日开盘参考价×T-1日中国人民银行公布的 人民币对港币的汇率中间价×（1+申购现金替代溢价比例）。 收取现金替代溢价的原因是，基金管理人需要在收到申购确认信息后，在香港市场买 入组合证券，实际结算成本与替代金额可能有所差异。为便于操作，基金管理人在申购赎回 清单中预先确定现金替代溢价比例，并据此收取替代金额。如果预先收取的替代金额高于购 入该部分证券的实际结算成本，则基金管理人将退还多收取的差额；如果预先收取的替代金 额低于购入该部分证券的实际结算成本，则基金管理人将向投资者收取欠缺的差额。 ③替代金额的处理程序 【1】申购替代金额的处理程序 基金管理人在T日内以收到的替代金额代投资者买入被替代证券。T日日终，基金管理 人根据所购入的被替代证券的实际单位购入成本（包括买入价格与相关费用）和未买入的被 替代证券的T日收盘价（折算为人民币，折算汇率采用当天的估值汇率；T日在证券交易所 无交易的，取最近交易日的收盘价；交易日无收盘价的，取最后成交价）计算被替代证券的 单位结算成本， 在,和销售机构提供的评级结果为准。 本基金为交易型开放式指数证券投资基金（ETF），在上海证券交易所上市。由于本基 金的标的指数组合证券为香港交易所证券，基金份额的清算交收与境内普通ETF存在一定 差异。通常情况下，投资者申购的基金份额，清算交收完成后方可卖出和赎回。投资者认购 华夏中证港股通内地金融交易型开放式指数证券投资基金招募说明书（更新） 2 本基金时需具有上海证券账户，但需注意，使用基金账户只能参与本基金的现金认购和二级 市场交易，如投资者需要参与基金的申购、赎回，则应使用A股账户。本基金以人民币募 集和计价，本基金可投资于香港市场以港币计价的金融工具，人民币对港币的汇率的波动可 能加大基金净值的波动，从而对基金业绩产生一定影响。 本基金可投资存托凭证，基金净值可能受到存托凭证的境外基础证券价格波动影响， 存托凭证的境外基础证券的相关风险可能直接或间接成为本基金的风险。 本基金可投资于股票期权、股指期货、国债期货等金融衍生品，可能面临的风险包括 市场风险、流动性风险、基差风险、保证金风险、信用风险、操作风险等。本基金可投资 于资产支持证券，可能面临的风险包括信用风险、利率风险、流动性风险、提前偿付风险、 操作风险和法律风险等。本基金可参与转融通证券出借业务，面临的风险包括但不限于流 动性风险、信用风险、市场风险等。 投资有风险，投资者在投资本基
170,513090,SH,SH,2026-06-26,2026-06-26,临时数据/513090/513090_更新招募说明书_20260626.txt,109409,4,基金的《招募说明书》及《基金 合同》。 5、在目前结算规则下， 投资者当日申购的基金份额， 清算交收完成后方可卖出和赎回， 即 T 日申购的基金份额且日间完成 RTGS(实时逐笔全额结算)交收的，T 日可卖出和赎回， 而 T 日申购的基金份额且日终完成逐笔全额非担保交收的，T+1 日方可卖出和赎回；T 日买 入的基金份额，T 日可以赎回或卖出。 投资者投资于本基金前请认真阅读证券交易所和登记结算机构关于 ETF 的相关业务规 则及其不时的更新， 确保具备相关专业知识、 清楚了解相关规则流程后方可参与本基金的申 购、 赎回及交易。 投资者一旦申购或赎回本基金， 即表示对基金申购和赎回所涉及的登记方 式以及申购赎回所涉及现金替 代、现金差额等相关的交收方式及业务规则已经认可。 6、基金的过往业绩并不预示其未来表现，基金管理人管理的其他基金的业绩并不构成 对本基金表现的保证。 本基金有关财务数据截止日为 2026 年 3 月 31 日，净值表现截止日为 2026 年 3 月 31 日，主要人员情况截止日为 2026 年 6 月 25 日，除非另有说明，本招募说明书其他所载内 容截止日为 2026 年5 月16 日。（本报告中财务数据未经审计） I 目 录 一、绪 言..........................,4,4,以 T 日预计开盘价并按照 T-1 日估值汇率换算或基金管理人认为合理的其他方法。 （4） 在系统支持的情况下， 对于T 日的申购赎回申请， 基金管理人有权进行轧差处理， 针对净申购， 购入净申购份额对应的组合证券中被替代的成份证券， 针对净赎回， 卖出净赎 回份额对应的组合证券中被替代的成份证券， 基金管理人有权购入或者卖出不等于轧差处理 后的上述被替代的成份证券的任意数量。 （5）基金管理人可根据运作情况调整代理申赎投资者买券卖券的相关规则并按规定公 告。 （6）未来如相关证券的交易、结算规则发生改变，或上海证券交易所、登记结算机构 有关申购赎回交易结算规则发生改变， 或基金管理人与基金托管人之间的结算相关安排发生 改变等，基金管理人可对上述相关现金替代处理规则进行调整，并按规定公告。 4、预估现金部分相关内容 预估现金部分是指为便于计算基金份额参考净值及申购赎回代理券商预先冻 结申请申 购、赎回的投资者的相应资金，由基金管理人计算的现金数额。 T 日申购赎回清单中公告 T 日预估现金部分。其计算公式为： T 日预估现金部分＝T-1 日最小申购、赎回单位的基金资产净值－（申购赎回清单中必 须现金替代成份证券的替代金额＋申购赎回清单中可以现金替代成份证券的数量、该证券调 整后 T 日开盘参考价以及 T-1 日估值汇率的相乘之和） 其中，该证券调,2,0,基金管理人将 向投资者收取欠缺的差额。 基金管理人可以根据市场情况和实际需要确定和调整现金替代溢价比例， 具体的现金替 代溢价比例以申购赎回清单公告为准。 3）申购替代金额的处理程序 T 日，基金管理人在申购赎回清单中公布现金替代溢价比例，并据此收取申购替代金 额。基金管理人在 T 日内购入组合证券中被替代的成份证券。 基金管理人有权在T 日内任意 时刻， 以收到的申购替代金额代投资者购入组合证券中被替代的成份证券的任意数量。正常 情况下，对于确认成功的 T 日申购申请，基金管理人根据 T 日所购入的被替代证券的实际 单位购入成本 （包括买入价格与相关费用， 折算为人民币）和未买入的被替代证券 T 日收盘 38 价（折算为人民币，被替代证券当日在证券交易所无交易的， 取最近交易日的收盘价； 交易 日无收盘价的， 取最后成交价） 计算被替代证券的单位结算成本， 在此基础上根据替代证券 数量和申购替代金额确定基金应退还投资者或投资者应补交的款项。T 日后的三个港股通交 易日内， 基金管理人将应退款或补款与相关申购赎回代理券商办理交收， 当交收期间出现港 股通交易日为非港股通交收日时， 款项交收日期顺延。 若发生特殊情况， 基金管理人可以对 交收日期进行相应调整。 如遇港股通临时停市、 港股通交易当日额度使用完毕而暂停或停止接受买入申报等特殊 情况，基金管理人可考虑根据,2,1,补款的清算交收可按照其复牌后实际交易成本或者基金 管理人认为合理的价格办理。在此期间若该证券发生除息、送股（转增）、配股等重要权益 变动，则进行相应调整。 4）赎回替代金额的处理程序 基金管理人在 T 日内卖出组合证券中被替代的成份证券。基金管理人有权在 T 日内任 意时刻代投资者卖出组合证券中被替代的成份证券的任意数量。正常情况下， 对于确认成功 的 T 日赎回申请， 基金管理人根据T 日所卖出的被替代证券的实际单位卖出金额 （扣除相关 费用， 折算为人民币） 和未卖出的被替代证券的 T 日收盘价 （折算为人民币，被替代证券当 日在证券交易所无交易的， 取最近交易日的收盘价； 交易日无收盘价的， 取最后成交价）计 算被替代证券的单位结算金额，在此基础上根据替代证券数量确定赎回替代金额。T 日后的 第三个港股通交易日后的一个工作日内， 基金管理人将应支付的赎回替代金额与相关申购赎 回代理券商办理交收， 当交收期间出现港股通交易日为非港股通交收日时， 款项交收日期顺 延。若发生特殊情况，基金管理人可以对交收日期进行相应调整。 如遇港股通临时停市等特殊情况， 组合证券的代理卖出及结算价格可依次顺延至下一港 股通交易日直至交易正常。 如遇证券长期停牌、 流动性不足等可能导致收盘价或最后成交价 不公允的特殊情况， 可参照证券的估值价格， 对结算价格进行调整， 如果基金管理,也有可能损失本 金。投资有风险，投资人在进行投资决策前，请仔细阅读本基金的《招募说明书》及《基金 合同》。 5、在目前结算规则下， 投资者当日申购的基金份额， 清算交收完成后方可卖出和赎回， 即 T 日申购的基金份额且日间完成 RTGS(实时逐笔全额结算)交收的，T 日可卖出和赎回， 而 T 日申购的基金份额且日终完成逐笔全额非担保交收的，T+1 日方可卖出和赎回；T 日买 入的基金份额，T 日可以赎回或卖出。 投资者投资于本基金前请认真阅读证券交易所和登记结算机构关于 ETF 的相关业务规 则及其不时的更新， 确保具备相关专业知识、 清楚了解相关规则流程后方可参与本基金的申 购、 赎回及交易。 投资者一旦申购或赎回本基金， 即表示对基金申购和赎回所涉及的登记方 式以及申购赎回所涉及现金替 代、现金差额等相关的交收方式及业务规则已经认可。 6、基金的过往业绩并不预示其未来表现，基金管理人管理的其他基金的业绩并不构成 对本基金表现的保证。 本基金有关财务数据截止日为 2026 年 3 月 31 日，净值表现截止日为 2026 年 3 月 31 日，主要人员情况截止日为 2026 年 6 月 25 日，除非另有说明，本招募说明书其他所载内 容截止日为 2026 年5 月16 日。（本报告中财务数据未经审计） I 目 录 一、绪 言............
171,520670,SH,SH,2026-07-15,2026-07-15,临时数据/520670/520670_更新招募说明书_20260715.txt,120880,2,基金申购赎回过程中涉及的基金份额、现金替代、 现金差额及其他对价的清算交收适 用相关业务规则和参与各方相关协议及其不时修订的有关规定。 对于本基金的申购业务采用实时逐笔全额结算（Real Time Gross Settlement，以下简 称 RTGS）模式；赎回业务涉及的现金替代采用代收代付处理；申购、赎回业务涉及的现金 差额和现金替代退补款采用代收代付处理。 投资者T 日现金申购后， 如交易记录已勾单且申购资金足额的， 登记结算机构在T 日日 间实时办理基金份额及现金替代的交收；T 日日间未进行勾单确认或日间资金不足的， 登记 结算机构在 T 日日终根据资金是否足额办理基金份额及现金替代的清算交收；在 T+1 日内 办理现金差额的清算， 并将结果发送给申购赎回代理券商、 基金管理人和基金托管人。 基金 管理人与申购赎回代理券商在T+3 日内办理现金差额的交收。 投资者 T 日赎回申请受理后，登记结算机构在 T 日收市后为投资者办理基金份额的清 算交收， 在T+1 日内办理现金差额的清算， 并将结果发送给申购赎回代理券商、 基金管理人 嘉实恒生港股通科技主题交易型开放式指数证券投资基金更新招募说明书（2026 年 07 月 15 日更新） 46 和基金托管人。 基金管理人与申购赎回代理券商在T+3 日内办理现金差,4,1,本基金在任何交易日日终， 持有的卖出股指期货合约价值不得超过基金持有的股票总 市值的20%； ④本基金所持有的股票市值和买入、 卖出股指期货合约价值， 合计 （轧差计算） 应当符 合基金合同关于股票投资比例的有关约定； ⑤本基金在任何交易日内交易 （不包括平仓） 的股指期货合约的成交金额不得超过上一 交易日基金资产净值的20%； ⑥每个交易日日终， 在扣除股指期货和国债期货合约需缴纳的交易保证金后， 本基金应 当保持不低于交易保证金一倍的现金； （10）本基金若参与国债期货交易，应当符合下列投资限制： ①本基金在任何交易日日终， 持有的买入国债期货合约价值， 不得超过基金资产净值的 15%； 嘉实恒生港股通科技主题交易型开放式指数证券投资基金更新招募说明书（2026 年 07 月 15 日更新） 59 ②本基金在任何交易日日终，在扣除股指期货和国债期货合约需缴纳的交易保证金后， 应当保持不低于交易保证金一倍的现金； ③本基金在任何交易日日终， 持有的买入股指期货、 国债期货合约价值与有价证券市值 之和，不得超过基金资产净值的100%。 其中，有价证券指股票、债券（不含到期日在一年以内的政府债券）、资产支持证券、 买入返售金融资产（不含质押式回购）等； ④本基金在任何交易日日终， 持有的卖出国债期货合约价值不得超过基金持有的债券总 市值的30%；,0,0,,1,0,， 该证券对应的现金替代款的清算交收可在其复牌 后按照实际交易成本办理。在此期间若该证券发生除息、 送股 （转增）、 配股等重要权益变 动，则进行相应调整。 ④赎回替代金额的处理程序 对于确认成功的T 日赎回申请，T 日内， 基金管理人根据赎回规模进行组合证券的代理 卖出。T 日日终， 基金管理人根据所卖出的被替代证券的实际单位卖出金额 （扣除相关费用， 按照汇率折算为人民币） 和未卖出的被替代证券的T 日收盘价 （按照汇率折算为人民币； 被 替代证券T 日在证券交易所无交易的， 取最近交易日的收盘价； 交易日无收盘价的， 取最后 成交价） 计算被替代证券的单位结算金额， 在此基础上根据替代证券数量确定赎回替代金额。 T+7 日（指开放日）内，基金管理人将应支付的赎回替代金额与相关申购赎回代理券商办理 交收， 当交收期间出现港股通交易日为非港股通交收日时， 款项交收日期可以顺延。 若发生 特殊情况，基金管理人可以对交收日期进行相应调整。 上述汇率是指汇率公允价。 汇率公允价包括但不限于中国人民银行或其授权机构最新公 布的人民币汇率中间价、 中国外汇交易中心公布的人民币对主要货币参考汇率、 与基金托管 人商定的其他公允价格 （如： 中国人民银行或国家外汇管理局或中国外汇交易中心正式对外 公布的人民币兑主要外汇当日收盘价）等。 嘉实恒生港股通科技主题交易型开放式指数证,"比率） （或若适用固定费用的，认购金额＝认购价格×认购份额＋固定费用） 认购佣金＝认购价格×认购份额×佣金比率 （或若适用固定费用的，认购佣金＝固定费用） 5、清算交收：T 日通过发售代理机构提交的网上现金认购申请，由该发售代理机构冻 结相应的认购资金，登记结算机构进行清算交收，并将有效认购数据发送发售协调人，发 嘉实恒生港股通科技主题交易型开放式指数证券投资基金更新招募说明书（2026 年 07 月 15 日更新） 39 售协调人于网上现金认购结束后将实际到位的认购资金划往预先开设的基金募集专户。 （九）网下现金认购 1、认购时间：2025 年7 月28 日至2025 年 7 月30 日。 2、认购限额：网下现金认购以基金份额申请。投资者通过发售代理机构办理网下现金 认购的，每笔认购份额须为1,000 份或其整数倍，投资者通过基金管理人办理网下现金认 购的，每笔认购份额须在5 万份以上（含5 万份）。投资者可以多次认购，累计认购份额不 设上限。 3、通过基金管理人进行网下现金认购的投资者，认购申请一经受理不得撤销，投资者 在认购本基金时，需按基金管理人的规定办理相关认购手续，并备足认购资金，认购金额 和利息折算的份额的计算公式为： 认购金额＝认购价格×认购份额×（1＋认购费率） （或若适用固定费用的，认购金额＝认购价格×认购份额＋固定费用） 认购费"
172,513140,SH,SH,2026-01-14,2026-01-14,临时数据/513140/513140_更新招募说明书_20260114.txt,113447,2,购、赎回的确认以登记机构的确认结果为准。对于申购、赎回 申请的确认情况，投资人应及时查询并妥善行使合法权利。 3、申购和赎回的清算交收与登记 本基金申购业务采用实时逐笔全额结算（Real Time Gross Settlement，以下简称 RTGS）模 式；赎回业务涉及的现金替代可采用代收代付处理；申购、赎回业务涉及的现金差额和现金替 代退补款可采用代收代付处理。 （1）申购的清算交收 投资者 T 日现金申购后，如交易记录已勾单且申购资金足额的，登记结算机构在 T 日日间 实时办理基金份额及现金替代的交收；T 日日间未进行勾单确认或日间资金不足的，登记结算 华泰柏瑞中证港股通金融服务交易型开放式指数证券投资基金（QDII） 39 机构在 T 日日终根据资金是否足额办理基金份额及现金替代的清算交收，并将结果发送给基金 管理人、申购赎回代理券商和基金托管人。基金管理人通过登记结算机构在 T+1 日办理现金差 额的清算，在 T+2 日办理现金差额的交收。 （2）赎回的清算交收 投资者 T 日赎回申请受理后，登记结算机构在 T 日收市后为投资者办理基金份额的清算交 收。基金管理人通过登记结算机构在 T+1 日办理现金差额的清算，在 T+2 日办理现金差额的交 收。 正常情况下，赎回替代款项的清算交收于 T+7 日（指开放,2,0,任何交易日内交易（不包括平仓）的股指期货合约的成交金额不得超过上一交 易日基金资产净值的 20%； ⑤本基金所持有的股票市值和买入、卖出股指期货合约价值，合计（轧差计算）应当符合 基金合同关于股票投资比例的有关约定； 14）本基金可参与融资业务，在任何交易日日终，本基金持有的融资买入股票与其他有价 证券市值之和，不得超过基金资产净值的 95%； 15）本基金参与转融通证券出借业务，需遵循下述比例限制： ①出借证券资产不得超过基金资产净值的 30%，出借期限在 10 个交易日以上的出借证券 应纳入《流动性风险管理规定》所述流动性受限证券的范围； ②参与出借业务的单只证券不得超过基金持有该证券总量的 30%； ③最近 6 个月内日均基金资产净值不得低于 2 亿元； ④证券出借的平均剩余期限不得超过 30 天，平均剩余期限按照市值加权平均计算； 因证券市场波动、上市公司合并、基金规模变动等基金管理人之外的因素致使基金投资不 符合上述规定的，基金管理人不得新增出借业务； 16）本基金投资境内发行的存托凭证的比例限制依照境内上市交易的股票执行，与境内上 市交易的股票合并计算； 本基金境外投资应遵循以下限制： 17）本基金持有非流动性资产市值不得超过基金净值的 10%； 18）本基金参与证券借贷交易应当遵守下列规定： ①所有参与交易的对手方（中资商业银行除外,0,0,算成本），则基金管理人将退还多收取的差额；如果预先收取的替代金额低于购入 该部分证券的实际成本（或证券实际结算成本），则基金管理人将向投资者收取欠缺的差额。 ③申购替代金额的处理程序 对于确认成功的 T 日申购申请，在 T 日（指上海证券交易所与香港交易所的共同交易日） 内，基金管理人以收到的申购替代金额代投资者买入被替代证券。基金管理人有权在 T 日（指 上海证券交易所与香港交易所的共同交易日）内任意时刻以收到的申购替代金额代投资者买入 小于等于被替代证券数量的任意数量的被替代证券。基金管理人有权根据基金投资的需要自主 决定不买入部分被替代证券，或者不进行任何买入证券的操作。在 T 日（指上海证券交易所与 香港交易所的共同交易日）日终，基金管理人已买入的证券，依据申购的替代金额与被替代证 券的实际买入成本（包括买入价格与相关交易费用）的差额，确定基金应退还投资者或投资者 应补交的款项；未买入的证券，依据申购的替代金额与被替代证券 T 日（指上海证券交易所与 香港交易所的共同交易日）收盘价（需用汇率公允价折算为人民币，当日在证券交易所无交易 的，取最近交易日的收盘价，当日无收盘价的，取最后成交价）的差额，确定基金应退还投资 者或投资者应补交的款项。 华泰柏瑞中证港股通金融服务交易型开放式指数证券投资基金（QDII） 42 在此期间若该部分证券发生除息、送股（转增）,0,0,收盘价）等。 ④赎回对应的替代金额的处理程序 对于确认成功的 T 日赎回申请，在 T 日（指上海证券交易所与香港交易所的共同交易日） 内，基金管理人根据赎回申请代投资者卖出被替代证券。基金管理人有权在 T 日（指上海证券 交易所与香港交易所的共同交易日）内任意时刻代投资者卖出小于等于被替代证券数量的任意 数量的被替代证券。基金管理人有权根据基金投资的需要自主决定不卖出部分被替代证券，或 者不进行任何卖出证券的操作。在 T 日（指上海证券交易所与香港交易所的共同交易日）日终， 基金管理人已卖出的证券，按照被替代证券的实际卖出金额（扣除相关费用，需用汇率公允价 折算为人民币）确定基金应支付的替代金额；未卖出的证券，按照被替代证券 T 日（指上海证 券交易所与香港交易所的共同交易日）收盘价（需用汇率公允价折算为人民币，当日在证券交 易所无交易的，取最近交易日的收盘价，当日无收盘价的，取最后成交价）确定基金应支付给 投资者的替代金额。 在此期间若该部分证券发生除息、送股（转增）、配股等重要权益变动，则进行相应调整。 正常情况下，T 日后的第 2 个港股通交收日后的第 2 个工作日内，基金管理人将应支付的赎回 替代金额与相关申购赎回代理机构办理交收。若发生特殊情况，基金管理人可以对交收日期进 行相应调整。 如遇港股通临时停市等特殊情况，组合证券的代理卖出及结算价格,倍。投资人在认购时间内可以多次认购，累计认购份额不设上限。 （4）认购申请：投资者在认购本基金时，需按发售代理机构的规定，备足认购资金，办 理认购手续。 （5）清算交收：T 日通过发售代理机构提交的网上现金认购申请，由该发售代理机构冻 结相应的认购资金，登记机构进行清算交收，并将有效认购数据发送发售协调人，发售协调人 将实际到位的认购资金划往其预先开设的基金募集专户。 （6）认购确认：在基金合同生效后，投资者应通过其办理认购的销售网点查询认购确认 情况。 5、网下现金认购 （1）认购时间：详见本基金基金份额发售公告。 （2）认购金额和利息折算的份额的计算： 通过基金管理人进行网下现金认购的投资者，认购以基金份额申请，认购费用、认购金额 的计算公式为： 华泰柏瑞中证港股通金融服务交易型开放式指数证券投资基金（QDII） 31 认购费用＝认购份额×认购费率 （若适用固定费用的，认购费用＝固定费用） 认购金额＝认购份额×（1＋认购费率） （若适用固定费用的，认购金额＝认购价格×认购份额+固定费用） 净认购份额＝认购份额＋认购金额产生的利息/基金份额面值 其中： 认购费用由基金管理人在投资者认购确认时收取，投资者需以现金方式交纳认购费用。 通过发售代理机构进行网下现金认购的认购金额的计算：同通过发售代理机构进行网上现 金认购的认购金额的计算。 （3）认购限额
173,513040,SH,SH,2026-03-28,2026-03-28,临时数据/513040/513040_更新招募说明书_20260328.txt,101824,4,息泄露的风险等。 5、根据本基金现行适用的清算交收和申赎处理规则，投资者当日申购的基金份额，清 算交收完成后方可卖出和赎回，即 T 日申购的基金份额且日间完成 RTGS（实时逐笔全额结 算） 交收，T 日可卖出和赎回， 而T 日申购的基金份额且日终完成逐笔全额非担保交收，T+1 日方可卖出和赎回；T 日买入的基金份额，T 日可以赎回或卖出。 投资者投资于本基金前请认真阅读证券交易所和登记结算机构关于 ETF 的相关业务规 则及其不时的更新， 确保具备相关专业知识、 清楚了解相关规则流程后方可参与本基金的申 购、 赎回及交易。 投资者一旦申购或赎回本基金， 即表示对基金申购和赎回所涉及的登记方 式以及申购赎回所涉及现金替代、现金差额等相关的交收方式及业务规则已经认可。 6、基金管理人提醒投资者基金投资的 “买者自负”原则，在投资者作出投资决策后，基 金运营状况与基金净值变化引致的投资风险， 由投资者自行负责。 此外，本基金以1 元初始 面值进行募集，在市场波动等因素的影响下，存在单位份额净值跌破1 元初始面值的风险。 7、基金不同于银行储蓄，基金投资人投资于基金有可能获得较高的收益，也有可能损 失本金。投资有风险，投资人在进行投资决策前， 请仔细阅读本基金的《招募说明书》 《基 金合同》及基金产品资料概要。 8、,4,4,T 日开盘参考价并按照 T-1 日估值汇率换算或基金管理人认为合理 的其他方法。 （4） 在系统支持的情况下， 对于T 日的申购赎回申请， 基金管理人有权进行轧差处理， 针对净申购， 购入净申购份额对应的组合证券中被替代的成份证券， 针对净赎回， 卖出净赎 回份额对应的组合证券中被替代的成份证券， 基金管理人有权购入或者卖出不等于轧差处理 后的上述被替代的成份证券的任意数量。 （5）基金管理人可根据运作情况调整代理申赎投资者买券卖券的相关规则并按规定公 告。 （6）未来如相关证券的交易、结算规则发生改变，或上海证券交易所、登记结算机构 有关申购赎回交易结算规则发生改变， 或基金管理人与基金托管人之间的结算相关安排发生 改变等，基金管理人可对上述相关现金替代处理规则进行调整，并按规定公告。 4、预估现金部分相关内容 预估现金部分是指为便于计算基金份额参考净值及申购赎回代理券商预先冻结申请申 购、赎回的投资者的相应资金，由基金管理人计算的现金数额。T 日申购赎回清单中公告 T 日预估现金部分。其计算公式为： T 日预估现金部分＝T-1 日最小申购、赎回单位的基金资产净值－（申购赎回清单中必 须现金替代成份证券的替代金额＋申购赎回清单中可以现金替代成份证券的数量、 该证券调 整后 T 日开盘参考价以及 T-1 日估值汇率的相乘之和） 其中， 该证券调,2,0,现金替代溢价比率， 并据此收取申购现金 替代保证金。基金管理人在T 日内购入组合证券中被替代的成份证券。基金管理人有权在T 日内任意时刻， 以收到的申购替代金额代投资者购入组合证券中被替代的成份证券的任意数 量。正常情况下，对于确认成功的 T 日申购申请，基金管理人根据 T 日所购入的被替代证 券的实际单位购入成本 （包括买入价格与相关费用， 折算为人民币） 和未购入的被替代证券 T 日收盘价（折算为人民币，被替代证券当日在证券交易所无交易的，取最近交易日的收盘 价；交易日无收盘价的，取最后成交价）计算被替代证券的单位结算成本，在此基础上根据 替代证券数量和申购现金替代保证金确定基金应退还投资者或投资者应补交的款项。T 日后 的三个港股通交易日内， 基金管理人将成份证券的应退款或补款与相关申购赎回代理券商办 理交收， 当交收期间出现港股通交易日为非港股通交收日时， 款项交收日期顺延。 若发生特 殊情况，基金管理人可以对交收日期进行相应调整。 35 如遇港股通临时停市、 港股通交易当日额度使用完毕而暂停或停止接受买入申报等特殊 情况， 基金管理人可考虑根据实际情况将成份证券的代理买入及结算价格顺延至下一港股通 交易日直至交易正常。 如遇成份证券长期停牌、 流动性不足等可能导致收盘价或最后成交价 不公允的特殊情况， 可参照证券的估值价格， 对结算价格进行调整,2,1,补款的清算交收可按照其复牌后实际交易成本或者 基金管理人认为合理的价格办理。在此期间若该证券发生除息、送股（转增）、配股等重要 权益变动，则进行相应调整。 4）赎回替代金额的处理程序 基金管理人在 T 日内卖出组合证券中被替代的成份证券。基金管理人有权在 T 日内任 意时刻代投资者卖出组合证券中被替代的成份证券的任意数量。 正常情况下， 对于确认成功 的 T 日赎回申请， 基金管理人根据T 日所卖出的被替代证券的实际单位卖出金额 （扣除相关 费用，折算为人民币）和未卖出的被替代证券T 日收盘价（折算为人民币，被替代证券当日 在证券交易所无交易的，取最近交易日的收盘价；交易日无收盘价的，取最后成交价）计算 被替代证券的单位结算金额，在此基础上根据替代证券数量确定赎回替代金额。T 日后的第 三个港股通交易日后的一个工作日内， 基金管理人将应支付的成份证券赎回替代金额与相关 申购赎回代理券商办理交收， 当交收期间出现港股通交易日为非港股通交收日时， 款项交收 日期顺延。若发生特殊情况，基金管理人可以对交收日期进行相应调整。 如遇港股通临时停市等特殊情况， 成份证券的代理卖出及结算价格可依次顺延至下一港 股通交易日直至交易正常。 如遇成份证券长期停牌、 流动性不足等可能导致收盘价或最后成 交价不公允的特殊情况， 可参照证券的估值价格， 对结算价格进行调整， 如果基金管理人,统风险、 操作风险、 交易指令传输和资金使用效率降低的风险、 无法完成当日估值的风险、 交易结算风险、基金投资非公开信息泄露的风险等。 5、根据本基金现行适用的清算交收和申赎处理规则，投资者当日申购的基金份额，清 算交收完成后方可卖出和赎回，即 T 日申购的基金份额且日间完成 RTGS（实时逐笔全额结 算） 交收，T 日可卖出和赎回， 而T 日申购的基金份额且日终完成逐笔全额非担保交收，T+1 日方可卖出和赎回；T 日买入的基金份额，T 日可以赎回或卖出。 投资者投资于本基金前请认真阅读证券交易所和登记结算机构关于 ETF 的相关业务规 则及其不时的更新， 确保具备相关专业知识、 清楚了解相关规则流程后方可参与本基金的申 购、 赎回及交易。 投资者一旦申购或赎回本基金， 即表示对基金申购和赎回所涉及的登记方 式以及申购赎回所涉及现金替代、现金差额等相关的交收方式及业务规则已经认可。 6、基金管理人提醒投资者基金投资的 “买者自负”原则，在投资者作出投资决策后，基 金运营状况与基金净值变化引致的投资风险， 由投资者自行负责。 此外，本基金以1 元初始 面值进行募集，在市场波动等因素的影响下，存在单位份额净值跌破1 元初始面值的风险。 7、基金不同于银行储蓄，基金投资人投资于基金有可能获得较高的收益，也有可能损 失本金。投资有风险，投资人在进行投资决策前
174,159128,SZ,SZ,2026-03-07,2026-03-07,临时数据/159128/159128_更新招募说明书_20260307.txt,109990,4,、赎回，具体业务的办理时间请参见相关公告。 在目前结算规则下，投资者当日申购的基金份额，清算交收完成后可卖出和 赎回，即 T 日申购的 ETF 份额且日间完成 RTGS（实时逐笔全额结算）交收的，T 日可卖出与赎回，而 T 日申购的 ETF 份额且日终完成逐笔全额非担保交收的，T+1 日方可卖出和赎回；T 日竞价买入的基金份额，T 日可以卖出或赎回；T 日大宗 买入的基金份额，T 日可以大宗卖出，T+1 日可以竞价卖出或赎回。 目前本基金的申购赎回采用全现金替代模式，申购对价、赎回对价包括现金 替代、现金差额及其他对价，即投资人在场内可以现金申购、赎回办理本基金的 申购、赎回业务。未来在条件允许的情况下，基金管理人可以在场内开通本基金 实物申购赎回方式或者其他现金申购、赎回以外的方式办理本基金的申购、赎回 业务，相关业务规则、申购赎回原则等相关事项届时将另行约定并公告。 招募说明书（更新） 3 三、本基金可投资存托凭证，基金净值可能受到存托凭证的境外基础证券价 格波动影响，存托凭证的境外基础证券的相关风险可能直接或间接成为本基金的 风险。具体风险揭示烦请查阅本基金招募说明书“风险揭示”章节内容。 本基金可根据投资策略需要或市场环境的变化，选择将部分基金资产投资于 存托凭证或选择不将基金资产投资于存托凭证，基金资,3,1,在任何交易日内交易（不包括平仓）的股指 期货合约的成交金额不得超过上一交易日基金资产净值的 20%；本基金所持有的 股票市值和买入、卖出股指期货合约价值，合计（轧差计算）应当符合基金合同 关于股票投资比例的有关约定； 招募说明书（更新） 55 本基金在任何交易日日终，持有的买入国债期货合约价值，不得超过基金资 产净值的 15%；本基金在任何交易日日终，持有的卖出国债期货合约价值不得超 过基金持有的债券总市值的 30%；本基金在任何交易日内交易（不包括平仓）的 国债期货合约的成交金额不得超过上一交易日基金资产净值的 30%；本基金所持 有的债券（不含到期日在一年以内的政府债券）市值和买入、卖出国债期货合约 价值，合计（轧差计算）应当符合基金合同关于债券投资比例的有关约定； （10）本基金参与股票期权交易，应当符合下列要求：基金因未平仓的期权 合约支付和收取的权利金总额不得超过基金资产净值的 10%；开仓卖出认购期权 的，应持有足额标的证券；开仓卖出认沽期权的，应持有合约行权所需的全额现 金或交易所规则认可的可冲抵期权保证金的现金等价物；未平仓的期权合约面值 不得超过基金资产净值的 20%。其中，合约面值按照行权价乘以合约乘数计算； （11）本基金主动投资于流动性受限资产的市值合计不得超过基金资产净值 的 15%；因证券市场波动、上市公司股票停牌、基,2,0,管理人将向投资人收取欠缺的差额。 基金管理人可以根据市场情况和实际需要确定和调整申购现金替代保证金 率，具体的申购现金替代保证金率以申购赎回清单公告为准。 3）申购替代金额的处理程序如下： 在 T 日（指港股通交易日）内，基金管理人以收到的申购替代金额代投资者 买入被替代证券。基金管理人有权在 T 日（指港股通交易日）内任意时刻以收到 的申购替代金额代投资者买入小于等于被替代证券数量的任意数量的被替代证 券。基金管理人有权根据基金投资的需要自主决定不买入部分被替代证券，或者 不进行任何买入证券的操作。 T 日（指港股通交易日）日终，基金管理人根据所购入的被替代证券的实际 单位购入成本（包括买入价格与相关费用）和未买入的被替代证券的 T 日（指港 股通交易日）收盘价（折算为人民币；T 日（指港股通交易日）在证券交易所无 交易的，取最近交易日的收盘价；交易日无收盘价的，取最后成交价）计算被替 代证券的单位结算成本，在此基础上根据替代证券数量和申购替代金额确定基金 应退还投资者或投资者应补交的款项。T 日（指港股通交易日）后的第 2 个港股 招募说明书（更新） 42 通交易日后的 3 个工作日内，基金管理人将应退款或补款与相关申购赎回代理券 商办理交收。在此期间若该证券发生除息、送股（转增）、配股等重要权益变动， 则进行相应调整。 当出现半日港股通交易日、临时停市或港股,2,4,人利益，该证券对应的现金替代款的清算交收可在其复牌 后按照实际交易成本办理。在此期间若该证券发生除息、送股（转增）、配股等 重要权益变动，则进行相应调整。 4）赎回替代金额的处理程序如下： 在 T 日（指港股通交易日）内，基金管理人代投资者卖出被替代证券。基 金管理人有权在 T 日（指港股通交易日）内任意时刻代投资者卖出小于等于被 替代证券数量的任意数量的被替代证券。基金管理人有权根据基金投资的需要自 主决定不卖出部分被替代证券，或者不进行任何卖出证券的操作。 T 日（指港股通交易日）日终，基金管理人根据所卖出的被替代证券的实际 单位卖出金额（扣除相关费用）和未卖出的被替代证券的 T 日（指港股通交易 日）收盘价（折算为人民币；被替代证券 T 日（指港股通交易日）在证券交易 所无交易的，取最近交易日的收盘价；交易日无收盘价的，取最后成交价）计算 被替代证券的单位结算金额，在此基础上根据替代证券数量确定赎回替代金额。 T 日（指港股通交易日）后的第 2 个港股通交收日后的 3 个工作日内，基金管理 人将应支付的赎回替代金额与相关申购赎回代理券商办理交收。在此期间若该证 券发生除息、送股（转增）、配股等重要权益变动，则进行相应调整。 当出现半日港股通交易日、临时停市等特殊情况时，计算并确定被替代证券 的单位结算成本的时间将顺延，款项交收的日期也顺延。如遇证券长期停牌、,基金按照深圳证券交易所及中国证券登记结算有限责任公司的相关规 定进行申购、赎回，具体业务的办理时间请参见相关公告。 在目前结算规则下，投资者当日申购的基金份额，清算交收完成后可卖出和 赎回，即 T 日申购的 ETF 份额且日间完成 RTGS（实时逐笔全额结算）交收的，T 日可卖出与赎回，而 T 日申购的 ETF 份额且日终完成逐笔全额非担保交收的，T+1 日方可卖出和赎回；T 日竞价买入的基金份额，T 日可以卖出或赎回；T 日大宗 买入的基金份额，T 日可以大宗卖出，T+1 日可以竞价卖出或赎回。 目前本基金的申购赎回采用全现金替代模式，申购对价、赎回对价包括现金 替代、现金差额及其他对价，即投资人在场内可以现金申购、赎回办理本基金的 申购、赎回业务。未来在条件允许的情况下，基金管理人可以在场内开通本基金 实物申购赎回方式或者其他现金申购、赎回以外的方式办理本基金的申购、赎回 业务，相关业务规则、申购赎回原则等相关事项届时将另行约定并公告。 招募说明书（更新） 3 三、本基金可投资存托凭证，基金净值可能受到存托凭证的境外基础证券价 格波动影响，存托凭证的境外基础证券的相关风险可能直接或间接成为本基金的 风险。具体风险揭示烦请查阅本基金招募说明书“风险揭示”章节内容。 本基金可根据投资策略需要或市场环境的变化，选择将部分基金资产投资于 存托凭证或选择不
175,159740,SZ,SZ,2026-08-12,2026-08-12,临时数据/159740/159740_更新招募说明书_20260812.txt,126650,2,数证券投资基金（QDII） 招募说明书 58 在目前结算规则下，投资者当日申购的基金份额，清算交收完成后可卖出和赎回，即 T 日申购的 ETF 份额且日间完成 RTGS（实时逐笔全额结算）交收，T 日可卖出与赎回；T 日 申购的 ETF 份额日间未完成交收的，日终完成逐笔全额非担保交收，T+1 日方可卖出和赎 回；T 日竞价买入的基金份额，T 日可以赎回，T 日可以卖出。 3、申购和赎回的清算交收与登记 本基金申购和赎回过程中涉及的申购赎回对价和基金份额的交收适用《深圳证券交易所 证券投资基金交易和申购赎回实施细则》、《中国证券登记结算有限责任公司关于交易所交易 型开放式证券投资基金登记结算业务实施细则》和参与各方相关协议的有关规定，其中本基 金现金申购业务中的现金替代采用逐笔全额结算处理；现金赎回业务中的现金替代采用代收 代付处理；现金申购、赎回业务涉及的现金差额和现金替代退补款采用代收代付处理。 投资者 T 日申购成功后，正常情况下，登记机构在 T 日为投资者办理基金份额与现金 替代等的交收，在 T+2 日内办理现金差额的清算，并将结果发送给基金管理人、申购赎回 代理券商和基金托管人。基金管理人与申购赎回代理券商在 T+3 日内办理现金差额的交收。 投资者 T 日赎回成功后，正常情况下，登记机构在 T 日收,4,1,持有的股票 总市值的 20%；持有的卖出国债期货合约价值不得超过基金持有的债券总市值的 30%； 4）本基金所持有的股票市值和买入、卖出股指期货合约价值，合计（轧差计算）应当 符合基金合同关于股票投资比例的有关约定；基金所持有的债券（不含到期日在一年以内的 政府债券）市值和买入、卖出国债期货合约价值，合计（轧差计算）应当符合基金合同关于 债券投资比例的有关约定； 5）本基金在任何交易日内交易（不包括平仓）的股指期货合约的成交金额不得超过上 大成恒生科技交易型开放式指数证券投资基金（QDII） 招募说明书 26 一交易日基金资产净值的 20%；在任何交易日内交易（不包括平仓）的国债期货合约的成 交金额不得超过上一交易日基金资产净值的 30%； （9）本基金参与股票期权交易的，应当遵守下列要求： 1）因未平仓的股票期权合约支付和收取的权利金总额不得超过基金资产净值的 10%； 2）开仓卖出认购股票期权的，应持有足额标的证券；开仓卖出认沽股票期权的，应持 有合约行权所需的全额现金或交易所规则认可的可冲抵期权保证金的现金等价物； 3）未平仓的股票期权合约面值不得超过基金资产净值的 20%。其中，合约面值按照行 权价乘以合约乘数计算； 4）本基金投资股票期权符合基金合同约定的比例限制（如股票仓位、个股占比等）、投 资目标和风险收益特征； （10）本基金每个,0,1,结算成本）， 则基金管理人将退还多收取的差额；如果预先收取的金额低于基金买入证券的实际成本（或 证券实际结算成本），则基金管理人将向投资者收取欠缺的差额。 3）申购替代金额的处理程序 T 日，基金管理人在申购赎回清单中公布现金替代溢价比例，并据此收取申购替代金额。 T+1 日日终，若已买入全部被替代证券，则以替代金额与被替代证券的实际买入成本（包 括买入价格与交易费用，折算为人民币，折算汇率采用当日汇率）的差额，确定基金应退还 投资者或投资者应补交的款项；若未能买入全部被替代证券，则以替代金额与已买入的被替 代证券实际买入成本（包括买入价格与交易费用，折算为人民币，折算汇率采用当日汇率） 加上按照 T+1 日收盘价（折算为人民币，折算汇率采用当日汇率；T+1 日在证券交易所无 交易的，取最近交易日的收盘价；交易日无收盘价的，取最后成交价）计算的未买入的被替 代证券价值的差额，确定基金应退还投资者或投资者应补交的款项。 若 T 日至 T+1 日期间被替代的香港证券发生除息、送股（转增）、配股等重要权益变动， 大成恒生科技交易型开放式指数证券投资基金（QDII） 招募说明书 62 则视证券权益情况进行相应调整。 T+5 日内，基金管理人将应退款或补款与相关申购赎回代理券商办理交收。若发生特殊 情况，基金管理人可以对交收日期进行相应调整。 如遇证券长期停牌、流动性不足等,0,3,要货币参考汇率、与基金托管人商定的其他公允价格（如：中国人民银行 或国家外汇管理局或中国外汇交易中心正式对外发文后公布的人民币兑主要外汇当日收盘 价）等。 4）赎回替代金额的处理程序 T+1 日日终，若已卖出全部被替代证券，则以被替代证券的实际卖出金额（扣除相关费 用，折算为人民币，折算汇率采用当日汇率）确定基金应支付的替代金额；若未能卖出全部 被替代证券，则以已卖出的被替代证券实际卖出金额（扣除相关费用，折算为人民币，折算 汇率采用当日汇率）加上按照 T+1 日收盘价（折算为人民币，折算汇率采用当日汇率；T+1 日在证券交易所无交易的，取最近交易日的收盘价；交易日无收盘价的，取最后成交价）计 算的未卖出的被替代证券的价值，确定基金应支付的替代金额。 若 T 日至 T+1 日期间被卖出的被替代香港证券发生除息、送股（转增）、配股等重要权 益变动，则视证券权益情况进行相应调整。 T+8 日内，基金管理人将应支付的赎回替代金额与相关申购赎回代理券商办理交收。若 发生特殊情况，基金管理人可以对交收日期进行相应调整。 如遇证券长期停牌、流动性不足等可能导致收盘价或最后成交价不公允的特殊情况，可 参照证券的估值价格，对结算价格进行调整，如果基金管理人认为该证券复牌后的价格可能 存在较大波动，且可能对基金资产净值产生较大影响，为了更好的维护持有人利益，该证券 对应的现金替代款,证 券价格产生影响而形成的系统性风险、个别证券特有的非系统性风险、也包括基金自身的管 理风险、技术风险和合规风险等。 本基金为投资香港市场的 ETF，基金份额的清算交收和境内普通 ETF 存在一定差异， 通常情况下，T 日申购的本基金基金份额在交收完成后才可以卖出或赎回。投资者认购、申 大成恒生科技交易型开放式指数证券投资基金（QDII） 招募说明书 2 购本基金时需具有深圳证券账户（包括基金账户、A 股账户），但需注意：使用基金账户只 能参与本基金的现金认购和二级市场交易，如投资者需要参与基金的申购、赎回，则应使用 A 股账户。本基金以人民币募集和计价，主要投资于香港市场以港币计价的金融工具，人民 币对港币的汇率的波动可能加大基金净值的波动，从而对基金业绩产生影响。 本基金投资相关股票市场交易互联互通机制允许买卖的规定范围内的香港联合交易所 上市的股票（以下简称“港股通标的股票”），将承担港股通机制下因投资环境、投资标的、 市场制度以及交易规则等差异带来的特有风险。 本基金为指数基金，投资者投资于本基金面临标的指数回报与股票市场平均回报偏离的 风险、标的指数波动的风险、标的指数变更的风险、跟踪误差控制未达约定目标的风险、指 数编制机构停止服务的风险、成份股停牌风险等风险，详见本招募说明书的“风险揭示”部 分。 基金管理人承诺依照恪尽职守、诚实信用、
176,520630,SH,SH,2026-07-06,2026-07-06,临时数据/520630/520630_更新招募说明书_20260706.txt,102732,6,交收方式已经认可。 根据本基金现行适用的清算交收和申赎处理规则，投资者当日申购的基金份额，清算交 收完成后方可卖出和赎回，即T 日申购的ETF 份额且日间完成 RTGS（实时逐笔全额结算）交 收，T 日可卖出与赎回， 而T 日申购的 ETF 份额且日终完成逐笔全额非担保交收的，T+1 日方 可卖出和赎回；T 日买入的基金份额，T 日可以赎回或卖出。 由于登记结算机构对现金替代采 取非净额结算交收模式，当投资者赎回申请被登记结算机构确认后，被赎回的基金份额即被 记减，但此时投资者尚未收到赎回现金替代款。投资者投资本基金时需具有证券账户，证券 账户是指上海证券交易所 A 股账户或上海证券交易所证券投资基金账户。 本基金以 1 元初始面值进行募集，在市场波动等因素的影响下，存在单位份额净值跌破 1 元初始面值的风险。 基金管理人提醒投资人基金投资的 “买者自负” 原则， 在投资人作出投 资决策后，基金运营状况与基金净值变化引致的投资风险，由投资人自行负责。 投资人在进行投资决策前，请仔细阅读本基金的《招募说明书》 《基金产品资料概要》及 《基金合同》 ，自主判断基金的投资价值，自主做出投资决策，自行承担投资风险。 基金的过往业绩并不预示其未来表现，基金管理人管理的其他基金的业绩并不构成对本 基金表现的保证。 本次更新,4,1,股指期货合约、国债期货合约和股票期权合约需缴纳的交易保证金后，应当保持不 低于交易保证金一倍的现金；本基金所持有的股票市值和买入、卖出股指期货合约价值，合 计（轧差计算）应当符合基金合同关于股票投资比例的有关约定； （3） 本基金投资于同一原始权益人的各类资产支持证券的比例， 不得超过基金资产净值 的 10%； （4）本基金持有的全部资产支持证券，其市值不得超过基金资产净值的 20%； （5）本基金主动投资于流动性受限资产的市值合计不得超过基金资产净值的15%，因证 券市场波动、上市公司股票停牌、基金规模变动等基金管理人之外的因素致使基金不符合该 比例限制的，基金管理人不得主动新增流动性受限资产的投资； （6）本基金持有的同一（指同一信用级别）资产支持证券的比例，不得超过该资产支持 证券规模的 10%； （7） 本基金管理人管理的全部基金投资于同一原始权益人的各类资产支持证券， 不得超 过其各类资产支持证券合计规模的 10%； （8）本基金应投资于信用级别评级为BBB 以上（含BBB）的资产支持证券。基金持有资 产支持证券期间，如果其信用等级下降、不再符合投资标准，应在评级报告发布之日起 3 个 月内予以全部卖出； （9） 基金财产参与股票发行申购， 本基金所申报的金额不超过本基金的总资产， 本基金 所申报的股票数量不超过拟发行股票公司本次发行股,1,0,际结算成 本，则基金管理人将退还多收取的差额；如果预先收取的申购现金替代保证金低于基金购入 该部分证券的实际结算成本，则基金管理人将向投资者收取欠缺的差额。 ③申购替代金额的处理程序 T 日，基金管理人根据申购赎回清单收取申购现金替代保证金。 对于确认成功的 T 日申购申请，在 T 日内，基金管理人以收到的申购现金替代保证金代 投资者买入被替代证券。在 T 日日终，基金管理人已买入的证券，依据申购现金替代保证金 与被替代证券的实际买入成本（包括买入价格与相关交易费用）的差额，确定基金应退还投 资者或投资者应补交的款项；未买入的证券，依据申购现金替代保证金与被替代证券 T 日收 盘价（需用最新汇率折算为人民币，当日在证券交易所无交易的，取最近交易日的收盘价， 当日无收盘价的，取最后成交价）的差额，确定基金应退还投资者或投资者应补交的款项。 正常情况下，T+3 日（指港股通交易日）内，基金管理人将应退款和补款的明细及汇总 数据发送给相关申购赎回代理机构和基金托管人，相关款项的清算交收将于此后 3 个工作日 36 内完成。 如遇证券长期停牌、流动性不足等特殊情况，可参照证券的估值价格对结算价格进行调 整，如果基金管理人认为该证券复牌后的价格可能存在较大波动，且可能对基金资产净值产 生较大影响，为了更好的维护持有人利益，该证券对应的现金替代退补款的清算交收可在其 复牌后按,1,2,中心正式对外发文后 公布的人民币兑主要外汇当日收盘价）等。 ④赎回对应的替代金额的处理程序 对于确认成功的 T 日赎回申请，在 T 日内，基金管理人根据赎回申请代投资者卖出被替 代证券。在 T 日日终，基金管理人已卖出的证券，按照被替代证券的实际卖出金额（扣除相 关费用）确定基金应支付的替代金额；未卖出的证券，按照被替代证券 T 日收盘价（需用最 新汇率折算为人民币，当日在证券交易所无交易的，取最近交易日的收盘价，当日无收盘价 的，取最后成交价）确定基金应支付给投资者的替代金额。 正常情况下，T+7 日（指港股通交易日）内，基金管理人将应支付的替代金额的明细及 汇总数据发送给登记结算机构，登记结算机构办理现金替代资金的清算，并将结果发送给相 关申购赎回代理机构和基金托管人，相关款项的清算交收将于此后 3 个工作日内完成。如遇 证券长期停牌、流动性不足等特殊情况，可参照证券的估值价格，对结算价格进行调整，如 果基金管理人认为该证券复牌后的价格可能存在较大波动，且可能对基金资产净值产生较大 影响，为了更好的维护持有人利益，该证券对应的现金替代款的清算交收可在其复牌后按照 实际交易成本办理。 在此期间若该证券发生除息、送股（转增） 、配股等重要权益变动，则进行相应调整。上 述汇率目前采用汇率公允价。汇率公允价包括中国人民银行或其授权机构最新公布的人民币 汇率中,回本基 金，即表示对基金认购、申购和赎回所涉及的基金份额的证券变更登记方式以及申购赎回所 涉及现金替代、现金差额等相关的交收方式已经认可。 根据本基金现行适用的清算交收和申赎处理规则，投资者当日申购的基金份额，清算交 收完成后方可卖出和赎回，即T 日申购的ETF 份额且日间完成 RTGS（实时逐笔全额结算）交 收，T 日可卖出与赎回， 而T 日申购的 ETF 份额且日终完成逐笔全额非担保交收的，T+1 日方 可卖出和赎回；T 日买入的基金份额，T 日可以赎回或卖出。 由于登记结算机构对现金替代采 取非净额结算交收模式，当投资者赎回申请被登记结算机构确认后，被赎回的基金份额即被 记减，但此时投资者尚未收到赎回现金替代款。投资者投资本基金时需具有证券账户，证券 账户是指上海证券交易所 A 股账户或上海证券交易所证券投资基金账户。 本基金以 1 元初始面值进行募集，在市场波动等因素的影响下，存在单位份额净值跌破 1 元初始面值的风险。 基金管理人提醒投资人基金投资的 “买者自负” 原则， 在投资人作出投 资决策后，基金运营状况与基金净值变化引致的投资风险，由投资人自行负责。 投资人在进行投资决策前，请仔细阅读本基金的《招募说明书》 《基金产品资料概要》及 《基金合同》 ，自主判断基金的投资价值，自主做出投资决策，自行承担投资风险。 基金的过往业绩并不预示其
177,159143,SZ,SZ,2026-07-29,2026-07-29,临时数据/159143/159143_更新招募说明书_20260729.txt,110885,3,现金替代、现金差额及其他对价的 清算交收适用相关业务规则和参与各方相关协议及其不时修订的有关规定。 本基金现金申购业务中的现金替代采用逐笔全额结算（T 日日间 RTGS 交收 +T 日日终逐笔全额非担保交收）处理；现金赎回业务中的现金替代采用代收代付 处理；现金申购、赎回业务涉及的现金差额和现金替代退补款采用代收代付处理。 投资者 T 日现金申购后，正常情况下，如选择采用 RTGS 交收且申购资金足 额的，登记结算机构在 T 日日间实时办理基金份额及现金替代的清算交收；T 日 日间资金不足或不选择 RTGS 交收的，登记结算机构在 T 日收市后办理基金份额 及现金替代的清算交收，并将结果发送给基金管理人、申购赎回代理券商和基金 托管人。基金管理人在 T+1 日办理现金差额的清算，在 T+2 日办理现金差额的交 收。 投资者 T 日提交的现金赎回申请受理后，登记结算机构在 T 日收市后为投资 者办理基金份额的清算，在 T 日办理基金份额的交收，并将结果发送给基金管理 人、申购赎回代理券商和基金托管人。基金管理人在 T+1 日办理现金差额的清算， 在 T+2 日办理现金差额的交收。现金赎回替代款的清算交收由基金管理人和申购 赎回代理券商协商处理，正常情况下，该款项的清算交收于 T+7 日（指开放日） 内办理，但如果,4,1,）本基金在任何交易日日终，持有的卖出股指期货合约价值不得超过本基金 持有的股票总市值的 20%； 4）本基金所持有的股票市值和买入、卖出股指期货合约价值，合计（轧差计 算）应当符合基金合同关于股票投资比例的有关约定； 5）本基金在任何交易日内交易（不包括平仓）的股指期货合约的成交金额不 得超过上一交易日基金资产净值的 20%； （9）本基金若参与国债期货交易，应当符合下列投资限制： 1）本基金在任何交易日日终，持有的买入国债期货合约价值，不得超过基金 资产净值的 15%； 2）本基金在任何交易日日终，持有的卖出国债期货合约价值不得超过基金持 66 有的债券总市值的 30%； 3）本基金在任何交易日内交易（不包括平仓）的国债期货合约的成交金额不 得超过上一交易日基金资产净值的 30%； 4）本基金所持有的债券（不含到期日在一年以内的政府债券）市值和买入、 卖出国债期货合约价值，合计（轧差计算）应当符合基金合同关于债券投资比例 的有关约定； 5）本基金在任何交易日日终，持有的买入国债期货和股指期货合约价值与有 价证券市值之和不得超过基金资产净值的 100%，其中，有价证券指股票、债券（不 含到期日在一年以内的政府债券）、资产支持证券、买入返售金融资产（不含质 押式回购）等； （10）每个交易日日终在扣除股指期货、国债期货、股票期权合约需缴纳的 交易保,2,0,额时，该成份证券必须使用现金作为 替代，采取固定替代金额。 （2）可以现金替代 ①适用情形：可以现金替代的证券是指基金管理人认为需要在投资者申购或 52 赎回时代投资者买入或卖出的证券。 ②替代金额： 替代金额＝替代证券数量×该证券参考价格×（1＋现金替代保证金率）×T-1 日估值汇率 其中，“该证券参考价格”为该证券调整后 T 日开盘参考价。 如果深圳证券交易所参考价格确定原则发生变化，以深圳证券交易所通知规 定的参考价格为准。 收取现金替代保证金的原因是，对于使用现金替代的证券，基金管理人需在 该证券恢复交易后买入，而实际买入价格加上相关交易费用后与申购时的参考价 格可能有所差异。为便于操作，基金管理人在申购赎回清单中预先确定现金替代 保证金率，并据此收取替代金额。如果预先收取的金额高于基金买入该部分证券 的实际成本，则基金管理人将退还多收取的差额；如果预先收取的金额低于基金 买入该部分证券的实际成本，则基金管理人将向投资人收取欠缺的差额。 ③替代金额的处理程序如下： 对于确认成功的 T 日申购申请，T 日内基金管理人根据申购规模进行组合证 券的代理买入。基金管理人有权在 T 日内任意时刻以收到的申购替代金额代投资 者买入小于等于被替代证券数量的任意数量的被替代证券。基金管理人有权根据 基金投资的需要自主决定不买入部分被替代证券，或者不进行任何买入证,2,0,额时，该成份证券必须使用现金作为 替代，采取固定替代金额。 （2）可以现金替代 ①适用情形：可以现金替代的证券是指基金管理人认为需要在投资者申购或 52 赎回时代投资者买入或卖出的证券。 ②替代金额： 替代金额＝替代证券数量×该证券参考价格×（1＋现金替代保证金率）×T-1 日估值汇率 其中，“该证券参考价格”为该证券调整后 T 日开盘参考价。 如果深圳证券交易所参考价格确定原则发生变化，以深圳证券交易所通知规 定的参考价格为准。 收取现金替代保证金的原因是，对于使用现金替代的证券，基金管理人需在 该证券恢复交易后买入，而实际买入价格加上相关交易费用后与申购时的参考价 格可能有所差异。为便于操作，基金管理人在申购赎回清单中预先确定现金替代 保证金率，并据此收取替代金额。如果预先收取的金额高于基金买入该部分证券 的实际成本，则基金管理人将退还多收取的差额；如果预先收取的金额低于基金 买入该部分证券的实际成本，则基金管理人将向投资人收取欠缺的差额。 ③替代金额的处理程序如下： 对于确认成功的 T 日申购申请，T 日内基金管理人根据申购规模进行组合证 券的代理买入。基金管理人有权在 T 日内任意时刻以收到的申购替代金额代投资 者买入小于等于被替代证券数量的任意数量的被替代证券。基金管理人有权根据 基金投资的需要自主决定不买入部分被替代证券，或者不进行任何买入证券的操,"、认购申请：投资者在认购本基金时，需按发售代理机构的规定备足认购资金， 办理认购手续。网上现金认购可多次申报，不可撤单，申报一经确认，认购资金即 被冻结。 4、清算交收：投资者提交的认购委托，由登记结算机构进行有效认购款项的清 算交收。 5、认购确认：在基金合同生效后，投资人可通过其办理认购的销售网点查询认 购确认情况。 6、认购金额的计算 38 本基金认购金额和利息折算的份额的计算如下： （1）认购佣金适用比例费率时： 认购佣金＝认购价格×认购份额×佣金比率 认购金额＝认购价格×认购份额×（1＋佣金比率） 利息折算的份额＝利息/认购价格 总认购份额＝认购份额＋利息折算的份额 （2）认购佣金适用固定费用时： 认购佣金＝固定费用 认购金额=认购价格×认购份额+固定费用 利息折算的份额＝利息/认购价格 总认购份额＝认购份额＋利息折算的份额 认购佣金由发售代理机构向投资人收取，投资人需以现金方式交纳认购佣金。 网上现金认购款项在基金募集期间产生的利息将折算为基金份额归基金份额持有 人所有。利息折算的基金份额采用截尾法保留至整数位,小数部分舍去,舍去部分计 入基金财产。网上现金认购的利息和具体份额以登记结算机构的记录为准。 例：某投资者通过发售代理机构采用网上现金方式认购本基金 100,000 份，假 设该发售代理机构确认的佣金比率为 0.80%，则需准备的"
178,159170,SZ,SZ,,2026-02-06,临时数据/159170/159170_招募说明书_20260206.txt,112064,2,代、现金差额及其他对价 的清算交收适用深圳证券交易所、中国证券登记结算有限责任公司相关业务规则 和参与各方相关协议及其不时修订的有关规定。 本基金申购业务采用 RTGS（实时逐笔全额结算）模式；赎回业务涉及的现 金替代采用代收代付处理；申购、赎回业务涉及的现金差额和现金替代退补款可 采用代收代付处理。 投资者 T 日现金申购后，如交易记录已勾单且申购资金足额的，登记机构 在 T 日日间实时办理基金份额及现金替代的交收；T 日日间未进行勾单确认或日 间资金不足的，登记机构在 T 日日终根据资金是否足额办理基金份额及现金替 代的清算交收，并将结果发送给基金管理人、申购赎回代理机构和基金托管人。 基金管理人与申购赎回代理机构在 T+2 日办理现金差额的交收。 永赢国证港股通互联网交易型开放式指数证券投资基金 招募说明书 43 投资者 T 日赎回申请受理后，登记机构在 T 日收市后为投资者办理基金份 额的清算交收。基金管理人与申购赎回代理机构在 T+2 日通过登记机构的代收 代付平台办理现金差额的交收。正常情况下，赎回现金替代款将自有效赎回申请 之日起 7 个工作日内划往基金份额持有人账户。如果出现基金投资市场交易清算 规则发生较大变化、基金赎回数额较大或组合证券内的部分证券因停牌、流动性 不足等原因导致无法足额卖出等,2,1,互联网交易型开放式指数证券投资基金 招募说明书 60 （12.4）本基金所持有的债券（不含到期日在一年以内的政府债券）市值和 买入、卖出国债期货合约价值，合计（轧差计算）应当符合基金合同关于债券投 资比例的有关约定； （12.5）本基金在任何交易日内交易（不包括平仓）的国债期货合约的成交 金额不得超过上一交易日基金资产净值的 30%； （13）若本基金参与股指期货交易，应当遵守下列要求： （13.1）本基金在任何交易日日终，持有的买入股指期货合约价值，不得超 过基金资产净值的 10%； （13.2）任何交易日日终，持有的买入国债期货合约和股指期货合约价值与 有价证券市值之和，不得超过基金资产净值的 100%。其中，有价证券指股票、 债券（不含到期日在一年以内的政府债券）、资产支持证券、买入返售金融资产 （不含质押式回购）等； （13.3）本基金在任何交易日日终，持有的卖出股指期货合约价值不得超过 基金持有的股票总市值的 20%； （13.4）本基金所持有的股票市值和买入、卖出股指期货合约价值，合计（轧 差计算）应当符合基金合同关于股票投资比例的有关约定； （13.5）本基金在任何交易日内交易（不包括平仓）的股指期货合约的成交 金额不得超过上一交易日基金资产净值的 20%； （14）若本基金参与股票期权交易，应当符合下列要求： （14.1）基金因未,1,0,金管理人将向投资人收取欠缺的差 额。 基金管理人可以根据市场情况和实际需要确定和调整申购现金替代保证金 率，具体申购现金替代保证金率以申购赎回清单公告为准。 ③申购替代金额的处理程序 对于确认成功的T日申购申请，T日内基金管理人根据申购规模进行组合证 券的代理买入。T日日终，基金管理人根据所购入的被替代证券的实际单位购入 成本、实际购入的相关费用、未购入的被替代证券的T日收盘价（折算为人民币， 折算汇率采用当天的估值汇率；被替代证券T日无交易的，取最近交易日的收盘 价；交易日无收盘价的，取最后成交价）计算并确定被替代证券的单位结算成本， 在此基础上根据替代证券数量和申购现金替代金额确定基金应退还投资人的款 项或投资人应补交的款项。T日后的3个港股通交易日内，基金管理人将应退款 或补款与相关申购赎回代理机构办理交收。若发生特殊情况，基金管理人可以对 交收日期进行相应调整。 如遇港股通临时停市、港股通交易每日额度或总额度不足等特殊情况，组合 证券的代理买入及结算价格可依次顺延至下一港股通交易日直至交易正常。如遇 证券长期停牌、流动性不足等可能导致收盘价或最后成交价不公允的特殊情况， 永赢国证港股通互联网交易型开放式指数证券投资基金 招募说明书 47 可参照证券的估值价格，对结算价格进行调整。如果基金管理人认为该证券复牌 后的价格可能存在较大波动，且可能对基金资产净值产,1,0,有人利益，该证券对应的现金替代款的清算交收可在其复牌后按 照实际交易成本办理。在此期间若该证券发生除息、送股（转增）、配股等重要 权益变动，则进行相应调整。 ④赎回替代金额的处理程序 对于确认成功的T日赎回申请，T日内基金管理人根据所卖出的被替代证券 的实际单位卖出成本、实际卖出的相关费用、未卖出的被替代证券的T日收盘价 （折算为人民币，折算汇率采用当天的估值汇率；被替代证券T日无交易的，取 最近交易日的收盘价；交易日无收盘价的，取最后成交价）计算并确定被替代证 券的单位结算成本，在此基础上根据替代组合证券数量确定赎回替代金额。T日 后的第3个港股通交收日后的2个工作日内，基金管理人将应支付的赎回现金替 代款与相关申购赎回代理机构办理交收。若发生特殊情况，基金管理人可以对交 收日期进行相应调整。 如遇港股通临时停市等特殊情况，组合证券的代理卖出及结算价格可依次顺 延至下一港股通交易日直至交易正常。如遇证券长期停牌、流动性不足等可能导 致收盘价或最后成交价不公允的特殊情况，可参照证券的估值价格，对结算价格 进行调整。如果基金管理人认为该证券复牌后的价格可能存在较大波动，且可能 对基金资产净值产生较大影响，为了更好的维护基金份额持有人利益，该证券对 应的现金替代款的清算交收可在其复牌后按照实际交易成本办理。在此期间若该 证券发生除息、送股（转增）、配股等重要权益变动，,"，需按发售代理机构的规定，备足认 购资金，办理认购手续。投资者可多次申报，不可撤单，申报一经确认，认购资 金即被冻结。相关交易所业务规则等另有规定的除外。 5、清算交收：投资人通过发售代理机构提交的网上现金认购申请，由该发 售代理机构冻结相应的认购资金，登记机构进行有效认购款项的清算交收。本基 金网上现金认购过程中涉及的清算交收适用《业务规则》和参与各方相关协议的 规定，若《业务规则》或参与各方相关协议的有关规定发生变化，清算交收规则 可视情况进行调整。 6、认购确认：在基金合同生效后，投资人可通过其办理认购的销售机构查 询认购确认情况。 十二、网下现金认购 1、认购时间：详见基金份额发售公告。 永赢国证港股通互联网交易型开放式指数证券投资基金 招募说明书 34 2、认购金额的计算：通过基金管理人进行网下现金认购的投资人，不收取 认购费用。认购以基金份额申请，认购金额的计算公式为： 认购金额＝认购份额×认购价格 总认购份额＝认购份额+认购金额产生的利息/认购价格 网下现金认购款项在基金募集期间产生的利息将折算为基金份额归基金份 额持有人所有。网下现金认购的利息和具体份额以登记机构的记录为准。利息折 算的基金份额保留至整数位，小数部分舍去，舍去部分计入基金财产。 例二：某投资人通过基金管理人以网下现金认购方式认购100,000份本基金， 假设认购资金募"
179,159285,SZ,SZ,2026-06-26,2026-06-26,临时数据/159285/159285_更新招募说明书_20260626.txt,107967,2,3、申购和赎回的清算交收与登记 本基金申购和赎回过程中涉及的申购赎回对价和基金份额的交收适用业务 规则的规定和参与各方相关协议的有关规定。 本基金申购业务采用实时逐笔全额结算（Real Time Gross Settlement， 简称 RTGS）模式；赎回业务涉及的现金替代采用代收代付处理；申购、赎回业 务涉及的现金差额和现金替代退补款采用代收代付处理。 1）申购的清算交收 投资者 T 日申购后，如交易记录已勾单且申购资金足额的，登记机构在 T 日日间实时办理基金份额及现金替代的交收；T 日日间未进行勾单确认或日间 资金不足的，登记机构在 T 日日终根据资金是否足额办理基金份额及现金替代 的清算交收，并将结果发送给基金管理人、申购赎回代理券商和基金托管人。 基金管理人在 T+1 日办理现金差额的清算，并将结果发送给申购赎回代理券商、 基金管理人和基金托管人。基金管理人与申购赎回代理券商在 T+2 日办理现金 差额的交收。 2）赎回的清算交收 投资者 T 日赎回成功后，登记机构在 T 日收市后为投资者办理基金份额的 交收，在 T+1 日办理现金差额的清算，并将结果发送给申购赎回代理券商、基 金管理人和基金托管人。基金管理人与申购赎回代理券商在 T+2 日办理现金差 额的交收。 赎回替代金额的清算交收由基金管理人和,4,1,卖出部分 被替代证券，或者不进行任何买入或卖出证券的操作，基金管理人可能不买入 或不卖出被替代证券的情形包括但不限于市场流动性不足、技术系统无法实现、 申购赎回轧差以及基金管理人认为不应买入或卖出的其他情形。 按照目前的证券代理买卖规则，正常情况下，对于 T 日确认成功的申购或 赎回申请，基金管理人正常情况下将在 T 日代理进行相关证券买卖，而对于 T 日未买入或未卖出的部分证券，基金管理人将按该证券 T 日收盘价（折算为人 民币，目前折算汇率采用 T 日估值汇率，基金管理人可根据情况调整所使用的 折算汇率，并及时公告，被替代证券 T 日在证券交易所无交易的，取最近交易 日的收盘价，交易日无收盘价的，取最后成交价）计算被替代证券的单位结算 第 3 页 共 149 页 成本或结算金额，因此投资者需承受可能当天无法完成所有证券买卖、未完成 买卖部分按收盘价结算、结算成本或结算金额不确定（含汇率波动、未完成买 卖部分的折算汇率与港股通结算汇率发生偏离）等风险。 本基金可参与内地与香港股票市场交易互联互通机制（以下简称“港股通 机制”）下港股通相关业务，基金资产投资于港股，会面临港股通机制下因投 资环境、投资标的、市场制度以及交易规则等差异带来的特有风险，包括港股 市场股价波动较大的风险（港股市场实行 T+0 回转交易，且对个股不设涨跌幅 限制，港股股价,1,0,的共同风险外，如投资存托凭证的，本基金还将面临投资存托凭证的特 殊风险，详见本招募说明书“风险揭示”章节。 基金管理人可在招募说明书规定的时间内以收到的替代金额代投资者买入 或卖出小于等于被替代证券数量的任意数量的被替代证券，实际买入被替代证 券的价格可能处于规定时间内较高的位置或处于最高价格，实际卖出被替代证 券的价格可能处于规定时间内较低的位置或处于最低价格，基金管理人对此不 承担责任。基金管理人有权根据基金投资的需要自主决定不买入或不卖出部分 被替代证券，或者不进行任何买入或卖出证券的操作，基金管理人可能不买入 或不卖出被替代证券的情形包括但不限于市场流动性不足、技术系统无法实现、 申购赎回轧差以及基金管理人认为不应买入或卖出的其他情形。 按照目前的证券代理买卖规则，正常情况下，对于 T 日确认成功的申购或 赎回申请，基金管理人正常情况下将在 T 日代理进行相关证券买卖，而对于 T 日未买入或未卖出的部分证券，基金管理人将按该证券 T 日收盘价（折算为人 民币，目前折算汇率采用 T 日估值汇率，基金管理人可根据情况调整所使用的 折算汇率，并及时公告，被替代证券 T 日在证券交易所无交易的，取最近交易 日的收盘价，交易日无收盘价的，取最后成交价）计算被替代证券的单位结算 第 3 页 共 149 页 成本或结算金额，因此投资者需承受可能当天无法完成所有,0,0,的共同风险外，如投资存托凭证的，本基金还将面临投资存托凭证的特 殊风险，详见本招募说明书“风险揭示”章节。 基金管理人可在招募说明书规定的时间内以收到的替代金额代投资者买入 或卖出小于等于被替代证券数量的任意数量的被替代证券，实际买入被替代证 券的价格可能处于规定时间内较高的位置或处于最高价格，实际卖出被替代证 券的价格可能处于规定时间内较低的位置或处于最低价格，基金管理人对此不 承担责任。基金管理人有权根据基金投资的需要自主决定不买入或不卖出部分 被替代证券，或者不进行任何买入或卖出证券的操作，基金管理人可能不买入 或不卖出被替代证券的情形包括但不限于市场流动性不足、技术系统无法实现、 申购赎回轧差以及基金管理人认为不应买入或卖出的其他情形。 按照目前的证券代理买卖规则，正常情况下，对于 T 日确认成功的申购或 赎回申请，基金管理人正常情况下将在 T 日代理进行相关证券买卖，而对于 T 日未买入或未卖出的部分证券，基金管理人将按该证券 T 日收盘价（折算为人 民币，目前折算汇率采用 T 日估值汇率，基金管理人可根据情况调整所使用的 折算汇率，并及时公告，被替代证券 T 日在证券交易所无交易的，取最近交易 日的收盘价，交易日无收盘价的，取最后成交价）计算被替代证券的单位结算 第 3 页 共 149 页 成本或结算金额，因此投资者需承受可能当天无法完成所有证券买卖,页 有效性进行确认。投资人应及时查询有关申请的确认情况，否则如因申请未得 到登记机构的确认而造成的损失，由投资人自行承担。 若深圳证券交易所和登记机构推出新的清算交收与登记模式并引入新的申 购、赎回方式，本基金管理人将根据新的业务规则新增或调整申购和赎回申请 的确认方式，无须召开基金份额持有人大会审议。 3、申购和赎回的清算交收与登记 本基金申购和赎回过程中涉及的申购赎回对价和基金份额的交收适用业务 规则的规定和参与各方相关协议的有关规定。 本基金申购业务采用实时逐笔全额结算（Real Time Gross Settlement， 简称 RTGS）模式；赎回业务涉及的现金替代采用代收代付处理；申购、赎回业 务涉及的现金差额和现金替代退补款采用代收代付处理。 1）申购的清算交收 投资者 T 日申购后，如交易记录已勾单且申购资金足额的，登记机构在 T 日日间实时办理基金份额及现金替代的交收；T 日日间未进行勾单确认或日间 资金不足的，登记机构在 T 日日终根据资金是否足额办理基金份额及现金替代 的清算交收，并将结果发送给基金管理人、申购赎回代理券商和基金托管人。 基金管理人在 T+1 日办理现金差额的清算，并将结果发送给申购赎回代理券商、 基金管理人和基金托管人。基金管理人与申购赎回代理券商在 T+2 日办理现金 差额的交收。 2）赎回的清算交收 投资者 T
180,513590,SH,SH,2026-04-08,2026-04-08,临时数据/513590/513590_更新招募说明书_20260408.txt,103360,1,协议的有关规定。 本 基 金 申 购 业 务 采 用 实时 逐 笔 全 额 结 算 （Real Time Gross Settlement ， 以 下 简 称 RTGS）模式；赎回业务涉及的现金替代可采用代收代付处理；申购、赎回业务涉及的现 金差额和现金替代退补款可采用代收代付处理。 投资者 T 日申购后，如交易记录已勾单且申购资金足额的，登记机构在 T 日日间实时 办理基金份额及现金替代的交收；T 日日间未进行勾单确认或日间资金不足的，登记机构 29 在 T 日日终根据资金是否足额办理基金份额及现金替代的清算交收，并将结果发送给基金 管理人、申购赎回代理券商和基金托管人。基金管理人在 T+1 日内办理现金差额的清算， 在 T+2 日内办理现金差额的交收。 投资者 T 日赎回成功后，正常情况下，登记机构在 T 日收市后为投资者办理基金份额 的交收，在 T+1 日办理现金差额的清算，并将结果发送给申购赎回代理券商、基金管理人 和基金托管人。基金管理人与申购赎回代理券商在 T+2 日办理现金差额的交收。赎回现金 替代款将自有效赎回申请之日起 7 个开放日内划往基金份额持有人账户。如遇本基金主要 投资的证券市场休市或暂停交易、主要投资的证券市场或港股通交易结算清算规则变更、 交易所或登记机构有关申购赎回交易结算规则发,6,4,成本办理。在此期间若该证券发生除息、送股（转增）、配股等重要权益变动，则进行相 应调整。 5）在系统支持的情况下，对于 T 日的申购赎回申请，基金管理人有权进行轧差处 理，针对净申购，购入净申购份额对应的组合证券中被替代的成份证券，针对净赎回，卖 出净赎回份额对应的组合证券中被替代的成份证券，基金管理人有权购入或者卖出不等于 轧差处理后的上述被替代的成份证券的任意数量。 6）基金管理人可根据运作情况调整代理申赎投资者买券卖券的相关规则并按规定公 告。 7）未来如港股通的交易、结算规则发生改变，或上海证券交易所、登记机构有关申购 赎回交易结算规则发生改变，或基金管理人与基金托管人之间的结算相关安排发生改变， 基金管理人可对上述相关现金替代处理规则进行调整，并按规定公告。 4、预估现金部分相关内容 预估现金部分是指，为便于计算基金份额参考净值及申购赎回代理券商预先冻结申请 申购、赎回的投资人的相应资金，由基金管理人计算的现金数额。 T 日申购赎回清单中公告 T 日预估现金部分，其计算公式为： T 日预估现金部分＝T－1 日最小申购赎回单位的基金资产净值－（申购赎回清单中必 须用现金替代的固定替代金额＋申购赎回清单中可以现金替代成份证券的数量与该证券调 整后 T 日开盘参考价以及 T-1 日估值汇率相乘之和） 其中，该证券调整后 T 日开盘参考价主要根,2,0,盘参考价按照 T-1 日估值汇率换算或基金管理人认为合理的其 他方法。 （2）可以现金替代 1）适用情形：可以现金替代是指基金管理人认为需要在投资者申购或赎回时代投资者 买入或卖出的证券。 2）替代金额：对于可以现金替代的证券，替代金额的计算公式为： 申购的替代金额＝替代证券数量×该证券调整后 T 日开盘参考价×T-1 日估值汇率× （1+申购现金替代溢价比例）； 收取申购现金替代溢价的原因是，基金管理人需要在收到申购确认信息后，在香港市 场购入组合证券，实际结算成本与替代金额可能有所差异。为便于操作，基金管理人在申 购赎回清单中预先确定申购现金替代溢价比例，并据此收取替代金额。如果预先收取的替 代金额高于购入该部分证券的实际成本（或证券实际结算成本），则基金管理人将退还多 收取的差额；如果预先收取的替代金额低于购入该部分证券的实际成本（或证券实际结算 成本），则基金管理人将向投资者收取欠缺的差额。 3）申购替代金额的处理程序如下： 对于确认成功的 T 日申购申请，通常情况下 T 日内基金管理人根据申购规模进行组合 证券的代理买入。基金管理人有权在 T 日内任意时刻以收到的申购替代金额代投资者买入 小于等于被替代证券数量的任意数量的被替代证券。基金管理人有权根据基金投资的需要 自主决定不买入部分被替代证券，或者不进行任何买入证券的操作。T 日日终，基金管理,2,0,盘参考价按照 T-1 日估值汇率换算或基金管理人认为合理的其 他方法。 （2）可以现金替代 1）适用情形：可以现金替代是指基金管理人认为需要在投资者申购或赎回时代投资者 买入或卖出的证券。 2）替代金额：对于可以现金替代的证券，替代金额的计算公式为： 申购的替代金额＝替代证券数量×该证券调整后 T 日开盘参考价×T-1 日估值汇率× （1+申购现金替代溢价比例）； 收取申购现金替代溢价的原因是，基金管理人需要在收到申购确认信息后，在香港市 场购入组合证券，实际结算成本与替代金额可能有所差异。为便于操作，基金管理人在申 购赎回清单中预先确定申购现金替代溢价比例，并据此收取替代金额。如果预先收取的替 代金额高于购入该部分证券的实际成本（或证券实际结算成本），则基金管理人将退还多 收取的差额；如果预先收取的替代金额低于购入该部分证券的实际成本（或证券实际结算 成本），则基金管理人将向投资者收取欠缺的差额。 3）申购替代金额的处理程序如下： 对于确认成功的 T 日申购申请，通常情况下 T 日内基金管理人根据申购规模进行组合 证券的代理买入。基金管理人有权在 T 日内任意时刻以收到的申购替代金额代投资者买入 小于等于被替代证券数量的任意数量的被替代证券。基金管理人有权根据基金投资的需要 自主决定不买入部分被替代证券，或者不进行任何买入证券的操作。T 日日终，基金管理 人根,。如投资人持有的符合要求的基金份额不足或未能根据要求准备足 额的现金，或本基金投资组合内不具备足额的符合要求的赎回对价，则赎回申请失败。投 资者申购的基金份额，清算交收完成后方可卖出和赎回。 基金销售机构对申购、赎回申请的受理并不代表申请一定成功，而仅代表销售机构确 实接收到申请。申购、赎回申请的确认以登记机构的确认结果为准。对于申请的确认情 况，投资人应及时查询并妥善行使合法权利。 基金管理人在不违反法律法规的前提下，可对上述程序规则进行调整。基金管理人应 依照《信息披露办法》的有关规定在规定媒介上公告。 3、申购和赎回的清算交收与登记 本基金申购赎回过程中涉及的申购赎回对价和基金份额的清算交收适用《业务规则》 和参与各方相关协议的有关规定。 本 基 金 申 购 业 务 采 用 实时 逐 笔 全 额 结 算 （Real Time Gross Settlement ， 以 下 简 称 RTGS）模式；赎回业务涉及的现金替代可采用代收代付处理；申购、赎回业务涉及的现 金差额和现金替代退补款可采用代收代付处理。 投资者 T 日申购后，如交易记录已勾单且申购资金足额的，登记机构在 T 日日间实时 办理基金份额及现金替代的交收；T 日日间未进行勾单确认或日间资金不足的，登记机构 29 在 T 日日终根据资金是否足额办理基金份额及现金替代的清算交收，并将结果发
181,159179,SZ,SZ,,2026-02-13,临时数据/159179/159179_招募说明书_20260213.txt,121673,4,的基金份额、 现金替代、 现金差额及其他对价的清算交收适 用深圳证券交易所、登记机构的相关规定和参与各方相关协议的有关规定。 本基金现金申购业务中的现金替代采用实时逐笔全额结算（RTGS）与日终逐笔全额非 担保交收的方式处理； 现金赎回业务涉及的现金替代采用代收代付处理； 现金申购、 赎回业 务涉及的现金差额和现金替代退补款采用代收代付处理。 投资者 T 日提交的现金申购申请受理后，日间完成 RTGS 交收部分，登记机构在 T 日 日间实时为该投资者办理基金份额登记以及现金替代的交收；日间未完成 RTGS 交收部分， 登记机构在 T 日日终根据勾单情况及资金是否足额为投资者办理基金份额登记与现金替代 的交收， 并将结果发送给申购赎回代理券商、 基金管理人和基金托管人。 基金管理人在 T+2 日办理现金差额的清算及交收。 对于因申购赎回代理券商交收资金不足， 导致投资者现金申 购失败的情形，按照申购赎回代理券商的相关规则处理。 投资者 T 日提交的现金赎回申请受理后，登记机构在 T 日收市后为投资者办理基金份 额的清算和交收， 并将结果发送给申购赎回代理券商、 基金管理人和基金托管人。 基金管理 人在 T+2 日办理现金差额的清算及交收。赎回现金替代款将自有效赎回申请之日起 7 个开 放日内完成资金划拨。 如果出现基,2,1,证金后，应当保持不低于交易 保证金一倍的现金，其中现金不包括结算备付金、存出保证金和应收申购款等； 6）本基金所持有的股票市值和买入、卖出股指期货合约价值合计（轧差计算）应当符 合基金合同关于股票投资比例的有关约定； （9）本基金参与转融通证券出借业务，应当遵守以下交易限制： 1）参与转融通证券出借业务的资产不得超过基金资产净值的30%， 出借期限在10 个交 易日以上的出借证券应归为流动性受限资产； 2）参与转融通证券出借业务的单只证券不得超过基金持有该证券总量的30%； 3）最近 6 个月内日均基金资产净值不低于2 亿元； 4）证券出借的平均剩余期限不得超过30 天，平均剩余期限按照市值加权平均计算； （10）本基金主动投资于流动性受限资产的市值合计不得超过基金资产净值的15%；因 证券市场波动、 上市公司股票停牌、 基金规模变动等基金管理人之外的因素致使基金不符合 该比例限制的，基金管理人不得主动新增流动性受限资产的投资； （11） 本基金与私募类证券资管产品及中国证监会认定的其他主体为交易对手开展逆回 购交易的，可接受质押品的资质要求应当与基金合同约定的投资范围保持一致； （12）本基金资产总值不超过基金资产净值的140%； （13） 本基金投资存托凭证的比例限制依照境内上市交易的股票执行， 与境内上市交易 的股票合并计算； （14）法律,0,0,书 39 则基金管理人将退还多收取的差额； 如果预先收取的金额低于基金买入证券的实际成本 （或 证券实际结算成本），则基金管理人将向投资者收取欠缺的差额。 2）申购替代金额的处理程序 基金管理人在T 日以收到的替代金额代投资者买入被替代证券。 基金管理人有权根据基 金投资的需要自主决定不买入部分被替代证券， 或者不进行任何买入被替代证券的操作。 正 常情况下， 对于确认成功的T 日申购申请， 基金管理人根据T 日所购入的被替代证券的实际 单位购入成本 （包括买入价格与相关费用， 折算为人民币） 和未买入的被替代证券T 日收盘 价 （折算为人民币， 被替代证券当日在证券交易所无交易的， 取最近交易日的收盘价； 交易 日无收盘价的， 取最后成交价） 计算被替代证券的单位结算成本， 在此基础上根据替代证券 数量和申购替代金额确定基金应退还投资者或投资者应补交的款项。T+6 日 （指开放日） 内， 基金管理人将应退款或补款的明细及汇总数据发送给登记机构， 登记机构办理现金替代多退 少补资金的清算， 并将结果发送给申购赎回代理券商和结算参与人， 由相关申购赎回代理券 商和结算参与人办理交收。基金管理人可以对交收日期进行相应调整。 如遇港股通临时停市、 港股通交易每日额度不足等特殊情况， 组合证券的代理买入及结 算价格可依次顺延至下一港股通交易日直至交易正常。 如遇证券长期停,0,0,款的清算交 收可按照其复牌后实际交易成本或者基金管理人认为合理的价格办理。 在此期间若该证券发 生除息、送股（转增）、配股等重要权益变动，则进行相应调整。 3）赎回替代金额的处理程序 基金管理人在 T 日根据赎回申请代投资者卖出被替代证券。基金管理人有权根据基金 投资的需要自主决定不卖出部分被替代证券， 或者不进行任何卖出被替代证券的操作。正常 情况下， 对于确认成功的T 日赎回申请， 基金管理人根据T 日所卖出的被替代证券的实际单 位卖出金额 （扣除相关费用， 折算为人民币） 和未卖出的被替代证券的T 日收盘价 （折算为 人民币， 被替代证券当日在证券交易所无交易的， 取最近交易日的收盘价； 交易日无收盘价 的， 取最后成交价） 计算被替代证券的单位结算金额， 在此基础上根据替代证券数量确定赎 回替代金额。T+6 日（指开放日）内，基金管理人将应支付的赎回替代金额的明细及汇总数 据发送给登记机构， 登记机构办理赎回现金替代款的清算， 并将结果发送给申购赎回代理券 商和结算参与人， 由相关申购赎回代理券商和结算参与人办理交收， 当交收期间出现港股通 工银瑞信中证港股通互联网交易型开放式指数证券投资基金 招募说明书 40 交易日为非港股通交收日时， 款项交收日期顺延。 基金管理人可以对交收日期进行相应调整。 如遇港股通临时停市等特殊情况， 组合证券的代理卖出及结算价,",000+1=1,001份 即投资者需准备1,003元资金，可得到1,000份基金份额。假如该笔认购金额产生利息1 元，则投资者可得1,001份基金份额。 4、清算交收：投资者提交的认购申请，由登记机构进行有效认购款项的清算交收。 5、认购确认：在基金合同生效后，投资者应通过其办理认购的销售网点或以其提供的 其他方式查询认购确认情况。 （十二）网下现金认购 1、认购时间详见基金份额发售公告。 2、通过基金管理人进行网下现金认购的认购金额的计算： 通过基金管理人进行网下现金认购的投资人， 认购以基金份额申请， 认购费用、 认购金 额的计算公式为： 认购金额＝认购价格×认购份额 认购总份额＝认购份额＋有效认购资金产生的利息/认购价格 基金管理人办理网下现金认购时不收取认购费用。 通过基金管理人进行网下现金认购款 项在基金募集期间产生的利息， 将折算为基金份额归基金份额持有人所有， 利息折算的份额 保留至整数位，小数部分舍去，舍去部分计入基金财产。 例：某投资人通过基金管理人以网下现金认购方式认购本基金800,000份，不收取认购 费用，假定认购金额产生的利息为100元，则该投资人的认购金额为： 认购金额＝1.00×800,000=800,000元 该投资人所得认购份额为： 认购总份额＝800,000＋100/1.00=800,100份 即，某投资人通过基"
182,159265,SZ,SZ,2026-05-08,2026-05-08,临时数据/159265/159265_更新招募说明书_20260508.txt,105651,1,基 金 现 金 申 购 业 务 中 的 现 金 替 代 采 用 实 时 逐 笔 全 额 结 算 （ Real Time Gross Settlement，简称 RTGS）模式；赎回业务涉及的现金替代采用代收代付处理；申购、赎回 业务涉及的现金差额和现金替代退补款采用代收代付处理。 29 （1）申购的清算交收 投资者 T 日申购后，如交易记录已勾单且申购资金足额的，登记机构在 T 日日间实时 办理基金份额及现金替代的交收； T 日日间未进行勾单确认或日间资金不足的，登记机构 在 T 日日终根据资金是否足额办理基金份额及现金替代的清算交收，并将结果发送给基金 管理人、申购赎回代理券商和基金托管人。登记机构在 T+1 日办理现金差额的清算，并将 结果发送给申购赎回代理券商、基金管理人和基金托管人。基金管理人与申购赎回代理券 商在 T+2 日办理现金差额的交收。 （2）赎回的清算交收 投资者 T 日赎回成功后，登记机构在 T 日收市后为投资者办理基金份额的交收，在 T+1 日办理现金差额的清算，并将结果发送给申购赎回代理券商、基金管理人和基金托管 人。基金管理人与申购赎回代理券商在 T+2 日办理现金差额的交收。 赎回替代金额的清算交收由基金管理人和申购赎回代理券商协商处理。正常情况下， 该款项的清算交收自有效赎回申请,2,1,c.本基金在任何交易日日终，持有的卖出股指期货合约价值不得超过基金持有的股票 总市值的 20%； d.本基金所持有的股票市值和买入、卖出股指期货合约价值，合计（轧差计算）应当 符合基金合同关于股票投资比例的有关约定； e.本基金在任何交易日内交易（不包括平仓）的股指期货合约的成交金额不得超过上 一交易日基金资产净值的 20%； f.本基金每个交易日日终在扣除股指期货合约需缴纳的交易保证金后，应当保持不低 于交易保证金一倍的现金，其中现金不包括结算备付金、存出保证金、应收申购款等； （10）本基金参与融资的，每个交易日日终，本基金持有的融资买入股票与其他有价 证券市值之和，不得超过基金资产净值的 95%； （11）本基金参与转融通证券出借业务的，应当符合以下要求： a.出借证券资产不得超过基金资产净值的 30%； b.参与出借业务的单只证券不得超过基金持有该证券总量的 30%； c.最近 6 个月内日均基金资产净值不低于 2 亿元； d.证券出借的平均剩余期限不得超过 30 天，平均剩余期限按照市值加权平均计算； （12）本基金主动投资于流动性受限资产的市值合计不得超过本基金资产净值的 43 15%。因证券市场波动、上市公司股票停牌、基金规模变动等基金管理人之外的因素致使基 金不符合该比例限制的，基金管理人不得主动新增流动性受限资产的投资； （13,2,0,申请，T 日内基金管理人根据申购规模进行组合证券的代理 买入，通常情况下代理买入在 T 日接近收盘时点完成。基金管理人有权在 T 日内任意时刻 以收到的替代金额代投资者买入小于等于被替代证券数量的任意数量的被替代证券，实际 买入被替代证券的价格可能处于 T 日内较高的位置或处于最高价格，基金管理人对此不承 担责任。基金管理人有权根据基金投资的需要自主决定不买入部分被替代证券，或者不进 行任何买入证券的操作，基金管理人可能不买入被替代证券的情形包括但不限于市场流动 性不足、技术系统无法实现以及基金管理人认为不应买入的其他情形。T 日日终，基金管 32 理人根据所购入的被替代证券的实际单位购入成本（包括买入价格与相关费用）和未买入 的被替代证券的 T 日收盘价（折算为人民币，折算汇率采用当天的估值汇率；T 日在证券 交易所无交易的，取最近交易日的收盘价；交易日无收盘价的，取最后成交价）计算被替 代证券的单位结算成本，在此基础上根据替代证券数量和申购现金替代保证金确定基金应 退还投资者或投资者应补交的款项。在此期间若该部分证券发生除息、送股（转增）、配 股等重要权益变动，则进行相应调整。正常情况下，T 日后的第 2 个工作日内，基金管理 人将应退款或补款与相关申购赎回代理机构办理交收。若发生特殊情况，基金管理人可以 对交收日期进行相应调整。 如遇港股通临时停市,2,0,股等重要权益变动，则进行相应调整。 ④赎回对应的替代金额 赎回时，对于可以现金替代的证券，替代金额为扣除相关费用后的该证券的卖出价值 （或证券实际结算价值） ⑤赎回替代金额的处理程序 对于确认成功的 T 日赎回申请，T 日内，基金管理人根据赎回规模进行组合证券的代 理卖出。基金管理人有权在 T 日内任意时刻卖出小于等于被替代证券数量的任意数量的被 替代证券，实际卖出被替代证券的价格可能处于 T 日内较低的位置或处于最低价格，基金 管理人对此不承担责任。基金管理人有权根据基金投资的需要自主决定不卖出部分被替代 证券，或者不进行任何卖出证券的操作，基金管理人可能不卖出被替代证券的情形包括但 不限于市场流动性不足、技术系统无法实现以及基金管理人认为不应卖出的其他情形。T 日日终，基金管理人根据所卖出的被替代证券的实际单位卖出金额（扣除相关费用）和未 卖出的被替代证券的 T 日收盘价（折算为人民币，折算汇率采用当天的估值汇率；T 日在 证券交易所无交易的，取最近交易日的收盘价；交易日无收盘价的，取最后成交价）计算 被替代证券的单位结算金额，在此基础上根据替代证券数量确定赎回替代金额。 如遇港股通临时停市等特殊情况，组合证券的代理卖出及结算价格可依次顺延至下一 港股通交易日直至交易正常。如遇证券长期停牌、流动性不足等可能导致收盘价或最后成 交价不公允的特殊情况，可参照证券的,销售机构确实 接收到该申请。申购、赎回申请的确认以登记机构的确认结果为准。对于申购、赎回申请 的确认情况，投资人应及时查询并妥善行使合法权利。 3、申购和赎回的清算交收与登记 本基金申购赎回过程中涉及的基金份额、现金替代、现金差额和/或其他对价的清算交 收适用《业务规则》和参与各方相关协议的有关规定。 本 基 金 现 金 申 购 业 务 中 的 现 金 替 代 采 用 实 时 逐 笔 全 额 结 算 （ Real Time Gross Settlement，简称 RTGS）模式；赎回业务涉及的现金替代采用代收代付处理；申购、赎回 业务涉及的现金差额和现金替代退补款采用代收代付处理。 29 （1）申购的清算交收 投资者 T 日申购后，如交易记录已勾单且申购资金足额的，登记机构在 T 日日间实时 办理基金份额及现金替代的交收； T 日日间未进行勾单确认或日间资金不足的，登记机构 在 T 日日终根据资金是否足额办理基金份额及现金替代的清算交收，并将结果发送给基金 管理人、申购赎回代理券商和基金托管人。登记机构在 T+1 日办理现金差额的清算，并将 结果发送给申购赎回代理券商、基金管理人和基金托管人。基金管理人与申购赎回代理券 商在 T+2 日办理现金差额的交收。 （2）赎回的清算交收 投资者 T 日赎回成功后，登记机构在 T 日收市后为投资者办理基金份额的交收，
183,520720,SH,SH,2025-11-12,2025-11-12,临时数据/520720/520720_更新招募说明书_20251112.txt,110145,1,涉及的基金份额、现金替代、现金差额及其他对价的 清算交收适用上海证券交易所、登记机构相关业务规则和参与各方相关协议及其 不时修订的有关规定。 本基金申购业务采用实时逐笔全额结算（Real Time Gross Settlement）模式； 赎回业务涉及的现金替代采用代收代付处理；申购、赎回业务涉及的现金差额和 现金替代退补款采用代收代付处理。 投资者 T 日现金申购后，如交易记录已勾单且申购资金足额的，登记机构 在 T 日日间实时办理基金份额及现金替代的交收；T 日日间未进行勾单确认或日 间资金不足的，登记机构在 T 日日终根据资金是否足额办理基金份额及现金替 代的清算交收；在 T+1 日内办理现金差额的清算，并将结果发送给基金管理人、 申购赎回代理券商和基金托管人。基金管理人与申购赎回代理券商在 T+2 日内 办理现金差额的交收。若发生特殊情况，基金管理人可以对清算交收日期进行相 应调整。 投资者 T 日赎回成功后，正常情况下，登记机构在 T 日收市后为投资者办 理基金份额的交收，在 T+1 日内办理现金差额的清算，并将结果发送给申购赎 回代理券商、基金管理人和基金托管人。基金管理人与申购赎回代理券商在 T+2 日内办理现金差额的交收。 如遇国家外汇管理局相关规定有变更或本基金境外投资主要市场的交易清 算规则有变,4,1,2）本基金在任何交易日日终，持有的卖出股指期货合约价值不得超过基金 持有的股票总市值的 20%； 3）本基金所持有的股票市值和买入、卖出股指期货合约价值，合计（轧差 计算）应当符合基金合同关于股票投资比例的有关约定； 4）本基金在任何交易日内交易（不包括平仓）的股指期货合约的成交金额 不得超过上一交易日基金资产净值的 20%； （9）本基金若参与国债期货交易，应遵守以下投资限制： 1）本基金在任何交易日日终，持有的买入国债期货合约价值，不得超过基 金资产净值的 15%； 2）本基金在任何交易日日终，持有的卖出国债期货合约价值不得超过基金 持有的债券总市值的 30%； 3）本基金在任何交易日内交易（不包括平仓）的国债期货合约的成交金额 不得超过上一交易日基金资产净值的 30%； 4）本基金所持有的债券（不含到期日在一年以内的政府债券）市值和买入、 卖出国债期货合约价值，合计（轧差计算）应当符合基金合同关于债券投资比例 的有关约定； （10）本基金若参与股票期权交易，应遵守以下投资限制： 1）本基金因未平仓的期权合约支付和收取的权利金总额不得超过基金资产 净值的 10%； 2）开仓卖出认购期权的，应持有足额标的证券；开仓卖出认沽期权的，应 持有合约行权所需的全额现金或交易所规则认可的可冲抵期权保证金的现金等 价物； 3）未平仓的期权合约面值不得超过基,2,0,取的申购现金替代金额低于基金购入该部 分证券的实际结算成本，则基金管理人将向投资人收取欠缺的差额。 如有需要，基金管理人可以其认为合理的其他方法进行调整。 3）申购替代金额的处理程序 T 日，基金管理人在申购赎回清单中公布现金替代溢价比例，并据此收取申 国泰中证港股通汽车产业主题交易型开放式指数证券投资基金更新招募说明书（2025 年第一号） 44 购替代金额。 正常情况下，对于确认成功的 T 日申购申请，基金管理人在 T 日内进行组 合证券的代理买入。基金管理人有权在 T 日内任意时刻，以收到的申购替代金 额买入组合证券中任意数量的被替代证券。基金管理人有权根据基金投资的需要 自主决定不买入部分被替代证券，或者不进行任何买入证券的操作。T 日日终， 若已购入全部被替代的证券，则以替代金额与被替代证券的实际购入成本（包括 买入价格与交易费用，折算为人民币）的差额，确定基金应退还申购投资人或申 购投资人应补交的款项；若未能购入全部被替代的证券，则以替代金额与所购入 部分被替代证券实际购入成本（包括买入价格与交易费用，折算为人民币）加上 按照 T 日收盘价（折算为人民币，折算汇率采用当天的港股通买入结算汇兑比 率和卖出结算汇兑比率的算术平均值；被替代组合证券当日无交易的，取最近交 易日的收盘价；交易日无收盘价的，取最后成交价）计算的未购入部分被替代证 券价值的差额，确,2,0,调整。 T 日后的 3 个港股通交收日内，基金管理人将应退款或补款与相关申购赎回 代理券商办理交收。若发生特殊情况，基金管理人可以对交收日期进行相应调整。 4）赎回替代金额的处理程序 正常情况下，对于确认成功的 T 日赎回申请，基金管理人在 T 日内进行组 合证券的代理卖出。基金管理人有权在 T 日内任意时刻卖出组合证券中任意数 量的被替代证券。基金管理人有权自主决定不卖出部分被替代证券，或者不进行 任何卖出证券的操作。T 日日终，若已卖出全部被替代的证券，则以替代金额与 被替代证券的实际卖出收入（卖出价格扣除交易费用，折算为人民币）的差额， 确定基金应退还赎回投资人或赎回投资人应补交的款项；若未能卖出全部被替代 的证券，以替代金额与所卖出部分被替代证券实际卖出收入（卖出价格扣除交易 费用，折算为人民币）加上按照 T 日收盘价（折算为人民币，折算汇率采用当 天的港股通买入结算汇兑比率和卖出结算汇兑比率的算术平均值；被替代组合证 券当日无交易的，取最近交易日的收盘价；交易日无收盘价的，取最后成交价） 国泰中证港股通汽车产业主题交易型开放式指数证券投资基金更新招募说明书（2025 年第一号） 45 计算的未卖出部分被替代证券价值的差额，确定基金应退还赎回投资人或赎回投 资人应补交的款项。在此期间发生除息、送股（转增）、配股等权益变动，则进 行相应调整。若发生特殊情况，,"外。 3、认购申请：投资人在认购本基金时，需按发售代理机构的规定，备足认 购资金，办理认购手续。网上现金认购申请提交后，投资人可以在当日交易时间 内撤销。 4、清算交收：通过发售代理机构提交的网上现金认购申请，由该发售代理 机构冻结相应的认购资金，登记机构进行清算交收，并将有效认购数据发送发售 协调人，发售协调人于网上现金认购结束后按规定将实际到位的认购资金划往预 先开设的基金募集专户。 5、认购金额的计算 认购佣金＝认购价格×认购份额×佣金比率 （或若适用固定费用的，认购佣金=固定费用） 认购金额＝认购价格×认购份额×（1＋佣金比率） （或若适用固定费用的，认购金额＝认购价格×认购份额+固定费用） 国泰中证港股通汽车产业主题交易型开放式指数证券投资基金更新招募说明书（2025 年第一号） 31 认购佣金由发售代理机构向投资人收取，投资人需以现金方式支付认购佣金。 例：某投资人到某发售代理机构认购 1,000 份本基金，假设该发售代理机构 确认的佣金比率为 0.80%，则投资人需支付的认购佣金和需准备的认购金额计算 如下： 认购佣金＝1.00×1,000×0.80%＝8.00 元 认购金额＝1.00×1,000×（1＋0.80%）＝1,008.00 元 即投资人需准备 1,008.00 元资金，方可认购到 1,000 份本基金基金份额。 6、认购确认"
184,513530,SH,SH,2026-04-04,2026-04-04,临时数据/513530/513530_更新招募说明书_20260404.txt,117189,2,购、赎回的确认以登记机构的确认结果为准。对于申购、 赎回申请的确认情况，投资人应及时查询并妥善行使合法权利。 3、申购和赎回的清算交收与登记 本基金申购业务采用实时逐笔全额结算（Real Time Gross Settlement，以下简称 RTGS）模 式；赎回业务涉及的现金替代可采用代收代付处理；申购、赎回业务涉及的现金差额和现金 替代退补款可采用代收代付处理。 （1）申购的清算交收 投资者 T 日现金申购后，如交易记录已勾单且申购资金足额的，登记结算机构在 T 日日 间实时办理基金份额及现金替代的交收；T 日日间未进行勾单确认或日间资金不足的，登记 结算机构在 T 日日终根据资金是否足额办理基金份额及现金替代的清算交收，并将结果发送 华泰柏瑞中证港股通高股息投资交易型开放式指数证券投资基金（QDII） 30 给基金管理人、申购赎回代理券商和基金托管人。基金管理人通过登记结算机构在T+1日办 理现金差额的清算，在T+2日办理现金差额的交收。 （2）赎回的清算交收 投资者T日赎回申请受理后，登记结算机构在T日收市后为投资者办理基金份额的清算交 收。基金管理人通过登记结算机构在T+1日办理现金差额的清算，在T+2日办理现金差额的交 收。 正常情况下，赎回替代款项的清算交收于T+7日（指开放日）内办理。但如果出现基金,2,1,证港股通高股息投资交易型开放式指数证券投资基金（QDII） 41 一交易日基金资产净值的20%； v）本基金所持有的股票市值和买入、卖出股指期货合约价值，合计（轧差计算）应当符 合基金合同关于股票投资比例的有关约定； 14）本基金可参与融资业务，在任何交易日日终，本基金持有的融资买入股票与其他有 价证券市值之和，不得超过基金资产净值的95%； 15）本基金参与转融通证券出借业务，需遵循下述比例限制： i）出借证券资产不得超过基金资产净值的30%，出借期限在10个交易日以上的出借证券 应纳入《流动性风险管理规定》所述流动性受限证券的范围； ii）参与出借业务的单只证券不得超过基金持有该证券总量的30%； iii）最近6个月内日均基金资产净值不得低于2亿元； iv）证券出借的平均剩余期限不得超过30天，平均剩余期限按照市值加权平均计算； 因证券市场波动、上市公司合并、基金规模变动等基金管理人之外的因素致使基金投资 不符合上述规定的，基金管理人不得新增出借业务； 16）本基金投资境内发行的存托凭证的比例限制依照境内上市交易的股票执行，与境内 上市交易的股票合并计算； 本基金境外投资应遵循以下限制： 17）本基金持有非流动性资产市值不得超过基金净值的10%； 18）本基金参与证券借贷交易应当遵守下列规定： i）所有参与交易的对手方（中资商业银行除外）应当,0,0,成本），则基金管理人将退还多收取的差额；如果预先收取的替 代金额低于购入该部分证券的实际成本（或证券实际结算成本），则基金管理人将向投资者 收取欠缺的差额。 ③申购替代金额的处理程序 对于确认成功的T日申购申请，在T日（指上海证券交易所与香港交易所的共同交易日） 内，基金管理人以收到的申购替代金额代投资者买入被替代证券。基金管理人有权在T日 （指上海证券交易所与香港交易所的共同交易日）内任意时刻以收到的申购替代金额代投资 者买入小于等于被替代证券数量的任意数量的被替代证券。基金管理人有权根据基金投资的 需要自主决定不买入部分被替代证券，或者不进行任何买入证券的操作。在T日（指上海证 券交易所与香港交易所的共同交易日）日终，基金管理人已买入的证券，依据申购的替代金 额与被替代证券的实际买入成本（包括买入价格与相关交易费用）的差额，确定基金应退还 投资者或投资者应补交的款项；未买入的证券，依据申购的替代金额与被替代证券T日（指 上海证券交易所与香港交易所的共同交易日）收盘价（需用汇率公允价折算为人民币，当日 在证券交易所无交易的，取最近交易日的收盘价，当日无收盘价的，取最后成交价）的差额， 确定基金应退还投资者或投资者应补交的款项。 在此期间若该部分证券发生除息、送股（转增）、配股等重要权益变动，则进行相应调 整。正常情况下，T+3日（指上海证券交易所与香港交易所的共,0,0,外汇当日收盘价）等。 ④赎回对应的替代金额的处理程序 对于确认成功的T日赎回申请，在T日（指上海证券交易所与香港交易所的共同交易日） 内，基金管理人根据赎回申请代投资者卖出被替代证券。基金管理人有权在T日（指上海证 券交易所与香港交易所的共同交易日）内任意时刻代投资者卖出小于等于被替代证券数量的 任意数量的被替代证券。基金管理人有权根据基金投资的需要自主决定不卖出部分被替代证 券，或者不进行任何卖出证券的操作。 在T日（指上海证券交易所与香港交易所的共同交易日）日终，基金管理人已卖出的证 券，按照被替代证券的实际卖出金额（扣除相关费用，需用汇率公允价折算为人民币）确定 基金应支付的替代金额；未卖出的证券，按照被替代证券T日（指指上海证券交易所与香港 交易所的共同交易日）收盘价（需用汇率公允价折算为人民币，当日在证券交易所无交易的， 取最近交易日的收盘价，当日无收盘价的，取最后成交价）确定基金应支付给投资者的替代 金额。 在此期间若该部分证券发生除息、送股（转增）、配股等重要权益变动，则进行相应调 整。正常情况下，T+7日（指上海证券交易所与香港交易所的共同交易日）内，基金管理人将 应支付的赎回替代金额与相关申购赎回代理机构办理交收。若发生特殊情况，基金管理人可 以对交收日期进行相应调整。 如遇证券长期停牌、流动性不足等特殊情况，可参照证券的估值价格对结算,"倍。投资人在认购时间内可以多次认购，累计认购份额不设上限。 （4）认购申请：投资者在认购本基金时，需按发售代理机构的规定，备足认购资金，办 理认购手续。 （5）清算交收：T日通过发售代理机构提交的网上现金认购申请，由该发售代理机构冻 结相应的认购资金，登记机构进行清算交收，并将有效认购数据发送发售协调人，发售协调 人将实际到位的认购资金划往其预先开设的基金募集专户。 （6）认购确认：在基金合同生效后，投资者应通过其办理认购的销售网点查询认购确认 情况。 5、网下现金认购 （1）认购时间：详见本基金基金份额发售公告。 （2）认购金额和利息折算的份额的计算： 通过基金管理人进行网下现金认购的投资者，认购以基金份额申请，认购费用、认购金 额的计算公式为： 认购费用＝认购份额×认购费率 认购金额＝认购份额×（1＋认购费率） 净认购份额＝认购份额＋认购金额产生的利息/基金份额面值 其中： 认购费用由基金管理人在投资者认购确认时收取，投资者需以现金方式交纳认购费用。 通过发售代理机构进行网下现金认购的认购金额的计算：同通过发售代理机构进行网上 现金认购的认购金额的计算。 （3）认购限额：网下现金认购以基金份额申请。 投资者以上海证券账户通过发售代理机构办理网下现金认购的，每笔认购份额须为1,000 份或其整数倍，投资者通过基金管理人办理网下现金认购的，每笔认购份"
185,159297,SZ,SZ,2026-08-28,2026-08-28,临时数据/159297/159297_更新招募说明书_20260828.txt,117043,4,证券 仅在境内证券交易所上市的ETF产品存在一定差异。在目前结算规则下，投资者当日申购的 基金份额，清算交收完成后可卖出和赎回，即T日申购的ETF份额且日间完成RTGS（实时 逐笔全额结算）交收，T日可卖出与赎回；T日申购的ETF份额日间未完成交收的，日终完 成逐笔全额非担保交收，T+1日方可卖出和赎回；T日竞价买入的基金份额，T日可以卖出 或赎回；T日大宗买入的基金份额，T日可以大宗卖出，T+1日可以竞价卖出或赎回。 投资人投资本基金时需具有深圳证券交易所A股账户或基金账户。其中，深圳证券交易 所基金账户只能进行基金的现金认购和二级市场交易， 如投资人需要参与基金的申购、 赎回， 则应开立深圳证券交易所A股账户。 投资人在投资本基金之前，请仔细阅读本基金的招募说明书、基金产品资料概要和基金 合同等信息披露文件，自主判断基金的投资价值，自主做出投资决策，全面认识本基金的风 险收益特征和产品特性，并充分考虑自身的风险承受能力，理性判断市场，谨慎做出投资决 策。基金的过往业绩并不预示其未来表现，基金管理人管理的其他基金的业绩也不构成对本 基金业绩表现的保证。基金管理人承诺以恪尽职守、诚实信用、谨慎勤勉的原则管理和运用 基金财产，但不保证基金一定盈利，也不向投资人保证最低收益。基金管理人提醒投资人基 金投资的“买者自,3,1,3）本基金在任何交易日日终，持有的卖出股指期货合约价值不得超过基金持有的股票 总市值的20%； 4）本基金所持有的股票市值和买入、卖出股指期货合约价值，合计（轧差计算）应当 符合基金合同关于股票投资比例的有关约定； 5）本基金在任何交易日内交易（不包括平仓）的股指期货合约的成交金额不得超过上 一交易日基金资产净值的20%； （13）本基金参与股票期权交易，应当符合下列投资限制： 1）基金因未平仓的期权合约支付和收取的权利金总额不得超过基金资产净值的10%； 2）开仓卖出认购期权的，应持有足额标的证券；开仓卖出认沽期权的，应持有合约行 权所需的全额现金或交易所规则认可的可冲抵期权保证金的现金等价物； 3）未平仓的期权合约面值不得超过基金资产净值的20%。其中，合约面值按照行权价 乘以合约乘数计算； （14）本基金参与转融通证券出借业务的，应当符合下列要求： 1）本基金在任何交易日日终，参与转融通证券出借业务的资产不得超过基金资产净值 的30%，其中出借期限在10个交易日以上的出借证券应纳入《流动性风险管理规定》所述 流动性受限证券的范围； 南方国证港股通创新药交易型开放式指数证券投资基金招募说明书（更新） 46 2）本基金在任何交易日日终，参与出借业务的单只证券不得超过基金持有该证券总量 的30%； 3）证券出借的平均剩余期限不得超过30天，平均,1,0,,1,4,,付风险、法律风险和操作风险。 本基金的标的指数组合证券为内地与香港股票市场交易互联互通机制允许买卖的规定 范围内的香港联合交易所上市的股票，基金份额申购、赎回的清算交收与标的指数组合证券 仅在境内证券交易所上市的ETF产品存在一定差异。在目前结算规则下，投资者当日申购的 基金份额，清算交收完成后可卖出和赎回，即T日申购的ETF份额且日间完成RTGS（实时 逐笔全额结算）交收，T日可卖出与赎回；T日申购的ETF份额日间未完成交收的，日终完 成逐笔全额非担保交收，T+1日方可卖出和赎回；T日竞价买入的基金份额，T日可以卖出 或赎回；T日大宗买入的基金份额，T日可以大宗卖出，T+1日可以竞价卖出或赎回。 投资人投资本基金时需具有深圳证券交易所A股账户或基金账户。其中，深圳证券交易 所基金账户只能进行基金的现金认购和二级市场交易， 如投资人需要参与基金的申购、 赎回， 则应开立深圳证券交易所A股账户。 投资人在投资本基金之前，请仔细阅读本基金的招募说明书、基金产品资料概要和基金 合同等信息披露文件，自主判断基金的投资价值，自主做出投资决策，全面认识本基金的风 险收益特征和产品特性，并充分考虑自身的风险承受能力，理性判断市场，谨慎做出投资决 策。基金的过往业绩并不预示其未来表现，基金管理人管理的其他基金的业绩也不构成对本 基金业绩表现的保证。基金管理人承诺以恪
186,159954,SZ,SZ,2026-02-25,2026-02-25,临时数据/159954/159954_更新招募说明书_20260225.txt,112209,0,,0,0,,0,0,,0,0,,"，在投资人作出投资决策后，基金运营状况、基金份额上市交易 价格波动与基金净值变化引致的投资风险，由投资人自行负责。 在目前结算规则下，投资者当日申购的基金份额，清算交收完成后方可卖出和赎回。当 日竞价买入的基金份额，当日可以赎回。 南方恒生中国企业交易型开放式指数证券投资基金招募说明书（更新） 3 本基金标的指数为恒生中国企业指数。 恒生中国企业指数由市值最大、 成交最活跃的50 只H股组成，用于衡量以H股形式在香港上市、注册登记地在中国大陆的企业的表现。 有关标的指数具体编制方案及成份股信息详见恒生指数有限公司网站，网址： www.hsi.com.hk。 本招募说明书已经本基金托管人复核。本招募说明书所载内容截止日为2026年1月27 日,有关财务数据和净值表现截止日为2025年12月31日（未经审计）。 南方恒生中国企业交易型开放式指数证券投资基金招募说明书（更新） 4 目录 §1 绪言..............................................................................................................................................5 §2 释义.................................."
187,159636,SZ,SZ,2026-06-11,2026-06-11,临时数据/159636/159636_更新招募说明书_20260611.txt,112394,4,程中涉及的基金份额、现金替代、现金差额及其他对价的交收适用深 圳证券交易所、登记机构的相关规定和参与各方相关协议的有关规定。 本基金现金申购业务中的现金替代采用实时逐笔全额结算（RTGS）与日终逐笔全额非担 保交收的方式处理；现金赎回业务涉及的现金替代采用代收代付处理；现金申购、赎回业务 涉及的现金差额和现金替代退补款采用代收代付处理。 投资者 T 日提交的现金申购申请受理后，日间完成 RTGS 交收部分，登记机构在 T 日日 间实时为该投资者办理基金份额登记以及现金替代的交收；日间未完成 RTGS 交收部分，登 记机构在 T 日日终为投资者办理基金份额登记与现金替代的交收，并将结果发送给申购赎回 工银瑞信国证港股通科技交易型开放式指数证券投资基金 更新的招募说明书 25 代理券商、基金管理人和基金托管人。基金管理人在 T+2 日办理现金差额的清算及交收。对 于因申购赎回代理券商交收资金不足，导致投资者现金申购失败的情形，按照申购赎回代理 券商的相关规则处理。 投资者 T 日提交的现金赎回申请受理后，登记机构在 T 日收市后为投资者办理基金份 额的清算和交收，并将结果发送给申购赎回代理券商、基金管理人和基金托管人。基金管理 人在 T+2 日办理现金差额的清算及交收。赎回现金替代款将自有效赎回申请之日起 7 个开放,2,1,证金后，应当保持不低于交易 保证金一倍的现金，其中现金不包括结算备付金、存出保证金和应收申购款等； 6）本基金所持有的股票市值和买入、卖出股指期货合约价值合计（轧差计算）应当符 合基金合同关于股票投资比例的有关约定； （10）本基金参与转融通证券出借业务，应当遵守以下交易限制： 1）参与转融通证券出借业务的资产不得超过基金资产净值的 30%，出借期限在 10 个交 易日以上的出借证券应归为流动性受限资产； 2）参与转融通证券出借业务的单只证券不得超过基金持有该证券总量的 30%； 3）最近 6 个月内日均基金资产净值不低于 2 亿元； 4）证券出借的平均剩余期限不得超过 30 天，平均剩余期限按照市值加权平均计算； （11）本基金主动投资于流动性受限资产的市值合计不得超过基金资产净值的 15%；因 证券市场波动、上市公司股票停牌、基金规模变动等基金管理人之外的因素致使基金不符合 该比例限制的，基金管理人不得主动新增流动性受限资产的投资； （12）本基金与私募类证券资管产品及中国证监会认定的其他主体为交易对手开展逆回 购交易的，可接受质押品的资质要求应当与基金合同约定的投资范围保持一致； （13）本基金资产总值不超过基金资产净值的 140%； （14）本基金投资存托凭证的比例限制依照境内上市交易的股票执行，与境内上市交易 的股票合并计算； （15）,0,0,结算成本）， 则基金管理人将退还多收取的差额；如果预先收取的金额低于基金买入证券的实际成本（或 证券实际结算成本），则基金管理人将向投资者收取欠缺的差额。 2）申购替代金额的处理程序 基金管理人在 T 日以收到的替代金额代投资者买入被替代证券。基金管理人有权根据基 金投资的需要自主决定不买入部分被替代证券，或者不进行任何买入被替代证券的操作。正 常情况下，对于确认成功的 T 日申购申请，基金管理人根据 T 日所购入的被替代证券的实际 单位购入成本（包括买入价格与相关费用，折算为人民币）和未买入的被替代证券 T 日收盘 价（折算为人民币，被替代证券当日在证券交易所无交易的，取最近交易日的收盘价；交易 日无收盘价的，取最后成交价）计算被替代证券的单位结算成本，在此基础上根据替代证券 数量和申购替代金额确定基金应退还投资者或投资者应补交的款项。T+6 日（指开放日）内， 基金管理人将应退款和补款的明细及汇总数据发送给登记机构，登记机构办理现金替代多退 少补资金的清算，并将结果发送给相关申购赎回代理券商和基金托管人，相关款项的交收于 数据发送日完成。 工银瑞信国证港股通科技交易型开放式指数证券投资基金 更新的招募说明书 28 如遇港股通临时停市、港股通交易每日额度不足等特殊情况，组合证券的代理买入及结 算价格可依次顺延至下一港股通交易日直至交易正常。如遇证券长期停牌、流动,0,0,人利益，该证券对应的现金替代款的清算交收可 在其复牌后按照实际交易成本办理。在此期间若该证券发生除息、送股（转增）、配股等重 要权益变动，则进行相应调整。 3）赎回替代金额的处理程序 基金管理人在 T 日根据赎回申请代投资者卖出被替代证券。基金管理人有权根据基金 投资的需要自主决定不卖出部分被替代证券，或者不进行任何卖出被替代证券的操作。正常 情况下，对于确认成功的 T 日赎回申请，基金管理人根据 T 日所卖出的被替代证券的实际单 位卖出金额（扣除相关费用，折算为人民币）和未卖出的被替代证券的 T 日收盘价（折算为 人民币，被替代证券当日在证券交易所无交易的，取最近交易日的收盘价；交易日无收盘价 的，取最后成交价）计算被替代证券的单位结算金额，在此基础上根据替代证券数量确定赎 回替代金额。T+6 日（指开放日）内，基金管理人将应支付的赎回替代金额的明细及汇总数 据发送给登记机构，登记机构办理赎回替代金额的清算，并将结果发送给相关申购赎回代理 券商和基金托管人，相关款项的交收于数据发送日完成。 如遇港股通临时停市等特殊情况，组合证券的代理卖出及结算价格可依次顺延至下一港 股通交易日直至交易正常。如遇证券长期停牌、流动性不足等可能导致收盘价或最后成交价 不公允的特殊情况，可参照证券的估值价格，对结算价格进行调整，如果基金管理人认为该 证券复牌后的价格可能存在较大波动，,并适用于本基 金的，则按照新的规则执行，届时基金管理人将发布公告予以披露并更新本基金的基金合同 和招募说明书，无须召开基金份额持有人大会审议。 3、申购和赎回的清算交收与登记 本基金申购赎回过程中涉及的基金份额、现金替代、现金差额及其他对价的交收适用深 圳证券交易所、登记机构的相关规定和参与各方相关协议的有关规定。 本基金现金申购业务中的现金替代采用实时逐笔全额结算（RTGS）与日终逐笔全额非担 保交收的方式处理；现金赎回业务涉及的现金替代采用代收代付处理；现金申购、赎回业务 涉及的现金差额和现金替代退补款采用代收代付处理。 投资者 T 日提交的现金申购申请受理后，日间完成 RTGS 交收部分，登记机构在 T 日日 间实时为该投资者办理基金份额登记以及现金替代的交收；日间未完成 RTGS 交收部分，登 记机构在 T 日日终为投资者办理基金份额登记与现金替代的交收，并将结果发送给申购赎回 工银瑞信国证港股通科技交易型开放式指数证券投资基金 更新的招募说明书 25 代理券商、基金管理人和基金托管人。基金管理人在 T+2 日办理现金差额的清算及交收。对 于因申购赎回代理券商交收资金不足，导致投资者现金申购失败的情形，按照申购赎回代理 券商的相关规则处理。 投资者 T 日提交的现金赎回申请受理后，登记机构在 T 日收市后为投资者办理基金份 额的清算和交收，并将结果
188,159191,SZ,SZ,,2026-02-28,临时数据/159191/159191_招募说明书_20260228.txt,102095,6,结算风险、基金投资非公开信息泄露的风险等。 7、在目前结算规则下，投资者当日申购的基金份额，清算交收完成后方可卖出和赎 回，即 T 日申购的基金份额且日间完成 RTGS（实时逐笔全额结算）交收的，T 日可卖出和 赎回，而 T 日申购的基金份额且日终完成逐笔全额非担保交收的，T+1 日方可卖出和赎回； T 日竞价买入的基金份额，T 日可以卖出或赎回；T 日大宗买入的基金份额，T 日可以大宗 卖出，T+1 日可以竞价卖出或赎回。 投资者投资于本基金前请认真阅读证券交易所和登记结算机构关于 ETF 的相关业务规 则及其不时的更新，确保具备相关专业知识、清楚了解相关规则流程后方可参与本基金的 认购、申购、赎回及交易。投资者一旦认购、申购或赎回本基金，即表示对基金认购、申 购和赎回所涉及的登记方式以及申购赎回所涉及现金替代、现金差额等相关的交收方式及 业务规则已经认可。 8、基金管理人提醒投资者基金投资的“买者自负”原则，在投资者作出投资决策后， 基金运营状况与基金净值变化引致的投资风险，由投资者自行负责。此外，本基金以 1 元 初始面值进行募集，在市场波动等因素的影响下，存在单位份额净值跌破 1 元初始面值的 风险。 9、基金不同于银行储蓄，基金投资人投资于基金有可能获得较高的收益，也有可能 损失本金。投资有风险，投资,5,4,整后 T 日开盘参考价并按照 T-1 日估值汇率换算或基金管理人认为合理的其他方法。 （4）在系统支持的情况下，对于 T 日的申购赎回申请，基金管理人有权进行轧差处理， 针对净申购，购入净申购份额对应的组合证券中被替代的成份证券，针对净赎回，卖出净 赎回份额对应的组合证券中被替代的成份证券，基金管理人有权购入或者卖出不等于轧差 处理后的上述被替代的成份证券的任意数量。 （5）基金管理人可根据运作情况调整代理申赎投资者买券卖券的相关规则并按规定公 告。 （6）未来如相关证券的交易、结算规则发生改变，或深圳证券交易所、登记结算机构 40 有关申购赎回交易结算规则发生改变，或基金管理人与基金托管人之间的结算相关安排发 生改变等，基金管理人可对上述相关现金替代处理规则进行调整，并按规定公告。 5、预估现金差额相关内容 预估现金差额是指为便于计算基金份额参考净值及申购赎回代理券商预先冻结申请申 购、赎回的投资者的相应资金，由基金管理人计算的现金数额。 T 日申购赎回清单中公告 T 日预估现金差额。其计算公式为： T 日预估现金差额＝T-1 日最小申购、赎回单位的基金资产净值－（申购赎回清单中必 须现金替代成份证券的替代金额+申购赎回清单中可以现金替代成份证券的数量、该证券调 整后 T 日开盘参考价以及 T-1 日估值汇率的相乘之和） 其中，该证券调整后,2,0,管理人将向投资者收取欠缺的差额。 基金管理人可以根据市场情况和实际需要确定和调整申购现金替代保证金率，具体的 申购现金替代保证金率以申购赎回清单公告为准。 3）申购替代金额的处理程序 T 日，基金管理人在申购赎回清单中公布申购现金替代保证金率，并据此收取替代金 额。 基金管理人在 T 日内购入组合证券中被替代的成份证券。基金管理人有权在 T 日内任 意时刻，以收到的申购替代金额代投资者购入组合证券中被替代的成份证券的任意数量。 正常情况下，对于确认成功的 T 日申购申请，基金管理人根据 T 日所购入的被替代证券的 实际单位购入成本（包括买入价格与相关费用，折算为人民币）和未购入的被替代证券 T 日收盘价（折算为人民币，被替代证券当日在证券交易所无交易的，取最近交易日的收盘 价；交易日无收盘价的，取最后成交价）计算被替代证券的单位结算成本，在此基础上根 据替代证券数量和申购替代金额确定基金应退还投资者或投资者应补交的款项。T 日后的 3 个港股通交易日内，基金管理人将成份证券的应退款或补款与相关申购赎回代理券商办理 交收，当交收期间出现港股通交易日为非港股通交收日时，款项交收日期顺延。若发生特 殊情况，基金管理人可以对交收日期进行相应调整。 如遇港股通临时停市、港股通交易当日额度使用完毕而暂停或停止接受买入申报等特 殊情况，基金管理人可考虑根据实际情况将成份证券的代,2,4,补款的清算交收可按照其复牌后实际 交易成本或者基金管理人认为合理的价格办理。在此期间若该证券发生除息、送股（转 增）、配股等重要权益变动，则进行相应调整。 4）赎回替代金额的处理程序 基金管理人在 T 日内卖出组合证券中被替代的成份证券。基金管理人有权在 T 日内任 39 意时刻代投资者卖出组合证券中被替代的成份证券的任意数量。正常情况下，对于确认成 功的 T 日赎回申请，基金管理人根据 T 日所卖出的被替代证券的实际单位卖出金额（扣除 相关费用，折算为人民币）和未卖出的被替代证券 T 日收盘价（折算为人民币，被替代证 券当日在证券交易所无交易的，取最近交易日的收盘价；交易日无收盘价的，取最后成交 价）计算被替代证券的单位结算金额，在此基础上根据替代证券数量确定赎回替代金额。T 日后的第 3 个港股通交易日后的 1 个工作日内，基金管理人将应支付的成份证券赎回替代 金额与相关申购赎回代理券商办理交收，当交收期间出现港股通交易日为非港股通交收日 时，款项交收日期顺延。若发生特殊情况，基金管理人可以对交收日期进行相应调整。 如遇港股通临时停市等特殊情况，成份证券的代理卖出及结算价格可依次顺延至下一 港股通交易日直至交易正常。如遇成份证券长期停牌、流动性不足等可能导致收盘价或最 后成交价不公允的特殊情况，可参照证券的估值价格，对结算价格进行调整，如果基金管 理人认为该证,交易指令传输和资金使用效率降低的风险、无法完成当日估值的 风险、交易结算风险、基金投资非公开信息泄露的风险等。 7、在目前结算规则下，投资者当日申购的基金份额，清算交收完成后方可卖出和赎 回，即 T 日申购的基金份额且日间完成 RTGS（实时逐笔全额结算）交收的，T 日可卖出和 赎回，而 T 日申购的基金份额且日终完成逐笔全额非担保交收的，T+1 日方可卖出和赎回； T 日竞价买入的基金份额，T 日可以卖出或赎回；T 日大宗买入的基金份额，T 日可以大宗 卖出，T+1 日可以竞价卖出或赎回。 投资者投资于本基金前请认真阅读证券交易所和登记结算机构关于 ETF 的相关业务规 则及其不时的更新，确保具备相关专业知识、清楚了解相关规则流程后方可参与本基金的 认购、申购、赎回及交易。投资者一旦认购、申购或赎回本基金，即表示对基金认购、申 购和赎回所涉及的登记方式以及申购赎回所涉及现金替代、现金差额等相关的交收方式及 业务规则已经认可。 8、基金管理人提醒投资者基金投资的“买者自负”原则，在投资者作出投资决策后， 基金运营状况与基金净值变化引致的投资风险，由投资者自行负责。此外，本基金以 1 元 初始面值进行募集，在市场波动等因素的影响下，存在单位份额净值跌破 1 元初始面值的 风险。 9、基金不同于银行储蓄，基金投资人投资于基金有可能获得较高的收益，也有可能
189,513320,SH,SH,2026-08-29,2026-08-29,临时数据/513320/513320_更新招募说明书_20260829.txt,111205,3,金产品资料概要。 5、根据本基金现行适用的清算交收和申赎处理规则，投资者当日申购的基金份额，清 算交收完成后方可卖出和赎回，即 T 日申购的基金份额且日间完成 RTGS（实时逐笔全额结 算） 交收的，T 日可卖出和赎回， 而T 日申购的基金份额且日终完成逐笔全额非担保交收的， T+1 日方可卖出和赎回；T 日买入的基金份额，T 日可以赎回或卖出。 投资者投资于本基金前请认真阅读证券交易所和登记结算机构关于 ETF 的相关业务规 则及其不时的更新，确保具备相关专业知识、清楚了解相关规则流程后方可参与本基金的 认购、申购、赎回及交易。投资者一旦认购、申购或赎回本基 金，即表示对基金认购、申 购和赎回所涉及的登记方式以及申购赎回所涉及现金替代、现金差额等相关的交收方式及 业务规则已经认可。 6、基金的过往业绩并不预示其未来表现，基金管理人管理的其他基金的业绩并不构成 对本基金表现的保证。 本基金有关财务数据截止日为 2026 年 6 月 30 日，净值表现截止日为 2026 年 6 月 30 日，主要人员情况截止日为 2026 年 8 月 28 日，除非另有说明，本招募说明书其他所载内 容截止日为 2026 年7 月16 日。（本报告中财务数据未经审计） I 目 录 一、绪 言....................,4,4,T 日开盘参考价并按照 T-1 日估值汇率换算或基金管理人认为合理 的其他方法。 （4） 在系统支持的情况下， 对于T 日的申购赎回申请， 基金管理人有权进行轧差处理， 针对净申购， 购入净申购份额对应的组合证券中被替代的成份证券， 针对净赎回， 卖出净赎 回份额对应的组合证券中被替代的成份证券， 基金管理人有权购入或者卖出不等于轧差处理 后的上述被替代的成份证券的任意数量。 （5）基金管理人可根据运作情况调整代理申赎投资者买券卖券的相关规则并按规定公 告。 （6）未来如相关证券的交易、结算规则发生改变，或上海证券交易所、登记结算机构 有关申购赎回交易结算规则发生改变， 或基金管理人与基金托管人之间的结算相关安排发生 改变等，基金管理人可对上述相关现金替代处理规则进行调整，并按规定公告。 4、预估现金部分相关内容 预估现金部分是指为便于计算基金份额参考净值及申购赎回代理券商预先冻结申请申 购、赎回的投资者的相应资金，由基金管理人计算的现金数额。T 日申购赎回清单中公告 T 日预估现金部分。其计算公式为： T 日预估现金部分＝T-1 日最小申购、赎回单位的基金资产净值－（申购赎回清单中必 须现金替代成份证券的替代金额＋申购赎回清单中可以现金替代成份证券的数量、 该证券调 整后 T 日开盘参考价以及 T-1 日估值汇率的相乘之和） 40 其中， 该,1,0,代溢价比率， 并据此收取申购现金 替代保证金。基金管理人在T 日内购入组合证券中被替代的成份证券。基金管理人有权在T 38 日内任意时刻， 以收到的申购替代金额代投资者购入组合证券中被替代的成份证券的任意数 量。正常情况下，对于确认成功的 T 日申购申请，基金管理人根据 T 日所购入的被替代证 券的实际单位购入成本 （包括买入价格与相关费用， 折算为人民币） 和未购入的被替代证券 T 日收盘价（折算为人民币，被替代证券当日在证券交易所无交易的，取最近交易日的收盘 价； 交易日无收盘价的， 取最后成交价） 计算被替代证券的单位结算成本， 在此基础上根据 替代证券数量和申购现金替代保证金确定基金应退还投资者或投资者应补交的款项。T 日后 的四个港股通交易日内， 基金管理人将成份证券的应退款或补款与相关申购赎回代理券商办 理交收， 当交收期间出现港股通交易日为非港股通交收日时， 款项交收日期顺延。 若发生特 殊情况，基金管理人可以对交收日期进行相应调整。 如遇港股通临时停市、 港股通交易当日额度使用完毕而暂停或停止接受买入申报等特殊 情况， 基金管理人可考虑根据实际情况将成份证券的代理买入及结算价格顺延至下一港股通 交易日直至交易正常。 如遇成份证券长期停牌、 流动性不足等可能导致收盘价或最后成交价 不公允的特殊情况， 可参照证券的估值价格， 对结算价格进行调,2,1,补款的清算交收可按照其复牌后实际交易成本或者 基金管理人认为合理的价格办理。在此期间若该证券发生除息、送股（转增）、配股等重要 权益变动，则进行相应调整。 4）赎回替代金额的处理程序 基金管理人在 T 日内卖出组合证券中被替代的成份证券。 基金管理人有权在T 日内任意 时刻代投资者卖出组合证券中被替代的成份证券的任意数量。 正常情况下， 对于确认成功的 T 日赎回申请，基金管理人根据T 日所卖出的被替代证券的实际单位卖出金额（扣除相关费 用， 折算为人民币） 和未卖出的被替代证券T 日收盘价 （折算为人民币， 被替代证券当日在 证券交易所无交易的， 取最近交易日的收盘价； 交易日无收盘价的， 取最后成交价） 计算被 替代证券的单位结算金额，在此基础上根据替代证券数量确定赎回替代金额。T 日后的第四 个港股通交易日后的一个工作日内， 基金管理人将应支付的成份证券赎回替代金额与相关申 购赎回代理券商办理交收， 当交收期间出现港股通交易日为非港股通交收日时， 款项交收日 期顺延。若发生特殊情况，基金管理人可以对交收日期进行相应调整。 如遇港股通临时停市等特殊情况， 成份证券的代理卖出及结算价格可依次顺延至下一港 股通交易日直至交易正常。 如遇成份证券长期停牌、 流动性不足等可能导致收盘价或最后成 39 交价不公允的特殊情况， 可参照证券的估值价格， 对结算价格进行调整，,高的收益，也有可能损失 本金。投资有风险，投资人在进行投资决策前，请仔细阅读本基金的《招募说明书》及《基 金合同》及基金产品资料概要。 5、根据本基金现行适用的清算交收和申赎处理规则，投资者当日申购的基金份额，清 算交收完成后方可卖出和赎回，即 T 日申购的基金份额且日间完成 RTGS（实时逐笔全额结 算） 交收的，T 日可卖出和赎回， 而T 日申购的基金份额且日终完成逐笔全额非担保交收的， T+1 日方可卖出和赎回；T 日买入的基金份额，T 日可以赎回或卖出。 投资者投资于本基金前请认真阅读证券交易所和登记结算机构关于 ETF 的相关业务规 则及其不时的更新，确保具备相关专业知识、清楚了解相关规则流程后方可参与本基金的 认购、申购、赎回及交易。投资者一旦认购、申购或赎回本基 金，即表示对基金认购、申 购和赎回所涉及的登记方式以及申购赎回所涉及现金替代、现金差额等相关的交收方式及 业务规则已经认可。 6、基金的过往业绩并不预示其未来表现，基金管理人管理的其他基金的业绩并不构成 对本基金表现的保证。 本基金有关财务数据截止日为 2026 年 6 月 30 日，净值表现截止日为 2026 年 6 月 30 日，主要人员情况截止日为 2026 年 8 月 28 日，除非另有说明，本招募说明书其他所载内 容截止日为 2026 年7 月16 日。（本报告中财务
190,513900,SH,SH,2025-11-13,2025-11-13,临时数据/513900/513900_更新招募说明书_20251113.txt,102223,2,确认。投资人应及时查询有关申请的确认情况，否则如因申请未得 到登记机构的确认而造成的损失，由投资人自行承担。 3、申购和赎回的清算交收与登记 本基金申购业务采用实时逐笔全额结算（Real Time Gross Settlement， 简称RTGS）模式；赎回业务涉及的现金替代采用代收代付处理；申购、赎回业 务涉及的现金差额和现金替代退补款采用代收代付处理。 1）申购的清算交收 投资者 T 日申购后，如交易记录已勾单且申购资金足额的，登记机构在 T 日日间实时办理基金份额及现金替代的交收；T 日日间未进行勾单确认或日间 资金不足的，登记机构在 T 日日终根据资金是否足额办理基金份额及现金替代 的清算交收，并将结果发送给基金管理人、申购赎回代理券商和基金托管人。 基金管理人在 T+1 日内办理现金差额的清算，在 T+2 日内办理现金差额的交收。 2）赎回的清算交收 投资人 T 日提交的赎回申请受理后，由登记机构在 T 日为投资人办理基金 份额的清算和交收，并将结果发送给基金管理人、申购赎回代理券商和基金托 管人。基金管理人在 T+1 日内办理现金差额的清算，在 T+2 日内通过登记机构 第 43 页 共 140 页 的代收代付平台办理现金差额的交收。现金赎回替代金额的清算交收由基金管 理人和申购赎回代理券商协商处理。正,9,3,卖出部分 被替代证券，或者不进行任何买入或卖出证券的操作，基金管理人可能不买入 或不卖出被替代证券的情形包括但不限于市场流动性不足、技术系统无法实现、 申购赎回轧差以及基金管理人认为不应买入或卖出的其他情形。 按照目前的证券代理买卖规则，正常情况下，对于 T 日确认成功的申购或 赎回申请，基金管理人正常情况下将在 T 日代理进行相关证券买卖，而对于 T 日未买入或未卖出的部分证券，基金管理人将按该证券 T 日收盘价（折算为人 民币，目前折算汇率采用 T 日估值汇率，基金管理人可根据情况调整所使用的 折算汇率，并及时公告，被替代证券 T 日在证券交易所无交易的，取最近交易 日的收盘价，交易日无收盘价的，取最后成交价）计算被替代证券的单位结算 成本或结算金额，因此投资者需承受可能当天无法完成所有证券买卖、未完成 买卖部分及因轧差处理而未买卖部分按收盘价结算、结算成本或结算金额不确 定（含汇率波动、未完成买卖部分及因轧差处理而未买卖部分的折算汇率与港 股通结算汇率发生偏离）等风险。 本基金投资于证券市场，基金净值会因为证券市场波动等因素产生波动， 投资者在投资本基金前，应全面了解本基金的产品特性，理性判断市场，并承 担基金投资中出现的各类风险，包括：市场风险、管理风险、流动性风险、合 规性风险、操作和技术风险、本基金的特定风险等等。本基金投资相关股票市,1,0,华证券交易服务有限公司 网站，网址：https://www.cesc.com/sc/index.html。 基金管理人可在招募说明书规定的时间内以收到的替代金额代投资者买入 或卖出小于等于被替代证券数量的任意数量的被替代证券，实际买入被替代证 券的价格可能处于规定时间内较高的位置或处于最高价格，实际卖出被替代证 券的价格可能处于规定时间内较低的位置或处于最低价格，基金管理人对此不 承担责任。基金管理人有权根据基金投资的需要自主决定不买入或不卖出部分 被替代证券，或者不进行任何买入或卖出证券的操作，基金管理人可能不买入 或不卖出被替代证券的情形包括但不限于市场流动性不足、技术系统无法实现、 申购赎回轧差以及基金管理人认为不应买入或卖出的其他情形。 按照目前的证券代理买卖规则，正常情况下，对于 T 日确认成功的申购或 赎回申请，基金管理人正常情况下将在 T 日代理进行相关证券买卖，而对于 T 日未买入或未卖出的部分证券，基金管理人将按该证券 T 日收盘价（折算为人 民币，目前折算汇率采用 T 日估值汇率，基金管理人可根据情况调整所使用的 折算汇率，并及时公告，被替代证券 T 日在证券交易所无交易的，取最近交易 日的收盘价，交易日无收盘价的，取最后成交价）计算被替代证券的单位结算 成本或结算金额，因此投资者需承受可能当天无法完成所有证券买卖、未完成 买卖部分及,0,0,华证券交易服务有限公司 网站，网址：https://www.cesc.com/sc/index.html。 基金管理人可在招募说明书规定的时间内以收到的替代金额代投资者买入 或卖出小于等于被替代证券数量的任意数量的被替代证券，实际买入被替代证 券的价格可能处于规定时间内较高的位置或处于最高价格，实际卖出被替代证 券的价格可能处于规定时间内较低的位置或处于最低价格，基金管理人对此不 承担责任。基金管理人有权根据基金投资的需要自主决定不买入或不卖出部分 被替代证券，或者不进行任何买入或卖出证券的操作，基金管理人可能不买入 或不卖出被替代证券的情形包括但不限于市场流动性不足、技术系统无法实现、 申购赎回轧差以及基金管理人认为不应买入或卖出的其他情形。 按照目前的证券代理买卖规则，正常情况下，对于 T 日确认成功的申购或 赎回申请，基金管理人正常情况下将在 T 日代理进行相关证券买卖，而对于 T 日未买入或未卖出的部分证券，基金管理人将按该证券 T 日收盘价（折算为人 民币，目前折算汇率采用 T 日估值汇率，基金管理人可根据情况调整所使用的 折算汇率，并及时公告，被替代证券 T 日在证券交易所无交易的，取最近交易 日的收盘价，交易日无收盘价的，取最后成交价）计算被替代证券的单位结算 成本或结算金额，因此投资者需承受可能当天无法完成所有证券买卖、未完成 买卖部分及因轧差处,在 T 日内对该交易的 有效性进行确认。投资人应及时查询有关申请的确认情况，否则如因申请未得 到登记机构的确认而造成的损失，由投资人自行承担。 3、申购和赎回的清算交收与登记 本基金申购业务采用实时逐笔全额结算（Real Time Gross Settlement， 简称RTGS）模式；赎回业务涉及的现金替代采用代收代付处理；申购、赎回业 务涉及的现金差额和现金替代退补款采用代收代付处理。 1）申购的清算交收 投资者 T 日申购后，如交易记录已勾单且申购资金足额的，登记机构在 T 日日间实时办理基金份额及现金替代的交收；T 日日间未进行勾单确认或日间 资金不足的，登记机构在 T 日日终根据资金是否足额办理基金份额及现金替代 的清算交收，并将结果发送给基金管理人、申购赎回代理券商和基金托管人。 基金管理人在 T+1 日内办理现金差额的清算，在 T+2 日内办理现金差额的交收。 2）赎回的清算交收 投资人 T 日提交的赎回申请受理后，由登记机构在 T 日为投资人办理基金 份额的清算和交收，并将结果发送给基金管理人、申购赎回代理券商和基金托 管人。基金管理人在 T+1 日内办理现金差额的清算，在 T+2 日内通过登记机构 第 43 页 共 140 页 的代收代付平台办理现金差额的交收。现金赎回替代金额的清算交收由基金管 理人和申购赎回代理券商协商处理。正常情况下
191,520600,SH,SH,2026-07-06,2026-07-06,临时数据/520600/520600_更新招募说明书_20260706.txt,104370,6,交收方式已经认可。 根据本基金现行适用的清算交收和申赎处理规则，投资者当日申购的基金份额，清算交 收完成后方可卖出和赎回，即T 日申购的ETF 份额且日间完成 RTGS（实时逐笔全额结算）交 收，T 日可卖出与赎回， 而T 日申购的 ETF 份额且日终完成逐笔全额非担保交收的，T+1 日方 可卖出和赎回；T 日买入的基金份额，T 日可以赎回或卖出。 由于登记结算机构对现金替代采 取非净额结算交收模式，当投资者赎回申请被登记结算机构确认后，被赎回的基 金份额即被 记减，但此时投资者尚未收到赎回现金替代款。投资者投资本基金时需具有证券账户，证券 账户是指上海证券交易所 A 股账户或上海证券交易所证券投资基金账户。 本基金以 1 元初始面值进行募集，在市场波动等因素的影响下，存在单位份额净值跌破 1 元初始面值的风险。 基金管理人提醒投资人基金投资的 “买者自负” 原则， 在投资人作出投 资决策后，基金运营状况与基金净值变化引致的投资风险，由投资人自行负责。 投资人在进行投资决策前， 请仔细阅读本基金的 《招募说明书》 、 基金产品资料概要及 《基 金合同》 ，自主判断基金的投资价值，自主做出投资决策，自行承担投资风险。 基金的过往业绩并不预示其未来表现，基金管理人管理的其他基金的业绩并不构成对本 基金表现的保证。,2,1,个交易日日终在扣除股指期 货合约、期权合约需缴纳的交易保证金后，应当保持不低于交易保证金一倍的现金；本基金 所持有的股票市值和买入、卖出股指期货合约价值，合计（轧差计算）应当符合基金合同关 于股票投资比例的有关约定； （3） 本基金投资于同一原始权益人的各类资产支持证券的比例， 不得超过基金资产净值 48 的 10%； （4）本基金持有的全部资产支持证券，其市值不得超过基金资产净值的 20%； （5）本基金主动投资于流动性受限资产的市值合计不得超过基金资产净值的15%，因证 券市场波动、上市公司股票停牌、基金规模变动等基金管理人之外的因素致使基金不符合该 比例限制的，基金管理人不得主动新增流动性受限资产的投资； （6）本基金持有的同一（指同一信用级别）资产支持证券的比例，不得超过该资产支持 证券规模的 10%； （7） 本基金管理人管理的全部基金投资于同一原始权益人的各类资产支持证券， 不得超 过其各类资产支持证券合计规模的 10%； （8）本基金应投资于信用级别评级为BBB 以上（含BBB）的资产支持证券。基金持有资 产支持证券期间，如果其信用等级下降、不再符合投资标准，应在评级报告发布之日起 3 个 月内予以全部卖出； （9） 基金财产参与股票发行申购， 本基金所申报的金额不超过本基金的总资产， 本基金 所申报的股票数量不超过拟发行股票公司本,1,0,际结算成 本，则基金管理人将退还多收取的差额；如果预先收取的申购现金替代保证金低于基金购入 该部分证券的实际结算成本，则基金管理人将向投资者收取欠缺的差额。 ③申购替代金额的处理程序 T 日，基金管理人根据申购赎回清单收取申购现金替代保证金。 对于确认成功的 T 日申购申请，在 T 日内，基金管理人以收到的申购现金替代保证金代 投资者买入被替代证券。在 T 日日终，基金管理人已买入的证券，依据申购现金替代保证金 与被替代证券的实际买入成本（包括买入价格与相关交易费用）的差额，确定基金应退还投 资者或投资者应补交的款项；未买入的证券，依据申购现金替代保证金与被替代证券 T 日收 盘价（需用最新汇率折算为人民币，当日在证券交易所无交易的，取最近交易日的收盘价， 当日无收盘价的，取最后成交价）的差额，确定基金应退还投资者或投资者应补交的款项。 正常情况下，T+3 日（指港股通交易日）内，基金管理人将应退款和补款的明细及汇总 37 数据发送给相关申购赎回代理机构和基金托管人，相关款项的清算交收将于此后 3 个工作日 内完成。 如遇证券长期停牌、流动性不足等特殊情况，可参照证券的估值价格对结算价格进行调 整，如果基金管理人认为该证券复牌后的价格可能存在较大波动，且可能对基金资产净值产 生较大影响，为了更好的维护持有人利益，该证券对应的现金替代退补款的清算交收可在其 复牌后按,1,2,中心正式对外发文后 公布的人民币兑主要外汇当日收盘价）等。 ④赎回对应的替代金额的处理程序 对于确认成功的 T 日赎回申请，在 T 日内，基金管理人根据赎回申请代投资者卖出被替 代证券。在 T 日日终，基金管理人已卖出的证券，按照被替代证券的实际卖出金额（扣除相 关费用）确定基金应支付的替代金额；未卖出的证券，按照被替代证券 T 日收盘价（需用最 新汇率折算为人民币，当日在证券交易所无交易的，取最近交易日的收盘价，当日无收盘价 的，取最后成交价）确定基金应支付给投资者的替代金额。 正常情况下，T+7 日（指港股通交易日）内，基金管理人将应支付的替代金额的明细及 汇总数据发送给登记结算机构，登记结算机构办理现金替代资金的清算，并将结果发送给相 关申购赎回代理机构和基金托管人，相关款项的清算交收将于此后 3 个工作日内完成。如遇 证券长期停牌、流动性不足等特殊情况，可参照证券的估值价格，对结算价格进行调整，如 果基金管理人认为该证券复牌后的价格可能存在较大波动，且可能对基金资产净值产生较大 影响，为了更好的维护持有人利益，该证券对应的现金替代款的清算交收可在其复牌后按照 实际交易成本办理。 在此期间若该证券发生除息、送股（转增） 、配股等重要权益变动，则进行相应调整。上 述汇率目前采用汇率公允价。汇率公允价包括中国人民银行或其授权机构最新公布的人民币 汇率中,回本基 金，即表示对基金认购、申购和赎回所涉及的基金份额的证券变更登记方式以及申购赎回所 涉及现金替代、现金差额等相关的交收方式已经认可。 根据本基金现行适用的清算交收和申赎处理规则，投资者当日申购的基金份额，清算交 收完成后方可卖出和赎回，即T 日申购的ETF 份额且日间完成 RTGS（实时逐笔全额结算）交 收，T 日可卖出与赎回， 而T 日申购的 ETF 份额且日终完成逐笔全额非担保交收的，T+1 日方 可卖出和赎回；T 日买入的基金份额，T 日可以赎回或卖出。 由于登记结算机构对现金替代采 取非净额结算交收模式，当投资者赎回申请被登记结算机构确认后，被赎回的基 金份额即被 记减，但此时投资者尚未收到赎回现金替代款。投资者投资本基金时需具有证券账户，证券 账户是指上海证券交易所 A 股账户或上海证券交易所证券投资基金账户。 本基金以 1 元初始面值进行募集，在市场波动等因素的影响下，存在单位份额净值跌破 1 元初始面值的风险。 基金管理人提醒投资人基金投资的 “买者自负” 原则， 在投资人作出投 资决策后，基金运营状况与基金净值变化引致的投资风险，由投资人自行负责。 投资人在进行投资决策前， 请仔细阅读本基金的 《招募说明书》 、 基金产品资料概要及 《基 金合同》 ，自主判断基金的投资价值，自主做出投资决策，自行承担投资风险。 基金的过往业绩并
192,513560,SH,SH,2026-02-02,2026-02-02,临时数据/513560/513560_更新招募说明书_20260202.txt,101213,0,,2,0,； ③本基金在任何交易日日终，持有的卖出股指期货合约价值不得超过基金 持有的股票总市值的 20%； ④本基金所持有的股票市值和买入、卖出股指期货合约价值，合计（轧差 计算）应当符合基金合同关于股票投资比例的有关约定； ⑤本基金在任何交易日内交易（不包括平仓）的股指期货合约的成交金额 不得超过上一交易日基金资产净值的 20%； ⑥本基金每个交易日日终在扣除股指期货合约、股票期权合约需缴纳的交 易保证金后，应当保持不低于交易保证金一倍的现金； （10）本基金参与转融通证券出借业务的，应当符合下列要求： ①出借证券资产不得超过基金资产净值的 30%，其中出借期限在 10 个交易 日以上的出借证券应纳入《流动性风险管理规定》所述流动性受限证券的范围； ②参与出借业务的单只证券不得超过基金持有该证券总量的 30%； ③证券出借的平均剩余期限不得超过 30 天，平均剩余期限按市值加权平均 计算； ④最近 6 个月内日均基金资产净值不得低于 2 亿元。 （11）本基金主动投资于流动性受限资产的市值合计不得超过该基金资产 净值的 15%；因证券市场波动、上市公司股票停牌、基金规模变动等基金管理 人之外的因素致使基金不符合该比例限制的，基金管理人不得主动新增流动性 受限资产的投资； （12）本基金与私募类证券资管产品及中国证监会认定的其他主体为交易 对手方开展逆回,1,0,价按照 T-1 日 估值汇率换算或基金管理人认为合理的其他方法。 （2）退补现金替代 ①适用情形：退补现金替代的证券是指基金管理人认为需要在投资者申购 或赎回时代投资者买入或卖出的证券 ②替代金额：对于退补现金替代的证券，替代金额的计算公式为： 申购的替代金额＝替代证券数量×该证券调整后T 日开盘参考价× T-1 日 估值汇率×（1+现金替代溢价比例）； 收取现金替代溢价的原因是，基金管理人需要在收到申购确认 信息后，在 香港市场购入组合证券，实际结算成本与替代金额可能有所差异。为便于操作， 基金管理人在申购赎回清单中预先确定现金替代溢价比例，并据此收取替代金 额。如果预先收取的替代金额高于购入该部分证券的实际成本（或证券实际结 算成本），则基金管理人将退还多收取的差额；如果预先收取的替代金额低于 兴银中证港股通科技交易型开放式指数证券投资基金招募说明书（更新） 34 购入该部分证券的实际成本（或证券实际结算成本），则基金管理人将向投资 者收取欠缺的差额。 ③申购替代金额的处理程序 对于确认成功的 T 日申购申请，T 日内基金管理人根据申购规模进行组合 证券的代理买入，通常情况下代理买入在 T 日接近收盘时点完成。T 日日终， 基金管理人根据所购入的被替代证券的实际单位购入成本（包括买入价格与相 关费用，折算为人民币）和未买入的被替代证券的 T 日收盘价,1,1,价按照 T-1 日 估值汇率换算或基金管理人认为合理的其他方法。 （2）退补现金替代 ①适用情形：退补现金替代的证券是指基金管理人认为需要在投资者申购 或赎回时代投资者买入或卖出的证券 ②替代金额：对于退补现金替代的证券，替代金额的计算公式为： 申购的替代金额＝替代证券数量×该证券调整后T 日开盘参考价× T-1 日 估值汇率×（1+现金替代溢价比例）； 收取现金替代溢价的原因是，基金管理人需要在收到申购确认 信息后，在 香港市场购入组合证券，实际结算成本与替代金额可能有所差异。为便于操作， 基金管理人在申购赎回清单中预先确定现金替代溢价比例，并据此收取替代金 额。如果预先收取的替代金额高于购入该部分证券的实际成本（或证券实际结 算成本），则基金管理人将退还多收取的差额；如果预先收取的替代金额低于 兴银中证港股通科技交易型开放式指数证券投资基金招募说明书（更新） 34 购入该部分证券的实际成本（或证券实际结算成本），则基金管理人将向投资 者收取欠缺的差额。 ③申购替代金额的处理程序 对于确认成功的 T 日申购申请，T 日内基金管理人根据申购规模进行组合 证券的代理买入，通常情况下代理买入在 T 日接近收盘时点完成。T 日日终， 基金管理人根据所购入的被替代证券的实际单位购入成本（包括买入价格与相 关费用，折算为人民币）和未买入的被替代证券的 T 日收盘价（折算,代理券商受理申购、赎回申请并不代表该申购、赎回申请一定成 功。申购、赎回的确认以登记机构的确认结果为准。投资者应及时查询有关申 请的确认情况。 3、申购与赎回的清算交收 本基金申购赎回过程中涉及的基金份额、组合证券（如系统支持）、现金 替代、现金差额及其他对价的清算 交收适用《上海证券交易所交易型开放式指 数基金业务实施细则》、《中国证券登记结算有限责任公司关于交易所交易型 开放式证券投资基金登记结算业务实施细则》和参与各方相关协议的有关规定。 本基金现金申购业务中的现金替代采用逐笔全额结算处理；现金赎回业务 中的现金替代采用代收代付处理；现金申购、赎回业务涉及的现金差额和现金 替代退补款采用代收代付处理；申购、赎回业务后续若涉及到组合证券，则组 合证券的清算交收按照上海证券交易所、登记机构的相关业务规则执行。 投资人 T 日提交的申购申请受理后，由登记机构在 T 日为投资人办理基金 份额、现金替代的清算和交收，并将结果发送给基金管理人、申购赎回代理机 构和基金托管人。基金管理人在 T+1 日办理现金差额的清算，在 T+2 日通过 登记机构代收代付平台办理现金差额的交收。 投资人 T 日提交的赎回申请受理后，由登记机构在 T 日为投资人办理基金 份额的清算和交收，并将结果发送给基金管理人、申购赎回代理机构和基金托 管人。基金管理人在 T+1 日办理现
193,159788,SZ,SZ,2026-06-26,2026-06-26,临时数据/159788/159788_更新招募说明书_20260626.txt,111823,4,书》 《基金合 同》及基金产品资料概要。 5、在目前结算规则下， 投资者当日申购的基金份额， 清算交收完成后方可卖出和赎回， 即 T 日申购的基金份额且日间完成RTGS（实时逐笔全额结算） 交收的，T 日可卖出和赎回， 而 T 日申购的基金份额且日终完成逐笔全额非担保交收的，T+1 日方可卖出和赎回；T 日竞 价买入的基金份额，T 日可以卖出或赎回；T 日大宗买入的基金份额，T 日可以大宗卖出， T+1 日可以竞价卖出或赎回。 投资者投资于本基金前请认真阅读证券交易所和登记结算机构关于 ETF 的相关业务规 则及其不时的更新， 确保具备相关专业知识、 清楚了解相关规则流程后方可参与本基金的申 购、 赎回及交易。 投资者一旦申购或赎回本基金， 即表示对基金申购和赎回所涉及的登记方 式以及申购赎回所涉及 现金替代、现金差额等相关的交收方式及业务规则已经认可。 6、基金的过往业绩并不预示其未来表现，基金管理人管理的其他基金的业绩并不构成 对本基金表现的保证。 本基金有关财务数据截止日为 2026 年 3 月 31 日，净值表现截止日为 2026 年 3 月 31 日，主要人员情况截止日为 2026 年 6 月 25 日，除非另有说明，本招募说明书其他所载内 容截止日为 2026 年5 月16 日。（本报告中财务数据未,2,1,（不含质押式 回购） 等； 在任何交易日日终， 持有的卖出期货合约价值不得超过基金持有的股票总市值的 20%；持有的股票市值和买入、卖出股指期货合约价值，合计（轧差计算）应当符合基金合 同关于股票投资比例的有关约定； 在任何交易日内交易 （不包括平仓） 的股指期货合约的成 交金额不得超过上一交易日基金资产净值的 20%； 每个交易日日终在扣除股指期货合约需缴 纳的交易保证金后，应当保持不低于交易保证金一倍的现金； （10） 本基金参与股票期权交易的， 应当符合下列要求： 基金因未平仓的期权合约支付 和收取的权利金总额不得超过基金资产净值的 10%；开仓卖出认购期权的，应持有足额标的 证券； 开仓卖出认沽期权的， 应持有合约行权所需的全额现金或交易所规则认可的可冲抵期 权保证金的现金等价物；未平仓的期权合约面值不得超过基金资产净值的 20%。其中，合约 面值按照行权价乘以合约乘数计算； （11） 本基金参与转融通证券出借业务的， 应当符合下列要求： 最近6 个月内日均基金 资产净值不得低于 2 亿元；参与转融通证券出借业务的资产不得超过基金资产净值的 30%， 其中出借期限在 10 个交易日以上的出借证券归为流动性受限资产；参与转融通证券出借业 务的单只证券不得超过基金持有该证券总量的 30%；证券出借的平均剩余期限不得超过 30 天，平均剩余期限,0,0,理人将向投资者收取欠缺的差额。 基金管理人可以根据市场情况和实际需要确定和调整申购现金替代保证金率， 具体的申 购现金替代保证金率以申购赎回清单公告为准。 3）申购替代金额的处理程序 T 日，基金管理人在申购赎回清单中公布申购现金替代保证金率，并据此收取申购替代 金额。正常情况下，对于确认成功的 T 日申购申请，基金管理人根据 T 日所购入的被替代 证券的实际单位购入成本 （包括买入价格与相关费用， 折算为人民币） 和未买入的被替代证 券 T 日收盘价 （折算为人民币， 被替代证券当日在证券交易所无交易的， 取最近交易日的收 39 盘价； 交易日无收盘价的， 取最后成交价） 计算被替代证券的单位结算成本， 在此基础上根 据替代证券数量和申购替代金额确定基金应退还投资者或投资者应补交的款项。T 日后的三 个港股通交易日内， 基金管理人将应退款或补款与相关申购赎回代理券商办理交收， 当交收 期间出现港股通交易日为非港股通交收日时， 款项交收日期顺延。 若发生特殊情况， 基金管 理人可以对交收日期进行相应调整。 如遇港股通临时停市、 港股通交易每日额度等特殊情况， 基金管理人可考虑根据实际情 况将组合证券的代理买入及结算价格顺延至下一港股通交易日直至交易正常。 如遇证券长期 停牌、 流动性不足等可能导致收盘价或最后成交价不公允的特殊情况， 可参照证券的估值价 格， 对结,0,4,补款的清算交收可按照其复牌后实际交易成本或者基金管理人认为合理的价格办理。在此期 间若该证券发生除息、送股（转增）、配股等重要权益变动，则进行相应调整。 4）赎回替代金额的处理程序 正常情况下， 对于确认成功的T 日赎回申请， 基金管理人根据T 日所卖出的被替代证券 的实际单位卖出金额 （扣除相关费用， 折算为人民币） 和未卖出的被替代证券的T 日收盘价 （折算为人民币， 被替代证券当日在证券交易所无交易的， 取最近交易日的收盘价； 交易日 无收盘价的， 取最后成交价） 计算被替代证券的单位结算金额， 在此基础上根据替代证券数 量确定赎回替代金额。T 日后的第 3 个港股通交易日后的两个工作日内，基金管理人将应支 付的赎回替代金额与相关申购赎回代理券商办理交收， 当交收期间出现港股通交易日为非港 股通交收日时， 款项交收日期顺延。 若发生特殊情况， 基金管理人可以对交收日期进行相应 调整。 如遇港股通临时停市等特殊情况， 组合证券的代理卖出及结算价格可依次顺延至下一港 股通交易日直至交易正常。 如遇证券长期停牌、 流动性不足等可能导致收盘价或最后成交价 不公允的特殊情况， 可参照证券的估值价格， 对结算价格进行调整， 如果基金管理人认为该 证券复牌后的价格可能存在较大波动， 且可能对基金资产净值产生较大影响， 为了更好的维 护持有人利益， 该证券对应的现金替代款,。投资有风险，投资人在进行投资决策前，请仔细阅读本基金的《招募说明书》 《基金合 同》及基金产品资料概要。 5、在目前结算规则下， 投资者当日申购的基金份额， 清算交收完成后方可卖出和赎回， 即 T 日申购的基金份额且日间完成RTGS（实时逐笔全额结算） 交收的，T 日可卖出和赎回， 而 T 日申购的基金份额且日终完成逐笔全额非担保交收的，T+1 日方可卖出和赎回；T 日竞 价买入的基金份额，T 日可以卖出或赎回；T 日大宗买入的基金份额，T 日可以大宗卖出， T+1 日可以竞价卖出或赎回。 投资者投资于本基金前请认真阅读证券交易所和登记结算机构关于 ETF 的相关业务规 则及其不时的更新， 确保具备相关专业知识、 清楚了解相关规则流程后方可参与本基金的申 购、 赎回及交易。 投资者一旦申购或赎回本基金， 即表示对基金申购和赎回所涉及的登记方 式以及申购赎回所涉及 现金替代、现金差额等相关的交收方式及业务规则已经认可。 6、基金的过往业绩并不预示其未来表现，基金管理人管理的其他基金的业绩并不构成 对本基金表现的保证。 本基金有关财务数据截止日为 2026 年 3 月 31 日，净值表现截止日为 2026 年 3 月 31 日，主要人员情况截止日为 2026 年 6 月 25 日，除非另有说明，本招募说明书其他所载内 容截止日为 2026 年5 月16
194,513720,SH,SH,2026-01-06,2026-01-06,临时数据/513720/513720_更新招募说明书_20260106.txt,115030,2,基金份额、 现金替代、 现金差额及其他对价的 清算交收适用上海证券交易所、登记机构相关业务规则以及参与各方相关协议及 其不时修订的有关规定。 本基金申购业务采用实时逐笔全额结算（Real Time Gross Settlement ，简称 RTGS）模式；赎回业务涉及的现金替代采用代收代付处理；申购、赎回业务涉 及的现金差额和现金替代退补款采用代收代付处理。 投资者 T 日现金申购后，如交易记录已勾单且申购资金足额的，登记机构 在 T 日日间实时办理基金份额及现金替代的交收；T 日日间未进行勾单确认或日 间资金不足的，登记机构在 T 日日终根据资金是否足额办理基金份额及现金替 代的清算交收； 在T+1 日内办理现金差额的清算， 并将结果发送给基金管理人、 申购赎回代理券商和基金托管人。基金管理人与申购赎回代理券商在 T+2 日内 办理现金差额的交收。 投资者 T 日赎回申请受理后，登记机构在 T 日收市后为投资者办理基金份 额的清算交收，在 T+1 日内办理现金差额的清算，并将结果发送给申购赎回代 理券商、基金管理人和基金托管人。基金管理人与申购赎回代理券商在 T+2 日 内办理现金差额的交收。 赎回现金替代款将自有效赎回申请之日起7 个开放日内 划往基金份额持有人账户。 如遇国家外汇管理局相关规定有变更或本基金境,4,1,2）本基金在任何交易日日终，持有的卖出股指期货合约价值不得超过基金 持有的股票总市值的 20%； 3）本基金所持有的股票市值和买入、卖出股指期货合约价值，合计（轧差 计算）应当符合基金合同关于股票投资比例的有关约定； 4）本基金在任何交易日内交易（不包括平仓）的股指期货合约的成交金额 不得超过上一交易日基金资产净值的 20%； （9）本基金若参与国债期货交易，应遵守以下投资限制： 1）本基金在任何交易日日终，持有的买入国债期货合约价值，不得超过基 金资产净值的 15%； 2）本基金在任何交易日日终，持有的卖出国债期货合约价值不得超过基金 持有的债券总市值的 30%； 3）本基金在任何交易日内交易（不包括平仓）的国债期货合约的成交金额 不得超过上一交易日基金资产净值的 30%； 4） 本基金所持有的债券 （不含到期日在一年以内的政府债券） 市值和买入、 卖出国债期货合约价值， 合计 （轧差计算） 应当符合基金合同关于债券投资比例 的有关约定； （10）本基金若参与股票期权交易，应遵守以下投资限制： 1）本基金因未平仓的期权合约支付和收取的权利金总额不得超过基金资产 净值的 10%； 2）开仓卖出认购期权的，应持有足额标的证券；开仓卖出认沽期权的，应 持有合约行权所需的全额现金或交易所规则认可的可冲抵 期权保证金的现金等 价物； 3）未平仓的期权合约,2,0,人将向投资人收取欠缺的差额。 基金管理人可 以根据市场情况和实际需要确定和调整 申购现金替代溢价比 例，具体的申购现金替代溢价比例以申购赎回清单公告为准。 3）申购替代金额的处理程序 T 日， 基金管理人在申购赎回清单中公布现金替代溢价比例， 并据此收取申 购替代金额。 对于确认成功的 T 日申购申请，基金管理人在 T 日内购入组合证券中被替 代证券。基金管理人有权在 T 日内任意时刻，以收到的申购替代金额代投资者 购入组合证券中被替代证券的任意数量。基金管理人有权根据基金投资的需要自 主决定不买入部分被替代证券，或者不进行任何买入证券的操作。T 日日终，基 金管理人根据 T 日所购入被替代证券实际单位购入成本（包括买入价格与相关 费用，折算为人民币）和未购入的被替代证券的 T 日收盘价（折算为人民币， 折算汇率采用当天的港股通买入结算汇兑比率和卖出结算汇兑比率的算术平均 值； 被替代组合证券当日无交易的， 取最近交易日的收盘价； 交易日无收盘价的， 取最后成交价） 计算被替代证券的单位结算成本， 在此基础上根据替代证券数量 和申购现金替代金额确定基金应退还投资人或投资人应补交的款项。若发生特殊 情况， 包括如遇港股通结算异常等， 基金管理人可以对折算汇率和结算成本进行 相应调整。 T 日后的 3 个港股通交易日内，基金管理人将应退款或补款与相关申购赎回 代理券商,2,0,关申购赎回 代理券商办理交收， 当交收期间出现港股通交易日为非港股通交收日时， 款项交 收日期顺延。若发生特殊情况，基金管理人可以对交收日期进行相应调整。 4）赎回替代金额的处理程序 对于确认成功的 T 日赎回申请，基金管理人在 T 日内卖出组合证券中被替 代证券。基金管理人有权在 T 日内任意时刻代投资者卖出组合证券中被替代证 券的任意数量。基金管理人有权自主决定不卖出部分被替代证券， 或者不进行任 何卖出证券的操作。T 日日终， 基金管理人根据T 日所卖出的被替代证券的实际 国泰中证港股通互联网交易型开放式指数证券投资基金更新招募说明书（2026 年第一号） 45 单位卖出金额（扣除相关费用，折算为人民币）和未卖出的被替代证券的 T 日 收盘价 （折算为人民币， 折算汇率采用当天的港股通买入结算汇兑比率和卖出结 算汇兑比率的算术平均值；被替代证券当日无交易的，取最近交易日的收盘价； 交易日无收盘价的， 取最后成交价） 计算被替代证券的单位结算金额， 在此基础 上根据替代证券数量确定赎回替代金额。若发生特殊情况， 包括如遇港股通结算 异常等，基金管理人可以对折算汇率和结算金额进行相应调整。 T 日后的第 3 个港股通交易日后的 1 个工作日内， 基金管理人将应支付的赎 回替代金额与相关申购赎回代理券商办理交收， 当交收期间出现港股通交易日为 非港股通交收日时，,"3、认购申请：投资人在认购本基金时，需按发售代理机构的规定，备足认 购资金， 办理认购手续。 网上现金认购申请提交后，投资人可以在当日交易时间 内撤销。 4、清算交收：通过发售代理机构提交的网上现金认购申请，由该发售代理 机构冻结相应的认购资金，登记机构进行清算交收， 并将有效认购数据发送发售 协调人， 发售协调人于网上现金认购结束后按规定将实际到位的认购资金划往预 先开设的基金募集专户。 5、认购金额的计算 通过发售代理机构进行网上现金认购的投资人， 认购以基金份额申请， 认购 佣金和认购金额的计算如下： 认购佣金＝认购价格×认购份额×佣金比率 （或若适用固定费用的，认购佣金=固定费用） 认购金额＝认购价格×认购份额×（1＋佣金比率） 国泰中证港股通互联网交易型开放式指数证券投资基金更新招募说明书（2026 年第一号） 31 （或若适用固定费用的，认购金额＝认购价格×认购份额+固定费用） 认购佣金由发售代理机构向投资人收取， 投资人需以现金方式支付认购佣金。 例：某投资人到某发售代理机构认购 1,000 份本基金，假设该发售代理机构 确认的佣金比率为 0.80%， 则投资人需支付的认购佣金和需准备的认购金额计算 如下： 认购佣金＝1.00×1,000×0.80%＝8.00 元 认购金额＝1.00×1,000×（1＋0.80%）＝1,008.00"
195,513580,SH,SH,2026-02-27,2026-02-27,临时数据/513580/513580_更新招募说明书_20260227.txt,113800,2,与登记 本基金基金份额申购、赎回过程中涉及的基金份额、现金替代、现金差额 及其他对价的清算交收适用相关业务规则和参与各方相关协议的有关规定。 本基金申购业务采用实时逐笔全额结算（ Real Time Gross Settlement， 简称 RTGS）模式；赎回业务涉及的现金替代采用代收代付处理；申购、赎回业 务涉及的现金差额和现金替代退补款采用代收代付处理。 1）申购的清算交收 投资者 T 日申购后，如交易记录已勾单且申购资金足额的，登记机构在 T 日日间实时办理基金份额及现金替代的交收； T 日日间未进行勾单确认或日间 资金不足的，登记机构在 T 日日终根据资金是否足额办理基金份额及现金替代 的清算交收，并将结果发送给基金管理人、申购赎回代理券商和基金托管人。 基金管理人在 T+1 日办理现金差额的清算，并将结果发送给申购赎回代理券商、 基金管理人和基金托管人。基金管理人与申购赎回代理券商在 T+2 日办理现金 差额的交收。 2）赎回的清算交收 投资者 T 日赎回成功后，登记机构在 T 日收市后为投资者办理基金份额的 交收，在 T+1 日办理现金差额的清算，并将结果发送给申购赎回代理券商、基 金管理人和基金托管人。基金管理人与申购赎回代理券商在 T+2 日办理现金差 额的交收。 第 53 页 共 156 页 赎,9,3,卖出部分 被替代证券，或者不进行任何买入或卖出证券的操作，基金管理人可能不买入 或不卖出被替代证券的情形包括但不限于市场流动性不足、技术系统无法实现、 申购赎回轧差以及基金管理人认为不应买入或卖出的其他情形。 按照目前的证券代理买卖规则，正常情况下，对于 T 日确认成功的申购或 赎回申请，基金管理人正常情况下将在 T+1 日内代理进行相关证券买卖，投资 者需承受可能 T+1 日内无法完成所有证券买卖、未完成买卖部分及因轧差处理 而未买卖部分按收盘价结算、结算成本或结算金额不确定（含汇率波动、未完 成买卖部分及因轧差处理而未买卖部分的折算汇率与已完成买卖部分实际结算 汇率发生偏离）等风险。 本招募说明书中涉及与基金托管人相关的基金信息已经与基金托管人复 核。。本次招募说明书更新相关信息更新截止日为 2026 年 2 月 26 日，有关财 务数据截止日为2025 年 12 月 31 日，净值表现截止日为 2025 年 6 月 30 日。 第 5 页 共 156 页 目 录 一、绪言 .............................................................................................................. 7 二、释义 ..................,0,1,投资比例会根据指数调整等发生调 整。具体风险烦请查阅本基金招募说明书的“基金的风险揭示”章节的具体内 容。 基金管理人可在招募说明书规定的时间内以收到的替代金额代投资者买入 或卖出小于等于被替代证券数量的任意数量的被替代证券，实际买入被替代证 第 4 页 共 156 页 券的价格可能处于规定时间内较高的位置或处于最高价格，实际卖出被替代证 券的价格可能处于规定时间内较低的位置或处于最低价格，基金管理人对此不 承担责任。基金管理人有权根据基金投资的需要自主决定不买入或不卖出部分 被替代证券，或者不进行任何买入或卖出证券的操作，基金管理人可能不买入 或不卖出被替代证券的情形包括但不限于市场流动性不足、技术系统无法实现、 申购赎回轧差以及基金管理人认为不应买入或卖出的其他情形。 按照目前的证券代理买卖规则，正常情况下，对于 T 日确认成功的申购或 赎回申请，基金管理人正常情况下将在 T+1 日内代理进行相关证券买卖，投资 者需承受可能 T+1 日内无法完成所有证券买卖、未完成买卖部分及因轧差处理 而未买卖部分按收盘价结算、结算成本或结算金额不确定（含汇率波动、未完 成买卖部分及因轧差处理而未买卖部分的折算汇率与已完成买卖部分实际结算 汇率发生偏离）等风险。 本招募说明书中涉及与基金托管人相关的基金信息已经与基金托管人复 核。。本次招募说明书更新相关信息更新截止,0,1,投资比例会根据指数调整等发生调 整。具体风险烦请查阅本基金招募说明书的“基金的风险揭示”章节的具体内 容。 基金管理人可在招募说明书规定的时间内以收到的替代金额代投资者买入 或卖出小于等于被替代证券数量的任意数量的被替代证券，实际买入被替代证 第 4 页 共 156 页 券的价格可能处于规定时间内较高的位置或处于最高价格，实际卖出被替代证 券的价格可能处于规定时间内较低的位置或处于最低价格，基金管理人对此不 承担责任。基金管理人有权根据基金投资的需要自主决定不买入或不卖出部分 被替代证券，或者不进行任何买入或卖出证券的操作，基金管理人可能不买入 或不卖出被替代证券的情形包括但不限于市场流动性不足、技术系统无法实现、 申购赎回轧差以及基金管理人认为不应买入或卖出的其他情形。 按照目前的证券代理买卖规则，正常情况下，对于 T 日确认成功的申购或 赎回申请，基金管理人正常情况下将在 T+1 日内代理进行相关证券买卖，投资 者需承受可能 T+1 日内无法完成所有证券买卖、未完成买卖部分及因轧差处理 而未买卖部分按收盘价结算、结算成本或结算金额不确定（含汇率波动、未完 成买卖部分及因轧差处理而未买卖部分的折算汇率与已完成买卖部分实际结算 汇率发生偏离）等风险。 本招募说明书中涉及与基金托管人相关的基金信息已经与基金托管人复 核。。本次招募说明书更新相关信息更新截止日为 2,在 T 日内对该交易的 有效性进行确认。投资人应及时查询有关申请的确认情况，否则如因申请未得 到登记机构的确认而造成的损失，由投资人自行承担。 3、申购和赎回的清算交收与登记 本基金基金份额申购、赎回过程中涉及的基金份额、现金替代、现金差额 及其他对价的清算交收适用相关业务规则和参与各方相关协议的有关规定。 本基金申购业务采用实时逐笔全额结算（ Real Time Gross Settlement， 简称 RTGS）模式；赎回业务涉及的现金替代采用代收代付处理；申购、赎回业 务涉及的现金差额和现金替代退补款采用代收代付处理。 1）申购的清算交收 投资者 T 日申购后，如交易记录已勾单且申购资金足额的，登记机构在 T 日日间实时办理基金份额及现金替代的交收； T 日日间未进行勾单确认或日间 资金不足的，登记机构在 T 日日终根据资金是否足额办理基金份额及现金替代 的清算交收，并将结果发送给基金管理人、申购赎回代理券商和基金托管人。 基金管理人在 T+1 日办理现金差额的清算，并将结果发送给申购赎回代理券商、 基金管理人和基金托管人。基金管理人与申购赎回代理券商在 T+2 日办理现金 差额的交收。 2）赎回的清算交收 投资者 T 日赎回成功后，登记机构在 T 日收市后为投资者办理基金份额的 交收，在 T+1 日办理现金差额的清算，并将结果发送给申购赎回代理券商
196,159196,SZ,SZ,,2026-03-09,临时数据/159196/159196_招募说明书_20260309.txt,103803,6,结算风险、基金投资非公开信息泄露的风险等。 7、在目前结算规则下，投资者当日申购的基金份额，清算交收完成后方可卖出和赎 回，即 T 日申购的基金份额且日间完成 RTGS（实时逐笔全额结算）交收的，T 日可卖出和 赎回，而 T 日申购的基金份额且日终完成逐笔全额非担保交收的，T+1 日方可卖出和赎回； T 日竞价买入的基金份额，T 日可以卖出或赎回；T 日大宗买入的基金份额，T 日可以大宗 卖出，T+1 日可以竞价卖出或赎回。 投资者投资于本基金前请认真阅读证券交易所和登记结算机构关于 ETF 的相关业务规 则及其不时的更新，确保具备相关专业知识、清楚了解相关规则流程后方可参与本基金的 认购、申购、赎回及交易。投资者一旦认购、申购或赎回本基金，即表示对基金认购、申 购和赎回所涉及的登记方式以及申购赎回所涉及现金替代、现金差额等相关的交收方式及 业务规则已经认可。 8、基金管理人提醒投资者基金投资的“买者自负”原则，在投资者作出投资决策后， 基金运营状况与基金净值变化引致的投资风险，由投资者自行负责。此外，本基金以 1 元 初始面值进行募集，在市场波动等因素的影响下，存在单位份额净值跌破 1 元初始面值的 风险。 9、基金不同于银行储蓄，基金投资人投资于基金有可能获得较高的收益，也有可能 损失本金。投资有风险，投资,6,4,调整后 T 日开盘参考价并按照 T-1 日估值汇率换算或基金管理人认为合理的其他方法。 （4）在系统支持的情况下，对于 T 日的申购赎回申请，基金管理人有权进行轧差处理， 针对净申购，购入净申购份额对应的组合证券中被替代的成份证券，针对净赎回，卖出净 赎回份额对应的组合证券中被替代的成份证券，基金管理人有权购入或者卖出不等于轧差 处理后的上述被替代的成份证券的任意数量。 （5）基金管理人可根据运作情况调整代理申赎投资者买券卖券的相关规则并按规定公 39 告。 （6）未来如港股通的交易、结算规则发生改变，或深圳证券交易所、登记结算机构有 关申购赎回交易结算规则发生改变，或基金管理人与基金托管人之间的结算相关安排发生 改变等，基金管理人可对上述相关现金替代处理规则进行调整，并按规定公告。 5、预估现金差额相关内容 预估现金差额是指为便于计算基金份额参考净值及申购赎回代理券商预先冻结申请申 购、赎回的投资者的相应资金，由基金管理人计算的现金数额。 T 日申购赎回清单中公告 T 日预估现金差额。其计算公式为： T 日预估现金差额＝T-1 日最小申购、赎回单位的基金资产净值－（申购赎回清单中必 须现金替代成份证券的替代金额+申购赎回清单中可以现金替代成份证券的数量、调整后 T 日开盘参考价以及 T-1 日估值汇率的乘积之和） 其中，该证券调整后 T 日开盘,2,0,管理人将向投资者收取欠缺的差额。 基金管理人可以根据市场情况和实际需要确定和调整申购现金替代保证金率，具体的 申购现金替代保证金率以申购赎回清单公告为准。 3）申购替代金额的处理程序 T 日，基金管理人在申购赎回清单中公布申购现金替代保证金率，并据此收取申购替 代金额。 基金管理人在 T 日内购入组合证券中被替代的成份证券。基金管理人有权在 T 日内任 意时刻，以收到的申购替代金额代投资者购入组合证券中被替代的成份证券的任意数量。 正常情况下，对于确认成功的 T 日申购申请，基金管理人根据 T 日所购入的被替代证券的 实际单位购入成本（包括买入价格与相关费用，折算为人民币）和未买入的被替代证券 T 日收盘价（折算为人民币，被替代证券当日在证券交易所无交易的，取最近交易日的收盘 价；交易日无收盘价的，取最后成交价）计算被替代证券的单位结算成本，在此基础上根 据替代证券数量和申购替代金额确定基金应退还投资者或投资者应补交的款项。T 日后的 三个港股通交易日内，基金管理人将成份证券的应退款或补款与相关申购赎回代理券商办 理交收，当交收期间出现港股通交易日为非港股通交收日时，款项交收日期顺延。若发生 特殊情况，基金管理人可以对交收日期进行相应调整。 如遇港股通临时停市、港股通交易当日额度使用完毕而暂停或停止接受买入申报等特 殊情况，基金管理人可考虑根据实际情况将成份证券的,2,4,补款的清算交收可按照其复牌后实际 交易成本或者基金管理人认为合理的价格办理。在此期间若该证券发生除息、送股（转 增）、配股等重要权益变动，则进行相应调整。 4）赎回替代金额的处理程序 38 基金管理人在 T 日内卖出组合证券中被替代的成份证券。基金管理人有权在 T 日内任 意时刻代投资者卖出组合证券中被替代的成份证券的任意数量。正常情况下，对于确认成 功的 T 日赎回申请，基金管理人根据 T 日所卖出的被替代成份证券的实际单位卖出金额 （扣除相关费用，折算为人民币）和未卖出的被替代成份证券的 T 日收盘价（折算为人民 币，被替代证券当日在证券交易所无交易的，取最近交易日的收盘价；交易日无收盘价的， 取最后成交价）计算被替代成份证券的单位结算金额，在此基础上根据替代成份证券数量 确定赎回替代金额。T 日后的第 3 个港股通交易日后的 1 个工作日内，基金管理人将应支 付的成份证券赎回替代金额与相关申购赎回代理券商办理交收，当交收期间出现港股通交 易日为非港股通交收日时，款项交收日期顺延。若发生特殊情况，基金管理人可以对交收 日期进行相应调整。 如遇港股通临时停市等特殊情况，组合证券的代理卖出及结算价格可依次顺延至下一 港股通交易日直至交易正常。如遇证券长期停牌、流动性不足等可能导致收盘价或最后成 交价不公允的特殊情况，可参照证券的估值价格，对结算价格进行调整，如果基,交易指令传输和资金使用效率降低的风险、无法完成当日估值的 风险、交易结算风险、基金投资非公开信息泄露的风险等。 7、在目前结算规则下，投资者当日申购的基金份额，清算交收完成后方可卖出和赎 回，即 T 日申购的基金份额且日间完成 RTGS（实时逐笔全额结算）交收的，T 日可卖出和 赎回，而 T 日申购的基金份额且日终完成逐笔全额非担保交收的，T+1 日方可卖出和赎回； T 日竞价买入的基金份额，T 日可以卖出或赎回；T 日大宗买入的基金份额，T 日可以大宗 卖出，T+1 日可以竞价卖出或赎回。 投资者投资于本基金前请认真阅读证券交易所和登记结算机构关于 ETF 的相关业务规 则及其不时的更新，确保具备相关专业知识、清楚了解相关规则流程后方可参与本基金的 认购、申购、赎回及交易。投资者一旦认购、申购或赎回本基金，即表示对基金认购、申 购和赎回所涉及的登记方式以及申购赎回所涉及现金替代、现金差额等相关的交收方式及 业务规则已经认可。 8、基金管理人提醒投资者基金投资的“买者自负”原则，在投资者作出投资决策后， 基金运营状况与基金净值变化引致的投资风险，由投资者自行负责。此外，本基金以 1 元 初始面值进行募集，在市场波动等因素的影响下，存在单位份额净值跌破 1 元初始面值的 风险。 9、基金不同于银行储蓄，基金投资人投资于基金有可能获得较高的收益，也有可能
197,159688,SZ,SZ,2025-09-19,2025-09-19,临时数据/159688/159688_更新招募说明书_20250919.txt,124357,0,,2,1,保证金后，应当 保持不低于交易保证金一倍的现金，其中现金不包括结算备付金、存出保证金 和应收申购款等；本基金所持有的股票市值和买入、卖出股指期货合约价值合 计（轧差计算）应当符合基金合同关于股票投资比例的有关约定； 第 72 页 共 174 页 9）基金总资产不超过基金净资产的 140%； 10）本基金参与融资将遵守下列要求：本基金参与融资的，每个交易日日 终，本基金持有的融资买入股票与其他有价证券市值之和，不得超过基金资产 净值的 95%； 11）本基金参与转融通证券出借业务将遵守下列要求：出借证券资产不得 超过基金资产净值的 30%，出借期限在 10 个交易日以上的出借证券应纳入《流 动性风险管理规定》所述流动性受限证券的范围；参与转融通证券出借业务的 单只证券不得超过基金持有该证券总量的 30%；最近 6 个月内日均基金资产净 值不得低于 2 亿元；证券出借的平均剩余期限不得超过 30 天，平均剩余期限 按照市值加权平均计算； 12）本基金主动投资于流动性受限资产的市值合计不得超过本基金资产净 值的 15%；因证券市场波动、上市公司股票停牌、基金规模变动等基金管理人 之外的因素致使基金不符合该比例限制的，基金管理人不得主动新增流动性受 限资产的投资； 13）本基金与私募类证券资管产品及中国证监会认定的其他主体为交易对 手开展逆回购交易的，可,0,0,日”、“T+7 日”指 T 日后本基金的第 1 个、第 5 个、第 7 个开放日。 ①适用情形：可以现金替代的证券是指基金管理人认为需要在投资者申购 或赎回时代投资者买入或卖出的证券。 ②替代金额： 替代金额＝替代证券数量×该证券 T 日预估开盘价（港元计价）×（1＋现 金替代溢价比例）×T-1 日估值汇率 基金管理人可以调整替代金额计算方法，并予以公告。 收取现金替代溢价的原因是，对于使用现金替代的证券，基金管理人需为 投资人买入组合证券，结算成本与替代金额可能有所差异。为便于操作，基金 管理人在申购赎回清单中预先确定现金替代溢价比例，并据此收取替代金额。 如果预先收取的金额高于基金买入该部分证券的实际成本，则基金管理人将退 还多收取的差额；如果预先收取的金额低于基金买入该部分证券的实际成本， 则基金管理人将向投资人收取欠缺的差额。 ③替代金额的处理程序如下： 对于确认成功的 T 日申购申请，T＋1 日日终，基金管理人根据所购入的被 替代证券的实际单位购入成本（包括买入价格与相关费用，折算为人民币）和 未买入的被替代证券的 T+1 日收盘价（折算为人民币，T+1 日在证券交易所无 交易的，取最近交易日的收盘价）计算被替代证券的单位结算成本，在此基础 上根据替代证券数量和申购现金替代金额确定基金应退还投资者或投资者应补 第 59 页 共 174 页 交,0,1,日”、“T+7 日”指 T 日后本基金的第 1 个、第 5 个、第 7 个开放日。 ①适用情形：可以现金替代的证券是指基金管理人认为需要在投资者申购 或赎回时代投资者买入或卖出的证券。 ②替代金额： 替代金额＝替代证券数量×该证券 T 日预估开盘价（港元计价）×（1＋现 金替代溢价比例）×T-1 日估值汇率 基金管理人可以调整替代金额计算方法，并予以公告。 收取现金替代溢价的原因是，对于使用现金替代的证券，基金管理人需为 投资人买入组合证券，结算成本与替代金额可能有所差异。为便于操作，基金 管理人在申购赎回清单中预先确定现金替代溢价比例，并据此收取替代金额。 如果预先收取的金额高于基金买入该部分证券的实际成本，则基金管理人将退 还多收取的差额；如果预先收取的金额低于基金买入该部分证券的实际成本， 则基金管理人将向投资人收取欠缺的差额。 ③替代金额的处理程序如下： 对于确认成功的 T 日申购申请，T＋1 日日终，基金管理人根据所购入的被 替代证券的实际单位购入成本（包括买入价格与相关费用，折算为人民币）和 未买入的被替代证券的 T+1 日收盘价（折算为人民币，T+1 日在证券交易所无 交易的，取最近交易日的收盘价）计算被替代证券的单位结算成本，在此基础 上根据替代证券数量和申购现金替代金额确定基金应退还投资者或投资者应补 第 59 页 共 174 页 交的款项,易的 有效性进行确认。投资人应及时查询有关申请的确认情况，否则如因申请未得 到登记机构的确认而造成的损失，由投资人自行承担。 若深圳证券交易所和登记机构推出新的清算交收与登记模式并引入新的申 购、赎回方式，本基金管理人将根据新的业务规则新增或调整申购和赎回申请 的确认方式，无须召开基金份额持有人大会审议。 3、申购和赎回的清算交收与登记 本基金申购和赎回过程中涉及的申购赎回对价和基金份额的交收适用业务 规则的规定。本基金现金申购业务中的现金替代采用逐笔全额结算处理；现金 赎回业务中的现金替代采用代收代付处理；现金申购、赎回业务涉及的现金差 额和现金替代退补款采用代收代付处理。 投资者 T 日申购成功后，正常情况下，登记机构在 T 日为投资者办理基金 份额与现金替代等的交收，在 T+1 日内办理现金差额的清算，并将结果发送给 基金管理人、申购赎回代理券商和基金托管人。基金管理人与申购赎回代理券 商在 T+2 日内办理现金差额的交收。 投资者 T 日赎回成功后，正常情况下，登记机构在 T 日收市后为投资者办 理基金份额的交收，在 T+1 日内办理现金差额的清算，并将清算结果发送给基 金管理人、申购赎回代理券商和基金托管人。基金管理人与申购赎回代理券商 在 T+2 日内办理现金差额的交收。 赎回替代款的清算交收由基金管理人和申购赎回代理券商协商处理，正常 情况下
