list_order,code,market,fund_name,latest_updated_prospectus_date,latest_prospectus_any_date,latest_product_summary_date,pcf_asof,pcf_rows,pcf_cash_flag,pcf_has_159900,prospectus_basis,creation_buy_deadline,redemption_sell_deadline,subscription_cash_substitution_mode,subscription_cash_substitution_settlement_time,subscription_fund_units_settlement_time,subscription_fund_units_available_time,cash_difference_announcement_time,cash_difference_clearing_time,cash_difference_settlement_time,subscription_cash_substitution_refund_time,redemption_fund_units_settlement_time,redemption_cash_substitution_mode,redemption_cash_substitution_arrival_time,rtgs_subscription,rtgs_basis,rtgs_note,same_day_netting_manager,same_day_netting_evidence,cash_difference_schedule,creation_cash_sub_schedule,redemption_cash_sub_schedule,overall_status,evidence_url,prospectus_file,prospectus_text_file,open_question
11,159117,SZ,鹏华港股通低波红利ETF,2026-08-06,2026-08-06,2026-08-06,2026-09-09,51,必须,YES,updated,T日内,T日内,日间 RTGS/实时逐笔全额；日间未完成时日终逐笔全额非担保交收,T 日,T 日,T日（基金份额交收完成后；招募书未另行说明可卖出时点）,T+1日,T 日,T+2 日,T+3 日（指港股通交易日）内,T 日,代收代付,T 日后的第 3 个港股通交易日后的 2 个工作日内,PASS,fund_document,《业务规则》和参与各方相关协议的有关规定。 本基金现金申购业务中的现金替代采用实时逐笔全额结算 （ Real Time Gross Settlement，简称 RTGS）模式；赎回业务涉及的现金替代采用代收代付处理；申购、赎回业务涉及的现金差额和现金替代退补款采用代收代付处理。 （1）申购的清算交收投资者 T 日提交的申购申请受理后，如交易记录已勾单且申购资金足额的，登记机构在 T 日日间实时办理基金份额及现金替代的交收；T 日日间未进行勾单确认或日间资金不足的，登记机构在 T 日日终根据资金是否足额办理基金份额及现金替代的清算交收，并将结果发送给基金管理人、申购赎回代理券商和基金托管人。基金管理人与申购赎回代理券商在 T+2 日办理现金差额的交收。 （2）赎回的清算交收投资者,PENDING,risk_or_non_operational,T+?清算；T+2交收,T+3 日（指港股通交易日）内，基金管理人将应退款和补款的明细及汇总数据发送给登记机构，登记机构办理现金替代多退少补资金的清算，并将结果发送给相关申购赎回代理券商和基金托管人,T 日赎回申请，通常情况下 T 日内基金管理人根据赎回规模进行组合证券的代理卖出,PENDING,"https://fund.eastmoney.com/gonggao/159117,AN202608051827681282.html",/Users/ellis/工具程序开发/港股通逐标的分析/临时数据/159117/159117_更新招募说明书_20260806.pdf,/Users/ellis/工具程序开发/港股通逐标的分析/临时数据/159117/159117_更新招募说明书_20260806.txt,向基金管理人/托管运营确认同日申赎是否按证券维度净额下单
12,159125,SZ,招商国证港股通科技ETF,,2025-09-30,,2026-09-09,31,必须,YES,initial_only,T日内,T日内,招募书未直接说明,T 日,T 日,T日（T日日间完成 RTGS）；T+1日（T日日终逐笔全额非担保交收）,T+1日,T+1 日,T 日,T 日后的 3 个港股通交收日内,T 日,招募书未直接说明,自有效赎回申请之日起 7 个工作日内,PASS,fund_document,投资者当日申购的基金份额，清算交收完成招商国证港股通科技交易型开放式指数证券投资基金招募说明书 37 后可卖出和赎回，即 T 日申购的 ETF 份额且日间完成 RTGS（实时逐笔全额结算）交收的，T 日可卖出与赎回，而 T 日申购的 ETF 份额且日终完成逐笔全额非担保交收的，T+1 日方可卖出和赎回；T 日竞价买入的基金份额，T 日可以卖出或赎回；T 日大宗买入的基金份额，T 日可以大宗卖出，T+1 日可以竞价卖出或赎回。 3、申购和赎回申请的清算交收与登记本基金申购和赎回过程中涉及的申购、赎回对价和基金份额的交收适用《业务规则》和参与各方相关协议的有关规定。 投资者 T 日现金申购成功后，正常情况下，登记结算机构在 T 日为投资者办理基金份额及现金替代的交收，在 T+1 日办,PENDING,not_found,T+1清算；T+1交收,T 日后的 3 个港股通交收日内，基金管理人将应退款或补款与相关申购赎回代理机构办理交收，当交收期间出现港股通交易日为非港股通交收日时，款项交收日期顺延,T 日赎回申请，T 日内基金管理人根据所卖出的被替代组合证券的实际单位卖出成本、实际卖出的相关费用、未卖出的被替代组合证券的 T 日收盘价（折算为人民币，折算汇率采用当天的估值汇率,PENDING,"https://fund.eastmoney.com/gonggao/159125,AN202509291752854081.html",/Users/ellis/工具程序开发/港股通逐标的分析/临时数据/159125/159125_招募说明书_20250930.pdf,/Users/ellis/工具程序开发/港股通逐标的分析/临时数据/159125/159125_招募说明书_20250930.txt,东财暂未找到更新招募书，继续监测；向基金管理人/托管运营确认同日申赎是否按证券维度净额下单
13,520770,SH,建信恒指港股通ETF,,2025-12-01,,2026-09-09,87,必须,NO,initial_only,T日内,T日内,日间 RTGS/实时逐笔全额；日间未完成时日终逐笔全额非担保交收,T日日间 RTGS/实时逐笔全额交收；日间未完成时 T日日终交收,T 日,T日（基金份额交收完成后；招募书未另行说明可卖出时点）,T+1日,T+2 日内,T+2 日内,T 日后的两个工作日内,T 日,代收代付,自有效赎回申请之日起 7 个开放日内,PASS,fund_document,则并适用于本基金的，则按照新的规则执行。 本基金现金申购业务中的现金替代采用实时逐笔全额结算（ Real Time Gross Settlement，以下简称 RTGS）模式；赎回业务中的现金替代采用代收代付处理；申购、赎回业务涉及的现金差额和现金替代退补款采用代收代付处理。 1）申购的清算交收投资者 T 日提交的申购申请受理后，日间完成 RTGS 交收部分，登记机构在 T 日日间实时办理基金份额登记及现金替代的交收；T 日日间未完成 RTGS 交收部分， 登记机构在 T 日日终为该投资者办理基金份额登记及现金替代的清算交收， 并将结果发送给基金管理人、申购赎回代理券商和基金托管人。基金管理人在 T+2 日内办理现金差额的清算交收。 2）赎回的清算交收投资者 T 日提交的现金赎回,PENDING,not_found,T+2清算；T+2交收,T 日后的两个工作日内，基金管理人将应退款或补款与相关申购赎回代理机构办理交收,T 日赎回申请，T 日内基金管理人根据所卖出的被替代组合证券的实际单位卖出成本、实际卖出的相关费用、未卖出的被替代组合证券的 T 日收盘价（折算为人民币，折算汇率采用当天的估值汇率，基金管理人可根据情况调整所使用的的折算汇率，并及时公告,PENDING,"https://fund.eastmoney.com/gonggao/520770,AN202512011791679107.html",/Users/ellis/工具程序开发/港股通逐标的分析/临时数据/520770/520770_招募说明书_20251201.pdf,/Users/ellis/工具程序开发/港股通逐标的分析/临时数据/520770/520770_招募说明书_20251201.txt,东财暂未找到更新招募书，继续监测；向基金管理人/托管运营确认同日申赎是否按证券维度净额下单
14,159118,SZ,华夏标普港股通低波红利ETF,2026-08-18,2026-08-18,2026-08-18,2026-09-09,51,必须,YES,updated,T日内,T日内,招募书未直接说明,T 日,T 日,T日（基金份额交收完成后；招募书未另行说明可卖出时点）,T+1日,T+1日,T+2 日内,T 日后的第 2 个港股通交易日后的 2 个工作日内,T 日,代收代付,T 日后的第 3 个港股通交易日后的 2 个工作日内,PASS,fund_document,司及相关证券交易所最新的规则和参与各方相关协议的有关规定。 本基金申购业务采用实时逐笔全额结算（Real Time Gross Settlement，以下简称 RTGS） 模式；赎回业务涉及的现金替代可采用代收代付处理；申购、赎回业务涉及的现金差额和现金替代退补款可采用代收代付处理。 （1）申购的清算交收投资者 T 日现金申购后，如交易记录已勾单且申购资金足额的，登记机构在 T 日日间实时办理基金份额及现金替代的交收；T 日日间未进行勾单确认或日间资金不足的，登记机构在 T 日日终根据资金是否足额办理基金份额及现金替代的清算交收，并将结果发送给基金管理人、申购赎回代理机构和基金托管人。基金管理人在 T+2 日内办理现金差额的交收。 （2）赎回的清算交收投资者 T 日赎回申请受理后,PENDING,risk_or_non_operational,T+?清算；T+2交收,T 日在证券交易所无交易的，取最近交易日的收盘价,T 日赎回申请，T 日内，基金管理人有权根据赎回规模进行组合证券的代理卖出,PENDING,"https://fund.eastmoney.com/gonggao/159118,AN202608171828060212.html",/Users/ellis/工具程序开发/港股通逐标的分析/临时数据/159118/159118_更新招募说明书_20260818.pdf,/Users/ellis/工具程序开发/港股通逐标的分析/临时数据/159118/159118_更新招募说明书_20260818.txt,向基金管理人/托管运营确认同日申赎是否按证券维度净额下单
15,159850,SZ,华夏恒生中国企业ETF(QDII),2026-07-20,2026-07-20,2026-05-29,2026-09-09,51,必须,YES,updated,T+1,T+1,招募书未直接说明,T 日,T 日,T日（基金份额交收完成后；招募书未另行说明可卖出时点）,T+1日,T+2 日,T+3 日,T+3 日（指深圳证券交易所和香港交易所的共同交易日）内,T 日,招募书未直接说明,T+7 日（指开放日）内,PASS,applicable_SZ_cross_border_rule,招募书未直接出现 RTGS；按适用的交易所/中国结算跨境 ETF 规则，日间 RTGS 交收，按项目口径 PASS,PENDING,risk_or_non_operational,T+3清算；T+3交收,T+1 日（指深圳证券交易所和香港交易所的共同交易日）日终，基金管理人已买入的证券，依据替代金额与被替代证券的实际买入成本（包括买入价格与相关交易费用）的差额，确定基金应退还投资者或投资者应补交的款项,见招募书处理程序,PENDING,"https://fund.eastmoney.com/gonggao/159850,AN202607191827110605.html",/Users/ellis/工具程序开发/港股通逐标的分析/临时数据/159850/159850_更新招募说明书_20260720.pdf,/Users/ellis/工具程序开发/港股通逐标的分析/临时数据/159850/159850_更新招募说明书_20260720.txt,向基金管理人/托管运营确认同日申赎是否按证券维度净额下单；招募书未直接写 RTGS，保留适用规则来源
16,526030,SH,汇添富中证港股通信息技术综合ETF,,2026-05-25,,2026-09-09,67,必须,NO,initial_only,T日内,T日内,招募书未直接说明,T日,T日,T日（基金份额交收完成后；招募书未另行说明可卖出时点）,T+1日,T+1日内,T+2日内,T日（指港股通交易日）后的第3个港股通交收日后的2个工作日内,T日,代收代付,T日（指港股通交易日）后的第3个港股通交收日后的2个工作日内,PASS,fund_document,与产品风险之间的匹配检验。 根据本基金现行适用的清算交收和申赎处理规则， 投资者当日申购的基金份额，清算交收完成后方可卖出和赎回，即T日申购的基金份额且日间完成实时逐笔全额结算（Real Time Gross Settlement）交收的，T日可卖出和赎回，而T 日申购的基金份额且日终完成逐笔全额非担保交收的，T+1日方可卖出和赎回。 投资者投资于本基金前请认真阅读证券交易所和登记机构关于ETF的相关业务规则及其不时的更新，确保具备相关专业知识、清楚了解相关规则流程后方可参与本基金的申购、赎回及交易。投资者一旦认购、申购或赎回本基金，即表示对基金认购、 申购和赎回所涉及的基金份额的证券变更登记方式以及申购赎回所涉及现金替代、现金差额等相关的交收方式已经认可。 投资有风险，投资者在进行,PASS,fund_specific_explicit,T+2清算；T+2交收,T日（指港股通交易日） 在证券交易所无交易的，取最近交易日的收盘价,T日（指港股通交易日）内，基金管理人根据赎回申请代投资者卖出被替代证券,PENDING,"https://fund.eastmoney.com/gonggao/526030,AN202605251822845498.html",/Users/ellis/工具程序开发/港股通逐标的分析/临时数据/526030/526030_招募说明书_20260525.pdf,/Users/ellis/工具程序开发/港股通逐标的分析/临时数据/526030/526030_招募说明书_20260525.txt,东财暂未找到更新招募书，继续监测
17,513660,SH,华夏沪港通恒生ETF,2026-05-29,2026-05-29,2026-05-29,2026-09-09,91,必须,NO,updated,T日内,T日内,招募书未直接说明,T 日,T 日,T日（基金份额交收完成后；招募书未另行说明可卖出时点）,T+1日,T 日,T+2 日内,T 日后的第 2 个工作日内,T 日,代收代付,自有效赎回申请之日起 7 个开放日内,PASS,fund_document,适用相关业务规则和参与各方相关协议及其不时修订的有关规定。 本基金申购业务采用实时逐笔全额结算（Real Time Gross Settlement，以下简称 RTGS） 模式； 赎回业务涉及的现金替代可采用代收代付处理； 申购、 赎回业务涉及的现金差额和现金替代退补款可采用代收代付处理。 1）申购的清算交收投资者 T 日现金申购后，如交易记录已勾单且申购资金足额的，登记结算机构在 T 日日间实时办理基金份额及现金替代的交收；T 日日间未进行勾单确认或日间资金不足的， 登记结算机构在 T 日日终根据资金是否足额办理基金份额及现金替代的清算交收，并将结果发送给基金管理人、申购赎回代理券商和基金托管人。基金管理人在 T+2 日内办理现金差额的交收。 2）赎回的清算交收投资者 T 日赎,PENDING,risk_or_non_operational,T+1清算；T+2交收,T 日后的第 2 个工作日内， 基金管理人将应退款或补款与相关申购赎回代理机构办理交收,T 日赎回申请，T 日内， 基金管理人根据赎回规模进行组合证券的代理卖出， 通常情况下代理卖出在T 日接近收盘时点完成,PENDING,"https://fund.eastmoney.com/gonggao/513660,AN202605281822956533.html",/Users/ellis/工具程序开发/港股通逐标的分析/临时数据/513660/513660_更新招募说明书_20260529.pdf,/Users/ellis/工具程序开发/港股通逐标的分析/临时数据/513660/513660_更新招募说明书_20260529.txt,向基金管理人/托管运营确认同日申赎是否按证券维度净额下单
18,520990,SH,景顺长城中证国新港股通央企红利ETF,2026-07-29,2026-07-29,2026-07-29,2026-09-09,49,必须,NO,updated,T日内,T日内,招募书未直接说明,T日日间 RTGS/实时逐笔全额交收；日间未完成时 T日日终交收,待人工复核,T日（T日日间完成 RTGS）；T+1日（T日日终逐笔全额非担保交收）,待人工复核,待人工复核,待人工复核,T 日后的三个港股通交易日内,待人工复核,招募书未直接说明,待人工复核,PASS,fund_document,证券交易所上市。根据本基金现行适用的清算交收和申赎处理规则，投资者当日申购的基金份额，清算交收完成后方可卖出和赎回， 即 T 日申购的 ETF 份额且日间完成 RTGS（实时逐笔全额结算）交收，T 日可卖出与赎回，而 T 日申购的 ETF 份额且日终完成逐笔全额非担保交收的，T+1 日方可卖出和赎回；T 日买入的基金份额，T 日可以赎回或卖出。由于登记机构对现金替代采取非净额结算交收模式，当投资者赎回申请被登记机构确认后，被赎回的基金份额即被记减，但此时投资者尚未收到赎回现金替代款。投资者投资本基金时需具有证券账户，证券账户是指上海证券交易所 A 股账户或上海证券交易所证券投资基金账户。 （九）投资人在投资本基金前，请认真阅读本招募说明书，全面认识本基金产品的风险收益特征和产品特,PENDING,risk_or_non_operational,待人工复核,T 日后的三个港股通交易日内，基金管理人将应退款或补款与相关申购赎回代理券商办理交收，当交收期间出现港股通交易日为非港股通交收日时， 款项交收日期顺延,T 日赎回申请，基金管理人有权在 T 日内任意时刻代投资者卖出小于等于被替代证券数量的任意数量的被替代证券,PENDING,"https://fund.eastmoney.com/gonggao/520990,AN202607281827424502.html",/Users/ellis/工具程序开发/港股通逐标的分析/临时数据/520990/520990_更新招募说明书_20260729.pdf,/Users/ellis/工具程序开发/港股通逐标的分析/临时数据/520990/520990_更新招募说明书_20260729.txt,向基金管理人/托管运营确认同日申赎是否按证券维度净额下单
19,159333,SZ,万家中证港股通央企红利ETF,2025-12-19,2025-12-19,2026-01-22,2026-09-09,51,必须,YES,updated,T日内,T日内,日间 RTGS/实时逐笔全额；日间未完成时日终逐笔全额非担保交收,T日,T日,T日（T日日间完成 RTGS）；T+1日（T日日终逐笔全额非担保交收）,T+1日,T+1日内,T+2日内,T日后的5个工作日内,T日,代收代付,自有效赎回申请之日起7 个工作日内,PASS,fund_document,募说明书的“风险揭示”部分。 根据本基金现行适用的清算交收和申赎处理规则，投资者当日申购的基金份额，清算交收完成后方可卖出和赎回，即T日申购的基金份额且日间完成RTGS（实时逐笔全额结算）交收，T日可卖出和赎回，而T日申购的基金份额且日终完成逐笔全额非担保交收，T+1日方可卖出和赎回；T日竞价买入的基金份额，T日可以赎回和卖出；T日大宗买入的基金份额，T日可以大宗卖出，T+1日可以竞价卖出或赎回。 投资者投资于本基金前请认真阅读证券交易所及登记机构的相关业务规则及其不时的更新，确保具备相关专业知识、清楚了解相关规则流程后方可参与本基金的认购、申购、赎回及交易。投资者一旦认购、申购或赎回本基金，即表示对基金认购、申购和赎回所涉及的基金份额的证券变更登记方式以及申购赎回所涉及现金替代,PASS,fund_specific_explicit,T+1清算；T+2交收,T日后的5个工作日内，基金管理人将应退款或补款与相关申购赎回代理机构办理交收,T日根据赎回申请代投资者卖出被替代证券,PASS,"https://fund.eastmoney.com/gonggao/159333,AN202512181803115765.html",/Users/ellis/工具程序开发/港股通逐标的分析/临时数据/159333/159333_更新招募说明书_20251219.pdf,/Users/ellis/工具程序开发/港股通逐标的分析/临时数据/159333/159333_更新招募说明书_20251219.txt,
20,513200,SH,易方达中证港股通医药卫生综合ETF,2026-06-01,2026-06-01,2026-08-11,2026-09-09,49,必须,NO,updated,T日内,T日内,招募书未直接说明,T 日,T 日,T日（T日日间完成 RTGS）；T+1日（T日日终逐笔全额非担保交收）,T+1日,T+1 日内,T+2 日,T 日后的三个港股通交易日内,T 日收市后,招募书未直接说明,自有效赎回申请之日起 7 个开放日内,PASS,fund_document,基金产品资料概要。 5、根据本基金现行适用的清算交收和申赎处理规则，投资者当日申购的基金份额，清算交收完成后方可卖出和赎回，即 T 日申购的基金份额且日间完成 RTGS（实时逐笔全额结算） 交收的，T 日可卖出和赎回， 而T 日申购的基金份额且日终完成逐笔全额非担保交收的， T+1 日方可卖出和赎回；T 日买入的基金份额，T 日可以赎回或卖出。 投资者投资于本基金前请认真阅读证券交易所和登记结算机构关于 ETF 的相关业务规则及其不时的更新，确保具备相关专业知识、清楚了解相关规则流程后方可参与本基金的申购、赎回及交易。投资者一旦申购或赎回本基金，即表示对基金申购和赎回所涉及的登记方式以及申购赎回所涉及现金替代、现金差额等相关的交收方式及业务规则已经认可。 6、基金的过往业绩并不预,PASS,fund_specific_explicit,T+1清算；T+2交收,T 日后的三个港股通交易日内， 基金管理人将成份证券的应退款或补款与相关申购赎回代理券商办理交收， 当交收期间出现港股通交易日为非港股通交收日时， 款项交收日期顺延,T 日内卖出组合证券中被替代的成份证券,PASS,"https://fund.eastmoney.com/gonggao/513200,AN202605311823107596.html",/Users/ellis/工具程序开发/港股通逐标的分析/临时数据/513200/513200_更新招募说明书_20260601.pdf,/Users/ellis/工具程序开发/港股通逐标的分析/临时数据/513200/513200_更新招募说明书_20260601.txt,
21,513060,SH,博时恒生医疗保健(QDII-ETF),2026-06-01,2026-06-01,2026-06-26,2026-09-09,91,必须,NO,updated,T+1,T+1,招募书未直接说明,T 日,T 日,T日（基金份额交收完成后；招募书未另行说明可卖出时点）,T+1日,T+1 日,T+2 日,T+5 日（指开放日）内,T 日,代收代付,T+7 日（指开放日）内,PASS,fund_document,算交收与登记模式及申购、赎回方式，或新增本基金的清算交收与登记模式并引入新的申购、赎回方式，详见“十、基金清算交收与登记模式的调整或新增”。 本基金申购业务采用实时逐笔全额结算（Real Time Gross Settlement）模式；赎回业务涉及的现金替代可采用代收代付处理；申购、赎回业务涉及的现金差额和现金替代退补款可采用代收代付处理。 投资人 T 日提交的申购申请受理后，如交易记录已勾单且申购资金足额的，登记结算机构在 T 日日间实时办理基金份额及现金替代的交收；T 日日间未进行勾单确认或日间资金不足的，登记结算机构在 T 日日终根据资金是否足额办理基金份额及现金替代的清算交收，并将结果发送给基金管理人、申购赎回代理券商和基金托管人。登记结算机构在 T+1 日办理现金差额的清,PENDING,not_found,T+2清算；T+2交收,T+5 日（指开放日）内，基金管理人将应退款和补款的明细及汇总数据发送给申购赎回代理机构，相关款项的交收于数据发送后的第 1 个工作日内完成,T 日赎回申请，T+1 日（指开放日）内（即 T 日及 T+1 日） 基金管理人根据赎回规模进行组合证券的代理卖出,PENDING,"https://fund.eastmoney.com/gonggao/513060,AN202605311823107582.html",/Users/ellis/工具程序开发/港股通逐标的分析/临时数据/513060/513060_更新招募说明书_20260601.pdf,/Users/ellis/工具程序开发/港股通逐标的分析/临时数据/513060/513060_更新招募说明书_20260601.txt,向基金管理人/托管运营确认同日申赎是否按证券维度净额下单
22,520710,SH,广发中证港股通信息技术综合ETF,2026-06-15,2026-06-15,2026-06-01,2026-09-09,67,必须,NO,updated,T日内,T日内,招募书未直接说明,T 日,T 日,T日（T日日间完成 RTGS）；T+1日（T日日终逐笔全额非担保交收）,T+1日,T+1 日内,T+2 日,T+3 日（指港股通交易日）内,T 日,代收代付,自有效赎回申请之日起 7 个开放日内,PASS,fund_document,的交收方式已经认可。 根据本基金现行适用的清算交收和申赎处理规则，投资者当日申购的基金份额，清算交收完成后方可卖出和赎回，即T 日申购的ETF 份额且日间完成 RTGS（实时逐笔全额结算）交收，T 日可卖出与赎回， 而T 日申购的 ETF 份额且日终完成逐笔全额非担保交收的，T+1 日方可卖出和赎回；T 日买入的基金份额，T 日可以赎回或卖出。 由于登记结算机构对现金替代采取非净额结算交收模式，当投资者赎回申请被登记结算机构确认后，被赎回的基金份额即被记减，但此时投资者尚未收到赎回现金替代款。投资者投资本基金时需具有证券账户，证券账户是指上海证券交易所 A 股账户或上海证券交易所证券投资基金账户。 本基金以 1 元初始面值进行募集，在市场波动等因素的影响下，存在单位份额净值跌破,PENDING,not_found,T+1清算；T+2交收,T 日日终，基金管理人已买入的证券，依据申购现金替代保证金与被替代证券的实际买入成本（包括买入价格与相关交易费用）的差额，确定基金应退还投资者或投资者应补交的款项,T 日申购、赎回清单中公告 T 日预估现金部分,PENDING,"https://fund.eastmoney.com/gonggao/520710,AN202606141823552526.html",/Users/ellis/工具程序开发/港股通逐标的分析/临时数据/520710/520710_更新招募说明书_20260615.pdf,/Users/ellis/工具程序开发/港股通逐标的分析/临时数据/520710/520710_更新招募说明书_20260615.txt,向基金管理人/托管运营确认同日申赎是否按证券维度净额下单
23,513240,SH,华安中证港股通信息技术综合ETF,,2026-04-10,,2026-09-09,67,必须,NO,initial_only,T日内,T日内,招募书未直接说明,T 日,T 日,T日（基金份额交收完成后；招募书未另行说明可卖出时点）,T+1日,T+1 日,T+2 日,T 日后的 3 个港股通交易日内,T 日,代收代付,T 日后的第 2 个港股通交收日后的第 2 个工作日内,PASS,fund_document,和基金份额的交收适用业务规则的规定和参与各方相关协议的有关规定。 本基金申购业务采用实时逐笔全额结算（Real Time Gross Settlement，简称RTGS） 模式； 赎回业务涉及的现金替代采用代收代付处理； 申购、 赎回业务涉及的现金差额和现金替代退补款采用代收代付处理。 1）申购的清算交收投资者 T 日申购后， 如交易记录已勾单且申购资金足额的， 登记机构在T 日日间实时办理基金份额及现金替代的交收；T 日日间未进行勾单确认或日间资金不足的， 登记机构在T 日日终根据资金是否足额办理基金份额及现金替代的清算交收， 并将结果发送给基金管理人、 申购赎回代理券商和基金托管人。 基金管理人在T+1 日办理现金差额的清算， 并将结果发送给申购赎回代理券商、 基金管理人和基,PASS,fund_specific_explicit,T+1清算；T+2交收,T 日在证券交易所无交易的， 取最近交易日的收盘价， 交易日无收盘价的， 取最后成交价） 计算被替代证券的单位结算成本， 在此基础上根据替代证券数量和申购现金替代保证金确定基金应退还投资者或投资者应补交的款项,T 日赎回申请， 基金管理人在收到赎回确认信息后， 根据赎回申请代理卖出被替代证券,PENDING,"https://fund.eastmoney.com/gonggao/513240,AN202604091821096315.html",/Users/ellis/工具程序开发/港股通逐标的分析/临时数据/513240/513240_招募说明书_20260410.pdf,/Users/ellis/工具程序开发/港股通逐标的分析/临时数据/513240/513240_招募说明书_20260410.txt,东财暂未找到更新招募书，继续监测
24,159105,SZ,易方达恒生生物科技ETF,2026-08-29,2026-08-29,2026-08-21,2026-09-09,31,必须,YES,updated,T日内,T日内,招募书未直接说明,T 日,T 日,T日（T日日间完成 RTGS）；T+1日（T日日终逐笔全额非担保交收）,T+1日,T 日,T+3 日内,T 日后的三个港股通交易日内,T 日,代收代付,自有效赎回申请之日起 7 个工作日内,PASS,fund_document,易结算风险、基金投资非公开信息泄露的风险等。 7、在目前结算规则下，投资者当日申购的基金份额，清算交收完成后方可卖出和赎回，即 T 日申购的基金份额且日间完成 RTGS（实时逐笔全额结算）交收的，T 日可卖出和赎回，而 T 日申购的基金份额且日终完成逐笔全额非担保交收的，T+1 日方可卖出和赎回； T 日竞价买入的基金份额，T 日可以卖出或赎回；T 日大宗买入的基金份额，T 日可以大宗卖出，T+1 日可以竞价卖出或赎回。 投资者投资于本基金前请认真阅读证券交易所和登记结算机构关于 ETF 的相关业务规则及其不时的更新，确保具备相关专业知识、清楚了解相关规则流程后方可参与本基金的申购、赎回及交易。投资者一旦申购或赎回本基金，即表示对基金申购和赎回所涉及的登记方式以及申购赎回所涉及现,PASS,fund_specific_explicit,T+?清算；T+3交收,T 日收盘价（折算为人民币，被替代证券当日在证券交易所无交易的，取最近交易日的收盘价,T 日内卖出组合证券中被替代的成份证券,PASS,"https://fund.eastmoney.com/gonggao/159105,AN202608291828675793.html",/Users/ellis/工具程序开发/港股通逐标的分析/临时数据/159105/159105_更新招募说明书_20260829.pdf,/Users/ellis/工具程序开发/港股通逐标的分析/临时数据/159105/159105_更新招募说明书_20260829.txt,
25,159711,SZ,华夏中证港股通50ETF,2026-05-29,2026-05-29,2026-05-29,2026-09-09,51,必须,YES,updated,T日内,T日内,招募书未直接说明,T 日收市后,T 日收市后,T日（基金份额交收完成后；招募书未另行说明可卖出时点）,T+1日,T+1日,T+2 日,T 日后的第 2 个港股通交易日后的 2 个工作日内,T 日收市后,招募书未直接说明,自有效赎回申请之日起 7 个开放日内,PASS,applicable_SZ_cross_border_rule,招募书未直接出现 RTGS；按适用的交易所/中国结算跨境 ETF 规则，日间 RTGS 交收，按项目口径 PASS,PENDING,risk_or_non_operational,T+?清算；T+2交收,T 日在证券交易所无交易的，取最近交易日的收盘价,T 日赎回申请，T 日内，基金管理人根据赎回规模进行组合证券的代理卖出，通常情况下代理卖出在 T 日接近收盘时点完成,PENDING,"https://fund.eastmoney.com/gonggao/159711,AN202605281822949041.html",/Users/ellis/工具程序开发/港股通逐标的分析/临时数据/159711/159711_更新招募说明书_20260529.pdf,/Users/ellis/工具程序开发/港股通逐标的分析/临时数据/159711/159711_更新招募说明书_20260529.txt,向基金管理人/托管运营确认同日申赎是否按证券维度净额下单；招募书未直接写 RTGS，保留适用规则来源
26,159718,SZ,平安中证港股通医药卫生综合ETF,2026-07-08,2026-07-08,2026-07-08,2026-09-09,50,必须,YES,updated,T日内,T日内,日间 RTGS/实时逐笔全额；日间未完成时日终逐笔全额非担保交收,T日日间 RTGS/实时逐笔全额交收；日间未完成时 T日日终交收,T 日,T日（基金份额交收完成后；招募书未另行说明可卖出时点）,T+1日,T+1 日,T+2 日,T+5 日（指开放日）内,T 日,代收代付,T+7 日（指开放日）内,PASS,fund_document,、现金替代、现金差额及其他对价的清算交收适用相关业务规则和参与各方相关协议及其不时修订的有关规定。 本基金现金申购业务中的现金替代采用逐笔全额结算（T 日日间 RTGS 交收 +T 日日终逐笔全额非担保交收）处理；现金赎回业务中的现金替代采用代收代付处理；现金申购、 赎回业务涉及的现金差额和现金替代退补款采用代收代付处理。 平安中证港股通医药卫生综合交易型开放式指数证券投资基金招募说明书（更新） 35 投资者 T 日现金申购后，登记机构在 T 日为投资者办理基金份额登记以及现金替代的交收，并将结果发送给基金管理人、申购赎回代理券商和基金托管人。基金管理人在 T+1 日办理现金差额的清算，在 T+2 日办理现金差额的交收。 投资者 T 日提交的现金赎回申请受理后，登记结算机构在 T,PENDING,not_found,T+2清算；T+2交收,T 日（指开放日）在证券交易所无交易的，取最近交易日的收盘价,T 日（指开放日）在证券交易所无交易的，取最近交易日的收盘价,PENDING,"https://fund.eastmoney.com/gonggao/159718,AN202607071826774004.html",/Users/ellis/工具程序开发/港股通逐标的分析/临时数据/159718/159718_更新招募说明书_20260708.pdf,/Users/ellis/工具程序开发/港股通逐标的分析/临时数据/159718/159718_更新招募说明书_20260708.txt,向基金管理人/托管运营确认同日申赎是否按证券维度净额下单
27,513600,SH,南方恒指ETF,2025-11-25,2025-11-25,2026-01-09,2026-09-09,94,必须,NO,updated,T日内,T日内,招募书未直接说明,T日,T日,T日（基金份额交收完成后；招募书未另行说明可卖出时点）,T+1日,T日,T日,待人工复核,T日,代收代付,T+7 日（指开放日）内,PASS,fund_document,《业务规则》 和参与各方相关协议及其不时修订的有关规定。 本基金申购业务采用实时逐笔全额结算 （Real Time Gross Settlement， 以下简称RTGS） 模式；赎回业务涉及的现金替代可采用代收代付处理；申购、赎回业务涉及的现金差额和现金替代退补款可采用代收代付处理。 投资者T日现金申购后，如交易记录已勾单且申购资金足额的，登记机构在T日日间实时办理基金份额及现金替代的交收；T日日间未进行勾单确认或日间资金不足的，登记机构在T日日终根据资金是否足额办理基金份额及现金替代的清算交收， 在T+1日办理现金差额的清算，并将结果发送给基金管理人、申购赎回代理券商和基金托管人。基金管理人与申购赎回代理券商在T+2日办理现金差额的交收。 投资者T 日赎回申请受理后，登记机构在,PENDING,not_found,T+1清算；T+1交收,T+2日内，基金管理人将应退款或补款与相关申购赎回代理机构办理交收,T+2日内，基金管理人将应退款或补款与相关申购赎回代理机构办理交收,PENDING,"https://fund.eastmoney.com/gonggao/513600,AN202511241787533206.html",/Users/ellis/工具程序开发/港股通逐标的分析/临时数据/513600/513600_更新招募说明书_20251125.pdf,/Users/ellis/工具程序开发/港股通逐标的分析/临时数据/513600/513600_更新招募说明书_20251125.txt,向基金管理人/托管运营确认同日申赎是否按证券维度净额下单
28,159792,SZ,富国中证港股通互联网ETF,2026-08-18,2026-08-18,2026-08-18,2026-09-09,31,必须,YES,updated,T日内,T日内,招募书未直接说明,T日,T日,T日（T日日间完成 RTGS）；T+1日（T日日终逐笔全额非担保交收）,T+1日,T+1日,T+2日,T 日后的 5 个工作日内,T日,代收代付,T 日后的第 4 个港股通交收日后的 1 个工作日内,PASS,fund_document,由投资者自行负责。 5、根据本基金现行适用的清算交收和申赎处理规则，投资者当日申购的基金份额，清算交收完成后方可卖出和赎回，即 T 日申购的基金份额且日间完成 RTGS（实时逐笔全额结算）交收的，T 日可卖出和赎回，而T 日申购的基金份额且日终完成逐笔全额非担保交收的，T+1 日方可卖出和赎回；T 日竞价买入的基金份额，T 日可以卖出或赎回；T 日大宗买入的基金份额，T 日可以大宗卖出， T+1 日可以竞价卖出或赎回。 6、投资有风险，投资者认购（或申购）基金时应认真阅读本招募说明书、 基金合同和基金产品资料概要等信息披露文件， 全面认识本基金产品的风险收益特征和产品特性， 自主判断基金的投资价值， 并根据自身的投资目的、 投资期限、 投资经验、 资产状况等判断本基金是否和自身的,PENDING,not_found,T+2清算；T+2交收,T 日后的 5 个工作日内， 基金管理人将应退款或补款与相关申购赎回代理机构办理交收,T 日赎回申请，T 日内基金管理人根据赎回规模进行组合证券的代理卖出,PENDING,"https://fund.eastmoney.com/gonggao/159792,AN202608171828057155.html",/Users/ellis/工具程序开发/港股通逐标的分析/临时数据/159792/159792_更新招募说明书_20260818.pdf,/Users/ellis/工具程序开发/港股通逐标的分析/临时数据/159792/159792_更新招募说明书_20260818.txt,向基金管理人/托管运营确认同日申赎是否按证券维度净额下单
29,513810,SH,华夏中证香港内地国有企业ETF(QDII),2026-07-20,2026-07-20,2026-05-29,2026-09-09,40,必须,NO,updated,T+1,T+1,招募书未直接说明,T 日,T 日,T日（基金份额交收完成后；招募书未另行说明可卖出时点）,T+1日,T+2 日,T+3 日,T+3 日（指上海证券交易所与香港交易所的共同交易日）内,T 日,招募书未直接说明,T+7 日（指开放日）内,PASS,applicable_SH_cross_border_rule,招募书未直接出现 RTGS；按适用的交易所/中国结算跨境 ETF 规则，日间 RTGS 交收，按项目口径 PASS,PENDING,risk_or_non_operational,T+3清算；T+3交收,T+1 日（指上海证券交易所和香港交易所的共同交易日）日终，基金管理人已买入的证券， 依据申购现金替代保证金与被替代证券的实际买入成本 （包括买入价格与相关交易费用） 的差额， 确定基金应退还投资者或投资者应补交的款项,T 日申购、赎回清单中公告 T 日预估现金部分,PENDING,"https://fund.eastmoney.com/gonggao/513810,AN202607191827112910.html",/Users/ellis/工具程序开发/港股通逐标的分析/临时数据/513810/513810_更新招募说明书_20260720.pdf,/Users/ellis/工具程序开发/港股通逐标的分析/临时数据/513810/513810_更新招募说明书_20260720.txt,向基金管理人/托管运营确认同日申赎是否按证券维度净额下单；招募书未直接写 RTGS，保留适用规则来源
30,513020,SH,国泰中证港股通科技ETF,2025-11-26,2025-11-26,2026-03-19,2026-09-09,50,必须,NO,updated,T日内,T日内,招募书未直接说明,T 日,T 日,T日（基金份额交收完成后；招募书未另行说明可卖出时点）,T+1日,T+1 日内,T+2 日内,T 日后的三个港股通交收日内,T 日,代收代付,T 日后的第 3 个港股通交收日后的两个工作日内,PASS,fund_document,登记机构相关业务规则和参与各方相关协议及其不时修订的有关规定。 本基金申购业务采用实时逐笔全额结算（Real Time Gross Settlement，简称 RTGS）模式；赎回业务涉及的现金替代采用代收代付处理；申购、赎回业务涉及的现金差额和现金替代退补款采用代收代付处理。 国泰中证港股通科技交易型开放式指数证券投资基金更新招募说明书（2025 年第三号） 38 投资者 T 日现金申购后，如交易记录已勾单且申购资金足额的，登记机构在 T 日日间实时办理基金份额及现金替代的交收；T 日日间未进行勾单确认或日间资金不足的，登记机构在 T 日日终根据资金是否足额办理基金份额及现金替代的清算交收，并将结果发送给基金管理人、申购赎回代理券商和基金托管人。 基金管理人在 T+1 日内办理,PENDING,not_found,T+2清算；T+2交收,T 日后的三个港股通交收日内，基金管理人将应退款或补款与相关申购赎回代理券商办理交收,T 日后的三个港股通交收日内，基金管理人将应退款或补款与相关申购赎回代理券商办理交收,PENDING,"https://fund.eastmoney.com/gonggao/513020,AN202511251788156998.html",/Users/ellis/工具程序开发/港股通逐标的分析/临时数据/513020/513020_更新招募说明书_20251126.pdf,/Users/ellis/工具程序开发/港股通逐标的分析/临时数据/513020/513020_更新招募说明书_20251126.txt,向基金管理人/托管运营确认同日申赎是否按证券维度净额下单
31,526000,SH,华夏中证港股通信息技术综合ETF,2026-06-30,2026-06-30,2026-06-30,2026-09-09,67,必须,NO,updated,T日内,T日内,招募书未直接说明,T 日,T 日,T日（基金份额交收完成后；招募书未另行说明可卖出时点）,T+1日,T 日,T+2 日内,T 日后的第2 个港股通交易日后的 2 个工作日内,T 日,代收代付,T 日后的第 3 个港股通交易日后的第 2 个工作日内,PASS,fund_document,适用相关业务规则和参与各方相关协议及其不时修订的有关规定。 本基金申购业务采用实时逐笔全额结算（Real Time Gross Settlement，以下简称 RTGS） 模式； 赎回业务涉及的现金替代可采用代收代付处理； 申购、 赎回业务涉及的现金差额和现金替代退补款可采用代收代付处理。 1）申购的清算交收投资者 T 日现金申购后，如交易记录已勾单且申购资金足额的，登记机构在 T 日日间实时办理基金份额及现金替代的交收；T 日日间未进行勾单确认或日间资金不足的， 登记机构在 T 日日终根据资金是否足额办理基金份额及现金替代的清算交收，并将结果发送给基金管理人、 申购赎回代理机构和基金托管人。 基金管理人在T+2 日内办理现金差额的交收。 2）赎回的清算交收投资者 T 日赎回申请,PENDING,risk_or_non_operational,T+1清算；T+2交收,T 日在证券交易所无交易的，取最近交易日的收盘价,T 日内， 基金管理人根据赎回规模进行被替代证券的代理卖出,PENDING,"https://fund.eastmoney.com/gonggao/526000,AN202606291826547117.html",/Users/ellis/工具程序开发/港股通逐标的分析/临时数据/526000/526000_更新招募说明书_20260630.pdf,/Users/ellis/工具程序开发/港股通逐标的分析/临时数据/526000/526000_更新招募说明书_20260630.txt,向基金管理人/托管运营确认同日申赎是否按证券维度净额下单
32,159557,SZ,嘉实恒生医疗保健ETF(QDII),2026-01-23,2026-01-23,2026-06-25,2026-09-09,92,必须,YES,updated,T日内,T日内,日间 RTGS/实时逐笔全额；日间未完成时日终逐笔全额非担保交收,T日日间 RTGS/实时逐笔全额交收；日间未完成时 T日日终交收,T 日,T日（基金份额交收完成后；招募书未另行说明可卖出时点）,T+1日,T+1 日,T+2 日,T+3 日（指开放日）内,T 日收市后,代收代付,T 日,PASS,fund_document,、现金替代、现金差额及其他对价的清算交收适用相关业务规则和参与各方相关协议及其不时修订的有关规定。 本基金现金申购业务中的现金替代采用逐笔全额结算（T 日日间 RTGS 交收+T 日日终逐笔全额非担保交收）处理；现金赎回业务中的现金替代采用代收代付处理；现金申购、赎回业务涉及的现金差额和现金替代退补款采用代收代付处理。 投资者 T 日现金申购后，正常情况下，如选择采用 RTGS 交收且申购资金足额的，登记结算机构在 T 日日间实时办理基金份额及现金替代的清算交收；T 日日间资金不足或不选择 RTGS 交收的，登记结算机构在 T 日收市后办理基金份额及现金替代的清算交收，并将结果嘉实恒生医疗保健交易型开放式指数证券投资基金（QDII）更新招募说明书（2026 年 01 月 23 日,PENDING,not_found,T+2清算；T+2交收,T+3 日（指开放日）内，基金管理人应将退款和补款的明细及汇总数据发送给登记结算机构，登记结算机构办理现金替代多退少补资金的清算，并将结果发送给相关申购赎回代理机构和基金托管人，相关款项的交收于数据发送后的第 1 个工作日内完成,T 日的赎回申请，基金管理人将在 T 日（指开放日）内卖出相应的成份证券,PENDING,"https://fund.eastmoney.com/gonggao/159557,AN202601221818277758.html",/Users/ellis/工具程序开发/港股通逐标的分析/临时数据/159557/159557_更新招募说明书_20260123.pdf,/Users/ellis/工具程序开发/港股通逐标的分析/临时数据/159557/159557_更新招募说明书_20260123.txt,向基金管理人/托管运营确认同日申赎是否按证券维度净额下单
33,513210,SH,易方达恒生ETF(QDII),2026-01-31,2026-01-31,2026-08-11,2026-09-09,95,必须,NO,updated,T+1,T+1,招募书未直接说明,T 日,T 日,T日（T日日间完成 RTGS）；T+1日（T日日终逐笔全额非担保交收）,T+1日,T+1 日内,T+2 日,T+1日后的第3个港股通交易日内,T 日收市后,代收代付,自有效赎回申请之日起 10 个工作日内,PASS,fund_document,格折溢价的风险。 7、根据本基金现行适用的清算交收和申赎处理规则，投资者当日申购的基金份额， 清算交收完成后方可卖出和赎回，即 T 日申购的基金份额且日间完成 RTGS（实时逐笔全额结算）交收，T 日可卖出和赎回，而 T 日申购的基金份额且日终完成逐笔全额非担保交收， T+1 日方可卖出和赎回；T 日买入的基金份额，T 日可以赎回或卖出。 投资者投资于本基金前请认真阅读证券交易所和登记结算机构关于 ETF 的相关业务规则及其不时的更新，确保具备相关专业知识、清楚了解相关规则流程后方可参与本基金的认购、申购、赎回及交易。投资者一旦认购、申购或赎回本基金，即表示对基金认购、申购和赎回所涉及的登记方式以及申购赎回所涉及现金替代、现金差额等相关的交收方式及业务规则已经认可。 8、本基金由,PASS,fund_specific_explicit,T+1清算；T+2交收,T+1 日在证券交易所无交易的，取最近交易日的收盘价）计算被替代证券的单位结算成本，在此基础上根据替代证券数量和申购现金替代保证金确定基金应退还投资者或投资者应补交的款项，若 T日后至T+1日期间发生除息、送股（转增）、配股等重要权益变动，则进行,T+1 日内卖出组合证券中被替代的香港证券,PASS,"https://fund.eastmoney.com/gonggao/513210,AN202601301818597885.html",/Users/ellis/工具程序开发/港股通逐标的分析/临时数据/513210/513210_更新招募说明书_20260131.pdf,/Users/ellis/工具程序开发/港股通逐标的分析/临时数据/513210/513210_更新招募说明书_20260131.txt,
34,159268,SZ,汇添富国证港股通消费主题ETF,2026-08-10,2026-08-10,2026-08-10,2026-09-09,51,必须,YES,updated,T日内,T日内,招募书未直接说明,T 日,T 日,T日（T日日间完成 RTGS）；T+1日（T日日终逐笔全额非担保交收）,T+1日,T+1 日,T+2 日,T 日（指港股通交易日） 后的第2 个港股通交易日后的 3 个工作日内,T 日,招募书未直接说明,自有效赎回申请之日起7 个开放日内,PASS,fund_document,构的要求完成风险承受能力与产品风险之间的匹配检验。 在目前结算规则下，投资者当日申购的基金份额，清算交收完成后方可卖出和赎回，即T 日申购的基金份额且日间完成 RTGS（实时逐笔全额结算）交收的，T 日可卖出和赎回，而 T 日申购的基金份额且日终完成逐笔全额非担保交收的，T+1 日方可卖出和赎回；T 日竞价买入的基金份额，T 日可以卖出或赎回；T 日大宗买入的基金份额，T 日可以大宗卖出，T+1 日可以竞价卖出或赎回。 投资者投资于本基金前请认真阅读证券交易所和登记机构关于 ETF 的相关业务规则及其不时的更新，确保具备相关专业知识、清楚了解相关规则流程后方可参与本基金的申购、赎回及交易。投资者一旦认购、申购或赎回本基金， 即表示对基金认购、申购和赎回所涉及的基金份额的证券变更登,PENDING,not_found,T+2清算；T+2交收,T 日（指港股通交易日） 在证券交易所无交易的， 取最近交易日的收盘价,T 日 （指港股通交易日） 内， 基金管理人根据赎回申请代投资者卖出被替代证券,PENDING,"https://fund.eastmoney.com/gonggao/159268,AN202608091827792169.html",/Users/ellis/工具程序开发/港股通逐标的分析/临时数据/159268/159268_更新招募说明书_20260810.pdf,/Users/ellis/工具程序开发/港股通逐标的分析/临时数据/159268/159268_更新招募说明书_20260810.txt,向基金管理人/托管运营确认同日申赎是否按证券维度净额下单
35,520560,SH,华宝港股通恒生中国(香港上市)30ETF,2026-09-03,2026-09-03,2026-09-03,2026-09-09,30,必须,NO,updated,T日内,T日内,招募书未直接说明,T 日,T 日,T日（基金份额交收完成后；招募书未另行说明可卖出时点）,T+1日,T+1 日内,T+2 日内,T 日后的第 2 个港股通交收日后的第 1 个工作日内,T 日,代收代付,T+7 日 （指开放日）内,PASS,fund_document,下，投资者当日申购的基金份额，清算交收完成后方可卖出和赎回。本基金申购业务采用实时逐笔全额结算（Real Time Gross Settlement，以下简称 RTGS）模式，投资者 T 日申购后，如交易记录已勾单且申购资金足额的，登记机构在 T 日日间实时办理基金份额及现金替代的交收；T 日日间未进行勾单确认或日间资金不足的，登记机构在 T 日日终根据资金是否足额办理基金份额及现金替代的清算交收。 在目前的业务规则下，投资者投资本基金时需具有上海证券交易所 A 股账户或基金账户。其中， 上海证券交易所基金账户只能进行基金的现金认购和二级市场交易。 本基金可参与股指期货交易，可能面临杠杆风险、基差风险、股指期货展期时的流动性风险、期货盯市结算制度带来的现金管理风险、到期日风险、对,PENDING,not_found,T+2清算；T+2交收,T 日后的第 2 个港股通交收日后的第 1 个工作日内，基金管理人将应退款或补款与相关申购赎回代理机构办理交收,T 日在证券交易所无交易的，取最近交易日的收盘价,PENDING,"https://fund.eastmoney.com/gonggao/520560,AN202609021828932464.html",/Users/ellis/工具程序开发/港股通逐标的分析/临时数据/520560/520560_更新招募说明书_20260903.pdf,/Users/ellis/工具程序开发/港股通逐标的分析/临时数据/520560/520560_更新招募说明书_20260903.txt,向基金管理人/托管运营确认同日申赎是否按证券维度净额下单
36,159776,SZ,银华中证港股通医药卫生综合ETF,2025-11-28,2025-11-28,2026-01-30,2026-09-09,50,必须,YES,updated,T日内,T日内,日间 RTGS/实时逐笔全额；日间未完成时日终逐笔全额非担保交收,T日日间 RTGS/实时逐笔全额交收；日间未完成时 T日日终交收,T日,T日（基金份额交收完成后；招募书未另行说明可卖出时点）,T+1日,T+2日,T+2日,T+5日（指开放日）内,T日,代收代付,自有效赎回申请之日起7个开放日内,PASS,fund_document,券登记结算有限责任公司修改或更新上述规则或新增设相关规则并适用于本基金的，则按照新的规则执行，并在招募说明书中进行更新。 本基金现金申购业务中的现金替代日间实行RTGS交收，日间未完成交收的，日终统一进行逐笔全额非担保交收；现金赎回业务中的现金替代采用代收代付处理； 现金申购、赎回业务涉及的现金差额和现金替代退补款采用代收代付处理。 正常情况下，投资者T日提交的现金申购申请受理后，登记机构对ETF申购对应的份额和现金替代，日间实行RTGS交收，上述份额和现金替代日间未完成交收的， 日终统一进行逐笔全额非担保交收，登记机构在T日办理基金份额及现金替代的清算交收，并将结果发送给基金管理人、申购赎回代理券商和基金托管人。基金管理人在T+2日办理现金差额的清算交收。 投资者T日提交的现金,PENDING,not_found,T+2清算；T+2交收,T日（指开放日）在证券交易所无交易的，取最近交易日的收盘价,T日赎回申请，T日（指开放日）内基金管理人根据赎回规模进行组合证券的代理卖出，通常情况下代理卖出在T日（指开放日）完成,PENDING,"https://fund.eastmoney.com/gonggao/159776,AN202511271789399685.html",/Users/ellis/工具程序开发/港股通逐标的分析/临时数据/159776/159776_更新招募说明书_20251128.pdf,/Users/ellis/工具程序开发/港股通逐标的分析/临时数据/159776/159776_更新招募说明书_20251128.txt,向基金管理人/托管运营确认同日申赎是否按证券维度净额下单
37,159137,SZ,华宝中证港股通医疗主题ETF,,2025-12-03,,2026-09-09,50,必须,YES,initial_only,T+1,T+1,招募书未直接说明,T 日,T 日,T日（基金份额交收完成后；招募书未另行说明可卖出时点）,T+1日,T+2 日内,T+2 日内,T 日后的第 2 个港股通交收日后的第 1 个工作日内,T 日,代收代付,T+1 日（指开放日）,PASS,fund_document,则下，投资者当日申购的基金份额，清算交收完成后方可卖出和赎回。本基金申购业务采用实时逐笔全额结算（Real Time Gross Settlement，以下简称RTGS）模式， 投资者T日申购后，如交易记录已勾单且申购资金足额的，登记机构在T日日间实时办理基金份额及现金替代的交收；T日日间未进行勾单确认或日间资金不足的，登记机构在T日日终根据资金是否足额办理基金份额及现金替代的清算交收。 在目前的业务规则下，投资者投资本基金时需具有深圳证券交易所A股账户或基金账户。 其中，深圳证券交易所基金账户只能进行基金的现金认购和二级市场交易，如投资人需要参与基金的申购、赎回，则应开立深圳证券交易所A股账户。 投资者在进行投资决策前，请仔细阅读本基金的招募说明书、基金合同及基金产品资料概要等,PENDING,not_found,T+2清算；T+2交收,T 日在证券交易所无交易的，取最近交易日的收盘价,T 日在证券交易所无交易的，取最近交易日的收盘价,PENDING,"https://fund.eastmoney.com/gonggao/159137,AN202512021792560520.html",/Users/ellis/工具程序开发/港股通逐标的分析/临时数据/159137/159137_招募说明书_20251203.pdf,/Users/ellis/工具程序开发/港股通逐标的分析/临时数据/159137/159137_招募说明书_20251203.txt,东财暂未找到更新招募书，继续监测；向基金管理人/托管运营确认同日申赎是否按证券维度净额下单
38,513150,SH,华泰柏瑞中证港股通科技ETF,2025-11-17,2025-11-17,2026-03-18,2026-09-09,50,必须,NO,updated,T日内,T日内,日间 RTGS/实时逐笔全额；日间未完成时日终逐笔全额非担保交收,T日,T日,T日（基金份额交收完成后；招募书未另行说明可卖出时点）,T+1日,T+1日,T+2 日,T 日后的第 2 个港股通交收日后的第 2 个工作日内,T 日,代收代付,自有效赎回申请之日起 7 个开放日内,PASS,fund_document,业务中的现金替代采用实时逐笔全额结算（Real Time Gross Settlement，以华泰柏瑞中证港股通科技交易型开放式指数证券投资基金 33 下简称 RTGS）模式处理；现金赎回业务中的现金替代采用代收代付处理；现金申购、赎回业务涉及的现金差额和现金替代退补款采用代收代付处理。 投资者 T日现金申购后，如交易记录已勾单且申购资金足额的，登记结算机构在 T日日间实时办理基金份额及现金替代的交收；T 日日间未进行勾单确认或日间资金不足的，登记结算机构在 T 日日终根据资金是否足额办理基金份额及现金替代的清算交收，并将结果发送给基金管理人、申购赎回代理券商和基金托管人。登记机构在 T+1日办理现金差额的清算，并将结果发送给申购赎回代理券商、基金管理人和基金托管人。基金管理人与,PENDING,not_found,T+1清算；T+2交收,T 日（指上海证券交易所与香港交易所的共同交易日）日终，基金管理人已买入的证券，依据申购的替代金额与被替代证券的实际买入成本（包括买入价格与相关交易费用）的差额，确定基金应退还投资者或投资者应补交的款项,T日赎回申请，在 T日（指上海证券交易所与香港交易所的共同交易日） 内，基金管理人根据赎回申请代投资者卖出被替代证券,PENDING,"https://fund.eastmoney.com/gonggao/513150,AN202511161782507556.html",/Users/ellis/工具程序开发/港股通逐标的分析/临时数据/513150/513150_更新招募说明书_20251117.pdf,/Users/ellis/工具程序开发/港股通逐标的分析/临时数据/513150/513150_更新招募说明书_20251117.txt,向基金管理人/托管运营确认同日申赎是否按证券维度净额下单
39,513990,SH,招商上证港股通ETF,2026-07-31,2026-07-31,2026-07-31,2026-09-09,200,必须,NO,updated,T日内,T日内,招募书未直接说明,T 日,T 日,T日（基金份额交收完成后；招募书未另行说明可卖出时点）,T+1日,T+1 日内,T+2 日内,T 日后的 3 个工作日（指上海证券交易所和香港交易所的共同交易日）内,T 日,代收代付,T 日后的第 2 个港股通交收日后的 2 个工作日内,PASS,fund_document,记结算业务实施细则》和参与各方相关协议的有关规定进行处理。 本基金申购业务采用实时逐笔全额结算（Real Time Gross Settlement，以下简称 RTGS） 模式；赎回业务涉及的现金替代可采用代收代付处理；申购、赎回业务涉及的现金差额和现金替代退补款可采用代收代付处理。 1）申购的清算交收投资者 T 日现金申购后，如交易记录已勾单且申购资金足额的，登记机构在 T 日日间实时办理基金份额及现金替代的交收；T 日日间未进行勾单确认或日间资金不足的，登记机构在 T 日日终根据资金是否足额办理基金份额及现金替代的清算交收，并将结果发送给基金管理人、申购赎回代理机构和基金托管人。登记机构在 T+1 日内办理现金差额的清算，在 T+2 日内办理现金差额的交收。 2）赎回的清算交,PENDING,not_found,T+2清算；T+2交收,T 日（指上海证券交易所与香港交易所的共同交易日）日终，基金管理人已买入的证券，依据申购的替代金额与被替代证券的实际买入成本（包括买入价格与相关交易费用）的差额，确定基金应退还投资者或投资者应补交的款项,T 日赎回申请，在 T 日（指上海证券交易所与香港交易所的共同交易日）内，基金管理人根据赎回申请代投资者卖出被替代证券,PENDING,"https://fund.eastmoney.com/gonggao/513990,AN202607301827496416.html",/Users/ellis/工具程序开发/港股通逐标的分析/临时数据/513990/513990_更新招募说明书_20260731.pdf,/Users/ellis/工具程序开发/港股通逐标的分析/临时数据/513990/513990_更新招募说明书_20260731.txt,向基金管理人/托管运营确认同日申赎是否按证券维度净额下单
40,520530,SH,港股通科技ETF东财,2026-06-27,2026-06-27,2026-06-27,2026-09-09,50,必须,NO,updated,T日内,T日内,招募书未直接说明,T 日,T 日,T日（基金份额交收完成后；招募书未另行说明可卖出时点）,T+1日,T+1 日内,T+2 日内,T日后的第3个港股通交收日后的2个工作日内,T 日,代收代付,T日后的第7个港股通交收日后的第2个工作日内,PASS,fund_document,、 现金替代、 现金差额及其他对价的清算交收适用上海证券交易所、 中国证券登记结算有限责任公司发布的相关业务规则和参与各方相关协议的有关规定。本基金申购业务采用实时逐笔全额结算 （Real Time Gross Settlement）模式；赎回业务涉及的现金替代采用代收代付处理；申购、赎回业务涉及的现金差额和现金替代退补款采用代收代付处理。 投资者 T 日申购成功后， 如交易记录已勾单且申购资金足额的， 登记机构在 T 日日间实时办理基金份额及现金替代的交收；T 日日间未进行勾单确认或日间资金不足的， 登记机构在T 日日终根据资金是否足额办理基金份额及现金替代的清算交收， 并将结果发送给基金管理人、 申购赎回代理券商和基金托管人。 基金管理人在 T+1 日内办理现金差额的清算， 在T,PENDING,not_found,T+2清算；T+2交收,T日后的第3个港股通交收日后的2个工作日内，基金管理人将应退款或补款与相关申购赎回代理机构办理交收,T日赎回申请， 在T日内， 基金管理人根据赎回申请代投资者卖出被替代证券,PENDING,"https://fund.eastmoney.com/gonggao/520530,AN202606261824788609.html",/Users/ellis/工具程序开发/港股通逐标的分析/临时数据/520530/520530_更新招募说明书_20260627.pdf,/Users/ellis/工具程序开发/港股通逐标的分析/临时数据/520530/520530_更新招募说明书_20260627.txt,向基金管理人/托管运营确认同日申赎是否按证券维度净额下单
41,159318,SZ,银华恒指港股通ETF,2026-05-22,2026-05-22,2026-05-22,2026-09-09,88,必须,YES,updated,T日内,T日内,日间 RTGS/实时逐笔全额；日间未完成时日终逐笔全额非担保交收,T日日间 RTGS/实时逐笔全额交收；日间未完成时 T日日终交收,T日,T日（基金份额交收完成后；招募书未另行说明可卖出时点）,T+1日,T+2日,T+2日,T日后的5个工作日内,T日,代收代付,自有效赎回申请之日起7个开放日内,PASS,fund_document,券登记结算有限责任公司修改或更新上述规则或新增设相关规则并适用于本基金的，则按照新的规则执行，并在招募说明书中进行更新。 本基金现金申购业务中的现金替代日间实行RTGS交收，日间未完成交收的，日终统一进行逐笔全额非担保交收；现金赎回业务中的现金替代采用代收代付处理； 现金申购、赎回业务涉及的现金差额和现金替代退补款采用代收代付处理。 正常情况下，投资者T日提交的现金申购申请受理后，登记机构对ETF申购对应的份额和现金替代，日间实行RTGS交收，上述份额和现金替代日间未完成交收的， 日终统一进行逐笔全额非担保交收，登记机构在T日办理基金份额及现金替代的清算交收，并将结果发送给基金管理人、申购赎回代理券商和基金托管人。基金管理人在T+2日办理现金差额的清算交收。 投资者T日提交的现金,PENDING,risk_or_non_operational,T+2清算；T+2交收,T日后的5个工作日内， 基金管理人将应退款或补款与相关申购赎回代理券商办理交收,T日内任意时刻代赎回投资者卖出组合证券中被替代证券的任意数量,PENDING,"https://fund.eastmoney.com/gonggao/159318,AN202605211822651882.html",/Users/ellis/工具程序开发/港股通逐标的分析/临时数据/159318/159318_更新招募说明书_20260522.pdf,/Users/ellis/工具程序开发/港股通逐标的分析/临时数据/159318/159318_更新招募说明书_20260522.txt,向基金管理人/托管运营确认同日申赎是否按证券维度净额下单
42,159751,SZ,鹏华中证港股通科技ETF,2026-04-08,2026-04-08,2026-04-08,2026-09-09,51,必须,YES,updated,T日内,T日内,日间 RTGS/实时逐笔全额；日间未完成时日终逐笔全额非担保交收,T日日间 RTGS/实时逐笔全额交收；日间未完成时 T日日终交收,T 日,T日（基金份额交收完成后；招募书未另行说明可卖出时点）,T+1日,T+1 日,T+2 日,待人工复核,T 日,代收代付,T+7 日（指开放日）内,PASS,fund_document,过程中涉及的基金份额、现金替代、现金差额及其他对价的清算交收适用《业务规则》和参与各方相关协议的有关规定。 本基金现金申购业务中的现金替代采用实时逐笔全额结算（RTGS）与日终逐笔全额非担保交收的方式处理；现金赎回业务中的现金替代采用代收代付处理；现金申购、赎回业务涉及的现金差额和现金替代退补款采用代收代付处理。 投资者 T 日提交的现金申购申请受理后，日间完成 RTGS 交收部分，登记机构在 T 日为该投资者办理基金份额登记以及现金替代的交收；日间未完成 RTGS 交收部分，登记机构在 T 日日终为该投资者办理基金份额登记以及现金替代的交收，并将结果发送给基金管理人、申购赎回代理券商和基金托管人。基金管理人在 T+1 日办理现金差额的清算，在 T+2 日办理现金差额的交收。 2,PENDING,risk_or_non_operational,T+2清算；T+2交收,T 日在证券交易所无交易的，取最近交易日的收盘价,T 日赎回申请，通常情况下 T 日内基金管理人根据赎回规模进行组合证券的代理卖出,PENDING,"https://fund.eastmoney.com/gonggao/159751,AN202604071821046720.html",/Users/ellis/工具程序开发/港股通逐标的分析/临时数据/159751/159751_更新招募说明书_20260408.pdf,/Users/ellis/工具程序开发/港股通逐标的分析/临时数据/159751/159751_更新招募说明书_20260408.txt,向基金管理人/托管运营确认同日申赎是否按证券维度净额下单
43,159269,SZ,南方中证港股通科技ETF,2026-05-21,2026-05-21,2026-05-21,2026-09-09,51,必须,YES,updated,T日内,T日内,日间 RTGS/实时逐笔全额；日间未完成时日终逐笔全额非担保交收,T日,T日,T日（基金份额交收完成后；招募书未另行说明可卖出时点）,T+1日,T+2日,T+2日,T日后的第5个开放日内,T日,代收代付,T+7日（指开放日）内,PASS,fund_document,组合证券仅在境内证券交易所上市的ETF产品存在一定差异。在目前结算规则下，投资者当日申购的基金份额，清算交收完成后可卖出和赎回，即T日申购的ETF份额且日间完成RTGS（实时逐笔全额结算）交收，T日可卖出与赎回；T日申购的ETF份额日间未完成交收的，日终完成逐笔全额非担保交收，T+1日方可卖出和赎回；T日竞价买入的基金份额，T日可以卖出或赎回；T日大宗买入的基金份额，T日可以大宗卖出，T+1日可以竞价卖出或赎回。 投资人投资本基金时需具有深圳证券交易所A股账户或基金账户。其中，深圳证券交易所基金账户只能进行基金的现金认购和二级市场交易， 如投资人需要参与基金的申购、 赎回， 则应开立深圳证券交易所A股账户。 投资人在投资本基金之前，请仔细阅读本基金的招募说明书、基金产品资料概要和,PENDING,not_found,T+2清算；T+2交收,T日发生除息、收益分配等重要权益变动，则进行相应调整,T日收盘价（按照汇率折算为人民币，被替代证券当日在证券交易所无交易的，取最近交易日的收盘价,PENDING,"https://fund.eastmoney.com/gonggao/159269,AN202605201822493840.html",/Users/ellis/工具程序开发/港股通逐标的分析/临时数据/159269/159269_更新招募说明书_20260521.pdf,/Users/ellis/工具程序开发/港股通逐标的分析/临时数据/159269/159269_更新招募说明书_20260521.txt,向基金管理人/托管运营确认同日申赎是否按证券维度净额下单
44,159251,SZ,万家国证港股通科技ETF,2025-07-18,2025-07-18,2026-01-22,2026-09-09,31,必须,YES,updated,T日内,T日内,日间 RTGS/实时逐笔全额；日间未完成时日终逐笔全额非担保交收,T 日,T 日,T日（基金份额交收完成后；招募书未另行说明可卖出时点）,T+1日,T+1 日内,T+2 日内,T 日后的第 2 个港股通交收日后的 2 个工作日内,T 日,代收代付,自有效赎回申请之日起 7 个工作日内,PASS,fund_document,规则和参与各方相关协议及其不时修订的有关规定。 本基金申购业务涉及的现金替代采用实时逐笔全额结算（ Real Time Gross Settlement， 简称RTGS） 与日终逐笔全额非担保交收的方式处理模式； 赎回业务涉及的现金替代可采用代收代付处理； 申购、 赎回业务涉及的现金差额和现金替代退补款可采用代收代付处理。 投资者 T 日现金申购后，如交易记录已勾单且申购资金足额的，登记机构万家国证港股通科技交易型开放式指数证券投资基金更新招募说明书 （2025 年第 1 号） 36 在 T 日日间实时办理基金份额及现金替代的交收；T 日日间未进行勾单确认或日间资金不足的，登记机构在 T 日日终根据资金是否足额办理基金份额及现金替代的清算交收，并将结果发送给基金管理人、申购赎回代,PASS,fund_specific_explicit,T+1清算；T+2交收,T 日后的第 2 个港股通交收日后的 2 个工作日内， 基金管理人将应退款或补款与相关申购赎回代理券商办理交收,T 日根据赎回申请代投资者卖出被替代证券,PASS,"https://fund.eastmoney.com/gonggao/159251,AN202507171710671795.html",/Users/ellis/工具程序开发/港股通逐标的分析/临时数据/159251/159251_更新招募说明书_20250718.pdf,/Users/ellis/工具程序开发/港股通逐标的分析/临时数据/159251/159251_更新招募说明书_20250718.txt,
45,159271,SZ,鹏华恒生ETF,2026-08-11,2026-08-11,2026-08-11,2026-09-09,96,必须,YES,updated,T日内,T日内,日间 RTGS/实时逐笔全额；日间未完成时日终逐笔全额非担保交收,T 日,T 日,T日（基金份额交收完成后；招募书未另行说明可卖出时点）,T+1日,T+1 日,T+2 日,T 日后的第 2 个港股通交易日后的 2 个工作日内,T 日,代收代付,T 日后的第 3 个港股通交易日后的 2 个工作日内,PASS,fund_document,用《业务规则》和参与各方相关协议的有关规定。 本基金现金申购业务中的现金替代采用实时逐笔全额结算（ Real Time Gross Settlement，简称 RTGS）模式；赎回业务涉及的现金替代采用代收代付处理；申购、赎回业务涉及的现金差额和现金替代退补款采用代收代付处理。 （1）申购的清算交收 29 投资者 T 日申购后，如交易记录已勾单且申购资金足额的，登记机构在T 日日间实时办理基金份额及现金替代的交收；T 日日间未进行勾单确认或日间资金不足的，登记机构在 T 日日终根据资金是否足额办理基金份额及现金替代的清算交收，并将结果发送给基金管理人、申购赎回代理券商和基金托管人。登记机构在 T+1 日办理现金差额的清算，并将结果发送给申购赎回代理券商、基金管理人和基金托管人。基,PENDING,not_found,T+1清算；T+2交收,T 日在证券交易所无交易的，取最近交易日的收盘价,T 日赎回申请，T 日内，基金管理人根据赎回规模进行组合证券的代理卖出,PENDING,"https://fund.eastmoney.com/gonggao/159271,AN202608101827815788.html",/Users/ellis/工具程序开发/港股通逐标的分析/临时数据/159271/159271_更新招募说明书_20260811.pdf,/Users/ellis/工具程序开发/港股通逐标的分析/临时数据/159271/159271_更新招募说明书_20260811.txt,向基金管理人/托管运营确认同日申赎是否按证券维度净额下单
46,159712,SZ,国泰中证港股通50ETF,2026-08-12,2026-08-12,2026-08-12,2026-09-09,51,必须,YES,updated,T日内,T日内,日间 RTGS/实时逐笔全额；日间未完成时日终逐笔全额非担保交收,T日日间 RTGS/实时逐笔全额交收；日间未完成时 T日日终交收,T 日,T日（基金份额交收完成后；招募书未另行说明可卖出时点）,T+1日,T+1 日,T+2 日,T 日后的第 3 个港股通交易日内,T 日收市后,代收代付,T+7 日（指开放日）内,PASS,fund_document,定。 国泰中证港股通 50 交易型开放式指数证券投资基金更新招募说明书（2026 年第一号） 32 本基金现金申购业务中的现金替代采用逐笔全额结算（T 日日间 RTGS 交收 +T 日日终逐笔全额非担保交收）处理；现金赎回业务中的现金替代采用代收代付处理；现金申购、赎回业务涉及的现金差额和现金替代退补款采用代收代付处理。 投资者 T 日现金申购后，正常情况下，如选择采用 RTGS 交收且申购资金足额的，登记机构在 T 日日间实时办理基金份额及现金替代的清算交收；T 日日间资金不足或不选择 RTGS 交收的，登记机构在 T 日收市后办理基金份额及现金替代的清算交收，并将结果发送给基金管理人、申购赎回代理券商和基金托管人。 基金管理人在 T+1 日办理现金差额的清算，在 T+2 日办,PENDING,not_found,T+2清算；T+2交收,T 日在证券交易所无交易的，取最近交易日的收盘价,T 日在证券交易所无交易的，取最近交易日的收盘价,PENDING,"https://fund.eastmoney.com/gonggao/159712,AN202608111827866335.html",/Users/ellis/工具程序开发/港股通逐标的分析/临时数据/159712/159712_更新招募说明书_20260812.pdf,/Users/ellis/工具程序开发/港股通逐标的分析/临时数据/159712/159712_更新招募说明书_20260812.txt,向基金管理人/托管运营确认同日申赎是否按证券维度净额下单
47,159126,SZ,南方中证港股通50ETF,,2025-10-10,,2026-09-09,51,必须,YES,initial_only,T日内,T日内,日间 RTGS/实时逐笔全额；日间未完成时日终逐笔全额非担保交收,T日,T日,T日（基金份额交收完成后；招募书未另行说明可卖出时点）,T+1日,T+2日,T+2日,T日后的第5个开放日内,T日,代收代付,T+7日（指开放日）内,PASS,fund_document,组合证券仅在境内证券交易所上市的ETF产品存在一定差异。在目前结算规则下，投资者当日申购的基金份额，清算交收完成后可卖出和赎回，即T日申购的ETF份额且日间完成RTGS（实时逐笔全额结算）交收，T日可卖出与赎回；T日申购的ETF份额日间未完成交收的，日终完成逐笔全额非担保交收，T+1日方可卖出和赎回；T日竞价买入的基金份额，T日可以卖出或赎回；T日大宗买入的基金份额，T日可以大宗卖出，T+1日可以竞价卖出或赎回。 投资人投资本基金时需具有深圳证券交易所A股账户或基金账户。其中，深圳证券交易所基金账户只能进行基金的现金认购和二级市场交易， 如投资人需要参与基金的申购、 赎回， 则应开立深圳证券交易所A股账户。 投资人在投资本基金之前，请仔细阅读本基金的招募说明书、基金产品资料概要和,PENDING,not_found,T+2清算；T+2交收,T日发生除息、收益分配等重要权益变动，则进行相应调整,T日收盘价（按照汇率折算为人民币，被替代证券当日在证券交易所无交易的，取最近交易日的收盘价,PENDING,"https://fund.eastmoney.com/gonggao/159126,AN202510091758972916.html",/Users/ellis/工具程序开发/港股通逐标的分析/临时数据/159126/159126_招募说明书_20251010.pdf,/Users/ellis/工具程序开发/港股通逐标的分析/临时数据/159126/159126_招募说明书_20251010.txt,东财暂未找到更新招募书，继续监测；向基金管理人/托管运营确认同日申赎是否按证券维度净额下单
48,520940,SH,华安恒指港股通ETF,2026-02-27,2026-02-27,2026-03-06,2026-09-09,87,必须,NO,updated,T日内,T日内,招募书未直接说明,T 日,T 日,T日（基金份额交收完成后；招募书未另行说明可卖出时点）,T+1日,T+1 日,T+2 日,T 日后的 3 个港股通交易日内,T 日,代收代付,T 日后的第 2 个港股通交收日后的第 2 个工作日内,PASS,fund_document,份额的交收适用业务规则的规定和参与各方相关协议的有关规定。 本基金申购业务采用实时逐笔全额结算（ Real Time Gross Settlement， 简称 RTGS）模式；赎回业务涉及的现金替代采用代收代付处理；申购、赎回业务涉及的现金差额和现金替代退补款采用代收代付处理。 1）申购的清算交收投资者 T 日申购后，如交易记录已勾单且申购资金足额的，登记机构在 T 日日间实时办理基金份额及现金替代的交收； T 日日间未进行勾单确认或日间资金不足的，登记机构在 T 日日终根据资金是否足额办理基金份额及现金替代的清算交收，并将结果发送给基金管理人、申购赎回代理券商和基金托管人。 基金管理人在 T+1 日办理现金差额的清算，并将结果发送给申购赎回代理券商、 基金管理人和基金托管人。基,PASS,fund_specific_explicit,T+1清算；T+2交收,T 日在证券交易所无交易的，取最近交易日的收盘价，交易日无收盘价的，取最后成交价）计算被替代证券的单位结算成本，在此基础上根据替代证券数量和申购现金替代保证金确定基金应退还投资者或投资者应补交的款项,T 日赎回申请，基金管理人在收到赎回确认信息后，根据赎回申请代理卖出被替代证券,PASS,"https://fund.eastmoney.com/gonggao/520940,AN202602261820068741.html",/Users/ellis/工具程序开发/港股通逐标的分析/临时数据/520940/520940_更新招募说明书_20260227.pdf,/Users/ellis/工具程序开发/港股通逐标的分析/临时数据/520940/520940_更新招募说明书_20260227.txt,
49,513550,SH,华泰柏瑞中证港股通50ETF,2025-12-24,2025-12-24,2026-03-18,2026-09-09,50,必须,NO,updated,T日内,T日内,日间 RTGS/实时逐笔全额；日间未完成时日终逐笔全额非担保交收,T 日,T 日,T日（基金份额交收完成后；招募书未另行说明可卖出时点）,T+1日,T+1 日,T+2日,T日后的第2个港股通交收日后的第2个工作日内,T 日,代收代付,自有效赎回申请之日起 7 个开放日内,PASS,fund_document,参与各方相关协议及其不时修订的有关规定。 本基金现金申购业务中的现金替代采用实时逐笔全额结算（Real Time Gross Settlement， 以下简称 RTGS）模式处理；现金赎回业务中的现金替代采用代收代付处理；现金申购、赎回业务涉及的现金差额和现金替代退补款采用代收代付处理。 投资者 T 日现金申购后，如交易记录已勾单且申购资金足额的，登记结算机构在 T 日日间实时办理基金份额及现金替代的交收；T日日间未进行勾单确认或日间资金不足的，登记结算机构在 T 日日终根据资金是否足额办理基金份额及现金替代的清算交收，并将结果发送给基金管理人、申购赎回代理券商和基金托管人。登记机构在 T+1 日办理现金差额的清算，并华泰柏瑞中证港股通 50 交易型开放式指数证券投资基金 33,PENDING,not_found,T+1清算；T+2交收,T 日（指上海证券交易所与香港交易所的共同交易日）日终，基金管理人已买入的证券，依据申购的替代金额与被替代证券的实际买入成本（包括买入价格与相关交易费用）的差额，确定基金应退还投资者或投资者应补交的款项,T 日赎回申请，在 T 日（指上海证券交易所与香港交易所的共同交易日） 内，基金管理人根据赎回申请代投资者卖出被替代证券,PENDING,"https://fund.eastmoney.com/gonggao/513550,AN202512231806602463.html",/Users/ellis/工具程序开发/港股通逐标的分析/临时数据/513550/513550_更新招募说明书_20251224.pdf,/Users/ellis/工具程序开发/港股通逐标的分析/临时数据/513550/513550_更新招募说明书_20251224.txt,向基金管理人/托管运营确认同日申赎是否按证券维度净额下单
50,159266,SZ,永赢中证港股通央企红利ETF,2026-06-30,2026-06-30,2026-06-30,2026-09-09,51,必须,YES,updated,T日内,T日内,招募书未直接说明,T日,T日,T日（基金份额交收完成后；招募书未另行说明可卖出时点）,T+1日,T日,T+2日,T日后的3个港股通交易日内,T日,代收代付,自有效赎回申请之日起7个工作日内,PASS,fund_document,现金替代、现金差额及其他对价的清算交收适用深圳证券交易所、中国证券登记结算有限责任公司相关业务规则和参与各方相关协议及其不时修订的有关规定。 本基金申购业务采用RTGS（实时逐笔全额结算）模式；赎回业务涉及的现金替代采用代收代付处理；申购、赎回业务涉及的现金差额和现金替代退补款可采用代收代付处理。 投资者T日现金申购后，如交易记录已勾单且申购资金足额的，登记机构在T日日间实时办理基金份额及现金替代的交收；T日日间未进行勾单确认或日间资金不足的，登记机构在T日日终根据资金是否足额办理基金份额及现金替代的清算交收，并将结果发送给基金管理人、申购赎回代理机构和基金托管人。基金管理人与申购赎回代理机构在T+2日办理现金差额的交收。 投资者T日赎回申请受理后，登记机构在T日收市后为投资者办,PENDING,not_found,T+?清算；T+2交收,T日后的3个港股通交易日内，基金管理人将应退款或补款与相关申购赎回代理机构办理交收,T日赎回申请，T日内基金管理人根据所卖出的被替代证券的实际单位卖出成本、实际卖出的相关费用、未卖出的被替代证券的T日收盘价（折算为人民币，折算汇率采用当天的估值汇率,PENDING,"https://fund.eastmoney.com/gonggao/159266,AN202606291826550650.html",/Users/ellis/工具程序开发/港股通逐标的分析/临时数据/159266/159266_更新招募说明书_20260630.pdf,/Users/ellis/工具程序开发/港股通逐标的分析/临时数据/159266/159266_更新招募说明书_20260630.txt,向基金管理人/托管运营确认同日申赎是否按证券维度净额下单
51,510900,SH,易方达恒生国企(QDII-ETF),2026-01-08,2026-01-08,2026-08-11,2026-09-09,50,必须,NO,updated,T+1,T+1,招募书未直接说明,T 日,T 日,T日（T日日间完成 RTGS）；T+1日（T日日终逐笔全额非担保交收）,T 日,T+1 日内,T+2 日,T+1 日后的第 3 个港股通交易日内,T 日收市后,代收代付,自有效赎回申请之日起 10 个工作日内,PASS,fund_document,投资顾问。 基金的过往业绩并不预示其未来表现。 在目前结算规则下，投资者当日申购的基金份额，清算交收完成后方可卖出和赎回， 即 T 日申购的基金份额且日间完成 RTGS(实时逐笔全额结算)交收的，T 日可卖出和赎回， 而 T 日申购的基金份额且日终完成逐笔全额非担保交收的，T+1 日方可卖出和赎回。当日买入的基金份额，同日可以赎回或卖出。由于登记结算机构对现金替代采取非净额结算交收模式，当投资者赎回申请被登记结算机构确认后，被赎回的基金份额即被记减，但此时投资者尚未收到赎回现金替代款。投资者投资本基金时需具有证券账户，证券账户是指上海证券交易所 A 股账户或上海证券交易所证券投资基金账户。 投资者投资于本基金前请认真阅读证券交易所和登记结算机构关于 ETF 的相关业务规则及其不时,PASS,fund_specific_explicit,T+1清算；T+2交收,T+1 日在证券交易所无交易的，取最近交易日的收盘价）计算被替代证券的单位结算成本，在此基础上根据替代证券数量和申购现金替代保证金确定基金应退还投资者或投资者应补交的款项，若 T 日后至 T+1 日期间发生除息、送股（转增）、配股等重要权益变动，,T+1 日内卖出组合证券中被替代的香港证券,PASS,"https://fund.eastmoney.com/gonggao/510900,AN202601071816824035.html",/Users/ellis/工具程序开发/港股通逐标的分析/临时数据/510900/510900_更新招募说明书_20260108.pdf,/Users/ellis/工具程序开发/港股通逐标的分析/临时数据/510900/510900_更新招募说明书_20260108.txt,
52,520890,SH,华泰柏瑞恒生港股通高股息低波动ETF,2026-08-13,2026-08-13,2026-03-18,2026-09-09,49,必须,NO,updated,T日内,T日内,日间 RTGS/实时逐笔全额；日间未完成时日终逐笔全额非担保交收,T日,T日,T日（基金份额交收完成后；招募书未另行说明可卖出时点）,T+1日,T+1日,T+2日,T日后的第2个港股通交收日后的第2个工作日内,T 日,代收代付,自有效赎回申请之日起7个开放日内,PASS,fund_document,方相关协议及其不时修订的有关规定。 本基金现金申购业务中的申购份额和现金替代采用实时逐笔全额结算（Real Time Gross Settlement，以下简称RTGS）模式处理；现金赎回业务中的现金替代采用代收代付处理；现金申购、赎回业务涉及的现金差额和现金替代退补款采用代收代付处理。 投资者T日现金申购后，如交易记录已勾单且申购资金足额的，登记机构在T日日间实时办理基金份额及现金替代的交收；T日日间未进行勾单确认或日间资金不足的，登记机构在T 日日终根据资金是否足额办理基金份额及现金替代的清算交收，并将结果发送给基金管理人、 申购赎回代理券商和基金托管人。登记机构在T+1日办理现金差额的清算，并将结果发送给申购赎回代理券商、基金管理人和基金托管人。基金管理人与申购赎回代理券商,PENDING,not_found,T+1清算；T+2交收,T日（指上海证券交易所与香港交易所的共同交易日）日终，基金管理人已买入的证券，依据申购的替代金额与被替代证券的实际买入成本（包括买入价格与相关交易费用）的差额，确定基金应退还投资者或投资者应补交的款项,T日赎回申请，在T日（指上海证券交易所与香港交易所的共同交易日） 内，基金管理人根据赎回申请代投资者卖出被替代证券,PENDING,"https://fund.eastmoney.com/gonggao/520890,AN202608121827910085.html",/Users/ellis/工具程序开发/港股通逐标的分析/临时数据/520890/520890_更新招募说明书_20260813.pdf,/Users/ellis/工具程序开发/港股通逐标的分析/临时数据/520890/520890_更新招募说明书_20260813.txt,向基金管理人/托管运营确认同日申赎是否按证券维度净额下单
53,159131,SZ,华宝中证港股通信息技术综合ETF,2026-09-04,2026-09-04,2026-09-04,2026-09-09,68,必须,YES,updated,T+1,T+1,招募书未直接说明,T 日,T 日,T日（基金份额交收完成后；招募书未另行说明可卖出时点）,T+1日,T+2 日内,T+2 日内,T 日后的第 2 个港股通交收日后的第 1 个工作日内,T 日,代收代付,T+1 日（指开放日）,PASS,fund_document,下，投资者当日申购的基金份额，清算交收完成后方可卖出和赎回。本基金申购业务采用实时逐笔全额结算（Real Time Gross Settlement，以下简称 RTGS）模式，投资者 T 日申购后，如交易记录已勾单且申购资金足额的，登记机构在 T 日日间实时办理基金份额及现金替代的交华宝中证港股通信息技术综合交易型开放式指数证券投资基金招募说明书（更新） 收；T 日日间未进行勾单确认或日间资金不足的，登记机构在 T 日日终根据资金是否足额办理基金份额及现金替代的清算交收。 在目前的业务规则下，投资者投资本基金时需具有深圳证券交易所 A 股账户或基金账户。其中， 深圳证券交易所基金账户只能进行基金的现金认购和二级市场交易，如投资人需要参与基金的申购、 赎回，则应开立深圳证券交易所,PENDING,not_found,T+2清算；T+2交收,T 日在证券交易所无交易的，取最近交易日的收盘价,T 日在证券交易所无交易的，取最近交易日的收盘价,PENDING,"https://fund.eastmoney.com/gonggao/159131,AN202609031828963852.html",/Users/ellis/工具程序开发/港股通逐标的分析/临时数据/159131/159131_更新招募说明书_20260904.pdf,/Users/ellis/工具程序开发/港股通逐标的分析/临时数据/159131/159131_更新招募说明书_20260904.txt,向基金管理人/托管运营确认同日申赎是否按证券维度净额下单
54,159312,SZ,广发恒指港股通ETF,2026-07-06,2026-07-06,2026-07-06,2026-09-09,88,必须,YES,updated,T日内,T日内,招募书未直接说明,T 日,T 日,T日（T日日间完成 RTGS）；T+1日（T日日终逐笔全额非担保交收）,T+1日,T+1 日内,T+2 日,T+3 日（指港股通交易日）内,T 日,代收代付,自有效赎回申请之日起 7 个开放日内,PASS,fund_document,的交收方式已经认可。 根据本基金现行适用的清算交收和申赎处理规则，投资者当日申购的基金份额，清算交收完成后方可卖出和赎回，即T 日申购的ETF 份额且日间完成 RTGS（实时逐笔全额结算）交收，T 日可卖出与赎回， 而T 日申购的 ETF 份额且日终完成逐笔全额非担保交收的，T+1 日方可卖出和赎回；T 日竞价买入的基金份额，T 日可以卖出或赎回。 由于登记结算机构对现金替代采取非净额结算交收模式，当投资者赎回申请被登记结算机构确认后，被赎回的基金份额即被记减，但此时投资者尚未收到赎回现金替代款。 投资者投资本基金时需具有证券账户，证券账户是指深圳证券交易所 A 股账户或深圳证券交易所证券投资基金账户。 本基金以 1 元初始面值进行募集，在市场波动等因素的影响下，存在单位份额净值,PENDING,not_found,T+1清算；T+2交收,T 日内，基金管理人以收到的替代金额代投资者买入被替代证券,见招募书处理程序,PENDING,"https://fund.eastmoney.com/gonggao/159312,AN202607051826729048.html",/Users/ellis/工具程序开发/港股通逐标的分析/临时数据/159312/159312_更新招募说明书_20260706.pdf,/Users/ellis/工具程序开发/港股通逐标的分析/临时数据/159312/159312_更新招募说明书_20260706.txt,向基金管理人/托管运营确认同日申赎是否按证券维度净额下单
55,513750,SH,广发中证港股通非银ETF,2026-08-26,2026-08-26,2026-08-26,2026-09-09,35,必须,NO,updated,T日内,T日内,招募书未直接说明,T 日,T 日,T日（T日日间完成 RTGS）；T+1日（T日日终逐笔全额非担保交收）,T+1日,T+1 日内,T+2 日,T+3 日（指港股通交易日）内,T 日,代收代付,自有效赎回申请之日起 7 个开放日内,PASS,fund_document,的交收方式已经认可。 根据本基金现行适用的清算交收和申赎处理规则，投资者当日申购的基金份额，清算交收完成后方可卖出和赎回，即T 日申购的ETF 份额且日间完成 RTGS（实时逐笔全额结算）交收，T 日可卖出与赎回， 而T 日申购的 ETF 份额且日终完成逐笔全额非担保交收的，T+1 日方可卖出和赎回；T 日买入的基金份额，T 日可以赎回或卖出。 由于登记结算机构对现金替代采取非净额结算交收模式，当投资者赎回申请被登记结算机构确认后，被赎回的基金份额即被记减，但此时投资者尚未收到赎回现金替代款。投资者投资本基金时需具有证券账户 ，证券账户是指上海证券交易所 A 股账户或上海证券交易所证券投资基金账户。 本基金以 1 元初始面值进行募集，在市场波动等因素的影响下，存在单位份额净值跌破,PENDING,not_found,T+1清算；T+2交收,T 日日终，基金管理人已买入的证券，依据申购现金替代保证金与被替代证券的实际买入成本（包括买入价格与相关交易费用）的差额，确定基金应退还投资者或投资者应补交的款项,T 日申购、赎回清单中公告 T 日预估现金部分,PENDING,"https://fund.eastmoney.com/gonggao/513750,AN202608251828424954.html",/Users/ellis/工具程序开发/港股通逐标的分析/临时数据/513750/513750_更新招募说明书_20260826.pdf,/Users/ellis/工具程序开发/港股通逐标的分析/临时数据/513750/513750_更新招募说明书_20260826.txt,向基金管理人/托管运营确认同日申赎是否按证券维度净额下单
56,159892,SZ,华夏恒生生物科技ETF(QDII),2026-07-20,2026-07-20,2026-05-29,2026-09-09,31,必须,YES,updated,T+1,T+1,招募书未直接说明,T 日,T 日,T日（基金份额交收完成后；招募书未另行说明可卖出时点）,T+1日,T+2 日,T+3 日,T+3 日（指深圳证券交易所和香港交易所的共同交易日）内,T 日,招募书未直接说明,T+7 日（指开放日）内,PASS,applicable_SZ_cross_border_rule,招募书未直接出现 RTGS；按适用的交易所/中国结算跨境 ETF 规则，日间 RTGS 交收，按项目口径 PASS,PENDING,risk_or_non_operational,T+3清算；T+3交收,T+1 日（指深圳证券交易所和香港交易所的共同交易日）日终，基金管理人已买入的证券，依据替代金额与被替代证券的实际买入成本（包括买入价格与相关交易费用）的差额，确定基金应退还投资者或投资者应补交的款项,T 日）成份股信息内容证券代码证券简称证券数量现金替代保证金率申购替代金额赎回替代金额挂牌市场 X X X X X X X 以上申购赎回清单仅为示例，具体以实际公布为准,PENDING,"https://fund.eastmoney.com/gonggao/159892,AN202607191827110577.html",/Users/ellis/工具程序开发/港股通逐标的分析/临时数据/159892/159892_更新招募说明书_20260720.pdf,/Users/ellis/工具程序开发/港股通逐标的分析/临时数据/159892/159892_更新招募说明书_20260720.txt,向基金管理人/托管运营确认同日申赎是否按证券维度净额下单；招募书未直接写 RTGS，保留适用规则来源
57,513860,SH,海富通中证港股通科技ETF,2026-03-12,2026-03-12,2026-03-12,2026-09-09,50,必须,NO,updated,T日内,T日内,招募书未直接说明,T 日,T 日,T日（基金份额交收完成后；招募书未另行说明可卖出时点）,T+1日,T+1 日内,T+2 日内,T 日后的第2 个工作日内,T 日,代收代付,自有效赎回申请之日起 7 个开放日内,PASS,fund_document,收适用相关业务规则和参与各方相关协议及其不时修订的有关规定。 本基金申购业务采用实时逐笔全额结算（Real Time Gross Settlement，以下简称RTGS） 模式； 赎回业务涉及的现金替代可采用代收代付处理； 申购、 赎回业务涉及的现金差额和现金替代退补款可采用代收代付处理。 1）申购的清算交收投资者 T 日现金申购后， 如交易记录已勾单且申购资金足额的， 登记结算机构在T 日日间实时办理基金份额及现金替代的交收；T 日日间未进行勾单确认或日间资金不足的， 登记结算机构在T 日日终根据资金是否足额办理基金份额及现金替代的清算交收， 并将结果发送给基金管理人、 申购赎回代理券商和基金托管人。 基金管理人在T+1 日内办理现金差额的清算， 在T+2 日内办理现金差额的交,PASS,fund_specific_explicit,T+2清算；T+2交收,T 日在证券交易所无交易的，取最近交易日的收盘价,T 日赎回申请， 基金管理人有权在T 日内任意时刻代投资者卖出小于等于被替代证券数量的任意数量的被替代证券,PASS,"https://fund.eastmoney.com/gonggao/513860,AN202603111820496071.html",/Users/ellis/工具程序开发/港股通逐标的分析/临时数据/513860/513860_更新招募说明书_20260312.pdf,/Users/ellis/工具程序开发/港股通逐标的分析/临时数据/513860/513860_更新招募说明书_20260312.txt,
58,526010,SH,汇添富中证港股通医疗主题ETF,2026-08-14,2026-08-14,2026-08-14,2026-09-09,49,必须,NO,updated,T日内,T日内,招募书未直接说明,T 日,T 日,T日（基金份额交收完成后；招募书未另行说明可卖出时点）,T+1日,T+1 日内,T+2 日内,T 日（指港股通交易日） 后的第3 个港股通交收日后的 2 个工作日内,T 日,代收代付,T 日（指港股通交易日） 后的第3 个港股通交收日后的2 个工作日内,PASS,fund_document,风险之间的匹配检验。 根据本基金现行适用的清算交收和申赎处理规则， 投资者当日申购的基金份额， 清算交收完成后方可卖出和赎回， 即T 日申购的基金份额且日间完成实时逐笔全额结算（Real Time Gross Settlement）交收的，T 日可卖出和赎回，而 T 日申购的基金份额且日终完成逐笔全额非担保交收的，T+1 日方可卖出和赎回。 投资者投资于本基金前请认真阅读证券交易所和登记机构关于 ETF 的相关业务规则及其不时的更新， 确保具备相关专业知识、 清楚了解相关规则流程后方可参与本基金的申购、 赎回及交易。 投资者一旦认购、 申购或赎回本基金， 即表示对基金认购、 申购和赎回所涉及的基金份额的证券变更登记方式以及申购赎回所涉及现金替代、现金差额等相关的交收方式已经认可。 投,PASS,fund_specific_explicit,T+2清算；T+2交收,T 日（指港股通交易日） 在证券交易所无交易的， 取最近交易日的收盘价,T 日 （指港股通交易日） 内， 基金管理人根据赎回申请代投资者卖出被替代证券,PASS,"https://fund.eastmoney.com/gonggao/526010,AN202608131827948073.html",/Users/ellis/工具程序开发/港股通逐标的分析/临时数据/526010/526010_更新招募说明书_20260814.pdf,/Users/ellis/工具程序开发/港股通逐标的分析/临时数据/526010/526010_更新招募说明书_20260814.txt,
59,159615,SZ,南方恒生生物科技ETF(QDII),2026-01-14,2026-01-14,2026-01-14,2026-09-09,31,必须,YES,updated,T日内,T日内,逐笔全额交收,T 日,T 日,T日（基金份额交收完成后；招募书未另行说明可卖出时点）,T+1日,T+2日内,T 日,T日后的第5个开放日内,T 日,代收代付,自有效赎回申请之日起10个工作日内,PASS,fund_document,"流程与标的指数组合证券仅在境内上市的ETF产品有所差异。在目前结算规则下，投资者当日申购的基金份额，清算交收完成后可卖出和赎回，即T日申购的ETF份额且日间完成RTGS（实时逐笔全额结算）交收， T日可卖出与赎回；T日申购的ETF份额日间未完成交收的，日终完成逐笔全额非担保交收， T+1日方可卖出和赎回；T日买入的基金份额，T日可以赎回。 本基金投资范围包括国内依法发行上市的存托凭证（“中国存托凭证”）,存在中国存托凭证价格大幅波动甚至出现较大亏损的风险、与中国存托凭证发行机制相关的风险等。 本基金跟踪恒生生物科技指数，存在跟踪误差控制未达约定目标、指数编制机构停止服务、成份股停牌、摘牌等潜在风险。 投资人在投资本基金之前，请仔细阅读本基金的基金合同、招募说明书和基金产品资料概要",PENDING,not_found,T+2清算；T+2交收,T日发生除息、收益分配等重要权益变动，则进行相应调整,T日，基金管理人在申购赎回清单中公布现金替代溢价比例和现金替代折价比例，并据此收取申购替代金额和支付赎回替代金额,PENDING,"https://fund.eastmoney.com/gonggao/159615,AN202601131816982239.html",/Users/ellis/工具程序开发/港股通逐标的分析/临时数据/159615/159615_更新招募说明书_20260114.pdf,/Users/ellis/工具程序开发/港股通逐标的分析/临时数据/159615/159615_更新招募说明书_20260114.txt,向基金管理人/托管运营确认同日申赎是否按证券维度净额下单
60,159167,SZ,港股通医疗ETF工银,,2026-01-16,,2026-09-09,50,必须,YES,initial_only,T日内,T日内,日间 RTGS/实时逐笔全额；日间未完成时日终逐笔全额非担保交收,T日日间 RTGS/实时逐笔全额交收；日间未完成时 T日日终交收,T 日,T日（基金份额交收完成后；招募书未另行说明可卖出时点）,T+1日,T+2 日,T+2 日,T+6 日 （指开放日） 内,T 日,代收代付,T+6 日（指开放日）内,PASS,fund_document,金替代、 现金差额及其他对价的清算交收适用深圳证券交易所、登记机构的相关规定和参与各方相关协议的有关规定。 本基金现金申购业务中的现金替代采用实时逐笔全额结算（RTGS）与日终逐笔全额非担保交收的方式处理； 现金赎回业务涉及的现金替代采用代收代付处理； 现金申购、 赎回业务涉及的现金差额和现金替代退补款采用代收代付处理。 投资者 T 日提交的现金申购申请受理后，日间完成 RTGS 交收部分，登记机构在 T 日日间实时为该投资者办理基金份额登记以及现金替代的交收；日间未完成 RTGS 交收部分， 登记机构在 T 日日终根据勾单情况及资金是否足额为投资者办理基金份额登记与现金替代的交收， 并将结果发送给申购赎回代理券商、 基金管理人和基金托管人。 基金管理人在T+2 日办理现金差额的,PENDING,not_found,T+2清算；T+2交收,T+6 日 （指开放日） 内， 基金管理人将应退款或补款的明细及汇总数据发送给登记机构， 登记机构办理现金替代多退少补资金的清算， 并将结果发送给申购赎回代理券商和结算参与人， 由相关申购赎回代理券商和结算参与人办理交收,T 日根据赎回申请代投资者卖出被替代证券,PENDING,"https://fund.eastmoney.com/gonggao/159167,AN202601151817051566.html",/Users/ellis/工具程序开发/港股通逐标的分析/临时数据/159167/159167_招募说明书_20260116.pdf,/Users/ellis/工具程序开发/港股通逐标的分析/临时数据/159167/159167_招募说明书_20260116.txt,东财暂未找到更新招募书，继续监测；向基金管理人/托管运营确认同日申赎是否按证券维度净额下单
61,520750,SH,华富中证港股通信息技术综合ETF,2026-08-28,2026-08-28,2026-07-10,2026-09-09,67,必须,NO,updated,T日内,T日内,招募书未直接说明,T日,T日,T日（基金份额交收完成后；招募书未另行说明可卖出时点）,T+1日,T+2 日内,T+2 日内,T日后的3个港股通交收日内,T 日,代收代付,T日后的4个港股通交收日内,PASS,fund_document,现金差额及其他对价的清算交收适用上海证券交易所、登记机构相关业务规则以及参与各方相关协议及其不时修订的有关规定。 本基金申购业务采用实时逐笔全额结算 （RealRTGS）模式；赎回业务涉及的现金替代采用代收代付处理；申购、赎回业务涉及的现金差额和现金替代退补款采用代收代付处理。 1）申购的清算交收投资者T日申购后，如交易记录已勾单且申购资金足额的，登记机构在T日日间实时办理基金份额及现金替代的交收；T日日间未进行勾单确认或日间资金不足的，登记机构在 T 日日终根据资金是否足额办理基金份额及现金替代的清算交收，并将结果发送给基金管理人、申购赎回代理机构和基金托管人。基金管理人在T+2 日内办理现金差额的清算交收。 2）赎回的清算交收投资人 T 日提交的赎回申请受理后，由登记机构在,PENDING,not_found,T+2清算；T+2交收,T日后的3个港股通交收日内，基金管理人将应退款或补款与相关申购赎回代理机构办理交收,T日赎回申请，T日内，基金管理人根据赎回规模进行组合证券的代理卖出,PENDING,"https://fund.eastmoney.com/gonggao/520750,AN202608271828553186.html",/Users/ellis/工具程序开发/港股通逐标的分析/临时数据/520750/520750_更新招募说明书_20260828.pdf,/Users/ellis/工具程序开发/港股通逐标的分析/临时数据/520750/520750_更新招募说明书_20260828.txt,向基金管理人/托管运营确认同日申赎是否按证券维度净额下单
62,513780,SH,景顺长城中证港股通创新药ETF,2026-06-30,2026-06-30,2026-06-30,2026-09-09,42,必须,NO,updated,T日内,T日内,招募书未直接说明,待人工复核,待人工复核,招募书未直接说明,待人工复核,待人工复核,待人工复核,T 日后的三个港股通交易日内,待人工复核,招募书未直接说明,待人工复核,PASS,fund_document,规则和参与各方相关协议的有关规定及其不时修订的有关规定。 本基金申购业务采用实时逐笔全额结算（Real Time Gross Settlement ，以下简称 RTGS）模式；赎回业务涉及的现金替代可采用代收代付处理；申购、赎回业务涉及的现金差额和现金替代退补款可采用代收代付处理。 （1）申购的清算交收投资者T 日现金申购后， 如交易记录已勾单且申购资金足额的， 登记机构在T 日日间景顺长城中证港股通创新药交易型开放式指数证券投资基金更新招募说明书 41 实时办理基金份额及现金替代的交收；T 日日间未进行勾单确认或日间资金不足的，登记机构在 T 日日终根据资金是否足额办理基金份额及现金替代的清算交收。基金管理人在 T+1 日内办理现金差额的清算，在T+2 日内办理现金差额的交收。,PENDING,risk_or_non_operational,待人工复核,T 日后的三个港股通交易日内，基金管理人将应退款或补款与相关申购赎回代理券商办理交收， 当交收期间出现港股通交易日为非港股通交收日时， 款项交收日期顺延,T 日赎回申请，基金管理人有权在 T 日内任意时刻代投资者卖出小于等于被替代证券数量的任意数量的被替代证券,PENDING,"https://fund.eastmoney.com/gonggao/513780,AN202606291826547111.html",/Users/ellis/工具程序开发/港股通逐标的分析/临时数据/513780/513780_更新招募说明书_20260630.pdf,/Users/ellis/工具程序开发/港股通逐标的分析/临时数据/513780/513780_更新招募说明书_20260630.txt,向基金管理人/托管运营确认同日申赎是否按证券维度净额下单
63,159185,SZ,鹏华中证港股通信息技术综合ETF,,2026-03-13,,2026-09-09,68,必须,YES,initial_only,T日内,T日内,日间 RTGS/实时逐笔全额；日间未完成时日终逐笔全额非担保交收,T 日,T 日,T日（基金份额交收完成后；招募书未另行说明可卖出时点）,T+1日,T日,T+2日,T+3日（指港股通交易日）内,T日,代收代付,T日后的第3个港股通交易日后的2个工作日内,PASS,fund_document,用《业务规则》和参与各方相关协议的有关规定。 本基金现金申购业务中的现金替代采用实时逐笔全额结算 （ Real Time Gross Settlement，简称RTGS）模式；赎回业务涉及的现金替代采用代收代付处理；申购、赎回业务涉及的现金差额和现金替代退补款采用代收代付处理。 （1）申购的清算交收投资者T日提交的申购申请受理后，如交易记录已勾单且申购资金足额的，登记机构在T 日日间实时办理基金份额及现金替代的交收；T日日间未进行勾单确认或日间资金不足的， 登记机构在T日日终根据资金是否足额办理基金份额及现金替代的清算交收，并将结果发送鹏华中证港股通信息技术综合交易型开放式指数证券投资基金招募说明书 38 给基金管理人、申购赎回代理券商和基金托管人。基金管理人与申购赎回代理券商在,PENDING,risk_or_non_operational,T+?清算；T+2交收,T+3日（指港股通交易日）内，基金管理人将应退款和补款的明细及汇总数据发送给登记机构，登记机构办理现金替代多退少补资金的清算，并将结果发送给相关申购赎回代理券商和基金托管人,T日赎回申请，通常情况下T日内基金管理人根据赎回规模进行组合证券的代理卖出,PENDING,"https://fund.eastmoney.com/gonggao/159185,AN202603121820527038.html",/Users/ellis/工具程序开发/港股通逐标的分析/临时数据/159185/159185_招募说明书_20260313.pdf,/Users/ellis/工具程序开发/港股通逐标的分析/临时数据/159185/159185_招募说明书_20260313.txt,东财暂未找到更新招募书，继续监测；向基金管理人/托管运营确认同日申赎是否按证券维度净额下单
64,513980,SH,景顺长城中证港股通科技ETF,2026-06-30,2026-06-30,2026-06-30,2026-09-09,50,必须,NO,updated,T日内,T日内,招募书未直接说明,T日,T日,T日（基金份额交收完成后；招募书未另行说明可卖出时点）,T 日,T+1日内,T+2日内,T 日后的三个港股通交易日内,T日,代收代付,自有效赎回申请之日起 7 个开放日内,PASS,fund_document,相关业务规则和参与各方相关协议及其不时修订的有关规定。 本基金申购业务采用实时逐笔全额结算 （Real Time Gross Settlement， 以下简称 RTGS）模式；赎回业务涉及的现金替代可采用代收代付处理；申购、赎回业务涉及的现金差额和现金替代退补款可采用代收代付处理。 （1）申购的清算交收投资者T日现金申购后，如交易记录已勾单且申购资金足额的，登记机构在T日日间实时办理基金份额及现金替代的交收；T日日间未进行勾单确认或日间资金不足的，登记机构在T日日终根据资金是否足额办理基金份额及现金替代的清算交收，并将结果发送给基金管理人、申购赎回代理券商和基金托管人。基金管理人在T+1日内办理现金差额的清算，在T+2日内办理现金差额的交收。若发生特殊情况，基金管理人可以对清算交,PENDING,risk_or_non_operational,T+2清算；T+2交收,T 日后的三个港股通交易日内，基金管理人将应退款或补款与相关申购赎回代理券商办理交收， 当交收期间出现港股通交易日为非港股通交收日时，款项交收日期顺延,T 日赎回申请，基金管理人有权在 T 日内任意时刻代投资者卖出小于等于被替代证券数量的任意数量的被替代证券,PENDING,"https://fund.eastmoney.com/gonggao/513980,AN202606291826547102.html",/Users/ellis/工具程序开发/港股通逐标的分析/临时数据/513980/513980_更新招募说明书_20260630.pdf,/Users/ellis/工具程序开发/港股通逐标的分析/临时数据/513980/513980_更新招募说明书_20260630.txt,向基金管理人/托管运营确认同日申赎是否按证券维度净额下单
65,520510,SH,华夏中证港股通医疗主题ETF,2026-06-30,2026-06-30,2026-06-30,2026-09-09,49,必须,NO,updated,T日内,T日内,招募书未直接说明,T 日,T 日,T日（基金份额交收完成后；招募书未另行说明可卖出时点）,T+1日,T 日,T+2 日内,T 日后的第2 个港股通交易日后的 2 个工作日内,T 日,代收代付,T 日后的第 3 个港股通交易日后的第 2 个工作日内,PASS,fund_document,适用相关业务规则和参与各方相关协议及其不时修订的有关规定。 本基金申购业务采用实时逐笔全额结算（Real Time Gross Settlement，以下简称 RTGS） 模式； 赎回业务涉及的现金替代可采用代收代付处理； 申购、 赎回业务涉及的现金差额和现金替代退补款可采用代收代付处理。 1）申购的清算交收投资者 T 日现金申购后，如交易记录已勾单且申购资金足额的，登记机构在 T 日日间实时办理基金份额及现金替代的交收；T 日日间未进行勾单确认或日间资金不足的， 登记机构在 T 日日终根据资金是否足额办理基金份额及现金替代的清算交收，并将结果发送给基金管理人、 申购赎回代理机构和基金托管人。 基金管理人在T+2 日内办理现金差额的交收。 2）赎回的清算交收投资者 T 日赎回申请,PENDING,risk_or_non_operational,T+1清算；T+2交收,T 日在证券交易所无交易的， 取最近交易日的收盘价,T 日内，基金管理人根据赎回规模进行被替代证券的代理卖出,PENDING,"https://fund.eastmoney.com/gonggao/520510,AN202606291826547060.html",/Users/ellis/工具程序开发/港股通逐标的分析/临时数据/520510/520510_更新招募说明书_20260630.pdf,/Users/ellis/工具程序开发/港股通逐标的分析/临时数据/520510/520510_更新招募说明书_20260630.txt,向基金管理人/托管运营确认同日申赎是否按证券维度净额下单
66,159169,SZ,广发恒生生物科技ETF,2026-07-06,2026-07-06,2026-07-06,2026-09-09,31,必须,YES,updated,T日内,T日内,招募书未直接说明,T 日,T 日,T日（T日日间完成 RTGS）；T+1日（T日日终逐笔全额非担保交收）,T+1日,T+1 日内,T+2 日,T+3 日（指港股通交易日）内,T 日,代收代付,自有效赎回申请之日起 7 个开放日内,PASS,fund_document,等相关的交收方式已经认可。 根据本基金现行适用的清算交收和申赎处理规则，投资者当日申购的基金份额，清算交收完成后方可卖出和赎回，即T日申购的ETF份额且日间完成RTGS（实时逐笔全额结算）交收，T日可卖出与赎回， 而T日申购的ETF份额且日终完成逐笔全额非担保交收的，T+1日方可卖出和赎回；T日竞价买入的基金份额，T日可以卖出或赎回。由于登记结算机构对现金替代采取非净额结算交收模式，当投资者赎回申请被登记结算机构确认后，被赎回的基金份额即被记减，但此时投资者尚未收到赎回现金替代款。 投资者投资本基金时需具有证券账户，证券账户是指深圳证券交易所 A股账户或深圳证券交易所证券投资基金账户。 本基金以1元初始面值进行募集，在市场波动等因素的影响下，存在单位份额净值跌破 1 元初始面值的,PENDING,not_found,T+1清算；T+2交收,T 日内，基金管理人以收到的替代金额代投资者买入被替代证券,见招募书处理程序,PENDING,"https://fund.eastmoney.com/gonggao/159169,AN202607051826729073.html",/Users/ellis/工具程序开发/港股通逐标的分析/临时数据/159169/159169_更新招募说明书_20260706.pdf,/Users/ellis/工具程序开发/港股通逐标的分析/临时数据/159169/159169_更新招募说明书_20260706.txt,向基金管理人/托管运营确认同日申赎是否按证券维度净额下单
67,513120,SH,广发中证香港创新药(QDII-ETF),2026-07-06,2026-07-06,2026-07-06,2026-09-09,42,必须,NO,updated,T日内,T日内,招募书未直接说明,T 日,T 日,T日（T日日间完成 RTGS）；T+1日（T日日终逐笔全额非担保交收）,T+1日,T+1 日,T+2 日,T+3 日（指上海证券交易所与香港交易所的共同交易日）内,T 日,代收代付,T 日,PASS,fund_document,易价格折溢价的风险。 根据本基金现行适用的清算交收和申赎处理规则，投资者当日申购的基金份额，清算交收完成后方可卖出和赎回，即T 日申购的ETF 份额且日间完成 RTGS（实时逐笔全额结算）交收，T 日可卖出与赎回， 而T 日申购的 ETF 份额且日终完成逐笔全额非担保交收的，T+1 日方可卖出和赎回；T 日买入的基金份额，T 日可以赎回或卖出。 投资者投资本基金时需具有证券账户，证券账户是指上海证券交易所 A 股账户或上海证券交易所证券投资基金账户。 本基金以 1 元初始面值进行募集，在市场波动等因素的影响下，存在单位份额净值跌破 1 元初始面值的风险。 基金管理人提醒投资人基金投资的 “买者自负” 原则， 在投资人作出投资决策后，基金运营状况与基金净值变化引致的投资风险，由投资,PENDING,not_found,T+1清算；T+2交收,T 日（指香港交易所交易日）日终，基金管理人已买入的证券，依据申购现金替代保证金与被替代证券的实际买入成本（包括买入价格与相关交易费用）的差额，确定基金应退还投资者或投资者应补交的款项,T 日申购、赎回清单中公告 T 日预估现金部分,PENDING,"https://fund.eastmoney.com/gonggao/513120,AN202607051826729984.html",/Users/ellis/工具程序开发/港股通逐标的分析/临时数据/513120/513120_更新招募说明书_20260706.pdf,/Users/ellis/工具程序开发/港股通逐标的分析/临时数据/513120/513120_更新招募说明书_20260706.txt,向基金管理人/托管运营确认同日申赎是否按证券维度净额下单
68,513280,SH,汇添富恒生生物科技ETF(QDII),2026-08-06,2026-08-06,2026-08-06,2026-09-09,30,必须,NO,updated,T日内,T日内,招募书未直接说明,T 日,T 日,T日（基金份额交收完成后；招募书未另行说明可卖出时点）,T+1日,T+1 日内,T+2 日内,T 日后的第 3 个港股通交易日内,T 日,代收代付,自有效赎回申请之日起 10 个开放日内,PASS,fund_document,的指数相似的风险收益特征。 根据本基金现行适用的清算交收和申赎处理规则， 投资者当日申购的基金份额，清算交收完成后方可卖出和赎回，即T日申购的基金份额且日间完成实时逐笔全额结算（Real Time Gross Settlement）交收的，T日可卖出和赎回，而T日申购的基金份额且日终完成逐笔全额非担保交收的，T+1日方可卖出和赎回。 投资有风险， 投资者在进行投资决策前， 请仔细阅读本基金的 《招募说明书》 、 《基金合同》 、 基金产品资料概要等信息披露文件， 并根据自身的投资目的、 投资期限、投资经验、资产状况等判断基金是否和投资者的风险承受能力相适应， 自主判断基金的投资价值，自主做出投资决策，自行承担投资风险。 基金的过往业绩并不预示其未来表现， 基金管理人管理的其他基金的业,PASS,fund_specific_explicit,T+2清算；T+2交收,T 日在证券交易所无交易的，取最近交易日的收盘价,T 日赎回申请，在 T 日内，基金管理人可以通过在香港市场交易或港股通等方式代投资者卖出被替代证券,PASS,"https://fund.eastmoney.com/gonggao/513280,AN202608051827677097.html",/Users/ellis/工具程序开发/港股通逐标的分析/临时数据/513280/513280_更新招募说明书_20260806.pdf,/Users/ellis/工具程序开发/港股通逐标的分析/临时数据/513280/513280_更新招募说明书_20260806.txt,
69,159506,SZ,富国恒生港股通创新药及医疗保健ETF,2026-06-11,2026-06-11,2026-05-08,2026-09-09,41,必须,YES,updated,T日内,T日内,招募书未直接说明,T 日,T 日,T日（T日日间完成 RTGS）；T+1日（T日日终逐笔全额非担保交收）,T+1日,T+1 日,T+2 日,T 日后的 5 个工作日内,T 日,代收代付,T 日后的第 4 个港股通交收日后的 1 个工作日内,PASS,fund_document,份额持有人大会审议。 根据本基金现行适用的清算交收和申赎处理规则， 投资者当日申购的基金份额，清算交收完成后方可卖出和赎回，即 T 日申购的基金份额且日间完成 RTGS （实时逐笔全额结算）交收的，T 日可卖出和赎回，而T 日申购的基金份额且日终完成逐笔全额非担保交收的，T+1 日方可卖出和赎回；T 日竞价买入的基金份额，T 日可以卖出或赎回；T 日大宗买入的基金份额，T 日可以大宗卖出，T+1 日可以竞价卖出或赎回。 投资有风险， 投资者认购 （或申购） 基金时应认真阅读本招募说明书、 基金合同、 基金产品资料概要等信息披露文件， 自主判断基金的投资价值， 自主做出投资决策，自行承担投资风险。基金管理人提醒投资者基金投资的“买者自负” 原则， 在投资者作出投资决策后， 基金运营,PENDING,not_found,T+2清算；T+2交收,T 日后的 5 个工作日内， 基金管理人将应退款或补款与相关申购赎回代理机构办理交收,T 日赎回申请，T 日内基金管理人根据赎回规模进行组合证券的代理卖出,PENDING,"https://fund.eastmoney.com/gonggao/159506,AN202606111823444520.html",/Users/ellis/工具程序开发/港股通逐标的分析/临时数据/159506/159506_更新招募说明书_20260611.pdf,/Users/ellis/工具程序开发/港股通逐标的分析/临时数据/159506/159506_更新招募说明书_20260611.txt,向基金管理人/托管运营确认同日申赎是否按证券维度净额下单
70,520690,SH,博时恒生港股通创新药精选ETF,2025-11-28,2025-11-28,2026-06-26,2026-09-09,48,必须,NO,updated,T日内,T日内,日间 RTGS/实时逐笔全额；日间未完成时日终逐笔全额非担保交收,T 日收市后,T 日收市后,T日（基金份额交收完成后；招募书未另行说明可卖出时点）,T+1日,T+2 日内,T+2 日内,T 日后的两个工作日内,T 日,代收代付,自有效赎回申请之日起 7 个开放日内,PASS,fund_document,务规则和参与各方相关协议的有关规定。 博时恒生港股通创新药精选交易型开放式指数证券投资基金更新招募说明书第 45页共 139页本基金现金申购业务中的现金替代采用实时逐笔全额结算 （Real Time Gross Settlement）模式；现金赎回业务中的现金替代采用代收代付处理； 现金申购、赎回业务涉及的现金差额和现金替代退补款采用代收代付处理。 投资者 T 日申购成功后，登记机构在 T 日收市后为投资者办理基金份额的交收登记以及现金替代的清算和交收；在 T+2 日内办理现金差额的清算交收，并将结果发送给申购赎回代理券商、基金管理人和基金托管人。若发生特殊情况，基金管理人可以对清算交收日期进行相应调整。 投资者 T 日赎回成功后，登记机构在 T 日收市后办理基金份额的注销；在 T+,PENDING,not_found,T+2清算；T+2交收,T 日后的两个工作日内，基金管理人将应退款或补款与相关申购赎回代理机构办理交收,T 日（指开放日）无交易的，取最近交易日的收盘价,PENDING,"https://fund.eastmoney.com/gonggao/520690,AN202511271789422767.html",/Users/ellis/工具程序开发/港股通逐标的分析/临时数据/520690/520690_更新招募说明书_20251128.pdf,/Users/ellis/工具程序开发/港股通逐标的分析/临时数据/520690/520690_更新招募说明书_20251128.txt,向基金管理人/托管运营确认同日申赎是否按证券维度净额下单
71,520810,SH,易方达中证港股通高股息投资ETF,,2025-11-28,2026-08-11,2026-09-09,30,必须,NO,initial_only,T日内,T日内,招募书未直接说明,T 日,T 日,T日（T日日间完成 RTGS）；T+1日（T日日终逐笔全额非担保交收）,T+1日,T+1 日内,T+3 日内,T 日后的 3 个港股通交易日内,T 日收市后,代收代付,自有效赎回申请之日起 7 个工作日内,PASS,fund_document,息泄露的风险等。 7、根据本基金现行适用的清算交收和申赎处理规则，投资者当日申购的基金份额， 清算交收完成后方可卖出和赎回，即 T 日申购的基金份额且日间完成 RTGS（实时逐笔全额结算）交收，T 日可卖出和赎回，而 T 日申购的基金份额且日终完成逐笔全额非担保交收， T+1 日方可卖出和赎回；T 日买入的基金份额，T 日可以赎回或卖出。 投资者投资于本基金前请认真阅读证券交易所和登记结算机构关于 ETF 的相关业务规则及其不时的更新，确保具备相关专业知识、清楚了解相关规则流程后方可参与本基金的认购、申购、赎回及交易。投资者一旦认购、申购或赎回本基金，即表示对基金认购、申购和赎回所涉及的登记方式以及申购赎回所涉及现金替代、现金差额等相关的交收方式及业务规则已经认可。 8、基金管理,PASS,fund_specific_explicit,T+1清算；T+3交收,T 日后的 3 个港股通交易日内，基金管理人将成份证券的应退款或补款与相关申购赎回代理券商办理交收，当交收期间出现港股通交易日为非港股通交收日时，款项交收日期顺延,T 日内卖出组合证券中被替代的成份证券,PENDING,"https://fund.eastmoney.com/gonggao/520810,AN202511281789756362.html",/Users/ellis/工具程序开发/港股通逐标的分析/临时数据/520810/520810_招募说明书_20251128.pdf,/Users/ellis/工具程序开发/港股通逐标的分析/临时数据/520810/520810_招募说明书_20251128.txt,东财暂未找到更新招募书，继续监测
72,159545,SZ,易方达恒生港股通高股息低波动ETF,2026-01-14,2026-01-14,2026-08-11,2026-09-09,50,必须,YES,updated,T日内,T日内,招募书未直接说明,T 日,T 日,T日（T日日间完成 RTGS）；T+1日（T日日终逐笔全额非担保交收）,T+1日,T+1 日,T 日,T 日后的三个港股通交易日内,T 日,招募书未直接说明,自有效赎回申请之日起 7 个工作日内,PASS,fund_document,易结算风险、基金投资非公开信息泄露的风险等。 6、在目前结算规则下，投资者当日申购的基金份额，清算交收完成后方可卖出和赎回，即 T 日申购的基金份额且日间完成 RTGS（实时逐笔全额结算）交收的，T 日可卖出和赎回，而 T 日申购的基金份额且日终完成逐笔全额非担保交收的，T+1 日方可卖出和赎回； T 日竞价买入的基金份额，T 日可以卖出或赎回；T 日大宗买入的基金份额，T 日可以大宗卖出，T+1 日可以竞价卖出或赎回。 投资者投资于本基金前请认真阅读证券交易所和登记结算机构关于 ETF 的相关业务规则及其不时的更新，确保具备相关专业知识、清楚了解相关规则流程后方可参与本基金的认购、申购、赎回及交易。投资者一旦认购、申购或赎回本基金，即表示对基金认购、申购和赎回所涉及的登记方式以,PENDING,not_found,T+1清算；T+1交收,T 日后的三个港股通交易日内，基金管理人将应退款或补款与相关申购赎回代理券商办理交收，当交收期间出现港股通交易日为非港股通交收日时 ，款项交收日期顺延,T 日赎回申请，基金管理人根据 T 日所卖出的被替代港市成份证券的实际单位卖出金额（扣除相关费用，折算为人民币）和未卖出的被替代港市成份证券的 T 日收盘价（折算为人民币，折算汇率采用当天的估值汇率，被替代证券当日在证券交易所无交易的，取最近交易,PENDING,"https://fund.eastmoney.com/gonggao/159545,AN202601131816986895.html",/Users/ellis/工具程序开发/港股通逐标的分析/临时数据/159545/159545_更新招募说明书_20260114.pdf,/Users/ellis/工具程序开发/港股通逐标的分析/临时数据/159545/159545_更新招募说明书_20260114.txt,向基金管理人/托管运营确认同日申赎是否按证券维度净额下单
73,513800,SH,南方顶峰TOPIX(ETF-QDII),2026-08-12,2026-08-12,2026-08-12,2026-09-09,1,必须,NO,updated,T+1,T+1,招募书未直接说明,T日,T日,T日（基金份额交收完成后；招募书未另行说明可卖出时点）,T+1日,T日,T日,T+1日后的第3个上海证券交易所和东京证券交易所的共同交易日内,T日,代收代付,自有效赎回申请之日起10个工作日内,PASS,fund_document,适用相关《业务规则》和参与各方相关协议及其不时修订的有关规定。本基金申购业务采用实时逐笔全额结算（Real Time Gross Settlement，以下简称RTGS）模式；赎回业务涉及的现金替代可采用代收代付处理；申购、赎回业务涉及的现金差额和现金替代退补款可采用代收代付处理。 投资者T日现金申购后，如交易记录已勾单且申购资金足额的，登记机构在T日日间实时办理基金份额及现金替代的交收；T日日间未进行勾单确认或日间资金不足的，登记机构在T日日终根据资金是否足额办理基金份额及现金替代的清算交收， 在T+1日办理现金差额的清算，并将结果发送给基金管理人、申购赎回代理券商和基金托管人。基金管理人与申购赎回代理券商在T+2日办理现金差额的交收。 投资者T 日赎回申请受理后，登记机构在T,PENDING,not_found,T+1清算；T+1交收,T日后至T+1日期间被替代的证券发生重要权益变动，则进行相应调整,T日现金赎回申请，基金管理人将在T+1日内，卖出相应的成份证券,PENDING,"https://fund.eastmoney.com/gonggao/513800,AN202608111827864224.html",/Users/ellis/工具程序开发/港股通逐标的分析/临时数据/513800/513800_更新招募说明书_20260812.pdf,/Users/ellis/工具程序开发/港股通逐标的分析/临时数据/513800/513800_更新招募说明书_20260812.txt,向基金管理人/托管运营确认同日申赎是否按证券维度净额下单
74,159130,SZ,鹏华恒生生物科技ETF,2026-08-06,2026-08-06,2026-08-06,2026-09-09,31,必须,YES,updated,T日内,T日内,日间 RTGS/实时逐笔全额；日间未完成时日终逐笔全额非担保交收,T 日,T 日,T日（T日日间完成 RTGS）；T+1日（T日日终逐笔全额非担保交收）,T+1日,T 日,T+2 日,T+3 日（指港股通交易日）内,T 日,代收代付,T 日后的第 3 个港股通交易日后的 2 个工作日内,PASS,fund_document,与基金的申购、赎回，则应开立深圳 A 股账户。 在目前结算规则下，投资者当日申购的基金份额，清算交收完成后方可卖出和赎回， 即 T 日申购的基金份额且日间完成 RTGS（实时逐笔全额结算）交收的，T 日可卖出和赎回，而 T 日申购的基金份额且日终完成逐笔全额非担保交收的，T+1 日方可卖出和赎回。T 日竞价买入的基金份额，T 日可以卖出或赎回；T 日大宗买入的基金份额，T 日可以大宗卖出，T+1 日可以竞价卖出或赎回。由于登记机构对赎回的现金替代采取非净额结算交收模式，当投资者赎回申请被登记机构确认后，被赎回的基金份额即被记减，但此时投资者尚未收到赎回现金替代款。 5 基金的过往业绩并不预示其未来表现，基金管理人管理的其他基金的业绩并不构成对本基金表现的保证。 基金管理人依照恪尽,PENDING,risk_or_non_operational,T+?清算；T+2交收,T+3 日（指港股通交易日）内，基金管理人将应退款和补款的明细及汇总数据发送给登记机构，登记机构办理现金替代多退少补资金的清算，并将结果发送给相关申购赎回代理券商和基金托管人,T 日赎回申请，通常情况下 T 日内基金管理人根据赎回规模进行组合证券的代理卖出,PENDING,"https://fund.eastmoney.com/gonggao/159130,AN202608061827696128.html",/Users/ellis/工具程序开发/港股通逐标的分析/临时数据/159130/159130_更新招募说明书_20260806.pdf,/Users/ellis/工具程序开发/港股通逐标的分析/临时数据/159130/159130_更新招募说明书_20260806.txt,向基金管理人/托管运营确认同日申赎是否按证券维度净额下单
75,520930,SH,国泰恒生生物科技ETF,,2026-01-08,,2026-09-09,30,必须,NO,initial_only,T日内,T日内,招募书未直接说明,T 日,T 日,T日（基金份额交收完成后；招募书未另行说明可卖出时点）,T+1日,T+1 日内,T+2 日内,T 日后的 3 个港股通交收日内,T 日收市后,代收代付,自有效赎回申请之日起 7 个开放日内,PASS,fund_document,记机构相关业务规则以及参与各方相关协议及其不时修订的有关规定。 本基金申购业务采用实时逐笔全额结算（Real Time Gross Settlement，简称 RTGS）模式；赎回业务涉及的现金替代采用代收代付处理；申购、赎回业务涉及的现金差额和现金替代退补款采用代收代付处理。 投资者 T 日申购后，如交易记录已勾单且申购资金足额的，登记机构在 T 日日间实时办理基金份额及现金替代的交收；T 日日间未进行勾单确认或日间资金不足的，登记机构在 T 日日终根据资金是否足额办理基金份额及现金替代的清算交收；在 T+1 日内办理现金差额的清算，并将结果发送给申购赎回代理券商、基金管理人和基金托管人。基金管理人与申购赎回代理券商在 T+2 日内办理现金差额的交收。 投资者 T 日赎回申请受,PENDING,not_found,T+1清算；T+2交收,T 日后的 3 个港股通交收日内，基金管理人将应退款或补款与相关机构办理交收,T 日赎回申请，基金管理人在 T 日内卖出组合证券中被替 44 代证券,PENDING,"https://fund.eastmoney.com/gonggao/520930,AN202601071816822412.html",/Users/ellis/工具程序开发/港股通逐标的分析/临时数据/520930/520930_招募说明书_20260108.pdf,/Users/ellis/工具程序开发/港股通逐标的分析/临时数据/520930/520930_招募说明书_20260108.txt,东财暂未找到更新招募书，继续监测；向基金管理人/托管运营确认同日申赎是否按证券维度净额下单
76,159316,SZ,易方达恒生港股通创新药ETF,2026-03-06,2026-03-06,2026-08-11,2026-09-09,41,必须,YES,updated,T日内,T日内,招募书未直接说明,T 日,T 日,T日（T日日间完成 RTGS）；T+1日（T日日终逐笔全额非担保交收）,T+1日,T 日,T+2 日内,T 日后的三个港股通交易日内,T 日,招募书未直接说明,自有效赎回申请之日起 7 个工作日内,PASS,fund_document,场交易互联互通机制投资的风险详见招募说明书。 6、在目前结算规则下，投资者当日申购的基金份额，清算交收完成后方可卖出和赎回，即 T 日申购的基金份额且日间完成 RTGS（实时逐笔全额结算）交收的，T 日可卖出和赎回，而 T 日申购的基金份额且日终完成逐笔全额非担保交收的，T+1 日方可卖出和赎回； T 日竞价买入的基金份额，T 日可以卖出或赎回；T 日大宗买入的基金份额，T 日可以大宗卖出，T+1 日可以竞价卖出或赎回。 投资者投资于本基金前请认真阅读证券交易所和登记结算机构关于 ETF 的相关业务规则及其不时的更新，确保具备相关专业知识、清楚了解相关规则流程后方可参与本基金的申购、赎回及交易。投资者一旦申购或赎回本基金，即表示对基金申购和赎回所涉及的登记方式以及申购赎回所涉及现,PASS,fund_specific_explicit,T+?清算；T+2交收,T 日收盘价（折算为人民币，被替代证券当日在证券交易所无交易的，取最近交易日的收盘价,T 日内卖出组合证券中被替代证券,PASS,"https://fund.eastmoney.com/gonggao/159316,AN202603051820309034.html",/Users/ellis/工具程序开发/港股通逐标的分析/临时数据/159316/159316_更新招募说明书_20260306.pdf,/Users/ellis/工具程序开发/港股通逐标的分析/临时数据/159316/159316_更新招募说明书_20260306.txt,
77,159102,SZ,华安恒生生物科技ETF,2026-06-26,2026-06-26,2026-06-26,2026-09-09,31,必须,YES,updated,T日内,T日内,招募书未直接说明,T 日,T 日,T日（基金份额交收完成后；招募书未另行说明可卖出时点）,T+1日,T+1 日,T+2 日,T 日后的 3 个港股通交易日内,T 日,代收代付,T 日后的 5 个港股通交易日内,PASS,fund_document,金份额的交收适用业务规则的规定和参与各方相关协议的有关规定。 本基金申购业务采用实时逐笔全额结算（Real Time Gross Settlement， 简称 RTGS）模式；赎回业务涉及的现金替代采用代收代付处理；申购、赎回业务涉及的现金差额和现金替代退补款采用代收代付处理。 1）申购的清算交收投资者 T 日申购后，如交易记录已勾单且申购资金足额的，登记机构在 T 日日间实时办理基金份额及现金替代的交收；T 日日间未进行勾单确认或日间资金不足的，登记机构在 T 日日终根据资金是否足额办理基金份额及现金替代的清算交收，并将结果发送给基金管理人、申购赎回代理券商和基金托管人。 基金管理人在 T+1 日办理现金差额的清算，并将结果发送给申购赎回代理券商、 基金管理人和基金托管人。基金,PENDING,risk_or_non_operational,T+1清算；T+2交收,T 日在证券交易所无交易的，取最近交易日的收盘价，交易日无收盘价的，取最后成交价）计算被替代证券的单位结算成本，在此基础上根据替代证券数量和申购替代金额确定基金应退还投资者或投资者应补交的款项,T 日赎回申请，基金管理人在收到赎回确认信息后，根据赎回申请代理卖出被替代证券,PENDING,"https://fund.eastmoney.com/gonggao/159102,AN202606251823852371.html",/Users/ellis/工具程序开发/港股通逐标的分析/临时数据/159102/159102_更新招募说明书_20260626.pdf,/Users/ellis/工具程序开发/港股通逐标的分析/临时数据/159102/159102_更新招募说明书_20260626.txt,向基金管理人/托管运营确认同日申赎是否按证券维度净额下单
78,520500,SH,华泰柏瑞恒生创新药ETF,2026-01-10,2026-01-10,2026-03-18,2026-09-09,40,必须,NO,updated,T日内,T日内,招募书未直接说明,T 日,T 日,T日（基金份额交收完成后；招募书未另行说明可卖出时点）,T+1日,T+1 日,T+2日,T日后的第2个港股通交收日后的第2个工作日内,T 日,代收代付,T+7 日（指开放日）内,PASS,fund_document,及时查询并妥善行使合法权利。 3、申购和赎回的清算交收与登记本基金申购业务采用实时逐笔全额结算（Real Time Gross Settlement，以下简称 RTGS） 模式；赎回业务涉及的现金替代可采用代收代付处理；申购、赎回业务涉及的现金差额和现金替代退补款可采用代收代付处理。 （1）申购的清算交收投资者 T 日现金申购后，如交易记录已勾单且申购资金足额的，登记结算机构在 T 日日间实时办理基金份额及现金替代的交收；T日日间未进行勾单确认或日间资金不足的，登记结算机构在 T 日日终根据资金是否足额办理基金份额及现金替代的清算交收，并将结果发送给基金管理人、申购赎回代理券商和基金托管人。基金管理人通过登记结算机构在 T+1 日办理现金差额的清算，在T+2日办理现金差额的交收。,PENDING,not_found,T+2清算；T+2交收,T 日（指上海证券交易所与香港交易所的共同交易日）日终，基金管理人已买入的证券，依据申购的替代金额与被替代证券的实际买入成本（包括买入价格与相关交易费用）的差额，确定基金应退还投资者或投资者应补交的款项,T日后的第2个港股通交收日后的第2个工作日内，基金管理人将应支付的赎回替代金额与相关申购赎回代理机构办理交收,PENDING,"https://fund.eastmoney.com/gonggao/520500,AN202601091816885641.html",/Users/ellis/工具程序开发/港股通逐标的分析/临时数据/520500/520500_更新招募说明书_20260110.pdf,/Users/ellis/工具程序开发/港股通逐标的分析/临时数据/520500/520500_更新招募说明书_20260110.txt,向基金管理人/托管运营确认同日申赎是否按证券维度净额下单
79,520970,SH,嘉实中证港股通创新药ETF,2026-06-30,2026-06-30,2026-06-11,2026-09-09,42,必须,NO,updated,T日内,T日内,招募书未直接说明,T 日,T 日,T日（基金份额交收完成后；招募书未另行说明可卖出时点）,T+1日,T+1 日内,T+3 日内,T+3 日（指开放日）内,T 日收市后,代收代付,自有效赎回申请之日起 7 个开放日内,PASS,fund_document,关业务规则和参与各方相关协议及其不时修订的有关规定。 对于本基金的申购业务采用实时逐笔全额结算（Real Time Gross Settlement，以下简称 RTGS）模式；赎回业务涉及的现金替代采用代收代付处理；申购、赎回业务涉及的现金差额和现金替代退补款采用代收代付处理。 投资者T 日现金申购后， 如交易记录已勾单且申购资金足额的， 登记结算机构在T 日日间实时办理基金份额及现金替代的交收；T 日日间未进行勾单确认或日间资金不足的， 登记结算机构在 T 日日终根据资金是否足额办理基金份额及现金替代的清算交收；在T+1 日内办理现金差额的清算， 并将结果发送给申购赎回代理券商、 基金管理人和基金托管人。 基金管理人与申购赎回代理券商在T+3 日内办理现金差额的交收。 投资者,PENDING,not_found,T+1清算；T+3交收,T 日在证券交易所无交易的，取最近交易日的收盘价,T 日赎回申请，T 日内， 基金管理人根据赎回规模进行组合证券的代理卖出,PENDING,"https://fund.eastmoney.com/gonggao/520970,AN202606291826547115.html",/Users/ellis/工具程序开发/港股通逐标的分析/临时数据/520970/520970_更新招募说明书_20260630.pdf,/Users/ellis/工具程序开发/港股通逐标的分析/临时数据/520970/520970_更新招募说明书_20260630.txt,向基金管理人/托管运营确认同日申赎是否按证券维度净额下单
80,520760,SH,摩根恒生生物科技ETF,2026-05-14,2026-05-14,2026-05-14,2026-09-09,30,必须,NO,updated,T日内,T日内,招募书未直接说明,T 日收市后,T 日收市后,T日（基金份额交收完成后；招募书未另行说明可卖出时点）,T+1日,T+1 日内,T+2 日,T 日后的第二个港股通交易日后的两个工作日内,T 日收市后,招募书未直接说明,T 日后的第三个港股通交易日后的两个工作日内,PASS,applicable_SH_cross_border_rule,招募书未直接出现 RTGS；按适用的交易所/中国结算跨境 ETF 规则，日间 RTGS 交收，按项目口径 PASS,PENDING,not_found,T+2清算；T+2交收,T 日后的第二个港股通交易日后的两个工作日内， 基金管理人将应退款或补款与相关申购赎回代理机构办理交收,T 日无交易的，取最近交易日的收盘价,PENDING,"https://fund.eastmoney.com/gonggao/520760,AN202605131822277092.html",/Users/ellis/工具程序开发/港股通逐标的分析/临时数据/520760/520760_更新招募说明书_20260514.pdf,/Users/ellis/工具程序开发/港股通逐标的分析/临时数据/520760/520760_更新招募说明书_20260514.txt,向基金管理人/托管运营确认同日申赎是否按证券维度净额下单；招募书未直接写 RTGS，保留适用规则来源
81,513930,SH,华泰柏瑞恒生生物科技ETF,,2026-02-04,2026-03-20,2026-09-09,30,必须,NO,initial_only,T日内,T日内,日间 RTGS/实时逐笔全额；日间未完成时日终逐笔全额非担保交收,T 日,T 日,T日（基金份额交收完成后；招募书未另行说明可卖出时点）,T+1日,T+1 日,T+2 日,T 日后的第 2 个港股通交收日后的第 2 个工作日内,T 日,代收代付,自有效赎回申请之日起 7 个开放日内,PASS,fund_document,关协议及其不时修订的有关规定。 本基金现金申购业务中的申购份额和现金替代采用实时逐笔全额结算（ Real Time Gross Settlement，以下简称 RTGS）模式处理；现金赎回业务中的现金替代采用代收代付处理；现金华泰柏瑞恒生生物科技交易型开放式指数证券投资基金招募说明书 36 申购、赎回业务涉及的现金差额和现金替代退补款采用代收代付处理。 投资者 T 日现金申购后，如交易记录已勾单且申购资金足额的，登记机构在 T 日日间实时办理基金份额及现金替代的交收；T 日日间未进行勾单确认或日间资金不足的，登记机构在 T 日日终根据资金是否足额办理基金份额及现金替代的清算交收，并将结果发送给基金管理人、 申购赎回代理券商和基金托管人。登记机构在 T+1 日办理现金差额的清算，并,PENDING,not_found,T+1清算；T+2交收,T 日 （指上海证券交易所与香港交易所的共同交易日） 日终， 基金管理人已买入的证券， 依据申购的替代金额与被替代证券的实际买入成本（包括买入价格与相关交易费用）的差额， 确定基金应退还投资者或投资者应补交的款项,T 日赎回申请，在 T 日（指上海证券交易所与香港交易所的共同交易日） 内，基金管理人根据赎回申请代投资者卖出被替代证券,PENDING,"https://fund.eastmoney.com/gonggao/513930,AN202602031819647662.html",/Users/ellis/工具程序开发/港股通逐标的分析/临时数据/513930/513930_招募说明书_20260204.pdf,/Users/ellis/工具程序开发/港股通逐标的分析/临时数据/513930/513930_招募说明书_20260204.txt,东财暂未找到更新招募书，继续监测；向基金管理人/托管运营确认同日申赎是否按证券维度净额下单
82,526050,SH,招商中证港股通信息技术综合ETF,,2026-04-02,,2026-09-09,67,必须,NO,initial_only,T日内,T日内,招募书未直接说明,T 日,T 日,T日（基金份额交收完成后；招募书未另行说明可卖出时点）,T+1日,T+1 日内,T+2 日内,T 日后的3 个工作日内,T 日,代收代付,T 日后的第 2 个港股通交收日后的 2 个工作日内,PASS,fund_document,份额的交收适用《业务规则》和参与各方相关协议的有关规定。 本基金申购业务采用实时逐笔全额结算（Real Time Gross Settlement ，以下简称 RTGS）模式；赎回业务涉及的现金替代可采用代收代付处理；申购、赎回业务涉及的现金差额和现金替代退补款可采用代收代付处理。 招商中证港股通信息技术综合交易型开放式指数证券投资基金招募说明书 33 投资者T 日现金申购后，如交易记录已勾单且申购资金足额的，登记机构在T 日日间实时办理基金份额及现金替代的交收；T 日日间未进行勾单确认或日间资金不足的，登记机构在T 日日终根据资金是否足额办理基金份额及现金替代的清算交收，并将结果发送给基金管理人、申购赎回代理机构和基金托管人。登记机构在T+1 日内办理现金差额的清算，在T+2,PENDING,not_found,T+2清算；T+2交收,T 日在证券交易所无交易的， 取最近交易日的收盘价,T 日赎回申请，T 日（指上海证券交易所和香港交易所的共同交易日）内，基金管理人根据赎回规模进行组合证券的代理卖出,PENDING,"https://fund.eastmoney.com/gonggao/526050,AN202604011820957407.html",/Users/ellis/工具程序开发/港股通逐标的分析/临时数据/526050/526050_招募说明书_20260402.pdf,/Users/ellis/工具程序开发/港股通逐标的分析/临时数据/526050/526050_招募说明书_20260402.txt,东财暂未找到更新招募书，继续监测；向基金管理人/托管运营确认同日申赎是否按证券维度净额下单
83,159569,SZ,景顺长城国证港股通红利低波动率ETF,2026-08-27,2026-08-27,2026-08-27,2026-09-09,31,必须,YES,updated,T日内,T日内,招募书未直接说明,T日日间 RTGS/实时逐笔全额交收；日间未完成时 T日日终交收,待人工复核,T日（T日日间完成 RTGS）；T+1日（T日日终逐笔全额非担保交收）,T+1日,T+1日,待人工复核,T 日后的第 4 个港股通交收日后的 1 个工作日内,待人工复核,招募书未直接说明,待人工复核,PASS,fund_document,持有人大会审议。 （八）根据本基金现行适用的清算交收和申赎处理规则，投资者当日申购的基金份额，清算交收完成后方可卖出和赎回，即 T 日申购的基金份额且日间完成 RTGS（实时逐笔全额结算）交收的，T 日可卖出和赎回，而 T 日申购的基金份额且日终完成逐笔全额非担保交收的，T+1 日方可卖出和赎回；T 日竞价买入的基金份额，T 日可以卖出或赎回；T 日大宗买入的基金份额，T 日可以大宗卖出，T+1 日可以竞价卖出或赎回。 （九）投资人在投资本基金前，请认真阅读本招募说明书，全面认识本基金产品的风险收益特征和产品特性，充分考虑自身的风险承受能力，理性判断市场，对认购和/或申购基金的意愿、时机、数量等投资行为作出独立决策，获得基金投资收益，亦承担基金投资中出现的各类风险。投资本基金可能,PENDING,risk_or_non_operational,待人工复核,T 日后的第 4 个港股通交收日后的 1 个工作日内， 基金管理人将应退款或补款与相关申购赎回代理机构办理交收,T 日赎回申请，基金管理人有权在 T 日内任意时刻代投资者卖出小于等于被替代证券数量的任意数量的被替代证券,PENDING,"https://fund.eastmoney.com/gonggao/159569,AN202608261828488591.html",/Users/ellis/工具程序开发/港股通逐标的分析/临时数据/159569/159569_更新招募说明书_20260827.pdf,/Users/ellis/工具程序开发/港股通逐标的分析/临时数据/159569/159569_更新招募说明书_20260827.txt,向基金管理人/托管运营确认同日申赎是否按证券维度净额下单
84,520950,SH,摩根恒生港股通50ETF,2026-05-14,2026-05-14,2026-05-14,2026-09-09,51,必须,NO,updated,T日内,T日内,招募书未直接说明,T 日收市后,T 日收市后,T日（基金份额交收完成后；招募书未另行说明可卖出时点）,T+1日,T+1 日内,T+2 日,T 日后的第二个港股通交易日后的两个工作日内,T 日收市后,招募书未直接说明,T 日后的第三个港股通交易日后的两个工作日内,PASS,applicable_SH_cross_border_rule,招募书未直接出现 RTGS；按适用的交易所/中国结算跨境 ETF 规则，日间 RTGS 交收，按项目口径 PASS,PENDING,not_found,T+2清算；T+2交收,T 日后的第二个港股通交易日后的两个工作日内， 基金管理人将应退款或补款与相关申购赎回代理机构办理交收,T 日无交易的，取最近交易日的收盘价,PENDING,"https://fund.eastmoney.com/gonggao/520950,AN202605131822277089.html",/Users/ellis/工具程序开发/港股通逐标的分析/临时数据/520950/520950_更新招募说明书_20260514.pdf,/Users/ellis/工具程序开发/港股通逐标的分析/临时数据/520950/520950_更新招募说明书_20260514.txt,向基金管理人/托管运营确认同日申赎是否按证券维度净额下单；招募书未直接写 RTGS，保留适用规则来源
85,513820,SH,汇添富中证港股通高股息投资ETF,2026-04-17,2026-04-17,2026-04-17,2026-09-09,30,必须,NO,updated,T日内,T日内,招募书未直接说明,T日,T日,T日（基金份额交收完成后；招募书未另行说明可卖出时点）,T+1日,T+1日内,T+2日内,T日（指港股通交易日） 后的第3个港股通交收日后的2个工作日内,T日,代收代付,自有效赎回申请之日起7 个开放日内,PASS,fund_document,与产品风险之间的匹配检验。 根据本基金现行适用的清算交收和申赎处理规则， 投资者当日申购的基金份额，清算交收完成后方可卖出和赎回，即T日申购的基金份额且日间完成实时逐笔全额结算（Real Time Gross Settlement）交收的，T日可卖出和赎回，而T日申购的基金份额且日终完成逐笔全额非担保交收的，T+1日方可卖出和赎回。 投资有风险，投资者在进行投资决策前，请仔细阅读本基金的《招募说明书》、《基金合同》、基金产品资料概要等信息披露文件，并根据自身的投资目的、投资期限、投资经验、资产状况等判断基金是否和投资者的风险承受能力相适应，自主判断基金的投资价值，自主做出投资决策，自行承担投资风险。 基金的过往业绩并不预示其未来表现， 基金管理人管理的其他基金的业绩也不构成对本基金业,PASS,fund_specific_explicit,T+2清算；T+2交收,T日（指港股通交易日）在证券交易所无交易的，取最近交易日的收盘价,T日（指港股通交易日） 内，基金管理人以收到的替代金额代投资者卖出被替代证券,PASS,"https://fund.eastmoney.com/gonggao/513820,AN202604161821270548.html",/Users/ellis/工具程序开发/港股通逐标的分析/临时数据/513820/513820_更新招募说明书_20260417.pdf,/Users/ellis/工具程序开发/港股通逐标的分析/临时数据/513820/513820_更新招募说明书_20260417.txt,
86,520880,SH,华宝恒生港股通创新药精选ETF,2025-11-19,2025-11-19,2026-03-25,2026-09-09,48,必须,NO,updated,T日内,T日内,招募书未直接说明,T 日,T 日,T日（基金份额交收完成后；招募书未另行说明可卖出时点）,T+1日,T+1日内,T+2日内,T日后的第2个港股通交收日后的第1个工作日内,T日,代收代付,T+7日（指开放日）内,PASS,fund_document,投资者当日申购的基金份额， 清算交收完成后方可卖出和赎回。本基金申购业务采用实时逐笔全额结算（Real Time Gross Settlement ，以下简称RTGS）模式，投资者T日申购后， 如交易记录已勾单且申购资金足额的， 登记机构在T日日间实时办理基金份额及现金替代的交收；T日日间未进行勾单确认或日间资金不足的， 登记机构在T日日终根据资金是否足额办理基金份额及现金替代的清算交收。 在目前的业务规则下， 投资者投资本基金时需具有上海证券交易所A股账户或基金账户。 其中，上海证券交易所基金账户只能进行基金的现金认购和二级市场交易。 本基金可投资股指期货， 可能面临杠杆风险、 基差风险、 股指期货展期时的流动性风险、 期货盯市结算制度带来的现金管理风险、 到期日风险、 对手,PENDING,not_found,T+2清算；T+2交收,T日在证券交易所无交易的，取最近交易日的收盘价,T日后的第3个港股通交收日后的第1个工作日内，基金管理人将应支付的赎回替代金额与相关申购赎回代理机构办理交收,PENDING,"https://fund.eastmoney.com/gonggao/520880,AN202511181783775910.html",/Users/ellis/工具程序开发/港股通逐标的分析/临时数据/520880/520880_更新招募说明书_20251119.pdf,/Users/ellis/工具程序开发/港股通逐标的分析/临时数据/520880/520880_更新招募说明书_20251119.txt,向基金管理人/托管运营确认同日申赎是否按证券维度净额下单
87,159302,SZ,银华中证港股高股息ETF,2026-08-03,2026-08-03,2026-08-03,2026-09-09,31,必须,YES,updated,T日内,T日内,日间 RTGS/实时逐笔全额；日间未完成时日终逐笔全额非担保交收,T日日间 RTGS/实时逐笔全额交收；日间未完成时 T日日终交收,T日,T日（基金份额交收完成后；招募书未另行说明可卖出时点）,T+1日,T+2日,T+2日,T日后的5个工作日内,T日,代收代付,自有效赎回申请之日起7个开放日内,PASS,fund_document,券登记结算有限责任公司修改或更新上述规则或新增设相关规则并适用于本基金的，则按照新的规则执行，并在招募说明书中进行更新。 本基金现金申购业务中的现金替代日间实行RTGS交收，日间未完成交收的，日终统一进行逐笔全额非担保交收；现金赎回业务中的现金替代采用代收代付处理； 现金申购、赎回业务涉及的现金差额和现金替代退补款采用代收代付处理。 正常情况下，投资者T日提交的现金申购申请受理后，登记机构对ETF申购对应的份额和现金替代，日间实行RTGS交收，上述份额和现金替代日间未完成交收的， 日终统一进行逐笔全额非担保交收，登记机构在T日办理基金份额及现金替代的清算交收，并将结果发送给基金管理人、申购赎回代理券商和基金托管人。基金管理人在T+2日办理现金差额的清算交收。 投资者T日提交的现金,PENDING,risk_or_non_operational,T+2清算；T+2交收,T日后的5个工作日内， 基金管理人将应退款或补款与相关申购赎回代理券商办理交收,T日内任意时刻代赎回投资者卖出组合证券中被替代证券的任意数量,PENDING,"https://fund.eastmoney.com/gonggao/159302,AN202608021827568769.html",/Users/ellis/工具程序开发/港股通逐标的分析/临时数据/159302/159302_更新招募说明书_20260803.pdf,/Users/ellis/工具程序开发/港股通逐标的分析/临时数据/159302/159302_更新招募说明书_20260803.txt,向基金管理人/托管运营确认同日申赎是否按证券维度净额下单
88,159735,SZ,银华中证港股通消费主题ETF,2026-04-30,2026-04-30,2026-04-30,2026-09-09,51,必须,YES,updated,T日内,T日内,日间 RTGS/实时逐笔全额；日间未完成时日终逐笔全额非担保交收,T日日间 RTGS/实时逐笔全额交收；日间未完成时 T日日终交收,T日,T日（基金份额交收完成后；招募书未另行说明可卖出时点）,T+1日,T+2日,T+2日,T+5日（指开放日）内,T日,代收代付,自有效赎回申请之日起7个开放日内,PASS,fund_document,券交易所、中国证券登记结算有限责任公司修改或更新上述规则并适用于本基金的，则按照新的规则执行，并在招募说明书中进行更新。 本基金现金申购业务中的现金替代日间实行RTGS交收，日间未完成交收的，日终统一进行逐笔全额非担保交收；现金赎回业务中的现金替代采用代收代付处理； 现金申购、赎回业务涉及的现金差额和现金替代退补款采用代收代付处理。 正常情况下，投资者T日提交的现金申购申请受理后，登记机构对ETF申购对应的份额和现金替代，日间实行RTGS交收，上述份额和现金替代日间未完成交收的， 日终统一进行逐笔全额非担保交收，并将结果发送给基金管理人、申购赎回代理券商和基金托管人。登记机构在T+2日办理现金差额的清算，基金管理人与申购赎回代理券商在T+2日办理现金差额的交收。 投资者T日提交的,PENDING,not_found,T+2清算；T+2交收,T 日（指开放日）在证券交易所无交易的，取最近交易日的收盘价,T日赎回申请，T日（指开放日）内基金管理人根据赎回规模进行组合证券的代理卖出，通常情况下代理卖出在T日（指开放日）完成,PENDING,"https://fund.eastmoney.com/gonggao/159735,AN202604291821768882.html",/Users/ellis/工具程序开发/港股通逐标的分析/临时数据/159735/159735_更新招募说明书_20260430.pdf,/Users/ellis/工具程序开发/港股通逐标的分析/临时数据/159735/159735_更新招募说明书_20260430.txt,向基金管理人/托管运营确认同日申赎是否按证券维度净额下单
89,159331,SZ,国泰中证港股通高股息投资ETF,2026-08-12,2026-08-12,2026-08-12,2026-09-09,31,必须,YES,updated,T日内,T日内,招募书未直接说明,T 日,T 日,T日（基金份额交收完成后；招募书未另行说明可卖出时点）,T+1日,T+1 日,T 日,T 日后的三个工作日内,T 日,代收代付,自有效赎回申请之日起 7 个开放日内,PASS,fund_document,、登记机构的相关规定和参与各方相关协议及其不时修订的有关规定。 本基金申购业务采用实时逐笔全额结算（Real Time Gross Settlement，简称 RTGS）模式；赎回业务涉及的现金替代采用代收代付处理；申购、赎回业务涉及的现金差额和现金替代退补款采用代收代付处理。 国泰中证港股通高股息投资交易型开放式指数证券投资基金更新招募说明书（2026 年第一号） 36 投资者 T 日申购成功后，正常情况下，登记机构在 T 日为投资者办理基金份额与现金替代等的交收，在 T+1 日办理现金差额的清算，并将结果发送给申购赎回代理券商、基金管理人和基金托管人。基金管理人与申购赎回代理券商在 T+2 日办理现金差额的交收。 投资者 T 日赎回成功后，正常情况下，登记机构在 T 日收市后,PENDING,not_found,T+1清算；T+1交收,T 日后的三个工作日内，基金管理人将应退款或补款与相关申购赎回代理券商办理交收，当交收期间出现港股通交易日为非港股通交收日时，款项交收日期顺延,T 日后的第 3 个港股通交收日后的 1 个工作日内，基金管理人将应支付的赎回替代金额与相关申购赎回代理券商办理交收,PENDING,"https://fund.eastmoney.com/gonggao/159331,AN202608111827866331.html",/Users/ellis/工具程序开发/港股通逐标的分析/临时数据/159331/159331_更新招募说明书_20260812.pdf,/Users/ellis/工具程序开发/港股通逐标的分析/临时数据/159331/159331_更新招募说明书_20260812.txt,向基金管理人/托管运营确认同日申赎是否按证券维度净额下单
90,520900,SH,广发中证国新港股通央企红利ETF,2026-06-22,2026-06-22,2026-06-22,2026-09-09,49,必须,NO,updated,T日内,T日内,招募书未直接说明,T 日,T 日,T日（T日日间完成 RTGS）；T+1日（T日日终逐笔全额非担保交收）,T+1日,T+1 日内,T+2 日,T+3 日（指港股通交易日）内,T 日,代收代付,自有效赎回申请之日起 7 个开放日内,PASS,fund_document,的交收方式已经认可。 根据本基金现行适用的清算交收和申赎处理规则，投资者当日申购的基金份额，清算交收完成后方可卖出和赎回，即T 日申购的ETF 份额且日间完成 RTGS（实时逐笔全额结算）交收，T 日可卖出与赎回， 而T 日申购的 ETF 份额且日终完成逐笔全额非担保交收的，T+1 日方可卖出和赎回；T 日买入的基金份额，T 日可以赎回或卖出。 由于登记结算机构对现金替代采取非净额结算交收模式，当投资者赎回申请被登记结算机构确认后，被赎回的基金份额即被记减，但此时投资者尚未收到赎回现金替代款。投资者投资本基金时需具有证券账户，证券账户是指上海证券交易所 A 股账户或上海证券交易所证券投资基金账户。 本基金以 1 元初始面值进行募集，在市场波动等因素的影响下，存在单位份额净值跌破,PENDING,not_found,T+1清算；T+2交收,T 日日终，基金管理人已买入的证券，依据申购现金替代保证金与被替代证券的实际买入成本（包括买入价格与相关交易费用）的差额，确定基金应退还投资者或投资者应补交的款项,T 日申购、赎回清单中公告 T 日预估现金部分,PENDING,"https://fund.eastmoney.com/gonggao/520900,AN202606211823710714.html",/Users/ellis/工具程序开发/港股通逐标的分析/临时数据/520900/520900_更新招募说明书_20260622.pdf,/Users/ellis/工具程序开发/港股通逐标的分析/临时数据/520900/520900_更新招募说明书_20260622.txt,向基金管理人/托管运营确认同日申赎是否按证券维度净额下单
91,520660,SH,南方中证国新港股通央企红利ETF,2026-01-20,2026-01-20,2026-01-20,2026-09-09,49,必须,NO,updated,T日内,T日内,招募书未直接说明,T日,T日,T日（基金份额交收完成后；招募书未另行说明可卖出时点）,T+1日,T日,T日,T日后的第5个开放日内,T日,代收代付,T+7日（指开放日）内,PASS,fund_document,合证券仅在境内证券交易所上市的ETF产品存在一定差异，在目前结算规则下，投资者当日申购的基金份额，清算交收完成后方可卖出和赎回，即T日申购的ETF份额且日间完成RTGS（实时逐笔全额结算）交收，T日可卖出与赎回；T日申购的ETF份额日间未完成交收的，日终完成逐笔全额非担保交收，T+1日方可卖出和赎回；T日买入的基金份额，T日可以赎回。 投资人投资本基金时需具有上海证券交易所A股账户或基金账户。其中，上海证券交易所基金账户只能进行基金的现金认购和二级市场交易， 如投资人需要参与基金的申购、 赎回， 则应开立并使用上海证券交易所A股账户。 投资人在投资本基金之前，请仔细阅读本基金的招募说明书、基金产品资料概要和基金合同等信息披露文件，自主判断基金的投资价值，自主做出投资决策，全面认识,PENDING,not_found,T+1清算；T+1交收,T日后的第5个开放日内， 基金管理人将应退款或补款与相关申购赎回代理券商办理交收,T 日赎回申请，基金管理人根据T日实际单位卖出金额 （扣除相关费用，折算为人民币） 、被替代证券的T日收盘价（按照汇率折算为人民币，被替代证券当日在证券交易所无交易的，取最近交易日的收盘价,PENDING,"https://fund.eastmoney.com/gonggao/520660,AN202601191818116564.html",/Users/ellis/工具程序开发/港股通逐标的分析/临时数据/520660/520660_更新招募说明书_20260120.pdf,/Users/ellis/工具程序开发/港股通逐标的分析/临时数据/520660/520660_更新招募说明书_20260120.txt,向基金管理人/托管运营确认同日申赎是否按证券维度净额下单
92,159091,SZ,易方达中证港股通内地金融ETF,,2026-06-17,2026-07-14,2026-09-09,49,必须,YES,initial_only,T日内,T日内,招募书未直接说明,T 日,T 日,T日（T日日间完成 RTGS）；T+1日（T日日终逐笔全额非担保交收）,T+1日,T 日,T+3 日内,T 日后的 3 个港股通交易日内,T 日,代收代付,自有效赎回申请之日起 7 个工作日内,PASS,fund_document,易结算风险、基金投资非公开信息泄露的风险等。 7、在目前结算规则下，投资者当日申购的基金份额，清算交收完成后方可卖出和赎回，即 T 日申购的基金份额且日间完成 RTGS（实时逐笔全额结算）交收的，T 日可卖出和赎回，而 T 日申购的基金份额且日终完成逐笔全额非担保交收的，T+1 日方可卖出和赎回； T 日竞价买入的基金份额，T 日可以卖出或赎回；T 日大宗买入的基金份额，T 日可以大宗卖出，T+1 日可以竞价卖出或赎回。 投资者投资于本基金前请认真阅读证券交易所和登记结算机构关于 ETF 的相关业务规则及其不时的更新，确保具备相关专业知识、清楚了解相关规则流程后方可参与本基金的认购、申购、赎回及交易。投资者一旦认购、申购或赎回本基金，即表示对基金认购、申购和赎回所涉及的登记方式以,PASS,fund_specific_explicit,T+?清算；T+3交收,T 日收盘价（折算为人民币，被替代证券当日在证券交易所无交易的，取最近交易日的收盘价,T 日内卖出组合证券中被替代的成份证券,PENDING,"https://fund.eastmoney.com/gonggao/159091,AN202606161823604920.html",/Users/ellis/工具程序开发/港股通逐标的分析/临时数据/159091/159091_招募说明书_20260617.pdf,/Users/ellis/工具程序开发/港股通逐标的分析/临时数据/159091/159091_招募说明书_20260617.txt,东财暂未找到更新招募书，继续监测
93,159691,SZ,工银瑞信中证港股通高股息精选ETF,2026-02-10,2026-02-10,2026-02-10,2026-09-09,31,必须,YES,updated,T日内,T日内,日间 RTGS/实时逐笔全额；日间未完成时日终逐笔全额非担保交收,T日日间 RTGS/实时逐笔全额交收；日间未完成时 T日日终交收,T 日,T日（基金份额交收完成后；招募书未另行说明可卖出时点）,T+1日,T+2 日,T+2 日,T+5 日（指开放日）内,T 日,代收代付,自有效赎回申请之日起 7 个开放日内,PASS,fund_document,额、现金替代、现金差额及其他对价的交收适用深圳证券交易所、登记机构的相关规定和参与各方相关协议的有关规定。 本基金现金申购业务中的现金替代采用实时逐笔全额结算（RTGS）与日终逐笔全额非担保交收的方式处理；现金赎回业务涉及的现金替代采用代收代付处理；现金申购、赎回业务涉及的现金差额和现金替代退补款采用代收代付处理。 投资者 T 日提交的现金申购申请受理后，日间完成 RTGS 交收部分，登记机构在 T 日日间实时为该投资者办理基金份额登记以及现金替代的交收；日间未完成 RTGS 交收部分，登记机构在 T 日日终为投资者办理基金份额登记与现金替代的交收，并将结果发送给申购赎回工银瑞信中证港股通高股息精选交易型开放式指数证券投资基金更新的招募说明书 28 代理券商、基金管理人和基金托管,PENDING,not_found,T+2清算；T+2交收,T 日在证券交易所无交易的，取最近交易日的收盘价,T 日赎回申请，T 日内，基金管理人根据赎回规模进行组合证券的代理卖出,PENDING,"https://fund.eastmoney.com/gonggao/159691,AN202602091819840311.html",/Users/ellis/工具程序开发/港股通逐标的分析/临时数据/159691/159691_更新招募说明书_20260210.pdf,/Users/ellis/工具程序开发/港股通逐标的分析/临时数据/159691/159691_更新招募说明书_20260210.txt,向基金管理人/托管运营确认同日申赎是否按证券维度净额下单
94,159198,SZ,富国中证港股通信息技术综合ETF,2026-08-24,2026-08-24,2026-08-24,2026-09-09,68,必须,YES,updated,T日内,T日内,招募书未直接说明,T 日,T 日,T日（T日日间完成 RTGS）；T+1日（T日日终逐笔全额非担保交收）,T+1日,T+1 日,T+2 日,T 日后的 5 个工作日内,T 日,代收代付,T 日后的第 4 个港股通交收日后的 1 个工作日内,PASS,fund_document,额持有人大会审议。 根据本基金现行适用的清算交收和申赎处理规则， 投资者当日申购的基金份额， 清算交收完成后方可卖出和赎回， 即T 日申购的基金份额且日间完成 RTGS （实时逐笔全额结算） 交收的，T 日可卖出和赎回， 而T 日申购的基金份额且日终完成逐笔全额非担保交收的，T+1 日方可卖出和赎回；T 日竞价买入的基金份额，T 日可以卖出或赎回；T 日大宗买入的基金份额，T 日可以大宗卖出，T+1 日可以竞价卖出或赎回。 投资有风险， 投资者认购 （或申购） 基金时应认真阅读本招募说明书、 基金合同、 基金产品资料概要等信息披露文件， 自主判断基金的投资价值， 自主做出投资决策，自行承担投资风险。基金管理人提醒投资者基金投资的“买者自负” 原则， 在投资者作出投资决策后， 基金,PENDING,not_found,T+2清算；T+2交收,T 日后的 5 个工作日内， 基金管理人将应退款或补款与相关申购赎回代理券商办理交收,T 日赎回申请，T 日内基金管理人根据赎回规模进行组合证券的代理卖出,PENDING,"https://fund.eastmoney.com/gonggao/159198,AN202608231828342688.html",/Users/ellis/工具程序开发/港股通逐标的分析/临时数据/159198/159198_更新招募说明书_20260824.pdf,/Users/ellis/工具程序开发/港股通逐标的分析/临时数据/159198/159198_更新招募说明书_20260824.txt,向基金管理人/托管运营确认同日申赎是否按证券维度净额下单
95,513630,SH,摩根标普港股通低波红利ETF,2025-11-24,2025-11-24,2026-01-21,2026-09-09,50,必须,NO,updated,T日内,T日内,招募书未直接说明,T 日收市后,T 日收市后,T日（基金份额交收完成后；招募书未另行说明可卖出时点）,T+1日,T+1 日,T+2 日,T 日后的五个工作日内,T 日收市后,招募书未直接说明,T 日后的第三个港股通交易日后的两个工作日内,PASS,applicable_SH_cross_border_rule,招募书未直接出现 RTGS；按适用的交易所/中国结算跨境 ETF 规则，日间 RTGS 交收，按项目口径 PASS,PENDING,not_found,T+1清算；T+2交收,T 日后的五个工作日内， 基金管理人将应退款或补款与相关申购赎回代理机构办理交收,T 日无交易的，取最近交易日的收盘价,PENDING,"https://fund.eastmoney.com/gonggao/513630,AN202511221785789214.html",/Users/ellis/工具程序开发/港股通逐标的分析/临时数据/513630/513630_更新招募说明书_20251124.pdf,/Users/ellis/工具程序开发/港股通逐标的分析/临时数据/513630/513630_更新招募说明书_20251124.txt,向基金管理人/托管运营确认同日申赎是否按证券维度净额下单；招募书未直接写 RTGS，保留适用规则来源
96,520850,SH,易方达中证港股通医疗主题ETF,,2025-12-09,2026-08-11,2026-09-09,49,必须,NO,initial_only,T日内,T日内,招募书未直接说明,T 日,T 日,T日（T日日间完成 RTGS）；T+1日（T日日终逐笔全额非担保交收）,T+1日,T+1 日内,T+3 日内,T 日后的三个港股通交易日内,T 日收市后,代收代付,自有效赎回申请之日起 7 个工作日内,PASS,fund_document,息泄露的风险等。 7、根据本基金现行适用的清算交收和申赎处理规则，投资者当日申购的基金份额， 清算交收完成后方可卖出和赎回，即 T 日申购的基金份额且日间完成 RTGS（实时逐笔全额结算）交收，T 日可卖出和赎回，而 T 日申购的基金份额且日终完成逐笔全额非担保交收， T+1 日方可卖出和赎回；T 日买入的基金份额，T 日可以赎回或卖出。 投资者投资于本基金前请认真阅读证券交易所和登记结算机构关于 ETF 的相关业务规则及其不时的更新，确保具备相关专业知识、清楚了解相关规则流程后方可参与本基金的认购、申购、赎回及交易。投资者一旦认购、申购或赎回本基金，即表示对基金认购、申购和赎回所涉及的登记方式以及申购赎回所涉及现金替代、现金差额等相关的交收方式及业务规则已经认可。 8、基金管理,PASS,fund_specific_explicit,T+1清算；T+3交收,T 日后的三个港股通交易日内，基金管理人将成份证券的应退款或补款与相关申购赎回代理券商办理交收，当交收期间出现港股通交易日为非港股通交收日时 ，款项交收日期顺延,T 日内卖出组合证券中被替代的成份证券,PENDING,"https://fund.eastmoney.com/gonggao/520850,AN202512091796741086.html",/Users/ellis/工具程序开发/港股通逐标的分析/临时数据/520850/520850_招募说明书_20251209.pdf,/Users/ellis/工具程序开发/港股通逐标的分析/临时数据/520850/520850_招募说明书_20251209.txt,东财暂未找到更新招募书，继续监测
97,513620,SH,银华中证港股通医疗主题ETF,,2026-04-08,,2026-09-09,49,必须,NO,initial_only,T日内,T日内,招募书未直接说明,T 日,T 日,T日（基金份额交收完成后；招募书未另行说明可卖出时点）,T+1日,T+1 日内,T+2 日,T 日后的5 个工作日内,T 日,代收代付,自有效赎回申请之日起 10 个开放日内,PASS,fund_document,的规则执行，并依照《信息披露办法》的有关规定在规定媒介上公告。 本基金申购业务采用实时逐笔全额结算（Real Time Gross Settlement，简称 RTGS）模式；赎回业务涉及的现金替代采用代收代付处理；申购、赎回业务涉及的现金差额和现金替代退补款采用代收代付处理。 1）申购的清算交收投资者 T 日申购后，如交易记录已勾单且申购资金足额的，登记机构在 T 日日间实时办理基金份额及现金替代的交收；T 日日间未进行勾单确认或日间资金不足的， 登记机构在T 日日终根据资金是否足额办理基金份额及现金替代的清算交收，并将结果发送给基金管理人、申购赎回代理券商和基金托管人。在 T+1 日内办理现金差额的清算，并将结果发送给申购赎回代理券商、基金管理人和基金托管人。基金管理人与申购,PENDING,risk_or_non_operational,T+1清算；T+2交收,T 日后的5 个工作日内， 基金管理人将应退款或补款与相关申购赎回代理券商办理银华中证港股通医疗主题交易型开放式指数证券投资基金招募说明书 51 交收,T 日内任意时刻代赎回投资者卖出组合证券中被替代证券的任意数量,PENDING,"https://fund.eastmoney.com/gonggao/513620,AN202604081821054986.html",/Users/ellis/工具程序开发/港股通逐标的分析/临时数据/513620/513620_招募说明书_20260408.pdf,/Users/ellis/工具程序开发/港股通逐标的分析/临时数据/513620/513620_招募说明书_20260408.txt,东财暂未找到更新招募书，继续监测；向基金管理人/托管运营确认同日申赎是否按证券维度净额下单
98,159726,SZ,华夏恒生港股通中国内地企业高股息率ETF,2026-08-18,2026-08-18,2026-08-18,2026-09-09,51,必须,YES,updated,T日内,T日内,招募书未直接说明,T 日,T 日,T日（基金份额交收完成后；招募书未另行说明可卖出时点）,T+1日,T+2 日,T+3 日,T 日后的第 2 个港股通交易日后的 2 个工作日内,T 日,招募书未直接说明,T+7 日（指开放日）内,PASS,applicable_SZ_cross_border_rule,招募书未直接出现 RTGS；按适用的交易所/中国结算跨境 ETF 规则，日间 RTGS 交收，按项目口径 PASS,PENDING,risk_or_non_operational,T+3清算；T+3交收,T 日日终，基金管理人已买入的证券，依据替代金额与被替代证券的实际买入成本（包括买入价格与相关交易费用）的差额，确定基金应退还投资者或投资者应补交的款项,T 日）成份股信息内容证券代码证券简称证券数量可以现金替代保证金率申购替代金额赎回替代金额挂牌市场 X X X X X X X 以上申购赎回清单仅为示例，具体以实际公布为准,PENDING,"https://fund.eastmoney.com/gonggao/159726,AN202608171828060218.html",/Users/ellis/工具程序开发/港股通逐标的分析/临时数据/159726/159726_更新招募说明书_20260818.pdf,/Users/ellis/工具程序开发/港股通逐标的分析/临时数据/159726/159726_更新招募说明书_20260818.txt,向基金管理人/托管运营确认同日申赎是否按证券维度净额下单；招募书未直接写 RTGS，保留适用规则来源
99,159286,SZ,鹏华国证港股通创新药ETF,2026-07-03,2026-07-03,2026-07-03,2026-09-09,37,必须,YES,updated,T日内,T日内,日间 RTGS/实时逐笔全额；日间未完成时日终逐笔全额非担保交收,T 日,T 日,T日（T日日间完成 RTGS）；T+1日（T日日终逐笔全额非担保交收）,T+1日,T 日,T+2 日,T+3 日（指港股通交易日）内,T 日,代收代付,T 日,PASS,fund_document,与基金的申购、赎回，则应开立深圳 A 股账户。 在目前结算规则下，投资者当日申购的基金份额，清算交收完成后方可卖出和赎回， 即 T 日申购的基金份额且日间完成 RTGS（实时逐笔全额结算）交收的，T 日可卖出和赎回，而 T 日申购的基金份额且日终完成逐笔全额非担保交收的，T+1 日方可卖出和赎回。T 日竞价买入的基金份额， T 日可以卖出或赎回； T 日大宗买入的基金份额，T 日可以大宗卖出，T+1 日可以竞价卖出或赎回。由于登记机构对赎回的现金替代采取非净额结算交收模式，当投资者赎回申请被登记机构确认后，被赎回的基金份额即被记减，但此时投资者尚未收到赎回现金替代款。 基金的过往业绩并不预示其未来表现，基金管理人管理的其他基金的业绩并不构成对本基金表现的保证。 基金管理人依照恪尽,PENDING,not_found,T+?清算；T+2交收,T+3 日（指港股通交易日）内，基金管理人将应退款和补款的明细及汇总数据发送给登记机构，登记机构办理现金替代多退少补资金的清算，并将结果发送给相关申购赎回代理券商和基金托管人,T 日赎回申请，通常情况下 T 日内基金管理人根据赎回规模进行组合证券的代理卖出,PENDING,"https://fund.eastmoney.com/gonggao/159286,AN202607021826667794.html",/Users/ellis/工具程序开发/港股通逐标的分析/临时数据/159286/159286_更新招募说明书_20260703.pdf,/Users/ellis/工具程序开发/港股通逐标的分析/临时数据/159286/159286_更新招募说明书_20260703.txt,向基金管理人/托管运营确认同日申赎是否按证券维度净额下单
100,513950,SH,富国恒生港股通高股息低波动ETF(QDII),2026-09-09,2026-09-09,2026-03-23,2026-09-09,49,必须,NO,updated,T日内,T日内,招募书未直接说明,T 日,T 日,T日（基金份额交收完成后；招募书未另行说明可卖出时点）,T+1日,T+1 日内,T+2 日内,T+3 日（指上海证券交易所与香港联合交易所的共同交易日）内,T 日,代收代付,自有效赎回申请之日起 10 个开放日内,PASS,fund_document,由投资者自行负责。 5、根据本基金现行适用的清算交收和申赎处理规则，投资者当日申购的基金份额，清算交收完成后方可卖出和赎回，即 T 日申购的基金份额且日间完成 RTGS（实时逐笔全额结算）交收的，T 日可卖出和赎回，而 T 日申购的基金份额且日终完成逐笔全额非担保交收的，T+1 日可卖出和赎回；T 日买入的基金份额， T 日可以赎回或卖出。 6、投资有风险，投资者认购（或申购）基金时应认真阅读本招募说明书、 基金合同和基金产品资料概要等信息披露文件，全面认识本基金产品的风险收益特征和产品特性，自主判断基金的投资价值，并根据自身的投资目的、投资期限、 投资经验、资产状况等判断本基金是否和自身的风险承受能力相适；投资者应充分考虑自身的风险承受能力，理性判断市场，对认购（或申购）基金的,PENDING,not_found,T+2清算；T+2交收,T 日（指上海证券交易所和香港联合交易所的共同交易日）收盘价（需用最新汇率公允价折算为人民币，当日在证券交易所无交易的，取最近交易日的收盘价，当日无收盘价的，取最后成交价）的差额，确定基金应退还投资者或投资者应补交的款项,T 日赎回申请，在 T 日（指上海证券交易所和香港联合交易所的共同交易日）内，基金管理人根据赎回申请代投资者卖出被替代证券,PENDING,"https://fund.eastmoney.com/gonggao/513950,AN202609081829137277.html",/Users/ellis/工具程序开发/港股通逐标的分析/临时数据/513950/513950_更新招募说明书_20260909.pdf,/Users/ellis/工具程序开发/港股通逐标的分析/临时数据/513950/513950_更新招募说明书_20260909.txt,向基金管理人/托管运营确认同日申赎是否按证券维度净额下单
101,520820,SH,汇添富恒指港股通ETF,2026-05-22,2026-05-22,2026-05-22,2026-09-09,87,必须,NO,updated,T日内,T日内,招募书未直接说明,T日,T日,T日（基金份额交收完成后；招募书未另行说明可卖出时点）,T+1日,T+1日内,T+2日内,T日（指港股通交易日）后的第3个港股通交收日后的2个工作日内,T日,代收代付,T日（指港股通交易日）后的第3个港股通交收日后的2个工作日内,PASS,fund_document,与产品风险之间的匹配检验。 根据本基金现行适用的清算交收和申赎处理规则， 投资者当日申购的基金份额，清算交收完成后方可卖出和赎回，即T日申购的基金份额且日间完成实时逐笔全额结算（Real Time Gross Settlement）交收的，T日可卖出和赎回，而T 日申购的基金份额且日终完成逐笔全额非担保交收的，T+1日方可卖出和赎回。 投资者投资于本基金前请认真阅读证券交易所和登记机构关于ETF的相关业务规则及其不时的更新，确保具备相关专业知识、清楚了解相关规则流程后方可参与本基金的申购、赎回及交易。投资者一旦认购、申购或赎回本基金，即表示对基金认购、 申购和赎回所涉及的基金份额的证券变更登记方式以及申购赎回所涉及现金替代、现金差额等相关的交收方式已经认可。 投资有风险，投资者在进行,PASS,fund_specific_explicit,T+2清算；T+2交收,T日（指港股通交易日） 在证券交易所无交易的，取最近交易日的收盘价,T日（指港股通交易日）内，基金管理人根据赎回申请代投资者卖出被替代证券,PASS,"https://fund.eastmoney.com/gonggao/520820,AN202605211822651991.html",/Users/ellis/工具程序开发/港股通逐标的分析/临时数据/520820/520820_更新招募说明书_20260522.pdf,/Users/ellis/工具程序开发/港股通逐标的分析/临时数据/520820/520820_更新招募说明书_20260522.txt,
102,159132,SZ,富国恒生生物科技ETF,2026-06-17,2026-06-17,2026-01-09,2026-09-09,31,必须,YES,updated,T日内,T日内,招募书未直接说明,T 日,T 日,T日（T日日间完成 RTGS）；T+1日（T日日终逐笔全额非担保交收）,T+1日,T+1 日,T+2 日,T 日后的 5 个工作日内,T 日,代收代付,T 日后的第 4 个港股通交收日后的 1 个工作日内,PASS,fund_document,额持有人大会审议。 根据本基金现行适用的清算交收和申赎处理规则， 投资者当日申购的基金份额， 清算交收完成后方可卖出和赎回， 即T 日申购的基金份额且日间完成 RTGS （实时逐笔全额结算） 交收的，T 日可卖出和赎回， 而T 日申购的基金份额且日终完成逐笔全额非担保交收的，T+1 日方可卖出和赎回；T 日竞价买入的基金份额，T 日可以卖出或赎回；T 日大宗买入的基金份额，T 日可以大宗卖出，T+1 日可以竞价卖出或赎回。 投资有风险， 投资者认购 （或申购） 基金时应认真阅读本招募说明书、 基金合同、 基金产品资料概要等信息披露文件， 自主判断基金的投资价值， 自主做出投资决策，自行承担投资风险。基金管理人提醒投资者基金投资的“买者自负” 原则， 在投资者作出投资决策后， 基金,PENDING,not_found,T+2清算；T+2交收,T 日后的 5 个工作日内， 基金管理人将应退款或补款与相关申购赎回代理券商办理交收,T 日赎回申请，T 日内基金管理人根据赎回规模进行组合证券的代理卖出,PENDING,"https://fund.eastmoney.com/gonggao/159132,AN202606161823611084.html",/Users/ellis/工具程序开发/港股通逐标的分析/临时数据/159132/159132_更新招募说明书_20260617.pdf,/Users/ellis/工具程序开发/港股通逐标的分析/临时数据/159132/159132_更新招募说明书_20260617.txt,向基金管理人/托管运营确认同日申赎是否按证券维度净额下单
103,159127,SZ,南方中证港股通高股息投资ETF,,2025-10-24,,2026-09-09,31,必须,YES,initial_only,T日内,T日内,日间 RTGS/实时逐笔全额；日间未完成时日终逐笔全额非担保交收,T日,T日,T日（基金份额交收完成后；招募书未另行说明可卖出时点）,T+1日,T+2日,T+2日,T日后的第5个开放日内,T日,代收代付,T+7日（指开放日）内,PASS,fund_document,组合证券仅在境内证券交易所上市的ETF产品存在一定差异。在目前结算规则下，投资者当日申购的基金份额，清算交收完成后可卖出和赎回，即T日申购的ETF份额且日间完成RTGS（实时逐笔全额结算）交收，T日可卖出与赎回；T日申购的ETF份额日间未完成交收的，日终完成逐笔全额非担保交收，T+1日方可卖出和赎回；T日竞价买入的基金份额，T日可以卖出或赎回；T日大宗买入的基金份额，T日可以大宗卖出，T+1日可以竞价卖出或赎回。 投资人投资本基金时需具有深圳证券交易所A股账户或基金账户。其中，深圳证券交易所基金账户只能进行基金的现金认购和二级市场交易， 如投资人需要参与基金的申购、 赎回， 则应开立深圳证券交易所A股账户。 投资人在投资本基金之前，请仔细阅读本基金的招募说明书、基金产品资料概要和,PENDING,not_found,T+2清算；T+2交收,T日发生除息、收益分配等重要权益变动，则进行相应调整,T日收盘价（按照汇率折算为人民币，被替代证券当日在证券交易所无交易的，取最近交易日的收盘价,PENDING,"https://fund.eastmoney.com/gonggao/159127,AN202510231767645561.html",/Users/ellis/工具程序开发/港股通逐标的分析/临时数据/159127/159127_招募说明书_20251024.pdf,/Users/ellis/工具程序开发/港股通逐标的分析/临时数据/159127/159127_招募说明书_20251024.txt,东财暂未找到更新招募书，继续监测；向基金管理人/托管运营确认同日申赎是否按证券维度净额下单
104,520960,SH,嘉实恒指港股通ETF,2026-01-23,2026-01-23,2026-06-24,2026-09-09,87,必须,NO,updated,T日内,T日内,招募书未直接说明,T 日,T 日,T日（基金份额交收完成后；招募书未另行说明可卖出时点）,T+1日,T+1 日内,T+3 日内,T+3 日（指开放日）内,T 日收市后,代收代付,自有效赎回申请之日起 7 个开放日内,PASS,fund_document,关业务规则和参与各方相关协议及其不时修订的有关规定。 对于本基金的申购业务采用实时逐笔全额结算（Real Time Gross Settlement，以下简称 RTGS）模式； 赎回业务涉及的现金替代采用代收代付处理；申购、赎回业务涉及的现金差额和现金替代退补款采用代收代付处理。 投资者 T 日现金申购后，如交易记录已勾单且申购资金足额的，登记结算机构在 T 日日间实时办理基金份额及现金替代的交收；T 日日间未进行勾单确认或日间资金不足的，登记结算机构在 T 日日终根据资金嘉实恒指港股通交易型开放式指数证券投资基金更新招募说明书（2026 年 01 月 23 日更新） 是否足额办理基金份额及现金替代的清算交收；在 T+1 日内办理现金差额的清算，并将结果发送给申购赎回代理券商、基,PENDING,not_found,T+1清算；T+3交收,T 日在证券交易所无交易的，取最近交易日的收盘价,T 日赎回申请，T 日内，基金管理人根据赎回规模进行组合证券的代理卖出,PENDING,"https://fund.eastmoney.com/gonggao/520960,AN202601221818282297.html",/Users/ellis/工具程序开发/港股通逐标的分析/临时数据/520960/520960_更新招募说明书_20260123.pdf,/Users/ellis/工具程序开发/港股通逐标的分析/临时数据/520960/520960_更新招募说明书_20260123.txt,向基金管理人/托管运营确认同日申赎是否按证券维度净额下单
105,513690,SH,博时恒生高股息ETF,2026-06-01,2026-06-01,2026-06-26,2026-09-09,50,必须,NO,updated,T日内,T+1,招募书未直接说明,T 日,T 日,T日（基金份额交收完成后；招募书未另行说明可卖出时点）,T+1日,T+1 日内,T+2 日内,T 日,T 日,代收代付,自有效赎回申请之日起 7 个开放日内,PASS,fund_document,赎回的清算交收与登记本基金申购赎回过程中涉及的基金份额、现金替代、现金差额及其他对价的清算交收适用相关业务规则和参与各方相关协议的有关规定。 本基金申购业务采用实时逐笔全额结算（Real Time Gross Settlement）模式；赎回业务涉及的现金替代可采用代收代付处理；申购、赎回业务涉及的现金差额和现金替代退补款可采用代收代付处理。 投资者 T 日申购成功后，如交易记录已勾单且申购资金足额的，登记结算机构在 T 日日间实时办理基金份额及现金替代的交收；T 日日间未进行勾单确认或日间资金不足的，登记结算机构在 T 日日终根据资金是否足额办理基金份额及现金替代的清算交收，并将结果发送给基金管理人、申购赎回代理券商和基金托管人。登记结算机构在 T+1 日内办理现金差额的清算，在,PENDING,not_found,T+2清算；T+2交收,T+1 日（在特殊情况下则为 T 日起的第 21 个交易日后）后的两个工作日内，基金管理人将应退款或补款与相关申购赎回代理机构办理交收,T+1 日（指开放日）无交易的， 取最近交易日的收盘价,PENDING,"https://fund.eastmoney.com/gonggao/513690,AN202605311823107576.html",/Users/ellis/工具程序开发/港股通逐标的分析/临时数据/513690/513690_更新招募说明书_20260601.pdf,/Users/ellis/工具程序开发/港股通逐标的分析/临时数据/513690/513690_更新招募说明书_20260601.txt,向基金管理人/托管运营确认同日申赎是否按证券维度净额下单
106,513700,SH,鹏华中证港股通医药卫生综合交易ETF,2026-04-08,2026-04-08,2026-04-08,2026-09-09,49,必须,NO,updated,T日内,T日内,招募书未直接说明,T 日,T 日,T日（基金份额交收完成后；招募书未另行说明可卖出时点）,T+1日,T+1 日内,T+2 日内,待人工复核,T 日,代收代付,自有效赎回申请之日起 7 个开放日内,PASS,fund_document,清算交收适用《业务规则》和参与各方相关协议的有关规定。 本基金申购业务采用实时逐笔全额结算（ Real Time Gross Settlement ，以下简称 RTGS）模式；赎回业务涉及的现金替代可采用代收代付处理；申购、赎回业务涉及的现金差额和现金替代退补款可采用代收代付处理。 投资者 T 日现金申购后，如交易记录已勾单且申购资金足额的，登记机构在 T 日日间实时办理基金份额及现金替代的交收； T 日日间未进行勾单确认或日间资金不足的，登记机构在 T 日日终根据资金是否足额办理基金份额及现金替代的清算交收，并将结果发送给基金管理人、申购赎回代理券商和基金托管人。基金管理人在 T+1 日内办理现金差额的清算，在 T+2 日内办理现金差额的交收。 投资者 T 日赎回成功后，正常情,PASS,fund_specific_explicit,T+2清算；T+2交收,T 日在证券交易所无交易的，取最近交易日的收盘价,T 日赎回申请，通常情况下 T 日内基金管理人根据赎回规模进行组合证券的代理卖出,PASS,"https://fund.eastmoney.com/gonggao/513700,AN202604071821047294.html",/Users/ellis/工具程序开发/港股通逐标的分析/临时数据/513700/513700_更新招募说明书_20260408.pdf,/Users/ellis/工具程序开发/港股通逐标的分析/临时数据/513700/513700_更新招募说明书_20260408.txt,
107,520520,SH,华泰柏瑞恒生消费ETF(QDII),2026-07-25,2026-07-25,2026-03-18,2026-09-09,51,必须,NO,updated,T日内,T日内,招募书未直接说明,T日,T日,T日（基金份额交收完成后；招募书未另行说明可卖出时点）,T+1日,T+1日,T+2日,T日后的第2个港股通交收日后的第2个工作日内,T日,代收代付,T+7日（指开放日）内,PASS,fund_document,及时查询并妥善行使合法权利。 3、申购和赎回的清算交收与登记本基金申购业务采用实时逐笔全额结算（Real Time Gross Settlement，以下简称 RTGS）模式；赎回业务涉及的现金替代可采用代收代付处理；申购、赎回业务涉及的现金差额和现金替代退补款可采用代收代付处理。 （1）申购的清算交收投资者T日现金申购后，如交易记录已勾单且申购资金足额的，登记结算机构在T日日间实时办理基金份额及现金替代的交收；T日日间未进行勾单确认或日间资金不足的，登记结算机构在 T日日终根据资金是否足额办理基金份额及现金替代的清算交收，并将结果发送给基金管理人、申购赎回代理券商和基金托管人。基金管理人通过登记结算机构在T+1日办理现金差额的清算， 在T+2日办理现金差额的交收。 （2）赎回的,PENDING,not_found,T+2清算；T+2交收,T日（指上海证券交易所与香港交易所的共同交易日）日终，基金管理人已买入的证券，依据申购的替代金额与被替代证券的实际买入成本（包括买入价格与相关交易费用）的差额，确定基金应退还投资者或投资者应补交的款项,T日后的第2个港股通交收日后的第2个工作日内，基金管理人将应支付的赎回替代金额与相关申购赎回代理机构办理交收,PENDING,"https://fund.eastmoney.com/gonggao/520520,AN202607241827323780.html",/Users/ellis/工具程序开发/港股通逐标的分析/临时数据/520520/520520_更新招募说明书_20260725.pdf,/Users/ellis/工具程序开发/港股通逐标的分析/临时数据/520520/520520_更新招募说明书_20260725.txt,向基金管理人/托管运营确认同日申赎是否按证券维度净额下单
108,513970,SH,景顺长城恒生消费ETF(QDII),2026-06-30,2026-06-30,2026-06-30,2026-09-09,51,必须,NO,updated,T日内,T日内,招募书未直接说明,T 日,T 日,T日（T日日间完成 RTGS）；T+1日（T日日终逐笔全额非担保交收）,T+1日,T 日,T 日,T 日后的三个港股通交易日内,T 日,招募书未直接说明,T 日,PASS,fund_document,海证券交易所上市。根据本基金现行适用的清算交收和申赎处理规则，投资者当日申购的基金份额，清算交收完成后方可卖出和赎回，即 T 日申购的 ETF 份额且日间完成 RTGS（实时逐笔全额结算）交收，T 日可卖出与赎回，而 T 日申购的 ETF 份额且日终完成逐笔全额非担保交收的，T+1 日方可卖出和赎回；T 日买入的基金份额，T 日可以赎回或卖出。由于登记机构对现金替代采取非净额结算交收模式，当投资者赎回申请被登记机构确认后，被赎回的基金份额即被记减，但此时投资者尚未收到赎回现金替代款。投资者投资本基金时需具有证券账户， 证券账户是指上海证券交易所A 股账户或上海证券交易所证券投资基金账户。 （七） 本基金投资恒生消费指数成份股及备选成份股的资产不低于基金资产净值的 90%且不低于非,PENDING,risk_or_non_operational,T+1清算；T+1交收,T 日后的三个港股通交易日内，基金管理人将应退款或补款与相关申购赎回代理券商办理交收,T 日赎回申请，基金管理人有权在 T 日内任意时刻代投资者卖出小于等于被替代证券数量的任意数量的被替代证券,PENDING,"https://fund.eastmoney.com/gonggao/513970,AN202606291826547089.html",/Users/ellis/工具程序开发/港股通逐标的分析/临时数据/513970/513970_更新招募说明书_20260630.pdf,/Users/ellis/工具程序开发/港股通逐标的分析/临时数据/513970/513970_更新招募说明书_20260630.txt,向基金管理人/托管运营确认同日申赎是否按证券维度净额下单
109,159237,SZ,工银瑞信中证港股通汽车产业ETF,2025-11-28,2025-11-28,2026-01-28,2026-09-09,51,必须,YES,updated,T日内,T日内,日间 RTGS/实时逐笔全额；日间未完成时日终逐笔全额非担保交收,T日日间 RTGS/实时逐笔全额交收；日间未完成时 T日日终交收,T 日,T日（基金份额交收完成后；招募书未另行说明可卖出时点）,T+1日,T+2 日,T+2 日,T+6 日（指开放日）内,T 日,代收代付,T+6 日（指开放日）内,PASS,fund_document,现金替代、现金差额及其他对价的清算交收适用深圳证券交易所、登记机构的相关规定和参与各方相关协议的有关规定。 本基金现金申购业务中的现金替代采用实时逐笔全额结算（RTGS）与日终逐笔全额非担保交收的方式处理；现金赎回业务涉及的现金替代可采用代收代付处理；现金申购、赎回业工银瑞信中证港股通汽车产业主题交易型开放式指数证券投资基金更新的招募说明书 29 务涉及的现金差额和现金替代退补款采用代收代付处理。 投资者 T 日提交的现金申购申请受理后，日间完成 RTGS 交收部分，登记机构在 T 日为该投资者办理基金份额登记以及现金替代的交收；日间未完成 RTGS 交收部分，登记机构在 T 日日终根据勾单情况及资金是否足额为投资者办理基金份额登记与现金替代的交收，并将结果发送给申购赎回代理券商,PENDING,not_found,T+2清算；T+2交收,T 日收盘价（折算为人民币，被替代证券当日在证券交易所无交易的，取最近交易日的收盘价,T 日根据赎回申请代投资者卖出被替代证券,PENDING,"https://fund.eastmoney.com/gonggao/159237,AN202511271789451975.html",/Users/ellis/工具程序开发/港股通逐标的分析/临时数据/159237/159237_更新招募说明书_20251128.pdf,/Users/ellis/工具程序开发/港股通逐标的分析/临时数据/159237/159237_更新招募说明书_20251128.txt,向基金管理人/托管运营确认同日申赎是否按证券维度净额下单
110,520910,SH,华夏中证港股通互联网ETF,2026-06-30,2026-06-30,2026-06-30,2026-09-09,30,必须,NO,updated,T日内,T日内,招募书未直接说明,T 日,T 日,T日（基金份额交收完成后；招募书未另行说明可卖出时点）,T+1日,T 日,T+2 日内,T 日后的第 2 个港股通交易日后的 2 个工作日内,T 日,代收代付,T 日后的第 3 个港股通交易日后的第 2 个工作日内,PASS,fund_document,适用相关业务规则和参与各方相关协议及其不时修订的有关规定。 本基金申购业务采用实时逐笔全额结算（Real Time Gross Settlement，以下简称 RTGS） 模式； 赎回业务涉及的现金替代可采用代收代付处理； 申购、 赎回业务涉及的现金差额和现金替代退补款可采用代收代付处理。 1）申购的清算交收投资者 T 日现金申购后，如交易记录已勾单且申购资金足额的，登记机构在 T 日日间实时办理基金份额及现金替代的交收；T 日日间未进行勾单确认或日间资金不足的， 登记机构在 T 日日终根据资金是否足额办理基金份额及现金替代的清算交收，并将结果发送给基金管理人、 申购赎回代理机构和基金托管人。 基金管理人在T+2 日内办理现金差额的交收。 2）赎回的清算交收投资者 T 日赎回申请,PENDING,risk_or_non_operational,T+1清算；T+2交收,T 日在证券交易所无交易的，取最近交易日的收盘价,T 日内， 基金管理人根据赎回规模进行被替代证券的代理卖出,PENDING,"https://fund.eastmoney.com/gonggao/520910,AN202606291826547094.html",/Users/ellis/工具程序开发/港股通逐标的分析/临时数据/520910/520910_更新招募说明书_20260630.pdf,/Users/ellis/工具程序开发/港股通逐标的分析/临时数据/520910/520910_更新招募说明书_20260630.txt,向基金管理人/托管运营确认同日申赎是否按证券维度净额下单
111,513260,SH,汇添富恒生科技ETF(QDII),2026-08-14,2026-08-14,2026-08-14,2026-09-09,30,必须,NO,updated,T日内,T日内,招募书未直接说明,T 日,T 日,T日（基金份额交收完成后；招募书未另行说明可卖出时点）,T+1日,T+1 日内,T+2 日内,T 日后的第 3 个港股通交易日内,T 日,代收代付,自有效赎回申请之日起 10 个开放日内,PASS,fund_document,的指数相似的风险收益特征。 根据本基金现行适用的清算交收和申赎处理规则， 投资者当日申购的基金份额，清算交收完成后方可卖出和赎回，即T日申购的基金份额且日间完成实时逐笔全额结算（Real Time Gross Settlement）交收的，T日可卖出和赎回，而T日申购的基金份额且日终完成逐笔全额非担保交收的，T+1日方可卖出和赎回。 投资有风险， 投资者在进行投资决策前， 请仔细阅读本基金的 《招募说明书》 、 《基金合同》 、 基金产品资料概要等信息披露文件， 并根据自身的投资目的、 投资期限、投资经验、资产状况等判断基金是否和投资者的风险承受能力相适应， 自主判断基金的投资价值，自主做出投资决策，自行承担投资风险。 基金的过往业绩并不预示其未来表现， 基金管理人管理的其他基金的业,PASS,fund_specific_explicit,T+2清算；T+2交收,T 日在证券交易所无交易的，取最近交易日的收盘价,T 日赎回申请，在 T 日内，基金管理人可以通过在香港市场交易或港股通等方式代投资者卖出被替代证券,PASS,"https://fund.eastmoney.com/gonggao/513260,AN202608131827948105.html",/Users/ellis/工具程序开发/港股通逐标的分析/临时数据/513260/513260_更新招募说明书_20260814.pdf,/Users/ellis/工具程序开发/港股通逐标的分析/临时数据/513260/513260_更新招募说明书_20260814.txt,
112,520590,SH,鹏华恒生科技ETF(QDII),2026-08-06,2026-08-06,2026-08-06,2026-09-09,30,必须,NO,updated,T日内,T日内,日间 RTGS/实时逐笔全额；日间未完成时日终逐笔全额非担保交收,T 日,T 日,T日（T日日间完成 RTGS）；T+1日（T日日终逐笔全额非担保交收）,T+1日,T+1 日,T+2 日,T+3 日内,T 日,代收代付,T 日,PASS,fund_document,销售、基金投资等运作环节中的任何汇率变动风险。 在目前结算规则下，投资者当日申购的基金份额，清算交收完成后方可卖出和赎回， 即 T 日申购的基金份额且日间完成 RTGS（实时逐笔全额结算）交收的，T 日可卖出和赎回，而 T 日申购的基金份额且日终完成逐笔全额非担保交收的，T+1 日方可卖出和赎回。 当日买入的基金份额，同日可以赎回或卖出。由于登记机构对赎回现金替代采取非净额结算交收模式，当投资者赎回申请被登记机构确认后，被赎回的基金份额即被记减，但此时投资者尚未收到赎回现金替代款。 基金的过往业绩并不预示其未来表现，基金管理人管理的其他基金的业绩并不构成对本基金表现的保证。 基金管理人依照恪尽职守、诚实信用、谨慎勤勉的原则管理和运用基金财产，但不保证基金一定盈利，也不保证最低收益,PENDING,risk_or_non_operational,T+1清算；T+2交收,T 日日终，基金管理人已买入的证券，依据申购现金替代保证金与被替代证券的实际买入成本（包括买入价格与相关交易费用，按汇率公允价折算为人民币）的差额，确定基金应退还投资者或投资者应补交的款项,T 日申购、赎回清单中公告 T 日预估现金部分,PENDING,"https://fund.eastmoney.com/gonggao/520590,AN202608051827679496.html",/Users/ellis/工具程序开发/港股通逐标的分析/临时数据/520590/520590_更新招募说明书_20260806.pdf,/Users/ellis/工具程序开发/港股通逐标的分析/临时数据/520590/520590_更新招募说明书_20260806.txt,向基金管理人/托管运营确认同日申赎是否按证券维度净额下单
113,159323,SZ,华夏中证港股通汽车产业主题ETF,2026-05-29,2026-05-29,2026-05-29,2026-09-09,51,必须,YES,updated,T日内,T日内,招募书未直接说明,T 日,T 日,T日（基金份额交收完成后；招募书未另行说明可卖出时点）,T+1日,T+1日,T+2 日内,T 日后的第 2 个港股通交易日后的 2 个工作日内,T 日,代收代付,T 日后的第 3 个港股通交易日后的 2 个工作日内,PASS,fund_document,业主题交易型开放式指数证券投资基金招募说明书（更新） 41 本基金申购业务采用实时逐笔全额结算（Real Time Gross Settlement，以下简称 RTGS） 模式；赎回业务涉及的现金替代可采用代收代付处理；申购、赎回业务涉及的现金差额和现金替代退补款可采用代收代付处理。 （1）申购的清算交收投资者 T 日现金申购后，如交易记录已勾单且申购资金足额的，登记机构在 T 日日间实时办理基金份额及现金替代的交收；T 日日间未进行勾单确认或日间资金不足的，登记机构在 T 日日终根据资金是否足额办理基金份额及现金替代的清算交收，并将结果发送给基金管理人、申购赎回代理机构和基金托管人。基金管理人在 T+2 日内办理现金差额的交收。 （2）赎回的清算交收投资者 T 日赎回申请受理后,PENDING,risk_or_non_operational,T+?清算；T+2交收,T 日在证券交易所无交易的，取最近交易日的收盘价,T 日赎回申请，T 日内，基金管理人根据赎回规模进行组合证券的代理卖出,PENDING,"https://fund.eastmoney.com/gonggao/159323,AN202605281822950330.html",/Users/ellis/工具程序开发/港股通逐标的分析/临时数据/159323/159323_更新招募说明书_20260529.pdf,/Users/ellis/工具程序开发/港股通逐标的分析/临时数据/159323/159323_更新招募说明书_20260529.txt,向基金管理人/托管运营确认同日申赎是否按证券维度净额下单
114,513010,SH,易方达恒生科技ETF(QDII),2025-11-27,2025-11-27,2026-08-11,2026-09-09,30,必须,NO,updated,T+1,T+1,招募书未直接说明,T 日,T 日,T日（T日日间完成 RTGS）；T+1日（T日日终逐笔全额非担保交收）,T+1日,T+1 日内,T+2 日内,T+1 日后的第 3 个港股通交易日内,T 日收市后,代收代付,自有效赎回申请之日起 10 个开放日内,PASS,fund_document,由投资者自行负责。 5、根据本基金现行适用的清算交收和申赎处理规则，投资者当日申购的基金份额，清算交收完成后方可卖出和赎回，即 T 日申购的基金份额且日间完成 RTGS( 实时逐笔全额结算)交收的，T 日可卖出和赎回， 而T 日申购的基金份额且日终完成逐笔全额非担保交收的，T+1 日方可卖出和赎回；T 日买入的基金份额， T 日可以赎回或卖出。 由于登记结算机构对现金替代采取非净额结算交收模式，当投资者赎回申请被登记结算机构确认后， 被赎回的基金份额即被记减， 但此时投资者尚未收到赎回现金替代款。 投资者投资本基金时需具有证券账户， 证券账户是指上海证券交易所 A 股账户或上海证券交易所证券投资基金账户。 投资者投资于本基金前请认真阅读证券交易所和登记结算机构关于 ETF 的相关,PASS,fund_specific_explicit,T+1清算；T+2交收,T+1 日在证券交易所无交易的， 取最近交易日的收盘价） 计算被替代证券的单位结算成本， 在此基础上根据替代证券数量和申购现金替代保证金确定基金应退还投资者或投资者应补交的款项，若 T 日后至 T+1 日期间发生除息、送股 60 （转增）、配股等,T+1 日内卖出组合证券中被替代的香港证券,PASS,"https://fund.eastmoney.com/gonggao/513010,AN202511261788820590.html",/Users/ellis/工具程序开发/港股通逐标的分析/临时数据/513010/513010_更新招募说明书_20251127.pdf,/Users/ellis/工具程序开发/港股通逐标的分析/临时数据/513010/513010_更新招募说明书_20251127.txt,
115,159366,SZ,永赢中证港股通医疗主题ETF,2026-06-30,2026-06-30,2026-06-30,2026-09-09,50,必须,YES,updated,T日内,T日内,招募书未直接说明,T日,T日,T日（基金份额交收完成后；招募书未另行说明可卖出时点）,T+1日,T日,T+2日,T日后的3个工作日内,T日,代收代付,T日后的第3个港股通交收日后的2个工作日内,PASS,fund_document,收与登记本基金申购赎回过程中涉及的基金份额、现金替代、现金差额及其他对价的清算交收适用相关业务规则和参与各方相关协议及其不时修订的有关规定。 本基金申购业务采用RTGS（实时逐笔全额结算）模式；赎回业务涉及的现金替代可采用代收代付处理；申购、赎回业务涉及的现金差额和现金替代退补款可采用代收代付处理。 投资者T日现金申购后，如交易记录已勾单且申购资金足额的，登记机构在T日日间实时办理基金份额及现金替代的交收；T日日间未进行勾单确认或日间资金不足的，登记机构在T日日终根据资金是否足额办理基金份额及现金替代的清算交收，并将结果发送给基金管理人、申购赎回代理券商和基金托管人。基金管理人在 T+2日办理现金差额的交收。 投资者T日赎回申请受理后，登记机构在T日收市后为投资者办理基金份额的清,PENDING,not_found,T+?清算；T+2交收,T日后的3个工作日内，基金管理人将应退款 40 永赢中证港股通医疗主题交易型开放式指数证券投资基金更新招募说明书(2026 年第 1 号) 或补款与相关申购赎回代理机构办理交收,T日赎回申请，T日内基金管理人根据所卖出的被替代组合证券的实际单位卖出成本、实际卖出的相关费用、未卖出的被替代组合证券的T日收盘价（折算为人民币，折算汇率采用当天的估值汇率,PENDING,"https://fund.eastmoney.com/gonggao/159366,AN202606291826550656.html",/Users/ellis/工具程序开发/港股通逐标的分析/临时数据/159366/159366_更新招募说明书_20260630.pdf,/Users/ellis/工具程序开发/港股通逐标的分析/临时数据/159366/159366_更新招募说明书_20260630.txt,向基金管理人/托管运营确认同日申赎是否按证券维度净额下单
116,520550,SH,招商恒生港股通高股息低波动ETF,2026-01-14,2026-01-14,2026-03-20,2026-09-09,49,必须,NO,updated,T日内,T日内,招募书未直接说明,T 日,T 日,T日（基金份额交收完成后；招募书未另行说明可卖出时点）,T+1日,T+1 日内,T+2 日内,T 日后的 3 个工作日 （指上海证券交易所和香港交易所的共同交易日） 内,T 日,代收代付,T 日后的第 2 个港股通交收日后的 2 个工作日内,PASS,fund_document,交收适用 《业务规则》 和参与各方相关协议的有关规定。 本基金申购业务采用实时逐笔全额结算 （Real Time Gross Settlement， 以下简称 RTGS） 模式； 赎回业务涉及的现金替代可采用代收代付处理； 申购、 赎回业务涉及的现金差额和现金替代退补款可采用代收代付处理。 投资者T 日现金申购后， 如交易记录已勾单且申购资金足额的， 登记机构在T 日日间实时办理基金份额及现金替代的交收；T 日日间未进行勾单确认或日间资金不足的， 登记机构在T 日日终根据资金是否足额办理基金份额及现金替代的清算交收， 并将结果发送给基金管理人、申购赎回代理机构和基金托管人。登记机构在T+1 日内办理现金差额的清算，在T+2 日内办理现金差额的交收。 投资者T 日赎回申请受理后，,PENDING,not_found,T+2清算；T+2交收,T 日 （指上海证券交易所与香港交易所的共同交易日） 收盘价 （需用汇率公允价折算为人民币， 当日在证券交易所无交易的， 取最近交易日的收盘价， 当日无收盘价的， 取最后成交价） 的差额，确定基金应退还投资者或投资者应补交的款项,T 日赎回申请，在 T 日（指上海证券交易所与香港交易所的共同交易日）内，基金管理人根据赎回申请代投资者卖出被替代证券,PENDING,"https://fund.eastmoney.com/gonggao/520550,AN202601131816986070.html",/Users/ellis/工具程序开发/港股通逐标的分析/临时数据/520550/520550_更新招募说明书_20260114.pdf,/Users/ellis/工具程序开发/港股通逐标的分析/临时数据/520550/520550_更新招募说明书_20260114.txt,向基金管理人/托管运营确认同日申赎是否按证券维度净额下单
117,159742,SZ,博时恒生科技ETF(QDII),2026-06-01,2026-06-01,2026-06-26,2026-09-09,31,必须,YES,updated,T+1,T+1,逐笔全额交收,T 日,T 日,T日（T日日间完成 RTGS）；T+1日（T日日终逐笔全额非担保交收）,T+1日,T+2 日内,T 日,T+5 日（指开放日）内,T 日,代收代付,自有效赎回申请之日起 7 个开放日内,PASS,fund_document,组合证券仅在境内上市的 ETF 产品有所差异。在目前结算规则下，投资者当日申购的基金份额，清算交收完成后可卖出和赎回，即 T 日申购的 ETF 份额且日间完成 RTGS（实时逐笔全额结算）交收，T 日可卖出与赎回，而 T 日申购的 ETF 份额且日终完成逐笔全额非担保交收，T+1 日方可卖出和赎回；T 日竞价买入的基金份额，T 日可以赎回，T 日可以卖出。 7、基金合同生效后，连续 50 个工作日出现基金份额持有人数量不满二百人或者基金资产净值低于五千万元情形的，本基金将根据基金合同的约定进行基金财产清算并终止，且无需召开基金份额持有人大会。因此本基金有面临自动清算的风险。 8、本基金为指数基金，投资者投资于本基金面临跟踪误差控制未达约定目标、指数编制机构停止服务、成份股停牌或退,PENDING,not_found,T+2清算；T+2交收,T+1 日（指开放日）无交易的，取最近交易日的收盘价）计算被替代证券的单位结算成本，在此基础上根据替代证券数量和申购现金替代保证金确定基金应退还投资者或投资者应补交的款项,T 日赎回申请，T+1 日（指开放日）内（即 T 日及 T+1 日） 基金管理人根据赎回规模进行组合证券的代理卖出,PENDING,"https://fund.eastmoney.com/gonggao/159742,AN202605311823107017.html",/Users/ellis/工具程序开发/港股通逐标的分析/临时数据/159742/159742_更新招募说明书_20260601.pdf,/Users/ellis/工具程序开发/港股通逐标的分析/临时数据/159742/159742_更新招募说明书_20260601.txt,向基金管理人/托管运营确认同日申赎是否按证券维度净额下单
118,513070,SH,易方达中证港股通消费主题ETF,2026-06-26,2026-06-26,2026-08-11,2026-09-09,50,必须,NO,updated,T日内,T日内,招募书未直接说明,T 日,T 日,T日（T日日间完成 RTGS）；T+1日（T日日终逐笔全额非担保交收）,T+1日,T+1 日内,T+2 日,T 日后的三个港股通交易日内,T 日收市后,招募书未直接说明,自有效赎回申请之日起 7 个开放日内,PASS,fund_document,金产品资料概要 。 5、根据本基金现行适用的清算交收和申赎处理规则，投资者当日申购的基金份额，清算交收完成后方可卖出和赎回，即 T 日申购的基金份额且日间完成 RTGS（实时逐笔全额结算） 交收的，T 日可卖出和赎回， 而T 日申购的基金份额且日终完成逐笔全额非担保交收的， T+1 日方可卖出和赎回；T 日买入的基金份额，T 日可以赎回或卖出。 投资者投资于本基金前请认真阅读证券交易所和登记结算机构关于 ETF 的相关业务规则及其不时的更新， 确保具备相关专业知识、 清楚了解相关规则流程后方可参与本基金的申购、 赎回及交易。 投资者一旦申购或赎回本基金， 即表示对基金申购和赎回所涉及的登记方式以及申购赎回所涉及现金替代、现金差额等相关的交收方式及业务规则已经认可。 6、基金的过往,PASS,fund_specific_explicit,T+1清算；T+2交收,T 日后的三个港股通交易日内，基金管理人将成份证券的应退款或补款与相关申购赎回代理券商办理交收， 38 当交收期间出现港股通交易日为非港股通交收日时，款项交收日期顺延,T 日内卖出组合证券中被替代的成份证券,PASS,"https://fund.eastmoney.com/gonggao/513070,AN202606251823859041.html",/Users/ellis/工具程序开发/港股通逐标的分析/临时数据/513070/513070_更新招募说明书_20260626.pdf,/Users/ellis/工具程序开发/港股通逐标的分析/临时数据/513070/513070_更新招募说明书_20260626.txt,
119,513180,SH,华夏恒生科技ETF(QDII),2026-07-20,2026-07-20,2026-05-29,2026-09-09,30,必须,NO,updated,T+1,T+1,招募书未直接说明,T 日,T 日,T日（基金份额交收完成后；招募书未另行说明可卖出时点）,T+1日,T+2 日内,T+3 日内,T+3 日（指上海证券交易所与香港交易所的共同交易日）内,T 日,代收代付,T+7 日（指开放日） 内,PASS,fund_document,适用相关业务规则和参与各方相关协议及其不时修订的有关规定。 本基金申购业务采用实时逐笔全额结算（Real Time Gross Settlement，以下简称 RTGS） 模式； 赎回业务涉及的现金替代可采用代收代付处理； 申购、 赎回业务涉及的现金差额和现金替代退补款可采用代收代付处理。 1）申购的清算交收投资者 T 日现金申购后，如交易记录已勾单且申购资金足额的，登记结算机构在 T 日日间实时办理基金份额及现金替代的交收；T 日日间未进行勾单确认或日间资金不足的， 登记结算机构在 T 日日终根据资金是否足额办理基金份额及现金替代的清算交收，并将结果发送给基金管理人、申购赎回代理券商和基金托管人。基金管理人在 T+2 日内办理现金差额的清算，在 T+3 日内办理现金差额的交收。,PENDING,risk_or_non_operational,T+3清算；T+3交收,T+1 日（指上海证券交易所和香港交易所的共同交易日）日终，基金管理人已买入的证券， 依据申购现金替代保证金与被替代证券的实际买入成本 （包括买入价格与相关交易费用） 的差额， 确定基金应退还投资者或投资者应补交的款项,T 日申购、赎回清单中公告 T 日预估现金部分,PENDING,"https://fund.eastmoney.com/gonggao/513180,AN202607191827113009.html",/Users/ellis/工具程序开发/港股通逐标的分析/临时数据/513180/513180_更新招募说明书_20260720.pdf,/Users/ellis/工具程序开发/港股通逐标的分析/临时数据/513180/513180_更新招募说明书_20260720.txt,向基金管理人/托管运营确认同日申赎是否按证券维度净额下单
120,513170,SH,鹏华恒生中国央企(QDII),2026-02-05,2026-02-05,2026-03-30,2026-09-09,50,必须,NO,updated,T日内,T日内,招募书未直接说明,T 日,T 日,T日（T日日间完成 RTGS）；T+1日（T日日终逐笔全额非担保交收）,T+1日,T+1 日,T+2 日,T+3 日内,T 日,代收代付,T 日,PASS,fund_document,亏损的风险，以及与存托凭证发行机制相关的风险。 在目前结算规则下，投资者当日申购的基金份额，清算交收完成后方可卖出和赎回， 即 T 日申购的基金份额且日间完成 RTGS（实时逐笔全额结算）交收的，T 日可卖出和赎回，而 T 日申购的基金份额且日终完成逐笔全额非担保交收的，T+1 日方可卖出和赎回。 当日买入的基金份额，同日可以赎回或卖出。由于登记机构对现金替代采取非净额结算交收模式，当投资者赎回申请被登记机构确认后，被赎回的基金份额即被记减，但此时投资者尚未收到赎回现金替代款。 基金的过往业绩并不预示其未来表现，基金管理人管理的其他基金的业绩并不构成对本基金表现的保证。 基金管理人依照恪尽职守、诚实信用、谨慎勤勉的原则管理和运用基金财产，但不保证基金一定盈利，也不保证最低收益。基,PASS,fund_specific_explicit,T+1清算；T+2交收,T 日日终，基金管理人已买入的证券，依据申购现金替代保证金与被替代证券的实际买入成本（包括买入价格与相关交易费用，按汇率公允价折算为人民币）的差额，确定基金应退还投资者或投资者应补交的款项,T 日申购、赎回清单中公告 T 日预估现金部分,PASS,"https://fund.eastmoney.com/gonggao/513170,AN202602041819774161.html",/Users/ellis/工具程序开发/港股通逐标的分析/临时数据/513170/513170_更新招募说明书_20260205.pdf,/Users/ellis/工具程序开发/港股通逐标的分析/临时数据/513170/513170_更新招募说明书_20260205.txt,
121,159245,SZ,富国国证港股通消费主题ETF,2026-08-28,2026-08-28,2026-08-28,2026-09-09,51,必须,YES,updated,T日内,T日内,招募书未直接说明,T 日,T 日,T日（T日日间完成 RTGS）；T+1日（T日日终逐笔全额非担保交收）,T+1日,T+1 日,T+2 日,T 日后的 5 个工作日内,T 日,代收代付,T 日后的第 4 个港股通交收日后的 1 个工作日内,PASS,fund_document,份额持有人大会审议。 根据本基金现行适用的清算交收和申赎处理规则， 投资者当日申购的基金份额，清算交收完成后方可卖出和赎回，即 T 日申购的基金份额且日间完成 RTGS （实时逐笔全额结算）交收的，T 日可卖出和赎回，而T 日申购的基金份额且日终完成逐笔全额非担保交收的，T+1 日方可卖出和赎回；T 日竞价买入的基金份额，T 日可以卖出或赎回；T 日大宗买入的基金份额，T 日可以大宗卖出，T+1 日可以竞价卖出或赎回。 投资有风险， 投资者认购 （或申购） 基金时应认真阅读本招募说明书、 基金合同、 基金产品资料概要等信息披露文件， 自主判断基金的投资价值， 自主做出投资决策，自行承担投资风险。基金管理人提醒投资者基金投资的“买者自负” 原则， 在投资者作出投资决策后， 基金运营,PENDING,not_found,T+2清算；T+2交收,T 日后的 5 个工作日内， 基金管理人将应退招募说明书（更新） 55 款或补款与相关申购赎回代理机构办理交收,T 日赎回申请，T 日内基金管理人根据赎回规模进行组合证券的代理卖出,PENDING,"https://fund.eastmoney.com/gonggao/159245,AN202608271828557944.html",/Users/ellis/工具程序开发/港股通逐标的分析/临时数据/159245/159245_更新招募说明书_20260828.pdf,/Users/ellis/工具程序开发/港股通逐标的分析/临时数据/159245/159245_更新招募说明书_20260828.txt,向基金管理人/托管运营确认同日申赎是否按证券维度净额下单
122,159101,SZ,华夏国证港股通科技ETF,2026-06-30,2026-06-30,2026-06-30,2026-09-09,31,必须,YES,updated,T日内,T日内,招募书未直接说明,T 日,T 日,T日（基金份额交收完成后；招募书未另行说明可卖出时点）,T+1日,T+1日,T+2 日内,T 日后的第 2 个港股通交易日后的 2 个工作日内,T 日,代收代付,T 日后的第 3 个港股通交易日后的 2 个工作日内,PASS,fund_document,司及相关证券交易所最新的规则和参与各方相关协议的有关规定。 本基金申购业务采用实时逐笔全额结算（Real Time Gross Settlement，以下简称 RTGS） 模式；赎回业务涉及的现金替代可采用代收代付处理；申购、赎回业务涉及的现金差额和现金替代退补款可采用代收代付处理。 （1）申购的清算交收投资者 T 日现金申购后，如交易记录已勾单且申购资金足额的，登记机构在 T 日日间实时办理基金份额及现金替代的交收；T 日日间未进行勾单确认或日间资金不足的，登记机构在 T 日日终根据资金决定是否足额办理基金份额及现金替代的清算交收，并将结果发送给基金管理人、申购赎回代理机构和基金托管人。基金管理人在 T+2 日内办理现金差额的交收。 （2）赎回的清算交收投资者 T 日赎回申请受,PENDING,risk_or_non_operational,T+?清算；T+2交收,T 日在证券交易所无交易的，取最近交易日的收盘价,T 日赎回申请，T 日内，基金管理人根据赎回规模进行组合证券的代理卖出,PENDING,"https://fund.eastmoney.com/gonggao/159101,AN202606291826539824.html",/Users/ellis/工具程序开发/港股通逐标的分析/临时数据/159101/159101_更新招募说明书_20260630.pdf,/Users/ellis/工具程序开发/港股通逐标的分析/临时数据/159101/159101_更新招募说明书_20260630.txt,向基金管理人/托管运营确认同日申赎是否按证券维度净额下单
123,159519,SZ,国泰中证香港内地国有企业ETF(QDII),2025-09-30,2025-09-30,2026-02-02,2026-09-09,41,必须,YES,updated,T日内,T日内,逐笔全额交收,T 日,T 日,T日（基金份额交收完成后；招募书未另行说明可卖出时点）,T+1日,T+2 日内,T 日,T+5 日内,T 日,代收代付,自有效赎回申请之日起 10 个开放日内,PASS,applicable_SZ_cross_border_rule,招募书未直接出现 RTGS；按适用的交易所/中国结算跨境 ETF 规则，日间 RTGS 交收，按项目口径 PASS,PENDING,not_found,T+2清算；T+2交收,T 日在证券交易所无交易的， 取最近交易日的收盘价）计算被替代证券的单位结算成本，在此基础上根据替代证券数量和申购现金替代金额确定基金应退还投资者或投资者应补交的款项,T 日在证券交易所无交易的， 取最近交易日的收盘价）计算被替代证券的单位结算金额，在此基础上根据替代证券数量确定赎回替代金额,PENDING,"https://fund.eastmoney.com/gonggao/159519,AN202509291752833003.html",/Users/ellis/工具程序开发/港股通逐标的分析/临时数据/159519/159519_更新招募说明书_20250930.pdf,/Users/ellis/工具程序开发/港股通逐标的分析/临时数据/159519/159519_更新招募说明书_20250930.txt,向基金管理人/托管运营确认同日申赎是否按证券维度净额下单；招募书未直接写 RTGS，保留适用规则来源
124,520620,SH,嘉实恒生消费ETF,2026-07-15,2026-07-15,2026-06-11,2026-09-09,51,必须,NO,updated,T日内,T日内,招募书未直接说明,T 日,T 日,T日（基金份额交收完成后；招募书未另行说明可卖出时点）,T+1日,T+1 日内,T+3 日内,T+3 日 （指开放日） 内,T 日收市后,代收代付,自有效赎回申请之日起 7 个开放日内,PASS,fund_document,业务规则和参与各方相关协议及其不时修订的有关规定。 对于本基金的申购业务采用实时逐笔全额结算（Real Time Gross Settlement ，以下简称 RTGS）模式；赎回业务涉及的现金替代采用代收代付处理；申购、赎回业务涉及的现金差额和现金替代退补款采用代收代付处理。 投资者 T 日现金申购后，如交易记录已勾单且申购资金足额的，登记结算机构在T 日日间实时办理基金份额及现金替代的交收；T 日日间未进行勾单确认或日间资金不足的， 登记结算机构在 T 日日终根据资金是否足额办理基金份额及现金替代的清算交收；在 T+1 日内办理现金差额的清算，并将结果发送给申购赎回代理券商、基金管理人和基金托管人。 基金管理人与申购赎回代理券商在T+3 日内办理现金差额的交收。 投资者 T,PENDING,not_found,T+1清算；T+3交收,T 日在证券交易所无交易的，取最近交易日的收盘价,T 日赎回申请，T 日内，基金管理人根据赎回规模进行组合证券的代理卖出,PENDING,"https://fund.eastmoney.com/gonggao/520620,AN202607141826963317.html",/Users/ellis/工具程序开发/港股通逐标的分析/临时数据/520620/520620_更新招募说明书_20260715.pdf,/Users/ellis/工具程序开发/港股通逐标的分析/临时数据/520620/520620_更新招募说明书_20260715.txt,向基金管理人/托管运营确认同日申赎是否按证券维度净额下单
125,159280,SZ,汇添富国证港股通互联网ETF,2026-08-14,2026-08-14,2026-08-14,2026-09-09,31,必须,YES,updated,T日内,T日内,招募书未直接说明,T 日,T 日,T日（T日日间完成 RTGS）；T+1日（T日日终逐笔全额非担保交收）,T+1日,T+1 日,T+2 日,T 日（指港股通交易日） 后的第 3 个港股通交易日后的 2 个工作日内,T 日,招募书未直接说明,自有效赎回申请之日起7 个开放日内,PASS,fund_document,求完成风险承受能力与产品风险之间的匹配检验。 在目前结算规则下， 投资者当日申购的基金份额， 清算交收完成后方可卖出和赎回， 即T 日申购的基金份额且日间完成 RTGS（实时逐笔全额结算） 交收的， T 日可卖出和赎回，而 T 日申购的基金份额且日终完成逐笔全额非担保交收的， T+1 日方可卖出和赎回；T 日竞价买入的基金份额，T 日可以卖出或赎回；T 日大宗买入的基金份额，T 日可以大宗卖出，T+1 日可以竞价卖出或赎回。 投资者投资于本基金前请认真阅读证券交易所和登记机构关于 ETF 的相关业务规则及其不时的更新， 确保具备相关专业知识、 清楚了解相关规则流程后方可参与本基金的申购、 赎回及交易。 投资者一旦认购、 申购或赎回本基金， 即表示对基金认购、 申购和赎回所涉及的基,PENDING,not_found,T+2清算；T+2交收,T 日（指港股通交易日） 在证券交易所无交易的， 取最近交易日的收盘价,T 日 （指港股通交易日） 内， 基金管理人根据赎回申请代投资者卖出被替代证券,PENDING,"https://fund.eastmoney.com/gonggao/159280,AN202608131827947928.html",/Users/ellis/工具程序开发/港股通逐标的分析/临时数据/159280/159280_更新招募说明书_20260814.pdf,/Users/ellis/工具程序开发/港股通逐标的分析/临时数据/159280/159280_更新招募说明书_20260814.txt,向基金管理人/托管运营确认同日申赎是否按证券维度净额下单
126,159121,SZ,易方达恒生港股通汽车主题ETF,2026-04-16,2026-04-16,2026-08-11,2026-09-09,41,必须,YES,updated,T日内,T日内,招募书未直接说明,T 日,T 日,T日（T日日间完成 RTGS）；T+1日（T日日终逐笔全额非担保交收）,T+1日,T 日,T+3 日内,T 日后的三个港股通交易日内,T 日,代收代付,自有效赎回申请之日起 7 个工作日内,PASS,fund_document,易结算风险、基金投资非公开信息泄露的风险等。 7、在目前结算规则下，投资者当日申购的基金份额，清算交收完成后方可卖出和赎回，即 T 日申购的基金份额且日间完成 RTGS（实时逐笔全额结算）交收的，T 日可卖出和赎回，而 T 日申购的基金份额且日终完成逐笔全额非担保交收的，T+1 日方可卖出和赎回； T 日竞价买入的基金份额，T 日可以卖出或赎回；T 日大宗买入的基金份额，T 日可以大宗卖出，T+1 日可以竞价卖出或赎回。 投资者投资于本基金前请认真阅读证券交易所和登记结算机构关于 ETF 的相关业务规则及其不时的更新，确保具备相关专业知识、清楚了解相关规则流程后方可参与本基金的申购、赎回及交易。投资者一旦申购或赎回本基金，即表示对基金申购和赎回所涉及的登记方式以及申购赎回所涉及现,PASS,fund_specific_explicit,T+?清算；T+3交收,T 日收盘价（折算为人民币，被替代证券当日在证券交易所无交易的，取最近交易日的收盘价,T 日内卖出组合证券中被替代的成份证券,PASS,"https://fund.eastmoney.com/gonggao/159121,AN202604151821245433.html",/Users/ellis/工具程序开发/港股通逐标的分析/临时数据/159121/159121_更新招募说明书_20260416.pdf,/Users/ellis/工具程序开发/港股通逐标的分析/临时数据/159121/159121_更新招募说明书_20260416.txt,
127,159281,SZ,天弘中证港股通央企红利ETF,2026-03-07,2026-03-07,2026-06-26,2026-09-09,51,必须,YES,updated,T日内,T日内,招募书未直接说明,T 日,T 日,T日（T日日间完成 RTGS）；T+1日（T日日终逐笔全额非担保交收）,T+1日,T 日,T+2 日内,T 日,T 日,招募书未直接说明,自有效赎回申请之日起 7 个工作日内,PASS,fund_document,购、赎回，具体业务的办理时间请参见相关公告。 在目前结算规则下，投资者当日申购的基金份额，清算交收完成后可卖出和赎回，即 T 日申购的 ETF 份额且日间完成 RTGS（实时逐笔全额结算）交收的，T 日可卖出与赎回，而 T 日申购的 ETF 份额且日终完成逐笔全额非担保交收的，T+1 日方可卖出和赎回；T 日竞价买入的基金份额，T 日可以卖出或赎回；T 日大宗买入的基金份额，T 日可以大宗卖出，T+1 日可以竞价卖出或赎回。 目前本基金的申购赎回采用全现金替代模式，申购对价、赎回对价包括现金替代、现金差额及其他对价，即投资人在场内可以现金申购、赎回办理本基金的申购、赎回业务。未来在条件允许的情况下，基金管理人可以在场内开通本基金实物申购赎回方式或者其他现金申购、赎回以外的方式办理,PENDING,not_found,T+2清算；T+2交收,T 日（指港股通交易日） 在证券交易所无交易的，取最近交易日的收盘价,T 日赎回申请，基金管理人有权在 T 日（指港股通交易日） 内任意时刻代投资者卖出小于等于被替代证券数量的任意数量的被替代证券,PENDING,"https://fund.eastmoney.com/gonggao/159281,AN202603061820344695.html",/Users/ellis/工具程序开发/港股通逐标的分析/临时数据/159281/159281_更新招募说明书_20260307.pdf,/Users/ellis/工具程序开发/港股通逐标的分析/临时数据/159281/159281_更新招募说明书_20260307.txt,向基金管理人/托管运营确认同日申赎是否按证券维度净额下单
128,513380,SH,广发恒生科技(QDII-ETF),2026-07-06,2026-07-06,2026-07-06,2026-09-09,30,必须,NO,updated,T日内,T日内,招募书未直接说明,T 日,T 日,T日（T日日间完成 RTGS）；T+1日（T日日终逐笔全额非担保交收）,T+1日,T+1 日,T+2 日,T+3 日（指上海证券交易所与香港交易所的共同交易日）内,T 日,代收代付,T 日,PASS,fund_document,易价格折溢价的风险。 根据本基金现行适用的清算交收和申赎处理规则，投资者当日申购的基金份额，清算交收完成后方可卖出和赎回，即T 日申购的ETF 份额且日间完成 RTGS（实时逐笔全额结算）交收，T 日可卖出与赎回，而T 日申购的 ETF 份额且日终完成逐笔全额非担保交收的，T+1 日方可卖出和赎回；T 日买入的基金份额，T 日可以赎回或卖出。由于登记结算机构对现金替代采取非净额结算交收模式，当投资者赎回申请被登记结算机构确认后，被赎回的基金份额即被记减，但此时投资者尚未收到赎回现金替代款。投资者投资本基金时需具有证券账户，证券账户是指上海证券交易所 A 股账户或上海证券交易所证券投资基金账户。 本基金以 1 元初始面值进行募集，在市场波动等因素的影响下，存在单位份额净值跌破 1,PENDING,not_found,T+1清算；T+2交收,T 日（指香港交易所交易日）日终，基金管理人已买入的证券，依据申购现金替代保证金与被替代证券的实际买入成本（包括买入价格与相关交易费用）的差额，确定基金应退还投资者或投资者应补交的款项,T日申购、赎回清单中公告 T日预估现金部分,PENDING,"https://fund.eastmoney.com/gonggao/513380,AN202607051826730035.html",/Users/ellis/工具程序开发/港股通逐标的分析/临时数据/513380/513380_更新招募说明书_20260706.pdf,/Users/ellis/工具程序开发/港股通逐标的分析/临时数据/513380/513380_更新招募说明书_20260706.txt,向基金管理人/托管运营确认同日申赎是否按证券维度净额下单
129,520680,SH,南方中证港股通汽车产业主题ETF,,2026-02-24,,2026-09-09,50,必须,NO,initial_only,T日内,T日内,招募书未直接说明,T日,T日,T日（基金份额交收完成后；招募书未另行说明可卖出时点）,T+1日,T日,T日,T日后的第5个港股通交易日内,T日,代收代付,T+7日（指开放日）内,PASS,fund_document,合证券仅在境内证券交易所上市的ETF产品存在一定差异。在目前结算规则下，投资者当日申购的基金份额，清算交收完成后方可卖出和赎回，即T日申购的ETF份额且日间完成RTGS（实时逐笔全额结算）交收，T日可卖出与赎回；T日申购的ETF份额日间未完成交收的，日终完成逐笔全额非担保交收，T+1日方可卖出和赎回；T日买入的基金份额，T日可以赎回。 投资人投资本基金时需具有上海证券交易所A股账户或基金账户。其中，上海证券交易所基金账户只能进行基金的现金认购和二级市场交易， 如投资人需要参与基金的申购、 赎回， 则应开立并使用上海证券交易所A股账户。 投资人在投资本基金之前，请仔细阅读本基金的招募说明书、基金产品资料概要和基金合同等信息披露文件，自主判断基金的投资价值，自主做出投资决策，全面认识,PENDING,not_found,T+1清算；T+1交收,T日后的第5个港股通交易日内， 基金管理人将应退款或补款与相关申购赎回代理券商办理交收,T 日赎回申请，基金管理人根据实际单位卖出金额（扣除相关费用， 按照汇率折算为人民币） 或被替代证券的T日收盘价 （按照汇率折算为人民币， 被替代证券当日在证券交易所无交易的，取最近交易日的收盘价,PENDING,"https://fund.eastmoney.com/gonggao/520680,AN202602231819983430.html",/Users/ellis/工具程序开发/港股通逐标的分析/临时数据/520680/520680_招募说明书_20260224.pdf,/Users/ellis/工具程序开发/港股通逐标的分析/临时数据/520680/520680_招募说明书_20260224.txt,东财暂未找到更新招募书，继续监测；向基金管理人/托管运营确认同日申赎是否按证券维度净额下单
130,159152,SZ,平安恒生港股通科技主题ETF,2026-07-29,2026-07-29,2026-07-29,2026-09-09,32,必须,YES,updated,T日内,T日内,日间 RTGS/实时逐笔全额；日间未完成时日终逐笔全额非担保交收,T日日间 RTGS/实时逐笔全额交收；日间未完成时 T日日终交收,T 日,T日（基金份额交收完成后；招募书未另行说明可卖出时点）,T+1日,T+1 日,T+2 日,T+5 日（指开放日）内,T 日收市后,代收代付,T+7 日（指开放日） 内,PASS,fund_document,、现金替代、现金差额及其他对价的清算交收适用相关业务规则和参与各方相关协议及其不时修订的有关规定。 本基金现金申购业务中的现金替代采用逐笔全额结算（T 日日间 RTGS 交收 +T 日日终逐笔全额非担保交收）处理；现金赎回业务中的现金替代采用代收代付处理；现金申购、赎回业务涉及的现金差额和现金替代退补款采用代收代付处理。 投资者 T 日现金申购后，正常情况下，如选择采用 RTGS 交收且申购资金足额的，登记结算机构在 T 日日间实时办理基金份额及现金替代的清算交收；T 日日间资金不足或不选择 RTGS 交收的，登记结算机构在 T 日收市后办理基金份额及现金替代的清算交收，并将结果发送给基金管理人、申购赎回代理券商和基金托管人。基金管理人在 T+1 日办理现金差额的清算，在 T+2,PENDING,not_found,T+2清算；T+2交收,T 日收盘价（折算为人民币，T 日在证券交易所无交易的，取最近交易日的收盘价,T 日收盘价（折算为人民币，被替代证券 T 日在证券交易所无交易的，取最近交易日的收盘价,PENDING,"https://fund.eastmoney.com/gonggao/159152,AN202607281827422606.html",/Users/ellis/工具程序开发/港股通逐标的分析/临时数据/159152/159152_更新招募说明书_20260729.pdf,/Users/ellis/工具程序开发/港股通逐标的分析/临时数据/159152/159152_更新招募说明书_20260729.txt,向基金管理人/托管运营确认同日申赎是否按证券维度净额下单
131,159010,SZ,博时恒生港股通科技主题ETF,2026-05-30,2026-05-30,2026-05-13,2026-09-09,32,必须,YES,updated,T日内,T日内,逐笔全额交收,T 日,T 日,T日（T日日间完成 RTGS）；T+1日（T日日终逐笔全额非担保交收）,T+1日,T+2 日内,T+2 日内,T+5 日（指开放日）内,T 日,代收代付,自有效赎回申请之日起 7 个开放日内,PASS,fund_document,认情况，投资人应及时查询并妥善行使合法权利。 在目前结算规则下，投资者当日申购的基金份额，清算交收完成后可卖出和赎回，即 T 日申购的 ETF 份额且日间完成 RTGS（实时逐笔全额结算）交收，T 日可卖出与赎回，而 T 日申购的 ETF 份额且日终完成逐笔全额非担保交收，T+1 日方可卖出和赎回；T 日竞价买入的基金份额，T 日可以赎回，T 日可以卖出。 本基金获批后，若深圳证券交易所和中国证券登记结算有限责任公司针对交易型开放式指数证券投资基金推出新的清算交收与登记模式并引入新的申购、赎回方式，在履行适当程序后，本基金管理人将根据新的业务规则新增或调整申购和赎回申请的确认方式，届时将发布公告予以披露并对本基金的招募说明书予以更新，而无需召开基金份额持有人大会审议。 3、申购和,PENDING,not_found,T+2清算；T+2交收,T 日在证券交易所无交易的，取最近交易日的收盘价）计算被替代证券的单位结算成本，在此基础上根据替代证券数量和申购现金替代保证金确定基金应退还投资者或投资者应补交的款项,T 日赎回申请，在 T 日（指深圳证券交易所与香港交易所的共同交易日）内，基金管理人根据赎回申请代投资者卖出被替代证券,PENDING,"https://fund.eastmoney.com/gonggao/159010,AN202605291823018570.html",/Users/ellis/工具程序开发/港股通逐标的分析/临时数据/159010/159010_更新招募说明书_20260530.pdf,/Users/ellis/工具程序开发/港股通逐标的分析/临时数据/159010/159010_更新招募说明书_20260530.txt,向基金管理人/托管运营确认同日申赎是否按证券维度净额下单
132,159750,SZ,招商中证香港科技ETF(QDII),2026-01-23,2026-01-23,2026-02-27,2026-09-09,51,必须,YES,updated,T日内,T日内,逐笔全额交收,T 日,T 日,T日（基金份额交收完成后；招募书未另行说明可卖出时点）,T+1日,T+2 日,T 日,T+5 日（指开放日）内,T 日,代收代付,自有效赎回申请之日起 10 个工作日内,PASS,applicable_SZ_cross_border_rule,招募书未直接出现 RTGS；按适用的交易所/中国结算跨境 ETF 规则，日间 RTGS 交收，按项目口径 PASS,PENDING,not_found,T+2清算；T+2交收,T 日，基金管理人根据申购赎回清单收取替代金额,T 日期间存在,PENDING,"https://fund.eastmoney.com/gonggao/159750,AN202601221818279104.html",/Users/ellis/工具程序开发/港股通逐标的分析/临时数据/159750/159750_更新招募说明书_20260123.pdf,/Users/ellis/工具程序开发/港股通逐标的分析/临时数据/159750/159750_更新招募说明书_20260123.txt,向基金管理人/托管运营确认同日申赎是否按证券维度净额下单；招募书未直接写 RTGS，保留适用规则来源
133,513330,SH,华夏恒生互联网科技业ETF(QDII),2026-07-20,2026-07-20,2026-05-29,2026-09-09,30,必须,NO,updated,T+1,T+1,招募书未直接说明,T 日,T 日,T日（基金份额交收完成后；招募书未另行说明可卖出时点）,T+1日,T+2 日内,T+3 日内,T+3 日（指上海证券交易所与香港交易所的共同交易日）内,T 日,代收代付,T+7 日（指开放日）内,PASS,fund_document,适用相关业务规则和参与各方相关协议及其不时修订的有关规定。 本基金申购业务采用实时逐笔全额结算（Real Time Gross Settlement，以下简称 RTGS） 模式； 赎回业务涉及的现金替代可采用代收代付处理； 申购、 赎回业务涉及的现金差额和现金替代退补款可采用代收代付处理。 1）申购的清算交收投资者 T 日现金申购后，如交易记录已勾单且申购资金足额的，登记结算机构在 T 日日间实时办理基金份额及现金替代的交收；T 日日间未进行勾单确认或日间资金不足的， 登记结算机构在 T 日日终根据资金是否足额办理基金份额及现金替代的清算交收，并将结果发送给基金管理人、申购赎回代理券商和基金托管人。基金管理人在 T+2 日内办理现金差额的清算，在 T+3 日内办理现金差额的交收。,PENDING,risk_or_non_operational,T+3清算；T+3交收,T+1 日（指上海证券交易所和香港交易所的共同交易日）日终，基金管理人已买入的证券， 依据申购现金替代保证金与被替代证券的实际买入成本 （包括买入价格与相关交易费用） 的差额， 确定基金应退还投资者或投资者应补交的款项,T 日申购、赎回清单中公告 T 日预估现金部分,PENDING,"https://fund.eastmoney.com/gonggao/513330,AN202607191827112909.html",/Users/ellis/工具程序开发/港股通逐标的分析/临时数据/513330/513330_更新招募说明书_20260720.pdf,/Users/ellis/工具程序开发/港股通逐标的分析/临时数据/513330/513330_更新招募说明书_20260720.txt,向基金管理人/托管运营确认同日申赎是否按证券维度净额下单
134,159202,SZ,万家恒生互联网科技业ETF(QDII),2025-10-15,2025-10-15,2026-01-22,2026-09-09,31,必须,YES,updated,T日内,T日内,日间 RTGS/实时逐笔全额；日间未完成时日终逐笔全额非担保交收,T 日,T 日,T日（T日日间完成 RTGS）；T+1日（T日日终逐笔全额非担保交收）,T+1日,T+1 日内,T+2 日内,T+4 日 （指深圳证券交易所和香港联合交易所同时开放的交易日） 内,T 日,代收代付,T+7 日 （指深圳证券交易所和香港联合交易所同时开放的交易日）内,PASS,fund_document,风险收益特征相似。 根据本基金现行适用的清算交收和申赎处理规则， 投资者当日申购的基金份额， 清算交收完成后方可卖出和赎回， 即T 日申购的基金份额且日间完成 RTGS （实时逐笔全额结算） 交收，T 日可卖出和赎回， 而T 日申购的基金份额且日终完成逐笔全额非担保交收，T+1 日方可卖出和赎回；T 日竞价买入的基金份额， T 日可以赎回和卖出。 在本基金存续期间， 基金管理人不承担基金销售、 基金投资等运作环节中的任何汇率变动风险。 本基金的具体风险详见本招募说明书的“风险揭示”部分。 投资者投资于本基金前请认真阅读证券交易所及登记机构的相关业务规则及其不时的更新， 确保具备相关专业知识、 清楚了解相关规则流程后方可参与本基金的认购、申购、赎回及交易。投资者一旦认购、申购或赎回,PASS,fund_specific_explicit,T+1清算；T+2交收,T+4 日 （指深圳证券交易所和香港联合交易所同时开放的交易日） 内， 基金管理人将应退款或补款与相关申购赎回代理机构办理交收,T 日赎回申请，T 日日终基金管理人根据所卖出的被替代组合证券的实际卖出金额（扣除相关费用， 折算为人民币， 若通过港股通机制卖出港股， 则折算汇率采用当天的港股通结算汇兑比率,PASS,"https://fund.eastmoney.com/gonggao/159202,AN202510141762015824.html",/Users/ellis/工具程序开发/港股通逐标的分析/临时数据/159202/159202_更新招募说明书_20251015.pdf,/Users/ellis/工具程序开发/港股通逐标的分析/临时数据/159202/159202_更新招募说明书_20251015.txt,
135,159186,SZ,鹏华恒生港股通汽车主题ETF,2026-04-23,2026-04-23,,2026-09-09,41,必须,YES,updated,T日内,T日内,日间 RTGS/实时逐笔全额；日间未完成时日终逐笔全额非担保交收,T 日,T 日,T日（T日日间完成 RTGS）；T+1日（T日日终逐笔全额非担保交收）,T+1日,T日,T+2日,T+3日（指港股通交易日）内,T日,代收代付,T日后的第3个港股通交易日后的2个工作日内,PASS,fund_document,与基金的申购、赎回，则应开立深圳A 股账户。 在目前结算规则下， 投资者当日申购的基金份额， 清算交收完成后方可卖出和赎回， 即 T 日申购的基金份额且日间完成RTGS（实时逐笔全额结算）交收的，T 日可卖出和赎回，而 T 日申购的基金份额且日终完成逐笔全额非担保交收的，T+1 日方可卖出和赎回。T 日竞价买入的基金份额，T 日可以卖出或赎回；T 日大宗买入的基金份额，T 日可以大宗卖出，T+1 日可以竞价卖出或赎回。 由于登记机构对赎回的现金替代采取非净额结算交收模式， 当投资者赎回申请被登记机构确认后， 被赎回的基金份额即被记减， 但此时投资者尚未收到赎回现金替代款。 基金的过往业绩并不预示其未来表现， 基金管理人管理的其他基金的业绩并不构成对本基金表现的保证。 基金管理人依,PENDING,risk_or_non_operational,T+?清算；T+2交收,T+3日（指港股通交易日）内，基金管理人将应退款和补款的明细及汇总数据发送给登记机构， 登记机构办理现金替代多退少补资金的清算， 并将结果发送给相关申购赎回代理券商和基金托管人,T日赎回申请，通常情况下T日内基金管理人根据赎回规模进行组合证券的代理卖出,PENDING,"https://fund.eastmoney.com/gonggao/159186,AN202604221821448975.html",/Users/ellis/工具程序开发/港股通逐标的分析/临时数据/159186/159186_更新招募说明书_20260423.pdf,/Users/ellis/工具程序开发/港股通逐标的分析/临时数据/159186/159186_更新招募说明书_20260423.txt,向基金管理人/托管运营确认同日申赎是否按证券维度净额下单
136,159960,SZ,平安港股通恒生中国企业ETF,2026-07-28,2026-07-28,2026-07-28,2026-09-09,51,必须,YES,updated,T日内,T日内,日间 RTGS/实时逐笔全额；日间未完成时日终逐笔全额非担保交收,T日日间 RTGS/实时逐笔全额交收；日间未完成时 T日日终交收,T 日,T日（基金份额交收完成后；招募书未另行说明可卖出时点）,T+1日,T+2 日内,T+3 日内,T+5 日（指开放日）内,T 日,代收代付,T+7 日（指开放日）内,PASS,fund_document,额、现金替代、现金差额及其他对价的清算交收适用相关业务规则和参与各方相关协议及其不时修订的有关规定。本基金现金申购业务中的现金替代采用逐笔全额结算（T 日日间 RTGS 交收+T 日日终逐笔全额非担保交收）处理； 现金赎回业务中的现金替代采用代收代付处理；现金申购、赎回业务涉及的现金差额和现金替代退补款采用代收代付处理。 投资者 T 日提交的现金申购申请受理后，日间完成 RTGS 交收部分，登记机构在 T 日为该投资者办理基金份额登记以及现金替代的交收；日间未完成 RTGS 交收部分，登记机构在 T 日日终为该投资者办理基金份额登记以及现金替代的交收，并将结果发送给基金管理人、 申购赎回代理券商和基金托管人。基金管理人在 T+2 日内办理现金差额的清算，在 T+3 日内办理现金差,PENDING,not_found,T+3清算；T+3交收,T 日（指开放日）收盘价（折算为人民币，T 日（指开放日）在证券交易所无交易的，取最近交易日的收盘价）计算被替代证券的单位结算成本，在此基础上根据替代证券数量和申购现金替代保证金确定基金应退还投资者或投资者应补交的款项,T 日赎回申请，T 日（指开放日）基金管理人根据赎回规模进行组合证券的代理卖出,PENDING,"https://fund.eastmoney.com/gonggao/159960,AN202607271827387762.html",/Users/ellis/工具程序开发/港股通逐标的分析/临时数据/159960/159960_更新招募说明书_20260728.pdf,/Users/ellis/工具程序开发/港股通逐标的分析/临时数据/159960/159960_更新招募说明书_20260728.txt,向基金管理人/托管运营确认同日申赎是否按证券维度净额下单
137,520790,SH,兴业中证港股通互联网ETF,,2026-02-02,2026-06-23,2026-09-09,30,必须,NO,initial_only,T日内,T日内,招募书未直接说明,T 日,T 日,T日（基金份额交收完成后；招募书未另行说明可卖出时点）,T+1日,T 日,T 日,T 日后的第 5 个港股通交易日内,T 日,代收代付,T+7 日（指开放日）内,PASS,fund_document,交易型开放式指数证券投资基金招募说明书 5 目前结算规则下，投资者当日申购的基金份额，清算交收完成后方可卖出和赎回， 即 T 日申购的 ETF 份额且日间完成 RTGS（实时逐笔全额结算）交收，T 日可卖出与赎回；T 日申购的 ETF 份额日间未完成交收的，日终完成逐笔全额非担保交收，T+1 日方可卖出和赎回；T 日买入的基金份额，T 日可以赎回。 投资人投资本基金时需具有上海证券交易所 A 股账户或基金账户。其中，上海证券交易所基金账户只能进行基金的现金认购和二级市场交易，如投资人需要参与基金的申购、赎回，则应开立并使用上海证券交易所 A 股账户。 投资者投资于本基金前请认真阅读证券交易所和登记结算机构关于 ETF 的相关业务规则及其不时的更新，确保具备相关专业知识、清楚了解相,PASS,fund_specific_explicit,T+1清算；T+1交收,T 日后的第 5 个港股通交易日内，基金管理人将应退款或补款与相关申购赎回代理券商办理交收,T 日赎回申请，基金管理人根据实际单位卖出金额（扣除相关费用，按照汇率折算为人民币）或被替代证券的 T 日收盘价 （按照汇率折算为人民币，被替代证券当日在证券交易所无交易的，取最近交易日的收盘价,PENDING,"https://fund.eastmoney.com/gonggao/520790,AN202602011819105922.html",/Users/ellis/工具程序开发/港股通逐标的分析/临时数据/520790/520790_招募说明书_20260202.pdf,/Users/ellis/工具程序开发/港股通逐标的分析/临时数据/520790/520790_招募说明书_20260202.txt,东财暂未找到更新招募书，继续监测
138,513890,SH,摩根恒生科技ETF(QDII),2026-08-26,2026-08-26,2026-08-26,2026-09-09,30,必须,NO,updated,T日内,T日内,招募书未直接说明,T 日收市后,T 日收市后,T日（基金份额交收完成后；招募书未另行说明可卖出时点）,T+1日,T+1 日,T 日收市后,T+5 日（指开放日）内,T 日收市后,招募书未直接说明,T+7 日（指开放日）内,PASS,applicable_SH_cross_border_rule,招募书未直接出现 RTGS；按适用的交易所/中国结算跨境 ETF 规则，日间 RTGS 交收，按项目口径 PASS,PENDING,not_found,T+1清算；T+1交收,T+5 日（指开放日）内，基金管理人将应退款或补款的明细及汇总数据发送给登记机构， 登记机构办理现金替代多退少补资金的清算， 并将结果发送给相关申购赎回代理机构和基金托管人，相关款项的交收于数据发送的下一个工作日内完成,T 日赎回申请，基金管理人可以通过在香港市场交易或港股通等方式代投资者卖出相关证券,PENDING,"https://fund.eastmoney.com/gonggao/513890,AN202608251828424951.html",/Users/ellis/工具程序开发/港股通逐标的分析/临时数据/513890/513890_更新招募说明书_20260826.pdf,/Users/ellis/工具程序开发/港股通逐标的分析/临时数据/513890/513890_更新招募说明书_20260826.txt,向基金管理人/托管运营确认同日申赎是否按证券维度净额下单；招募书未直接写 RTGS，保留适用规则来源
139,520780,SH,华宝中证港股通汽车产业主题ETF,2025-12-24,2025-12-24,2025-12-19,2026-09-09,50,必须,NO,updated,T日内,T日内,招募书未直接说明,T 日,T 日,T日（基金份额交收完成后；招募书未另行说明可卖出时点）,T+1日,T+1日内,T+2 日内,T 日后的第2个港股通交收日后的第1个工作日内,T 日,代收代付,T+7日（指开放日）内,PASS,fund_document,下，投资者当日申购的基金份额，清算交收完成后方可卖出和赎回。本基金申购业务采用实时逐笔全额结算（Real Time Gross Settlement ，以下简称RTGS）模式，投资者T日申购后，如交易记录已勾单且申购资金足额的，登记机构在T日日间实时办理基金份额及现金替代的交收；T日日间未进行勾单确认或日间资金不足的，登记机构在T日日终根据资金是否足额办理基金份额及现金替代的清算交收。 在目前的业务规则下， 投资者投资本基金时需具有上海证券交易所A股账户或基金账户。 其中，上海证券交易所基金账户只能进行基金的现金认购和二级市场交易。 本基金可参与股指期货交易，可能面临杠杆风险、基差风险、股指期货展期时的流动性风险、期货盯市结算制度带来的现金管理风险、到期日风险、对手方风险、连带风,PENDING,not_found,T+2清算；T+2交收,T日在证券交易所无交易的，取最近交易日的收盘价,T 日在证券交易所无交易的，取最近交易日的收盘价,PENDING,"https://fund.eastmoney.com/gonggao/520780,AN202512231806602482.html",/Users/ellis/工具程序开发/港股通逐标的分析/临时数据/520780/520780_更新招募说明书_20251224.pdf,/Users/ellis/工具程序开发/港股通逐标的分析/临时数据/520780/520780_更新招募说明书_20251224.txt,向基金管理人/托管运营确认同日申赎是否按证券维度净额下单
140,520570,SH,南方恒生科技ETF(QDII),2025-11-12,2025-11-12,,2026-09-09,30,必须,NO,updated,T+1,T+1,招募书未直接说明,T日,T日,T日（T日日间完成 RTGS）；T+1日（T日日终逐笔全额非担保交收）,T+1日,T日,T日,T日后的第5个上海证券交易所、香港证券交易所的共同交易日内,T日,代收代付,T日后的第8个上海证券交易所、香港证券交易所的共同交易日内,PASS,fund_document,合证券仅在境内证券交易所上市的ETF产品存在一定差异， 在目前结算规则下，投资者当日申购的基金份额，清算交收完成后方可卖出和赎回，即T日申购的基金份额且日间完成RTGS(实时逐笔全额结算)交收，T日可卖出和赎回，而T日申购的基金份额且日终完成逐笔全额非担保交收，T+1日方可卖出和赎回。T日买入的基金份额，T日可以赎回。 投资人投资本基金时需具有上海证券交易所A股账户或基金账户。其中，上海证券交易所基金账户只能进行基金的现金认购和二级市场交易， 如投资人需要参与基金的申购、 赎回， 则应开立并使用上海证券交易所A股账户。 投资人在投资本基金之前，请仔细阅读本基金的招募说明书、基金产品资料概要和基金合同等信息披露文件，自主判断基金的投资价值，自主做出投资决策，全面认识本基金的风险收益,PENDING,not_found,T+2清算；T+2交收,T日后的第5个上海证券交易所、香港证券交易所的共同交易日内，基金管理人将应退款或补款与相关申购赎回代理券商办理交收,T+1日内， 基金管理人根据赎回申请代投资者卖出被替代证券,PENDING,"https://fund.eastmoney.com/gonggao/520570,AN202511111779427597.html",/Users/ellis/工具程序开发/港股通逐标的分析/临时数据/520570/520570_更新招募说明书_20251112.pdf,/Users/ellis/工具程序开发/港股通逐标的分析/临时数据/520570/520570_更新招募说明书_20251112.txt,向基金管理人/托管运营确认同日申赎是否按证券维度净额下单
141,159239,SZ,富国恒生港股通汽车主题ETF,2026-08-28,2026-08-28,2026-08-28,2026-09-09,41,必须,YES,updated,T日内,T日内,招募书未直接说明,T 日,T 日,T日（T日日间完成 RTGS）；T+1日（T日日终逐笔全额非担保交收）,T+1日,T+1 日,T+2 日,T 日后的 5 个工作日内,T 日,代收代付,T 日后的第 4 个港股通交收日后的 1 个工作日内,PASS,fund_document,份额持有人大会审议。 根据本基金现行适用的清算交收和申赎处理规则， 投资者当日申购的基金份额，清算交收完成后方可卖出和赎回，即 T 日申购的基金份额且日间完成 RTGS （实时逐笔全额结算）交收的，T 日可卖出和赎回，而T 日申购的基金份额且日终完成逐笔全额非担保交收的，T+1 日方可卖出和赎回；T 日竞价买入的基金份额，T 日可以卖出或赎回；T 日大宗买入的基金份额，T 日可以大宗卖出，T+1 日可以竞价卖出或赎回。 投资有风险， 投资者认购 （或申购） 基金时应认真阅读本招募说明书、 基金合同、 基金产品资料概要等信息披露文件， 自主判断基金的投资价值， 自主做出投资决策，自行承担投资风险。基金管理人提醒投资者基金投资的“买者自负” 原则， 在投资者作出投资决策后， 基金运营,PENDING,not_found,T+2清算；T+2交收,T 日后的 5 个工作日内， 基金管理人将应退招募说明书（更新） 54 款或补款与相关申购赎回代理机构办理交收,T 日赎回申请，T 日内基金管理人根据赎回规模进行组合证券的代理卖出,PENDING,"https://fund.eastmoney.com/gonggao/159239,AN202608271828557870.html",/Users/ellis/工具程序开发/港股通逐标的分析/临时数据/159239/159239_更新招募说明书_20260828.pdf,/Users/ellis/工具程序开发/港股通逐标的分析/临时数据/159239/159239_更新招募说明书_20260828.txt,向基金管理人/托管运营确认同日申赎是否按证券维度净额下单
142,513230,SH,华夏中证港股通消费主题ETF,2026-08-18,2026-08-18,2026-08-18,2026-09-09,50,必须,NO,updated,T日内,T日内,招募书未直接说明,T日,T日,T日（基金份额交收完成后；招募书未另行说明可卖出时点）,T+1日,T日,T+2日内,T日后的第2个港股通交易日后的2个工作日内,T日,代收代付,T日后的第3个港股通交易日后的第2个工作日内,PASS,fund_document,收适用相关业务规则和参与各方相关协议及其不时修订的有关规定。 本基金申购业务采用实时逐笔全额结算（Real Time Gross Settlement，以下简称RTGS） 模式；赎回业务涉及的现金替代可采用代收代付处理；申购、赎回业务涉及的现金差额和现金替代退补款可采用代收代付处理。 1）申购的清算交收投资者T日现金申购后，如交易记录已勾单且申购资金足额的，登记结算机构在T日日间实时办理基金份额及现金替代的交收；T日日间未进行勾单确认或日间资金不足的，登记结算机构在T日日终根据资金是否足额办理基金份额及现金替代的清算交收，并将结果发送给基金管理人、申购赎回代理券商和基金托管人。基金管理人在T+2日内办理现金差额的交收。 2）赎回的清算交收投资者T日赎回申请受理后，登记结算机构在T,PENDING,risk_or_non_operational,T+1清算；T+2交收,T日在证券交易所无交易的，取最近交易日的收盘价,T日内，基金管理人根据赎回规模进行被替代证券的代理卖出,PENDING,"https://fund.eastmoney.com/gonggao/513230,AN202608171828058779.html",/Users/ellis/工具程序开发/港股通逐标的分析/临时数据/513230/513230_更新招募说明书_20260818.pdf,/Users/ellis/工具程序开发/港股通逐标的分析/临时数据/513230/513230_更新招募说明书_20260818.txt,向基金管理人/托管运营确认同日申赎是否按证券维度净额下单
143,159568,SZ,博时港股通互联网ETF,2026-06-01,2026-06-01,2026-06-26,2026-09-09,31,必须,YES,updated,T日内,T日内,逐笔全额交收,T 日,T 日,T日（T日日间完成 RTGS）；T+1日（T日日终逐笔全额非担保交收）,T+1日,T+2 日内,T+2 日内,T+5 日（指开放日）内,T 日,代收代付,自有效赎回申请之日起 7 个开放日内,PASS,fund_document,认情况，投资人应及时查询并妥善行使合法权利。 在目前结算规则下，投资者当日申购的基金份额，清算交收完成后可卖出和赎回，即 T 日申购的 ETF 份额且日间完成 RTGS（实时逐笔全额结算）交收，T 日可卖出与赎回，而 T 日申购的 ETF 份额且日终完成逐笔全额非担保交收，T+1 日方可卖出和赎回；T 日竞价买入的基金份额，T 日可以赎回，T 日可以卖出。 本基金获批后，若深圳证券交易所和中国证券登记结算有限责任公司针对交易型开放式指数证券投资基金推出新的清算交收与登记模式并引入新的申购、赎回方式，在履行适当程序后，本基金管理人将根据新的业务规则新增或调整申购和赎回申请的确认方式，届时将发布公告予以披露并对本基金的招募说明书予以更新，而无需召开基金份额持有人大会审议。 博时中证港,PENDING,not_found,T+2清算；T+2交收,T 日（指开放日）无交易的，取最近交易日的收盘价）计算被替代证券的单位结算成本，在此基础上根据替代证券数量和申购现金替代保证金确定基金应退还投资者或投资者应补交的款项,T 日赎回申请，T 日内基金管理人根据赎回规模进行组合证券的代理卖出,PENDING,"https://fund.eastmoney.com/gonggao/159568,AN202605311823107039.html",/Users/ellis/工具程序开发/港股通逐标的分析/临时数据/159568/159568_更新招募说明书_20260601.pdf,/Users/ellis/工具程序开发/港股通逐标的分析/临时数据/159568/159568_更新招募说明书_20260601.txt,向基金管理人/托管运营确认同日申赎是否按证券维度净额下单
144,520920,SH,天弘恒生科技ETF,2026-06-26,2026-06-26,2026-06-26,2026-09-09,30,必须,NO,updated,T日内,T日内,招募书未直接说明,T 日,T 日,T日（基金份额交收完成后；招募书未另行说明可卖出时点）,T+1日,T+1日内,T+2日内,T 日后的第 3 个港股通交易日内,T 日收市后,代收代付,T+7 日（指上海证券交易所与香港交易所的共同交易日）内,PASS,fund_document,办理时间请参见相关公告。 根据本基金现行适用的清算交收和申赎处理规则， 投资者当日申购的基金份额，清算交收完成后方可卖出和赎回，即T 日申购的基金份额且日间完成实时逐笔全额结算（Real Time Gross Settlement）交收的，T 日可卖出和赎回，而 T 日申购的基金份额且日终完成逐笔全额非担保交收的，T+1 日方可卖出和赎回。 目前本基金的申购赎回采用全现金替代模式，申购对价、赎回对价包括现金替代、现金差额及其他对价，即投资人在场内可以现金申购、赎回办理本基金的申购、赎回业务。未来在条件允许的情况下，基金管理人可以在场内开通本基金实物申购赎回方式或者其他现金申购、赎回以外的方式办理本基金的申购、赎回业务，相关业务规则、申购赎回原则等相关事项届时将另行约定并公告。 三、本,PASS,fund_specific_explicit,T+1清算；T+2交收,T 日在证券交易所无交易的，取最近交易日的收盘价,T 日赎回申请，在T 日内，基金管理人可以通过在香港市场交易或港股通等方式代投资者卖出被替代证券,PASS,"https://fund.eastmoney.com/gonggao/520920,AN202606251823856669.html",/Users/ellis/工具程序开发/港股通逐标的分析/临时数据/520920/520920_更新招募说明书_20260626.pdf,/Users/ellis/工具程序开发/港股通逐标的分析/临时数据/520920/520920_更新招募说明书_20260626.txt,
145,159028,SZ,天弘恒生港股通汽车主题ETF,,2026-04-02,2026-05-14,2026-09-09,41,必须,YES,initial_only,T日内,T日内,招募书未直接说明,T 日,T 日,T日（T日日间完成 RTGS）；T+1日（T日日终逐笔全额非担保交收）,T+1日,T 日,T+2 日内,T 日（指港股通交易日）后的第 2 个港股通交易日后的 3 个工作日内,T 日,招募书未直接说明,T 日后的第 2 个港股通交收日后的 3 个工作日内,PASS,fund_document,购、赎回，具体业务的办理时间请参见相关公告。 在目前结算规则下，投资者当日申购的基金份额，清算交收完成后可卖出和赎回，即 T 日申购的 ETF 份额且日间完成 RTGS（实时逐笔全额结算）交收的，T 日可卖出与赎回，而 T 日申购的 ETF 份额且日终完成逐笔全额非担保交收的，T+1 日方可卖出和赎回；T 日竞价买入的基金份额，T 日可以卖出或赎回；T 日大宗买入的基金份额，T 日可以大宗卖出，T+1 日可以竞价卖出或赎回。 目前本基金的申购赎回采用全现金替代模式，申购对价、赎回对价包括现金替代、现金差额及其他对价，即投资人在场内可以现金申购、赎回办理本基金的申购、赎回业务。未来在条件允许的情况下，基金管理人可以在场内开通本基金实物申购赎回方式或者其他现金申购、赎回以外的方式办理,PENDING,not_found,T+2清算；T+2交收,T 日（指港股通交易日）在证券交易所无交易的，取最近交易日的收盘价,T 日（指港股通交易日）内，基金管理人代投资者卖出被替代证券,PENDING,"https://fund.eastmoney.com/gonggao/159028,AN202604011820952783.html",/Users/ellis/工具程序开发/港股通逐标的分析/临时数据/159028/159028_招募说明书_20260402.pdf,/Users/ellis/工具程序开发/港股通逐标的分析/临时数据/159028/159028_招募说明书_20260402.txt,东财暂未找到更新招募书，继续监测；向基金管理人/托管运营确认同日申赎是否按证券维度净额下单
146,520650,SH,南方中证港股通互联网ETF,2025-11-25,2025-11-25,2025-11-13,2026-09-09,30,必须,NO,updated,T日内,T日内,招募书未直接说明,T日,T日,T日（基金份额交收完成后；招募书未另行说明可卖出时点）,T+1日,T日,T日,T日后的第5个港股通交易日内,T日,代收代付,T+7日（指开放日）内,PASS,fund_document,合证券仅在境内证券交易所上市的ETF产品存在一定差异。在目前结算规则下，投资者当日申购的基金份额，清算交收完成后方可卖出和赎回，即T日申购的ETF份额且日间完成RTGS（实时逐笔全额结算）交收，T日可卖出与赎回；T日申购的ETF份额日间未完成交收的，日终完成逐笔全额非担保交收，T+1日方可卖出和赎回；T日买入的基金份额，T日可以赎回。 投资人投资本基金时需具有上海证券交易所A股账户或基金账户。其中，上海证券交易所基金账户只能进行基金的现金认购和二级市场交易， 如投资人需要参与基金的申购、 赎回， 则应开立并使用上海证券交易所A股账户。 投资人在投资本基金之前，请仔细阅读本基金的招募说明书、基金产品资料概要和基金合同等信息披露文件，自主判断基金的投资价值，自主做出投资决策，全面认识,PENDING,not_found,T+1清算；T+1交收,T日后的第5个港股通交易日内， 基金管理人将应退款或补款与相关申购赎回代理券商办理交收,T 日赎回申请，基金管理人根据实际单位卖出金额（扣除相关费用， 按照汇率折算为人民币） 或被替代证券的T日收盘价 （按照汇率折算为人民币， 被替代证券当日在证券交易所无交易的，取最近交易日的收盘价,PENDING,"https://fund.eastmoney.com/gonggao/520650,AN202511241787533202.html",/Users/ellis/工具程序开发/港股通逐标的分析/临时数据/520650/520650_更新招募说明书_20251125.pdf,/Users/ellis/工具程序开发/港股通逐标的分析/临时数据/520650/520650_更新招募说明书_20251125.txt,向基金管理人/托管运营确认同日申赎是否按证券维度净额下单
147,159210,SZ,汇添富中证港股通汽车产业主题ETF,2026-05-22,2026-05-22,2026-05-22,2026-09-09,51,必须,YES,updated,T日内,T日内,招募书未直接说明,T 日,T 日,T日（T日日间完成 RTGS）；T+1日（T日日终逐笔全额非担保交收）,T+1日,T+1 日,T+2 日,T 日（指港股通交易日） 后的第 2 个港股通交易日后的 3 个工作日内,T 日,招募书未直接说明,自有效赎回申请之日起 7 个开放日内,PASS,fund_document,售机构的要求完成风险承受能力与产品风险之间的匹配检验。 在目前结算规则下，投资者当日申购的基金份额，清算交收完成后方可卖出和赎回，即T日申购的基金份额且日间完成RTGS（实时逐笔全额结算）交收的， T日可卖出和赎回，而T日申购的基金份额且日终完成逐笔全额非担保交收的， T+1日方可卖出和赎回；T日竞价买入的基金份额，T日可以卖出或赎回；T日大宗买入的基金份额，T日可以大宗卖出，T+1日可以竞价卖出或赎回。 投资者投资于本基金前请认真阅读证券交易所和登记机构关于 ETF 的相关业务规则及其不时的更新，确保具备相关专业知识、清楚了解相关规则流程后方可参与本基金的申购、赎回及交易。投资者一旦认购、申购或赎回本基金，即表示对基金认购、申购和赎回所涉及的基金份额的证券变更登记方式以及申购赎,PENDING,not_found,T+2清算；T+2交收,T 日（指港股通交易日） 在证券交易所无交易的，取最近交易日的收盘价,T 日（指港股通交易日）内，基金管理人根据赎回申请代投资者卖出被替代证券,PENDING,"https://fund.eastmoney.com/gonggao/159210,AN202605211822646756.html",/Users/ellis/工具程序开发/港股通逐标的分析/临时数据/159210/159210_更新招募说明书_20260522.pdf,/Users/ellis/工具程序开发/港股通逐标的分析/临时数据/159210/159210_更新招募说明书_20260522.txt,向基金管理人/托管运营确认同日申赎是否按证券维度净额下单
148,159699,SZ,广发恒生消费(QDII-ETF),2026-07-06,2026-07-06,2026-07-06,2026-09-09,52,必须,YES,updated,T日内,T日内,逐笔全额交收,T 日,T 日,T日（T日日间完成 RTGS）；T+1日（T日日终逐笔全额非担保交收）,T+1日,T+1 日,T 日,T 日后的第 5 个开放日内,T 日,代收代付,自有效赎回申请之日起 10 个工作日内,PASS,fund_document,易价格折溢价的风险。 根据本基金现行适用的清算交收和申赎处理规则，投资者当日申购的基金份额，清算交收完成后方可卖出和赎回，即T 日申购的ETF 份额且日间完成 RTGS（实时逐笔全额结算）交收，T 日可卖出与赎回，而T 日申购的 ETF 份额且日终完成逐笔全额非担保交收的，T+1 日方可卖出和赎回；T 日竞价买入的基金份额，T 日可以赎回或卖出。由于登记结算机构对现金替代采取非净额结算交收模式，当投资者赎回申请被登记结算机构确认后，被赎回的基金份额即被记减，但此时投资者尚未收到赎回现金替代款。投资者投资本基金时需具有证券账户， 证券账户是指深圳证券交易所 A 股账户或深圳证券交易所证券投资基金账户。 基金管理人提醒投资人基金投资的“买者自负”原则，在投资人作出投资决策后，基金运营,PENDING,not_found,T+1清算；T+1交收,T 日日终，基金管理人已买入的证券，依据被替代证券的实际购入成本（包括买入价格与相关费用，折算为人民币）计算被替代证券的单位成本，在此基础上根据替代证券数量和申购替代金额确定基金应退还投资者或投资者应补交的款项,T 日日终，基金管理人已卖出的证券，按照实际单位卖出金额（扣除相关费用，折算为人民币）计算被替代证券的单位结算金额，在此基础上根据替代证券数量确定赎回替代金额,PENDING,"https://fund.eastmoney.com/gonggao/159699,AN202607051826729075.html",/Users/ellis/工具程序开发/港股通逐标的分析/临时数据/159699/159699_更新招募说明书_20260706.pdf,/Users/ellis/工具程序开发/港股通逐标的分析/临时数据/159699/159699_更新招募说明书_20260706.txt,向基金管理人/托管运营确认同日申赎是否按证券维度净额下单
149,159135,SZ,前海开源恒生港股通科技主题ETF,,2025-12-29,,2026-09-09,32,必须,YES,initial_only,T日内,T日内,招募书未直接说明,T 日,T 日,T日（基金份额交收完成后；招募书未另行说明可卖出时点）,T+1日,T+1日,T+2 日内,T 日,T 日,代收代付,自有效赎回申请之日起 7 个开放日内,PASS,fund_document,登记机构相关业务规则和参与各方相关协议及其不时修订的有关规定。 本基金申购业务采用实时逐笔全额结算（Real Time Gross Settlement，简称 RTGS）模式； 赎回业务涉及的现金替代采用代收代付处理；申购、赎回业务涉及的现金差额和现金替代退补款采用代收代付处理。 投资者 T 日申购成功后，正常情况下，登记机构在 T 日为投资者办理基金份额与现金替代等的交收，并将结果发送给申购赎回代理券商、基金管理人和基金托管人。基金管理人与申购赎回代理券商在 T+2 日内根据登记机构代收代付业务规则办理现金差额的交收。 投资者 T 日赎回成功后，正常情况下，登记机构在 T 日收市后为投资者办理基金份额的交收，并将结果发送给申购赎回代理券商、基金管理人和基金托管人。基金管理人与申,PASS,fund_specific_explicit,T+?清算；T+2交收,T 日后（不含 T 日）的 3 个港股通交收日内，基金管理人将应退款或补款与相关申购赎回代理券商办理交收,T 日赎回申请，T 日内基金管理人根据赎回规模进行组合证券的代理卖出,PENDING,"https://fund.eastmoney.com/gonggao/159135,AN202512281809967801.html",/Users/ellis/工具程序开发/港股通逐标的分析/临时数据/159135/159135_招募说明书_20251229.pdf,/Users/ellis/工具程序开发/港股通逐标的分析/临时数据/159135/159135_招募说明书_20251229.txt,东财暂未找到更新招募书，继续监测
150,520740,SH,华安中证港股通互联网ETF,,2026-06-26,,2026-09-09,30,必须,NO,initial_only,T日内,T日内,招募书未直接说明,T 日,T 日,T日（基金份额交收完成后；招募书未另行说明可卖出时点）,T+1日,T+1 日,T+2 日,T 日后的 3 个港股通交易日内,T 日,代收代付,T 日后的第 2 个港股通交收日后的第 2 个工作日内,PASS,fund_document,金份额的交收适用业务规则的规定和参与各方相关协议的有关规定。 本基金申购业务采用实时逐笔全额结算（Real Time Gross Settlement ，简称 RTGS）模式；赎回业务涉及的现金替代采用代收代付处理；申购、赎回业务涉及的现金差额和现金替代退补款采用代收代付处理。 1）申购的清算交收投资者 T 日申购后， 如交易记录已勾单且申购资金足额的， 登记机构在T 日日间实时办理基金份额及现金替代的交收；T 日日间未进行勾单确认或日间资金不足的，登记机构在 T 日日终根据资金是否足额办理基金份额及现金替代的清算交收， 并将结果发送给基金管理人、 申购赎回代理券商和基金托管人。 基金管理人在 T+1 日办理现金差额的清算，并将结果发送给申购赎回代理券商、基金管理人和基金托管人。,PASS,fund_specific_explicit,T+1清算；T+2交收,T 日在证券交易所无交易的， 取最近交易日的收盘价， 交易日无收盘价的， 取最后成交价） 计算被替代证券的单位结算成本， 在此基础上根据替代证券数量和申购现金替代保证金确定基金应退还投资者或投资者应补交的款项,T 日赎回申请， 基金管理人在收到赎回确认信息后， 根据赎回申请代理卖出被替代证券,PENDING,"https://fund.eastmoney.com/gonggao/520740,AN202606251823863376.html",/Users/ellis/工具程序开发/港股通逐标的分析/临时数据/520740/520740_招募说明书_20260626.pdf,/Users/ellis/工具程序开发/港股通逐标的分析/临时数据/520740/520740_招募说明书_20260626.txt,东财暂未找到更新招募书，继续监测
151,159015,SZ,国联恒生港股通科技ETF,,2026-04-08,,2026-09-09,32,必须,YES,initial_only,T日内,T日内,招募书未直接说明,T 日,T 日,T日（T日日间完成 RTGS）；T+1日（T日日终逐笔全额非担保交收）,T+1日,T+1 日,T 日,T 日（指港股通交易日）后的第 2 个港股通交易日后的 3 个工作日内,T 日,招募书未直接说明,自有效赎回申请之日起 7 个开放日内,PASS,fund_document,权利，否则，由此产生的任何损失由投资人自行承担。 在目前结算规则下，投资者当日申购的基金份额清算交收完成后可卖出和赎回，即T 日申购的 ETF 份额且日间完成 RTGS（实时逐笔全额结算）交收，T 日可卖出与赎回，而T 日申购的 ETF 份额且日终完成逐笔全额非担保交收，T+1 日方可卖出和赎回；T 日竞价买入的基金份额，T 日可以卖出或赎回；T 日大宗买入的基金份额，T 日可以大宗卖出，T+1 日可以竞价卖出或赎回。 基金管理人可以在不违反法律法规规定和基金合同约定的情形下，对上述业务办理规则进行调整，并按照《信息披露办法》的有关规定在规定媒介上公告。 3、申购和赎回的清算交收与登记本基金申购、赎回过程中涉及的基金份额、组合证券、现金替代、现金差额及其他对价的清算交收适用深圳证,PENDING,not_found,T+1清算；T+1交收,T 日（指港股通交易日）在证券交易所无交易的，取最近交易日的收盘价,T 日（指港股通交易日） 在证券交易所无交易的，取最近交易日的收盘价,PENDING,"https://fund.eastmoney.com/gonggao/159015,AN202604071821044350.html",/Users/ellis/工具程序开发/港股通逐标的分析/临时数据/159015/159015_招募说明书_20260408.pdf,/Users/ellis/工具程序开发/港股通逐标的分析/临时数据/159015/159015_招募说明书_20260408.txt,东财暂未找到更新招募书，继续监测；向基金管理人/托管运营确认同日申赎是否按证券维度净额下单
152,159262,SZ,广发恒生港股通科技主题ETF,2026-07-06,2026-07-06,2026-07-06,2026-09-09,32,必须,YES,updated,T日内,T日内,招募书未直接说明,T 日,T 日,T日（T日日间完成 RTGS）；T+1日（T日日终逐笔全额非担保交收）,T+1日,T+1 日内,T+2 日,T+3 日（指港股通交易日）内,T 日,代收代付,自有效赎回申请之日起 7 个开放日内,PASS,fund_document,等相关的交收方式已经认可。 根据本基金现行适用的清算交收和申赎处理规则，投资者当日申购的基金份额，清算交收完成后方可卖出和赎回，即T日申购的ETF份额且日间完成RTGS（实时逐笔全额结算）交收，T日可卖出与赎回， 而T日申购的ETF份额且日终完成逐笔全额非担保交收的，T+1日方可卖出和赎回；T日竞价买入的基金份额，T日可以卖出或赎回。由于登记结算机构对现金替代采取非净额结算交收模式，当投资者赎回申请被登记结算机构确认后，被赎回的基金份额即被记减，但此时投资者尚未收到赎回现金替代款。 投资者投资本基金时需具有证券账户，证券账户是指深圳证券交易所 A股账户或深圳证券交易所证券投资基金账户。 本基金以1元初始面值进行募集，在市场波动等因素的影响下，存在单位份额净值跌破 1 元初始面值的,PENDING,not_found,T+1清算；T+2交收,T 日内，基金管理人以收到的替代金额代投资者买入被替代证券,见招募书处理程序,PENDING,"https://fund.eastmoney.com/gonggao/159262,AN202607051826729056.html",/Users/ellis/工具程序开发/港股通逐标的分析/临时数据/159262/159262_更新招募说明书_20260706.pdf,/Users/ellis/工具程序开发/港股通逐标的分析/临时数据/159262/159262_更新招募说明书_20260706.txt,向基金管理人/托管运营确认同日申赎是否按证券维度净额下单
153,520840,SH,华安恒生港股通科技主题ETF,2026-06-26,2026-06-26,2026-06-26,2026-09-09,31,必须,NO,updated,T日内,T日内,招募书未直接说明,T 日,T 日,T日（基金份额交收完成后；招募书未另行说明可卖出时点）,T+1日,T+1 日,T+2 日,T 日后的 3 个港股通交易日内,T 日,代收代付,T 日后的第 2 个港股通交收日后的第 2 个工作日内,PASS,fund_document,份额的交收适用业务规则的规定和参与各方相关协议的有关规定。 本基金申购业务采用实时逐笔全额结算（ Real Time Gross Settlement， 简称 RTGS）模式；赎回业务涉及的现金替代采用代收代付处理；申购、赎回业务涉及的现金差额和现金替代退补款采用代收代付处理。 1）申购的清算交收投资者 T 日申购后，如交易记录已勾单且申购资金足额的，登记机构在 T 日日间实时办理基金份额及现金替代的交收； T 日日间未进行勾单确认或日间资金不足的，登记机构在 T 日日终根据资金是否足额办理基金份额及现金替代的清算交收，并将结果发送给基金管理人、申购赎回代理券商和基金托管人。 基金管理人在 T+1 日办理现金差额的清算，并将结果发送给申购赎回代理券商、 基金管理人和基金托管人。基,PASS,fund_specific_explicit,T+1清算；T+2交收,T 日在证券交易所无交易的，取最近交易日的收盘价，交易日无收盘价的，取最后成交价）计算被替代证券的单位结算成本，在此基础上根据替代证券数量和申购现金替代保证金确定基金应退还投资者或投资者应补交的款项,T 日赎回申请，基金管理人在收到赎回确认信息后，根据赎回申请代理卖出被替代证券,PASS,"https://fund.eastmoney.com/gonggao/520840,AN202606251823856671.html",/Users/ellis/工具程序开发/港股通逐标的分析/临时数据/520840/520840_更新招募说明书_20260626.pdf,/Users/ellis/工具程序开发/港股通逐标的分析/临时数据/520840/520840_更新招募说明书_20260626.txt,
154,159120,SZ,国联安港股通科技ETF,2026-05-15,2026-05-15,2026-05-15,2026-09-09,32,必须,YES,updated,T日内,T日内,招募书未直接说明,T 日,T 日,T日（基金份额交收完成后；招募书未另行说明可卖出时点）,T+1日,T 日,T+2 日,T 日（指港股通交易日）后的第 2 个港股通交易日后的 3 个工作日内,T 日,招募书未直接说明,自有效赎回申请之日起 7 个工作日内,PASS,fund_document,认情况，投资人应及时查询并妥善行使合法权利。 在目前结算规则下，投资者当日申购的基金份额，清算交收完成后可卖出和赎回，即 T 日申购的 ETF 份额且日间完成 RTGS（实时逐笔全额结算）交收，T 日可卖出与赎回，而 T 日申购的 ETF 份额且日终完成逐笔全额非担保交收，T+1 日国联安恒生港股通科技主题交易型开放式指数证券投资基金招募说明书(更新) 42 方可卖出和赎回；T 日竞价买入的基金份额，T 日可以卖出或赎回。 3、申购与赎回的清算交收与登记本基金申购、赎回过程中涉及的基金份额、现金替代、现金差额及其他对价的清算交收适用深圳证券交易所、中国证券登记结算有限责任公司相关业务实施细则和参与各方相关协议的有关规定。 投资者 T 日申购成功后，正常情况下，登记结算机构在 T,PENDING,not_found,T+?清算；T+2交收,T 日（指港股通交易日）在证券交易所无交易的，取最近交易日的收盘价）计算被替代证券的单位结算成本，在此基础上根据替代证券数量和申购替代金额确定基金应退还投资者或投资者应补交的款项,T 日（指港股通交易日）在证券交易所无交易的，取最近交易日的收盘价）计算被替代证券的单位结算金额，在此基础上根据替代证券数量确定赎回替代金额,PENDING,"https://fund.eastmoney.com/gonggao/159120,AN202605141822316709.html",/Users/ellis/工具程序开发/港股通逐标的分析/临时数据/159120/159120_更新招募说明书_20260515.pdf,/Users/ellis/工具程序开发/港股通逐标的分析/临时数据/159120/159120_更新招募说明书_20260515.txt,向基金管理人/托管运营确认同日申赎是否按证券维度净额下单
155,520610,SH,银华标普港股通低波红利ETF,,2026-01-07,2026-02-13,2026-09-09,50,必须,NO,initial_only,T日内,T日内,招募书未直接说明,T 日,T 日,T日（基金份额交收完成后；招募书未另行说明可卖出时点）,T+1日,T+1 日内,T+2 日,T 日后的5 个工作日内,T 日,代收代付,自有效赎回申请之日起 10 个开放日内,PASS,fund_document,的规则执行，并依照《信息披露办法》的有关规定在规定媒介上公告。 本基金申购业务采用实时逐笔全额结算（Real Time Gross Settlement，简称 RTGS）模式；赎回业务涉及的现金替代采用代收代付处理；申购、赎回业务涉及的现金差额和现金替代退补款采用代收代付处理。 1）申购的清算交收投资者 T 日申购后，如交易记录已勾单且申购资金足额的，登记机构在 T 日日间实时办理基金份额及现金替代的交收；T 日日间未进行勾单确认或日间资金不足的， 登记机构在T 日日终根据资金是否足额办理基金份额及现金替代的清算交收，并将结果发送给基金管理人、申购赎回代理券商和基金托管人。在 T+1 日内办理现金差额的清算，并将结果发送给申购赎回代理券商、基金管理人和基金托管人。基金管理人与申购,PENDING,risk_or_non_operational,T+1清算；T+2交收,T 日后的5 个工作日内， 基金管理人将应退款或补款与相关申购赎回代理券商办理银华标普港股通低波红利交易型开放式指数证券投资基金招募说明书 54 交收,T 日内任意时刻代赎回投资者卖出组合证券中被替代证券的任意数量,PENDING,"https://fund.eastmoney.com/gonggao/520610,AN202601071816542128.html",/Users/ellis/工具程序开发/港股通逐标的分析/临时数据/520610/520610_招募说明书_20260107.pdf,/Users/ellis/工具程序开发/港股通逐标的分析/临时数据/520610/520610_招募说明书_20260107.txt,东财暂未找到更新招募书，继续监测；向基金管理人/托管运营确认同日申赎是否按证券维度净额下单
156,513770,SH,华宝中证港股通互联网ETF,2026-07-10,2026-07-10,2026-07-10,2026-09-09,30,必须,NO,updated,T日内,T日内,招募书未直接说明,T 日,T 日,T日（基金份额交收完成后；招募书未另行说明可卖出时点）,T+1日,T+1 日内,T+2 日内,T 日后的第 2 个港股通交收日后的第 1 个工作日内,T 日,代收代付,T+7 日 （指开放日）内,PASS,fund_document,下，投资者当日申购的基金份额，清算交收完成后方可卖出和赎回。本基金申购业务采用实时逐笔全额结算（Real Time Gross Settlement，以下简称 RTGS）模式，投资者 T 日申购后，如交易记录已勾单且申购资金足额的，登记机构在 T 日日间实时办理基金份额及现金替代的交收；T 日日间未进行勾单确认或日间资金不足的，登记机构在 T 日日终根据资金是否足额办理基金份额及现金替代的清算交收。 在目前的业务规则下，投资者投资本基金时需具有上海证券交易所 A 股账户或基金账户。其中， 上海证券交易所基金账户只能进行基金的现金认购和二级市场交易。 华宝中证港股通互联网交易型开放式指数证券投资基金招募说明书（更新） 本基金可投资股指期货，可能面临杠杆风险、基差风险、股指期货展期时,PENDING,not_found,T+2清算；T+2交收,T 日在证券交易所无交易的，取最近交易日的收盘价,T 日在证券交易所无交易的，取最近交易日的收盘价,PENDING,"https://fund.eastmoney.com/gonggao/513770,AN202607091826849573.html",/Users/ellis/工具程序开发/港股通逐标的分析/临时数据/513770/513770_更新招募说明书_20260710.pdf,/Users/ellis/工具程序开发/港股通逐标的分析/临时数据/513770/513770_更新招募说明书_20260710.txt,向基金管理人/托管运营确认同日申赎是否按证券维度净额下单
157,159567,SZ,银华国证港股通创新药ETF,2025-12-05,2025-12-05,2026-03-27,2026-09-09,37,必须,YES,updated,T日内,T日内,日间 RTGS/实时逐笔全额；日间未完成时日终逐笔全额非担保交收,T日日间 RTGS/实时逐笔全额交收；日间未完成时 T日日终交收,T日,T日（基金份额交收完成后；招募书未另行说明可卖出时点）,T+1日,T+2日,T+2日,T+5日（指开放日）内,T日,代收代付,自有效赎回申请之日起7个开放日内,PASS,fund_document,券登记结算有限责任公司修改或更新上述规则或新增设相关规则并适用于本基金的，则按照新的规则执行，并在招募说明书中进行更新。 本基金现金申购业务中的现金替代日间实行RTGS交收，日间未完成交收的，日终统一进行逐笔全额非担保交收；现金赎回业务中的现金替代采用代收代付处理； 现金申购、赎回业务涉及的现金差额和现金替代退补款采用代收代付处理。 正常情况下，投资者T日提交的现金申购申请受理后，登记机构对ETF申购对应的份额和现金替代，日间实行RTGS交收，上述份额和现金替代日间未完成交收的， 日终统一进行逐笔全额非担保交收，登记机构在T日办理基金份额及现金替代的清算交收，并将结果发送给基金管理人、申购赎回代理券商和基金托管人。基金管理人在T+2日办理现金差额的清算交收。 投资者T日提交的现金,PENDING,not_found,T+2清算；T+2交收,T日（指开放日）在证券交易所无交易的，取最近交易日的收盘价,T日赎回申请，T日（指开放日）内基金管理人根据赎回规模进行组合证券的代理卖出，通常情况下代理卖出在T日（指开放日）完成,PENDING,"https://fund.eastmoney.com/gonggao/159567,AN202512041793921126.html",/Users/ellis/工具程序开发/港股通逐标的分析/临时数据/159567/159567_更新招募说明书_20251205.pdf,/Users/ellis/工具程序开发/港股通逐标的分析/临时数据/159567/159567_更新招募说明书_20251205.txt,向基金管理人/托管运营确认同日申赎是否按证券维度净额下单
158,159741,SZ,嘉实恒生科技ETF(QDII),2026-04-30,2026-04-30,2026-06-24,2026-09-09,31,必须,YES,updated,T日内,T日内,日间 RTGS/实时逐笔全额；日间未完成时日终逐笔全额非担保交收,T日日间 RTGS/实时逐笔全额交收；日间未完成时 T日日终交收,T 日,T日（基金份额交收完成后；招募书未另行说明可卖出时点）,T+1日,T+1 日,T+2 日,T+3 日（内地香港共同交易日）内,T 日收市后,代收代付,T+7 日（指开放日）内,PASS,fund_document,、现金替代、现金差额及其他对价的清算交收适用相关业务规则和参与各方相关协议及其不时修订的有关规定。 本基金现金申购业务中的现金替代采用逐笔全额结算（T 日日间 RTGS 交收 +T 日日终逐笔全额非担保交收）处理；现金赎回业务中的现金替代采用代收代付处理；现金申购、赎回业务涉及的现金差额和现金替代退补款采用代收代付处理。 投资者 T 日现金申购后，正常情况下，如选择采用 RTGS 交收且申购资金足额的，登记结算机构在 T 日日间实时办理基金份额及现金替代的清算交收；T 日日间资金不足或不选择 RTGS 交收的，登记结算机构在 T 日收市后办理基金份额及现金替代的清算交收，并将结果嘉实恒生科技交易型开放式指数证券投资基金（QDII）更新招募说明书（2026 年 04 月 30 日更,PENDING,not_found,T+2清算；T+2交收,T+3 日（内地香港共同交易日）内，基金管理人应将退款和补款的明细及汇总数据发送给登记结算机构，登记结算机构办理现金替代多退少补资金的清算，并将结果发送给相关申购赎回代理机构和基金托管人，相关款项的交收于数据发送后的第 1 个工作日内完成,T+7 日（内地香港共同交易日）内，基金管理人将应支付的替代金额的明细及汇总数据发送给登记结算机构，登记结算机构办理现金替代资金的清算，并将结果发送给相关申购赎回代理机构和基金托管人，相关款项的交收于数据发送后的第 1 个工作日内完成,PENDING,"https://fund.eastmoney.com/gonggao/159741,AN202604291821763441.html",/Users/ellis/工具程序开发/港股通逐标的分析/临时数据/159741/159741_更新招募说明书_20260430.pdf,/Users/ellis/工具程序开发/港股通逐标的分析/临时数据/159741/159741_更新招募说明书_20260430.txt,向基金管理人/托管运营确认同日申赎是否按证券维度净额下单
159,159747,SZ,南方中证香港科技ETF(QDII),2026-08-12,2026-08-12,2026-08-12,2026-09-09,51,必须,YES,updated,T日内,T日内,逐笔全额交收,T 日,T 日,T日（基金份额交收完成后；招募书未另行说明可卖出时点）,T+1日,T+2日内,T 日,T日后的第5个开放日内,T 日,代收代付,自有效赎回申请之日起10个工作日内,PASS,fund_document,标的指数组合证券仅在境内上市的ETF产品有所差异。 在目前结算规则下， 投资者当日申购的基金份额， 清算交收完成后可卖出和赎回，即T日申购的ETF份额且日间完成RTGS（实时逐笔全额结算）交收，T日可卖出与赎回；T日申购的ETF份额日间未完成交收的，日终完成逐笔全额非担保交收，T+1日方可卖出和赎回；T日买入的基金份额，T日可以赎回。 投资人在投资本基金之前，请仔细阅读本基金的基金合同、招募说明书和基金产品资料概要等信息披露文件，自主判断基金的投资价值，自主做出投资决策，全面认识本基金的风险收益特征和产品特性，并充分考虑自身的风险承受能力，理性判断市场，谨慎做出投资决策。基金的过往业绩并不预示其未来表现，基金管理人管理的其他基金的业绩也不构成对本基金业绩表现的保证。基金管理人承诺,PENDING,not_found,T+2清算；T+2交收,T+1日收盘价（折算为人民币，被替代证券当日在证券交易所无交易的，取最近交易日的收盘价）计算被替代证券的单位结算成本， 在此基础上根据替代证券数量和申购替代金额确定基金应退还投资者或投资者应补交的款项,T日， 基金管理人在申购赎回清单中公布现金替代溢价比例和现金替代折价比例， 并据此收取申购替代金额和支付赎回替代金额,PENDING,"https://fund.eastmoney.com/gonggao/159747,AN202608111827866394.html",/Users/ellis/工具程序开发/港股通逐标的分析/临时数据/159747/159747_更新招募说明书_20260812.pdf,/Users/ellis/工具程序开发/港股通逐标的分析/临时数据/159747/159747_更新招募说明书_20260812.txt,向基金管理人/托管运营确认同日申赎是否按证券维度净额下单
160,513130,SH,华泰柏瑞南方东英恒生科技指数ETF(QDII),2026-04-29,2026-04-29,2026-03-18,2026-09-09,1,必须,NO,updated,T+1,T+1,招募书未直接说明,T 日,T 日,T日（基金份额交收完成后；招募书未另行说明可卖出时点）,T+1日,T+1 日,T+2 日,T+3 日（指上海证券交易所与香港交易所的共同交易日）内,T 日,代收代付,T+7 日（指开放日）内,PASS,fund_document,及时查询并妥善行使合法权利。 3、申购和赎回的清算交收与登记本基金申购业务采用实时逐笔全额结算（Real Time Gross Settlement ，以下简称RTGS） 模式；赎回业务涉及的现金替代可采用代收代付处理；申购、赎回业务涉及的现金差额和现金替代退补款可采用代收代付处理。 （1）申购的清算交收投资者 T 日现金申购后，如交易记录已勾单且申购资金足额的，登记结算机构在 T 日日间实时办理基金份额及现金替代的交收；T 日日间未进行勾单确认或日间资金不足的，登记结算机构在 T 日日终根据资金是否足额办理基金份额及现金替代的清算交收，并将结果发送给华泰柏瑞南方东英恒生科技指数交易型开放式指数证券投资基金（QDII） 32 基金管理人、申购赎回代理券商和基金托管人。基金管理人通,PASS,fund_specific_explicit,T+2清算；T+2交收,T+1 日 （指上海证券交易所和香港交易所共同交易日）收盘价（需用汇率公允价折算为人民币，当日在证券交易所无交易的，取最近交易日的收盘价，当日无收盘价的，取最后成交价）的差额，确定基金应退还投资者或投资者应补交的款项,T+7 日（指上海证券交易所与香港交易所的共同交易日）内，基金管理人将应支付的赎回替代金额与相关申购赎回代理机构办理交收,PASS,"https://fund.eastmoney.com/gonggao/513130,AN202604281821687114.html",/Users/ellis/工具程序开发/港股通逐标的分析/临时数据/513130/513130_更新招募说明书_20260429.pdf,/Users/ellis/工具程序开发/港股通逐标的分析/临时数据/513130/513130_更新招募说明书_20260429.txt,
161,513160,SH,银华恒生港股通中国科技ETF,2026-07-16,2026-07-16,2026-07-16,2026-09-09,31,必须,NO,updated,T日内,T日内,招募书未直接说明,T日收市后,T日收市后,T日（基金份额交收完成后；招募书未另行说明可卖出时点）,T+1日,T+1日,T日收市后,T日后的5个工作日内,T日收市后,招募书未直接说明,自有效赎回申请之日起7个开放日内,PASS,applicable_SH_cross_border_rule,招募书未直接出现 RTGS；按适用的交易所/中国结算跨境 ETF 规则，日间 RTGS 交收，按项目口径 PASS,PENDING,risk_or_non_operational,T+1清算；T+1交收,T日后的5个工作日内， 基金管理人将应退款或补款与相关申购赎回代理券商办理交收,T日内任意时刻代赎回投资者卖出组合证券中被替代证券的任意数量,PENDING,"https://fund.eastmoney.com/gonggao/513160,AN202607151826996657.html",/Users/ellis/工具程序开发/港股通逐标的分析/临时数据/513160/513160_更新招募说明书_20260716.pdf,/Users/ellis/工具程序开发/港股通逐标的分析/临时数据/513160/513160_更新招募说明书_20260716.txt,向基金管理人/托管运营确认同日申赎是否按证券维度净额下单；招募书未直接写 RTGS，保留适用规则来源
162,526070,SH,博时恒指港股通ETF,,2026-04-28,2026-05-29,2026-09-09,87,必须,NO,initial_only,T日内,T日内,日间 RTGS/实时逐笔全额；日间未完成时日终逐笔全额非担保交收,T日收市后,T日收市后,T日（基金份额交收完成后；招募书未另行说明可卖出时点）,T+1日,T+2日内,T+2日内,T 日后的两个工作日内,T 日,代收代付,自有效赎回申请之日起7个开放日内,PASS,fund_document,登记本基金申购赎回过程中涉及的基金份额、现金替代、现金差额及其他对价的清算交收适用相关业务规则和参与各方相关协议的有关规定。 本基金现金申购业务中的现金替代采用实时逐笔全额结算 （ Real Time Gross Settlement）模式；现金赎回业务中的现金替代采用代收代付处理；现金申购、赎回业务涉及的现金差额和现金替代退补款采用代收代付处理。 10-3 投资者T日申购成功后，登记机构在T日收市后为投资者办理基金份额的交收登记以及现金替代的清算和交收；在T+2日内办理现金差额的清算交收，并将结果发送给申购赎回代理券商、基金管理人和基金托管人。若发生特殊情况，基金管理人可以对清算交收日期进行相应调整。 投资者T日赎回成功后，登记机构在T日收市后办理基金份额的注销；在T+2日内办理现,PENDING,not_found,T+2清算；T+2交收,T 日后的两个工作日内， 基金管理人将应退款或补款与相关申购赎回代理机构办理交收,T 日（指开放日）无交易的，取最近交易日的收盘价,PENDING,"https://fund.eastmoney.com/gonggao/526070,AN202604271821625324.html",/Users/ellis/工具程序开发/港股通逐标的分析/临时数据/526070/526070_招募说明书_20260428.pdf,/Users/ellis/工具程序开发/港股通逐标的分析/临时数据/526070/526070_招募说明书_20260428.txt,东财暂未找到更新招募书，继续监测；向基金管理人/托管运营确认同日申赎是否按证券维度净额下单
163,520980,SH,汇添富恒生港股通中国科技ETF,2026-06-18,2026-06-18,2026-06-18,2026-09-09,31,必须,NO,updated,T日内,T日内,招募书未直接说明,T 日,T 日,T日（基金份额交收完成后；招募书未另行说明可卖出时点）,T+1日,T+1 日内,T+2 日内,T 日（指港股通交易日） 后的第3 个港股通交收日后的 2 个工作日内,T 日,代收代付,T 日（指港股通交易日） 后的第3 个港股通交收日后的2 个工作日内,PASS,fund_document,风险之间的匹配检验。 根据本基金现行适用的清算交收和申赎处理规则， 投资者当日申购的基金份额， 清算交收完成后方可卖出和赎回， 即T 日申购的基金份额且日间完成实时逐笔全额结算（Real Time Gross Settlement ）交收的，T 日可卖出和赎回，而 T 日申购的基金份额且日终完成逐笔全额非担保交收的，T+1 日方可卖出和赎回。 投资者投资于本基金前请认真阅读证券交易所和登记机构关于 ETF 的相关业务规则及其不时的更新，确保具备相关专业知识、清楚了解相关规则流程后方可参与本基金的申购、赎回及交易。投资者一旦认购、申购或赎回本基金， 即表示对基金认购、申购和赎回所涉及的基金份额的证券变更登记方式以及申购赎回所涉及现金替代、现金差额等相关的交收方式已经认可。 投资有风险，,PASS,fund_specific_explicit,T+2清算；T+2交收,T 日（指港股通交易日） 在证券交易所无交易的， 取最近交易日的收盘价,T 日 （指港股通交易日） 内， 基金管理人根据赎回申请代投资者卖出被替代证券,PASS,"https://fund.eastmoney.com/gonggao/520980,AN202606171823639276.html",/Users/ellis/工具程序开发/港股通逐标的分析/临时数据/520980/520980_更新招募说明书_20260618.pdf,/Users/ellis/工具程序开发/港股通逐标的分析/临时数据/520980/520980_更新招募说明书_20260618.txt,
164,159109,SZ,景顺长城恒生港股通50ETF,2026-05-23,2026-05-23,2026-05-23,2026-09-09,52,必须,YES,updated,T日内,T日内,招募书未直接说明,T日日间 RTGS/实时逐笔全额交收；日间未完成时 T日日终交收,待人工复核,T日（T日日间完成 RTGS）；T+1日（T日日终逐笔全额非担保交收）,T+1日,T+1日,待人工复核,T 日后的第 4 个港股通交收日后的 1 个工作日内,待人工复核,招募书未直接说明,待人工复核,PASS,fund_document,持有人大会审议。 （八）根据本基金现行适用的清算交收和申赎处理规则，投资者当日申购的基金份额，清算交收完成后方可卖出和赎回，即 T 日申购的基金份额且日间完成 RTGS（实时逐笔全额结算）交收的，T 日可卖出和赎回，而 T 日申购的基金份额且日终完成逐笔全额非担保交收的，T+1 日方可卖出和赎回；T 日竞价买入的基金份额，T 日可以卖出或赎回；T 日大宗买入的基金份额，T 日可以大宗卖出，T+1 日可以竞价卖出或赎回。 （九）投资人在投资本基金前，请认真阅读本招募说明书，全面认识本基金产品的风险收益特征和产品特性，充分考虑自身的风险承受能力，理性判断市场，对认购和/或申购基金的意愿、时机、数量等投资行为作出独立决策，获得基金投资收益，亦承担基金投资中出现的各类风险 。投资本基金可,PENDING,not_found,待人工复核,T 日后的第 4 个港股通交收日后的 1 个工作日内， 基金管理人将应退款或补款与相关申购赎回代理机构办理交收,T 日赎回申请，基金管理人有权在 T 日内任意时刻代投资者卖出小于等于被替代证券数量的任意数量的被替代证券,PENDING,"https://fund.eastmoney.com/gonggao/159109,AN202605221822689536.html",/Users/ellis/工具程序开发/港股通逐标的分析/临时数据/159109/159109_更新招募说明书_20260523.pdf,/Users/ellis/工具程序开发/港股通逐标的分析/临时数据/159109/159109_更新招募说明书_20260523.txt,向基金管理人/托管运营确认同日申赎是否按证券维度净额下单
165,159220,SZ,华宝标普港股通低波红利ETF,,2025-04-08,2025-12-20,2026-09-09,51,必须,YES,initial_only,T日内,T日内,招募书未直接说明,T 日,T 日,T日（基金份额交收完成后；招募书未另行说明可卖出时点）,T+1日,T+1 日内,T+2 日内,T 日后的第 2 个港股通交收日后的第 1 个工作日内,T 日,招募书未直接说明,T+1 日 （指开放日）,PASS,fund_document,投资者当日申购的基金份额， 清算交收完成后方可卖出和赎回。 本基金申购业务采用实时逐笔全额结算（Real Time Gross Settlement ，以下简称RTGS）模式， 投资者T日申购后， 如交易记录已勾单且申购资金足额的， 登记机构在T日日间实时办理基金份额及现金替代的交收；T日日间未进行勾单确认或日间资金不足的， 登记机构在T日日终根据资金是否足额办理基金份额及现金替代的清算交收。 在目前的业务规则下， 投资者投资本基金时需具有深圳证券交易所A股账户或基金账户。 其中，深圳证券交易所基金账户只能进行基金的现金认购和二级市场交易。 投资者在进行投资决策前， 请仔细阅读本基金的招募说明书、基金合同及基金产品资料概要等信息披露文件， 并根据自身的投资目的、 投资期限、 投资,PENDING,not_found,T+2清算；T+2交收,T 日在证券交易所无交易的，取最近交易日的收盘价,T 日在证券交易所无交易的， 取最近交易日的收盘价,PENDING,"https://fund.eastmoney.com/gonggao/159220,AN202504071652851340.html",/Users/ellis/工具程序开发/港股通逐标的分析/临时数据/159220/159220_招募说明书_20250408.pdf,/Users/ellis/工具程序开发/港股通逐标的分析/临时数据/159220/159220_招募说明书_20250408.txt,东财暂未找到更新招募书，继续监测；向基金管理人/托管运营确认同日申赎是否按证券维度净额下单
166,159277,SZ,富国中证港股通高股息投资ETF,2026-08-21,2026-08-21,2026-08-21,2026-09-09,31,必须,YES,updated,T日内,T日内,招募书未直接说明,T 日,T 日,T日（T日日间完成 RTGS）；T+1日（T日日终逐笔全额非担保交收）,T+1日,T+1 日,T+2 日,T 日后的 5 个工作日内,T 日,代收代付,T 日后的第 4 个港股通交收日后的 1 个工作日内,PASS,fund_document,份额持有人大会审议。 根据本基金现行适用的清算交收和申赎处理规则， 投资者当日申购的基金份额，清算交收完成后方可卖出和赎回，即 T 日申购的基金份额且日间完成 RTGS （实时逐笔全额结算）交收的，T 日可卖出和赎回，而T 日申购的基金份额且日终完成逐笔全额非担保交收的，T+1 日方可卖出和赎回；T 日竞价买入的基金份额，T 日可以卖出或赎回；T 日大宗买入的基金份额，T 日可以大宗卖出，T+1 日可以竞价卖出或赎回。 投资有风险， 投资者认购 （或申购） 基金时应认真阅读本招募说明书、 基金合同、 基金产品资料概要等信息披露文件， 自主判断基金的投资价值， 自主做出投资决策，自行承担投资风险。基金管理人提醒投资者基金投资的“买者自负” 原则， 在投资者作出投资决策后， 基金运营,PENDING,not_found,T+2清算；T+2交收,T 日后的 5 个工作日内， 基金管理人将应退款或补款与相关申购赎回代理机构办理交收,T 日赎回申请，T 日内基金管理人根据赎回规模进行组合证券的代理卖出,PENDING,"https://fund.eastmoney.com/gonggao/159277,AN202608201828211861.html",/Users/ellis/工具程序开发/港股通逐标的分析/临时数据/159277/159277_更新招募说明书_20260821.pdf,/Users/ellis/工具程序开发/港股通逐标的分析/临时数据/159277/159277_更新招募说明书_20260821.txt,向基金管理人/托管运营确认同日申赎是否按证券维度净额下单
167,520860,SH,富国中证港股通科技ETF,2026-08-27,2026-08-27,2026-08-27,2026-09-09,50,必须,NO,updated,T日内,T日内,招募书未直接说明,T 日,T 日,T日（T日日间完成 RTGS）；T+1日（T日日终逐笔全额非担保交收）,T+1日,T+1 日内,T+2 日内,T+3 日 （指上海证券交易所与香港联合交易所的共同交易日）内,T 日,代收代付,自有效赎回申请之日起 7 个开放日内,PASS,fund_document,说明书（更新） 2 5、根据本基金现行适用的清算交收和申赎处理规则，投资者当日申购的基金份额，清算交收完成后方可卖出和赎回，即 T 日申购的基金份额且日间完成 RTGS（实时逐笔全额结算）交收的，T 日可卖出和赎回，而T 日申购的基金份额且日终完成逐笔全额非担保交收的，T+1 日方可卖出和赎回；T 日买入的基金份额，T 日可以赎回或卖出。 6、投资有风险，投资者认购（或申购）基金时应认真阅读本招募说明书、 基金合同和基金产品资料概要等信息披露文件， 全面认识本基金产品的风险收益特征和产品特性， 自主判断基金的投资价值， 并根据自身的投资目的、 投资期限、 投资经验、 资产状况等判断本基金是否和自身的风险承受能力相适； 投资者应充分考虑自身的风险承受能力，理性判断市场，对认购（或申,PENDING,not_found,T+2清算；T+2交收,T 日收盘价 （折算为人民币， 折算汇率采用基金管理人和基金托管人商定的汇率公允价， 包括中国外汇交易中心公布的北京时间16:00 参考汇率、 港股通买入结算汇兑比率和卖出结算汇兑比率的算术平均值、 中国人民银行或其授权机构公布的人民币汇率中间价,T 日赎回申请，在 T 日内，基金管理人根据赎回申请代投资者卖出被替代证券,PENDING,"https://fund.eastmoney.com/gonggao/520860,AN202608261828493033.html",/Users/ellis/工具程序开发/港股通逐标的分析/临时数据/520860/520860_更新招募说明书_20260827.pdf,/Users/ellis/工具程序开发/港股通逐标的分析/临时数据/520860/520860_更新招募说明书_20260827.txt,向基金管理人/托管运营确认同日申赎是否按证券维度净额下单
168,520730,SH,万家恒生港股通汽车主题ETF,,2026-03-31,,2026-09-09,40,必须,NO,initial_only,T日内,T日内,招募书未直接说明,T 日,T 日,T日（基金份额交收完成后；招募书未另行说明可卖出时点）,T+1日,T+1 日内,T+2 日内,T 日后的第 2 个港股通交收日后的 2 个工作日内,T 日,代收代付,自有效赎回申请之日起 7 个工作日内,PASS,fund_document,任公司相关业务规则和参与各方相关协议及其不时修订的有关规定。 本基金申购业务采用实时逐笔全额结算（Real Time Gross Settlement ，简称 RTGS）模式；赎回业务涉及的现金替代可采用代收代付处理；申购、赎回业务涉及的现金差额和现金替代退补款可采用代收代付处理。 投资者 T 日现金申购后，如交易记录已勾单且申购资金足额的，登记机构在 T 日日间实时办理基金份额及现金替代的交收；T 日日间未进行勾单确认或日间资金不足的，登记机构在 T 日日终根据资金是否足额办理基金份额及现金替代的清算交收，并将结果发送给基金管理人、申购赎回代理券商和基金托管人。 登记机构在 T+1 日内办理现金差额的清算，基金管理人与申购赎回代理券商在 T+2 日内办理现金差额的交收。 投资者,PASS,fund_specific_explicit,T+1清算；T+2交收,T 日后的第 2 个港股通交收日后的 2 个工作日内， 基金管理人将应退款或补款与相关申购赎回代理券商办理交收,T 日根据赎回申请代投资者卖出被替代证券,PENDING,"https://fund.eastmoney.com/gonggao/520730,AN202603301820866372.html",/Users/ellis/工具程序开发/港股通逐标的分析/临时数据/520730/520730_招募说明书_20260331.pdf,/Users/ellis/工具程序开发/港股通逐标的分析/临时数据/520730/520730_招募说明书_20260331.txt,东财暂未找到更新招募书，继续监测
169,513190,SH,华夏中证港股通内地金融ETF,2026-05-29,2026-05-29,2026-05-29,2026-09-09,48,必须,NO,updated,T日内,T日内,招募书未直接说明,T日,T日,T日（基金份额交收完成后；招募书未另行说明可卖出时点）,T+1日,T日,T+2日内,T日后的第2个港股通交易日后的2个工作日内,T日,代收代付,T日后的第3个港股通交易日后的第2个工作日内,PASS,fund_document,收适用相关业务规则和参与各方相关协议及其不时修订的有关规定。 本基金申购业务采用实时逐笔全额结算（Real Time Gross Settlement，以下简称RTGS） 模式；赎回业务涉及的现金替代可采用代收代付处理；申购、赎回业务涉及的现金差额和现金替代退补款可采用代收代付处理。 1）申购的清算交收投资者T日现金申购后，如交易记录已勾单且申购资金足额的，登记机构在T日日间实时办理基金份额及现金替代的交收；T日日间未进行勾单确认或日间资金不足的，登记机构在T日日终根据资金是否足额办理基金份额及现金替代的清算交收，并将结果发送给基金管理人、申购赎回代理券商和基金托管人。基金管理人在T+2日内办理现金差额的交收。 2）赎回的清算交收投资者T日赎回申请受理后，登记机构在T日收市后为投,PENDING,risk_or_non_operational,T+1清算；T+2交收,T日在证券交易所无交易的，取最近交易日的收盘价,T日内，基金管理人根据赎回规模进行被替代证券的代理卖出,PENDING,"https://fund.eastmoney.com/gonggao/513190,AN202605281822952662.html",/Users/ellis/工具程序开发/港股通逐标的分析/临时数据/513190/513190_更新招募说明书_20260529.pdf,/Users/ellis/工具程序开发/港股通逐标的分析/临时数据/513190/513190_更新招募说明书_20260529.txt,向基金管理人/托管运营确认同日申赎是否按证券维度净额下单
170,513090,SH,易方达中证香港证券投资主题ETF,2026-06-26,2026-06-26,2026-08-11,2026-09-09,17,必须,NO,updated,T日内,T日内,招募书未直接说明,T 日,T 日,T日（T日日间完成 RTGS）；T+1日（T日日终逐笔全额非担保交收）,T+1日,T+1 日内,T+2 日,T 日后的三个港股通交易日内,T 日收市后,代收代付,自有效赎回申请之日起 7 个开放日内,PASS,fund_document,本基金的《招募说明书》及《基金合同》。 5、在目前结算规则下， 投资者当日申购的基金份额， 清算交收完成后方可卖出和赎回， 即 T 日申购的基金份额且日间完成 RTGS(实时逐笔全额结算)交收的，T 日可卖出和赎回， 而 T 日申购的基金份额且日终完成逐笔全额非担保交收的，T+1 日方可卖出和赎回；T 日买入的基金份额，T 日可以赎回或卖出。 投资者投资于本基金前请认真阅读证券交易所和登记结算机构关于 ETF 的相关业务规则及其不时的更新， 确保具备相关专业知识、 清楚了解相关规则流程后方可参与本基金的申购、 赎回及交易。 投资者一旦申购或赎回本基金， 即表示对基金申购和赎回所涉及的登记方式以及申购赎回所涉及现金替代、现金差额等相关的交收方式及业务规则已经认可。 6、基金的过往业,PASS,fund_specific_explicit,T+1清算；T+2交收,T 日后的三个港股通交易日内， 基金管理人将应退款或补款与相关申购赎回代理券商办理交收， 当交收期间出现港股通交易日为非港股通交收日时， 款项交收日期顺延,T 日内卖出组合证券中被替代的成份证券,PASS,"https://fund.eastmoney.com/gonggao/513090,AN202606251823859042.html",/Users/ellis/工具程序开发/港股通逐标的分析/临时数据/513090/513090_更新招募说明书_20260626.pdf,/Users/ellis/工具程序开发/港股通逐标的分析/临时数据/513090/513090_更新招募说明书_20260626.txt,
171,520670,SH,嘉实恒生港股通科技主题ETF,2026-07-15,2026-07-15,2026-06-11,2026-09-09,31,必须,NO,updated,T日内,T日内,招募书未直接说明,T 日,T 日,T日（基金份额交收完成后；招募书未另行说明可卖出时点）,T+1日,T+1 日内,T+3 日内,T+3 日（指开放日）内,T 日收市后,代收代付,自有效赎回申请之日起 7 个开放日内,PASS,fund_document,关业务规则和参与各方相关协议及其不时修订的有关规定。 对于本基金的申购业务采用实时逐笔全额结算（Real Time Gross Settlement，以下简称 RTGS）模式；赎回业务涉及的现金替代采用代收代付处理；申购、赎回业务涉及的现金差额和现金替代退补款采用代收代付处理。 投资者T 日现金申购后， 如交易记录已勾单且申购资金足额的， 登记结算机构在T 日日间实时办理基金份额及现金替代的交收；T 日日间未进行勾单确认或日间资金不足的， 登记结算机构在 T 日日终根据资金是否足额办理基金份额及现金替代的清算交收；在 T+1 日内办理现金差额的清算， 并将结果发送给申购赎回代理券商、 基金管理人和基金托管人。 基金管理人与申购赎回代理券商在T+3 日内办理现金差额的交收。 投资者,PENDING,not_found,T+1清算；T+3交收,T 日在证券交易所无交易的，取最近交易日的收盘价,T 日赎回申请，T 日内， 基金管理人根据赎回规模进行组合证券的代理卖出,PENDING,"https://fund.eastmoney.com/gonggao/520670,AN202607141826963318.html",/Users/ellis/工具程序开发/港股通逐标的分析/临时数据/520670/520670_更新招募说明书_20260715.pdf,/Users/ellis/工具程序开发/港股通逐标的分析/临时数据/520670/520670_更新招募说明书_20260715.txt,向基金管理人/托管运营确认同日申赎是否按证券维度净额下单
172,513140,SH,华泰柏瑞中证香港300金融服务ETF(QDII),2026-01-14,2026-01-14,2026-03-18,2026-09-09,34,必须,NO,updated,T日内,T日内,招募书未直接说明,T 日,T 日,T日（基金份额交收完成后；招募书未另行说明可卖出时点）,T+1日,T+1 日,T+2 日,T 日后的第 2 个港股通交收日后的第 2 个工作日内,T 日,代收代付,T+7 日（指开放日）内,PASS,fund_document,及时查询并妥善行使合法权利。 3、申购和赎回的清算交收与登记本基金申购业务采用实时逐笔全额结算（Real Time Gross Settlement，以下简称 RTGS）模式；赎回业务涉及的现金替代可采用代收代付处理；申购、赎回业务涉及的现金差额和现金替代退补款可采用代收代付处理。 （1）申购的清算交收投资者 T 日现金申购后，如交易记录已勾单且申购资金足额的，登记结算机构在 T 日日间实时办理基金份额及现金替代的交收；T 日日间未进行勾单确认或日间资金不足的，登记结算华泰柏瑞中证港股通金融服务交易型开放式指数证券投资基金（QDII） 39 机构在 T 日日终根据资金是否足额办理基金份额及现金替代的清算交收，并将结果发送给基金管理人、申购赎回代理券商和基金托管人。基金管理人通过登,PENDING,not_found,T+2清算；T+2交收,T 日（指上海证券交易所与香港交易所的共同交易日）日终，基金管理人已买入的证券，依据申购的替代金额与被替代证券的实际买入成本（包括买入价格与相关交易费用）的差额，确定基金应退还投资者或投资者应补交的款项,T 日后的第 2 个港股通交收日后的第 2 个工作日内，基金管理人将应支付的赎回替代金额与相关申购赎回代理机构办理交收,PENDING,"https://fund.eastmoney.com/gonggao/513140,AN202601131816986071.html",/Users/ellis/工具程序开发/港股通逐标的分析/临时数据/513140/513140_更新招募说明书_20260114.pdf,/Users/ellis/工具程序开发/港股通逐标的分析/临时数据/513140/513140_更新招募说明书_20260114.txt,向基金管理人/托管运营确认同日申赎是否按证券维度净额下单
173,513040,SH,易方达中证港股通互联网ETF,2026-03-28,2026-03-28,2026-08-11,2026-09-09,30,必须,NO,updated,T日内,T日内,招募书未直接说明,T 日,T 日,T日（T日日间完成 RTGS）；T+1日（T日日终逐笔全额非担保交收）,T+1日,T+1 日内,T+2 日,T 日后的三个港股通交易日内,T 日收市后,代收代付,自有效赎回申请之日起 7 个开放日内,PASS,fund_document,信息泄露的风险等。 5、根据本基金现行适用的清算交收和申赎处理规则，投资者当日申购的基金份额，清算交收完成后方可卖出和赎回，即 T 日申购的基金份额且日间完成 RTGS（实时逐笔全额结算） 交收，T 日可卖出和赎回， 而T 日申购的基金份额且日终完成逐笔全额非担保交收，T+1 日方可卖出和赎回；T 日买入的基金份额，T 日可以赎回或卖出。 投资者投资于本基金前请认真阅读证券交易所和登记结算机构关于 ETF 的相关业务规则及其不时的更新， 确保具备相关专业知识、 清楚了解相关规则流程后方可参与本基金的申购、 赎回及交易。 投资者一旦申购或赎回本基金， 即表示对基金申购和赎回所涉及的登记方式以及申购赎回所涉及现金替代、现金差额等相关的交收方式及业务规则已经认可。 6、基金管理人提醒投,PASS,fund_specific_explicit,T+1清算；T+2交收,T 日后的三个港股通交易日内， 基金管理人将成份证券的应退款或补款与相关申购赎回代理券商办理交收， 当交收期间出现港股通交易日为非港股通交收日时， 款项交收日期顺延,T 日内卖出组合证券中被替代的成份证券,PASS,"https://fund.eastmoney.com/gonggao/513040,AN202603271820809073.html",/Users/ellis/工具程序开发/港股通逐标的分析/临时数据/513040/513040_更新招募说明书_20260328.pdf,/Users/ellis/工具程序开发/港股通逐标的分析/临时数据/513040/513040_更新招募说明书_20260328.txt,
174,159128,SZ,天弘国证港股通科技ETF,2026-03-07,2026-03-07,2026-06-26,2026-09-09,31,必须,YES,updated,T日内,T日内,招募书未直接说明,T 日,T 日,T日（T日日间完成 RTGS）；T+1日（T日日终逐笔全额非担保交收）,T+1日,T 日,T+2 日内,T 日（指港股通交易日）后的第 2 个港股招募说明书（更新） 42 通交易日后的 3 个工作日内,T 日,招募书未直接说明,自有效赎回申请之日起 7 个工作日内,PASS,fund_document,购、赎回，具体业务的办理时间请参见相关公告。 在目前结算规则下，投资者当日申购的基金份额，清算交收完成后可卖出和赎回，即 T 日申购的 ETF 份额且日间完成 RTGS（实时逐笔全额结算）交收的，T 日可卖出与赎回，而 T 日申购的 ETF 份额且日终完成逐笔全额非担保交收的，T+1 日方可卖出和赎回；T 日竞价买入的基金份额，T 日可以卖出或赎回；T 日大宗买入的基金份额，T 日可以大宗卖出，T+1 日可以竞价卖出或赎回。 目前本基金的申购赎回采用全现金替代模式，申购对价、赎回对价包括现金替代、现金差额及其他对价，即投资人在场内可以现金申购、赎回办理本基金的申购、赎回业务。未来在条件允许的情况下，基金管理人可以在场内开通本基金实物申购赎回方式或者其他现金申购、赎回以外的方式办理,PENDING,not_found,T+2清算；T+2交收,T 日（指港股通交易日）在证券交易所无交易的，取最近交易日的收盘价,T 日（指港股通交易日）内，基金管理人代投资者卖出被替代证券,PENDING,"https://fund.eastmoney.com/gonggao/159128,AN202603061820344693.html",/Users/ellis/工具程序开发/港股通逐标的分析/临时数据/159128/159128_更新招募说明书_20260307.pdf,/Users/ellis/工具程序开发/港股通逐标的分析/临时数据/159128/159128_更新招募说明书_20260307.txt,向基金管理人/托管运营确认同日申赎是否按证券维度净额下单
175,159740,SZ,大成恒生科技ETF(QDII),2026-08-12,2026-08-12,2026-05-29,2026-09-09,31,必须,YES,updated,T+1,T+1,逐笔全额交收,T 日,T 日,T日（基金份额交收完成后；招募书未另行说明可卖出时点）,T+1日,T+2 日内,T 日,T+5 日内,T 日,代收代付,自有效赎回申请之日起 10 个工作日内,PASS,fund_document,数证券投资基金（QDII） 招募说明书 58 在目前结算规则下，投资者当日申购的基金份额，清算交收完成后可卖出和赎回，即 T 日申购的 ETF 份额且日间完成 RTGS（实时逐笔全额结算）交收，T 日可卖出与赎回；T 日申购的 ETF 份额日间未完成交收的，日终完成逐笔全额非担保交收，T+1 日方可卖出和赎回；T 日竞价买入的基金份额，T 日可以赎回，T 日可以卖出。 3、申购和赎回的清算交收与登记本基金申购和赎回过程中涉及的申购赎回对价和基金份额的交收适用《深圳证券交易所证券投资基金交易和申购赎回实施细则》、《中国证券登记结算有限责任公司关于交易所交易型开放式证券投资基金登记结算业务实施细则》和参与各方相关协议的有关规定，其中本基金现金申购业务中的现金替代采用逐笔全额结算处理；,PENDING,not_found,T+2清算；T+2交收,T+1 日日终，若已买入全部被替代证券，则以替代金额与被替代证券的实际买入成本（包括买入价格与交易费用，折算为人民币，折算汇率采用当日汇率）的差额，确定基金应退还投资者或投资者应补交的款项,T+1 日日终，若已卖出全部被替代证券，则以被替代证券的实际卖出金额（扣除相关费用，折算为人民币，折算汇率采用当日汇率）确定基金应支付的替代金额,PENDING,"https://fund.eastmoney.com/gonggao/159740,AN202608111827862424.html",/Users/ellis/工具程序开发/港股通逐标的分析/临时数据/159740/159740_更新招募说明书_20260812.pdf,/Users/ellis/工具程序开发/港股通逐标的分析/临时数据/159740/159740_更新招募说明书_20260812.txt,向基金管理人/托管运营确认同日申赎是否按证券维度净额下单
176,520630,SH,广发中证港股通互联网ETF,2026-07-06,2026-07-06,2026-07-06,2026-09-09,30,必须,NO,updated,T日内,T日内,招募书未直接说明,T 日,T 日,T日（T日日间完成 RTGS）；T+1日（T日日终逐笔全额非担保交收）,T+1日,T+1 日内,T+2 日,T+3 日（指港股通交易日）内,T 日,代收代付,自有效赎回申请之日起 7 个开放日内,PASS,fund_document,的交收方式已经认可。 根据本基金现行适用的清算交收和申赎处理规则，投资者当日申购的基金份额，清算交收完成后方可卖出和赎回，即T 日申购的ETF 份额且日间完成 RTGS（实时逐笔全额结算）交收，T 日可卖出与赎回， 而T 日申购的 ETF 份额且日终完成逐笔全额非担保交收的，T+1 日方可卖出和赎回；T 日买入的基金份额，T 日可以赎回或卖出。 由于登记结算机构对现金替代采取非净额结算交收模式，当投资者赎回申请被登记结算机构确认后，被赎回的基金份额即被记减，但此时投资者尚未收到赎回现金替代款。投资者投资本基金时需具有证券账户，证券账户是指上海证券交易所 A 股账户或上海证券交易所证券投资基金账户。 本基金以 1 元初始面值进行募集，在市场波动等因素的影响下，存在单位份额净值跌破,PENDING,not_found,T+1清算；T+2交收,T 日日终，基金管理人已买入的证券，依据申购现金替代保证金与被替代证券的实际买入成本（包括买入价格与相关交易费用）的差额，确定基金应退还投资者或投资者应补交的款项,T 日申购、赎回清单中公告 T 日预估现金部分,PENDING,"https://fund.eastmoney.com/gonggao/520630,AN202607051826730021.html",/Users/ellis/工具程序开发/港股通逐标的分析/临时数据/520630/520630_更新招募说明书_20260706.pdf,/Users/ellis/工具程序开发/港股通逐标的分析/临时数据/520630/520630_更新招募说明书_20260706.txt,向基金管理人/托管运营确认同日申赎是否按证券维度净额下单
177,159143,SZ,平安恒生中国央企红利ETF,2026-07-29,2026-07-29,2026-07-29,2026-09-09,41,必须,YES,updated,T日内,T日内,日间 RTGS/实时逐笔全额；日间未完成时日终逐笔全额非担保交收,T日日间 RTGS/实时逐笔全额交收；日间未完成时 T日日终交收,T 日,T日（基金份额交收完成后；招募书未另行说明可卖出时点）,T+1日,T+1 日,T+2 日,T+5 日（指开放日）内,T 日收市后,代收代付,T+7 日（指开放日） 内,PASS,fund_document,、现金替代、现金差额及其他对价的清算交收适用相关业务规则和参与各方相关协议及其不时修订的有关规定。 本基金现金申购业务中的现金替代采用逐笔全额结算（T 日日间 RTGS 交收 +T 日日终逐笔全额非担保交收）处理；现金赎回业务中的现金替代采用代收代付处理；现金申购、赎回业务涉及的现金差额和现金替代退补款采用代收代付处理。 投资者 T 日现金申购后，正常情况下，如选择采用 RTGS 交收且申购资金足额的，登记结算机构在 T 日日间实时办理基金份额及现金替代的清算交收；T 日日间资金不足或不选择 RTGS 交收的，登记结算机构在 T 日收市后办理基金份额及现金替代的清算交收，并将结果发送给基金管理人、申购赎回代理券商和基金托管人。基金管理人在 T+1 日办理现金差额的清算，在 T+2,PENDING,not_found,T+2清算；T+2交收,T 日收盘价（折算为人民币，T 日在证券交易所无交易的，取最近交易日的收盘价,T 日收盘价（折算为人民币，被替代证券 T 日在证券交易所无交易的，取最近交易日的收盘价,PENDING,"https://fund.eastmoney.com/gonggao/159143,AN202607281827422605.html",/Users/ellis/工具程序开发/港股通逐标的分析/临时数据/159143/159143_更新招募说明书_20260729.pdf,/Users/ellis/工具程序开发/港股通逐标的分析/临时数据/159143/159143_更新招募说明书_20260729.txt,向基金管理人/托管运营确认同日申赎是否按证券维度净额下单
178,159170,SZ,永赢国证港股通互联网ETF,,2026-02-06,,2026-09-09,31,必须,YES,initial_only,T日内,T日内,招募书未直接说明,T 日,T 日,T日（基金份额交收完成后；招募书未另行说明可卖出时点）,T+1日,T日,T+2 日,T日后的3个港股通交易日内,T 日,代收代付,自有效赎回申请之日起 7 个工作日内,PASS,fund_document,金替代、现金差额及其他对价的清算交收适用深圳证券交易所、中国证券登记结算有限责任公司相关业务规则和参与各方相关协议及其不时修订的有关规定。 本基金申购业务采用 RTGS（实时逐笔全额结算）模式；赎回业务涉及的现金替代采用代收代付处理；申购、赎回业务涉及的现金差额和现金替代退补款可采用代收代付处理。 投资者 T 日现金申购后，如交易记录已勾单且申购资金足额的，登记机构在 T 日日间实时办理基金份额及现金替代的交收；T 日日间未进行勾单确认或日间资金不足的，登记机构在 T 日日终根据资金是否足额办理基金份额及现金替代的清算交收，并将结果发送给基金管理人、申购赎回代理机构和基金托管人。 基金管理人与申购赎回代理机构在 T+2 日办理现金差额的交收。 永赢国证港股通互联网交易型开放式指数,PENDING,not_found,T+?清算；T+2交收,T日后的3个港股通交易日内，基金管理人将应退款或补款与相关申购赎回代理机构办理交收,T日赎回申请，T日内基金管理人根据所卖出的被替代证券的实际单位卖出成本、实际卖出的相关费用、未卖出的被替代证券的T日收盘价 （折算为人民币，折算汇率采用当天的估值汇率,PENDING,"https://fund.eastmoney.com/gonggao/159170,AN202602051819794759.html",/Users/ellis/工具程序开发/港股通逐标的分析/临时数据/159170/159170_招募说明书_20260206.pdf,/Users/ellis/工具程序开发/港股通逐标的分析/临时数据/159170/159170_招募说明书_20260206.txt,东财暂未找到更新招募书，继续监测；向基金管理人/托管运营确认同日申赎是否按证券维度净额下单
179,159285,SZ,华安国证港股通消费主题ETF,2026-06-26,2026-06-26,2026-06-26,2026-09-09,51,必须,YES,updated,T日内,T日内,招募书未直接说明,T 日,T 日,T日（基金份额交收完成后；招募书未另行说明可卖出时点）,T+1日,T+1 日,T+2 日,T 日后的 3 个港股通交易日内,T 日,代收代付,T 日后的 5 个港股通交易日内,PASS,fund_document,金份额的交收适用业务规则的规定和参与各方相关协议的有关规定。 本基金申购业务采用实时逐笔全额结算（Real Time Gross Settlement， 简称 RTGS）模式；赎回业务涉及的现金替代采用代收代付处理；申购、赎回业务涉及的现金差额和现金替代退补款采用代收代付处理。 1）申购的清算交收投资者 T 日申购后，如交易记录已勾单且申购资金足额的，登记机构在 T 日日间实时办理基金份额及现金替代的交收；T 日日间未进行勾单确认或日间资金不足的，登记机构在 T 日日终根据资金是否足额办理基金份额及现金替代的清算交收，并将结果发送给基金管理人、申购赎回代理券商和基金托管人。 基金管理人在 T+1 日办理现金差额的清算，并将结果发送给申购赎回代理券商、 基金管理人和基金托管人。基金,PENDING,risk_or_non_operational,T+1清算；T+2交收,T 日在证券交易所无交易的，取最近交易日的收盘价，交易日无收盘价的，取最后成交价）计算被替代证券的单位结算成本，在此基础上根据替代证券数量和申购替代金额确定基金应退还投资者或投资者应补交的款项,T 日赎回申请，基金管理人在收到赎回确认信息后，根据赎回申请代理卖出被替代证券,PENDING,"https://fund.eastmoney.com/gonggao/159285,AN202606251823852426.html",/Users/ellis/工具程序开发/港股通逐标的分析/临时数据/159285/159285_更新招募说明书_20260626.pdf,/Users/ellis/工具程序开发/港股通逐标的分析/临时数据/159285/159285_更新招募说明书_20260626.txt,向基金管理人/托管运营确认同日申赎是否按证券维度净额下单
180,513590,SH,鹏华中证港股通消费主题ETF,2026-04-08,2026-04-08,2026-04-08,2026-09-09,50,必须,NO,updated,T日内,T日内,招募书未直接说明,T 日,T 日,T日（基金份额交收完成后；招募书未另行说明可卖出时点）,T+1日,T+1 日内,T+2 日内,待人工复核,T 日,代收代付,自有效赎回申请之日起 7 个开放日内,PASS,fund_document,交收适用《业务规则》 和参与各方相关协议的有关规定。 本基金申购业务采用实时逐笔全额结算 （Real Time Gross Settlement ， 以下简称 RTGS）模式；赎回业务涉及的现金替代可采用代收代付处理；申购、赎回业务涉及的现金差额和现金替代退补款可采用代收代付处理。 投资者 T 日申购后，如交易记录已勾单且申购资金足额的，登记机构在 T 日日间实时办理基金份额及现金替代的交收；T 日日间未进行勾单确认或日间资金不足的，登记机构 29 在 T 日日终根据资金是否足额办理基金份额及现金替代的清算交收，并将结果发送给基金管理人、申购赎回代理券商和基金托管人。基金管理人在 T+1 日内办理现金差额的清算， 在 T+2 日内办理现金差额的交收。 投资者 T 日赎回成功后，正,PASS,fund_specific_explicit,T+2清算；T+2交收,T 日在证券交易所无交易的，取最近交易日的收盘价,T 日赎回申请，通常情况下 T 日内基金管理人根据赎回规模进行组合证券的代理卖出,PASS,"https://fund.eastmoney.com/gonggao/513590,AN202604071821047293.html",/Users/ellis/工具程序开发/港股通逐标的分析/临时数据/513590/513590_更新招募说明书_20260408.pdf,/Users/ellis/工具程序开发/港股通逐标的分析/临时数据/513590/513590_更新招募说明书_20260408.txt,
181,159179,SZ,工银瑞信中证港股通互联网ETF,,2026-02-13,,2026-09-09,31,必须,YES,initial_only,T日内,T日内,日间 RTGS/实时逐笔全额；日间未完成时日终逐笔全额非担保交收,T日日间 RTGS/实时逐笔全额交收；日间未完成时 T日日终交收,T 日,T日（基金份额交收完成后；招募书未另行说明可卖出时点）,T+1日,T+2 日,T+2 日,T+6 日 （指开放日） 内,T 日,代收代付,T+6 日（指开放日）内,PASS,fund_document,金替代、 现金差额及其他对价的清算交收适用深圳证券交易所、登记机构的相关规定和参与各方相关协议的有关规定。 本基金现金申购业务中的现金替代采用实时逐笔全额结算（RTGS）与日终逐笔全额非担保交收的方式处理； 现金赎回业务涉及的现金替代采用代收代付处理； 现金申购、 赎回业务涉及的现金差额和现金替代退补款采用代收代付处理。 投资者 T 日提交的现金申购申请受理后，日间完成 RTGS 交收部分，登记机构在 T 日日间实时为该投资者办理基金份额登记以及现金替代的交收；日间未完成 RTGS 交收部分， 登记机构在 T 日日终根据勾单情况及资金是否足额为投资者办理基金份额登记与现金替代的交收， 并将结果发送给申购赎回代理券商、 基金管理人和基金托管人。 基金管理人在 T+2 日办理现金差额,PENDING,not_found,T+2清算；T+2交收,T+6 日 （指开放日） 内， 基金管理人将应退款或补款的明细及汇总数据发送给登记机构， 登记机构办理现金替代多退少补资金的清算， 并将结果发送给申购赎回代理券商和结算参与人， 由相关申购赎回代理券商和结算参与人办理交收,T 日根据赎回申请代投资者卖出被替代证券,PENDING,"https://fund.eastmoney.com/gonggao/159179,AN202602121819901540.html",/Users/ellis/工具程序开发/港股通逐标的分析/临时数据/159179/159179_招募说明书_20260213.pdf,/Users/ellis/工具程序开发/港股通逐标的分析/临时数据/159179/159179_招募说明书_20260213.txt,东财暂未找到更新招募书，继续监测；向基金管理人/托管运营确认同日申赎是否按证券维度净额下单
182,159265,SZ,鹏华国证港股通消费主题ETF,2026-05-08,2026-05-08,2026-05-08,2026-09-09,51,必须,YES,updated,T日内,T日内,日间 RTGS/实时逐笔全额；日间未完成时日终逐笔全额非担保交收,T 日,T 日,T日（基金份额交收完成后；招募书未另行说明可卖出时点）,T+1日,T+1 日,T+2 日,T 日后的第 2 个工作日内,T 日,代收代付,T 日,PASS,fund_document,《业务规则》和参与各方相关协议的有关规定。 本基金现金申购业务中的现金替代采用实时逐笔全额结算 （ Real Time Gross Settlement，简称 RTGS）模式；赎回业务涉及的现金替代采用代收代付处理；申购、赎回业务涉及的现金差额和现金替代退补款采用代收代付处理。 29 （1）申购的清算交收投资者 T 日申购后，如交易记录已勾单且申购资金足额的，登记机构在 T 日日间实时办理基金份额及现金替代的交收； T 日日间未进行勾单确认或日间资金不足的，登记机构在 T 日日终根据资金是否足额办理基金份额及现金替代的清算交收，并将结果发送给基金管理人、申购赎回代理券商和基金托管人。登记机构在 T+1 日办理现金差额的清算，并将结果发送给申购赎回代理券商、基金管理人和基金托管人。,PENDING,not_found,T+1清算；T+2交收,T 日在证券交易所无交易的，取最近交易日的收盘价,T 日赎回申请，T 日内，基金管理人根据赎回规模进行组合证券的代理卖出,PENDING,"https://fund.eastmoney.com/gonggao/159265,AN202605071822033847.html",/Users/ellis/工具程序开发/港股通逐标的分析/临时数据/159265/159265_更新招募说明书_20260508.pdf,/Users/ellis/工具程序开发/港股通逐标的分析/临时数据/159265/159265_更新招募说明书_20260508.txt,向基金管理人/托管运营确认同日申赎是否按证券维度净额下单
183,520720,SH,国泰中证港股通汽车产业主题ETF,2025-11-12,2025-11-12,2026-01-30,2026-09-09,50,必须,NO,updated,T日内,T日内,招募书未直接说明,T 日,T 日,T日（基金份额交收完成后；招募书未另行说明可卖出时点）,T+1日,T+1 日内,T+2 日内,T 日后的 3 个港股通交收日内,T 日收市后,代收代付,T 日后的第 3 个港股通交收日后的两个工作日内,PASS,fund_document,程中涉及的基金份额、现金替代、现金差额及其他对价的清算交收适用上海证券交易所、登记机构相关业务规则和参与各方相关协议及其不时修订的有关规定。 本基金申购业务采用实时逐笔全额结算（Real Time Gross Settlement）模式； 赎回业务涉及的现金替代采用代收代付处理；申购、赎回业务涉及的现金差额和现金替代退补款采用代收代付处理。 投资者 T 日现金申购后，如交易记录已勾单且申购资金足额的，登记机构在 T 日日间实时办理基金份额及现金替代的交收；T 日日间未进行勾单确认或日间资金不足的，登记机构在 T 日日终根据资金是否足额办理基金份额及现金替代的清算交收；在 T+1 日内办理现金差额的清算，并将结果发送给基金管理人、 申购赎回代理券商和基金托管人。基金管理人与申购赎回代理,PENDING,not_found,T+1清算；T+2交收,T 日后的 3 个港股通交收日内，基金管理人将应退款或补款与相关申购赎回代理券商办理交收,T 日后的 3 个港股通交收日内，基金管理人将应退款或补款与相关申购赎回代理券商办理交收,PENDING,"https://fund.eastmoney.com/gonggao/520720,AN202511111779403329.html",/Users/ellis/工具程序开发/港股通逐标的分析/临时数据/520720/520720_更新招募说明书_20251112.pdf,/Users/ellis/工具程序开发/港股通逐标的分析/临时数据/520720/520720_更新招募说明书_20251112.txt,向基金管理人/托管运营确认同日申赎是否按证券维度净额下单
184,513530,SH,华泰柏瑞中证港股通高股息投资ETF(QDII),2026-04-04,2026-04-04,2026-03-18,2026-09-09,30,必须,NO,updated,T日内,T日内,招募书未直接说明,T 日,T 日,T日（基金份额交收完成后；招募书未另行说明可卖出时点）,T+1日,T+1日,T+2日,T+3日（指上海证券交易所与香港交易所的共同交易日）内,T 日,代收代付,T+7日（指开放日）内,PASS,fund_document,及时查询并妥善行使合法权利。 3、申购和赎回的清算交收与登记本基金申购业务采用实时逐笔全额结算（Real Time Gross Settlement，以下简称 RTGS）模式；赎回业务涉及的现金替代可采用代收代付处理；申购、赎回业务涉及的现金差额和现金替代退补款可采用代收代付处理。 （1）申购的清算交收投资者 T 日现金申购后，如交易记录已勾单且申购资金足额的，登记结算机构在 T 日日间实时办理基金份额及现金替代的交收；T 日日间未进行勾单确认或日间资金不足的，登记结算机构在 T 日日终根据资金是否足额办理基金份额及现金替代的清算交收，并将结果发送华泰柏瑞中证港股通高股息投资交易型开放式指数证券投资基金（QDII） 30 给基金管理人、申购赎回代理券商和基金托管人。基金管理人通过,PENDING,not_found,T+2清算；T+2交收,T日（指上海证券交易所与香港交易所的共同交易日）日终，基金管理人已买入的证券，依据申购的替代金额与被替代证券的实际买入成本（包括买入价格与相关交易费用）的差额，确定基金应退还投资者或投资者应补交的款项,T+7日（指上海证券交易所与香港交易所的共同交易日）内，基金管理人将应支付的赎回替代金额与相关申购赎回代理机构办理交收,PENDING,"https://fund.eastmoney.com/gonggao/513530,AN202604031821016279.html",/Users/ellis/工具程序开发/港股通逐标的分析/临时数据/513530/513530_更新招募说明书_20260404.pdf,/Users/ellis/工具程序开发/港股通逐标的分析/临时数据/513530/513530_更新招募说明书_20260404.txt,向基金管理人/托管运营确认同日申赎是否按证券维度净额下单
185,159297,SZ,南方国证港股通创新药ETF,2026-08-28,2026-08-28,2026-08-28,2026-09-09,37,必须,YES,updated,T日内,T日内,日间 RTGS/实时逐笔全额；日间未完成时日终逐笔全额非担保交收,T日,T日,T日（基金份额交收完成后；招募书未另行说明可卖出时点）,T+1日,T+2日,T+2日,T日后的第5个开放日内,T日,代收代付,T+7日（指开放日）内,PASS,fund_document,组合证券仅在境内证券交易所上市的ETF产品存在一定差异。在目前结算规则下，投资者当日申购的基金份额，清算交收完成后可卖出和赎回，即T日申购的ETF份额且日间完成RTGS（实时逐笔全额结算）交收，T日可卖出与赎回；T日申购的ETF份额日间未完成交收的，日终完成逐笔全额非担保交收，T+1日方可卖出和赎回；T日竞价买入的基金份额，T日可以卖出或赎回；T日大宗买入的基金份额，T日可以大宗卖出，T+1日可以竞价卖出或赎回。 投资人投资本基金时需具有深圳证券交易所A股账户或基金账户。其中，深圳证券交易所基金账户只能进行基金的现金认购和二级市场交易， 如投资人需要参与基金的申购、 赎回， 则应开立深圳证券交易所A股账户。 投资人在投资本基金之前，请仔细阅读本基金的招募说明书、基金产品资料概要和,PENDING,not_found,T+2清算；T+2交收,T日发生除息、收益分配等重要权益变动，则进行相应调整,T日收盘价（按照汇率折算为人民币，被替代证券当日在证券交易所无交易的，取最近交易日的收盘价,PENDING,"https://fund.eastmoney.com/gonggao/159297,AN202608271828557915.html",/Users/ellis/工具程序开发/港股通逐标的分析/临时数据/159297/159297_更新招募说明书_20260828.pdf,/Users/ellis/工具程序开发/港股通逐标的分析/临时数据/159297/159297_更新招募说明书_20260828.txt,向基金管理人/托管运营确认同日申赎是否按证券维度净额下单
186,159954,SZ,南方恒生中国企业ETF,2026-02-25,2026-02-25,2026-02-25,2026-09-09,51,必须,YES,updated,T日内,T日内,逐笔全额交收,T日,T日,T日（基金份额交收完成后；招募书未另行说明可卖出时点）,T+1日,T+2日内,T+3日内,T+5日内,T日,代收代付,T+7 日（指开放日）内,PASS,applicable_SZ_cross_border_rule,招募书未直接出现 RTGS；按适用的交易所/中国结算跨境 ETF 规则，日间 RTGS 交收，按项目口径 PASS,PENDING,not_found,T+3清算；T+3交收,T日无交易的， 取最近交易日的收盘价）计算并确定被替代组合证券的单位结算成本，在此基础上根据替代组合证券数量和现金替代保证金确定基金应退还现金申购投资者的款项、 现金申购投资者应补交的款项以及赎回替代金额,T日无交易的， 取最近交易日的收盘价）计算并确定被替代组合证券的单位结算成本，在此基础上根据替代组合证券数量和现金替代保证金确定基金应退还现金申购投资者的款项、 现金申购投资者应补交的款项以及赎回替代金额,PENDING,"https://fund.eastmoney.com/gonggao/159954,AN202602241819996145.html",/Users/ellis/工具程序开发/港股通逐标的分析/临时数据/159954/159954_更新招募说明书_20260225.pdf,/Users/ellis/工具程序开发/港股通逐标的分析/临时数据/159954/159954_更新招募说明书_20260225.txt,向基金管理人/托管运营确认同日申赎是否按证券维度净额下单；招募书未直接写 RTGS，保留适用规则来源
187,159636,SZ,工银瑞信国证港股通科技30ETF,2026-06-11,2026-06-11,2026-06-11,2026-09-09,31,必须,YES,updated,T日内,T日内,日间 RTGS/实时逐笔全额；日间未完成时日终逐笔全额非担保交收,T日日间 RTGS/实时逐笔全额交收；日间未完成时 T日日终交收,T 日,T日（基金份额交收完成后；招募书未另行说明可卖出时点）,T+1日,T+2 日,T+2 日,T+6 日（指开放日）内,T 日,代收代付,自有效赎回申请之日起 7 个开放日内,PASS,fund_document,额、现金替代、现金差额及其他对价的交收适用深圳证券交易所、登记机构的相关规定和参与各方相关协议的有关规定。 本基金现金申购业务中的现金替代采用实时逐笔全额结算（RTGS）与日终逐笔全额非担保交收的方式处理；现金赎回业务涉及的现金替代采用代收代付处理；现金申购、赎回业务涉及的现金差额和现金替代退补款采用代收代付处理。 投资者 T 日提交的现金申购申请受理后，日间完成 RTGS 交收部分，登记机构在 T 日日间实时为该投资者办理基金份额登记以及现金替代的交收；日间未完成 RTGS 交收部分，登记机构在 T 日日终为投资者办理基金份额登记与现金替代的交收，并将结果发送给申购赎回工银瑞信国证港股通科技交易型开放式指数证券投资基金更新的招募说明书 25 代理券商、基金管理人和基金托管人。基,PENDING,not_found,T+2清算；T+2交收,T 日收盘价（折算为人民币，被替代证券当日在证券交易所无交易的，取最近交易日的收盘价,T 日根据赎回申请代投资者卖出被替代证券,PENDING,"https://fund.eastmoney.com/gonggao/159636,AN202606101823431615.html",/Users/ellis/工具程序开发/港股通逐标的分析/临时数据/159636/159636_更新招募说明书_20260611.pdf,/Users/ellis/工具程序开发/港股通逐标的分析/临时数据/159636/159636_更新招募说明书_20260611.txt,向基金管理人/托管运营确认同日申赎是否按证券维度净额下单
188,159191,SZ,易方达国证港股通科技ETF,,2026-02-28,2026-08-11,2026-09-09,31,必须,YES,initial_only,T日内,T日内,招募书未直接说明,T 日,T 日,T日（T日日间完成 RTGS）；T+1日（T日日终逐笔全额非担保交收）,T+1日,T 日,T+3 日内,T 日后的 3 个港股通交易日内,T 日,代收代付,自有效赎回申请之日起 7 个工作日内,PASS,fund_document,易结算风险、基金投资非公开信息泄露的风险等。 7、在目前结算规则下，投资者当日申购的基金份额，清算交收完成后方可卖出和赎回，即 T 日申购的基金份额且日间完成 RTGS（实时逐笔全额结算）交收的，T 日可卖出和赎回，而 T 日申购的基金份额且日终完成逐笔全额非担保交收的，T+1 日方可卖出和赎回； T 日竞价买入的基金份额，T 日可以卖出或赎回；T 日大宗买入的基金份额，T 日可以大宗卖出，T+1 日可以竞价卖出或赎回。 投资者投资于本基金前请认真阅读证券交易所和登记结算机构关于 ETF 的相关业务规则及其不时的更新，确保具备相关专业知识、清楚了解相关规则流程后方可参与本基金的认购、申购、赎回及交易。投资者一旦认购、申购或赎回本基金，即表示对基金认购、申购和赎回所涉及的登记方式以,PASS,fund_specific_explicit,T+?清算；T+3交收,T 日收盘价（折算为人民币，被替代证券当日在证券交易所无交易的，取最近交易日的收盘价,T 日内卖出组合证券中被替代的成份证券,PENDING,"https://fund.eastmoney.com/gonggao/159191,AN202602271820109004.html",/Users/ellis/工具程序开发/港股通逐标的分析/临时数据/159191/159191_招募说明书_20260228.pdf,/Users/ellis/工具程序开发/港股通逐标的分析/临时数据/159191/159191_招募说明书_20260228.txt,东财暂未找到更新招募书，继续监测
189,513320,SH,易方达恒生港股通新经济ETF,2026-08-29,2026-08-29,2026-08-21,2026-09-09,31,必须,NO,updated,T日内,T日内,招募书未直接说明,T 日,T 日,T日（T日日间完成 RTGS）；T+1日（T日日终逐笔全额非担保交收）,T+1日,T+1 日内,T+3 日内,T 日后的四个港股通交易日内,T 日收市后,代收代付,自有效赎回申请之日起 7 个开放日内,PASS,fund_document,基金产品资料概要。 5、根据本基金现行适用的清算交收和申赎处理规则，投资者当日申购的基金份额，清算交收完成后方可卖出和赎回，即 T 日申购的基金份额且日间完成 RTGS（实时逐笔全额结算） 交收的，T 日可卖出和赎回， 而T 日申购的基金份额且日终完成逐笔全额非担保交收的， T+1 日方可卖出和赎回；T 日买入的基金份额，T 日可以赎回或卖出。 投资者投资于本基金前请认真阅读证券交易所和登记结算机构关于 ETF 的相关业务规则及其不时的更新，确保具备相关专业知识、清楚了解相关规则流程后方可参与本基金的认购、申购、赎回及交易。投资者一旦认购、申购或赎回本基金，即表示对基金认购、申购和赎回所涉及的登记方式以及申购赎回所涉及现金替代、现金差额等相关的交收方式及业务规则已经认可。 6、基,PASS,fund_specific_explicit,T+1清算；T+3交收,T 日后的四个港股通交易日内， 基金管理人将成份证券的应退款或补款与相关申购赎回代理券商办理交收， 当交收期间出现港股通交易日为非港股通交收日时， 款项交收日期顺延,T 日内卖出组合证券中被替代的成份证券,PASS,"https://fund.eastmoney.com/gonggao/513320,AN202608291828675877.html",/Users/ellis/工具程序开发/港股通逐标的分析/临时数据/513320/513320_更新招募说明书_20260829.pdf,/Users/ellis/工具程序开发/港股通逐标的分析/临时数据/513320/513320_更新招募说明书_20260829.txt,
190,513900,SH,华安CES港股通精选100ETF,2025-11-13,2025-11-13,2026-03-06,2026-09-09,100,必须,NO,updated,T日内,T日内,招募书未直接说明,T 日,T 日,T日（基金份额交收完成后；招募书未另行说明可卖出时点）,T+1日,T+1 日内,T+2 日内,T 日后的 3 个港股通交易日内,T 日,代收代付,T+7 日（指开放日）内,PASS,fund_document,而造成的损失，由投资人自行承担。 3、申购和赎回的清算交收与登记本基金申购业务采用实时逐笔全额结算（Real Time Gross Settlement， 简称RTGS）模式；赎回业务涉及的现金替代采用代收代付处理；申购、赎回业务涉及的现金差额和现金替代退补款采用代收代付处理。 1）申购的清算交收投资者 T 日申购后，如交易记录已勾单且申购资金足额的，登记机构在 T 日日间实时办理基金份额及现金替代的交收；T 日日间未进行勾单确认或日间资金不足的，登记机构在 T 日日终根据资金是否足额办理基金份额及现金替代的清算交收，并将结果发送给基金管理人、申购赎回代理券商和基金托管人。 基金管理人在 T+1 日内办理现金差额的清算，在 T+2 日内办理现金差额的交收。 2）赎回的清算交收投资,PASS,fund_specific_explicit,T+2清算；T+2交收,T 日在证券交易所无交易的，取最近交易日的收盘价，交易日无收盘价的，取最后成交价）计算被替代证券的单位结算成本，在此基础上根据替代证券数量和申购现金替代保证金确定基金应退还投资者或投资者应补交的款项,T 日赎回申请，基金管理人在收到赎回确认信息后，根据赎回申请代理卖出被替代证券,PASS,"https://fund.eastmoney.com/gonggao/513900,AN202511121780028073.html",/Users/ellis/工具程序开发/港股通逐标的分析/临时数据/513900/513900_更新招募说明书_20251113.pdf,/Users/ellis/工具程序开发/港股通逐标的分析/临时数据/513900/513900_更新招募说明书_20251113.txt,
191,520600,SH,广发中证港股通汽车ETF,2026-07-06,2026-07-06,2026-07-06,2026-09-09,50,必须,NO,updated,T日内,T日内,招募书未直接说明,T 日,T 日,T日（T日日间完成 RTGS）；T+1日（T日日终逐笔全额非担保交收）,T+1日,T+1 日内,T+2 日,T+3 日（指港股通交易日）内,T 日,代收代付,自有效赎回申请之日起 7 个开放日内,PASS,fund_document,的交收方式已经认可。 根据本基金现行适用的清算交收和申赎处理规则，投资者当日申购的基金份额，清算交收完成后方可卖出和赎回，即T 日申购的ETF 份额且日间完成 RTGS（实时逐笔全额结算）交收，T 日可卖出与赎回， 而T 日申购的 ETF 份额且日终完成逐笔全额非担保交收的，T+1 日方可卖出和赎回；T 日买入的基金份额，T 日可以赎回或卖出。 由于登记结算机构对现金替代采取非净额结算交收模式，当投资者赎回申请被登记结算机构确认后，被赎回的基金份额即被记减，但此时投资者尚未收到赎回现金替代款。投资者投资本基金时需具有证券账户，证券账户是指上海证券交易所 A 股账户或上海证券交易所证券投资基金账户。 本基金以 1 元初始面值进行募集，在市场波动等因素的影响下，存在单位份额净值跌破,PENDING,not_found,T+1清算；T+2交收,T 日日终，基金管理人已买入的证券，依据申购现金替代保证金与被替代证券的实际买入成本（包括买入价格与相关交易费用）的差额，确定基金应退还投资者或投资者应补交的款项,T 日申购、赎回清单中公告 T 日预估现金部分,PENDING,"https://fund.eastmoney.com/gonggao/520600,AN202607051826729981.html",/Users/ellis/工具程序开发/港股通逐标的分析/临时数据/520600/520600_更新招募说明书_20260706.pdf,/Users/ellis/工具程序开发/港股通逐标的分析/临时数据/520600/520600_更新招募说明书_20260706.txt,向基金管理人/托管运营确认同日申赎是否按证券维度净额下单
192,513560,SH,兴银中证港股通科技ETF,2026-02-02,2026-02-02,2026-02-02,2026-09-09,50,必须,NO,updated,T日内,T日内,逐笔全额交收,T 日,T 日,T日（基金份额交收完成后；招募书未另行说明可卖出时点）,T+1日,T+1 日,T+2 日,T 日后的第2 个工作日内,T 日,代收代付,T+7 日（指开放日）内,PASS,applicable_SH_cross_border_rule,招募书未直接出现 RTGS；按适用的交易所/中国结算跨境 ETF 规则，日间 RTGS 交收，按项目口径 PASS,PENDING,not_found,T+2清算；T+2交收,T 日在证券交易所无交易的，取最近交易日的收盘价,T 日赎回申请，T 日内基金管理人根据赎回规模进行组合证券的代理卖出，通常情况下代理卖出在 T 日接近收盘时点完成,PENDING,"https://fund.eastmoney.com/gonggao/513560,AN202602011819105928.html",/Users/ellis/工具程序开发/港股通逐标的分析/临时数据/513560/513560_更新招募说明书_20260202.pdf,/Users/ellis/工具程序开发/港股通逐标的分析/临时数据/513560/513560_更新招募说明书_20260202.txt,向基金管理人/托管运营确认同日申赎是否按证券维度净额下单；招募书未直接写 RTGS，保留适用规则来源
193,159788,SZ,易方达中证港股通中国100ETF,2026-06-26,2026-06-26,2026-08-11,2026-09-09,101,必须,YES,updated,T日内,T日内,招募书未直接说明,T 日,T 日,T日（T日日间完成 RTGS）；T+1日（T日日终逐笔全额非担保交收）,T+1日,T 日,T+2 日,T 日后的三个港股通交易日内,T 日,招募书未直接说明,自有效赎回申请之日起 7 个工作日内,PASS,fund_document,明书》 《基金合同》及基金产品资料概要。 5、在目前结算规则下， 投资者当日申购的基金份额， 清算交收完成后方可卖出和赎回， 即 T 日申购的基金份额且日间完成RTGS（实时逐笔全额结算） 交收的，T 日可卖出和赎回， 而 T 日申购的基金份额且日终完成逐笔全额非担保交收的，T+1 日方可卖出和赎回；T 日竞价买入的基金份额，T 日可以卖出或赎回；T 日大宗买入的基金份额，T 日可以大宗卖出， T+1 日可以竞价卖出或赎回。 投资者投资于本基金前请认真阅读证券交易所和登记结算机构关于 ETF 的相关业务规则及其不时的更新， 确保具备相关专业知识、 清楚了解相关规则流程后方可参与本基金的申购、 赎回及交易。 投资者一旦申购或赎回本基金， 即表示对基金申购和赎回所涉及的登记方式以及申,PENDING,not_found,T+?清算；T+2交收,T 日后的三个港股通交易日内， 基金管理人将应退款或补款与相关申购赎回代理券商办理交收， 当交收期间出现港股通交易日为非港股通交收日时， 款项交收日期顺延,T 日赎回申请， 基金管理人根据T 日所卖出的被替代证券的实际单位卖出金额 （扣除相关费用， 折算为人民币） 和未卖出的被替代证券的T 日收盘价 （折算为人民币， 被替代证券当日在证券交易所无交易的， 取最近交易日的收盘价,PENDING,"https://fund.eastmoney.com/gonggao/159788,AN202606251823859590.html",/Users/ellis/工具程序开发/港股通逐标的分析/临时数据/159788/159788_更新招募说明书_20260626.pdf,/Users/ellis/工具程序开发/港股通逐标的分析/临时数据/159788/159788_更新招募说明书_20260626.txt,向基金管理人/托管运营确认同日申赎是否按证券维度净额下单
194,513720,SH,国泰中证港股通互联网ETF,2026-01-06,2026-01-06,2026-01-30,2026-09-09,30,必须,NO,updated,T日内,T日内,招募书未直接说明,T 日,T 日,T日（基金份额交收完成后；招募书未另行说明可卖出时点）,T+1日,T+1 日内,T+2 日内,T 日后的 3 个港股通交易日内,T 日收市后,代收代付,自有效赎回申请之日起7 个开放日内,PASS,fund_document,机构相关业务规则以及参与各方相关协议及其不时修订的有关规定。 本基金申购业务采用实时逐笔全额结算（Real Time Gross Settlement ，简称 RTGS）模式；赎回业务涉及的现金替代采用代收代付处理；申购、赎回业务涉及的现金差额和现金替代退补款采用代收代付处理。 投资者 T 日现金申购后，如交易记录已勾单且申购资金足额的，登记机构在 T 日日间实时办理基金份额及现金替代的交收；T 日日间未进行勾单确认或日间资金不足的，登记机构在 T 日日终根据资金是否足额办理基金份额及现金替代的清算交收； 在T+1 日内办理现金差额的清算， 并将结果发送给基金管理人、 申购赎回代理券商和基金托管人。基金管理人与申购赎回代理券商在 T+2 日内办理现金差额的交收。 投资者 T 日赎,PENDING,not_found,T+1清算；T+2交收,T 日后的 3 个港股通交易日内，基金管理人将应退款或补款与相关申购赎回代理券商办理交收， 当交收期间出现港股通交易日为非港股通交收日时， 款项交收日期顺延,T 日赎回申请，基金管理人在 T 日内卖出组合证券中被替代证券,PENDING,"https://fund.eastmoney.com/gonggao/513720,AN202601051815477378.html",/Users/ellis/工具程序开发/港股通逐标的分析/临时数据/513720/513720_更新招募说明书_20260106.pdf,/Users/ellis/工具程序开发/港股通逐标的分析/临时数据/513720/513720_更新招募说明书_20260106.txt,向基金管理人/托管运营确认同日申赎是否按证券维度净额下单
195,513580,SH,华安恒生科技(QDII-ETF),2026-02-27,2026-02-27,2026-03-06,2026-09-09,30,必须,NO,updated,T日内,T日内,招募书未直接说明,T 日,T 日,T日（基金份额交收完成后；招募书未另行说明可卖出时点）,T+1日,T+1 日,T+2 日,T+1 日后的第 4 个上海证券交易所和香港联合交易所共同交易日内,T 日,代收代付,T+1日后的第 6 个上海证券交易所和香港联合交易所共同交易日内,PASS,fund_document,价的清算交收适用相关业务规则和参与各方相关协议的有关规定。 本基金申购业务采用实时逐笔全额结算（ Real Time Gross Settlement， 简称 RTGS）模式；赎回业务涉及的现金替代采用代收代付处理；申购、赎回业务涉及的现金差额和现金替代退补款采用代收代付处理。 1）申购的清算交收投资者 T 日申购后，如交易记录已勾单且申购资金足额的，登记机构在 T 日日间实时办理基金份额及现金替代的交收； T 日日间未进行勾单确认或日间资金不足的，登记机构在 T 日日终根据资金是否足额办理基金份额及现金替代的清算交收，并将结果发送给基金管理人、申购赎回代理券商和基金托管人。 基金管理人在 T+1 日办理现金差额的清算，并将结果发送给申购赎回代理券商、 基金管理人和基金托管人。基,PASS,fund_specific_explicit,T+1清算；T+2交收,T+1 日收盘价（被替代证券 T+1 日在证券交易所无交易的，取最近交易日的收盘价）计算被替代证券的单位结算成本，在此基础上根据替代证券数量和申购现金替代保证金确定基金应退还投资者或投资者应补交的款项， 若T 日后至 T+1 日期间发生除息、送股,T 日赎回申请，基金管理人在收到赎回确认信息后，根据赎回申请代理卖出被替代证券,PASS,"https://fund.eastmoney.com/gonggao/513580,AN202602261820068746.html",/Users/ellis/工具程序开发/港股通逐标的分析/临时数据/513580/513580_更新招募说明书_20260227.pdf,/Users/ellis/工具程序开发/港股通逐标的分析/临时数据/513580/513580_更新招募说明书_20260227.txt,
196,159196,SZ,易方达中证港股通信息技术综合ETF,,2026-03-09,2026-08-11,2026-09-09,68,必须,YES,initial_only,T日内,T日内,招募书未直接说明,T 日,T 日,T日（T日日间完成 RTGS）；T+1日（T日日终逐笔全额非担保交收）,T+1日,T 日,T+3 日内,T 日后的三个港股通交易日内,T 日,代收代付,自有效赎回申请之日起 7 个工作日内,PASS,fund_document,易结算风险、基金投资非公开信息泄露的风险等。 7、在目前结算规则下，投资者当日申购的基金份额，清算交收完成后方可卖出和赎回，即 T 日申购的基金份额且日间完成 RTGS（实时逐笔全额结算）交收的，T 日可卖出和赎回，而 T 日申购的基金份额且日终完成逐笔全额非担保交收的，T+1 日方可卖出和赎回； T 日竞价买入的基金份额，T 日可以卖出或赎回；T 日大宗买入的基金份额，T 日可以大宗卖出，T+1 日可以竞价卖出或赎回。 投资者投资于本基金前请认真阅读证券交易所和登记结算机构关于 ETF 的相关业务规则及其不时的更新，确保具备相关专业知识、清楚了解相关规则流程后方可参与本基金的认购、申购、赎回及交易。投资者一旦认购、申购或赎回本基金，即表示对基金认购、申购和赎回所涉及的登记方式以,PASS,fund_specific_explicit,T+?清算；T+3交收,T 日收盘价（折算为人民币，被替代证券当日在证券交易所无交易的，取最近交易日的收盘价,T 日内卖出组合证券中被替代的成份证券,PENDING,"https://fund.eastmoney.com/gonggao/159196,AN202603081820390157.html",/Users/ellis/工具程序开发/港股通逐标的分析/临时数据/159196/159196_招募说明书_20260309.pdf,/Users/ellis/工具程序开发/港股通逐标的分析/临时数据/159196/159196_招募说明书_20260309.txt,东财暂未找到更新招募书，继续监测
197,159688,SZ,华安恒生互联网科技业ETF(QDII),2025-09-19,2025-09-19,2026-03-06,2026-09-09,31,必须,YES,updated,T+1,T+1,逐笔全额交收,T 日,T 日,T日（基金份额交收完成后；招募书未另行说明可卖出时点）,T+1日,T+1 日内,T 日,T+5 日内,T 日,代收代付,T+10 日（指开放日）内,PASS,applicable_SZ_cross_border_rule,招募书未直接出现 RTGS；按适用的交易所/中国结算跨境 ETF 规则，日间 RTGS 交收，按项目口径 PASS,PENDING,not_found,T+1清算；T+1交收,T+1 日收盘价（折算为人民币，T+1 日在证券交易所无交易的，取最近交易日的收盘价）计算被替代证券的单位结算成本，在此基础上根据替代证券数量和申购现金替代金额确定基金应退还投资者或投资者应补第 59 页共 174 页交的款项，若 T 日后至 T,T+1 日收盘价（折算为人民币，被替代证券 T+1 日在证券交易所无交易的，取最近交易日的收盘价）计算被替代证券的单位结算金额，在此基础上根据替代证券数量确定赎回替代金额，若 T 日后至 T+1 日期间发生除息、送股（转增）、配股等重要权益变动，,PENDING,"https://fund.eastmoney.com/gonggao/159688,AN202509181746077867.html",/Users/ellis/工具程序开发/港股通逐标的分析/临时数据/159688/159688_更新招募说明书_20250919.pdf,/Users/ellis/工具程序开发/港股通逐标的分析/临时数据/159688/159688_更新招募说明书_20250919.txt,向基金管理人/托管运营确认同日申赎是否按证券维度净额下单；招募书未直接写 RTGS，保留适用规则来源
