date,code,name,weight
20260303,00175,吉利汽车,0.10467350912860691
20260303,00179,德昌电机控股,0.009501261766671938
20260303,00187,京城机电股份,0.00032497657084421536
20260303,00189,东岳集团,0.016967703798299077
20260303,00425,敏实集团,0.023903110040828186
20260303,00489,东风集团股份,0.024912613649647874
20260303,00564,中创智领,0.0038560275556059737
20260303,00666,瑞浦兰钧,0.0059338314602295624
20260303,00819,天能动力,0.00391389143947018
20260303,00868,信义玻璃,0.01838746023738636
20260303,00881,中升控股,0.010241756991848355
20260303,01057,浙江世宝,0.0009130938928025663
20260303,01114,BRILLIANCE CHI,0.012618840245880884
20260303,01211,比亚迪股份,0.15185139603766296
20260303,01316,耐世特,0.004960391223646618
20260303,01772,赣锋锂业,0.019246586956132523
20260303,01882,海天国际,0.011174981377789326
20260303,01958,北京汽车,0.003243747623796891
20260303,02015,理想汽车-W,0.10406471968589208
20260303,02050,三花智控,0.006186019297289319
20260303,02238,广汽集团,0.010333532782688618
20260303,02333,长城汽车,0.03016831228683756
20260303,02338,潍柴动力,0.06199361390947867
20260303,02382,舜宇光学科技,0.024458248258930497
20260303,02402,亿华通,0.0008069649700833489
20260303,02431,佑驾创新,0.00014515620164374954
20260303,02443,汽车街,0.0008006610264174356
20260303,02465,龙蟠科技,0.0008551698280919077
20260303,02473,喜相逢集团,0.0008511678018028075
20260303,02498,速腾聚创,0.00916289495749201
20260303,02533,黑芝麻智能,0.0068868553446534515
20260303,02570,重塑能源,0.0001475032546554022
20260303,02582,国富氢能,0.00024057293369439834
20260303,03606,福耀玻璃,0.027667692800249388
20260303,03677,正力新能,0.00036911922171722135
20260303,03750,宁德时代,0.028002749662874422
20260303,03808,中国重汽,0.032980518105934234
20260303,03898,时代电气,0.014548117821459374
20260303,03931,中创新航,0.009967783688372743
20260303,06680,金力永磁,0.0031325334195524256
20260303,09660,地平线,0.02742531444116141
20260303,09690,途虎-W,0.006590254042911651
20260303,09696,天齐锂业,0.007191099613894734
20260303,09863,零跑汽车,0.027371001227237908
20260303,09868,小鹏汽车-W,0.12663253710562927
20260303,09973,奇瑞汽车,0.004394706312203487
20260304,00175,吉利汽车,0.10376676726939084
20260304,00179,德昌电机控股,0.009505986226608643
20260304,00187,京城机电股份,0.0004426866540465894
20260304,00189,东岳集团,0.016721576798961312
20260304,00425,敏实集团,0.023729986835945165
20260304,00489,东风集团股份,0.025153362691811378
20260304,00564,中创智领,0.003642009287181801
20260304,00666,瑞浦兰钧,0.006156990721842007
20260304,00819,天能动力,0.003907171618622022
20260304,00868,信义玻璃,0.018003324738282776
20260304,00881,中升控股,0.010046711211654355
20260304,01057,浙江世宝,0.0009266228211516244
20260304,01114,BRILLIANCE CHI,0.012530537563593
20260304,01211,比亚迪股份,0.15203313297928395
20260304,01316,耐世特,0.004941009525624482
20260304,01772,赣锋锂业,0.01926965572945336
20260304,01882,海天国际,0.01104728338231936
20260304,01958,北京汽车,0.0031870410762253375
20260304,02015,理想汽车-W,0.1043470440678474
20260304,02050,三花智控,0.006241783936671826
20260304,02238,广汽集团,0.010264016766542898
20260304,02333,长城汽车,0.03053843538471021
20260304,02338,潍柴动力,0.0619819129220791
20260304,02382,舜宇光学科技,0.024560437266250845
20260304,02402,亿华通,0.0008768695152639257
20260304,02431,佑驾创新,0.00014939756898587223
20260304,02443,汽车街,0.0009141271399618765
20260304,02465,龙蟠科技,0.0008753094669391346
20260304,02473,喜相逢集团,0.0009979720901236858
20260304,02498,速腾聚创,0.009152436451355018
20260304,02533,黑芝麻智能,0.007131623265459505
20260304,02570,重塑能源,0.00015092702812782423
20260304,02582,国富氢能,0.00026321991832994077
20260304,03606,福耀玻璃,0.027477498214738817
20260304,03677,正力新能,0.0003685843586190146
20260304,03750,宁德时代,0.027688104738585607
20260304,03808,中国重汽,0.03386369368359376
20260304,03898,时代电气,0.014506522302037899
20260304,03931,中创新航,0.010188461484930467
20260304,06680,金力永磁,0.003212292446658965
20260304,09660,地平线,0.027928872196711692
20260304,09690,途虎-W,0.006685082374375197
20260304,09696,天齐锂业,0.007286526887356404
20260304,09863,零跑汽车,0.027766565992567747
20260304,09868,小鹏汽车-W,0.1251556415859329
20260304,09973,奇瑞汽车,0.004414783813244474
20260305,00175,吉利汽车,0.10350566993835596
20260305,00179,德昌电机控股,0.009539950194409723
20260305,00187,京城机电股份,0.00039795079343420733
20260305,00189,东岳集团,0.016592911720755863
20260305,00425,敏实集团,0.02299087419820168
20260305,00489,东风集团股份,0.024627722708696252
20260305,00564,中创智领,0.0035803796823733135
20260305,00666,瑞浦兰钧,0.006117953780555934
20260305,00819,天能动力,0.00386212437582055
20260305,00868,信义玻璃,0.01755835224097757
20260305,00881,中升控股,0.009839236000897342
20260305,01057,浙江世宝,0.0009795549270141001
20260305,01114,BRILLIANCE CHI,0.012559270885068856
20260305,01211,比亚迪股份,0.14695565605113825
20260305,01316,耐世特,0.004913564655931292
20260305,01772,赣锋锂业,0.019343530335581262
20260305,01882,海天国际,0.010856771513461873
20260305,01958,北京汽车,0.0031455804750565135
20260305,02015,理想汽车-W,0.10385969247107801
20260305,02050,三花智控,0.006366216383879619
20260305,02238,广汽集团,0.01025453166428284
20260305,02333,长城汽车,0.030532918789431925
20260305,02338,潍柴动力,0.06540166258050814
20260305,02382,舜宇光学科技,0.0248624898257393
20260305,02402,亿华通,0.0008601485551127051
20260305,02431,佑驾创新,0.0001497485725994741
20260305,02443,汽车街,0.0008548348960849818
20260305,02465,龙蟠科技,0.0008995481291534941
20260305,02473,喜相逢集团,0.000955688748256059
20260305,02498,速腾聚创,0.00942564614282472
20260305,02533,黑芝麻智能,0.007079363769640137
20260305,02570,重塑能源,0.00014799748041988348
20260305,02582,国富氢能,0.00026583390760854224
20260305,03606,福耀玻璃,0.02705324200300731
20260305,03677,正力新能,0.0003495542285396595
20260305,03750,宁德时代,0.028681682251915402
20260305,03808,中国重汽,0.033213388047718034
20260305,03898,时代电气,0.014611173528993123
20260305,03931,中创新航,0.010212309208883571
20260305,06680,金力永磁,0.0031320397019091624
20260305,09660,地平线,0.028111369643769424
20260305,09690,途虎-W,0.006417994368155444
20260305,09696,天齐锂业,0.007352594532145228
20260305,09863,零跑汽车,0.027663482531972407
20260305,09868,小鹏汽车-W,0.12957780216525866
20260305,09973,奇瑞汽车,0.004339991393381936
20260306,00175,吉利汽车,0.10730376120558924
20260306,00179,德昌电机控股,0.009067020861870265
20260306,00187,京城机电股份,0.0003725925720787477
20260306,00189,东岳集团,0.01693281309433442
20260306,00425,敏实集团,0.02278871205165513
20260306,00489,东风集团股份,0.024845501159939595
20260306,00564,中创智领,0.0035611245910742535
20260306,00666,瑞浦兰钧,0.006011661174084672
20260306,00819,天能动力,0.0038585211001070127
20260306,00868,信义玻璃,0.01692111132650649
20260306,00881,中升控股,0.010101081379448776
20260306,01057,浙江世宝,0.0009661725118106494
20260306,01114,BRILLIANCE CHI,0.01262716907282234
20260306,01211,比亚迪股份,0.14471684266362184
20260306,01316,耐世特,0.0048513665416190024
20260306,01772,赣锋锂业,0.01878163323659478
20260306,01882,海天国际,0.010676272826879642
20260306,01958,北京汽车,0.003173856729886393
20260306,02015,理想汽车-W,0.1037974914250156
20260306,02050,三花智控,0.006440380809550492
20260306,02238,广汽集团,0.010218971882382768
20260306,02333,长城汽车,0.030905922165580354
20260306,02338,潍柴动力,0.06481708317267446
20260306,02382,舜宇光学科技,0.0248840090002128
20260306,02402,亿华通,0.0008208102227117142
20260306,02431,佑驾创新,0.00014935657141693944
20260306,02443,汽车街,0.0008160318775683238
20260306,02465,龙蟠科技,0.0008709014817071341
20260306,02473,喜相逢集团,0.0008358405591379833
20260306,02498,速腾聚创,0.00923167405520134
20260306,02533,黑芝麻智能,0.00699910693764825
20260306,02570,重塑能源,0.0001463386692211138
20260306,02582,国富氢能,0.0002748657980315704
20260306,03606,福耀玻璃,0.026577510734855644
20260306,03677,正力新能,0.00035651188733922586
20260306,03750,宁德时代,0.028220344258612688
20260306,03808,中国重汽,0.032896909171085245
20260306,03898,时代电气,0.014494185390086942
20260306,03931,中创新航,0.009862415614128898
20260306,06680,金力永磁,0.003026304982331663
20260306,09660,地平线,0.028215536326192867
20260306,09690,途虎-W,0.006514674460665375
20260306,09696,天齐锂业,0.007189086839603116
20260306,09863,零跑汽车,0.02850142338469449
20260306,09868,小鹏汽车-W,0.1311361348460243
20260306,09973,奇瑞汽车,0.004242963376395841
20260309,00175,吉利汽车,0.10491765059837858
20260309,00179,德昌电机控股,0.008594742702708845
20260309,00187,京城机电股份,0.000368736922584207
20260309,00189,东岳集团,0.016293376480029077
20260309,00425,敏实集团,0.02206365927941074
20260309,00489,东风集团股份,0.024304101279741405
20260309,00564,中创智领,0.003435258819308506
20260309,00666,瑞浦兰钧,0.0060482888961567345
20260309,00819,天能动力,0.0037694238887668713
20260309,00868,信义玻璃,0.016687182791627713
20260309,00881,中升控股,0.010024125782523863
20260309,01057,浙江世宝,0.0009481806580736752
20260309,01114,BRILLIANCE CHI,0.012401143571387522
20260309,01211,比亚迪股份,0.15203359740789307
20260309,01316,耐世特,0.004570213065460248
20260309,01772,赣锋锂业,0.0190820250783898
20260309,01882,海天国际,0.010392508576010751
20260309,01958,北京汽车,0.0031161147257281214
20260309,02015,理想汽车-W,0.1062351879049568
20260309,02050,三花智控,0.0062350329734766905
20260309,02238,广汽集团,0.009989273577195977
20260309,02333,长城汽车,0.029940464258819983
20260309,02338,潍柴动力,0.05979673432475218
20260309,02382,舜宇光学科技,0.024617136646393027
20260309,02402,亿华通,0.000805702717918689
20260309,02431,佑驾创新,0.0001402351225386276
20260309,02443,汽车街,0.0007063547507414395
20260309,02465,龙蟠科技,0.0008879787115293147
20260309,02473,喜相逢集团,0.0008288391522769139
20260309,02498,速腾聚创,0.00902958372345941
20260309,02533,黑芝麻智能,0.006948603104576021
20260309,02570,重塑能源,0.00014519292990110432
20260309,02582,国富氢能,0.0002698758829157721
20260309,03606,福耀玻璃,0.02611525028184619
20260309,03677,正力新能,0.00034959919594988465
20260309,03750,宁德时代,0.028203431525708415
20260309,03808,中国重汽,0.03137123434426617
20260309,03898,时代电气,0.01414196843691622
20260309,03931,中创新航,0.009913342396578997
20260309,06680,金力永磁,0.0028519786852647406
20260309,09660,地平线,0.026534007939426812
20260309,09690,途虎-W,0.006328936205782649
20260309,09696,天齐锂业,0.00711808338840164
20260309,09863,零跑汽车,0.028493758363994405
20260309,09868,小鹏汽车-W,0.13887939831105509
20260309,09973,奇瑞汽车,0.0040724846191773165
20260310,00175,吉利汽车,0.10545534897962416
20260310,00179,德昌电机控股,0.009068521372540682
20260310,00187,京城机电股份,0.0003674796642297996
20260310,00189,东岳集团,0.01611556370159091
20260310,00425,敏实集团,0.021863045451198538
20260310,00489,东风集团股份,0.02404498950261186
20260310,00564,中创智领,0.0034473720902988333
20260310,00666,瑞浦兰钧,0.006032857640121696
20260310,00819,天能动力,0.0037890456390798186
20260310,00868,信义玻璃,0.016483014353886532
20260310,00881,中升控股,0.009824702930849418
20260310,01057,浙江世宝,0.0009594826870412454
20260310,01114,BRILLIANCE CHI,0.01192077165710424
20260310,01211,比亚迪股份,0.14732528534542802
20260310,01316,耐世特,0.004634250317405066
20260310,01772,赣锋锂业,0.01914932715232142
20260310,01882,海天国际,0.010369735632231262
20260310,01958,北京汽车,0.0028282574150006907
20260310,02015,理想汽车-W,0.10459150413359138
20260310,02050,三花智控,0.006440156184006917
20260310,02238,广汽集团,0.009901033329664294
20260310,02333,长城汽车,0.029010860733606217
20260310,02338,潍柴动力,0.0621372964254338
20260310,02382,舜宇光学科技,0.024754070185787208
20260310,02402,亿华通,0.0008125082285098306
20260310,02431,佑驾创新,0.0001404177614078262
20260310,02443,汽车街,0.0007236591800983702
20260310,02465,龙蟠科技,0.0009268877789954411
20260310,02473,喜相逢集团,0.000785062938780119
20260310,02498,速腾聚创,0.00920081579237946
20260310,02533,黑芝麻智能,0.007039977923078571
20260310,02570,重塑能源,0.00014413128898224802
20260310,02582,国富氢能,0.00026560425737368775
20260310,03606,福耀玻璃,0.026381639693014287
20260310,03677,正力新能,0.00034957930084371933
20260310,03750,宁德时代,0.03009698051332208
20260310,03808,中国重汽,0.03294070128923814
20260310,03898,时代电气,0.013992310793013954
20260310,03931,中创新航,0.010061367783883375
20260310,06680,金力永磁,0.0029436959010836947
20260310,09660,地平线,0.027131380601936133
20260310,09690,途虎-W,0.006340384142378505
20260310,09696,天齐锂业,0.007152341144139008
20260310,09863,零跑汽车,0.028236590234339262
20260310,09868,小鹏汽车-W,0.13972959832919113
20260310,09973,奇瑞汽车,0.004090392599357316
20260316,00175,吉利汽车,0.11840345199145619
20260316,00179,德昌电机控股,0.008474882854940722
20260316,00187,京城机电股份,0.0003626088505568243
20260316,00189,东岳集团,0.015035694991243343
20260316,00425,敏实集团,0.021311040159868216
20260316,00564,中创智领,0.003408411192500386
20260316,00666,瑞浦兰钧,0.006236872229577379
20260316,00819,天能动力,0.0038514940072657284
20260316,00868,信义玻璃,0.016075514371154766
20260316,00881,中升控股,0.008227160808541014
20260316,01057,浙江世宝,0.0009253665863476394
20260316,01114,BRILLIANCE CHI,0.009404953556106396
20260316,01211,比亚迪股份,0.15845194749513442
20260316,01316,耐世特,0.0044469845419987004
20260316,01772,赣锋锂业,0.01957002766523525
20260316,01882,海天国际,0.010204233064920647
20260316,02015,理想汽车-W,0.10532240070915648
20260316,02050,三花智控,0.006082224454934495
20260316,02238,广汽集团,0.009813399525455617
20260316,02333,长城汽车,0.03067180863750522
20260316,02338,潍柴动力,0.05390366768072074
20260316,02382,舜宇光学科技,0.025175204476390857
20260316,02402,亿华通,0.0007410660879410742
20260316,02431,佑驾创新,0.00012992317116476175
20260316,02465,龙蟠科技,0.000918982430523164
20260316,02473,喜相逢集团,0.0009094621981533322
20260316,02498,速腾聚创,0.009138527053168312
20260316,02533,黑芝麻智能,0.006978890340755436
20260316,02570,重塑能源,0.0001336192613789317
20260316,02582,国富氢能,0.00022274543677062064
20260316,03606,福耀玻璃,0.0262374104027131
20260316,03677,正力新能,0.0003565887036170778
20260316,03750,宁德时代,0.03620068358628497
20260316,03808,中国重汽,0.03048854416438596
20260316,03898,时代电气,0.013350053848114322
20260316,03931,中创新航,0.010568969967418962
20260316,06680,金力永磁,0.002729450620430743
20260316,09660,地平线,0.027181719451408366
20260316,09690,途虎-W,0.006376175629694769
20260316,09696,天齐锂业,0.006898080368345629
20260316,09863,零跑汽车,0.030266498744701352
20260316,09868,小鹏汽车-W,0.15040231101960733
20260316,09973,奇瑞汽车,0.004410947662410543
20260317,00175,吉利汽车,0.12123700250309084
20260317,00179,德昌电机控股,0.00845251340122406
20260317,00187,京城机电股份,0.0003573146968429534
20260317,00189,东岳集团,0.014820714379063625
20260317,00425,敏实集团,0.021008146285615835
20260317,00564,中创智领,0.0034283471104603774
20260317,00666,瑞浦兰钧,0.006075091047071212
20260317,00819,天能动力,0.0038142749528900506
20260317,00868,信义玻璃,0.0163206529503041
20260317,00881,中升控股,0.00826581472400866
20260317,01057,浙江世宝,0.0009409613331656077
20260317,01114,BRILLIANCE CHI,0.009116769114360912
20260317,01211,比亚迪股份,0.15722406057875613
20260317,01316,耐世特,0.00433532508889689
20260317,01772,赣锋锂业,0.019177590229128225
20260317,01882,海天国际,0.010032893230243032
20260317,02015,理想汽车-W,0.10706490869700477
20260317,02050,三花智控,0.005953604050144608
20260317,02238,广汽集团,0.009910679017495065
20260317,02333,长城汽车,0.030927034450940517
20260317,02338,潍柴动力,0.054469024416900526
20260317,02382,舜宇光学科技,0.02512558632649655
20260317,02402,亿华通,0.0007094829432577968
20260317,02431,佑驾创新,0.00012899689877414488
20260317,02465,龙蟠科技,0.0009129355542038355
20260317,02473,喜相逢集团,0.0008288022776399526
20260317,02498,速腾聚创,0.009060102219973137
20260317,02533,黑芝麻智能,0.007158600666143678
20260317,02570,重塑能源,0.00013028351138117235
20260317,02582,国富氢能,0.0002166264052484285
20260317,03606,福耀玻璃,0.026628825338772442
20260317,03677,正力新能,0.0003465463087189191
20260317,03750,宁德时代,0.0354790418847644
20260317,03808,中国重汽,0.030122118416048425
20260317,03898,时代电气,0.013157907433677046
20260317,03931,中创新航,0.010237408695081832
20260317,06680,金力永磁,0.0026246058088181773
20260317,09660,地平线,0.026024886584049823
20260317,09690,途虎-W,0.006283326500534679
20260317,09696,天齐锂业,0.006715110894469167
20260317,09863,零跑汽车,0.031165561240347698
20260317,09868,小鹏汽车-W,0.1493602004150864
20260317,09973,奇瑞汽车,0.004650321418904353
20260318,00175,吉利汽车,0.12007107437936698
20260318,00179,德昌电机控股,0.008704744921952763
20260318,00187,京城机电股份,0.0003535934179690402
20260318,00189,东岳集团,0.0149682434984168
20260318,00425,敏实集团,0.02153499260865888
20260318,00564,中创智领,0.003489199391601131
20260318,00666,瑞浦兰钧,0.006142996689728082
20260318,00819,天能动力,0.0038589013961030684
20260318,00868,信义玻璃,0.016687188778627935
20260318,00881,中升控股,0.008317314949202978
20260318,01057,浙江世宝,0.0009619127386787532
20260318,01114,BRILLIANCE CHI,0.009040070577768974
20260318,01211,比亚迪股份,0.15725048758304977
20260318,01316,耐世特,0.004460402267486688
20260318,01772,赣锋锂业,0.018710393154913265
20260318,01882,海天国际,0.01006437212778149
20260318,02015,理想汽车-W,0.10254130993036971
20260318,02050,三花智控,0.006111887514677778
20260318,02238,广汽集团,0.009803736902291535
20260318,02333,长城汽车,0.030539379968287962
20260318,02338,潍柴动力,0.057625272173320204
20260318,02382,舜宇光学科技,0.02534332383892675
20260318,02402,亿华通,0.0006912771208438604
20260318,02431,佑驾创新,0.00012568674924433825
20260318,02465,龙蟠科技,0.0009145245158623979
20260318,02473,喜相逢集团,0.0009996983120275258
20260318,02498,速腾聚创,0.009266840838272662
20260318,02533,黑芝麻智能,0.00725227316446705
20260318,02570,重塑能源,0.00012437987979017017
20260318,02582,国富氢能,0.00021378679657858168
20260318,03606,福耀玻璃,0.025868344437036006
20260318,03677,正力新能,0.00035541167112266534
20260318,03750,宁德时代,0.03609303535459729
20260318,03808,中国重汽,0.030713704989391768
20260318,03898,时代电气,0.013628489231353081
20260318,03931,中创新航,0.010607944590098832
20260318,06680,金力永磁,0.0027827228108011854
20260318,09660,地平线,0.027151988548187074
20260318,09690,途虎-W,0.00634095900182902
20260318,09696,天齐锂业,0.006726911643891483
20260318,09863,零跑汽车,0.030715409601723295
20260318,09868,小鹏汽车-W,0.14810886472563028
20260318,09973,奇瑞汽车,0.004736947208070863
20260319,00175,吉利汽车,0.12291586700171338
20260319,00179,德昌电机控股,0.008396595890374213
20260319,00187,京城机电股份,0.0003528781076559351
20260319,00189,东岳集团,0.014056123294876195
20260319,00425,敏实集团,0.021047049011634004
20260319,00564,中创智领,0.003455825169128641
20260319,00666,瑞浦兰钧,0.006217361721477137
20260319,00819,天能动力,0.003785001645014718
20260319,00868,信义玻璃,0.01644601131977786
20260319,00881,中升控股,0.008037152474101123
20260319,01057,浙江世宝,0.000948007426665539
20260319,01114,BRILLIANCE CHI,0.009058390567809103
20260319,01211,比亚迪股份,0.16179508957430871
20260319,01316,耐世特,0.004338309658912406
20260319,01772,赣锋锂业,0.017833055683925337
20260319,01882,海天国际,0.009978979877430315
20260319,02015,理想汽车-W,0.10261866589255797
20260319,02050,三花智控,0.006041298654486275
20260319,02238,广汽集团,0.009644496202728168
20260319,02333,长城汽车,0.03028964420756053
20260319,02338,潍柴动力,0.054911286845752
20260319,02382,舜宇光学科技,0.02555098087229149
20260319,02402,亿华通,0.0006827342520552417
20260319,02431,佑驾创新,0.00012274524128282833
20260319,02465,龙蟠科技,0.0009006330851902156
20260319,02473,喜相逢集团,0.0009666476971666658
20260319,02498,速腾聚创,0.009047747248112572
20260319,02533,黑芝麻智能,0.006960499705016636
20260319,02570,重塑能源,0.00012176189109347486
20260319,02582,国富氢能,0.0002147463281161641
20260319,03606,福耀玻璃,0.025198927043470747
20260319,03677,正力新能,0.00034388334562979005
20260319,03750,宁德时代,0.036263930438848804
20260319,03808,中国重汽,0.02987417875255868
20260319,03898,时代电气,0.013274186361953821
20260319,03931,中创新航,0.010493619091234899
20260319,06680,金力永磁,0.002696924660495094
20260319,09660,地平线,0.026556268447486868
20260319,09690,途虎-W,0.006380467703620047
20260319,09696,天齐锂业,0.006564556643479897
20260319,09863,零跑汽车,0.0307053988832063
20260319,09868,小鹏汽车-W,0.14989525079023394
20260319,09973,奇瑞汽车,0.005016821289566306
20260320,00175,吉利汽车,0.1296195708277868
20260320,00179,德昌电机控股,0.008163200690945971
20260320,00187,京城机电股份,0.0003409804064728664
20260320,00189,东岳集团,0.013860990491995653
20260320,00425,敏实集团,0.02093253484228625
20260320,00564,中创智领,0.0034210643479191624
20260320,00666,瑞浦兰钧,0.006516546474317384
20260320,00819,天能动力,0.003809291806908375
20260320,00868,信义玻璃,0.016570725016906283
20260320,00881,中升控股,0.007950826847929254
20260320,01057,浙江世宝,0.0008891154209881065
20260320,01114,BRILLIANCE CHI,0.00877235173422202
20260320,01211,比亚迪股份,0.1614669821968146
20260320,01316,耐世特,0.004137901761425481
20260320,01772,赣锋锂业,0.018321389070841222
20260320,01882,海天国际,0.009949130625398145
20260320,02015,理想汽车-W,0.1035527938016942
20260320,02050,三花智控,0.005941334876150725
20260320,02238,广汽集团,0.00952351787279438
20260320,02333,长城汽车,0.030823186967529892
20260320,02338,潍柴动力,0.053821846806399135
20260320,02382,舜宇光学科技,0.02452687202424308
20260320,02402,亿华通,0.0006388228266384678
20260320,02431,佑驾创新,0.00012087863542784404
20260320,02465,龙蟠科技,0.0009117801651308273
20260320,02473,喜相逢集团,0.0009836960326778318
20260320,02498,速腾聚创,0.008852629911948908
20260320,02533,黑芝麻智能,0.006986046937589367
20260320,02570,重塑能源,0.00011332372071360377
20260320,02582,国富氢能,0.00019680264475072413
20260320,03606,福耀玻璃,0.02529771842729052
20260320,03677,正力新能,0.0003542447605513034
20260320,03750,宁德时代,0.037504961156780856
20260320,03808,中国重汽,0.03222113454518779
20260320,03898,时代电气,0.013192265197576013
20260320,03931,中创新航,0.01086108380384304
20260320,06680,金力永磁,0.002629225662764985
20260320,09660,地平线,0.026658929511261604
20260320,09690,途虎-W,0.006310156008412138
20260320,09696,天齐锂业,0.006715857812122073
20260320,09863,零跑汽车,0.03058546667400243
20260320,09868,小鹏汽车-W,0.14113474588323469
20260320,09973,奇瑞汽车,0.00481807477012586
20260323,00175,吉利汽车,0.13516384452446237
20260323,00179,德昌电机控股,0.007894189323674177
20260323,00187,京城机电股份,0.00033675658604372354
20260323,00189,东岳集团,0.013330655874447777
20260323,00425,敏实集团,0.019795137791277975
20260323,00564,中创智领,0.003353700274046653
20260323,00666,瑞浦兰钧,0.006634046178698563
20260323,00819,天能动力,0.0038782938271492867
20260323,00868,信义玻璃,0.016005952685113997
20260323,00881,中升控股,0.008002742077105838
20260323,01057,浙江世宝,0.0008506910611185384
20260323,01114,BRILLIANCE CHI,0.008494919148404088
20260323,01211,比亚迪股份,0.16191593413568275
20260323,01316,耐世特,0.00396055028368814
20260323,01772,赣锋锂业,0.01876759095612369
20260323,01882,海天国际,0.009637973492571368
20260323,02015,理想汽车-W,0.10169433951711156
20260323,02050,三花智控,0.006008615990461882
20260323,02238,广汽集团,0.009430077546256811
20260323,02333,长城汽车,0.03064345837886258
20260323,02338,潍柴动力,0.05171614816645556
20260323,02382,舜宇光学科技,0.023945223466545942
20260323,02402,亿华通,0.000633278080850571
20260323,02431,佑驾创新,0.00011830405283622984
20260323,02465,龙蟠科技,0.0009373546364573558
20260323,02473,喜相逢集团,0.0009123175163645399
20260323,02498,速腾聚创,0.008720297154011524
20260323,02533,黑芝麻智能,0.006847286305617728
20260323,02570,重塑能源,0.00011455580561765622
20260323,02582,国富氢能,0.00019121917451004477
20260323,03606,福耀玻璃,0.025137707820908163
20260323,03677,正力新能,0.00034647860226689895
20260323,03750,宁德时代,0.037858761066663305
20260323,03808,中国重汽,0.03198953301964213
20260323,03898,时代电气,0.012854028172470323
20260323,03931,中创新航,0.01173851466040514
20260323,06680,金力永磁,0.0024891289849468343
20260323,09660,地平线,0.02622212259433174
20260323,09690,途虎-W,0.005703455957143479
20260323,09696,天齐锂业,0.006649859096651922
20260323,09863,零跑汽车,0.03165921873350533
20260323,09868,小鹏汽车-W,0.14262307611328434
20260323,09973,奇瑞汽车,0.004792661166211483
20260324,00175,吉利汽车,0.1364694151662203
20260324,00179,德昌电机控股,0.00791242974164015
20260324,00187,京城机电股份,0.00033529137691540637
20260324,00189,东岳集团,0.013579597658264853
20260324,00425,敏实集团,0.02041120894511474
20260324,00564,中创智领,0.0033358070662502168
20260324,00666,瑞浦兰钧,0.006472822934540932
20260324,00819,天能动力,0.0038115147846871198
20260324,00868,信义玻璃,0.01600152506963276
20260324,00881,中升控股,0.007906364637883332
20260324,01057,浙江世宝,0.00084589111416776
20260324,01114,BRILLIANCE CHI,0.008724870889633942
20260324,01211,比亚迪股份,0.16169651442304292
20260324,01316,耐世特,0.004114091359520292
20260324,01772,赣锋锂业,0.019402818291131427
20260324,01882,海天国际,0.009710952140987281
20260324,02015,理想汽车-W,0.10190328610997364
20260324,02050,三花智控,0.0057255710486046945
20260324,02238,广汽集团,0.009215197063279588
20260324,02333,长城汽车,0.03048872521245818
20260324,02338,潍柴动力,0.052975245837458496
20260324,02382,舜宇光学科技,0.023276143410608314
20260324,02402,亿华通,0.0006475664626510911
20260324,02431,佑驾创新,0.00011298906579136144
20260324,02465,龙蟠科技,0.0009526030096373792
20260324,02473,喜相逢集团,0.0008659101978965597
20260324,02498,速腾聚创,0.008744494115774885
20260324,02533,黑芝麻智能,0.006774593656427395
20260324,02570,重塑能源,0.00011321527012728007
20260324,02582,国富氢能,0.00018789097652242156
20260324,03606,福耀玻璃,0.024934503948311853
20260324,03677,正力新能,0.0003394761571299012
20260324,03750,宁德时代,0.0354257196705085
20260324,03808,中国重汽,0.03323863477313713
20260324,03898,时代电气,0.01274288195747279
20260324,03931,中创新航,0.011531755667422396
20260324,06680,金力永磁,0.002458699753725684
20260324,09660,地平线,0.025406818601709978
20260324,09690,途虎-W,0.005954716040890279
20260324,09696,天齐锂业,0.006811069105594275
20260324,09863,零跑汽车,0.031519962504369274
20260324,09868,小鹏汽车-W,0.14226344130198237
20260324,09973,奇瑞汽车,0.004657773480900748
20260325,00175,吉利汽车,0.13700779154689385
20260325,00179,德昌电机控股,0.00793796850735041
20260325,00187,京城机电股份,0.0003257452231881126
20260325,00189,东岳集团,0.013645333458288767
20260325,00425,敏实集团,0.020667850651303513
20260325,00564,中创智领,0.0033893272557916423
20260325,00666,瑞浦兰钧,0.006458306283938351
20260325,00819,天能动力,0.004087380843403671
20260325,00868,信义玻璃,0.01603126929267791
20260325,00881,中升控股,0.007760528224192542
20260325,01057,浙江世宝,0.0008500267980505262
20260325,01114,BRILLIANCE CHI,0.008539621073007602
20260325,01211,比亚迪股份,0.1613533011299481
20260325,01316,耐世特,0.0037450932666886825
20260325,01772,赣锋锂业,0.020189541921289366
20260325,01882,海天国际,0.009618120682385994
20260325,02015,理想汽车-W,0.10553480445125075
20260325,02050,三花智控,0.005827630812560684
20260325,02238,广汽集团,0.009241539696490395
20260325,02333,长城汽车,0.029613497256203998
20260325,02338,潍柴动力,0.05513210847207709
20260325,02382,舜宇光学科技,0.023953173305481835
20260325,02402,亿华通,0.0006357211000235021
20260325,02431,佑驾创新,0.00011536077973542856
20260325,02465,龙蟠科技,0.0009630263922358145
20260325,02473,喜相逢集团,0.0008321914143414304
20260325,02498,速腾聚创,0.00844472390137339
20260325,02533,黑芝麻智能,0.0065032531374463794
20260325,02570,重塑能源,0.00011142547048519465
20260325,02582,国富氢能,0.00018341352041268796
20260325,03606,福耀玻璃,0.024554502613593467
20260325,03677,正力新能,0.0003415567335685167
20260325,03750,宁德时代,0.034504932052809925
20260325,03808,中国重汽,0.03351078860814548
20260325,03898,时代电气,0.012786831690674344
20260325,03931,中创新航,0.011292650987064102
20260325,06680,金力永磁,0.0025365879052936338
20260325,09660,地平线,0.025602081936005733
20260325,09690,途虎-W,0.005801826427619865
20260325,09696,天齐锂业,0.007194026402945475
20260325,09863,零跑汽车,0.03121149985064095
20260325,09868,小鹏汽车-W,0.13737967827104097
20260325,09973,奇瑞汽车,0.004583960652079617
20260326,00175,吉利汽车,0.13584915523812224
20260326,00179,德昌电机控股,0.007849266425148506
20260326,00187,京城机电股份,0.0003210067825086966
20260326,00189,东岳集团,0.013558068203774882
20260326,00425,敏实集团,0.020968706385705714
20260326,00564,中创智领,0.003378978877281854
20260326,00666,瑞浦兰钧,0.006394926966095409
20260326,00819,天能动力,0.0041302634370400685
20260326,00868,信义玻璃,0.01593183114265389
20260326,00881,中升控股,0.00806715067244773
20260326,01057,浙江世宝,0.0008124116864942812
20260326,01114,BRILLIANCE CHI,0.008656888032705576
20260326,01211,比亚迪股份,0.15921364462707505
20260326,01316,耐世特,0.0036890757188081835
20260326,01772,赣锋锂业,0.02163035212499413
20260326,01882,海天国际,0.009412290630475483
20260326,02015,理想汽车-W,0.10629149414816079
20260326,02050,三花智控,0.005920709151311404
20260326,02238,广汽集团,0.009262411205341579
20260326,02333,长城汽车,0.02958083935252032
20260326,02338,潍柴动力,0.05325950072478186
20260326,02382,舜宇光学科技,0.023832072586940194
20260326,02402,亿华通,0.0006348069984969307
20260326,02431,佑驾创新,0.00011233092576339958
20260326,02465,龙蟠科技,0.0010011979915928258
20260326,02473,喜相逢集团,0.0008125403751821467
20260326,02498,速腾聚创,0.008838682252430102
20260326,02533,黑芝麻智能,0.006476186723110862
20260326,02570,重塑能源,0.00011244531570816882
20260326,02582,国富氢能,0.00018845743400733281
20260326,03606,福耀玻璃,0.024872949590624853
20260326,03677,正力新能,0.00035217804245831613
20260326,03750,宁德时代,0.0345464782574671
20260326,03808,中国重汽,0.033837918342080206
20260326,03898,时代电气,0.01259193073025383
20260326,03931,中创新航,0.011519067438263073
20260326,06680,金力永磁,0.00255106735327134
20260326,09660,地平线,0.024675798520815057
20260326,09690,途虎-W,0.005838119611188008
20260326,09696,天齐锂业,0.007302654074068665
20260326,09863,零跑汽车,0.03254734238770737
20260326,09868,小鹏汽车-W,0.13869208853547232
20260326,09973,奇瑞汽车,0.004484714979650674
20260327,00175,吉利汽车,0.13625385404333926
20260327,00179,德昌电机控股,0.007836246965823667
20260327,00187,京城机电股份,0.0003123972967502028
20260327,00189,东岳集团,0.013637816565232535
20260327,00425,敏实集团,0.019733433638195106
20260327,00564,中创智领,0.00328962796648146
20260327,00666,瑞浦兰钧,0.006199271058902301
20260327,00819,天能动力,0.004048894117087492
20260327,00868,信义玻璃,0.015942520586032002
20260327,00881,中升控股,0.008546078355011527
20260327,01057,浙江世宝,0.0008206761417329652
20260327,01114,BRILLIANCE CHI,0.008710818677221194
20260327,01211,比亚迪股份,0.1623096742336469
20260327,01316,耐世特,0.0036305631784483024
20260327,01772,赣锋锂业,0.023044366537436915
20260327,01882,海天国际,0.009092956559678334
20260327,02015,理想汽车-W,0.1064441722460191
20260327,02050,三花智控,0.005782839833554159
20260327,02238,广汽集团,0.009124534016160653
20260327,02333,长城汽车,0.02887158930225009
20260327,02338,潍柴动力,0.053120936944223936
20260327,02382,舜宇光学科技,0.023828455608379318
20260327,02402,亿华通,0.000622880808259053
20260327,02431,佑驾创新,0.00010784742713034028
20260327,02465,龙蟠科技,0.001056240589822983
20260327,02473,喜相逢集团,0.0007818375588937508
20260327,02498,速腾聚创,0.009079447487386434
20260327,02533,黑芝麻智能,0.006139648205463985
20260327,02570,重塑能源,0.00011178757321547796
20260327,02582,国富氢能,0.00018026168339504943
20260327,03606,福耀玻璃,0.024733422732433622
20260327,03677,正力新能,0.00035292451362590473
20260327,03750,宁德时代,0.03482174462491956
20260327,03808,中国重汽,0.03310060438322959
20260327,03898,时代电气,0.012683555399263096
20260327,03931,中创新航,0.011858263657830399
20260327,06680,金力永磁,0.00255028769750598
20260327,09660,地平线,0.024303665370147533
20260327,09690,途虎-W,0.006054259611018929
20260327,09696,天齐锂业,0.007668087159690112
20260327,09863,零跑汽车,0.03357989501058598
20260327,09868,小鹏汽车-W,0.13514497028742878
20260327,09973,奇瑞汽车,0.004486644347146291
20260330,00175,吉利汽车,0.13854566107776084
20260330,00179,德昌电机控股,0.0075994332252321845
20260330,00187,京城机电股份,0.0003123526490608244
20260330,00189,东岳集团,0.013570121705427705
20260330,00425,敏实集团,0.01962024310075113
20260330,00564,中创智领,0.003300791955271146
20260330,00666,瑞浦兰钧,0.006356326602726197
20260330,00819,天能动力,0.004088845593190936
20260330,00868,信义玻璃,0.015792777619539657
20260330,00881,中升控股,0.008340356477106896
20260330,01057,浙江世宝,0.0008283108426666273
20260330,01114,BRILLIANCE CHI,0.00819438319810617
20260330,01211,比亚迪股份,0.16321457602132264
20260330,01316,耐世特,0.00350072611104812
20260330,01772,赣锋锂业,0.023334948564142192
20260330,01882,海天国际,0.009258559423833536
20260330,02015,理想汽车-W,0.10547593981412133
20260330,02050,三花智控,0.005714502387209551
20260330,02238,广汽集团,0.00870541774630992
20260330,02333,长城汽车,0.02805965592364902
20260330,02338,潍柴动力,0.05582099016461417
20260330,02382,舜宇光学科技,0.02367327130817049
20260330,02402,亿华通,0.0006323896001942159
20260330,02431,佑驾创新,0.00010553108179658652
20260330,02465,龙蟠科技,0.0011048318757668524
20260330,02473,喜相逢集团,0.0007445092595085774
20260330,02498,速腾聚创,0.009299257764440091
20260330,02533,黑芝麻智能,0.006018003858697899
20260330,02570,重塑能源,0.00011406919521054983
20260330,02582,国富氢能,0.0001785888722420659
20260330,03606,福耀玻璃,0.024612739849373504
20260330,03677,正力新能,0.0003603083860692517
20260330,03750,宁德时代,0.03521331424753818
20260330,03808,中国重汽,0.03435190398520342
20260330,03898,时代电气,0.012513686702529
20260330,03931,中创新航,0.01239904829975752
20260330,06680,金力永磁,0.002556823442945453
20260330,09660,地平线,0.02424397303894882
20260330,09690,途虎-W,0.005986540910767445
20260330,09696,天齐锂业,0.007757559085658785
20260330,09863,零跑汽车,0.03340309190188773
20260330,09868,小鹏汽车-W,0.1307163818394248
20260330,09973,奇瑞汽车,0.004379255290777874
20260331,00175,吉利汽车,0.13789941754499854
20260331,00179,德昌电机控股,0.007831554782419346
20260331,00187,京城机电股份,0.00031095275243589183
20260331,00189,东岳集团,0.013504981759583859
20260331,00425,敏实集团,0.019036845688337092
20260331,00564,中创智领,0.00314652367043943
20260331,00666,瑞浦兰钧,0.006428000835436039
20260331,00819,天能动力,0.004194738167441463
20260331,00868,信义玻璃,0.015571559289354078
20260331,00881,中升控股,0.00837450721400985
20260331,01057,浙江世宝,0.0008733578097020355
20260331,01114,BRILLIANCE CHI,0.008670114809685997
20260331,01211,比亚迪股份,0.1652557679674611
20260331,01316,耐世特,0.0036229611388460883
20260331,01772,赣锋锂业,0.023141248465466252
20260331,01882,海天国际,0.009207614720919834
20260331,02015,理想汽车-W,0.1046356011946776
20260331,02050,三花智控,0.005779208764667588
20260331,02238,广汽集团,0.008876992399027532
20260331,02333,长城汽车,0.029601544998399468
20260331,02338,潍柴动力,0.055241985818327205
20260331,02382,舜宇光学科技,0.024196246071347002
20260331,02402,亿华通,0.0006172773708820401
20260331,02431,佑驾创新,0.00010795122531076729
20260331,02465,龙蟠科技,0.0010803800282307497
20260331,02473,喜相逢集团,0.0007851629313599858
20260331,02498,速腾聚创,0.009353458793271626
20260331,02533,黑芝麻智能,0.006046657057599891
20260331,02570,重塑能源,0.00011084380905435698
20260331,02582,国富氢能,0.0001679144863153816
20260331,03606,福耀玻璃,0.025333248426358517
20260331,03677,正力新能,0.0003456059056840963
20260331,03750,宁德时代,0.034745715927999375
20260331,03808,中国重汽,0.03332025065915837
20260331,03898,时代电气,0.012926291455841307
20260331,03931,中创新航,0.01229521646050234
20260331,06680,金力永磁,0.002519281348560724
20260331,09660,地平线,0.024138972913223925
20260331,09690,途虎-W,0.006058834835160404
20260331,09696,天齐锂业,0.007567866848353709
20260331,09863,零跑汽车,0.033230956598993756
20260331,09868,小鹏汽车-W,0.1292828733862438
20260331,09973,奇瑞汽车,0.004563513668911712
20260401,00175,吉利汽车,0.14108580360542583
20260401,00179,德昌电机控股,0.00808867360616146
20260401,00187,京城机电股份,0.0003097098060875586
20260401,00189,东岳集团,0.013730361353394274
20260401,00425,敏实集团,0.020203519013293793
20260401,00564,中创智领,0.0031108366486782115
20260401,00666,瑞浦兰钧,0.006225334136862087
20260401,00819,天能动力,0.004086373819457558
20260401,00868,信义玻璃,0.015262638439413353
20260401,00881,中升控股,0.008374789788818976
20260401,01057,浙江世宝,0.0008388472698454216
20260401,01114,BRILLIANCE CHI,0.008797874263247352
20260401,01211,比亚迪股份,0.15709093824602224
20260401,01316,耐世特,0.0036611874942103413
20260401,01772,赣锋锂业,0.021548912330479994
20260401,01882,海天国际,0.009091854987048216
20260401,02015,理想汽车-W,0.10641461902666353
20260401,02050,三花智控,0.005875939716969781
20260401,02238,广汽集团,0.008603947206240076
20260401,02333,长城汽车,0.029022133393892625
20260401,02338,潍柴动力,0.056699861758070166
20260401,02382,舜宇光学科技,0.02502991135548569
20260401,02402,亿华通,0.0005897988271254846
20260401,02431,佑驾创新,0.00011035412776009728
20260401,02465,龙蟠科技,0.0009946904603603118
20260401,02473,喜相逢集团,0.0007363437636868247
20260401,02498,速腾聚创,0.009070084823600083
20260401,02533,黑芝麻智能,0.005692647189933332
20260401,02570,重塑能源,0.0001085724264037284
20260401,02582,国富氢能,0.00017162795096897066
20260401,03606,福耀玻璃,0.025621561481676776
20260401,03677,正力新能,0.0003483643737956552
20260401,03750,宁德时代,0.034336029850179105
20260401,03808,中国重汽,0.034751806565138
20260401,03898,时代电气,0.012641282479771952
20260401,03931,中创新航,0.012040849122675642
20260401,06680,金力永磁,0.0025907051284951195
20260401,09660,地平线,0.024462202841270805
20260401,09690,途虎-W,0.005975199969878113
20260401,09696,天齐锂业,0.007305755055455804
20260401,09863,零跑汽车,0.03409744890292783
20260401,09868,小鹏集团-W,0.13062787086200733
20260401,09973,奇瑞汽车,0.004572736531120721
20260402,00175,吉利汽车,0.15099078193458593
20260402,00179,德昌电机控股,0.007767577921013552
20260402,00187,京城机电股份,0.0003014978426621986
20260402,00189,东岳集团,0.013277564833523447
20260402,00425,敏实集团,0.019697343908874957
20260402,00564,中创智领,0.002986953615709083
20260402,00666,瑞浦兰钧,0.0058516798680176285
20260402,00819,天能动力,0.003981040987741705
20260402,00868,信义玻璃,0.015055450006779904
20260402,00881,中升控股,0.008194669967973753
20260402,01057,浙江世宝,0.0008211228201895703
20260402,01114,BRILLIANCE CHI,0.008807241831916345
20260402,01211,比亚迪股份,0.1537928766670847
20260402,01316,耐世特,0.003622113670426871
20260402,01772,赣锋锂业,0.0221544340390816
20260402,01882,海天国际,0.008907501938313762
20260402,02015,理想汽车-W,0.10546560118662926
20260402,02050,三花智控,0.005819391311869823
20260402,02238,广汽集团,0.00854854702394239
20260402,02333,长城汽车,0.030140822122109605
20260402,02338,潍柴动力,0.05543437304737889
20260402,02382,舜宇光学科技,0.025816459952524507
20260402,02402,亿华通,0.0005846712397841043
20260402,02431,佑驾创新,0.00010277143854224509
20260402,02465,龙蟠科技,0.0009860428300522066
20260402,02473,喜相逢集团,0.0007045528533790326
20260402,02498,速腾聚创,0.008628054143824294
20260402,02533,黑芝麻智能,0.005639458503251284
20260402,02570,重塑能源,0.00010553114419590366
20260402,02582,国富氢能,0.0001650303980887824
20260402,03606,福耀玻璃,0.02566967810807054
20260402,03677,正力新能,0.00036345323458683343
20260402,03750,宁德时代,0.03358009839371746
20260402,03808,中国重汽,0.03498191847754986
20260402,03898,时代电气,0.012386138511806923
20260402,03931,中创新航,0.01208143941058648
20260402,06680,金力永磁,0.0024638652075863695
20260402,09660,地平线,0.023107125826309336
20260402,09690,途虎-W,0.005807165815824115
20260402,09696,天齐锂业,0.00729257738390584
20260402,09863,零跑汽车,0.03591777606029029
20260402,09868,小鹏集团-W,0.12703477064921123
20260402,09973,奇瑞汽车,0.004962833871087277
20260408,00175,吉利汽车,0.14764127344183584
20260408,00179,德昌电机控股,0.00809823567514029
20260408,00187,京城机电股份,0.00030225281783949413
20260408,00189,东岳集团,0.013857141532350799
20260408,00425,敏实集团,0.020220767009536116
20260408,00564,中创智领,0.003035848700809461
20260408,00666,瑞浦兰钧,0.005970161853254433
20260408,00819,天能动力,0.004073512047293119
20260408,00868,信义玻璃,0.0154911256151985
20260408,00881,中升控股,0.008040898583076505
20260408,01057,浙江世宝,0.0008305265481341853
20260408,01114,BRILLIANCE CHI,0.008880615756715969
20260408,01211,比亚迪股份,0.1535412216980258
20260408,01316,耐世特,0.0036845420935743647
20260408,01772,赣锋锂业,0.022965463327851515
20260408,01882,海天国际,0.008973698925395743
20260408,02015,理想汽车-W,0.10485497975332753
20260408,02050,三花智控,0.005944216257386796
20260408,02238,广汽集团,0.00881658095619316
20260408,02333,长城汽车,0.029684984811033592
20260408,02338,潍柴动力,0.05570372318578504
20260408,02382,舜宇光学科技,0.026455948413158136
20260408,02402,亿华通,0.0005666839113935862
20260408,02431,佑驾创新,0.0001103089044929269
20260408,02465,龙蟠科技,0.0010094709155099566
20260408,02473,喜相逢集团,0.0007120996144187551
20260408,02498,速腾聚创,0.008694502915430377
20260408,02533,黑芝麻智能,0.005928327923422488
20260408,02570,重塑能源,0.00010576173820684601
20260408,02582,国富氢能,0.00017881062719088658
20260408,03606,福耀玻璃,0.025041512217817207
20260408,03677,正力新能,0.0003735363363830563
20260408,03750,宁德时代,0.03309467745065134
20260408,03808,中国重汽,0.03434263386384775
20260408,03898,时代电气,0.012300820374865663
20260408,03931,中创新航,0.011858608453544296
20260408,06680,金力永磁,0.0025895577038491106
20260408,09660,地平线,0.024154071196603476
20260408,09690,途虎-W,0.005813685836939297
20260408,09696,天齐锂业,0.007537810804399307
20260408,09863,零跑汽车,0.034513794552463235
20260408,09868,小鹏集团-W,0.1290786707405746
20260408,09973,奇瑞汽车,0.00492693491507957
20260409,00175,吉利汽车,0.15289076431486998
20260409,00179,德昌电机控股,0.008051538406623392
20260409,00187,京城机电股份,0.00029717585496448983
20260409,00189,东岳集团,0.01391774935153331
20260409,00425,敏实集团,0.020727213980672468
20260409,00564,中创智领,0.0029940770628340677
20260409,00666,瑞浦兰钧,0.0060802179925734615
20260409,00819,天能动力,0.004147254153726658
20260409,00868,信义玻璃,0.015255027221510474
20260409,00881,中升控股,0.007899122908038656
20260409,01057,浙江世宝,0.0008194775820979972
20260409,01114,BRILLIANCE CHI,0.00879895252856288
20260409,01211,比亚迪股份,0.1490562658477785
20260409,01316,耐世特,0.0036316102439333986
20260409,01772,赣锋锂业,0.022934428679957927
20260409,01882,海天国际,0.009274474328595175
20260409,02015,理想汽车-W,0.10494148728712017
20260409,02050,三花智控,0.005905942211142812
20260409,02238,广汽集团,0.00867164535731596
20260409,02333,长城汽车,0.02923118746444588
20260409,02338,潍柴动力,0.05915676910464393
20260409,02382,舜宇光学科技,0.025858881685343168
20260409,02402,亿华通,0.0005710628266011503
20260409,02431,佑驾创新,0.00011374894403175938
20260409,02465,龙蟠科技,0.001009184944205941
20260409,02473,喜相逢集团,0.000709825756429467
20260409,02498,速腾聚创,0.009131614280403627
20260409,02533,黑芝麻智能,0.005764645537063552
20260409,02570,重塑能源,0.00010593207347033514
20260409,02582,国富氢能,0.00018005757017349586
20260409,03606,福耀玻璃,0.024848349004833535
20260409,03677,正力新能,0.00036550608556176707
20260409,03750,宁德时代,0.03332412784513367
20260409,03808,中国重汽,0.03405562520132654
20260409,03898,时代电气,0.012300897062717893
20260409,03931,中创新航,0.012293107146882545
20260409,06680,金力永磁,0.0027298937925840034
20260409,09660,地平线,0.023792936705410897
20260409,09690,途虎-W,0.005784834626892885
20260409,09696,天齐锂业,0.00758991176788218
20260409,09863,零跑汽车,0.035475586693535316
20260409,09868,小鹏集团-W,0.12426418483362418
20260409,09973,奇瑞汽车,0.00504770373295058
20260410,00175,吉利汽车,0.15237580276764845
20260410,00179,德昌电机控股,0.008020496262269564
20260410,00187,京城机电股份,0.0002976600467469151
20260410,00189,东岳集团,0.013654632085765997
20260410,00425,敏实集团,0.02062506307912491
20260410,00564,中创智领,0.0029533829838228913
20260410,00666,瑞浦兰钧,0.006259909847106323
20260410,00819,天能动力,0.004273683887173508
20260410,00868,信义玻璃,0.01469658777206972
20260410,00881,中升控股,0.007594749790073598
20260410,01057,浙江世宝,0.0007943951327581668
20260410,01114,BRILLIANCE CHI,0.00856276672076539
20260410,01211,比亚迪股份,0.14887764898093703
20260410,01316,耐世特,0.0036116085671959028
20260410,01772,赣锋锂业,0.0232578992659399
20260410,01882,海天国际,0.009019655048518788
20260410,02015,理想汽车-W,0.10552379390563414
20260410,02050,三花智控,0.005812282054140607
20260410,02238,广汽集团,0.00849378896593257
20260410,02333,长城汽车,0.030030525236233934
20260410,02338,潍柴动力,0.06015680440217249
20260410,02382,舜宇光学科技,0.026045518677063288
20260410,02402,亿华通,0.0005605534000337905
20260410,02431,佑驾创新,0.00012358845140931913
20260410,02465,龙蟠科技,0.0010342694424299475
20260410,02473,喜相逢集团,0.0006951354291696289
20260410,02498,速腾聚创,0.008983459586834362
20260410,02533,黑芝麻智能,0.00576846649525946
20260410,02570,重塑能源,0.00010858638505327462
20260410,02582,国富氢能,0.00017595016096595424
20260410,03606,福耀玻璃,0.024530892065860874
20260410,03677,正力新能,0.0003631452570312364
20260410,03750,宁德时代,0.03461984783697787
20260410,03808,中国重汽,0.03482765423761345
20260410,03898,时代电气,0.012177391576434994
20260410,03931,中创新航,0.01295032872715656
20260410,06680,金力永磁,0.0026181383951733995
20260410,09660,地平线,0.02406525914740082
20260410,09690,途虎-W,0.005730194027915513
20260410,09696,天齐锂业,0.007623669117281988
20260410,09863,零跑汽车,0.03524149430793954
20260410,09868,小鹏集团-W,0.12179455352759107
20260410,09973,奇瑞汽车,0.005068766945373045
20260413,00175,吉利汽车,0.15090775869985187
20260413,00179,德昌电机控股,0.007861551463218975
20260413,00187,京城机电股份,0.00029933263198909937
20260413,00189,东岳集团,0.01336522827556171
20260413,00425,敏实集团,0.02057465471701917
20260413,00564,中创智领,0.002862591480007334
20260413,00666,瑞浦兰钧,0.0059924817489312495
20260413,00819,天能动力,0.0041531614971034945
20260413,00868,信义玻璃,0.014440160640007828
20260413,00881,中升控股,0.00741626791588677
20260413,01057,浙江世宝,0.0007782385859232384
20260413,01114,BRILLIANCE CHI,0.00829033232991915
20260413,01211,比亚迪股份,0.15639342303977843
20260413,01316,耐世特,0.0034917807952738952
20260413,01772,赣锋锂业,0.02306633630584422
20260413,01882,海天国际,0.008725546222482249
20260413,02015,理想汽车-W,0.10366197568451449
20260413,02050,三花智控,0.00560025097203185
20260413,02238,广汽集团,0.008337201518349022
20260413,02333,长城汽车,0.029805810515078798
20260413,02338,潍柴动力,0.05921710587264565
20260413,02382,舜宇光学科技,0.02548768129046394
20260413,02402,亿华通,0.0005562860650281632
20260413,02431,佑驾创新,0.00010912512443392082
20260413,02465,龙蟠科技,0.0010240326883837613
20260413,02473,喜相逢集团,0.0007051121490732697
20260413,02498,速腾聚创,0.008865707414548724
20260413,02533,黑芝麻智能,0.005934545130292307
20260413,02570,重塑能源,0.0001144290886147803
20260413,02582,国富氢能,0.0001750045607199428
20260413,03606,福耀玻璃,0.024482914858108426
20260413,03677,正力新能,0.00035014040768198613
20260413,03750,宁德时代,0.034893913856676666
20260413,03808,中国重汽,0.03648092820843571
20260413,03898,时代电气,0.011854990118183022
20260413,03931,中创新航,0.012830867012964329
20260413,06680,金力永磁,0.0025792495123060735
20260413,09660,地平线,0.02328583377401202
20260413,09690,途虎-W,0.005622464604195252
20260413,09696,天齐锂业,0.00803708116890732
20260413,09863,零跑汽车,0.03574044754574057
20260413,09868,小鹏集团-W,0.12068927613997864
20260413,09973,奇瑞汽车,0.004938778369832779
20260414,00175,吉利汽车,0.15028671131617669
20260414,00179,德昌电机控股,0.00793935982251424
20260414,00187,京城机电股份,0.0003047018897400608
20260414,00189,东岳集团,0.01358080672398493
20260414,00425,敏实集团,0.020231626347718502
20260414,00564,中创智领,0.0029941073813420753
20260414,00666,瑞浦兰钧,0.00616932482760092
20260414,00819,天能动力,0.004143103328069865
20260414,00868,信义玻璃,0.014332031793398061
20260414,00881,中升控股,0.007407243710271858
20260414,01057,浙江世宝,0.0007903558995728366
20260414,01114,BRILLIANCE CHI,0.008425698259917923
20260414,01211,比亚迪股份,0.15579453689649658
20260414,01316,耐世特,0.0035663546409631813
20260414,01772,赣锋锂业,0.023939565361378607
20260414,01882,海天国际,0.00894867989650244
20260414,02015,理想汽车-W,0.10305189017901584
20260414,02050,三花智控,0.005790204601593459
20260414,02238,广汽集团,0.008384974819448993
20260414,02333,长城汽车,0.02975048705906066
20260414,02338,潍柴动力,0.05859789826244766
20260414,02382,舜宇光学科技,0.025645303650832743
20260414,02402,亿华通,0.0005577031737393459
20260414,02431,佑驾创新,0.00011466794226416458
20260414,02465,龙蟠科技,0.0010961370789439424
20260414,02473,喜相逢集团,0.000612839079403325
20260414,02498,速腾聚创,0.008922934890181424
20260414,02533,黑芝麻智能,0.006077769477923519
20260414,02570,重塑能源,0.00011572090775786673
20260414,02582,国富氢能,0.00017966223736293004
20260414,03606,福耀玻璃,0.02512165074874599
20260414,03677,正力新能,0.0003015429932589544
20260414,03750,宁德时代,0.03372516855641287
20260414,03808,中国重汽,0.03555748646027867
20260414,03898,时代电气,0.012128267149560152
20260414,03931,中创新航,0.013170492395226541
20260414,06680,金力永磁,0.002560759432408954
20260414,09660,地平线,0.023634652878539806
20260414,09690,途虎-W,0.00557745292359094
20260414,09696,天齐锂业,0.008530205085167863
20260414,09863,零跑汽车,0.03578990226887608
20260414,09868,小鹏集团-W,0.12117691427382779
20260414,09973,奇瑞汽车,0.004973103378480589
20260415,00175,吉利汽车,0.14868143971978953
20260415,00179,德昌电机控股,0.008030095712925681
20260415,00187,京城机电股份,0.0003146370716061936
20260415,00189,东岳集团,0.013703591541043355
20260415,00425,敏实集团,0.01963686793070194
20260415,00564,中创智领,0.0030425199179174084
20260415,00666,瑞浦兰钧,0.006113790095370007
20260415,00819,天能动力,0.004135390326937122
20260415,00868,信义玻璃,0.014422948940560617
20260415,00881,中升控股,0.007288437833415962
20260415,01057,浙江世宝,0.0007932027015282192
20260415,01114,BRILLIANCE CHI,0.008635226581990544
20260415,01211,比亚迪股份,0.15590038551854637
20260415,01316,耐世特,0.003498304338936957
20260415,01772,赣锋锂业,0.02314432614930047
20260415,01882,海天国际,0.009193539796652073
20260415,02015,理想汽车-W,0.10192120571404265
20260415,02050,三花智控,0.005874453866085658
20260415,02238,广汽集团,0.008349593487955382
20260415,02333,长城汽车,0.02940207452284935
20260415,02338,潍柴动力,0.06023178037264117
20260415,02382,舜宇光学科技,0.025893060612083685
20260415,02402,亿华通,0.0005658179270901297
20260415,02431,佑驾创新,0.00011099496389061546
20260415,02465,龙蟠科技,0.001068019395087996
20260415,02473,喜相逢集团,0.0006182707926053291
20260415,02498,速腾聚创,0.009138122436191767
20260415,02533,黑芝麻智能,0.006169781659806165
20260415,02570,重塑能源,0.00011783199727752536
20260415,02582,国富氢能,0.00019215802819850297
20260415,03606,福耀玻璃,0.02506373647440001
20260415,03677,正力新能,0.00030486225043584587
20260415,03750,宁德时代,0.034007564309459865
20260415,03808,中国重汽,0.034282220760049636
20260415,03898,时代电气,0.01239559494479099
20260415,03931,中创新航,0.013107340803232979
20260415,06680,金力永磁,0.0025557952501059256
20260415,09660,地平线,0.0241565075461319
20260415,09690,途虎-W,0.005787602176342568
20260415,09696,天齐锂业,0.008190018196991371
20260415,09863,零跑汽车,0.03527982672340096
20260415,09868,小鹏集团-W,0.12376165484677801
20260415,09973,奇瑞汽车,0.004919405764851681
20260416,00175,吉利汽车,0.14835744323416472
20260416,00179,德昌电机控股,0.007746325383523874
20260416,00187,京城机电股份,0.00030128656445211726
20260416,00189,东岳集团,0.013305871145587343
20260416,00425,敏实集团,0.01927450667425975
20260416,00564,中创智领,0.0029353919565192
20260416,00666,瑞浦兰钧,0.006110831048656229
20260416,00819,天能动力,0.0040749986045280195
20260416,00868,信义玻璃,0.014158981660489876
20260416,00881,中升控股,0.0071095412304396435
20260416,01057,浙江世宝,0.0008113608052570263
20260416,01114,BRILLIANCE CHI,0.008664610312390358
20260416,01211,比亚迪股份,0.15917321353132635
20260416,01316,耐世特,0.0034889245017723533
20260416,01772,赣锋锂业,0.023996301014853533
20260416,01882,海天国际,0.0089795134644307
20260416,02015,理想汽车-W,0.1002495175766271
20260416,02050,三花智控,0.005871044767206755
20260416,02238,广汽集团,0.008290858459968718
20260416,02333,长城汽车,0.029021252244286557
20260416,02338,潍柴动力,0.05961725501752634
20260416,02382,舜宇光学科技,0.02586179959985727
20260416,02402,亿华通,0.0005526456410807408
20260416,02431,佑驾创新,0.0001226901495449427
20260416,02465,龙蟠科技,0.0012755768832648081
20260416,02473,喜相逢集团,0.0005926737132150935
20260416,02498,速腾聚创,0.009136260734196306
20260416,02533,黑芝麻智能,0.006103048464543305
20260416,02570,重塑能源,0.00011508885907902521
20260416,02582,国富氢能,0.00018703243871183382
20260416,03606,福耀玻璃,0.02471658458722878
20260416,03677,正力新能,0.0003018343582056666
20260416,03750,宁德时代,0.03619155945324492
20260416,03808,中国重汽,0.03314324372724405
20260416,03898,时代电气,0.012081669490780409
20260416,03931,中创新航,0.013002667302997803
20260416,06680,金力永磁,0.002556944729067137
20260416,09660,地平线,0.024120650196909225
20260416,09690,途虎-W,0.0057998576646621815
20260416,09696,天齐锂业,0.008408242835729282
20260416,09863,零跑汽车,0.03576062836711946
20260416,09868,小鹏集团-W,0.12356075033183359
20260416,09973,奇瑞汽车,0.004869521273217614
20260417,00175,吉利汽车,0.1504225390840284
20260417,00179,德昌电机控股,0.007761241278609423
20260417,00187,京城机电股份,0.00030635230436734174
20260417,00189,东岳集团,0.01319810527121383
20260417,00425,敏实集团,0.019151696660294357
20260417,00564,中创智领,0.0029144711182109064
20260417,00666,瑞浦兰钧,0.006146652634826343
20260417,00819,天能动力,0.004142462918547197
20260417,00868,信义玻璃,0.014115567834688826
20260417,00881,中升控股,0.0070147562420794
20260417,01057,浙江世宝,0.0008154110109018742
20260417,01114,BRILLIANCE CHI,0.008782059862534199
20260417,01211,比亚迪股份,0.15795920106476094
20260417,01316,耐世特,0.003471623842420312
20260417,01772,赣锋锂业,0.02366839560092374
20260417,01882,海天国际,0.009033874868502555
20260417,02015,理想汽车-W,0.10071084947766384
20260417,02050,三花智控,0.0059724073499681195
20260417,02238,广汽集团,0.008402459710425867
20260417,02333,长城汽车,0.02851282167207722
20260417,02338,潍柴动力,0.05765238086489563
20260417,02382,舜宇光学科技,0.026230081946579772
20260417,02402,亿华通,0.0005583122512108818
20260417,02431,佑驾创新,0.00011616352323881652
20260417,02465,龙蟠科技,0.0012657291336570686
20260417,02473,喜相逢集团,0.0006148391925328558
20260417,02498,速腾聚创,0.009175442574228263
20260417,02533,黑芝麻智能,0.006230573401558198
20260417,02570,重塑能源,0.00011579458282925586
20260417,02582,国富氢能,0.00018868666660388527
20260417,03606,福耀玻璃,0.024989915112727978
20260417,03677,正力新能,0.0003118073518515602
20260417,03750,宁德时代,0.03556058490436911
20260417,03808,中国重汽,0.03173770343916064
20260417,03898,时代电气,0.01206786950296792
20260417,03931,中创新航,0.012975370675384776
20260417,06680,金力永磁,0.00261257245164469
20260417,09660,地平线,0.02480014797778181
20260417,09690,途虎-W,0.005757499561399029
20260417,09696,天齐锂业,0.008704753670288041
20260417,09863,零跑汽车,0.03625564228309501
20260417,09868,小鹏集团-W,0.12473657835933462
20260417,09973,奇瑞汽车,0.004838600765615387
20260420,00175,吉利汽车,0.14637986927943977
20260420,00179,德昌电机控股,0.007768073339850493
20260420,00187,京城机电股份,0.00030118948491193335
20260420,00189,东岳集团,0.013397158225535189
20260420,00425,敏实集团,0.01931008467236851
20260420,00564,中创智领,0.0029604310995965657
20260420,00666,瑞浦兰钧,0.0059912425677131256
20260420,00819,天能动力,0.004165241768495859
20260420,00868,信义玻璃,0.014078314697190012
20260420,00881,中升控股,0.007055160676443531
20260420,01057,浙江世宝,0.0008171979406801722
20260420,01114,BRILLIANCE CHI,0.008557021584007283
20260420,01211,比亚迪股份,0.15681943060264975
20260420,01316,耐世特,0.0035126381865608902
20260420,01772,赣锋锂业,0.02337916146833143
20260420,01882,海天国际,0.008928907812948571
20260420,02015,理想汽车-W,0.10323563560933963
20260420,02050,三花智控,0.005963836539214705
20260420,02238,广汽集团,0.008463598532555475
20260420,02333,长城汽车,0.02898113033640129
20260420,02338,潍柴动力,0.0579167816933319
20260420,02382,舜宇光学科技,0.027417694845328106
20260420,02402,亿华通,0.0005585609617773301
20260420,02431,佑驾创新,0.0001283693629233371
20260420,02465,龙蟠科技,0.0012963486496078223
20260420,02473,喜相逢集团,0.0006063863929424428
20260420,02498,速腾聚创,0.009015963807274482
20260420,02533,黑芝麻智能,0.006284957681216397
20260420,02570,重塑能源,0.00011832444050111668
20260420,02582,国富氢能,0.00019153900629247157
20260420,03606,福耀玻璃,0.025060763212151057
20260420,03677,正力新能,0.0003266577134155159
20260420,03750,宁德时代,0.03609053623038739
20260420,03808,中国重汽,0.0329655371366714
20260420,03898,时代电气,0.012063635453577417
20260420,03931,中创新航,0.012596886374605848
20260420,06680,金力永磁,0.0026492757861397522
20260420,09660,地平线,0.02547637517294865
20260420,09690,途虎-W,0.005781287870313249
20260420,09696,天齐锂业,0.008723659201250443
20260420,09863,零跑汽车,0.03457054964259982
20260420,09868,小鹏集团-W,0.12524449565275003
20260420,09973,奇瑞汽车,0.0048500892877598985
20260421,00175,吉利汽车,0.1477038608298349
20260421,00179,德昌电机控股,0.007781758893415577
20260421,00187,京城机电股份,0.0002881066008155534
20260421,00189,东岳集团,0.01349715563361389
20260421,00425,敏实集团,0.019556628183707344
20260421,00564,中创智领,0.0029715243514787577
20260421,00666,瑞浦兰钧,0.005934222536261299
20260421,00819,天能动力,0.004150797559848242
20260421,00868,信义玻璃,0.01423608073097108
20260421,00881,中升控股,0.0071793697279611155
20260421,01057,浙江世宝,0.0008196891264403061
20260421,01114,BRILLIANCE CHI,0.00833858346656647
20260421,01211,比亚迪股份,0.15456183181404734
20260421,01316,耐世特,0.0034857439262257067
20260421,01772,赣锋锂业,0.023401180120572993
20260421,01882,海天国际,0.009009950900508205
20260421,02015,理想汽车-W,0.10329475975343282
20260421,02050,三花智控,0.0059210293243443
20260421,02238,广汽集团,0.00841301659545452
20260421,02333,长城汽车,0.02935583043161704
20260421,02338,潍柴动力,0.058676250966443896
20260421,02382,舜宇光学科技,0.026658377628994277
20260421,02402,亿华通,0.000557350723177493
20260421,02431,佑驾创新,0.00011185949565518268
20260421,02465,龙蟠科技,0.0011751560844113383
20260421,02473,喜相逢集团,0.0006029284692317272
20260421,02498,速腾聚创,0.008897512639823763
20260421,02533,黑芝麻智能,0.006102130163500057
20260421,02570,重塑能源,0.00011854160099300404
20260421,02582,国富氢能,0.00018704633445633793
20260421,03606,福耀玻璃,0.025224947650275612
20260421,03677,正力新能,0.000335420641957568
20260421,03750,宁德时代,0.037859125164010674
20260421,03808,中国重汽,0.03381608312961013
20260421,03898,时代电气,0.011967177125014106
20260421,03931,中创新航,0.012541706646560092
20260421,06680,金力永磁,0.002628698147896793
20260421,09660,地平线,0.02578623134490194
20260421,09690,途虎-W,0.005883120214927763
20260421,09696,天齐锂业,0.00883221742152269
20260421,09863,零跑汽车,0.03420738090439263
20260421,09868,小鹏集团-W,0.12281065077133066
20260421,09973,奇瑞汽车,0.005118966223795097
20260422,00175,吉利汽车,0.15267613814229491
20260422,00179,德昌电机控股,0.006604331630519173
20260422,00187,京城机电股份,0.00028546241799381697
20260422,00189,东岳集团,0.013271755741756057
20260422,00425,敏实集团,0.0188977706614229
20260422,00564,中创智领,0.0029695624507387356
20260422,00666,瑞浦兰钧,0.005951177759126099
20260422,00819,天能动力,0.0041703944732467075
20260422,00868,信义玻璃,0.013939526346218627
20260422,00881,中升控股,0.007082454748953448
20260422,01057,浙江世宝,0.0008121405791924094
20260422,01114,BRILLIANCE CHI,0.00834541449493313
20260422,01211,比亚迪股份,0.15379287769416888
20260422,01316,耐世特,0.0033832582873341266
20260422,01772,赣锋锂业,0.022854504444312848
20260422,01882,海天国际,0.00896003093989704
20260422,02015,理想汽车-W,0.10442175602655769
20260422,02050,三花智控,0.005825124956217533
20260422,02238,广汽集团,0.008431766876376258
20260422,02333,长城汽车,0.02920871284691762
20260422,02338,潍柴动力,0.061267424325333705
20260422,02382,舜宇光学科技,0.02694970071578248
20260422,02402,亿华通,0.0005599821099645376
20260422,02431,佑驾创新,0.00010858144565912963
20260422,02465,龙蟠科技,0.0012814090763278005
20260422,02473,喜相逢集团,0.0006113389134980548
20260422,02498,速腾聚创,0.008571802051425447
20260422,02533,黑芝麻智能,0.005992807695083531
20260422,02570,重塑能源,0.00011656382068080859
20260422,02582,国富氢能,0.00018039638914887042
20260422,03606,福耀玻璃,0.025483732256710065
20260422,03677,正力新能,0.0003144051353737456
20260422,03750,宁德时代,0.03611793419887741
20260422,03808,中国重汽,0.033583226164882594
20260422,03898,时代电气,0.01194660219304124
20260422,03931,中创新航,0.012453826619087663
20260422,06680,金力永磁,0.0025196023143759815
20260422,09660,地平线,0.025441163995212002
20260422,09690,途虎-W,0.005825785748851778
20260422,09696,天齐锂业,0.00885131733571106
20260422,09863,零跑汽车,0.03420797916885582
20260422,09868,小鹏集团-W,0.12049355447666328
20260422,09973,奇瑞汽车,0.005236702331275092
20260423,00175,吉利汽车,0.14866622313175365
20260423,00179,德昌电机控股,0.006624348159012749
20260423,00187,京城机电股份,0.00028728588777581827
20260423,00189,东岳集团,0.013359616774909064
20260423,00425,敏实集团,0.019203114300363998
20260423,00564,中创智领,0.0030039256673182954
20260423,00666,瑞浦兰钧,0.006015537140147899
20260423,00819,天能动力,0.004185961745370853
20260423,00868,信义玻璃,0.014422964971393176
20260423,00881,中升控股,0.007145772249373793
20260423,01057,浙江世宝,0.0008354810670682897
20260423,01114,BRILLIANCE CHI,0.008450196278196702
20260423,01211,比亚迪股份,0.15161577682627778
20260423,01316,耐世特,0.003489219670178389
20260423,01772,赣锋锂业,0.02263748588590239
20260423,01882,海天国际,0.009231291769275231
20260423,02015,理想汽车-W,0.10667796025730097
20260423,02050,三花智控,0.005779508093374936
20260423,02238,广汽集团,0.00849084262663527
20260423,02333,长城汽车,0.029514712009752364
20260423,02338,潍柴动力,0.06731813404215124
20260423,02382,舜宇光学科技,0.02693058639978133
20260423,02402,亿华通,0.0005763946037613984
20260423,02431,佑驾创新,0.00010936969258570858
20260423,02465,龙蟠科技,0.0013646725821142142
20260423,02473,喜相逢集团,0.0006194895274071105
20260423,02498,速腾聚创,0.008654244212125264
20260423,02533,黑芝麻智能,0.005981991659810044
20260423,02570,重塑能源,0.00011813015054904145
20260423,02582,国富氢能,0.00018500346009522843
20260423,03606,福耀玻璃,0.025717113336708182
20260423,03677,正力新能,0.00032525240668212585
20260423,03750,宁德时代,0.03711019774358735
20260423,03808,中国重汽,0.03426854459652463
20260423,03898,时代电气,0.01221458138887555
20260423,03931,中创新航,0.012465560347607681
20260423,06680,金力永磁,0.002552285970360819
20260423,09660,地平线,0.025785183727466743
20260423,09690,途虎-W,0.005974632330993021
20260423,09696,天齐锂业,0.008847110319274537
20260423,09863,零跑汽车,0.03228906198628807
20260423,09868,小鹏集团-W,0.11582508905542847
20260423,09973,奇瑞汽车,0.0051301459484406845
20260424,00175,吉利汽车,0.14540348456053642
20260424,00179,德昌电机控股,0.006689963773907691
20260424,00187,京城机电股份,0.0002840602643913881
20260424,00189,东岳集团,0.014501443301917825
20260424,00425,敏实集团,0.019861631505242054
20260424,00564,中创智领,0.0030440497335434457
20260424,00666,瑞浦兰钧,0.0060805248913036415
20260424,00819,天能动力,0.004169680916004661
20260424,00868,信义玻璃,0.01491644528521932
20260424,00881,中升控股,0.0071628552046212515
20260424,01057,浙江世宝,0.0008254373451018907
20260424,01114,BRILLIANCE CHI,0.008433866286546927
20260424,01211,比亚迪股份,0.14927793476374732
20260424,01316,耐世特,0.0034660657193301514
20260424,01772,赣锋锂业,0.02471690723726721
20260424,01882,海天国际,0.009087029886397976
20260424,02015,理想汽车-W,0.1028343002960668
20260424,02050,三花智控,0.005933217166594707
20260424,02238,广汽集团,0.008415299005114335
20260424,02333,长城汽车,0.029821815829672513
20260424,02338,潍柴动力,0.06753616871899958
20260424,02382,舜宇光学科技,0.027110623582488728
20260424,02402,亿华通,0.0005793319947435452
20260424,02431,佑驾创新,0.00010795821369052754
20260424,02465,龙蟠科技,0.0014602250787928497
20260424,02473,喜相逢集团,0.0006100678184994097
20260424,02498,速腾聚创,0.008842291787986066
20260424,02533,黑芝麻智能,0.006144922457980742
20260424,02570,重塑能源,0.0001168726963812854
20260424,02582,国富氢能,0.00018676661588305549
20260424,03606,福耀玻璃,0.025517843427488977
20260424,03677,正力新能,0.00031952677988191853
20260424,03750,宁德时代,0.0369927104757388
20260424,03808,中国重汽,0.03428151822855502
20260424,03898,时代电气,0.012336878382918855
20260424,03931,中创新航,0.012285415019655032
20260424,06680,金力永磁,0.00248817978220073
20260424,09660,地平线,0.02647922663362493
20260424,09690,途虎-W,0.005961902112430919
20260424,09696,天齐锂业,0.009344209977522448
20260424,09863,零跑汽车,0.03085556768133328
20260424,09868,小鹏集团-W,0.12053050551358363
20260424,09973,奇瑞汽车,0.004985274047092218
20260427,00175,吉利汽车,0.14223130149626295
20260427,00179,德昌电机控股,0.006798092488168801
20260427,00187,京城机电股份,0.0002927188858690702
20260427,00189,东岳集团,0.014532803531709992
20260427,00425,敏实集团,0.02016744420945206
20260427,00564,中创智领,0.0030035959935149877
20260427,00666,瑞浦兰钧,0.005916687947352414
20260427,00819,天能动力,0.0040276890504454535
20260427,00868,信义玻璃,0.014827978799838102
20260427,00881,中升控股,0.007023834017774682
20260427,01057,浙江世宝,0.0007516529712665914
20260427,01114,BRILLIANCE CHI,0.008392079875764919
20260427,01211,比亚迪股份,0.15519041008715012
20260427,01316,耐世特,0.003384348890234471
20260427,01772,赣锋锂业,0.024081894037755715
20260427,01882,海天国际,0.009234687223456562
20260427,02015,理想汽车-W,0.10217697287104566
20260427,02050,三花智控,0.006279795831511118
20260427,02238,广汽集团,0.008261632331241728
20260427,02333,长城汽车,0.02829403010271895
20260427,02338,潍柴动力,0.06856003064582507
20260427,02382,舜宇光学科技,0.028532790458297742
20260427,02402,亿华通,0.0005782323837782863
20260427,02431,佑驾创新,0.00010960923502565835
20260427,02465,龙蟠科技,0.0015073999129649178
20260427,02473,喜相逢集团,0.000669800855768098
20260427,02498,速腾聚创,0.008825508525372729
20260427,02533,黑芝麻智能,0.006381954040351018
20260427,02570,重塑能源,0.00011495868972312573
20260427,02582,国富氢能,0.0001865485860060694
20260427,03606,福耀玻璃,0.025860928888866267
20260427,03677,正力新能,0.0003102683724531086
20260427,03750,宁德时代,0.03576492569163912
20260427,03808,中国重汽,0.03269985190880758
20260427,03898,时代电气,0.012233547857838844
20260427,03931,中创新航,0.012363736117568025
20260427,06680,金力永磁,0.002434711508889163
20260427,09660,地平线,0.0261773928032394
20260427,09690,途虎-W,0.005932163155584373
20260427,09696,天齐锂业,0.009155346076489533
20260427,09863,零跑汽车,0.03139513082534976
20260427,09868,小鹏集团-W,0.12030173053358341
20260427,09973,奇瑞汽车,0.005033782284044391
20260428,00175,吉利汽车,0.1419003480903109
20260428,00179,德昌电机控股,0.0069437143508659935
20260428,00187,京城机电股份,0.00028612390692664955
20260428,00189,东岳集团,0.014935710153113806
20260428,00425,敏实集团,0.01961716722560917
20260428,00564,中创智领,0.0031922479165961944
20260428,00666,瑞浦兰钧,0.005798219716648858
20260428,00819,天能动力,0.004065027843950664
20260428,00868,信义玻璃,0.015025029777464447
20260428,00881,中升控股,0.007013194550148206
20260428,01057,浙江世宝,0.0006838269917204409
20260428,01114,BRILLIANCE CHI,0.008561063679884467
20260428,01211,比亚迪股份,0.1578821446945862
20260428,01316,耐世特,0.0033628529016704813
20260428,01772,赣锋锂业,0.024363587862317976
20260428,01882,海天国际,0.00943208479295982
20260428,02015,理想汽车-W,0.10136145184147216
20260428,02050,三花智控,0.0062338006257576985
20260428,02238,广汽集团,0.008291134934839921
20260428,02333,长城汽车,0.027908696134847616
20260428,02338,潍柴动力,0.0708076115949474
20260428,02382,舜宇光学科技,0.027371300984749287
20260428,02402,亿华通,0.0005961958290777474
20260428,02431,佑驾创新,0.00010884949810595332
20260428,02465,龙蟠科技,0.0015229924605724386
20260428,02473,喜相逢集团,0.0006445702570105638
20260428,02498,速腾聚创,0.008623536763078681
20260428,02533,黑芝麻智能,0.00667826002934752
20260428,02570,重塑能源,0.00011295808826196914
20260428,02582,国富氢能,0.00019389168612978755
20260428,03606,福耀玻璃,0.025623250649021115
20260428,03677,正力新能,0.00031541871755961165
20260428,03750,宁德时代,0.03451637846480275
20260428,03808,中国重汽,0.03299693177381701
20260428,03898,时代电气,0.012008001974610943
20260428,03931,中创新航,0.012201387122228347
20260428,06680,金力永磁,0.0024587660801477403
20260428,09660,地平线,0.0256867790207828
20260428,09690,途虎-W,0.006144537283463985
20260428,09696,天齐锂业,0.009335504783264984
20260428,09863,零跑汽车,0.03129600921846062
20260428,09868,小鹏集团-W,0.1187823313946918
20260428,09973,奇瑞汽车,0.005117108334175373
20260429,00175,吉利汽车,0.14189787903460085
20260429,00179,德昌电机控股,0.006754925920805033
20260429,00187,京城机电股份,0.00028853699802067754
20260429,00189,东岳集团,0.01521892518017178
20260429,00425,敏实集团,0.01975137426393697
20260429,00564,中创智领,0.0031986936803431337
20260429,00666,瑞浦兰钧,0.006547866275082574
20260429,00819,天能动力,0.004228015071139279
20260429,00868,信义玻璃,0.015186746434963951
20260429,00881,中升控股,0.007042940804257864
20260429,01057,浙江世宝,0.0006799305659072023
20260429,01114,BRILLIANCE CHI,0.008393596231849704
20260429,01211,比亚迪股份,0.15996449950695216
20260429,01316,耐世特,0.0033592301700990194
20260429,01772,赣锋锂业,0.02547630554095048
20260429,01882,海天国际,0.009350247518715783
20260429,02015,理想汽车-W,0.10178843337888877
20260429,02050,三花智控,0.006287358585441049
20260429,02238,广汽集团,0.00816386582199705
20260429,02333,长城汽车,0.027223465763250923
20260429,02338,潍柴动力,0.06857988588526609
20260429,02382,舜宇光学科技,0.02724414424810907
20260429,02402,亿华通,0.0005821852228634356
20260429,02431,佑驾创新,0.00010783039811744177
20260429,02465,龙蟠科技,0.0017740903421157087
20260429,02473,喜相逢集团,0.0006459381595689568
20260429,02498,速腾聚创,0.008550038244205105
20260429,02533,黑芝麻智能,0.0066612475754476526
20260429,02570,重塑能源,0.00011112796380910664
20260429,02582,国富氢能,0.00019757914435892108
20260429,03606,福耀玻璃,0.025207828734220762
20260429,03677,正力新能,0.0003491297676050198
20260429,03750,宁德时代,0.033571279719705825
20260429,03808,中国重汽,0.032766261495228134
20260429,03898,时代电气,0.01221660153676729
20260429,03931,中创新航,0.01327424077294061
20260429,06680,金力永磁,0.002575343845762082
20260429,09660,地平线,0.025093073448150822
20260429,09690,途虎-W,0.005991264666043639
20260429,09696,天齐锂业,0.009836638458236353
20260429,09863,零跑汽车,0.03134209783242627
20260429,09868,小鹏集团-W,0.11763921336515469
20260429,09973,奇瑞汽车,0.004880122426523059
20260430,00175,吉利汽车,0.14710993601321642
20260430,00179,德昌电机控股,0.006763897135876879
20260430,00187,京城机电股份,0.00029326842336674624
20260430,00189,东岳集团,0.015343186093958636
20260430,00425,敏实集团,0.019252376116977984
20260430,00564,中创智领,0.002902501782025143
20260430,00666,瑞浦兰钧,0.00678942651743168
20260430,00819,天能动力,0.003149656197360365
20260430,00868,信义玻璃,0.014816708575757766
20260430,00881,中升控股,0.0069918836804038174
20260430,01057,浙江世宝,0.0006825428779123762
20260430,01114,BRILLIANCE CHI,0.008149261943426338
20260430,01211,比亚迪股份,0.1539020293648475
20260430,01316,耐世特,0.0033265978685391557
20260430,01772,赣锋锂业,0.025769604979170576
20260430,01882,海天国际,0.009302084364691527
20260430,02015,理想汽车-W,0.10095606436631578
20260430,02050,三花智控,0.006590330676731721
20260430,02238,广汽集团,0.007936290231032556
20260430,02333,长城汽车,0.026671897773066906
20260430,02338,潍柴动力,0.07393964495011214
20260430,02382,舜宇光学科技,0.02775875771718098
20260430,02402,亿华通,0.0005885369723830526
20260430,02431,佑驾创新,0.00010533995087683071
20260430,02465,龙蟠科技,0.0017334422296187333
20260430,02473,喜相逢集团,0.0006184832980806327
20260430,02498,速腾聚创,0.008658988409312141
20260430,02533,黑芝麻智能,0.006562690051435718
20260430,02570,重塑能源,0.0001111736506880476
20260430,02582,国富氢能,0.00019779020312316316
20260430,03606,福耀玻璃,0.02510532713757189
20260430,03677,正力新能,0.00034585506023643
20260430,03750,宁德时代,0.032989572432431516
20260430,03808,中国重汽,0.03158656762783385
20260430,03898,时代电气,0.012146540833595064
20260430,03931,中创新航,0.01311610174221931
20260430,06680,金力永磁,0.0025551327377900876
20260430,09660,地平线,0.02539187291639428
20260430,09690,途虎-W,0.005941330183757697
20260430,09696,天齐锂业,0.010498159503128454
20260430,09863,零跑汽车,0.03219813382470976
20260430,09868,小鹏集团-W,0.11644710697096583
20260430,09973,奇瑞汽车,0.004703906614444552
20260506,00175,吉利汽车,0.14251172725458944
20260506,00179,德昌电机控股,0.007521794951814553
20260506,00187,京城机电股份,0.00027776299312405313
20260506,00189,东岳集团,0.015256499897666776
20260506,00425,敏实集团,0.019987708043925974
20260506,00564,中创智领,0.0028133711396259166
20260506,00666,瑞浦兰钧,0.0065448685892806995
20260506,00819,天能动力,0.003328173560098509
20260506,00868,信义玻璃,0.01574564935405631
20260506,00881,中升控股,0.006666600070528771
20260506,01057,浙江世宝,0.0006967065044708672
20260506,01114,BRILLIANCE CHI,0.008328978025522732
20260506,01211,比亚迪股份,0.1465180229888386
20260506,01316,耐世特,0.003383336354453679
20260506,01772,赣锋锂业,0.026723690529350332
20260506,01882,海天国际,0.00938412602653136
20260506,02015,理想汽车-W,0.09998369712269742
20260506,02050,三花智控,0.006614456886713073
20260506,02238,广汽集团,0.007711508846708097
20260506,02333,长城汽车,0.02735499501463673
20260506,02338,潍柴动力,0.08545339983427118
20260506,02382,舜宇光学科技,0.027946015150226083
20260506,02402,亿华通,0.0005420200918351959
20260506,02431,佑驾创新,9.959224579276225e-05
20260506,02465,龙蟠科技,0.001861178132510827
20260506,02473,喜相逢集团,0.0005856946406379204
20260506,02498,速腾聚创,0.0083553172647284
20260506,02533,黑芝麻智能,0.0066101470789431
20260506,02570,重塑能源,0.00010826676334251772
20260506,02582,国富氢能,0.00020107861092392046
20260506,03606,福耀玻璃,0.025471650195665694
20260506,03677,正力新能,0.00032599440874088974
20260506,03750,宁德时代,0.03559709060963739
20260506,03808,中国重汽,0.031931695179792136
20260506,03898,时代电气,0.012395402440914262
20260506,03931,中创新航,0.01280034868486038
20260506,06680,金力永磁,0.0025545905163931793
20260506,09660,地平线,0.024408115912658804
20260506,09690,途虎-W,0.00591407194758503
20260506,09696,天齐锂业,0.010436597554561819
20260506,09863,零跑汽车,0.03022649365714748
20260506,09868,小鹏集团-W,0.11411821954791607
20260506,09973,奇瑞汽车,0.004703345376281343
20260507,00175,吉利汽车,0.13966573798392745
20260507,00179,德昌电机控股,0.008725687064090566
20260507,00187,京城机电股份,0.0002720900095746933
20260507,00189,东岳集团,0.014619011567615131
20260507,00425,敏实集团,0.019861476340207112
20260507,00564,中创智领,0.0027853456663150485
20260507,00666,瑞浦兰钧,0.006290698323555891
20260507,00819,天能动力,0.0032574196036778457
20260507,00868,信义玻璃,0.015493755480913385
20260507,00881,中升控股,0.006893163078854303
20260507,01057,浙江世宝,0.0007040239490008289
20260507,01114,BRILLIANCE CHI,0.008657012675160225
20260507,01211,比亚迪股份,0.14459910720862484
20260507,01316,耐世特,0.0033704898301106672
20260507,01772,赣锋锂业,0.02572729325847451
20260507,01882,海天国际,0.009248277141569543
20260507,02015,理想汽车-W,0.10041491328328322
20260507,02050,三花智控,0.006639109722677605
20260507,02238,广汽集团,0.0074856029676198975
20260507,02333,长城汽车,0.026998424717872966
20260507,02338,潍柴动力,0.08109214516849801
20260507,02382,舜宇光学科技,0.028033620538103494
20260507,02402,亿华通,0.0005454229945146417
20260507,02431,佑驾创新,0.0001010593014359554
20260507,02465,龙蟠科技,0.0016612095544598037
20260507,02473,喜相逢集团,0.0005594740203827424
20260507,02498,速腾聚创,0.008343066821220747
20260507,02533,黑芝麻智能,0.00654864273304991
20260507,02570,重塑能源,0.00010727417826223074
20260507,02582,国富氢能,0.0001967143621534105
20260507,03606,福耀玻璃,0.025264149828899036
20260507,03677,正力新能,0.0003275510299483025
20260507,03750,宁德时代,0.04851657105033634
20260507,03808,中国重汽,0.031383830954917986
20260507,03898,时代电气,0.012253575405127556
20260507,03931,中创新航,0.012240551184995967
20260507,06680,金力永磁,0.002490922631971153
20260507,09660,地平线,0.024221806900318294
20260507,09690,途虎-W,0.005800101351130435
20260507,09696,天齐锂业,0.01003803936956938
20260507,09863,零跑汽车,0.030389126408270822
20260507,09868,小鹏集团-W,0.1133426001650347
20260507,09973,奇瑞汽车,0.0048339041742733605
20260508,00175,吉利汽车,0.14145370504027963
20260508,00179,德昌电机控股,0.008873071644011181
20260508,00187,京城机电股份,0.0002784236501710283
20260508,00189,东岳集团,0.014714666802457445
20260508,00425,敏实集团,0.021662371345456805
20260508,00564,中创智领,0.002801745029267176
20260508,00666,瑞浦兰钧,0.0060967194171324185
20260508,00819,天能动力,0.0032879465084033528
20260508,00868,信义玻璃,0.015618462976118276
20260508,00881,中升控股,0.006831588205739283
20260508,01057,浙江世宝,0.000737437974715756
20260508,01114,BRILLIANCE CHI,0.008685099657165903
20260508,01211,比亚迪股份,0.14555961787529859
20260508,01316,耐世特,0.0035322094988302255
20260508,01772,赣锋锂业,0.02467030375514553
20260508,01882,海天国际,0.009373369662803025
20260508,02015,理想汽车-W,0.10139218214066845
20260508,02050,三花智控,0.006756007915975055
20260508,02238,广汽集团,0.007531575875005318
20260508,02333,长城汽车,0.027074953204450004
20260508,02338,潍柴动力,0.07695139234458392
20260508,02382,舜宇光学科技,0.02843681215224486
20260508,02402,亿华通,0.0005436887175197953
20260508,02431,佑驾创新,0.00010222370126384791
20260508,02465,龙蟠科技,0.001530256183334293
20260508,02473,喜相逢集团,0.0005754161269280162
20260508,02498,速腾聚创,0.008490385255981947
20260508,02533,黑芝麻智能,0.006438135704491835
20260508,02570,重塑能源,0.0001099448531678194
20260508,02582,国富氢能,0.0001946600268747742
20260508,03606,福耀玻璃,0.026067451629600086
20260508,03677,正力新能,0.0003228610543507515
20260508,03750,宁德时代,0.04786026694278667
20260508,03808,中国重汽,0.030541016356159235
20260508,03898,时代电气,0.012221169731948114
20260508,03931,中创新航,0.011831360309415919
20260508,06680,金力永磁,0.0024949651768572663
20260508,09660,地平线,0.02400787513994758
20260508,09690,途虎-W,0.005883273066434953
20260508,09696,天齐锂业,0.009600463965105397
20260508,09863,零跑汽车,0.031201772961349808
20260508,09868,小鹏集团-W,0.11284409133345151
20260508,09973,奇瑞汽车,0.004819059087107277
20260511,00175,吉利汽车,0.13747010414817437
20260511,00179,德昌电机控股,0.008858509663365304
20260511,00187,京城机电股份,0.00027291082093765023
20260511,00189,东岳集团,0.014615084485163455
20260511,00425,敏实集团,0.02235576156724093
20260511,00564,中创智领,0.002832813512188704
20260511,00666,瑞浦兰钧,0.005952266323632721
20260511,00819,天能动力,0.0033453658456065664
20260511,00868,信义玻璃,0.015948985514000976
20260511,00881,中升控股,0.006683260593975427
20260511,01057,浙江世宝,0.0007018785682917896
20260511,01114,BRILLIANCE CHI,0.008785578808019612
20260511,01211,比亚迪股份,0.14620182093026005
20260511,01316,耐世特,0.0035041873477157084
20260511,01772,赣锋锂业,0.024680378638444588
20260511,01882,海天国际,0.00967164554611752
20260511,02015,理想汽车-W,0.10516648220878218
20260511,02050,三花智控,0.006645770250436035
20260511,02238,广汽集团,0.007337440117267638
20260511,02333,长城汽车,0.02635085664356129
20260511,02338,潍柴动力,0.07719450535051935
20260511,02382,舜宇光学科技,0.027190276223996338
20260511,02402,亿华通,0.0005174206837839485
20260511,02431,佑驾创新,0.00010238370077376295
20260511,02465,龙蟠科技,0.0015220944619642124
20260511,02473,喜相逢集团,0.0005981193225392432
20260511,02498,速腾聚创,0.008287577582759664
20260511,02533,黑芝麻智能,0.006333656397603056
20260511,02570,重塑能源,0.00010982782654129681
20260511,02582,国富氢能,0.0001943294425908751
20260511,03606,福耀玻璃,0.0258204626826245
20260511,03677,正力新能,0.00033053536696060716
20260511,03750,宁德时代,0.04809957133163597
20260511,03808,中国重汽,0.030429590248885717
20260511,03898,时代电气,0.01213068842465954
20260511,03931,中创新航,0.011638566979897139
20260511,06680,金力永磁,0.002617850894916078
20260511,09660,地平线,0.02305402595852964
20260511,09690,途虎-W,0.00582802224628437
20260511,09696,天齐锂业,0.009577636486832233
20260511,09863,零跑汽车,0.03210886095327857
20260511,09868,小鹏集团-W,0.11412997831979285
20260511,09973,奇瑞汽车,0.0048029175794486465
20260512,00175,吉利汽车,0.13924451182775863
20260512,00179,德昌电机控股,0.009240895551833017
20260512,00187,京城机电股份,0.0002725394557678289
20260512,00189,东岳集团,0.014565848869731331
20260512,00425,敏实集团,0.022550340673636406
20260512,00564,中创智领,0.0028755830257567337
20260512,00666,瑞浦兰钧,0.006035553860495493
20260512,00819,天能动力,0.0033564047783383563
20260512,00868,信义玻璃,0.01669685787412446
20260512,00881,中升控股,0.006791634587056738
20260512,01057,浙江世宝,0.0007127050943791711
20260512,01114,BRILLIANCE CHI,0.008815106461758392
20260512,01211,比亚迪股份,0.1450959994028539
20260512,01316,耐世特,0.0035707684098468637
20260512,01772,赣锋锂业,0.02456326245758679
20260512,01882,海天国际,0.00961635305610847
20260512,02015,理想汽车-W,0.10606414843288924
20260512,02050,三花智控,0.006600639679880727
20260512,02238,广汽集团,0.00721758766817931
20260512,02333,长城汽车,0.026456101796677716
20260512,02338,潍柴动力,0.07482233688172607
20260512,02382,舜宇光学科技,0.02666678929552807
20260512,02402,亿华通,0.0005144125855695037
20260512,02431,佑驾创新,0.00010200243182325
20260512,02465,龙蟠科技,0.0015117924732646075
20260512,02473,喜相逢集团,0.0005944675488091338
20260512,02498,速腾聚创,0.008200044370511205
20260512,02533,黑芝麻智能,0.006414673831508435
20260512,02570,重塑能源,0.00010938202898088063
20260512,02582,国富氢能,0.00019118623006528235
20260512,03606,福耀玻璃,0.026307990548539936
20260512,03677,正力新能,0.0003210124763569322
20260512,03750,宁德时代,0.04767219763829385
20260512,03808,中国重汽,0.031100888577293748
20260512,03898,时代电气,0.012469879285916287
20260512,03931,中创新航,0.011364415631703217
20260512,06680,金力永磁,0.0025371601664760583
20260512,09660,地平线,0.02281716777456741
20260512,09690,途虎-W,0.006014535674516908
20260512,09696,天齐锂业,0.009365870396289559
20260512,09863,零跑汽车,0.03044756190819218
20260512,09868,小鹏集团-W,0.11529226634890302
20260512,09973,奇瑞汽车,0.0048191229305047205
20260513,00175,吉利汽车,0.13340612955374495
20260513,00179,德昌电机控股,0.009369953697640281
20260513,00187,京城机电股份,0.00027863890200119785
20260513,00189,东岳集团,0.014267409866804193
20260513,00425,敏实集团,0.022108510342115903
20260513,00564,中创智领,0.0029458857708126646
20260513,00666,瑞浦兰钧,0.006254619786669746
20260513,00819,天能动力,0.0033232424552371437
20260513,00868,信义玻璃,0.016292881341430043
20260513,00881,中升控股,0.006831100340617938
20260513,01057,浙江世宝,0.0007740396532833277
20260513,01114,BRILLIANCE CHI,0.00874031213544329
20260513,01211,比亚迪股份,0.14310070443524378
20260513,01316,耐世特,0.0036174878809612657
20260513,01772,赣锋锂业,0.02390831587604564
20260513,01882,海天国际,0.009611257731984176
20260513,02015,理想汽车-W,0.10674930856751606
20260513,02050,三花智控,0.0066796470576287155
20260513,02238,广汽集团,0.007522907202675198
20260513,02333,长城汽车,0.02623444284374707
20260513,02338,潍柴动力,0.07762577836559086
20260513,02382,舜宇光学科技,0.027865674587176936
20260513,02402,亿华通,0.0005341905806937251
20260513,02431,佑驾创新,0.00010003548363471576
20260513,02465,龙蟠科技,0.001499008662495016
20260513,02473,喜相逢集团,0.0005810238779167836
20260513,02498,速腾聚创,0.008123792681143497
20260513,02533,黑芝麻智能,0.006268963513398379
20260513,02570,重塑能源,0.00010920448789761233
20260513,02582,国富氢能,0.00019353736542940345
20260513,03606,福耀玻璃,0.0259124570623114
20260513,03677,正力新能,0.0003264055709156889
20260513,03750,宁德时代,0.049586743712784605
20260513,03808,中国重汽,0.031761458218782256
20260513,03898,时代电气,0.014547421374233968
20260513,03931,中创新航,0.011587040890095527
20260513,06680,金力永磁,0.0026089385902055015
20260513,09660,地平线,0.023054390586819115
20260513,09690,途虎-W,0.006071555400660388
20260513,09696,天齐锂业,0.0092442230403826
20260513,09863,零跑汽车,0.03001374717868332
20260513,09868,小鹏集团-W,0.11561400620689702
20260513,09973,奇瑞汽车,0.004753607120249008
20260514,00175,吉利汽车,0.1331739404890093
20260514,00179,德昌电机控股,0.008918980240371003
20260514,00187,京城机电股份,0.0002696222079803222
20260514,00189,东岳集团,0.01441510730513798
20260514,00425,敏实集团,0.021842700342830347
20260514,00564,中创智领,0.002903011569052724
20260514,00666,瑞浦兰钧,0.006120200453689826
20260514,00819,天能动力,0.0032902993291441585
20260514,00868,信义玻璃,0.01589987504865179
20260514,00881,中升控股,0.006522554893223595
20260514,01057,浙江世宝,0.000741464502428455
20260514,01114,BRILLIANCE CHI,0.008565160268221144
20260514,01211,比亚迪股份,0.1444422771112972
20260514,01316,耐世特,0.0034839294872596018
20260514,01772,赣锋锂业,0.02304111061220002
20260514,01882,海天国际,0.009470492061997808
20260514,02015,理想汽车-W,0.11235543953315882
20260514,02050,三花智控,0.006493162518573798
20260514,02238,广汽集团,0.007414974350611158
20260514,02333,长城汽车,0.025678904712890808
20260514,02338,潍柴动力,0.07807454489118786
20260514,02382,舜宇光学科技,0.028217708808575232
20260514,02402,亿华通,0.0005563693849442793
20260514,02431,佑驾创新,9.56144101586282e-05
20260514,02465,龙蟠科技,0.001400597423204819
20260514,02473,喜相逢集团,0.0005127885343897726
20260514,02498,速腾聚创,0.008754317077066821
20260514,02533,黑芝麻智能,0.0066584294468100946
20260514,02570,重塑能源,0.00010664684210000836
20260514,02582,国富氢能,0.0001919698045521252
20260514,03606,福耀玻璃,0.024923279178418196
20260514,03677,正力新能,0.000315961166520174
20260514,03750,宁德时代,0.050683321665027134
20260514,03808,中国重汽,0.029883208095745652
20260514,03898,时代电气,0.014497823100837783
20260514,03931,中创新航,0.011295947890387969
20260514,06680,金力永磁,0.002547558687200097
20260514,09660,地平线,0.021474491554593758
20260514,09690,途虎-W,0.00615010053975981
20260514,09696,天齐锂业,0.008846048180957525
20260514,09863,零跑汽车,0.029635115596367348
20260514,09868,小鹏集团-W,0.11547909974103918
20260514,09973,奇瑞汽车,0.004655850942425739
20260515,00175,吉利汽车,0.13644843534704573
20260515,00179,德昌电机控股,0.009046630917759372
20260515,00187,京城机电股份,0.0002753322453231113
20260515,00189,东岳集团,0.014919180083160798
20260515,00425,敏实集团,0.02156184171691647
20260515,00564,中创智领,0.0029063713533895043
20260515,00666,瑞浦兰钧,0.006066183006550565
20260515,00819,天能动力,0.003335030668445995
20260515,00868,信义玻璃,0.015617427441816899
20260515,00881,中升控股,0.006514147290111222
20260515,01057,浙江世宝,0.0007430465687079156
20260515,01114,BRILLIANCE CHI,0.00855428467850938
20260515,01211,比亚迪股份,0.142556204705057
20260515,01316,耐世特,0.003455867531820777
20260515,01772,赣锋锂业,0.02245231816036802
20260515,01882,海天国际,0.009463857463283855
20260515,02015,理想汽车-W,0.11052915068881491
20260515,02050,三花智控,0.006914822745923921
20260515,02238,广汽集团,0.00737341310724912
20260515,02333,长城汽车,0.02585230142457371
20260515,02338,潍柴动力,0.07949952931760725
20260515,02382,舜宇光学科技,0.02782773656982966
20260515,02402,亿华通,0.0005605673275157951
20260515,02431,佑驾创新,0.00010552362827169355
20260515,02465,龙蟠科技,0.0013786084136404725
20260515,02473,喜相逢集团,0.0006870927586990817
20260515,02498,速腾聚创,0.008780200098835874
20260515,02533,黑芝麻智能,0.0066282246328137956
20260515,02570,重塑能源,0.00010475866194047657
20260515,02582,国富氢能,0.0001929106002541702
20260515,03606,福耀玻璃,0.02455750550387712
20260515,03677,正力新能,0.00031904659403247373
20260515,03750,宁德时代,0.05072329291267929
20260515,03808,中国重汽,0.03027313921202782
20260515,03898,时代电气,0.014053126928393193
20260515,03931,中创新航,0.011041384939998239
20260515,06680,金力永磁,0.0026640856535749663
20260515,09660,地平线,0.021593135794102623
20260515,09690,途虎-W,0.006209746324201865
20260515,09696,天齐锂业,0.008644119542751752
20260515,09863,零跑汽车,0.030145042122745852
20260515,09868,小鹏集团-W,0.11479084766241839
20260515,09973,奇瑞汽车,0.0046345276549598835
20260518,00175,吉利汽车,0.13620839034529483
20260518,00179,德昌电机控股,0.008963225323806496
20260518,00187,京城机电股份,0.0002878670539100565
20260518,00189,东岳集团,0.014760043245732274
20260518,00425,敏实集团,0.02145112957332236
20260518,00564,中创智领,0.00296083560775429
20260518,00666,瑞浦兰钧,0.006392746120562901
20260518,00819,天能动力,0.003398118681756657
20260518,00868,信义玻璃,0.01583426472429312
20260518,00881,中升控股,0.006643855878795297
20260518,01057,浙江世宝,0.0007646269716370738
20260518,01114,BRILLIANCE CHI,0.008706922386058837
20260518,01211,比亚迪股份,0.1447977067440025
20260518,01316,耐世特,0.0034944167208460658
20260518,01772,赣锋锂业,0.02332026915974579
20260518,01882,海天国际,0.009629514595318916
20260518,02015,理想汽车-W,0.10037649321902753
20260518,02050,三花智控,0.007084133348785572
20260518,02238,广汽集团,0.007495826632920256
20260518,02333,长城汽车,0.026127913204640408
20260518,02338,潍柴动力,0.07922101323604755
20260518,02382,舜宇光学科技,0.028305613001788882
20260518,02402,亿华通,0.0005795241162685771
20260518,02431,佑驾创新,9.373761353453096e-05
20260518,02465,龙蟠科技,0.0013826297996343316
20260518,02473,喜相逢集团,0.0006871198522978736
20260518,02498,速腾聚创,0.008787554092515854
20260518,02533,黑芝麻智能,0.006598086463791708
20260518,02570,重塑能源,0.00011011276454087187
20260518,02582,国富氢能,0.00019817983108380774
20260518,03606,福耀玻璃,0.02532579118758952
20260518,03677,正力新能,0.0003302514995360096
20260518,03750,宁德时代,0.05249306357933734
20260518,03808,中国重汽,0.030738704398775657
20260518,03898,时代电气,0.014116190245607514
20260518,03931,中创新航,0.011241165058144405
20260518,06680,金力永磁,0.002667008693230618
20260518,09660,地平线,0.02136816889220808
20260518,09690,途虎-W,0.006366519840726774
20260518,09696,天齐锂业,0.008925035925699832
20260518,09863,零跑汽车,0.028778257433242662
20260518,09868,小鹏集团-W,0.11832348513380393
20260518,09973,奇瑞汽车,0.004664487802382189
20260519,00175,吉利汽车,0.1354587757239216
20260519,00179,德昌电机控股,0.00894949387271691
20260519,00187,京城机电股份,0.00029354927235989575
20260519,00189,东岳集团,0.01454936618641877
20260519,00425,敏实集团,0.02158547442081945
20260519,00564,中创智领,0.0032086027909205895
20260519,00666,瑞浦兰钧,0.006488214199344803
20260519,00819,天能动力,0.0034866464594583537
20260519,00868,信义玻璃,0.01634290642852644
20260519,00881,中升控股,0.006784274322323623
20260519,01057,浙江世宝,0.0007564267864592032
20260519,01114,BRILLIANCE CHI,0.008854433949284639
20260519,01211,比亚迪股份,0.1478976177900962
20260519,01316,耐世特,0.003510727132060906
20260519,01772,赣锋锂业,0.02243878186449307
20260519,01882,海天国际,0.009792846013936546
20260519,02015,理想汽车-W,0.09707080642795382
20260519,02050,三花智控,0.007093020848429642
20260519,02238,广汽集团,0.007645540134625646
20260519,02333,长城汽车,0.026360231297797024
20260519,02338,潍柴动力,0.07899545712238021
20260519,02382,舜宇光学科技,0.028379880245640494
20260519,02402,亿华通,0.0005775837423743926
20260519,02431,佑驾创新,9.679255719269872e-05
20260519,02465,龙蟠科技,0.0013341279955292181
20260519,02473,喜相逢集团,0.0006142333514085214
20260519,02498,速腾聚创,0.008843303979874435
20260519,02533,黑芝麻智能,0.006565800951803271
20260519,02570,重塑能源,0.00011546976179662966
20260519,02582,国富氢能,0.00020630088418650136
20260519,03606,福耀玻璃,0.02524741055682005
20260519,03677,正力新能,0.0003253240135257028
20260519,03750,宁德时代,0.052252122880148306
20260519,03808,中国重汽,0.03220102780422003
20260519,03898,时代电气,0.014293347523310173
20260519,03931,中创新航,0.011194869759535401
20260519,06680,金力永磁,0.002619331112331787
20260519,09660,地平线,0.022146363209078538
20260519,09690,途虎-W,0.006295275151785327
20260519,09696,天齐锂业,0.008652817049586073
20260519,09863,零跑汽车,0.029380769909026463
20260519,09868,小鹏集团-W,0.11640464986041289
20260519,09973,奇瑞汽车,0.004690004656086149
20260520,00175,吉利汽车,0.13483897756483665
20260520,00179,德昌电机控股,0.008725122962151043
20260520,00187,京城机电股份,0.0002953493007872453
20260520,00189,东岳集团,0.014964057845303365
20260520,00425,敏实集团,0.021782530391628564
20260520,00564,中创智领,0.003125656419386626
20260520,00666,瑞浦兰钧,0.00643119392045875
20260520,00819,天能动力,0.0034979301134392127
20260520,00868,信义玻璃,0.016421183656996338
20260520,00881,中升控股,0.006670694004217734
20260520,01057,浙江世宝,0.0007362657343444052
20260520,01114,BRILLIANCE CHI,0.008894496139064815
20260520,01211,比亚迪股份,0.14400549189409384
20260520,01316,耐世特,0.00348230183134228
20260520,01772,赣锋锂业,0.023069006642494817
20260520,01882,海天国际,0.009786599444176359
20260520,02015,理想汽车-W,0.09679004732816705
20260520,02050,三花智控,0.00705231795251635
20260520,02238,广汽集团,0.007668766857450933
20260520,02333,长城汽车,0.026489789737567594
20260520,02338,潍柴动力,0.08025296504354018
20260520,02382,舜宇光学科技,0.029029867932704935
20260520,02402,亿华通,0.0005598130792157843
20260520,02431,佑驾创新,9.676771060969043e-05
20260520,02465,龙蟠科技,0.001421194120376093
20260520,02473,喜相逢集团,0.0006159294463653608
20260520,02498,速腾聚创,0.008358949195868486
20260520,02533,黑芝麻智能,0.006665692360279779
20260520,02570,重塑能源,0.0001135684849057287
20260520,02582,国富氢能,0.0002003625909863222
20260520,03606,福耀玻璃,0.024961839460379307
20260520,03677,正力新能,0.0003197935368875766
20260520,03750,宁德时代,0.05293579653858632
20260520,03808,中国重汽,0.031940468504432905
20260520,03898,时代电气,0.014500522701474857
20260520,03931,中创新航,0.011455575302072205
20260520,06680,金力永磁,0.0026694233788740677
20260520,09660,地平线,0.021736595412435774
20260520,09690,途虎-W,0.006453115072079995
20260520,09696,天齐锂业,0.00907316020353099
20260520,09863,零跑汽车,0.030511423138824836
20260520,09868,小鹏集团-W,0.11655462959509522
20260520,09973,奇瑞汽车,0.00484476745004927
20260521,00175,吉利汽车,0.1305924660423365
20260521,00179,德昌电机控股,0.009240325543321354
20260521,00187,京城机电股份,0.00028723731511743863
20260521,00189,东岳集团,0.015000822232357667
20260521,00425,敏实集团,0.02224813173990539
20260521,00564,中创智领,0.0030553381694619327
20260521,00666,瑞浦兰钧,0.006275522491322741
20260521,00819,天能动力,0.0034691114858999166
20260521,00868,信义玻璃,0.016700798178971073
20260521,00881,中升控股,0.006849908303587576
20260521,01057,浙江世宝,0.0008141351193995512
20260521,01114,BRILLIANCE CHI,0.008835404417897605
20260521,01211,比亚迪股份,0.1430768679414601
20260521,01316,耐世特,0.003744091921151491
20260521,01772,赣锋锂业,0.021734201359249482
20260521,01882,海天国际,0.009579817430813795
20260521,02015,理想汽车-W,0.09700987346444273
20260521,02050,三花智控,0.007242661367115504
20260521,02238,广汽集团,0.0077078454852130855
20260521,02333,长城汽车,0.026031140734930503
20260521,02338,潍柴动力,0.0795542557670655
20260521,02382,舜宇光学科技,0.031104053108882812
20260521,02402,亿华通,0.0005546090109353719
20260521,02431,佑驾创新,9.687079932635119e-05
20260521,02465,龙蟠科技,0.0014576657213424707
20260521,02473,喜相逢集团,0.0005733347996193319
20260521,02498,速腾聚创,0.008529900206941426
20260521,02533,黑芝麻智能,0.0066138301392146175
20260521,02570,重塑能源,0.00010699604791119597
20260521,02582,国富氢能,0.0001905145457411583
20260521,03606,福耀玻璃,0.02509596152535803
20260521,03677,正力新能,0.00031552583857597427
20260521,03750,宁德时代,0.05371710828170281
20260521,03808,中国重汽,0.032048721038254825
20260521,03898,时代电气,0.014048900835432183
20260521,03931,中创新航,0.011402450994055896
20260521,06680,金力永磁,0.0026349627172507894
20260521,09660,地平线,0.021643014910005854
20260521,09690,途虎-W,0.006327688245727703
20260521,09696,天齐锂业,0.008714967250519979
20260521,09863,零跑汽车,0.02976260570134095
20260521,09868,小鹏集团-W,0.12125096202814173
20260521,09973,奇瑞汽车,0.0047593997426973
20260522,00175,吉利汽车,0.12802130350478091
20260522,00179,德昌电机控股,0.00961086280751409
20260522,00187,京城机电股份,0.0002880665206114268
20260522,00189,东岳集团,0.016691114833270355
20260522,00425,敏实集团,0.022303253531092592
20260522,00564,中创智领,0.003032825192991852
20260522,00666,瑞浦兰钧,0.006247723643008815
20260522,00819,天能动力,0.003395977479855087
20260522,00868,信义玻璃,0.01617793510480017
20260522,00881,中升控股,0.006566913797299747
20260522,01057,浙江世宝,0.0008064479304511974
20260522,01114,BRILLIANCE CHI,0.008623191756328103
20260522,01211,比亚迪股份,0.1406766628679167
20260522,01316,耐世特,0.003702438644334689
20260522,01772,赣锋锂业,0.021485681783418906
20260522,01882,海天国际,0.009483255909428116
20260522,02015,理想汽车-W,0.09640545532226952
20260522,02050,三花智控,0.007350624184257306
20260522,02238,广汽集团,0.007610088661880853
20260522,02333,长城汽车,0.025844200862081713
20260522,02338,潍柴动力,0.08232183817321712
20260522,02382,舜宇光学科技,0.03297008647481159
20260522,02402,亿华通,0.0005598219517204459
20260522,02431,佑驾创新,0.00011838508069945391
20260522,02465,龙蟠科技,0.00135681751935046
20260522,02473,喜相逢集团,0.0005737123141588921
20260522,02498,速腾聚创,0.008597730894887507
20260522,02533,黑芝麻智能,0.006495617621630212
20260522,02570,重塑能源,0.00011071944499690895
20260522,02582,国富氢能,0.00019178498346028865
20260522,03606,福耀玻璃,0.024858993765228685
20260522,03677,正力新能,0.0003175763362482916
20260522,03750,宁德时代,0.053410334048389685
20260522,03808,中国重汽,0.03198866896854083
20260522,03898,时代电气,0.014987701071083395
20260522,03931,中创新航,0.011166986855130718
20260522,06680,金力永磁,0.0027310124008386436
20260522,09660,地平线,0.021633634316113887
20260522,09690,途虎-W,0.006219063963662269
20260522,09696,天齐锂业,0.008515627901968144
20260522,09863,零跑汽车,0.02941488999505133
20260522,09868,小鹏集团-W,0.12242466898743978
20260522,09973,奇瑞汽车,0.0047103025937792215
20260526,00175,吉利汽车,0.12554876005574683
20260526,00179,德昌电机控股,0.0090235587270978
20260526,00187,京城机电股份,0.0002726327387744489
20260526,00189,东岳集团,0.018959802270017503
20260526,00425,敏实集团,0.023077969008616795
20260526,00564,中创智领,0.0030524594865610198
20260526,00666,瑞浦兰钧,0.005926017113141319
20260526,00819,天能动力,0.0033433818732218554
20260526,00868,信义玻璃,0.016127303618957502
20260526,00881,中升控股,0.006432121059139413
20260526,01057,浙江世宝,0.0007846287476251776
20260526,01114,BRILLIANCE CHI,0.008266293118822146
20260526,01211,比亚迪股份,0.1432423252057923
20260526,01316,耐世特,0.0037916351778944446
20260526,01772,赣锋锂业,0.02086874503529505
20260526,01882,海天国际,0.009317733874849193
20260526,02015,理想汽车-W,0.09378480614864976
20260526,02050,三花智控,0.007362367931551131
20260526,02238,广汽集团,0.0074779122827460165
20260526,02333,长城汽车,0.025471173714499255
20260526,02338,潍柴动力,0.08235169331124065
20260526,02382,舜宇光学科技,0.03301852103333189
20260526,02402,亿华通,0.0005172460793828582
20260526,02431,佑驾创新,0.00011344717628123588
20260526,02465,龙蟠科技,0.0013206638022548148
20260526,02473,喜相逢集团,0.0006120326788814159
20260526,02498,速腾聚创,0.008857610845495268
20260526,02533,黑芝麻智能,0.006773011848079552
20260526,02570,重塑能源,0.00010083559380731581
20260526,02582,国富氢能,0.00018175515918296596
20260526,03606,福耀玻璃,0.024314389151925343
20260526,03677,正力新能,0.00031195120178137626
20260526,03750,宁德时代,0.05142358487244904
20260526,03808,中国重汽,0.03229767636272328
20260526,03898,时代电气,0.01401420729575937
20260526,03931,中创新航,0.011348027455198192
20260526,06680,金力永磁,0.0026696608655879164
20260526,09660,地平线,0.022878352196427778
20260526,09690,途虎-W,0.006192657923591054
20260526,09696,天齐锂业,0.008326569064469557
20260526,09863,零跑汽车,0.028985867671823862
20260526,09868,小鹏集团-W,0.12671844153071488
20260526,09973,奇瑞汽车,0.0045401696906112315
20260527,00175,吉利汽车,0.1268576042351349
20260527,00179,德昌电机控股,0.008626702621090518
20260527,00187,京城机电股份,0.000257293228748788
20260527,00189,东岳集团,0.018663869522815197
20260527,00425,敏实集团,0.022904385001780374
20260527,00564,中创智领,0.0029825793657803266
20260527,00666,瑞浦兰钧,0.005985902562333761
20260527,00819,天能动力,0.0033592222539351696
20260527,00868,信义玻璃,0.016042941705303265
20260527,00881,中升控股,0.006640727774931878
20260527,01057,浙江世宝,0.0007699040833155918
20260527,01114,BRILLIANCE CHI,0.008315661371431016
20260527,01211,比亚迪股份,0.14007914526817536
20260527,01316,耐世特,0.0037530935617657163
20260527,01772,赣锋锂业,0.0208057136296149
20260527,01882,海天国际,0.009268599255685787
20260527,02015,理想汽车-W,0.09294848626979207
20260527,02050,三花智控,0.007103280337591031
20260527,02238,广汽集团,0.007531114584040292
20260527,02333,长城汽车,0.025776388709406017
20260527,02338,潍柴动力,0.08417253846847543
20260527,02382,舜宇光学科技,0.03360903695400146
20260527,02402,亿华通,0.0004985492101771908
20260527,02431,佑驾创新,0.0001148173938589894
20260527,02465,龙蟠科技,0.0013173058865529775
20260527,02473,喜相逢集团,0.000601687304357204
20260527,02498,速腾聚创,0.008727225946685683
20260527,02533,黑芝麻智能,0.006642093265192853
20260527,02570,重塑能源,9.715317941914486e-05
20260527,02582,国富氢能,0.00017286525644255742
20260527,03606,福耀玻璃,0.024176876660087526
20260527,03677,正力新能,0.00031468739918614466
20260527,03750,宁德时代,0.054321817350163316
20260527,03808,中国重汽,0.033161700891856896
20260527,03898,时代电气,0.014878759572377264
20260527,03931,中创新航,0.01201154960715717
20260527,06680,金力永磁,0.0026194170623295757
20260527,09660,地平线,0.021683811026374535
20260527,09690,途虎-W,0.006374805809853101
20260527,09696,天齐锂业,0.00828954273856684
20260527,09863,零跑汽车,0.029360393902685064
20260527,09868,小鹏集团-W,0.12362582289672666
20260527,09973,奇瑞汽车,0.004554926874800698
20260528,00175,吉利汽车,0.1255695453876992
20260528,00179,德昌电机控股,0.0082309355399889
20260528,00187,京城机电股份,0.00026146894097857777
20260528,00189,东岳集团,0.02133576118187906
20260528,00425,敏实集团,0.02195596690190655
20260528,00564,中创智领,0.002919775174991483
20260528,00666,瑞浦兰钧,0.005927074003917454
20260528,00819,天能动力,0.0032912721951706726
20260528,00868,信义玻璃,0.015713192932206847
20260528,00881,中升控股,0.006204290242472713
20260528,01057,浙江世宝,0.0007602493664322778
20260528,01114,BRILLIANCE CHI,0.008238475682474974
20260528,01211,比亚迪股份,0.14009707991451917
20260528,01316,耐世特,0.0035314257333520843
20260528,01772,赣锋锂业,0.020483667079856813
20260528,01882,海天国际,0.009001451100421448
20260528,02015,理想汽车-W,0.09355069282744238
20260528,02050,三花智控,0.006701997647649551
20260528,02238,广汽集团,0.007340357710739663
20260528,02333,长城汽车,0.024824556109636815
20260528,02338,潍柴动力,0.08445989103856098
20260528,02382,舜宇光学科技,0.0329322973216225
20260528,02402,亿华通,0.0005043485306741843
20260528,02431,佑驾创新,0.00011263812852271474
20260528,02465,龙蟠科技,0.0012370763770322972
20260528,02473,喜相逢集团,0.0005821860015688718
20260528,02498,速腾聚创,0.00833928158740416
20260528,02533,黑芝麻智能,0.006215977463326127
20260528,02570,重塑能源,8.914768462379635e-05
20260528,02582,国富氢能,0.00015674796206623922
20260528,03606,福耀玻璃,0.02376594910514025
20260528,03677,正力新能,0.000322341091279602
20260528,03750,宁德时代,0.05524169390228969
20260528,03808,中国重汽,0.03161230837779143
20260528,03898,时代电气,0.01473459843970672
20260528,03931,中创新航,0.011685944829299444
20260528,06680,金力永磁,0.0026600462668943062
20260528,09660,地平线,0.0205967692171479
20260528,09690,途虎-W,0.0061050793676848125
20260528,09696,天齐锂业,0.008225425435864464
20260528,09863,零跑汽车,0.02881917859601794
20260528,09868,小鹏集团-W,0.13105405652850624
20260528,09973,奇瑞汽车,0.004607781073238942
20260529,00175,吉利汽车,0.1252631912530345
20260529,00179,德昌电机控股,0.008609755151123038
20260529,00187,京城机电股份,0.0002507097027701563
20260529,00189,东岳集团,0.020504756370780045
20260529,00425,敏实集团,0.021984452354179996
20260529,00564,中创智领,0.002938721790712455
20260529,00666,瑞浦兰钧,0.0060429216060685995
20260529,00819,天能动力,0.0033199976198685813
20260529,00868,信义玻璃,0.015709100594575136
20260529,00881,中升控股,0.006276619957996686
20260529,01057,浙江世宝,0.0007439951462111756
20260529,01114,BRILLIANCE CHI,0.00819594347356974
20260529,01211,比亚迪股份,0.1441045815284951
20260529,01316,耐世特,0.003614919342436509
20260529,01772,赣锋锂业,0.020385487413976427
20260529,01882,海天国际,0.009030767863223025
20260529,02015,理想汽车-W,0.08971104230835197
20260529,02050,三花智控,0.0064949250053067545
20260529,02238,广汽集团,0.007561086274020588
20260529,02333,长城汽车,0.025051699492257096
20260529,02338,潍柴动力,0.08414400121607106
20260529,02382,舜宇光学科技,0.03765587142182561
20260529,02402,亿华通,0.0004925857477765639
20260529,02431,佑驾创新,0.0001176654875725741
20260529,02465,龙蟠科技,0.0012118000058716127
20260529,02473,喜相逢集团,0.0005842021488411858
20260529,02498,速腾聚创,0.008584041335454306
20260529,02533,黑芝麻智能,0.006126418622026938
20260529,02570,重塑能源,9.323444728867493e-05
20260529,02582,国富氢能,0.0001585976839432119
20260529,03606,福耀玻璃,0.02449984369090396
20260529,03677,正力新能,0.0003214226958591748
20260529,03750,宁德时代,0.0579741588980283
20260529,03808,中国重汽,0.0321988428957873
20260529,03898,时代电气,0.01423180981502175
20260529,03931,中创新航,0.011243642864021115
20260529,06680,金力永磁,0.0025695157117681844
20260529,09660,地平线,0.019333115980649566
20260529,09690,途虎-W,0.006249681674915154
20260529,09696,天齐锂业,0.008104225033554052
20260529,09863,零跑汽车,0.027891880810225422
20260529,09868,小鹏集团-W,0.12573203107919864
20260529,09973,奇瑞汽车,0.004686736484438025
20260601,00175,吉利汽车,0.12478434887608993
20260601,00179,德昌电机控股,0.008815816935174027
20260601,00187,京城机电股份,0.0002496376847518395
20260601,00189,东岳集团,0.021002298262926107
20260601,00425,敏实集团,0.02095039925648756
20260601,00564,中创智领,0.002923432353779997
20260601,00666,瑞浦兰钧,0.005923241109693702
20260601,00819,天能动力,0.0033150706849024996
20260601,00868,信义玻璃,0.0158919924523604
20260601,00881,中升控股,0.006456490411665777
20260601,01057,浙江世宝,0.0007443379749893838
20260601,01114,BRILLIANCE CHI,0.008176604756318795
20260601,01211,比亚迪股份,0.1403655245868873
20260601,01316,耐世特,0.0035860539287540655
20260601,01772,赣锋锂业,0.01991588291012623
20260601,01882,海天国际,0.008954801204362917
20260601,02015,理想汽车-W,0.09012415451777459
20260601,02050,三花智控,0.0062697492425032595
20260601,02238,广汽集团,0.007626238596272158
20260601,02333,长城汽车,0.02518265065862307
20260601,02338,潍柴动力,0.08060671959066405
20260601,02382,舜宇光学科技,0.037059440974095276
20260601,02402,亿华通,0.0005061163397628207
20260601,02431,佑驾创新,0.0001161521701383364
20260601,02465,龙蟠科技,0.001222772920328083
20260601,02473,喜相逢集团,0.0005615368583178917
20260601,02498,速腾聚创,0.008536491748685787
20260601,02533,黑芝麻智能,0.006134358647564425
20260601,02570,重塑能源,9.652406981674872e-05
20260601,02582,国富氢能,0.0001614988548518867
20260601,03606,福耀玻璃,0.02376226895182206
20260601,03677,正力新能,0.0003172536038743676
20260601,03750,宁德时代,0.05837339305933342
20260601,03808,中国重汽,0.03178632295784734
20260601,03898,时代电气,0.013989380071996738
20260601,03931,中创新航,0.011366575166524584
20260601,06680,金力永磁,0.0024603823753110137
20260601,09660,地平线,0.019673187222620483
20260601,09690,途虎-W,0.006224532449630073
20260601,09696,天齐锂业,0.00799938898878293
20260601,09863,零跑汽车,0.029517372290378638
20260601,09868,小鹏集团-W,0.13356518160892608
20260601,09973,奇瑞汽车,0.00470442267428335
20260603,00175,吉利汽车,0.12371840349497387
20260603,00179,德昌电机控股,0.008392996036612003
20260603,00187,京城机电股份,0.0002381279342830164
20260603,00189,东岳集团,0.020543660078110617
20260603,00425,敏实集团,0.020513883302847962
20260603,00564,中创智领,0.002843646092659487
20260603,00666,瑞浦兰钧,0.005911142795683198
20260603,00819,天能动力,0.003282921823139786
20260603,00868,信义玻璃,0.015364643499894585
20260603,00881,中升控股,0.0063435746125830896
20260603,01057,浙江世宝,0.0007246065393105408
20260603,01114,BRILLIANCE CHI,0.00803817650018909
20260603,01211,比亚迪股份,0.1432683445747729
20260603,01316,耐世特,0.00358649827552788
20260603,01772,赣锋锂业,0.018994448220179167
20260603,01882,海天国际,0.009426657034768905
20260603,02015,理想汽车-W,0.08992837743792315
20260603,02050,三花智控,0.006272245504867955
20260603,02238,广汽集团,0.007414273260704552
20260603,02333,长城汽车,0.02463239521346461
20260603,02338,潍柴动力,0.07852528155335672
20260603,02382,舜宇光学科技,0.03694182079646504
20260603,02402,亿华通,0.0005038903263423857
20260603,02431,佑驾创新,0.00011203313995491268
20260603,02465,龙蟠科技,0.001231731908836943
20260603,02473,喜相逢集团,0.0005693676003868766
20260603,02498,速腾聚创,0.008623474891011035
20260603,02533,黑芝麻智能,0.006219909695135424
20260603,02570,重塑能源,9.023613787949589e-05
20260603,02582,国富氢能,0.00014708663009994314
20260603,03606,福耀玻璃,0.024143918070647846
20260603,03677,正力新能,0.0003177243745795252
20260603,03750,宁德时代,0.060171803222704004
20260603,03808,中国重汽,0.03486467864684153
20260603,03898,时代电气,0.014127217915053772
20260603,03931,中创新航,0.01159491237842402
20260603,06680,金力永磁,0.0024815225476255507
20260603,09660,地平线,0.019145920131039662
20260603,09690,途虎-W,0.006062729730301351
20260603,09696,天齐锂业,0.007688130449708815
20260603,09863,零跑汽车,0.02870992991041705
20260603,09868,小鹏集团-W,0.13369182596175064
20260603,09973,奇瑞汽车,0.004595831748940979
20260604,00175,吉利汽车,0.12353632176262844
20260604,00179,德昌电机控股,0.008928655666638304
20260604,00187,京城机电股份,0.0002341930489564981
20260604,00189,东岳集团,0.021917066764728706
20260604,00425,敏实集团,0.02037296825234274
20260604,00564,中创智领,0.002669476281683506
20260604,00666,瑞浦兰钧,0.00573235829922878
20260604,00819,天能动力,0.003311881130197268
20260604,00868,信义玻璃,0.01561756168408203
20260604,00881,中升控股,0.006262789550535044
20260604,01057,浙江世宝,0.0007188760481730265
20260604,01114,BRILLIANCE CHI,0.008084900044709784
20260604,01211,比亚迪股份,0.14269727557977527
20260604,01316,耐世特,0.0036101655802443385
20260604,01772,赣锋锂业,0.018257498918649445
20260604,01882,海天国际,0.009711257714527386
20260604,02015,理想汽车-W,0.08832160471655418
20260604,02050,三花智控,0.006516451184725896
20260604,02238,广汽集团,0.007344392235165252
20260604,02333,长城汽车,0.024734603683367173
20260604,02338,潍柴动力,0.08203483021979573
20260604,02382,舜宇光学科技,0.03750837801406531
20260604,02402,亿华通,0.0004832944739933574
20260604,02431,佑驾创新,0.00011306980133105344
20260604,02465,龙蟠科技,0.001171067557167356
20260604,02473,喜相逢集团,0.0005606718690614284
20260604,02498,速腾聚创,0.00852004923359656
20260604,02533,黑芝麻智能,0.006130558101124233
20260604,02570,重塑能源,8.641011704617217e-05
20260604,02582,国富氢能,0.00013980256589083843
20260604,03606,福耀玻璃,0.024260605020341573
20260604,03677,正力新能,0.00031069348072572427
20260604,03750,宁德时代,0.05769541543099798
20260604,03808,中国重汽,0.03745863957896583
20260604,03898,时代电气,0.01461371641194939
20260604,03931,中创新航,0.010883173002883627
20260604,06680,金力永磁,0.0024809291724318784
20260604,09660,地平线,0.01868510622316616
20260604,09690,途虎-W,0.006009990263588056
20260604,09696,天齐锂业,0.00750163175464812
20260604,09863,零跑汽车,0.028599351709266148
20260604,09868,小鹏集团-W,0.1315072238865159
20260604,09973,奇瑞汽车,0.004665093964534684
20260605,00175,吉利汽车,0.12557151375089248
20260605,00179,德昌电机控股,0.00875556546436426
20260605,00187,京城机电股份,0.00023481038224890956
20260605,00189,东岳集团,0.02121486201240771
20260605,00425,敏实集团,0.020102091595163532
20260605,00564,中创智领,0.002686234355767613
20260605,00666,瑞浦兰钧,0.005694207751412428
20260605,00819,天能动力,0.0033653019803933613
20260605,00868,信义玻璃,0.01562500447855011
20260605,00881,中升控股,0.0062714480750451175
20260605,01057,浙江世宝,0.0007172099430595945
20260605,01114,BRILLIANCE CHI,0.008333387474027993
20260605,01211,比亚迪股份,0.1436521818970651
20260605,01316,耐世特,0.0036136375839734124
20260605,01772,赣锋锂业,0.018297937540492068
20260605,01882,海天国际,0.009750102158713702
20260605,02015,理想汽车-W,0.09005655166737257
20260605,02050,三花智控,0.006521037672655871
20260605,02238,广汽集团,0.007475371915521026
20260605,02333,长城汽车,0.025229643329702407
20260605,02338,潍柴动力,0.07810165630397849
20260605,02382,舜宇光学科技,0.03782583422609747
20260605,02402,亿华通,0.0005018364682865626
20260605,02431,佑驾创新,0.00013710334735672869
20260605,02465,龙蟠科技,0.0011661547345511996
20260605,02473,喜相逢集团,0.0005603561897193127
20260605,02498,速腾聚创,0.009002064862399356
20260605,02533,黑芝麻智能,0.006200074914797674
20260605,02570,重塑能源,8.628673211257532e-05
20260605,02582,国富氢能,0.0001404771884393311
20260605,03606,福耀玻璃,0.024549918851060577
20260605,03677,正力新能,0.00031603635273758123
20260605,03750,宁德时代,0.056913414793422525
20260605,03808,中国重汽,0.03638409937479919
20260605,03898,时代电气,0.014283141294697007
20260605,03931,中创新航,0.010654291568851152
20260605,06680,金力永磁,0.002567060137349847
20260605,09660,地平线,0.018615839955775336
20260605,09690,途虎-W,0.00621942225127136
20260605,09696,天齐锂业,0.007442693428220952
20260605,09863,零跑汽车,0.029799526004587757
20260605,09868,小鹏集团-W,0.13062773711068504
20260605,09973,奇瑞汽车,0.004736872879973807
20260608,00175,吉利汽车,0.12684680775646054
20260608,00179,德昌电机控股,0.008470206060132584
20260608,00187,京城机电股份,0.00023801312702855486
20260608,00189,东岳集团,0.020850883612637018
20260608,00425,敏实集团,0.01992385692205924
20260608,00564,中创智领,0.002654114226800734
20260608,00666,瑞浦兰钧,0.005648212220647015
20260608,00819,天能动力,0.0033462349713651836
20260608,00868,信义玻璃,0.015685126296423445
20260608,00881,中升控股,0.006494360366966343
20260608,01057,浙江世宝,0.0007271721954258898
20260608,01114,BRILLIANCE CHI,0.008573156304016446
20260608,01211,比亚迪股份,0.14352788505928232
20260608,01316,耐世特,0.0035231300008873065
20260608,01772,赣锋锂业,0.018068640261311778
20260608,01882,海天国际,0.00983344729136546
20260608,02015,理想汽车-W,0.09249840634522485
20260608,02050,三花智控,0.006517733102977442
20260608,02238,广汽集团,0.007423989130315493
20260608,02333,长城汽车,0.025481027208329027
20260608,02338,潍柴动力,0.07799857011509319
20260608,02382,舜宇光学科技,0.036016284138754705
20260608,02402,亿华通,0.0005010673779039726
20260608,02431,佑驾创新,0.00012330763674225326
20260608,02465,龙蟠科技,0.001145998767444047
20260608,02473,喜相逢集团,0.0005407413345122049
20260608,02498,速腾聚创,0.00889394595779551
20260608,02533,黑芝麻智能,0.0062279540341089795
20260608,02570,重塑能源,8.461328400089075e-05
20260608,02582,国富氢能,0.00013798638843488245
20260608,03606,福耀玻璃,0.024622037067567454
20260608,03677,正力新能,0.0003013965584771237
20260608,03750,宁德时代,0.05641140705233048
20260608,03808,中国重汽,0.03837647128656319
20260608,03898,时代电气,0.014615108053903498
20260608,03931,中创新航,0.010490608422930989
20260608,06680,金力永磁,0.0025366536006388605
20260608,09660,地平线,0.018980054515261316
20260608,09690,途虎-W,0.006264520809701984
20260608,09696,天齐锂业,0.007475387720705324
20260608,09863,零跑汽车,0.028889803764069695
20260608,09868,小鹏集团-W,0.1282772130778157
20260608,09973,奇瑞汽车,0.0047564665755869765
20260609,00175,吉利汽车,0.1282550538689343
20260609,00179,德昌电机控股,0.00829894004548886
20260609,00187,京城机电股份,0.00023083024318368376
20260609,00189,东岳集团,0.020136142963646485
20260609,00425,敏实集团,0.020116256841412043
20260609,00564,中创智领,0.002647651924567567
20260609,00666,瑞浦兰钧,0.00557621989980207
20260609,00819,天能动力,0.0033327628612285737
20260609,00868,信义玻璃,0.015445089902436562
20260609,00881,中升控股,0.006405811453822676
20260609,01057,浙江世宝,0.0007133295709495783
20260609,01114,BRILLIANCE CHI,0.00877454350120996
20260609,01211,比亚迪股份,0.14398490094374694
20260609,01316,耐世特,0.003578382935245175
20260609,01772,赣锋锂业,0.018964328636876485
20260609,01882,海天国际,0.009857830558352255
20260609,02015,理想汽车-W,0.09066438506053477
20260609,02050,三花智控,0.006460796959864072
20260609,02238,广汽集团,0.007270835087231344
20260609,02333,长城汽车,0.025523346405799653
20260609,02338,潍柴动力,0.07732649823368133
20260609,02382,舜宇光学科技,0.03630842979375429
20260609,02402,亿华通,0.0004963818070139698
20260609,02431,佑驾创新,0.00012618236039862795
20260609,02465,龙蟠科技,0.0011723889827737332
20260609,02473,喜相逢集团,0.0005255380379402107
20260609,02498,速腾聚创,0.00873089988997908
20260609,02533,黑芝麻智能,0.0060171927700350515
20260609,02570,重塑能源,7.966546914908582e-05
20260609,02582,国富氢能,0.0001299025018964782
20260609,03606,福耀玻璃,0.025049860103776515
20260609,03677,正力新能,0.00029602345455454724
20260609,03750,宁德时代,0.05712231902369815
20260609,03808,中国重汽,0.039569602614938866
20260609,03898,时代电气,0.015489247679565518
20260609,03931,中创新航,0.01045202486621214
20260609,06680,金力永磁,0.0025877667199680266
20260609,09660,地平线,0.018344471401692
20260609,09690,途虎-W,0.0062761357898224075
20260609,09696,天齐锂业,0.007792335410619009
20260609,09863,零跑汽车,0.028850090501515442
20260609,09868,小鹏集团-W,0.1262247034725872
20260609,09973,奇瑞汽车,0.004794899450095034
20260610,00175,吉利汽车,0.13800092066592104
20260610,00179,德昌电机控股,0.008087440554886097
20260610,00187,京城机电股份,0.00025038274161089824
20260610,00189,东岳集团,0.020703236293812387
20260610,00425,敏实集团,0.0187887209304818
20260610,00564,中创智领,0.0026601411276941035
20260610,00666,瑞浦兰钧,0.005696371173441512
20260610,00819,天能动力,0.003395657981368287
20260610,00868,信义玻璃,0.016000939205164
20260610,00881,中升控股,0.006661272938807074
20260610,01057,浙江世宝,0.0007110869861749509
20260610,01114,BRILLIANCE CHI,0.00906422965041412
20260610,01211,比亚迪股份,0.14366875912693847
20260610,01316,耐世特,0.0035212705567857906
20260610,01772,赣锋锂业,0.01860257969229481
20260610,01882,海天国际,0.009904673253002627
20260610,02015,理想汽车-W,0.09013029889793125
20260610,02050,三花智控,0.006387708343362294
20260610,02238,广汽集团,0.007508003410234784
20260610,02333,长城汽车,0.026345506074860962
20260610,02338,潍柴动力,0.07445523166096103
20260610,02382,舜宇光学科技,0.035436178014809694
20260610,02402,亿华通,0.00048048526115985454
20260610,02431,佑驾创新,0.0001366574963558547
20260610,02465,龙蟠科技,0.0011302635760244734
20260610,02473,喜相逢集团,0.0005526360511879171
20260610,02498,速腾聚创,0.008739714897081417
20260610,02533,黑芝麻智能,0.00584340278339059
20260610,02570,重塑能源,8.380411762827073e-05
20260610,02582,国富氢能,0.000126361383616715
20260610,03606,福耀玻璃,0.025258002567045554
20260610,03677,正力新能,0.00030513934117814136
20260610,03750,宁德时代,0.05509356325688773
20260610,03808,中国重汽,0.03847114444672093
20260610,03898,时代电气,0.01506864179680571
20260610,03931,中创新航,0.010388403349692392
20260610,06680,金力永磁,0.0025331557372447137
20260610,09660,地平线,0.018432444229365935
20260610,09690,途虎-W,0.006553990564099401
20260610,09696,天齐锂业,0.007699994712478105
20260610,09863,零跑汽车,0.027995040056730217
20260610,09868,小鹏集团-W,0.12427876081266172
20260610,09973,奇瑞汽车,0.004847784281686594
20260611,00175,吉利汽车,0.1400720059864555
20260611,00179,德昌电机控股,0.007869868217136953
20260611,00187,京城机电股份,0.00024428149445261807
20260611,00189,东岳集团,0.021420567080616307
20260611,00425,敏实集团,0.018815293468091673
20260611,00564,中创智领,0.0027291157047884323
20260611,00666,瑞浦兰钧,0.005700376331191706
20260611,00819,天能动力,0.0031398124836057592
20260611,00868,信义玻璃,0.015986312766218952
20260611,00881,中升控股,0.006846528960168615
20260611,01057,浙江世宝,0.0007045942425027896
20260611,01114,BRILLIANCE CHI,0.008927487598302529
20260611,01211,比亚迪股份,0.14390672691569947
20260611,01316,耐世特,0.003548166945534262
20260611,01772,赣锋锂业,0.020293406210197422
20260611,01882,海天国际,0.010070379975393642
20260611,02015,理想汽车-W,0.09017524360333039
20260611,02050,三花智控,0.0063420128940746365
20260611,02238,广汽集团,0.0075054955027357454
20260611,02333,长城汽车,0.02669809190751355
20260611,02338,潍柴动力,0.0742779072259558
20260611,02382,舜宇光学科技,0.03480951946704314
20260611,02402,亿华通,0.0004696978420709297
20260611,02431,佑驾创新,0.00012749800578621906
20260611,02465,龙蟠科技,0.0011615992592707712
20260611,02473,喜相逢集团,0.0005688823011402239
20260611,02498,速腾聚创,0.008248310659336565
20260611,02533,黑芝麻智能,0.005705804808846208
20260611,02570,重塑能源,8.451332558321868e-05
20260611,02582,国富氢能,0.00012249684269927203
20260611,03606,福耀玻璃,0.024867254729588846
20260611,03677,正力新能,0.00029786990651718334
20260611,03750,宁德时代,0.056277328547072535
20260611,03808,中国重汽,0.03814475714621099
20260611,03898,时代电气,0.015226199282864865
20260611,03931,中创新航,0.010330978555740698
20260611,06680,金力永磁,0.002565454225414638
20260611,09660,地平线,0.018049387498377388
20260611,09690,途虎-W,0.006634454322937317
20260611,09696,天齐锂业,0.008044180907768707
20260611,09863,零跑汽车,0.028270688648445483
20260611,09868,小鹏集团-W,0.11992725776637102
20260611,09973,奇瑞汽车,0.00479219043694687
20260612,00175,吉利汽车,0.13549386758394727
20260612,00179,德昌电机控股,0.007678508396703855
20260612,00187,京城机电股份,0.0002473053452139538
20260612,00189,东岳集团,0.02222043134921509
20260612,00425,敏实集团,0.019014186671128197
20260612,00564,中创智领,0.002771217679217057
20260612,00666,瑞浦兰钧,0.005679421014870017
20260612,00819,天能动力,0.0031531431514779107
20260612,00868,信义玻璃,0.015676086770475054
20260612,00881,中升控股,0.006304473754462948
20260612,01057,浙江世宝,0.0007166632413852317
20260612,01114,BRILLIANCE CHI,0.008962437874036375
20260612,01211,比亚迪股份,0.14279291588155218
20260612,01316,耐世特,0.0034964674850727607
20260612,01772,赣锋锂业,0.02063079559980505
20260612,01882,海天国际,0.010008831335319912
20260612,02015,理想汽车-W,0.09384853836358344
20260612,02050,三花智控,0.006251326146112621
20260612,02238,广汽集团,0.0074951030661538805
20260612,02333,长城汽车,0.026870800998127446
20260612,02338,潍柴动力,0.0755905837890747
20260612,02382,舜宇光学科技,0.03468204017048308
20260612,02402,亿华通,0.00046905068456231633
20260612,02431,佑驾创新,0.00012509656716909562
20260612,02465,龙蟠科技,0.0012552666342164163
20260612,02473,喜相逢集团,0.00055513137739331
20260612,02498,速腾聚创,0.008077269065135796
20260612,02533,黑芝麻智能,0.005817451190776388
20260612,02570,重塑能源,8.245559584524869e-05
20260612,02582,国富氢能,0.00011896769557031504
20260612,03606,福耀玻璃,0.02466655770382916
20260612,03677,正力新能,0.00029400150977609157
20260612,03750,宁德时代,0.05586489503159183
20260612,03808,中国重汽,0.03785568969685917
20260612,03898,时代电气,0.014646006245627369
20260612,03931,中创新航,0.01041373623593108
20260612,06680,金力永磁,0.0026099315845123042
20260612,09660,地平线,0.018166666644905842
20260612,09690,途虎-W,0.006641715298200362
20260612,09696,天齐锂业,0.00826171891515624
20260612,09863,零跑汽车,0.028875679318790207
20260612,09868,小鹏集团-W,0.12080343853966409
20260612,09973,奇瑞汽车,0.004814128797069244
20260615,00175,吉利汽车,0.1497219454790341
20260615,00179,德昌电机控股,0.006954369708463387
20260615,00425,敏实集团,0.0172934459505672
20260615,00470,先导智能,0.0016837432162824049
20260615,00501,豪威集团,0.0014776031174274838
20260615,00564,中创智领,0.0023742176394819085
20260615,00666,瑞浦兰钧,0.005851189899873163
20260615,00699,均胜电子,0.0012587377586948153
20260615,00800,文远知行-W,0.00872363638969982
20260615,00868,信义玻璃,0.013804781028951763
20260615,00881,中升控股,0.005466470975048896
20260615,01057,浙江世宝,0.0006337726088993728
20260615,01114,BRILLIANCE CHI,0.009543124903497586
20260615,01211,比亚迪股份,0.1454673353208631
20260615,01304,FORTIOR,0.0013637894864206603
20260615,01316,耐世特,0.0031051456334622233
20260615,01772,赣锋锂业,0.01814139166843525
20260615,01810,小米集团-W,0.02886046421505071
20260615,02015,理想汽车-W,0.09729379885634236
20260615,02026,小马智行-W,0.011071887210099449
20260615,02050,三花智控,0.0054907522286819724
20260615,02238,广汽集团,0.008019130773031296
20260615,02333,长城汽车,0.028131935494412504
20260615,02338,潍柴动力,0.08528657467467983
20260615,02382,舜宇光学科技,0.02962221831589478
20260615,02402,亿华通,0.0004260987973384224
20260615,02431,佑驾创新,0.00010863545246468548
20260615,02465,龙蟠科技,0.0010928538220545826
20260615,02473,喜相逢集团,0.0005616273706187297
20260615,02498,速腾聚创,0.006993001046326144
20260615,02525,禾赛-W,0.011922869982830927
20260615,02533,黑芝麻智能,0.006275010906064017
20260615,02570,重塑能源,7.823453328180872e-05
20260615,02582,国富氢能,8.983608286008935e-05
20260615,02650,挚达科技,0.000290782817898555
20260615,02665,图达通,0.00037419552972250205
20260615,02889,博泰车联,0.0010113392695202757
20260615,03606,福耀玻璃,0.021988884622164265
20260615,03677,正力新能,0.0002633430272075168
20260615,03750,宁德时代,0.03104629334135441
20260615,03808,中国重汽,0.04352858883002808
20260615,03881,希迪智驾,0.000404991266037624
20260615,03931,中创新航,0.009582515505076198
20260615,09660,地平线,0.027371608809354242
20260615,09690,途虎-W,0.005065443065608041
20260615,09696,天齐锂业,0.007570162952571288
20260615,09863,零跑汽车,0.030198408364583627
20260615,09868,小鹏集团-W,0.09809573319302954
20260615,09927,赛力斯,0.003995549378320946
20260615,09973,奇瑞汽车,0.005022529480387856
20260616,00175,吉利汽车,0.14833377677087684
20260616,00179,德昌电机控股,0.006927863900883691
20260616,00425,敏实集团,0.01695764670486862
20260616,00470,先导智能,0.0018670317568429257
20260616,00501,豪威集团,0.0014514186034015962
20260616,00564,中创智领,0.0023636550389516107
20260616,00666,瑞浦兰钧,0.005945812979686494
20260616,00699,均胜电子,0.0012579424497467543
20260616,00800,文远知行-W,0.00925933725700214
20260616,00868,信义玻璃,0.014261118174961326
20260616,00881,中升控股,0.005324230879206433
20260616,01057,浙江世宝,0.0006357889854160072
20260616,01114,BRILLIANCE CHI,0.009392851090867554
20260616,01211,比亚迪股份,0.14623146664568168
20260616,01304,FORTIOR,0.0013522792541746757
20260616,01316,耐世特,0.003056966466091961
20260616,01772,赣锋锂业,0.018016260382057572
20260616,01810,小米集团-W,0.02860914542429167
20260616,02015,理想汽车-W,0.09832631390966223
20260616,02026,小马智行-W,0.011224674480695312
20260616,02050,三花智控,0.005427956581505065
20260616,02238,广汽集团,0.007934854082049964
20260616,02333,长城汽车,0.027946023627640208
20260616,02338,潍柴动力,0.08347695348702161
20260616,02382,舜宇光学科技,0.029471256263643775
20260616,02402,亿华通,0.0004258977027536548
20260616,02431,佑驾创新,0.00010398822082462334
20260616,02465,龙蟠科技,0.0011587258891886602
20260616,02473,喜相逢集团,0.0005438148477219983
20260616,02498,速腾聚创,0.006640020058268458
20260616,02525,禾赛-W,0.011766080334884691
20260616,02533,黑芝麻智能,0.005950368448225737
20260616,02570,重塑能源,7.393757073185278e-05
20260616,02582,国富氢能,0.00010724653900014987
20260616,02650,挚达科技,0.00028004549816669803
20260616,02665,图达通,0.00036910104754234445
20260616,02889,博泰车联,0.000966377020968953
20260616,03606,福耀玻璃,0.02154566754133464
20260616,03677,正力新能,0.00026579228643204886
20260616,03750,宁德时代,0.03188519132145564
20260616,03808,中国重汽,0.04610893921212894
20260616,03881,希迪智驾,0.0004095289005448487
20260616,03931,中创新航,0.009798426771256313
20260616,09660,地平线,0.027175184302868426
20260616,09690,途虎-W,0.005050053442208929
20260616,09696,天齐锂业,0.0074596955500075435
20260616,09863,零跑汽车,0.029347903440960804
20260616,09868,小鹏集团-W,0.09831102606608987
20260616,09927,赛力斯,0.004119996631424044
20260616,09973,奇瑞汽车,0.005084366157782483
20260617,00175,吉利汽车,0.14696067896845194
20260617,00179,德昌电机控股,0.00764839116139643
20260617,00425,敏实集团,0.017426814719862294
20260617,00470,先导智能,0.0017965023055193502
20260617,00501,豪威集团,0.0014739516016271425
20260617,00564,中创智领,0.0023524273800257637
20260617,00666,瑞浦兰钧,0.0060315671587270045
20260617,00699,均胜电子,0.001231594095656496
20260617,00800,文远知行-W,0.008910147381669864
20260617,00868,信义玻璃,0.014688486816816084
20260617,00881,中升控股,0.005164756979714872
20260617,01057,浙江世宝,0.0006370852071364804
20260617,01114,BRILLIANCE CHI,0.009170751881333282
20260617,01211,比亚迪股份,0.144294028999604
20260617,01304,FORTIOR,0.00133187458236121
20260617,01316,耐世特,0.0030329310747183756
20260617,01772,赣锋锂业,0.018247968425339735
20260617,01810,小米集团-W,0.028550088500648666
20260617,02015,理想汽车-W,0.09567039154609609
20260617,02026,小马智行-W,0.011161545680377877
20260617,02050,三花智控,0.005349332338991745
20260617,02238,广汽集团,0.00782066149672151
20260617,02333,长城汽车,0.027734635031235074
20260617,02338,潍柴动力,0.08837012807120397
20260617,02382,舜宇光学科技,0.03194455958202158
20260617,02402,亿华通,0.00043699210536020025
20260617,02431,佑驾创新,0.00010851502744811826
20260617,02465,龙蟠科技,0.0011134721040077396
20260617,02473,喜相逢集团,0.0005198833630329149
20260617,02498,速腾聚创,0.0063148634325980975
20260617,02525,禾赛-W,0.01157982292041216
20260617,02533,黑芝麻智能,0.005951483130853178
20260617,02570,重塑能源,7.548329014787186e-05
20260617,02582,国富氢能,8.49031056952509e-05
20260617,02650,挚达科技,0.0002712719728991907
20260617,02665,图达通,0.00035199542533831976
20260617,02889,博泰车联,0.0008749199539866965
20260617,03606,福耀玻璃,0.02171821131770096
20260617,03677,正力新能,0.00026275670917589775
20260617,03750,宁德时代,0.03188545179903388
20260617,03808,中国重汽,0.0467049114816892
20260617,03881,希迪智驾,0.0005642531895764471
20260617,03931,中创新航,0.009957306479539433
20260617,09660,地平线,0.02689949976178706
20260617,09690,途虎-W,0.005046307477922912
20260617,09696,天齐锂业,0.0074856342159453585
20260617,09863,零跑汽车,0.02926864575483731
20260617,09868,小鹏集团-W,0.09646109460611615
20260617,09927,赛力斯,0.003963652518818519
20260617,09973,奇瑞汽车,0.00509736786882046
20260618,00175,吉利汽车,0.14570332566975727
20260618,00179,德昌电机控股,0.007481598496524299
20260618,00425,敏实集团,0.016835002260130103
20260618,00470,先导智能,0.0017031281130299217
20260618,00501,豪威集团,0.0014722512584218175
20260618,00564,中创智领,0.0023238632345828156
20260618,00666,瑞浦兰钧,0.00623218956539165
20260618,00699,均胜电子,0.0012182292147776583
20260618,00800,文远知行-W,0.00922411655859695
20260618,00868,信义玻璃,0.014211146068137932
20260618,00881,中升控股,0.005159668020998324
20260618,01057,浙江世宝,0.0006206392822608194
20260618,01114,BRILLIANCE CHI,0.007671488080555096
20260618,01211,比亚迪股份,0.14566134805982853
20260618,01304,FORTIOR,0.0013506950896403265
20260618,01316,耐世特,0.0028539823054790216
20260618,01772,赣锋锂业,0.017446265264982937
20260618,01810,小米集团-W,0.028437370851562293
20260618,02015,理想汽车-W,0.09489407705667564
20260618,02026,小马智行-W,0.011431710758677731
20260618,02050,三花智控,0.005546699028826908
20260618,02238,广汽集团,0.007709073056263748
20260618,02333,长城汽车,0.028522635875078143
20260618,02338,潍柴动力,0.09341091609217266
20260618,02382,舜宇光学科技,0.03284093075095212
20260618,02402,亿华通,0.00040698155379548104
20260618,02431,佑驾创新,0.00010756363213857566
20260618,02465,龙蟠科技,0.0010341059614866928
20260618,02473,喜相逢集团,0.0005725918505006715
20260618,02498,速腾聚创,0.006214698894588006
20260618,02525,禾赛-W,0.011798615515170616
20260618,02533,黑芝麻智能,0.005921462607269923
20260618,02570,重塑能源,7.430739778863292e-05
20260618,02582,国富氢能,8.120782681801585e-05
20260618,02650,挚达科技,0.00027596924152928
20260618,02665,图达通,0.00038455515944998655
20260618,02889,博泰车联,0.0008644704145143623
20260618,03606,福耀玻璃,0.021439648967508128
20260618,03677,正力新能,0.00026205657096309363
20260618,03750,宁德时代,0.03268039993672689
20260618,03808,中国重汽,0.04520573285726974
20260618,03881,希迪智驾,0.0005625766444788588
20260618,03931,中创新航,0.009855218296909262
20260618,09660,地平线,0.026137100056045214
20260618,09690,途虎-W,0.0048488771700152125
20260618,09696,天齐锂业,0.007120603829709358
20260618,09863,零跑汽车,0.02937314569938028
20260618,09868,小鹏集团-W,0.09580223421516076
20260618,09927,赛力斯,0.0038612053455387425
20260618,09973,奇瑞汽车,0.005152320341939259
20260622,00175,吉利汽车,0.1396936064613891
20260622,00179,德昌电机控股,0.00799080266550401
20260622,00425,敏实集团,0.016514016267119066
20260622,00470,先导智能,0.0017344587635505272
20260622,00501,豪威集团,0.0015075527474586706
20260622,00564,中创智领,0.002327010746232199
20260622,00666,瑞浦兰钧,0.006476614108943278
20260622,00699,均胜电子,0.001207894426235716
20260622,00800,文远知行-W,0.00923968770864445
20260622,00868,信义玻璃,0.013861593173561495
20260622,00881,中升控股,0.0051727098330537034
20260622,01057,浙江世宝,0.0006071121075075549
20260622,01114,BRILLIANCE CHI,0.00789783691274406
20260622,01211,比亚迪股份,0.14376222718292256
20260622,01304,FORTIOR,0.0013619514991998418
20260622,01316,耐世特,0.00296292097673608
20260622,01772,赣锋锂业,0.018013483635526194
20260622,01810,小米集团-W,0.027838185563115025
20260622,02015,理想汽车-W,0.09337662530896493
20260622,02026,小马智行-W,0.011499921599203962
20260622,02050,三花智控,0.005419780977776097
20260622,02238,广汽集团,0.007791438478452264
20260622,02333,长城汽车,0.027430018878007147
20260622,02338,潍柴动力,0.09842760347892791
20260622,02382,舜宇光学科技,0.03336297983056452
20260622,02402,亿华通,0.0004317946752843964
20260622,02431,佑驾创新,0.00010372478305164357
20260622,02465,龙蟠科技,0.0011440650294603024
20260622,02473,喜相逢集团,0.0006048572209194756
20260622,02498,速腾聚创,0.006202709813822742
20260622,02525,禾赛-W,0.01154260338104975
20260622,02533,黑芝麻智能,0.006276364073589072
20260622,02570,重塑能源,0.0001148059399987757
20260622,02582,国富氢能,8.806942759726508e-05
20260622,02650,挚达科技,0.0002625654368490518
20260622,02665,图达通,0.0003805121117383664
20260622,02889,博泰车联,0.0008122423616916748
20260622,03606,福耀玻璃,0.02161832250489011
20260622,03677,正力新能,0.00026759061267391405
20260622,03750,宁德时代,0.0350312737790877
20260622,03808,中国重汽,0.044263952011709774
20260622,03881,希迪智驾,0.0005484206308864074
20260622,03931,中创新航,0.01005743843614415
20260622,09660,地平线,0.026571583553925394
20260622,09690,途虎-W,0.004789250262418062
20260622,09696,天齐锂业,0.007442059907962163
20260622,09863,零跑汽车,0.029150722833370387
20260622,09868,小鹏集团-W,0.09789670653809743
20260622,09927,赛力斯,0.0037859545813849907
20260622,09973,奇瑞汽车,0.005134376761056357
20260623,00175,吉利汽车,0.1460949308020841
20260623,00179,德昌电机控股,0.008003817299776403
20260623,00425,敏实集团,0.016604639110038184
20260623,00470,先导智能,0.0016216439132776754
20260623,00501,豪威集团,0.0014999470970588837
20260623,00564,中创智领,0.0023362513610894085
20260623,00666,瑞浦兰钧,0.006630830577512299
20260623,00699,均胜电子,0.001247914544672774
20260623,00800,文远知行-W,0.009045300090011863
20260623,00868,信义玻璃,0.01400754917951649
20260623,00881,中升控股,0.005364769288034691
20260623,01057,浙江世宝,0.0006286192813608334
20260623,01114,BRILLIANCE CHI,0.007849252484449775
20260623,01211,比亚迪股份,0.14388396884481297
20260623,01304,FORTIOR,0.001352149714187098
20260623,01316,耐世特,0.002956231722501716
20260623,01772,赣锋锂业,0.017796843482354312
20260623,01810,小米集团-W,0.0274273176083379
20260623,02015,理想汽车-W,0.09166412066388878
20260623,02026,小马智行-W,0.011013703900333665
20260623,02050,三花智控,0.005326219987606742
20260623,02238,广汽集团,0.008087081783535602
20260623,02333,长城汽车,0.02881430706738511
20260623,02338,潍柴动力,0.09683945197231722
20260623,02382,舜宇光学科技,0.03272128785609812
20260623,02402,亿华通,0.0004702112327882469
20260623,02431,佑驾创新,0.00010644085120330962
20260623,02465,龙蟠科技,0.0011469544782723978
20260623,02473,喜相逢集团,0.0006106396336536495
20260623,02498,速腾聚创,0.006186937137603992
20260623,02525,禾赛-W,0.01158901920754402
20260623,02533,黑芝麻智能,0.006349957066071729
20260623,02570,重塑能源,0.00011439467305146905
20260623,02582,国富氢能,8.876197827189651e-05
20260623,02650,挚达科技,0.00024655176758317635
20260623,02665,图达通,0.0003746651123517439
20260623,02889,博泰车联,0.0006782471193630045
20260623,03606,福耀玻璃,0.022162505804117685
20260623,03677,正力新能,0.0002632781870579822
20260623,03750,宁德时代,0.03404185621882928
20260623,03808,中国重汽,0.04338786424577283
20260623,03881,希迪智驾,0.0006060611731780283
20260623,03931,中创新航,0.009686685589633188
20260623,09660,地平线,0.025952518624475406
20260623,09690,途虎-W,0.005039113754423811
20260623,09696,天齐锂业,0.007266484646684214
20260623,09863,零跑汽车,0.029520643208863145
20260623,09868,小鹏集团-W,0.09615258264271545
20260623,09927,赛力斯,0.0037832788073224083
20260623,09973,奇瑞汽车,0.005356197206925225
20260624,00175,吉利汽车,0.14524222437682788
20260624,00179,德昌电机控股,0.007846450238957622
20260624,00425,敏实集团,0.016504848524976978
20260624,00470,先导智能,0.0016422054169540003
20260624,00501,豪威集团,0.0015846282973568833
20260624,00564,中创智领,0.0023131280845948396
20260624,00666,瑞浦兰钧,0.006607921796791097
20260624,00699,均胜电子,0.0012201017518819496
20260624,00800,文远知行-W,0.008866742283722842
20260624,00868,信义玻璃,0.01386062685252999
20260624,00881,中升控股,0.005443904921162018
20260624,01057,浙江世宝,0.000616480935744555
20260624,01114,BRILLIANCE CHI,0.007720867063132808
20260624,01211,比亚迪股份,0.1440274712274944
20260624,01304,FORTIOR,0.0014318829393109495
20260624,01316,耐世特,0.00300628350138704
20260624,01772,赣锋锂业,0.018410594176592448
20260624,01810,小米集团-W,0.027875441006112712
20260624,02015,理想汽车-W,0.09406062501824436
20260624,02026,小马智行-W,0.01057246026009265
20260624,02050,三花智控,0.00531506899018233
20260624,02238,广汽集团,0.007905653736132176
20260624,02333,长城汽车,0.028277676037893395
20260624,02338,潍柴动力,0.0946786484976706
20260624,02382,舜宇光学科技,0.03343865832769788
20260624,02402,亿华通,0.0004421734997132127
20260624,02431,佑驾创新,0.00010469176900535795
20260624,02465,龙蟠科技,0.0011916652944455165
20260624,02473,喜相逢集团,0.0005946170557344674
20260624,02498,速腾聚创,0.0060918738681480945
20260624,02525,禾赛-W,0.011766925606656023
20260624,02533,黑芝麻智能,0.006057770239359354
20260624,02570,重塑能源,0.00011136494710659633
20260624,02582,国富氢能,0.0001061337120121582
20260624,02650,挚达科技,0.00024150868685989362
20260624,02665,图达通,0.0003697410137902232
20260624,02889,博泰车联,0.000667988481289792
20260624,03606,福耀玻璃,0.02190733950164136
20260624,03677,正力新能,0.00025458677459598897
20260624,03750,宁德时代,0.03497256711812952
20260624,03808,中国重汽,0.04192526419455822
20260624,03881,希迪智驾,0.0005890169514987547
20260624,03931,中创新航,0.009719768939699235
20260624,09660,地平线,0.026516124686957944
20260624,09690,途虎-W,0.005072956699273078
20260624,09696,天齐锂业,0.007574526614721732
20260624,09863,零跑汽车,0.02943002323523488
20260624,09868,小鹏集团-W,0.09668127259920807
20260624,09927,赛力斯,0.0037776894764668784
20260624,09973,奇瑞汽车,0.005361814770449296
20260625,00175,吉利汽车,0.14556628730205254
20260625,00179,德昌电机控股,0.008516437117614486
20260625,00425,敏实集团,0.016960224443086775
20260625,00470,先导智能,0.0016237022542480318
20260625,00501,豪威集团,0.0016246635936525598
20260625,00564,中创智领,0.0023144246164015017
20260625,00666,瑞浦兰钧,0.006646340140630876
20260625,00699,均胜电子,0.0012032535989676167
20260625,00800,文远知行-W,0.008708945333371245
20260625,00868,信义玻璃,0.014222587320616839
20260625,00881,中升控股,0.005360222518347948
20260625,01057,浙江世宝,0.0006001504568268544
20260625,01114,BRILLIANCE CHI,0.007839139173574249
20260625,01211,比亚迪股份,0.14717144943921323
20260625,01304,FORTIOR,0.0015321346759667263
20260625,01316,耐世特,0.002983585509053412
20260625,01772,赣锋锂业,0.017417753332541842
20260625,01810,小米集团-W,0.027593256261070936
20260625,02015,理想汽车-W,0.0928045817600821
20260625,02026,小马智行-W,0.01062760711705861
20260625,02050,三花智控,0.005480492944564452
20260625,02238,广汽集团,0.008090495094308196
20260625,02333,长城汽车,0.028240666849695395
20260625,02338,潍柴动力,0.09485831173010567
20260625,02382,舜宇光学科技,0.029763067964191276
20260625,02402,亿华通,0.0004686529597074692
20260625,02431,佑驾创新,0.00011872541645922554
20260625,02465,龙蟠科技,0.0011591349870098073
20260625,02473,喜相逢集团,0.0005850436947556978
20260625,02498,速腾聚创,0.006055923245274868
20260625,02525,禾赛-W,0.011311188100778441
20260625,02533,黑芝麻智能,0.005923773410702411
20260625,02570,重塑能源,0.00011948075456278334
20260625,02582,国富氢能,8.809988971497186e-05
20260625,02650,挚达科技,0.00025597378323069866
20260625,02665,图达通,0.00039850951672707656
20260625,02889,博泰车联,0.0006313939874740188
20260625,03606,福耀玻璃,0.022028131115357844
20260625,03677,正力新能,0.0002490555728731122
20260625,03750,宁德时代,0.035620199954029784
20260625,03808,中国重汽,0.042337730710920986
20260625,03881,希迪智驾,0.0005793786589790141
20260625,03931,中创新航,0.009599660625216732
20260625,09660,地平线,0.02587852374860163
20260625,09690,途虎-W,0.005121604344723999
20260625,09696,天齐锂业,0.007267210894980327
20260625,09863,零跑汽车,0.0312369042719834
20260625,09868,小鹏集团-W,0.09592958716225164
20260625,09927,赛力斯,0.0038614943866885757
20260625,09973,奇瑞汽车,0.005424838259752305
20260626,00175,吉利汽车,0.15000752935064243
20260626,00179,德昌电机控股,0.007819322809352448
20260626,00425,敏实集团,0.016811260448746465
20260626,00470,先导智能,0.0015325277164472072
20260626,00501,豪威集团,0.0016209904967116873
20260626,00564,中创智领,0.0023240666547463765
20260626,00666,瑞浦兰钧,0.00663334373640977
20260626,00699,均胜电子,0.001164851516526074
20260626,00800,文远知行-W,0.008456783016167119
20260626,00868,信义玻璃,0.014493468252868775
20260626,00881,中升控股,0.005366576574417706
20260626,01057,浙江世宝,0.000604049599561908
20260626,01114,BRILLIANCE CHI,0.007932883425091682
20260626,01211,比亚迪股份,0.14645366875763305
20260626,01304,FORTIOR,0.0015136688909209786
20260626,01316,耐世特,0.002971328487985865
20260626,01772,赣锋锂业,0.016752592485878216
20260626,01810,小米集团-W,0.027652674599756878
20260626,02015,理想汽车-W,0.09391978703423132
20260626,02026,小马智行-W,0.010352502644134957
20260626,02050,三花智控,0.005370511404555697
20260626,02238,广汽集团,0.008028648682909551
20260626,02333,长城汽车,0.028532658593860446
20260626,02338,潍柴动力,0.09395452697599017
20260626,02382,舜宇光学科技,0.02748319331246196
20260626,02402,亿华通,0.0004874226522286524
20260626,02431,佑驾创新,0.0001228305083616204
20260626,02465,龙蟠科技,0.0011398600278118049
20260626,02473,喜相逢集团,0.0006130359008229963
20260626,02498,速腾聚创,0.0060198647240847485
20260626,02525,禾赛-W,0.011200972548214432
20260626,02533,黑芝麻智能,0.0057844129963681885
20260626,02570,重塑能源,0.00011251487259445402
20260626,02582,国富氢能,0.00010554915978260453
20260626,02650,挚达科技,0.000291017910070627
20260626,02665,图达通,0.0003869249635691448
20260626,02889,博泰车联,0.0006582864474098962
20260626,03606,福耀玻璃,0.02364425250350909
20260626,03677,正力新能,0.0002502339274241496
20260626,03750,宁德时代,0.03482413294422708
20260626,03808,中国重汽,0.04416474616233536
20260626,03881,希迪智驾,0.0005806533122549328
20260626,03931,中创新航,0.009572484604888463
20260626,09660,地平线,0.02535631127611717
20260626,09690,途虎-W,0.005079812534766528
20260626,09696,天齐锂业,0.00714111406881146
20260626,09863,零跑汽车,0.03069167507633216
20260626,09868,小鹏集团-W,0.09463713138263125
20260626,09927,赛力斯,0.0037847394100250405
20260626,09973,奇瑞汽车,0.005596604617349467
20260629,00175,吉利汽车,0.1488317837888643
20260629,00179,德昌电机控股,0.0068418042035951025
20260629,00425,敏实集团,0.016668035617950567
20260629,00470,先导智能,0.001536040858125613
20260629,00501,豪威集团,0.0016597883952891852
20260629,00564,中创智领,0.0022865935225888
20260629,00666,瑞浦兰钧,0.006729631691166218
20260629,00699,均胜电子,0.0011724447781262957
20260629,00800,文远知行-W,0.008861838936877052
20260629,00868,信义玻璃,0.014664153305548386
20260629,00881,中升控股,0.0055286176474447606
20260629,01057,浙江世宝,0.0005976921863002475
20260629,01114,BRILLIANCE CHI,0.007937573211812224
20260629,01211,比亚迪股份,0.14613573955041054
20260629,01304,FORTIOR,0.00158367383870048
20260629,01316,耐世特,0.002986356381549477
20260629,01772,赣锋锂业,0.01695241293018233
20260629,01810,小米集团-W,0.028050143273726996
20260629,02015,理想汽车-W,0.09269195625539996
20260629,02026,小马智行-W,0.010940853682557115
20260629,02050,三花智控,0.005586317391955554
20260629,02238,广汽集团,0.007944149930411478
20260629,02333,长城汽车,0.028279363839306345
20260629,02338,潍柴动力,0.08759277202561212
20260629,02382,舜宇光学科技,0.02719394220168539
20260629,02402,亿华通,0.0004559858228816443
20260629,02431,佑驾创新,0.0001203101055756954
20260629,02465,龙蟠科技,0.001139245502637259
20260629,02473,喜相逢集团,0.0006154405575601024
20260629,02498,速腾聚创,0.006317508196862535
20260629,02525,禾赛-W,0.011560555953769534
20260629,02533,黑芝麻智能,0.006040900181536023
20260629,02570,重塑能源,0.00011669729482517157
20260629,02582,国富氢能,9.070610292091786e-05
20260629,02650,挚达科技,0.00025626403245948413
20260629,02665,图达通,0.0003972338033949709
20260629,02889,博泰车联,0.0006361002229198939
20260629,03606,福耀玻璃,0.024025191490983252
20260629,03677,正力新能,0.00025307213169931255
20260629,03750,宁德时代,0.035423960167211124
20260629,03808,中国重汽,0.04325446440022749
20260629,03881,希迪智驾,0.0005692807619514683
20260629,03931,中创新航,0.009832878284619779
20260629,09660,地平线,0.02876723359395718
20260629,09690,途虎-W,0.005467410319681033
20260629,09696,天齐锂业,0.007273885846607991
20260629,09863,零跑汽车,0.031043514821782345
20260629,09868,小鹏集团-W,0.09780019004998036
20260629,09927,赛力斯,0.0037594277304965106
20260629,09973,奇瑞汽车,0.005528863178272466
20260630,00175,吉利汽车,0.14593309342798003
20260630,00179,德昌电机控股,0.006925526655584729
20260630,00425,敏实集团,0.01661413704103652
20260630,00470,先导智能,0.0016032802949937923
20260630,00501,豪威集团,0.0017757939814027383
20260630,00564,中创智领,0.002242887538974145
20260630,00666,瑞浦兰钧,0.006747912321501482
20260630,00699,均胜电子,0.0011868787906786393
20260630,00800,文远知行-W,0.008813255398278328
20260630,00868,信义玻璃,0.014436230355995268
20260630,00881,中升控股,0.005267152378519874
20260630,01057,浙江世宝,0.000594085710284351
20260630,01114,BRILLIANCE CHI,0.007699881831618405
20260630,01211,比亚迪股份,0.1437669950916642
20260630,01304,FORTIOR,0.0017143067217673096
20260630,01316,耐世特,0.002942689412699863
20260630,01772,赣锋锂业,0.01699039714687377
20260630,01810,小米集团-W,0.027455703416538538
20260630,02015,理想汽车-W,0.09200282761740372
20260630,02026,小马智行-W,0.010642690026524381
20260630,02050,三花智控,0.005812467512411579
20260630,02238,广汽集团,0.007874788630121116
20260630,02333,长城汽车,0.027053520841014075
20260630,02338,潍柴动力,0.08974205287562655
20260630,02382,舜宇光学科技,0.027513627209990545
20260630,02402,亿华通,0.00044193967862964073
20260630,02431,佑驾创新,0.00011200463317680856
20260630,02465,龙蟠科技,0.001169742710649561
20260630,02473,喜相逢集团,0.0006052302760932725
20260630,02498,速腾聚创,0.006454694952115033
20260630,02525,禾赛-W,0.012431955307538154
20260630,02533,黑芝麻智能,0.0058587576368530235
20260630,02570,重塑能源,0.00010994341254130271
20260630,02582,国富氢能,8.608216348959959e-05
20260630,02650,挚达科技,0.0002493378250102566
20260630,02665,图达通,0.0003969596520497464
20260630,02889,博泰车联,0.0006073613686147277
20260630,03606,福耀玻璃,0.02360412051140952
20260630,03677,正力新能,0.0002475211559755735
20260630,03750,宁德时代,0.03556129635392184
20260630,03808,中国重汽,0.04290448220776881
20260630,03881,希迪智驾,0.0005339958883679097
20260630,03931,中创新航,0.009556587456950491
20260630,09660,地平线,0.028866451729798893
20260630,09690,途虎-W,0.005488716128865264
20260630,09696,天齐锂业,0.0072884761671486295
20260630,09863,零跑汽车,0.03146470768071143
20260630,09868,小鹏集团-W,0.10366489954960897
20260630,09927,赛力斯,0.0037042580336048066
20260630,09973,奇瑞汽车,0.005238295289622793
20260702,00175,吉利汽车,0.14748929736068242
20260702,00179,德昌电机控股,0.007199429529156951
20260702,00425,敏实集团,0.016906490909719015
20260702,00470,先导智能,0.0015114249526432479
20260702,00501,豪威集团,0.0017865935638013929
20260702,00564,中创智领,0.002290909614615989
20260702,00666,瑞浦兰钧,0.006419842179557207
20260702,00699,均胜电子,0.0011949759154300304
20260702,00800,文远知行-W,0.008570514724896554
20260702,00868,信义玻璃,0.014142157105411734
20260702,00881,中升控股,0.005243640985264164
20260702,01057,浙江世宝,0.0005950747984804526
20260702,01114,BRILLIANCE CHI,0.007716222126652369
20260702,01211,比亚迪股份,0.15231771236885905
20260702,01304,FORTIOR,0.0016173301252919979
20260702,01316,耐世特,0.00293599328744674
20260702,01772,赣锋锂业,0.01606599268270219
20260702,01810,小米集团-W,0.028208154220796495
20260702,02015,理想汽车-W,0.09166938154211642
20260702,02026,小马智行-W,0.010627056945483458
20260702,02050,三花智控,0.005917374506028659
20260702,02238,广汽集团,0.007944342690038794
20260702,02333,长城汽车,0.025201802794248426
20260702,02338,潍柴动力,0.08525522141125336
20260702,02382,舜宇光学科技,0.02630797102692565
20260702,02402,亿华通,0.00043813387521137717
20260702,02431,佑驾创新,0.0001051863592597314
20260702,02465,龙蟠科技,0.0012127237602969913
20260702,02473,喜相逢集团,0.000606952334003761
20260702,02498,速腾聚创,0.006807094335588763
20260702,02525,禾赛-W,0.012877028426134383
20260702,02533,黑芝麻智能,0.0059407701703807665
20260702,02570,重塑能源,0.00011049188665486919
20260702,02582,国富氢能,0.00010576825581274652
20260702,02650,挚达科技,0.0003063685351624556
20260702,02665,图达通,0.00038251141058493284
20260702,02889,博泰车联,0.0005914807315353592
20260702,03606,福耀玻璃,0.02292176095349022
20260702,03677,正力新能,0.00024829868209244767
20260702,03750,宁德时代,0.033427389780043025
20260702,03808,中国重汽,0.04390964005684822
20260702,03881,希迪智驾,0.0005103575062032526
20260702,03931,中创新航,0.009211080142139188
20260702,09660,地平线,0.028919300266998963
20260702,09690,途虎-W,0.005420674454216761
20260702,09696,天齐锂业,0.0070022008268938295
20260702,09863,零跑汽车,0.031297648396007724
20260702,09868,小鹏集团-W,0.10355225682202898
20260702,09927,赛力斯,0.0036120030506097945
20260702,09973,奇瑞汽车,0.005347971614298873
20260703,00175,吉利汽车,0.14951463857185657
20260703,00179,德昌电机控股,0.007929031911531718
20260703,00425,敏实集团,0.016838373301489976
20260703,00470,先导智能,0.0015012287229668186
20260703,00501,豪威集团,0.0017339244508260887
20260703,00564,中创智领,0.0023268418704805393
20260703,00666,瑞浦兰钧,0.006345253414624743
20260703,00699,均胜电子,0.0012294426188319127
20260703,00800,文远知行-W,0.008416812541009141
20260703,00868,信义玻璃,0.013911607090259605
20260703,00881,中升控股,0.005197288922977222
20260703,01057,浙江世宝,0.0005997594720181749
20260703,01114,BRILLIANCE CHI,0.007733068937085402
20260703,01211,比亚迪股份,0.15666882041835145
20260703,01304,FORTIOR,0.0016226380569582925
20260703,01316,耐世特,0.003017345092402174
20260703,01772,赣锋锂业,0.015926492590137255
20260703,01810,小米集团-W,0.02771153210169544
20260703,02015,理想汽车-W,0.088870643269369
20260703,02026,小马智行-W,0.010263566557031326
20260703,02050,三花智控,0.006260890084636371
20260703,02238,广汽集团,0.007820053679907107
20260703,02333,长城汽车,0.02532977245670029
20260703,02338,潍柴动力,0.08735225171143679
20260703,02382,舜宇光学科技,0.025734360324184097
20260703,02402,亿华通,0.0004166232848946968
20260703,02431,佑驾创新,0.00010305944415816182
20260703,02465,龙蟠科技,0.0011974251111443186
20260703,02473,喜相逢集团,0.000578557353127214
20260703,02498,速腾聚创,0.006874894215069624
20260703,02525,禾赛-W,0.012631417875823978
20260703,02533,黑芝麻智能,0.00614602603929164
20260703,02570,重塑能源,0.0001096047328049048
20260703,02582,国富氢能,9.186485727871984e-05
20260703,02650,挚达科技,0.00044580505039780774
20260703,02665,图达通,0.00037309793973751434
20260703,02889,博泰车联,0.0005777000357226028
20260703,03606,福耀玻璃,0.022684041485450727
20260703,03677,正力新能,0.0002520513169556836
20260703,03750,宁德时代,0.0322491482555707
20260703,03808,中国重汽,0.043509847496406746
20260703,03881,希迪智驾,0.0005049929250623095
20260703,03931,中创新航,0.009451924385838134
20260703,09660,地平线,0.030723947619021096
20260703,09690,途虎-W,0.005365537463632165
20260703,09696,天齐锂业,0.006899690472310685
20260703,09863,零跑汽车,0.03156642683778323
20260703,09868,小鹏集团-W,0.09851994850074569
20260703,09927,赛力斯,0.0036524359336142275
20260703,09973,奇瑞汽车,0.005218293199390197
20260706,00175,吉利汽车,0.15121320511844819
20260706,00179,德昌电机控股,0.007730208647876328
20260706,00425,敏实集团,0.01737990901882225
20260706,00470,先导智能,0.0014536039364621103
20260706,00501,豪威集团,0.001640410765533207
20260706,00564,中创智领,0.002348980491992298
20260706,00666,瑞浦兰钧,0.006341186781461051
20260706,00699,均胜电子,0.001198418017513754
20260706,00800,文远知行-W,0.008337011696294059
20260706,00868,信义玻璃,0.013781561704436373
20260706,00881,中升控股,0.00513069031293499
20260706,01057,浙江世宝,0.0005692256452683323
20260706,01114,BRILLIANCE CHI,0.007660061979802146
20260706,01211,比亚迪股份,0.15557347683449657
20260706,01304,FORTIOR,0.0015523591849827866
20260706,01316,耐世特,0.0028876990468989228
20260706,01772,赣锋锂业,0.015608762932575891
20260706,01810,小米集团-W,0.027566363968900446
20260706,02015,理想汽车-W,0.08638655462184873
20260706,02026,小马智行-W,0.009834281360806081
20260706,02050,三花智控,0.005863286009700403
20260706,02238,广汽集团,0.007949633841266568
20260706,02333,长城汽车,0.025680554430361102
20260706,02338,潍柴动力,0.09054556792041969
20260706,02382,舜宇光学科技,0.02349847914625973
20260706,02402,亿华通,0.00042633004121894156
20260706,02431,佑驾创新,0.00010116111884426573
20260706,02465,龙蟠科技,0.0011606769497164919
20260706,02473,喜相逢集团,0.0005970486354050823
20260706,02498,速腾聚创,0.006351955915290451
20260706,02525,禾赛-W,0.012026078324990528
20260706,02533,黑芝麻智能,0.0058620748913062164
20260706,02570,重塑能源,0.00010605469181537648
20260706,02582,国富氢能,8.857530742358293e-05
20260706,02650,挚达科技,0.0005748884420844002
20260706,02665,图达通,0.00035962033074988685
20260706,02889,博泰车联,0.0005636610472409822
20260706,03606,福耀玻璃,0.02381353359339646
20260706,03677,正力新能,0.0002468062889777588
20260706,03750,宁德时代,0.0316576528361856
20260706,03808,中国重汽,0.04447298755903179
20260706,03881,希迪智驾,0.000492466925420475
20260706,03931,中创新航,0.009228394834416384
20260706,09660,地平线,0.02887410997118684
20260706,09690,途虎-W,0.005353667029183861
20260706,09696,天齐锂业,0.0068272707856148595
20260706,09863,零跑汽车,0.03342948631395299
20260706,09868,小鹏集团-W,0.10098076040232044
20260706,09927,赛力斯,0.0035384296868031465
20260706,09973,奇瑞汽车,0.005134814662061143
20260707,00175,吉利汽车,0.15566324458911687
20260707,00179,德昌电机控股,0.007320258492551508
20260707,00425,敏实集团,0.016993956043168706
20260707,00470,先导智能,0.0014490303778703795
20260707,00501,豪威集团,0.001650862903223017
20260707,00564,中创智领,0.0023604555959961786
20260707,00666,瑞浦兰钧,0.006131054137811361
20260707,00699,均胜电子,0.0011820395800928168
20260707,00800,文远知行-W,0.008361555545376634
20260707,00868,信义玻璃,0.013488355338826887
20260707,00881,中升控股,0.005247135066032787
20260707,01057,浙江世宝,0.0005527253048623965
20260707,01114,BRILLIANCE CHI,0.007635837991960398
20260707,01211,比亚迪股份,0.15521273673588973
20260707,01304,FORTIOR,0.0015714739059813237
20260707,01316,耐世特,0.002862615709669364
20260707,01772,赣锋锂业,0.01503080778979994
20260707,01810,小米集团-W,0.02767026086351544
20260707,02015,理想汽车-W,0.08712491148826815
20260707,02026,小马智行-W,0.009860047574433074
20260707,02050,三花智控,0.00587593874812742
20260707,02238,广汽集团,0.007805157264085836
20260707,02333,长城汽车,0.025102372688419288
20260707,02338,潍柴动力,0.09120820714888697
20260707,02382,舜宇光学科技,0.02337198902198405
20260707,02402,亿华通,0.0004384512669240418
20260707,02431,佑驾创新,9.892330237211853e-05
20260707,02465,龙蟠科技,0.0012137457667505472
20260707,02473,喜相逢集团,0.0005757019959728037
20260707,02498,速腾聚创,0.006158247339978587
20260707,02525,禾赛-W,0.012265764781304806
20260707,02533,黑芝麻智能,0.005899426032373614
20260707,02570,重塑能源,0.00010821280329417559
20260707,02582,国富氢能,0.00010936575553627488
20260707,02650,挚达科技,0.0005815491109148786
20260707,02665,图达通,0.0004144039773031139
20260707,02889,博泰车联,0.0005672525031128475
20260707,03606,福耀玻璃,0.022935678952081047
20260707,03677,正力新能,0.00023981406635665097
20260707,03750,宁德时代,0.031047356805102136
20260707,03808,中国重汽,0.04417157688438143
20260707,03881,希迪智驾,0.0005168520193867931
20260707,03931,中创新航,0.009241142810874176
20260707,09660,地平线,0.028467099099522886
20260707,09690,途虎-W,0.005293829631837808
20260707,09696,天齐锂业,0.006667193401133842
20260707,09863,零跑汽车,0.03256054073987218
20260707,09868,小鹏集团-W,0.10095842778688692
20260707,09927,赛力斯,0.003556429427472081
20260707,09973,奇瑞汽车,0.005179983833303661
20260708,00175,吉利汽车,0.15433786124352145
20260708,00179,德昌电机控股,0.006992971199585241
20260708,00425,敏实集团,0.016863754868728032
20260708,00470,先导智能,0.0014183746084791408
20260708,00501,豪威集团,0.0016656457266643664
20260708,00564,中创智领,0.0024080039494692495
20260708,00666,瑞浦兰钧,0.005813017728031492
20260708,00699,均胜电子,0.0011376849043426
20260708,00800,文远知行-W,0.008301860312292063
20260708,00868,信义玻璃,0.013633330086138718
20260708,00881,中升控股,0.0053933040645520285
20260708,01057,浙江世宝,0.0005478732801563938
20260708,01114,BRILLIANCE CHI,0.007762688412963902
20260708,01211,比亚迪股份,0.1600872449645093
20260708,01304,FORTIOR,0.0015429678147976312
20260708,01316,耐世特,0.0028848627344790984
20260708,01772,赣锋锂业,0.014029862082288316
20260708,01810,小米集团-W,0.030207495735993177
20260708,02015,理想汽车-W,0.09083845316857399
20260708,02026,小马智行-W,0.009754792776698133
20260708,02050,三花智控,0.005655071980397953
20260708,02238,广汽集团,0.00789543813186142
20260708,02333,长城汽车,0.02525144018584961
20260708,02338,潍柴动力,0.08563770224105964
20260708,02382,舜宇光学科技,0.02415351415254
20260708,02402,亿华通,0.00039088517974873325
20260708,02431,佑驾创新,9.581425606496151e-05
20260708,02465,龙蟠科技,0.0010949540246775785
20260708,02473,喜相逢集团,0.0006222395405935103
20260708,02498,速腾聚创,0.006293228278331913
20260708,02525,禾赛-W,0.01183272214526188
20260708,02533,黑芝麻智能,0.005924203873187695
20260708,02570,重塑能源,0.00010728951161642599
20260708,02582,国富氢能,0.00010443308109786
20260708,02650,挚达科技,0.0006190363757345404
20260708,02665,图达通,0.0003652103273997732
20260708,02889,博泰车联,0.0005805323527906337
20260708,03606,福耀玻璃,0.022728436013479715
20260708,03677,正力新能,0.00023439241411307837
20260708,03750,宁德时代,0.03004618171191
20260708,03808,中国重汽,0.04321221297413858
20260708,03881,希迪智驾,0.0005414009058021864
20260708,03931,中创新航,0.00884063594380262
20260708,09660,地平线,0.028659673640429893
20260708,09690,途虎-W,0.005392808729780023
20260708,09696,天齐锂业,0.006159752068435453
20260708,09863,零跑汽车,0.0317235173391937
20260708,09868,小鹏集团-W,0.10130289556196558
20260708,09927,赛力斯,0.0036031311762054386
20260708,09973,奇瑞汽车,0.005309196220265468
20260709,00175,吉利汽车,0.15198562887361883
20260709,00179,德昌电机控股,0.006951318023406251
20260709,00425,敏实集团,0.01672200413828635
20260709,00470,先导智能,0.001424075799174574
20260709,00501,豪威集团,0.0017909643988128121
20260709,00564,中创智领,0.0023722463090292347
20260709,00666,瑞浦兰钧,0.0058522531806701975
20260709,00699,均胜电子,0.001171192131627314
20260709,00800,文远知行-W,0.00821602284803768
20260709,00868,信义玻璃,0.013733322291791354
20260709,00881,中升控股,0.005343941167860121
20260709,01057,浙江世宝,0.0005607728189592579
20260709,01114,BRILLIANCE CHI,0.007734539490347905
20260709,01211,比亚迪股份,0.15894714246005762
20260709,01304,FORTIOR,0.0015972487011948091
20260709,01316,耐世特,0.002891832423771146
20260709,01772,赣锋锂业,0.014012309971135943
20260709,01810,小米集团-W,0.0305377503950233
20260709,02015,理想汽车-W,0.09098844011896422
20260709,02026,小马智行-W,0.009890201706659734
20260709,02050,三花智控,0.005856129179839588
20260709,02238,广汽集团,0.007909633539782532
20260709,02333,长城汽车,0.0251622282600178
20260709,02338,潍柴动力,0.08726458234305769
20260709,02382,舜宇光学科技,0.024565408648783215
20260709,02402,亿华通,0.00039319483747918634
20260709,02431,佑驾创新,9.590570118695568e-05
20260709,02465,龙蟠科技,0.001027089223377506
20260709,02473,喜相逢集团,0.0006435843838217953
20260709,02498,速腾聚创,0.0065572468730713766
20260709,02525,禾赛-W,0.011808315730398847
20260709,02533,黑芝麻智能,0.006188521386870253
20260709,02570,重塑能源,0.00010819093333689252
20260709,02582,国富氢能,8.52045730453783e-05
20260709,02650,挚达科技,0.0006525834427629013
20260709,02665,图达通,0.00037159035515241126
20260709,02889,博泰车联,0.0005889833520442982
20260709,03606,福耀玻璃,0.022704760525772888
20260709,03677,正力新能,0.00024317681745348273
20260709,03750,宁德时代,0.031106578551386772
20260709,03808,中国重汽,0.043314054787551605
20260709,03881,希迪智驾,0.0005399435364663608
20260709,03931,中创新航,0.008707044534118214
20260709,09660,地平线,0.028868273291915422
20260709,09690,途虎-W,0.005491650440554493
20260709,09696,天齐锂业,0.006078678940843795
20260709,09863,零跑汽车,0.030961818408495195
20260709,09868,小鹏集团-W,0.1008147383958399
20260709,09927,赛力斯,0.003691501608927256
20260709,09973,奇瑞汽车,0.005476180148217535
20260710,00175,吉利汽车,0.15428224651498493
20260710,00179,德昌电机控股,0.007062308446697639
20260710,00425,敏实集团,0.016492284993196018
20260710,00470,先导智能,0.0013590089326034622
20260710,00501,豪威集团,0.0017134615043843519
20260710,00564,中创智领,0.002358515685580241
20260710,00666,瑞浦兰钧,0.005763579207753338
20260710,00699,均胜电子,0.0011633698496832073
20260710,00800,文远知行-W,0.008351835439765065
20260710,00868,信义玻璃,0.013759849168745184
20260710,00881,中升控股,0.0052175405277705275
20260710,01057,浙江世宝,0.0005791268998144581
20260710,01114,BRILLIANCE CHI,0.007630223223828181
20260710,01211,比亚迪股份,0.16142931860917298
20260710,01304,FORTIOR,0.0015371404935846824
20260710,01316,耐世特,0.002901531245076425
20260710,01772,赣锋锂业,0.013456939140206063
20260710,01810,小米集团-W,0.03149387259654696
20260710,02015,理想汽车-W,0.09044538650784782
20260710,02026,小马智行-W,0.009776306558290477
20260710,02050,三花智控,0.005855219623823218
20260710,02238,广汽集团,0.007918200366007537
20260710,02333,长城汽车,0.025299681435522716
20260710,02338,潍柴动力,0.08500770633277366
20260710,02382,舜宇光学科技,0.024256057056103744
20260710,02402,亿华通,0.0004282200337650002
20260710,02431,佑驾创新,9.487947373412262e-05
20260710,02465,龙蟠科技,0.0009859027107869598
20260710,02473,喜相逢集团,0.0006205037851561423
20260710,02498,速腾聚创,0.006546780028856781
20260710,02533,黑芝麻智能,0.00622417320760864
20260710,02570,重塑能源,0.00011222089015191394
20260710,02582,国富氢能,8.424872037455705e-05
20260710,02650,挚达科技,0.0005888108517029374
20260710,02665,图达通,0.0003577082399972568
20260710,02889,博泰车联,0.0005895084948921589
20260710,02983,禾赛-W,0.012048098551229637
20260710,03606,福耀玻璃,0.022688519252131552
20260710,03677,正力新能,0.00024184963893011648
20260710,03750,宁德时代,0.028577209138485278
20260710,03808,中国重汽,0.04223299319817159
20260710,03881,希迪智驾,0.0005187475428425507
20260710,03931,中创新航,0.008348995035351806
20260710,09660,地平线,0.02933450082038521
20260710,09690,途虎-W,0.0054705856788324365
20260710,09696,天齐锂业,0.005890766205369265
20260710,09863,零跑汽车,0.0327188011524029
20260710,09868,小鹏集团-W,0.10091657890370716
20260710,09927,赛力斯,0.003672194421436431
20260710,09973,奇瑞汽车,0.005596493663934791
20260713,00175,吉利汽车,0.15381904906595828
20260713,00179,德昌电机控股,0.006745459905926453
20260713,00425,敏实集团,0.01611447424505206
20260713,00470,先导智能,0.0013701338846232266
20260713,00501,豪威集团,0.0017132656227329954
20260713,00564,中创智领,0.002406947609181668
20260713,00666,瑞浦兰钧,0.005470450466983253
20260713,00699,均胜电子,0.0011097851996003166
20260713,00800,文远知行-W,0.008475955616933567
20260713,00868,信义玻璃,0.013697971457948533
20260713,00881,中升控股,0.004912010998813175
20260713,01057,浙江世宝,0.0005586104015854964
20260713,01114,BRILLIANCE CHI,0.0077263613103017185
20260713,01211,比亚迪股份,0.16267690411961838
20260713,01304,FORTIOR,0.0015423322073151572
20260713,01316,耐世特,0.002851511236000382
20260713,01772,赣锋锂业,0.013344019634642816
20260713,01810,小米集团-W,0.03208615071486406
20260713,02015,理想汽车-W,0.09170776019928921
20260713,02026,小马智行-W,0.009610560348452554
20260713,02050,三花智控,0.005820282794977402
20260713,02238,广汽集团,0.007518061850273541
20260713,02333,长城汽车,0.025672164888115873
20260713,02338,潍柴动力,0.0850605357272034
20260713,02382,舜宇光学科技,0.023990846720724473
20260713,02402,亿华通,0.0004068215286944557
20260713,02431,佑驾创新,9.6560286369537e-05
20260713,02465,龙蟠科技,0.0010488474370038573
20260713,02473,喜相逢集团,0.0006148987752825906
20260713,02498,速腾聚创,0.006236813341667592
20260713,02533,黑芝麻智能,0.006133090945192046
20260713,02570,重塑能源,0.00010850853210724391
20260713,02582,国富氢能,7.774051733203296e-05
20260713,02650,挚达科技,0.0006389491068318805
20260713,02665,图达通,0.0003640881748399961
20260713,02889,博泰车联,0.0006240778996905285
20260713,02983,禾赛-W,0.01179184166259959
20260713,03606,福耀玻璃,0.022825080827574815
20260713,03677,正力新能,0.00024576806468776827
20260713,03750,宁德时代,0.02964327290176156
20260713,03808,中国重汽,0.04150673566542123
20260713,03881,希迪智驾,0.0005322866556111492
20260713,03931,中创新航,0.008231674672959932
20260713,09660,地平线,0.029573173108098698
20260713,09690,途虎-W,0.0055193716104758395
20260713,09696,天齐锂业,0.0058735456472216
20260713,09863,零跑汽车,0.032318722719881565
20260713,09868,小鹏集团-W,0.10075371038327512
20260713,09927,赛力斯,0.0032804173619668227
20260713,09973,奇瑞汽车,0.005552395946334566
20260714,00175,吉利汽车,0.15227052915631617
20260714,00179,德昌电机控股,0.006498802771294909
20260714,00425,敏实集团,0.01609179689888085
20260714,00470,先导智能,0.0013159962631423775
20260714,00501,豪威集团,0.0017276802793238222
20260714,00564,中创智领,0.002381962609480461
20260714,00666,瑞浦兰钧,0.005212080997675272
20260714,00699,均胜电子,0.0011162468303439808
20260714,00800,文远知行-W,0.008880480837423805
20260714,00868,信义玻璃,0.014451103195914769
20260714,00881,中升控股,0.0048098538634723
20260714,01057,浙江世宝,0.0005575710663130708
20260714,01114,BRILLIANCE CHI,0.007526874638342262
20260714,01211,比亚迪股份,0.16413799545786795
20260714,01304,FORTIOR,0.0014657330174422311
20260714,01316,耐世特,0.002803229041471951
20260714,01772,赣锋锂业,0.013482132656771818
20260714,01810,小米集团-W,0.031399927931864184
20260714,02015,理想汽车-W,0.09270111070074566
20260714,02026,小马智行-W,0.009916837937354952
20260714,02050,三花智控,0.005669944726031242
20260714,02238,广汽集团,0.007574711397093545
20260714,02333,长城汽车,0.025597519906757488
20260714,02338,潍柴动力,0.08492916054748519
20260714,02382,舜宇光学科技,0.023966919123849847
20260714,02402,亿华通,0.00039752379998005013
20260714,02431,佑驾创新,9.490357666892145e-05
20260714,02465,龙蟠科技,0.0010250590550896098
20260714,02473,喜相逢集团,0.0005894399216883135
20260714,02498,速腾聚创,0.0061310723340081
20260714,02533,黑芝麻智能,0.005995094087648608
20260714,02570,重塑能源,0.0001052475643905076
20260714,02582,国富氢能,9.356454913214653e-05
20260714,02650,挚达科技,0.0006983028604281133
20260714,02665,图达通,0.00032990290937291744
20260714,02889,博泰车联,0.0006728613372293902
20260714,02983,禾赛-W,0.011033419524583128
20260714,03606,福耀玻璃,0.02220790560016549
20260714,03677,正力新能,0.00024674929933919573
20260714,03750,宁德时代,0.029706325903351285
20260714,03808,中国重汽,0.041980254013691105
20260714,03881,希迪智驾,0.0005071566795534955
20260714,03931,中创新航,0.007912933015038676
20260714,09660,地平线,0.029258220338169567
20260714,09690,途虎-W,0.005483451665846917
20260714,09696,天齐锂业,0.005827113083160196
20260714,09863,零跑汽车,0.03154213265626968
20260714,09868,小鹏集团-W,0.1030758291043008
20260714,09927,赛力斯,0.0031813955246234988
20260714,09973,奇瑞汽车,0.005417939743610205
20260715,00175,吉利汽车,0.1520546924895612
20260715,00179,德昌电机控股,0.006609233839796972
20260715,00425,敏实集团,0.015975176920908024
20260715,00470,先导智能,0.0013104217741288495
20260715,00501,豪威集团,0.0018484305711973035
20260715,00564,中创智领,0.002398548193843824
20260715,00666,瑞浦兰钧,0.005166065312533367
20260715,00699,均胜电子,0.0011402310631115043
20260715,00800,文远知行-W,0.009451071794265943
20260715,00868,信义玻璃,0.014335498499759042
20260715,00881,中升控股,0.004702327314775011
20260715,01057,浙江世宝,0.0005503010897007339
20260715,01114,BRILLIANCE CHI,0.007593709713293083
20260715,01211,比亚迪股份,0.16530648445772947
20260715,01304,FORTIOR,0.0014453868107372734
20260715,01316,耐世特,0.002803376588376655
20260715,01772,赣锋锂业,0.012871581516546245
20260715,01810,小米集团-W,0.03136185824719276
20260715,02015,理想汽车-W,0.09324963212729082
20260715,02026,小马智行-W,0.010442277572887055
20260715,02050,三花智控,0.005712496915272515
20260715,02238,广汽集团,0.007752850703999866
20260715,02333,长城汽车,0.02593490278356832
20260715,02338,潍柴动力,0.08224147544391802
20260715,02382,舜宇光学科技,0.023882406811616685
20260715,02402,亿华通,0.0004189720365303521
20260715,02431,佑驾创新,9.398516822645439e-05
20260715,02465,龙蟠科技,0.0009968432208323867
20260715,02473,喜相逢集团,0.0005873614346517866
20260715,02498,速腾聚创,0.006207390954600884
20260715,02533,黑芝麻智能,0.005911508632624432
20260715,02570,重塑能源,0.00010457622090148516
20260715,02582,国富氢能,7.51881345811635e-05
20260715,02650,挚达科技,0.0007229269088921807
20260715,02665,图达通,0.0003311747116778133
20260715,02889,博泰车联,0.0007525484987360464
20260715,02983,禾赛-W,0.011399441873540075
20260715,03606,福耀玻璃,0.022848319778779033
20260715,03677,正力新能,0.0002480474572961543
20260715,03750,宁德时代,0.030012708245801833
20260715,03808,中国重汽,0.041620735481159125
20260715,03881,希迪智驾,0.0004891064877090992
20260715,03931,中创新航,0.007834510221947819
20260715,09660,地平线,0.029278940101887967
20260715,09690,途虎-W,0.005455843185251454
20260715,09696,天齐锂业,0.005703490350792962
20260715,09863,零跑汽车,0.031145400480867485
20260715,09868,小鹏集团-W,0.10291801230786066
20260715,09927,赛力斯,0.003318405302963759
20260715,09973,奇瑞汽车,0.005384124245877231
20260716,00175,吉利汽车,0.15586193956674363
20260716,00179,德昌电机控股,0.006470264684271882
20260716,00425,敏实集团,0.016372590538899442
20260716,00470,先导智能,0.0012697307599662138
20260716,00501,豪威集团,0.0018330517697939086
20260716,00564,中创智领,0.0023760100268780254
20260716,00666,瑞浦兰钧,0.004987161365199747
20260716,00699,均胜电子,0.0011371142924949437
20260716,00800,文远知行-W,0.009196853437551838
20260716,00868,信义玻璃,0.01393733459808653
20260716,00881,中升控股,0.004651531485057981
20260716,01057,浙江世宝,0.0005709328007342226
20260716,01114,BRILLIANCE CHI,0.00764534096581021
20260716,01211,比亚迪股份,0.16700972248719387
20260716,01304,FORTIOR,0.0014548055571245108
20260716,01316,耐世特,0.0028449512938307237
20260716,01772,赣锋锂业,0.012496976898861034
20260716,01810,小米集团-W,0.03214522327394762
20260716,02015,理想汽车-W,0.09292477570872278
20260716,02026,小马智行-W,0.01034427839373758
20260716,02050,三花智控,0.005587636318327034
20260716,02238,广汽集团,0.007658334341370398
20260716,02333,长城汽车,0.025172370297951514
20260716,02338,潍柴动力,0.07666324297685019
20260716,02382,舜宇光学科技,0.023641155935293957
20260716,02402,亿华通,0.000380444097092514
20260716,02431,佑驾创新,8.970923847587379e-05
20260716,02465,龙蟠科技,0.0009677963873406058
20260716,02473,喜相逢集团,0.0005711267317127329
20260716,02498,速腾聚创,0.006357057475566513
20260716,02533,黑芝麻智能,0.006060730940402827
20260716,02570,重塑能源,0.00010346217703522682
20260716,02582,国富氢能,7.2465542303336e-05
20260716,02650,挚达科技,0.000673328357387643
20260716,02665,图达通,0.00032968266346745196
20260716,02889,博泰车联,0.0007301501340911508
20260716,02983,禾赛-W,0.01109197928138391
20260716,03606,福耀玻璃,0.023278020178033484
20260716,03677,正力新能,0.0002445469639014452
20260716,03750,宁德时代,0.029244791559348088
20260716,03808,中国重汽,0.03997997016210286
20260716,03881,希迪智驾,0.00047197951894935937
20260716,03931,中创新航,0.007752390865947876
20260716,09660,地平线,0.029218950256461592
20260716,09690,途虎-W,0.0055269036002235684
20260716,09696,天齐锂业,0.005650631564513118
20260716,09863,零跑汽车,0.03161462811674353
20260716,09868,小鹏集团-W,0.1065369526995071
20260716,09927,赛力斯,0.003382479483516553
20260716,09973,奇瑞汽车,0.005416492229791725
20260717,00175,吉利汽车,0.15493060170352552
20260717,00179,德昌电机控股,0.006045140689507798
20260717,00425,敏实集团,0.015899344332763583
20260717,00470,先导智能,0.0012648424246790315
20260717,00501,豪威集团,0.001865298758216372
20260717,00564,中创智领,0.002410403768077103
20260717,00666,瑞浦兰钧,0.004940939652547045
20260717,00699,均胜电子,0.001117698453835154
20260717,00800,文远知行-W,0.008892636091045951
20260717,00868,信义玻璃,0.014418100699835963
20260717,00881,中升控股,0.004555607974590476
20260717,01057,浙江世宝,0.0005578535158366785
20260717,01114,BRILLIANCE CHI,0.008038196838719446
20260717,01211,比亚迪股份,0.1706674323713247
20260717,01304,FORTIOR,0.0014523765219326859
20260717,01316,耐世特,0.0028692819004022554
20260717,01772,赣锋锂业,0.01239576894277568
20260717,01810,小米集团-W,0.033169944520595546
20260717,02015,理想汽车-W,0.09492241389471413
20260717,02026,小马智行-W,0.009760351491117772
20260717,02050,三花智控,0.00553172822721344
20260717,02238,广汽集团,0.007794630589699677
20260717,02333,长城汽车,0.025910827775045726
20260717,02338,潍柴动力,0.07517005915502512
20260717,02382,舜宇光学科技,0.023691285651509724
20260717,02402,亿华通,0.00040866706072429146
20260717,02431,佑驾创新,8.220999180751052e-05
20260717,02465,龙蟠科技,0.0009439681460961767
20260717,02473,喜相逢集团,0.0005123912201601029
20260717,02498,速腾聚创,0.006127963426595862
20260717,02533,黑芝麻智能,0.0055866029712273975
20260717,02570,重塑能源,0.00010294120713288275
20260717,02582,国富氢能,7.141886658888492e-05
20260717,02650,挚达科技,0.0006033498529177294
20260717,02665,图达通,0.0003186615872919693
20260717,02889,博泰车联,0.0007082314201056961
20260717,02983,禾赛-W,0.010710787504064227
20260717,03606,福耀玻璃,0.024469387054300684
20260717,03677,正力新能,0.00023871534888205695
20260717,03750,宁德时代,0.02978878202110032
20260717,03808,中国重汽,0.0400365723828979
20260717,03881,希迪智驾,0.0004654311026866201
20260717,03931,中创新航,0.007471611702634888
20260717,09660,地平线,0.028911773317606783
20260717,09690,途虎-W,0.005630992962663006
20260717,09696,天齐锂业,0.005645086104115723
20260717,09863,零跑汽车,0.03100644305917678
20260717,09868,小鹏集团-W,0.1032438352186669
20260717,09927,赛力斯,0.003305624622964851
20260717,09973,奇瑞汽车,0.005335785903054421
20260720,00175,吉利汽车,0.1556778536377895
20260720,00179,德昌电机控股,0.00612870147885799
20260720,00425,敏实集团,0.01606014659899717
20260720,00470,先导智能,0.0012950151221762212
20260720,00501,豪威集团,0.0018302456261833696
20260720,00564,中创智领,0.0024138136669820814
20260720,00666,瑞浦兰钧,0.004791414574855274
20260720,00699,均胜电子,0.0011360667595510362
20260720,00800,文远知行-W,0.009235902973395384
20260720,00868,信义玻璃,0.01433699419934748
20260720,00881,中升控股,0.00463760964929259
20260720,01057,浙江世宝,0.0005532224353547046
20260720,01114,BRILLIANCE CHI,0.007789210315855105
20260720,01211,比亚迪股份,0.1717171639308855
20260720,01304,FORTIOR,0.0013766604532959555
20260720,01316,耐世特,0.002932566995321075
20260720,01772,赣锋锂业,0.011747973792114634
20260720,01810,小米集团-W,0.03372452044619236
20260720,02015,理想汽车-W,0.09413095726648026
20260720,02026,小马智行-W,0.01000008038303472
20260720,02050,三花智控,0.005331098460559863
20260720,02238,广汽集团,0.007932068607041315
20260720,02333,长城汽车,0.027107259768871444
20260720,02338,潍柴动力,0.07359280577494343
20260720,02382,舜宇光学科技,0.023817513384347528
20260720,02402,亿华通,0.00039013374053915585
20260720,02431,佑驾创新,8.258784576469533e-05
20260720,02465,龙蟠科技,0.0009076079418599878
20260720,02473,喜相逢集团,0.00048669099979166397
20260720,02498,速腾聚创,0.006148393302690208
20260720,02533,黑芝麻智能,0.005855035619446141
20260720,02570,重塑能源,0.00010179158165577285
20260720,02582,国富氢能,6.947679382854337e-05
20260720,02650,挚达科技,0.0005028315630866186
20260720,02665,图达通,0.00030421343227977747
20260720,02889,博泰车联,0.000653364616381796
20260720,02983,禾赛-W,0.010900080885260382
20260720,03606,福耀玻璃,0.024619828975870457
20260720,03677,正力新能,0.0002485545763711067
20260720,03750,宁德时代,0.030115025968365468
20260720,03808,中国重汽,0.03869163994761073
20260720,03881,希迪智驾,0.000496587403563753
20260720,03931,中创新航,0.006776411007370022
20260720,09660,地平线,0.029199339329548678
20260720,09690,途虎-W,0.005588977199668619
20260720,09696,天齐锂业,0.005367082323254975
20260720,09863,零跑汽车,0.03034570642771964
20260720,09868,小鹏集团-W,0.1041602387728901
20260720,09927,赛力斯,0.003394129881453336
20260720,09973,奇瑞汽车,0.005297403562002512
20260721,00175,吉利汽车,0.15343280311796373
20260721,00179,德昌电机控股,0.006056338535204818
20260721,00425,敏实集团,0.016307057846461845
20260721,00470,先导智能,0.0013922939754392424
20260721,00501,豪威集团,0.0018407186972611298
20260721,00564,中创智领,0.0024655011012353406
20260721,00666,瑞浦兰钧,0.004818428495495585
20260721,00699,均胜电子,0.0011415995766667587
20260721,00800,文远知行-W,0.009018352800280478
20260721,00868,信义玻璃,0.01445099426093164
20260721,00881,中升控股,0.004505361049792596
20260721,01057,浙江世宝,0.0005556218738213114
20260721,01114,BRILLIANCE CHI,0.007766183201722725
20260721,01211,比亚迪股份,0.1698293422008064
20260721,01304,FORTIOR,0.0013932290284784895
20260721,01316,耐世特,0.0029408553505875503
20260721,01772,赣锋锂业,0.011998333441610248
20260721,01810,小米集团-W,0.033266181608793084
20260721,02015,理想汽车-W,0.09280935730551963
20260721,02026,小马智行-W,0.010257531840542974
20260721,02050,三花智控,0.005501785293428359
20260721,02238,广汽集团,0.007894185283845402
20260721,02333,长城汽车,0.026847476626128533
20260721,02338,潍柴动力,0.07929249772817175
20260721,02382,舜宇光学科技,0.024663818878035603
20260721,02402,亿华通,0.00042812071296966046
20260721,02431,佑驾创新,8.462230005188142e-05
20260721,02465,龙蟠科技,0.0009339176176996511
20260721,02473,喜相逢集团,0.00046799404614327784
20260721,02498,速腾聚创,0.006270532470695254
20260721,02533,黑芝麻智能,0.005982202187093066
20260721,02570,重塑能源,0.00010779825752465399
20260721,02582,国富氢能,7.573929617903198e-05
20260721,02650,挚达科技,0.0004684615726629015
20260721,02665,图达通,0.0003014878156544536
20260721,02889,博泰车联,0.0006757427946131888
20260721,02983,禾赛-W,0.011032690810078991
20260721,03606,福耀玻璃,0.02455766531201748
20260721,03677,正力新能,0.00024485031727718804
20260721,03750,宁德时代,0.030385049431612313
20260721,03808,中国重汽,0.04001589536735118
20260721,03881,希迪智驾,0.0004876468573431721
20260721,03931,中创新航,0.006757778591021606
20260721,09660,地平线,0.029324983140492776
20260721,09690,途虎-W,0.005283851145780933
20260721,09696,天齐锂业,0.005494855882512509
20260721,09863,零跑汽车,0.03075669961996172
20260721,09868,小鹏集团-W,0.10080539658114018
20260721,09927,赛力斯,0.0033841573175444196
20260721,09973,奇瑞汽车,0.005226011436353207
20260722,00175,吉利汽车,0.1504027400631377
20260722,00179,德昌电机控股,0.006045413185703593
20260722,00425,敏实集团,0.01671479228828566
20260722,00470,先导智能,0.0013880430802358183
20260722,00501,豪威集团,0.0018147125970320573
20260722,00564,中创智领,0.0024999471255545036
20260722,00666,瑞浦兰钧,0.004808273061826843
20260722,00699,均胜电子,0.0011422945767519323
20260722,00800,文远知行-W,0.008982780795998688
20260722,00868,信义玻璃,0.014799156037842133
20260722,00881,中升控股,0.0045072120980686305
20260722,01057,浙江世宝,0.0005613359719606088
20260722,01114,BRILLIANCE CHI,0.0077638580603237054
20260722,01211,比亚迪股份,0.1689972586758669
20260722,01304,FORTIOR,0.0013688437138596056
20260722,01316,耐世特,0.002854102633365453
20260722,01772,赣锋锂业,0.011955753580446492
20260722,01810,小米集团-W,0.032646643219691615
20260722,02015,理想汽车-W,0.091718115945793
20260722,02026,小马智行-W,0.0101543315500858
20260722,02050,三花智控,0.005549023218521777
20260722,02238,广汽集团,0.007982923846515782
20260722,02333,长城汽车,0.026520894060923537
20260722,02338,潍柴动力,0.08282328991903984
20260722,02382,舜宇光学科技,0.02537871799877887
20260722,02402,亿华通,0.0004202189360296278
20260722,02431,佑驾创新,8.580457565665405e-05
20260722,02465,龙蟠科技,0.0009509612086588289
20260722,02473,喜相逢集团,0.0004527681263808349
20260722,02498,速腾聚创,0.006430771896540432
20260722,02533,黑芝麻智能,0.006111696712478613
20260722,02570,重塑能源,0.00010442829965474391
20260722,02582,国富氢能,7.361450176699523e-05
20260722,02650,挚达科技,0.00040105343096977534
20260722,02665,图达通,0.00029692988316227284
20260722,02889,博泰车联,0.0006618194282593938
20260722,02983,禾赛-W,0.011061052948920076
20260722,03606,福耀玻璃,0.02440723683240578
20260722,03677,正力新能,0.00023902703218639347
20260722,03750,宁德时代,0.029925784866203408
20260722,03808,中国重汽,0.041582373716607855
20260722,03881,希迪智驾,0.00047109556386077333
20260722,03931,中创新航,0.006643116211435016
20260722,09660,地平线,0.031562844066951874
20260722,09690,途虎-W,0.005223311216453365
20260722,09696,天齐锂业,0.0056012712296655085
20260722,09863,零跑汽车,0.029324893797536677
20260722,09868,小鹏集团-W,0.10002116467717777
20260722,09927,赛力斯,0.0034080737690177255
20260722,09973,奇瑞汽车,0.005158229766409131
20260723,00175,吉利汽车,0.15123101746162712
20260723,00179,德昌电机控股,0.0059564466553686125
20260723,00425,敏实集团,0.016472840784621263
20260723,00470,先导智能,0.0013892367519288214
20260723,00501,豪威集团,0.001716574258632704
20260723,00564,中创智领,0.0025484690587225783
20260723,00666,瑞浦兰钧,0.004862196587577135
20260723,00699,均胜电子,0.0011258581418807248
20260723,00800,文远知行-W,0.008762946535102779
20260723,00868,信义玻璃,0.014954794941208117
20260723,00881,中升控股,0.0044350997076119435
20260723,01057,浙江世宝,0.0005616498930072467
20260723,01114,BRILLIANCE CHI,0.00787131825191683
20260723,01211,比亚迪股份,0.16639645587099552
20260723,01304,FORTIOR,0.0013229175656674157
20260723,01316,耐世特,0.002883877765546378
20260723,01772,赣锋锂业,0.013224554110593222
20260723,01810,小米集团-W,0.03221032756567902
20260723,02015,理想汽车-W,0.09250090503076677
20260723,02026,小马智行-W,0.010278318483997668
20260723,02050,三花智控,0.005389052840803633
20260723,02238,广汽集团,0.008031223746317153
20260723,02333,长城汽车,0.026029834958515404
20260723,02338,潍柴动力,0.08261413053295455
20260723,02382,舜宇光学科技,0.025550547618879094
20260723,02402,亿华通,0.0004265026811833564
20260723,02431,佑驾创新,7.244273481864363e-05
20260723,02465,龙蟠科技,0.0009786949102464056
20260723,02473,喜相逢集团,0.0004437344458565539
20260723,02498,速腾聚创,0.006171249515001747
20260723,02533,黑芝麻智能,0.0059273309150587265
20260723,02570,重塑能源,0.00010240025673612784
20260723,02582,国富氢能,7.341656059998334e-05
20260723,02650,挚达科技,0.00039953265869676187
20260723,02665,图达通,0.00029957521917484207
20260723,02889,博泰车联,0.00063034587439599
20260723,02983,禾赛-W,0.011028543962628748
20260723,03606,福耀玻璃,0.024367101711725587
20260723,03677,正力新能,0.00024246611403186944
20260723,03750,宁德时代,0.030011990139152362
20260723,03808,中国重汽,0.04501200360765808
20260723,03881,希迪智驾,0.00045901855896707207
20260723,03931,中创新航,0.0068531916502870245
20260723,09660,地平线,0.029811695633109016
20260723,09690,途虎-W,0.00486292283053271
20260723,09696,天齐锂业,0.005909438929516824
20260723,09863,零跑汽车,0.029759554690003052
20260723,09868,小鹏集团-W,0.09943058326869327
20260723,09927,赛力斯,0.0033270510236645327
20260723,09973,奇瑞汽车,0.005078616988338596
20260724,00175,吉利汽车,0.15802266016108854
20260724,00179,德昌电机控股,0.005874159887566315
20260724,00425,敏实集团,0.01637352598442423
20260724,00470,先导智能,0.0013569177783152866
20260724,00501,豪威集团,0.0017462362559405953
20260724,00564,中创智领,0.0025186477400822526
20260724,00666,瑞浦兰钧,0.004825545561231969
20260724,00699,均胜电子,0.0011444463088229522
20260724,00800,文远知行-W,0.00852315657528847
20260724,00868,信义玻璃,0.014376676760795428
20260724,00881,中升控股,0.004407885248827593
20260724,01057,浙江世宝,0.0005595372887554813
20260724,01114,BRILLIANCE CHI,0.007840167019825116
20260724,01211,比亚迪股份,0.16816130131878387
20260724,01304,FORTIOR,0.0012850312062646502
20260724,01316,耐世特,0.0028876789008053156
20260724,01772,赣锋锂业,0.012435504391990164
20260724,01810,小米集团-W,0.03243369766294892
20260724,02015,理想汽车-W,0.09112935222622304
20260724,02026,小马智行-W,0.010435299119246025
20260724,02050,三花智控,0.005218656374357615
20260724,02238,广汽集团,0.007799995111914467
20260724,02333,长城汽车,0.026063077429749993
20260724,02338,潍柴动力,0.08297915338912257
20260724,02382,舜宇光学科技,0.02500172689702292
20260724,02402,亿华通,0.00039916848177883903
20260724,02431,佑驾创新,6.225471108960371e-05
20260724,02465,龙蟠科技,0.0009484530404869489
20260724,02473,喜相逢集团,0.0004367226713795218
20260724,02498,速腾聚创,0.006019241890822572
20260724,02525,禾赛-W,0.010944453720657426
20260724,02533,黑芝麻智能,0.0057300846990446614
20260724,02570,重塑能源,0.00010219169556217967
20260724,02582,国富氢能,7.074551535142026e-05
20260724,02650,挚达科技,0.0003608424008816275
20260724,02665,图达通,0.0002831163033702948
20260724,02889,博泰车联,0.000647885281716873
20260724,03606,福耀玻璃,0.024034765245664856
20260724,03677,正力新能,0.00024344780282694624
20260724,03750,宁德时代,0.030134384512799883
20260724,03808,中国重汽,0.04350728376344194
20260724,03881,希迪智驾,0.00045810070424425365
20260724,03931,中创新航,0.006505902573038391
20260724,09660,地平线,0.02903116726735892
20260724,09690,途虎-W,0.0048523100529268256
20260724,09696,天齐锂业,0.005675951626814187
20260724,09863,零跑汽车,0.031178031886443518
20260724,09868,小鹏集团-W,0.09667636444602577
20260724,09927,赛力斯,0.003248118575793102
20260724,09973,奇瑞汽车,0.005048974531085896
20260727,00175,吉利汽车,0.1543856143435288
20260727,00179,德昌电机控股,0.005856799199628492
20260727,00425,敏实集团,0.016326571636399383
20260727,00470,先导智能,0.001382979759126602
20260727,00501,豪威集团,0.001738924887815751
20260727,00564,中创智领,0.0024613138762159133
20260727,00666,瑞浦兰钧,0.004878692304600992
20260727,00699,均胜电子,0.0011858092782610038
20260727,00800,文远知行-W,0.00821199793986038
20260727,00868,信义玻璃,0.014401273540854265
20260727,00881,中升控股,0.004367074048943092
20260727,01057,浙江世宝,0.000571956934105834
20260727,01114,BRILLIANCE CHI,0.007871145773619725
20260727,01211,比亚迪股份,0.16715099319736956
20260727,01304,FORTIOR,0.0012770968225648608
20260727,01316,耐世特,0.002868757519633165
20260727,01772,赣锋锂业,0.012317051526428412
20260727,01810,小米集团-W,0.03475113139583148
20260727,02015,理想汽车-W,0.09090388451555095
20260727,02026,小马智行-W,0.010579005679282738
20260727,02050,三花智控,0.005357172385564286
20260727,02238,广汽集团,0.007812996404010472
20260727,02333,长城汽车,0.026082878176855045
20260727,02338,潍柴动力,0.08408587922170267
20260727,02382,舜宇光学科技,0.0250636056413911
20260727,02402,亿华通,0.0004039938234290244
20260727,02431,佑驾创新,5.967525152712167e-05
20260727,02465,龙蟠科技,0.0010186754512352101
20260727,02473,喜相逢集团,0.00042169073654170887
20260727,02498,速腾聚创,0.006168377652988277
20260727,02525,禾赛-W,0.010850164847491996
20260727,02533,黑芝麻智能,0.005844177502460027
20260727,02570,重塑能源,0.00010249945926559532
20260727,02582,国富氢能,8.898213575403218e-05
20260727,02650,挚达科技,0.000357122711473592
20260727,02665,图达通,0.00028089495827218807
20260727,02889,博泰车联,0.0006518169496986887
20260727,03606,福耀玻璃,0.02393188224284937
20260727,03677,正力新能,0.00024364353666854292
20260727,03750,宁德时代,0.030494418415165623
20260727,03808,中国重汽,0.04390569313343681
20260727,03881,希迪智驾,0.00045801336045621594
20260727,03931,中创新航,0.0064729735380065065
20260727,09660,地平线,0.030129268237950195
20260727,09690,途虎-W,0.004919443303211925
20260727,09696,天齐锂业,0.005739969718873338
20260727,09863,零跑汽车,0.0318322519723309
20260727,09868,小鹏集团-W,0.09532230780816496
20260727,09927,赛力斯,0.0033248966990380843
20260727,09973,奇瑞汽车,0.005086560544564698
20260728,00175,吉利汽车,0.15585253803166155
20260728,00179,德昌电机控股,0.005721432539007074
20260728,00425,敏实集团,0.015966494407558894
20260728,00470,先导智能,0.001343389323986884
20260728,00501,豪威集团,0.0016362798261878291
20260728,00564,中创智领,0.002459733040241532
20260728,00666,瑞浦兰钧,0.004704331608968375
20260728,00699,均胜电子,0.0011352614031883992
20260728,00800,文远知行-W,0.008405258426321869
20260728,00868,信义玻璃,0.014728286755633124
20260728,00881,中升控股,0.00433034862335917
20260728,01057,浙江世宝,0.0005752878605911942
20260728,01114,BRILLIANCE CHI,0.007878365812463314
20260728,01211,比亚迪股份,0.1693530018444661
20260728,01304,FORTIOR,0.001193449138660114
20260728,01316,耐世特,0.0029067176114081395
20260728,01772,赣锋锂业,0.011838601735370803
20260728,01810,小米集团-W,0.03514702708674953
20260728,02015,理想汽车-W,0.0939478357461322
20260728,02026,小马智行-W,0.010762061900089638
20260728,02050,三花智控,0.005142307757785577
20260728,02238,广汽集团,0.007822613687478662
20260728,02333,长城汽车,0.026234777987055848
20260728,02338,潍柴动力,0.07655103742117828
20260728,02382,舜宇光学科技,0.0248987789058482
20260728,02402,亿华通,0.00041238555643944674
20260728,02431,佑驾创新,5.418399220531241e-05
20260728,02465,龙蟠科技,0.00096948974969573
20260728,02473,喜相逢集团,0.0004172067306227396
20260728,02498,速腾聚创,0.00596757933857277
20260728,02525,禾赛-W,0.01121224946586937
20260728,02533,黑芝麻智能,0.005784825140725112
20260728,02570,重塑能源,9.774138249104849e-05
20260728,02582,国富氢能,6.639540916783972e-05
20260728,02650,挚达科技,0.00031272571363324714
20260728,02665,图达通,0.00028401553796041996
20260728,02889,博泰车联,0.0006626195105895966
20260728,03606,福耀玻璃,0.024248087213739757
20260728,03677,正力新能,0.0002368214142077017
20260728,03750,宁德时代,0.029293220785997026
20260728,03808,中国重汽,0.041732617563018735
20260728,03881,希迪智驾,0.000449670415607819
20260728,03931,中创新航,0.006258017548023045
20260728,09660,地平线,0.03292851957830874
20260728,09690,途虎-W,0.004852937213206343
20260728,09696,天齐锂业,0.005539712641503235
20260728,09863,零跑汽车,0.03295270886054325
20260728,09868,小鹏集团-W,0.09626813842712129
20260728,09927,赛力斯,0.0032920779007993696
20260728,09973,奇瑞汽车,0.005170834428558695
20260729,00175,吉利汽车,0.15852646521519945
20260729,00179,德昌电机控股,0.0055783452405972385
20260729,00425,敏实集团,0.015312282656517321
20260729,00470,先导智能,0.0012737316470256372
20260729,00501,豪威集团,0.0016243302976594557
20260729,00564,中创智领,0.002357377212606691
20260729,00666,瑞浦兰钧,0.004678810990222114
20260729,00699,均胜电子,0.001121548976798758
20260729,00800,文远知行-W,0.008427676486039553
20260729,00868,信义玻璃,0.014130661989004267
20260729,00881,中升控股,0.004289455390336498
20260729,01057,浙江世宝,0.0005541990842848815
20260729,01114,BRILLIANCE CHI,0.00767425530209331
20260729,01211,比亚迪股份,0.16675983534840363
20260729,01304,FORTIOR,0.0011219283270361329
20260729,01316,耐世特,0.0028380297696205224
20260729,01772,赣锋锂业,0.011821027584397192
20260729,01810,小米集团-W,0.03664760386939456
20260729,02015,理想汽车-W,0.09802813193393457
20260729,02026,小马智行-W,0.010639509657573425
20260729,02050,三花智控,0.005010584385326206
20260729,02238,广汽集团,0.007982398338660927
20260729,02333,长城汽车,0.02580431990931127
20260729,02338,潍柴动力,0.07510767994792662
20260729,02382,舜宇光学科技,0.02429200857549663
20260729,02402,亿华通,0.0003738970777125911
20260729,02431,佑驾创新,4.523751580695142e-05
20260729,02465,龙蟠科技,0.0009353670415471573
20260729,02473,喜相逢集团,0.00040400800280422026
20260729,02498,速腾聚创,0.0058576418528644755
20260729,02525,禾赛-W,0.011438547707563994
20260729,02533,黑芝麻智能,0.0056285301157499535
20260729,02570,重塑能源,9.099663819029329e-05
20260729,02582,国富氢能,6.208698885035123e-05
20260729,02650,挚达科技,0.00026466001560852365
20260729,02665,图达通,0.0002750289220967697
20260729,02889,博泰车联,0.0005974766238653962
20260729,03606,福耀玻璃,0.02448271110107695
20260729,03677,正力新能,0.0002406977256143453
20260729,03750,宁德时代,0.02819046451491889
20260729,03808,中国重汽,0.04144221151957535
20260729,03881,希迪智驾,0.0004502413129842806
20260729,03931,中创新航,0.006198250947247422
20260729,09660,地平线,0.03279862152342994
20260729,09690,途虎-W,0.00458830434608843
20260729,09696,天齐锂业,0.005512559586932482
20260729,09863,零跑汽车,0.034355348447537216
20260729,09868,小鹏集团-W,0.095656718762545
20260729,09927,赛力斯,0.0032384497514295722
20260729,09973,奇瑞汽车,0.005269743822492794
20260730,00175,吉利汽车,0.16085775324555346
20260730,00179,德昌电机控股,0.005581360682886063
20260730,00425,敏实集团,0.01571501587932519
20260730,00470,先导智能,0.001255030379376398
20260730,00501,豪威集团,0.0015895391379006627
20260730,00564,中创智领,0.0024026655054911403
20260730,00666,瑞浦兰钧,0.004654278501824278
20260730,00699,均胜电子,0.0010955816301447276
20260730,00800,文远知行-W,0.008166939715001062
20260730,00868,信义玻璃,0.014171448550192894
20260730,00881,中升控股,0.004643950807284996
20260730,01057,浙江世宝,0.0006171874951489168
20260730,01114,BRILLIANCE CHI,0.007924310724279127
20260730,01211,比亚迪股份,0.17063522269863934
20260730,01304,FORTIOR,0.0010959503623608907
20260730,01316,耐世特,0.0029294577391625375
20260730,01772,赣锋锂业,0.011755119201540045
20260730,01810,小米集团-W,0.036010994802949274
20260730,02015,理想汽车-W,0.09791540338304403
20260730,02026,小马智行-W,0.010610548862676527
20260730,02050,三花智控,0.004932391982439293
20260730,02238,广汽集团,0.008221291801409493
20260730,02333,长城汽车,0.02625459576221555
20260730,02338,潍柴动力,0.07243567203507945
20260730,02382,舜宇光学科技,0.023567974525411754
20260730,02402,亿华通,0.00036818949342053316
20260730,02431,佑驾创新,4.782345106598098e-05
20260730,02465,龙蟠科技,0.0009107047241880549
20260730,02473,喜相逢集团,0.000413985715419298
20260730,02498,速腾聚创,0.005831236618462453
20260730,02525,禾赛-W,0.011051878226852843
20260730,02533,黑芝麻智能,0.005530248970498456
20260730,02570,重塑能源,8.428164940867143e-05
20260730,02582,国富氢能,6.0337999008480665e-05
20260730,02650,挚达科技,0.0002750965806645915
20260730,02665,图达通,0.0002715050331045629
20260730,02889,博泰车联,0.0006038588630928104
20260730,03606,福耀玻璃,0.02495726493379882
20260730,03677,正力新能,0.0002328280564914548
20260730,03750,宁德时代,0.028700455613028638
20260730,03808,中国重汽,0.040685944656285715
20260730,03881,希迪智驾,0.0004546899210996222
20260730,03931,中创新航,0.006195595127818957
20260730,09660,地平线,0.032625346673928704
20260730,09690,途虎-W,0.0046878953869861455
20260730,09696,天齐锂业,0.005465090316542737
20260730,09863,零跑汽车,0.03320645906914133
20260730,09868,小鹏集团-W,0.09350027406141685
20260730,09927,赛力斯,0.003477511934389303
20260730,09973,奇瑞汽车,0.0053218115125479954
20260731,00175,吉利汽车,0.1565669948977577
20260731,00179,德昌电机控股,0.0060437475855154785
20260731,00425,敏实集团,0.015753513581122567
20260731,00470,先导智能,0.0012723544670971765
20260731,00501,豪威集团,0.0015868505761526565
20260731,00564,中创智领,0.0023779207758355403
20260731,00666,瑞浦兰钧,0.004972892884691347
20260731,00699,均胜电子,0.001143279656435426
20260731,00800,文远知行-W,0.008457976639362501
20260731,00868,信义玻璃,0.014344723654215312
20260731,00881,中升控股,0.004484407635138453
20260731,01057,浙江世宝,0.0005945999442161788
20260731,01114,BRILLIANCE CHI,0.007554071360577004
20260731,01211,比亚迪股份,0.1703650985441792
20260731,01304,FORTIOR,0.001110404219133033
20260731,01316,耐世特,0.0029372343109024773
20260731,01772,赣锋锂业,0.011398947158292545
20260731,01810,小米集团-W,0.033130649050737475
20260731,02015,理想汽车-W,0.0970338729856857
20260731,02026,小马智行-W,0.011051511745130782
20260731,02050,三花智控,0.005141277713147411
20260731,02238,广汽集团,0.008120336797247371
20260731,02333,长城汽车,0.02558679797545297
20260731,02338,潍柴动力,0.07808674777614512
20260731,02382,舜宇光学科技,0.023081862093381134
20260731,02402,亿华通,0.00039022617176808297
20260731,02431,佑驾创新,5.505318495320581e-05
20260731,02465,龙蟠科技,0.0009222526148730048
20260731,02473,喜相逢集团,0.0004247461792706441
20260731,02498,速腾聚创,0.006256950943601371
20260731,02525,禾赛-W,0.011667443201846232
20260731,02533,黑芝麻智能,0.005859459922890798
20260731,02570,重塑能源,8.746558792739601e-05
20260731,02582,国富氢能,8.095117393061296e-05
20260731,02650,挚达科技,0.0002903704238860212
20260731,02665,图达通,0.00028238707339976743
20260731,02889,博泰车联,0.0006155163224901636
20260731,03606,福耀玻璃,0.025577457455384055
20260731,03677,正力新能,0.000234550837286135
20260731,03750,宁德时代,0.02882388693061914
20260731,03808,中国重汽,0.04107018690952266
20260731,03881,希迪智驾,0.0004730135163105343
20260731,03931,中创新航,0.006298368565924056
20260731,09660,地平线,0.03213296974047034
20260731,09690,途虎-W,0.004783799245073941
20260731,09696,天齐锂业,0.005446816502957313
20260731,09863,零跑汽车,0.03308300441503551
20260731,09868,小鹏集团-W,0.09408474348255873
20260731,09927,赛力斯,0.0035048824638770635
20260731,09973,奇瑞汽车,0.005355423106590681
20260803,00175,吉利汽车,0.1546722281796085
20260803,00179,德昌电机控股,0.0063176222644432895
20260803,00425,敏实集团,0.01582290294266609
20260803,00470,先导智能,0.001293475921208529
20260803,00501,豪威集团,0.001604933848975889
20260803,00564,中创智领,0.002414241580662858
20260803,00666,瑞浦兰钧,0.004936004554477445
20260803,00699,均胜电子,0.001132048967328485
20260803,00800,文远知行-W,0.008431801897331517
20260803,00868,信义玻璃,0.014678022230633926
20260803,00881,中升控股,0.004480809195445873
20260803,01057,浙江世宝,0.0005938625449600383
20260803,01114,BRILLIANCE CHI,0.007644167452452753
20260803,01211,比亚迪股份,0.17285263102402446
20260803,01304,FORTIOR,0.0011684098695934186
20260803,01316,耐世特,0.003070299135074735
20260803,01772,赣锋锂业,0.011728588086753255
20260803,01810,小米集团-W,0.03239677521322586
20260803,02015,理想汽车-W,0.09480006712425366
20260803,02026,小马智行-W,0.011086936467501677
20260803,02050,三花智控,0.005327781606769825
20260803,02238,广汽集团,0.008052048569692482
20260803,02333,长城汽车,0.02528399361598488
20260803,02338,潍柴动力,0.07958389066328518
20260803,02382,舜宇光学科技,0.023206754341971392
20260803,02402,亿华通,0.00040561962685981744
20260803,02431,佑驾创新,4.698427344459552e-05
20260803,02465,龙蟠科技,0.000938269019401289
20260803,02473,喜相逢集团,0.00044575504509691887
20260803,02498,速腾聚创,0.006209360454512372
20260803,02525,禾赛-W,0.011614563902758218
20260803,02533,黑芝麻智能,0.005786775625798974
20260803,02570,重塑能源,8.667705121587765e-05
20260803,02582,国富氢能,6.541421283961501e-05
20260803,02650,挚达科技,0.0002927221640505016
20260803,02665,图达通,0.0002897283048998696
20260803,02889,博泰车联,0.000648991402975708
20260803,03606,福耀玻璃,0.024675596367729036
20260803,03677,正力新能,0.0002356134959513495
20260803,03750,宁德时代,0.02905733457891609
20260803,03808,中国重汽,0.041911452746137584
20260803,03881,希迪智驾,0.0004896408352807797
20260803,03931,中创新航,0.006619406486030382
20260803,09660,地平线,0.032346555640376556
20260803,09690,途虎-W,0.0048304951634430765
20260803,09696,天齐锂业,0.005630193573017533
20260803,09863,零跑汽车,0.03363443014769036
20260803,09868,小鹏集团-W,0.09219959462760795
20260803,09927,赛力斯,0.0034177638527343726
20260803,09973,奇瑞汽车,0.005540764102905106
